ticker,date,adj_close,close,high,low,open,volume
AMGN,2010-01-04,38.523414611816406,57.720001220703125,57.869998931884766,56.560001373291016,56.630001068115234,5277400
AMGN,2010-01-05,38.18970489501953,57.220001220703125,57.689998626708984,56.27000045776367,57.33000183105469,7882800
AMGN,2010-01-06,37.9027099609375,56.790000915527344,57.38999938964844,56.5,56.939998626708984,6015100
AMGN,2010-01-07,37.555660247802734,56.27000045776367,56.529998779296875,54.650001525878906,56.40999984741211,10371600
AMGN,2010-01-08,37.889373779296875,56.77000045776367,56.83000183105469,55.63999938964844,56.06999969482422,6576000
AMGN,2010-01-11,38.05621337890625,57.02000045776367,57.36000061035156,56.619998931884766,56.93000030517578,4062700
AMGN,2010-01-12,37.39548110961914,56.029998779296875,57.41999816894531,54.81999969482422,57.13999938964844,11268300
AMGN,2010-01-13,37.729183197021484,56.529998779296875,56.75,55.959999084472656,56.349998474121094,5056200
AMGN,2010-01-14,37.48224639892578,56.15999984741211,56.529998779296875,55.90999984741211,56.349998474121094,4668900
AMGN,2010-01-15,37.54230499267578,56.25,56.5099983215332,55.650001525878906,56.029998779296875,7240000
AMGN,2010-01-19,38.40995407104492,57.54999923706055,57.75,56.2400016784668,56.40999984741211,8570100
AMGN,2010-01-20,38.176361083984375,57.20000076293945,57.619998931884766,56.40999984741211,57.619998931884766,6625700
AMGN,2010-01-21,37.795928955078125,56.630001068115234,57.560001373291016,56.310001373291016,57.43000030517578,5833700
AMGN,2010-01-22,37.77592086791992,56.599998474121094,57.29999923706055,56.529998779296875,56.66999816894531,5967600
AMGN,2010-01-25,37.1818962097168,55.709999084472656,56.790000915527344,55.54999923706055,56.720001220703125,6719400
AMGN,2010-01-26,37.7625617980957,56.58000183105469,56.869998931884766,55.70000076293945,56.20000076293945,14880300
AMGN,2010-01-27,38.53677749633789,57.7400016784668,57.880001068115234,56.349998474121094,56.349998474121094,9695000
AMGN,2010-01-28,38.76369094848633,58.08000183105469,58.779998779296875,57.560001373291016,57.869998931884766,11638200
AMGN,2010-01-29,39.03065490722656,58.47999954223633,58.93000030517578,58.15999984741211,58.349998474121094,9465700
AMGN,2010-02-01,39.19084548950195,58.720001220703125,58.84000015258789,58.369998931884766,58.52000045776367,7079100
AMGN,2010-02-02,39.531227111816406,59.22999954223633,59.29999923706055,58.40999984741211,58.599998474121094,7660900
AMGN,2010-02-03,39.4244270324707,59.06999969482422,59.41999816894531,58.86000061035156,58.900001525878906,7082600
AMGN,2010-02-04,38.396610260009766,57.529998779296875,59.060001373291016,57.33000183105469,58.900001525878906,9534500
AMGN,2010-02-05,38.49671936035156,57.68000030517578,58.029998779296875,56.63999938964844,57.540000915527344,8409900
AMGN,2010-02-08,38.349884033203125,57.459999084472656,57.91999816894531,56.70000076293945,57.540000915527344,5947800
AMGN,2010-02-09,38.18303298950195,57.209999084472656,58.400001525878906,56.70000076293945,58.2400016784668,18732200
AMGN,2010-02-10,37.93608856201172,56.84000015258789,57.290000915527344,56.369998931884766,57.09000015258789,6019100
AMGN,2010-02-11,37.70916748046875,56.5,57.0,56.22999954223633,56.560001373291016,8491100
AMGN,2010-02-12,37.695804595947266,56.47999954223633,56.720001220703125,56.02000045776367,56.220001220703125,8008700
AMGN,2010-02-16,38.03619384765625,56.9900016784668,57.0,56.20000076293945,56.619998931884766,5245900
AMGN,2010-02-17,38.176361083984375,57.20000076293945,57.56999969482422,56.75,56.93000030517578,6831900
AMGN,2010-02-18,38.22308349609375,57.27000045776367,57.439998626708984,57.099998474121094,57.29999923706055,8120500
AMGN,2010-02-19,38.296485900878906,57.380001068115234,57.709999084472656,56.95000076293945,57.04999923706055,7131600
AMGN,2010-02-22,38.109615325927734,57.099998474121094,57.439998626708984,56.79999923706055,57.36000061035156,7176800
AMGN,2010-02-23,37.629085540771484,56.380001068115234,57.220001220703125,56.349998474121094,56.959999084472656,7703000
AMGN,2010-02-24,37.86933517456055,56.7400016784668,56.97999954223633,56.349998474121094,56.65999984741211,4887700
AMGN,2010-02-25,37.54230499267578,56.25,56.47999954223633,55.779998779296875,56.47999954223633,6592200
AMGN,2010-02-26,37.78258514404297,56.61000061035156,57.029998779296875,56.099998474121094,56.25,6351700
AMGN,2010-03-01,37.976139068603516,56.900001525878906,57.09000015258789,56.720001220703125,56.7400016784668,5638400
AMGN,2010-03-02,37.956092834472656,56.869998931884766,57.02000045776367,56.470001220703125,56.90999984741211,7219100
AMGN,2010-03-03,37.976139068603516,56.900001525878906,57.16999816894531,56.66999816894531,56.869998931884766,5655600
AMGN,2010-03-04,37.889373779296875,56.77000045776367,57.08000183105469,56.369998931884766,57.0099983215332,6127000
AMGN,2010-03-05,38.20305252075195,57.2400016784668,57.2599983215332,56.209999084472656,56.75,6529100
AMGN,2010-03-08,38.45000076293945,57.61000061035156,58.099998474121094,57.20000076293945,57.25,4409300
AMGN,2010-03-09,38.55010986328125,57.7599983215332,57.93000030517578,57.2599983215332,57.27000045776367,5095400
AMGN,2010-03-10,38.56346130371094,57.779998779296875,57.9900016784668,57.5,57.97999954223633,4620700
AMGN,2010-03-11,38.36990737915039,57.4900016784668,57.7400016784668,57.08000183105469,57.43000030517578,4346900
AMGN,2010-03-12,38.32985305786133,57.43000030517578,57.75,57.15999984741211,57.720001220703125,3601400
AMGN,2010-03-15,37.969459533691406,56.88999938964844,57.75,56.529998779296875,57.27000045776367,7051800
AMGN,2010-03-16,38.323184967041016,57.41999816894531,57.540000915527344,56.709999084472656,57.290000915527344,6256500
AMGN,2010-03-17,38.32985305786133,57.43000030517578,57.43000030517578,56.900001525878906,57.36000061035156,5348600
AMGN,2010-03-18,38.91719436645508,58.310001373291016,58.439998626708984,57.15999984741211,57.40999984741211,6442600
AMGN,2010-03-19,40.04512405395508,60.0,60.130001068115234,57.650001525878906,58.91999816894531,18901000
AMGN,2010-03-22,40.105201721191406,60.09000015258789,60.38999938964844,59.5,59.61000061035156,8837000
AMGN,2010-03-23,40.08517074584961,60.060001373291016,60.08000183105469,59.61000061035156,59.88999938964844,5024800
AMGN,2010-03-24,39.4244270324707,59.06999969482422,60.0,58.959999084472656,59.790000915527344,9367100
AMGN,2010-03-25,39.55125045776367,59.2599983215332,59.790000915527344,59.0,59.400001525878906,8863000
AMGN,2010-03-26,39.65134811401367,59.40999984741211,59.91999816894531,59.0,59.34000015258789,5627100
AMGN,2010-03-29,39.98506164550781,59.90999984741211,60.150001525878906,59.61000061035156,59.70000076293945,4268700
AMGN,2010-03-30,40.105201721191406,60.09000015258789,60.27000045776367,59.560001373291016,59.810001373291016,4360400
AMGN,2010-03-31,39.9383430480957,59.84000015258789,60.220001220703125,59.689998626708984,60.0,4975100
AMGN,2010-04-01,40.579071044921875,60.79999923706055,60.939998626708984,59.95000076293945,59.95000076293945,5916500
AMGN,2010-04-05,40.32544708251953,60.41999816894531,60.88999938964844,60.27000045776367,60.7400016784668,3679800
AMGN,2010-04-06,40.238685607910156,60.290000915527344,60.4900016784668,59.84000015258789,60.25,3947200
AMGN,2010-04-07,40.27872085571289,60.349998474121094,60.7599983215332,60.08000183105469,60.290000915527344,4573500
AMGN,2010-04-08,40.392189025878906,60.52000045776367,60.83000183105469,59.869998931884766,60.40999984741211,4367700
AMGN,2010-04-09,40.645816802978516,60.900001525878906,60.91999816894531,60.2599983215332,60.2599983215332,3585500
AMGN,2010-04-12,40.292076110839844,60.369998931884766,60.900001525878906,60.16999816894531,60.65999984741211,5588600
AMGN,2010-04-13,40.498985290527344,60.68000030517578,60.900001525878906,59.93000030517578,59.93000030517578,4710500
AMGN,2010-04-14,40.805992126464844,61.13999938964844,61.20000076293945,60.380001068115234,60.41999816894531,5183600
AMGN,2010-04-15,40.47227478027344,60.63999938964844,61.06999969482422,60.45000076293945,60.869998931884766,4636700
AMGN,2010-04-16,40.52566909790039,60.720001220703125,61.060001373291016,60.040000915527344,60.68000030517578,7315800
AMGN,2010-04-19,40.75925827026367,61.06999969482422,61.2599983215332,60.15999984741211,60.59000015258789,4270300
AMGN,2010-04-20,40.16526412963867,60.18000030517578,61.099998474121094,59.900001525878906,61.099998474121094,7220000
AMGN,2010-04-21,39.18415069580078,58.709999084472656,60.0,58.11000061035156,59.849998474121094,13763400
AMGN,2010-04-22,38.81707763671875,58.15999984741211,58.72999954223633,57.029998779296875,57.810001373291016,10389400
AMGN,2010-04-23,39.29762649536133,58.880001068115234,59.0,57.7599983215332,58.09000015258789,7107600
AMGN,2010-04-26,38.997291564941406,58.43000030517578,59.20000076293945,58.40999984741211,58.97999954223633,6157000
AMGN,2010-04-27,38.60350799560547,57.84000015258789,58.91999816894531,57.779998779296875,58.20000076293945,6178400
AMGN,2010-04-28,38.83042907714844,58.18000030517578,58.560001373291016,57.779998779296875,57.91999816894531,6236100
AMGN,2010-04-29,39.10407638549805,58.59000015258789,59.04999923706055,58.06999969482422,58.380001068115234,4342600
AMGN,2010-04-30,38.2497673034668,57.310001373291016,59.029998779296875,57.290000915527344,58.810001373291016,8187900
AMGN,2010-05-03,38.43666458129883,57.59000015258789,57.95000076293945,57.130001068115234,57.45000076293945,5912300
AMGN,2010-05-04,37.929420471191406,56.83000183105469,57.22999954223633,55.90999984741211,57.11000061035156,7686400
AMGN,2010-05-05,37.77592086791992,56.599998474121094,57.349998474121094,56.29999923706055,56.939998626708984,5988200
AMGN,2010-05-06,36.54117965698242,54.75,56.4900016784668,52.79999923706055,56.43000030517578,9744800
AMGN,2010-05-07,36.347633361816406,54.459999084472656,55.279998779296875,53.52000045776367,54.529998779296875,10580700
AMGN,2010-05-10,37.09513473510742,55.58000183105469,56.95000076293945,55.15999984741211,55.29999923706055,8395700
AMGN,2010-05-11,37.328739166259766,55.93000030517578,56.7400016784668,55.0,55.290000915527344,5909600
AMGN,2010-05-12,37.77592086791992,56.599998474121094,56.84000015258789,55.52000045776367,55.91999816894531,5446800
AMGN,2010-05-13,37.29536819458008,55.880001068115234,56.5099983215332,55.779998779296875,56.36000061035156,4741100
AMGN,2010-05-14,36.501129150390625,54.689998626708984,55.880001068115234,54.209999084472656,55.70000076293945,5717100
AMGN,2010-05-17,36.58122634887695,54.810001373291016,55.380001068115234,53.880001068115234,55.380001068115234,5898400
AMGN,2010-05-18,36.4877815246582,54.66999816894531,55.349998474121094,54.560001373291016,54.93000030517578,4389400
AMGN,2010-05-19,36.88156509399414,55.2599983215332,55.7599983215332,54.34000015258789,54.5,5816900
AMGN,2010-05-20,35.333160400390625,52.939998626708984,54.7400016784668,52.84000015258789,54.18000030517578,7296300
AMGN,2010-05-21,34.99945068359375,52.439998626708984,53.4900016784668,51.81999969482422,52.189998626708984,10539300
AMGN,2010-05-24,35.14627456665039,52.65999984741211,53.150001525878906,51.630001068115234,52.0099983215332,7187300
AMGN,2010-05-25,35.07285690307617,52.54999923706055,52.65999984741211,51.16999816894531,51.95000076293945,8788100
AMGN,2010-05-26,33.6112174987793,50.36000061035156,52.439998626708984,50.31999969482422,52.439998626708984,11039900
AMGN,2010-05-27,34.325347900390625,51.43000030517578,51.45000076293945,50.65999984741211,51.029998779296875,7325700
AMGN,2010-05-28,34.5589485168457,51.779998779296875,52.22999954223633,51.459999084472656,51.75,11169800
AMGN,2010-06-01,33.87818145751953,50.7599983215332,52.38999938964844,50.75,51.720001220703125,7269600
AMGN,2010-06-02,37.435508728027344,56.09000015258789,56.31999969482422,53.310001373291016,53.58000183105469,26218700
AMGN,2010-06-03,37.135189056396484,55.63999938964844,56.029998779296875,54.939998626708984,55.88999938964844,10172900
AMGN,2010-06-04,36.26753616333008,54.34000015258789,55.36000061035156,54.150001525878906,54.81999969482422,10356200
AMGN,2010-06-07,35.71357727050781,53.5099983215332,54.209999084472656,53.20000076293945,54.16999816894531,9955400
AMGN,2010-06-08,35.92048263549805,53.81999969482422,53.88999938964844,52.959999084472656,53.52000045776367,7986100
AMGN,2010-06-09,35.47331619262695,53.150001525878906,54.060001373291016,52.939998626708984,53.79999923706055,6267100
AMGN,2010-06-10,36.04729080200195,54.0099983215332,54.290000915527344,53.279998779296875,53.61000061035156,6195300
AMGN,2010-06-11,36.10735321044922,54.099998474121094,54.459999084472656,53.529998779296875,53.630001068115234,4252400
AMGN,2010-06-14,36.08732604980469,54.06999969482422,54.81999969482422,54.029998779296875,54.209999084472656,4265400
AMGN,2010-06-15,36.78812789916992,55.119998931884766,55.15999984741211,54.08000183105469,54.15999984741211,4855600
AMGN,2010-06-16,36.8548698425293,55.220001220703125,55.52000045776367,54.70000076293945,54.880001068115234,4742700
AMGN,2010-06-17,37.00170135498047,55.439998626708984,55.45000076293945,54.5099983215332,55.189998626708984,5723700
AMGN,2010-06-18,36.841514587402344,55.20000076293945,55.81999969482422,54.599998474121094,55.439998626708984,10851900
AMGN,2010-06-21,37.72249984741211,56.52000045776367,58.31999969482422,56.310001373291016,56.86000061035156,10162100
AMGN,2010-06-22,37.45554733276367,56.119998931884766,57.20000076293945,56.040000915527344,56.34000015258789,5819800
AMGN,2010-06-23,37.508949279785156,56.20000076293945,56.63999938964844,55.369998931884766,55.7599983215332,5859200
AMGN,2010-06-24,37.47556686401367,56.150001525878906,56.779998779296875,55.720001220703125,55.90999984741211,9048100
AMGN,2010-06-25,37.54899597167969,56.2599983215332,57.08000183105469,55.5,56.61000061035156,33297400
AMGN,2010-06-28,36.981685638427734,55.40999984741211,56.09000015258789,55.0,56.04999923706055,6204700
AMGN,2010-06-29,36.12070846557617,54.119998931884766,54.959999084472656,53.83000183105469,54.83000183105469,8307300
AMGN,2010-06-30,35.106231689453125,52.599998474121094,54.4900016784668,52.599998474121094,53.869998931884766,8538100
AMGN,2010-07-01,34.7191276550293,52.02000045776367,52.59000015258789,51.0,52.59000015258789,9754700
AMGN,2010-07-02,34.50556182861328,51.70000076293945,52.5,51.40999984741211,52.0099983215332,5238100
AMGN,2010-07-06,34.23859786987305,51.29999923706055,52.2400016784668,50.75,52.040000915527344,6093000
AMGN,2010-07-07,34.30533218383789,51.400001525878906,51.900001525878906,50.560001373291016,51.7599983215332,7568900
AMGN,2010-07-08,34.85928726196289,52.22999954223633,52.2599983215332,51.02000045776367,51.5099983215332,6758600
AMGN,2010-07-09,35.07954025268555,52.560001373291016,52.61000061035156,51.900001525878906,52.349998474121094,4810900
AMGN,2010-07-12,34.99945068359375,52.439998626708984,52.560001373291016,51.900001525878906,52.2400016784668,4254900
AMGN,2010-07-13,35.2130126953125,52.7599983215332,53.290000915527344,52.540000915527344,52.65999984741211,3907400
AMGN,2010-07-14,35.11958694458008,52.619998931884766,53.0,52.279998779296875,52.29999923706055,4083000
AMGN,2010-07-15,35.31980514526367,52.91999816894531,53.220001220703125,52.290000915527344,52.540000915527344,4685300
AMGN,2010-07-16,34.81923294067383,52.16999816894531,53.130001068115234,51.93000030517578,52.90999984741211,8027500
AMGN,2010-07-19,35.773651123046875,53.599998474121094,53.61000061035156,52.310001373291016,52.459999084472656,7830300
AMGN,2010-07-20,35.506690979003906,53.20000076293945,53.20000076293945,52.08000183105469,52.959999084472656,5630400
AMGN,2010-07-21,34.87263488769531,52.25,53.310001373291016,52.09000015258789,53.099998474121094,6019900
AMGN,2010-07-22,35.580101013183594,53.310001373291016,53.83000183105469,52.619998931884766,52.619998931884766,5049300
AMGN,2010-07-23,35.20634460449219,52.75,53.18000030517578,51.61000061035156,53.02000045776367,8760900
AMGN,2010-07-26,35.820377349853516,53.66999816894531,53.88999938964844,52.58000183105469,52.58000183105469,4091300
AMGN,2010-07-27,36.381004333496094,54.5099983215332,55.060001373291016,53.779998779296875,53.91999816894531,7667700
AMGN,2010-07-28,35.88043212890625,53.7599983215332,54.68000030517578,52.7599983215332,54.599998474121094,4945400
AMGN,2010-07-29,35.62013244628906,53.369998931884766,54.400001525878906,52.83000183105469,54.13999938964844,5908400
AMGN,2010-07-30,36.394351959228516,54.529998779296875,55.040000915527344,52.43000030517578,53.209999084472656,7205400
AMGN,2010-08-02,36.621280670166016,54.869998931884766,55.34000015258789,54.68000030517578,55.25,5526600
AMGN,2010-08-03,36.514488220214844,54.709999084472656,55.279998779296875,54.4900016784668,54.52000045776367,3964700
AMGN,2010-08-04,37.215274810791016,55.7599983215332,55.959999084472656,54.68000030517578,55.0099983215332,4815700
AMGN,2010-08-05,36.92161178588867,55.31999969482422,55.61000061035156,55.16999816894531,55.380001068115234,3067400
AMGN,2010-08-06,37.33540725708008,55.939998626708984,56.0,54.52000045776367,54.709999084472656,3474200
AMGN,2010-08-09,37.148536682128906,55.65999984741211,56.0,55.41999816894531,55.970001220703125,3318100
AMGN,2010-08-10,37.18857955932617,55.720001220703125,56.130001068115234,54.83000183105469,55.369998931884766,4151200
AMGN,2010-08-11,35.833717346191406,53.689998626708984,54.900001525878906,53.5,54.75,5466100
AMGN,2010-08-12,36.54117965698242,54.75,54.97999954223633,53.040000915527344,53.630001068115234,6232300
AMGN,2010-08-13,36.72140121459961,55.02000045776367,55.36000061035156,54.18000030517578,54.38999938964844,5511900
AMGN,2010-08-16,36.09401321411133,54.08000183105469,54.599998474121094,53.56999969482422,54.380001068115234,5639300
AMGN,2010-08-17,36.0139274597168,53.959999084472656,54.380001068115234,53.689998626708984,53.88999938964844,4999100
AMGN,2010-08-18,36.13405990600586,54.13999938964844,54.29999923706055,53.150001525878906,53.689998626708984,5547500
AMGN,2010-08-19,35.18631362915039,52.720001220703125,53.9900016784668,52.290000915527344,53.90999984741211,4895600
AMGN,2010-08-20,34.932708740234375,52.34000015258789,52.66999816894531,52.06999969482422,52.54999923706055,4386200
AMGN,2010-08-23,34.67241287231445,51.95000076293945,52.970001220703125,51.93000030517578,52.470001220703125,3466100
AMGN,2010-08-24,34.078407287597656,51.060001373291016,51.70000076293945,50.90999984741211,51.70000076293945,5937600
AMGN,2010-08-25,34.5989875793457,51.84000015258789,52.02000045776367,50.709999084472656,50.880001068115234,5125900
AMGN,2010-08-26,33.991641998291016,50.93000030517578,52.06999969482422,50.72999954223633,51.959999084472656,5266500
AMGN,2010-08-27,34.759178161621094,52.08000183105469,52.40999984741211,50.2599983215332,51.0,7091200
AMGN,2010-08-30,34.45882797241211,51.630001068115234,52.58000183105469,51.630001068115234,51.720001220703125,4689400
AMGN,2010-08-31,34.065059661865234,51.040000915527344,51.65999984741211,50.849998474121094,51.38999938964844,6636000
AMGN,2010-09-01,35.099552154541016,52.59000015258789,52.75,51.279998779296875,51.61000061035156,4772000
AMGN,2010-09-02,35.04616165161133,52.5099983215332,52.65999984741211,52.18000030517578,52.59000015258789,3272800
AMGN,2010-09-03,35.31312942504883,52.90999984741211,53.06999969482422,52.56999969482422,52.56999969482422,5355300
AMGN,2010-09-07,35.04616165161133,52.5099983215332,52.869998931884766,52.310001373291016,52.650001525878906,2760100
AMGN,2010-09-08,35.333160400390625,52.939998626708984,53.13999938964844,52.2599983215332,52.470001220703125,4900300
AMGN,2010-09-09,35.90045928955078,53.790000915527344,53.900001525878906,53.18000030517578,53.33000183105469,5580900
AMGN,2010-09-10,36.27420425415039,54.349998474121094,54.619998931884766,53.70000076293945,53.86000061035156,4862800
AMGN,2010-09-13,36.307594299316406,54.400001525878906,54.75,54.099998474121094,54.7400016784668,6323600
AMGN,2010-09-14,36.38768005371094,54.52000045776367,54.970001220703125,54.119998931884766,54.20000076293945,6371300
AMGN,2010-09-15,36.90827178955078,55.29999923706055,55.40999984741211,54.06999969482422,54.220001220703125,5081600
AMGN,2010-09-16,36.774784088134766,55.099998474121094,55.220001220703125,54.77000045776367,55.20000076293945,4061600
AMGN,2010-09-17,36.8548698425293,55.220001220703125,55.43000030517578,55.0,55.189998626708984,6500700
AMGN,2010-09-20,37.33540725708008,55.939998626708984,56.08000183105469,54.970001220703125,55.189998626708984,6304000
AMGN,2010-09-21,37.2086067199707,55.75,56.0,55.34000015258789,55.880001068115234,5147500
AMGN,2010-09-22,37.555660247802734,56.27000045776367,56.84000015258789,55.5099983215332,55.5099983215332,5071000
AMGN,2010-09-23,37.18857955932617,55.720001220703125,56.439998626708984,55.65999984741211,55.88999938964844,4592400
AMGN,2010-09-24,37.58902359008789,56.31999969482422,56.369998931884766,55.29999923706055,55.779998779296875,5286500
AMGN,2010-09-27,37.16856384277344,55.689998626708984,56.43000030517578,55.63999938964844,55.939998626708984,4416800
AMGN,2010-09-28,37.37545394897461,56.0,56.5,55.18000030517578,55.900001525878906,4609400
AMGN,2010-09-29,36.6679801940918,54.939998626708984,55.9900016784668,54.06999969482422,55.970001220703125,8491000
AMGN,2010-09-30,36.781455993652344,55.11000061035156,55.56999969482422,54.650001525878906,55.02000045776367,6269000
AMGN,2010-10-01,37.04843521118164,55.5099983215332,55.72999954223633,54.86000061035156,55.56999969482422,4586600
AMGN,2010-10-04,36.741397857666016,55.04999923706055,55.61000061035156,54.68000030517578,55.31999969482422,4844300
AMGN,2010-10-05,37.45554733276367,56.119998931884766,56.25,55.20000076293945,55.2400016784668,5601900
AMGN,2010-10-06,37.261993408203125,55.83000183105469,56.11000061035156,55.31999969482422,55.880001068115234,4666300
AMGN,2010-10-07,37.34876251220703,55.959999084472656,56.27000045776367,54.15999984741211,55.970001220703125,5906400
AMGN,2010-10-08,37.6357536315918,56.38999938964844,56.65999984741211,55.88999938964844,56.099998474121094,4481900
AMGN,2010-10-11,37.442195892333984,56.099998474121094,56.349998474121094,55.86000061035156,56.279998779296875,4345600
AMGN,2010-10-12,37.33540725708008,55.939998626708984,56.119998931884766,55.47999954223633,55.77000045776367,6272500
AMGN,2010-10-13,37.03507995605469,55.4900016784668,56.099998474121094,55.439998626708984,55.88999938964844,8059000
AMGN,2010-10-14,36.614593505859375,54.86000061035156,55.5,54.599998474121094,55.11000061035156,9063400
AMGN,2010-10-15,37.84931182861328,56.709999084472656,56.810001373291016,55.02000045776367,55.2599983215332,11232400
AMGN,2010-10-18,38.683597564697266,57.959999084472656,57.959999084472656,56.209999084472656,56.369998931884766,10188400
AMGN,2010-10-19,38.26312255859375,57.33000183105469,58.7400016784668,56.849998474121094,57.66999816894531,8711800
AMGN,2010-10-20,38.53010177612305,57.72999954223633,58.36000061035156,57.16999816894531,57.83000183105469,6176700
AMGN,2010-10-21,38.45668029785156,57.619998931884766,57.9900016784668,56.95000076293945,57.810001373291016,4702900
AMGN,2010-10-22,38.40995407104492,57.54999923706055,57.790000915527344,57.25,57.59000015258789,3728000
AMGN,2010-10-25,38.676918029785156,57.95000076293945,58.41999816894531,57.720001220703125,57.97999954223633,5179400
AMGN,2010-10-26,38.21641159057617,57.2599983215332,57.5,56.599998474121094,57.11000061035156,7050800
AMGN,2010-10-27,38.06289291381836,57.029998779296875,57.18000030517578,56.459999084472656,56.75,5668700
AMGN,2010-10-28,38.22308349609375,57.27000045776367,57.630001068115234,56.90999984741211,57.36000061035156,4181300
AMGN,2010-10-29,38.1696662902832,57.189998626708984,57.459999084472656,56.79999923706055,56.95000076293945,3384000
AMGN,2010-11-01,38.32985305786133,57.43000030517578,57.95000076293945,56.90999984741211,57.02000045776367,4081600
AMGN,2010-11-02,38.2697868347168,57.34000015258789,57.849998474121094,57.209999084472656,57.61000061035156,4076500
AMGN,2010-11-03,38.24309539794922,57.29999923706055,57.720001220703125,57.06999969482422,57.2599983215332,4425800
AMGN,2010-11-04,37.38212966918945,56.0099983215332,57.400001525878906,55.650001525878906,56.9900016784668,9590100
AMGN,2010-11-05,36.98834991455078,55.41999816894531,56.09000015258789,54.880001068115234,56.02000045776367,6902400
AMGN,2010-11-08,36.90159606933594,55.290000915527344,55.43000030517578,54.9900016784668,55.130001068115234,4527900
AMGN,2010-11-09,36.661319732666016,54.93000030517578,55.439998626708984,54.75,55.18000030517578,7671600
AMGN,2010-11-10,36.507808685302734,54.70000076293945,54.939998626708984,53.970001220703125,54.7599983215332,6174200
AMGN,2010-11-11,36.45441818237305,54.619998931884766,54.81999969482422,54.09000015258789,54.279998779296875,5385900
AMGN,2010-11-12,36.354305267333984,54.470001220703125,54.70000076293945,54.22999954223633,54.279998779296875,5015300
AMGN,2010-11-15,36.381004333496094,54.5099983215332,54.83000183105469,54.22999954223633,54.31999969482422,3929700
AMGN,2010-11-16,36.06064224243164,54.029998779296875,54.56999969482422,53.7599983215332,54.08000183105469,6811400
AMGN,2010-11-17,35.95384979248047,53.869998931884766,54.060001373291016,53.439998626708984,53.75,5871700
AMGN,2010-11-18,36.80147171020508,55.13999938964844,55.43000030517578,53.90999984741211,54.0,8362700
AMGN,2010-11-19,36.70802688598633,55.0,55.58000183105469,54.720001220703125,55.529998779296875,9153900
AMGN,2010-11-22,36.53450012207031,54.7400016784668,55.08000183105469,54.060001373291016,54.9900016784668,5289800
AMGN,2010-11-23,35.773651123046875,53.599998474121094,54.33000183105469,53.5099983215332,54.279998779296875,7065900
AMGN,2010-11-24,35.92716598510742,53.83000183105469,54.25,53.720001220703125,53.75,4303700
AMGN,2010-11-26,35.74695587158203,53.560001373291016,53.900001525878906,53.369998931884766,53.529998779296875,1755400
AMGN,2010-11-29,35.586761474609375,53.31999969482422,53.58000183105469,52.189998626708984,53.08000183105469,6368500
AMGN,2010-11-30,35.16630172729492,52.689998626708984,53.029998779296875,52.41999816894531,52.61000061035156,6027300
AMGN,2010-12-01,35.72025680541992,53.52000045776367,53.77000045776367,53.0,53.31999969482422,5721000
AMGN,2010-12-02,35.93383026123047,53.84000015258789,53.91999816894531,53.189998626708984,53.349998474121094,3971400
AMGN,2010-12-03,35.86041259765625,53.72999954223633,54.25,53.459999084472656,54.0,7120600
AMGN,2010-12-06,35.640174865722656,53.400001525878906,53.63999938964844,53.150001525878906,53.400001525878906,4075000
AMGN,2010-12-07,35.45997619628906,53.130001068115234,53.720001220703125,52.97999954223633,53.619998931884766,5837200
AMGN,2010-12-08,35.56008529663086,53.279998779296875,53.54999923706055,53.0,53.040000915527344,4666400
AMGN,2010-12-09,35.640174865722656,53.400001525878906,53.58000183105469,53.099998474121094,53.310001373291016,4701300
AMGN,2010-12-10,35.96719741821289,53.88999938964844,54.0,53.290000915527344,53.31999969482422,6567800
AMGN,2010-12-13,36.1140251159668,54.11000061035156,54.34000015258789,53.849998474121094,53.939998626708984,5523100
AMGN,2010-12-14,37.882686614990234,56.7599983215332,57.220001220703125,55.2400016784668,56.45000076293945,23617700
AMGN,2010-12-15,37.15519332885742,55.66999816894531,56.95000076293945,55.349998474121094,56.529998779296875,14247900
AMGN,2010-12-16,37.795928955078125,56.630001068115234,56.79999923706055,55.63999938964844,55.70000076293945,12950800
AMGN,2010-12-17,38.323184967041016,57.41999816894531,57.900001525878906,56.58000183105469,57.0,21618900
AMGN,2010-12-20,38.4766960144043,57.650001525878906,57.97999954223633,57.439998626708984,57.560001373291016,6980600
AMGN,2010-12-21,38.30316162109375,57.38999938964844,57.70000076293945,57.16999816894531,57.56999969482422,5598000
AMGN,2010-12-22,38.00951385498047,56.95000076293945,57.369998931884766,56.630001068115234,57.20000076293945,4411800
AMGN,2010-12-23,37.84931182861328,56.709999084472656,57.06999969482422,56.459999084472656,56.70000076293945,4074800
AMGN,2010-12-27,37.66912078857422,56.439998626708984,56.66999816894531,56.0099983215332,56.529998779296875,2758400
AMGN,2010-12-28,37.34876251220703,55.959999084472656,56.560001373291016,55.939998626708984,56.380001068115234,4025200
AMGN,2010-12-29,37.28870391845703,55.869998931884766,56.369998931884766,55.869998931884766,56.150001525878906,3601700
AMGN,2010-12-30,37.061763763427734,55.529998779296875,56.16999816894531,55.459999084472656,55.689998626708984,3414000
AMGN,2010-12-31,36.641300201416016,54.900001525878906,55.61000061035156,54.77000045776367,55.470001220703125,3997500
AMGN,2011-01-03,37.075111389160156,55.54999923706055,56.279998779296875,55.18000030517578,55.20000076293945,5453300
AMGN,2011-01-04,37.87601089477539,56.75,57.2400016784668,55.689998626708984,55.77000045776367,8429500
AMGN,2011-01-05,37.8626823425293,56.72999954223633,57.15999984741211,56.400001525878906,56.459999084472656,4552000
AMGN,2011-01-06,37.742530822753906,56.54999923706055,57.18000030517578,56.06999969482422,56.68000030517578,3561400
AMGN,2011-01-07,38.0295295715332,56.97999954223633,57.189998626708984,56.459999084472656,56.5,4680800
AMGN,2011-01-10,37.66912078857422,56.439998626708984,56.95000076293945,56.209999084472656,56.470001220703125,4758900
AMGN,2011-01-11,37.50226974487305,56.189998626708984,56.880001068115234,56.09000015258789,56.54999923706055,5863900
AMGN,2011-01-12,37.94276428222656,56.849998474121094,56.91999816894531,56.04999923706055,56.29999923706055,4566400
AMGN,2011-01-13,37.58902359008789,56.31999969482422,57.0,56.22999954223633,56.720001220703125,4660300
AMGN,2011-01-14,37.70916748046875,56.5,57.279998779296875,56.04999923706055,56.04999923706055,5893700
AMGN,2011-01-18,38.236419677734375,57.290000915527344,57.34000015258789,56.349998474121094,56.400001525878906,10611900
AMGN,2011-01-19,38.0295295715332,56.97999954223633,57.43000030517578,56.599998474121094,57.209999084472656,5771500
AMGN,2011-01-20,38.2497673034668,57.310001373291016,57.650001525878906,56.68000030517578,56.779998779296875,6313600
AMGN,2011-01-21,38.02284240722656,56.970001220703125,57.40999984741211,56.7400016784668,57.40999984741211,6032900
AMGN,2011-01-24,38.236419677734375,57.290000915527344,57.869998931884766,56.810001373291016,57.060001373291016,5647800
AMGN,2011-01-25,38.149658203125,57.15999984741211,58.189998626708984,56.7400016784668,56.90999984741211,8944000
AMGN,2011-01-26,37.695804595947266,56.47999954223633,57.470001220703125,56.31999969482422,57.27000045776367,6833600
AMGN,2011-01-27,37.695804595947266,56.47999954223633,56.869998931884766,56.060001373291016,56.459999084472656,4686000
AMGN,2011-01-28,36.90159606933594,55.290000915527344,56.61000061035156,55.11000061035156,56.61000061035156,6928300
AMGN,2011-01-31,36.761436462402344,55.08000183105469,55.459999084472656,54.849998474121094,55.220001220703125,6021300
AMGN,2011-02-01,37.1818962097168,55.709999084472656,55.880001068115234,55.11000061035156,55.22999954223633,5615800
AMGN,2011-02-02,37.128509521484375,55.630001068115234,55.650001525878906,54.790000915527344,55.13999938964844,5353400
AMGN,2011-02-03,37.00838088989258,55.45000076293945,55.63999938964844,55.0,55.27000045776367,4227000
AMGN,2011-02-04,36.841514587402344,55.20000076293945,55.619998931884766,54.7400016784668,55.619998931884766,4569900
AMGN,2011-02-07,36.62794494628906,54.880001068115234,55.33000183105469,54.7599983215332,55.22999954223633,3861900
AMGN,2011-02-08,36.6679801940918,54.939998626708984,55.15999984741211,54.630001068115234,54.7599983215332,3399300
AMGN,2011-02-09,36.32762145996094,54.43000030517578,55.0,54.310001373291016,54.72999954223633,4502700
AMGN,2011-02-10,36.2208137512207,54.27000045776367,54.79999923706055,54.0,54.33000183105469,4522300
AMGN,2011-02-11,35.867095947265625,53.7400016784668,54.11000061035156,53.54999923706055,54.11000061035156,6896900
AMGN,2011-02-14,35.94718933105469,53.86000061035156,54.08000183105469,53.34000015258789,53.61000061035156,5412600
AMGN,2011-02-15,35.93383026123047,53.84000015258789,53.939998626708984,53.310001373291016,53.630001068115234,5143000
AMGN,2011-02-16,35.33981704711914,52.95000076293945,53.43000030517578,52.36000061035156,53.34000015258789,11461500
AMGN,2011-02-17,34.97941970825195,52.40999984741211,53.189998626708984,52.369998931884766,52.689998626708984,8918600
AMGN,2011-02-18,34.865970611572266,52.2400016784668,52.72999954223633,52.02000045776367,52.2599983215332,9877900
AMGN,2011-02-22,34.62568664550781,51.880001068115234,52.540000915527344,51.619998931884766,51.970001220703125,6473900
AMGN,2011-02-23,34.085079193115234,51.06999969482422,52.18000030517578,51.06999969482422,51.88999938964844,8135500
AMGN,2011-02-24,34.005008697509766,50.95000076293945,51.2400016784668,50.61000061035156,51.06999969482422,8606600
AMGN,2011-02-25,34.87930679321289,52.2599983215332,52.369998931884766,51.04999923706055,51.18000030517578,7791100
AMGN,2011-02-28,34.25861358642578,51.33000183105469,52.66999816894531,51.310001373291016,52.380001068115234,8054800
AMGN,2011-03-01,34.645713806152344,51.90999984741211,52.4900016784668,51.7400016784668,52.16999816894531,6668500
AMGN,2011-03-02,34.298648834228516,51.38999938964844,51.90999984741211,51.34000015258789,51.7400016784668,5437400
AMGN,2011-03-03,34.95271301269531,52.369998931884766,52.540000915527344,51.459999084472656,51.63999938964844,6527500
AMGN,2011-03-04,34.91937255859375,52.31999969482422,52.529998779296875,51.959999084472656,52.11000061035156,5795700
AMGN,2011-03-07,34.532264709472656,51.7400016784668,52.56999969482422,51.68000030517578,52.529998779296875,6334200
AMGN,2011-03-08,35.05283737182617,52.52000045776367,52.66999816894531,51.400001525878906,51.790000915527344,4298400
AMGN,2011-03-09,35.02614212036133,52.47999954223633,52.79999923706055,52.08000183105469,52.75,4049200
AMGN,2011-03-10,34.5989875793457,51.84000015258789,52.209999084472656,51.41999816894531,51.86000061035156,5675400
AMGN,2011-03-11,35.7269287109375,53.529998779296875,53.869998931884766,51.779998779296875,51.86000061035156,11642100
AMGN,2011-03-14,35.72025680541992,53.52000045776367,53.880001068115234,53.09000015258789,53.18000030517578,7015900
AMGN,2011-03-15,35.37320327758789,53.0,53.38999938964844,52.18000030517578,52.5099983215332,6001400
AMGN,2011-03-16,35.16630172729492,52.689998626708984,53.54999923706055,52.43000030517578,52.54999923706055,10020100
AMGN,2011-03-17,35.74695587158203,53.560001373291016,54.70000076293945,53.31999969482422,54.0,10655000
AMGN,2011-03-18,35.333160400390625,52.939998626708984,53.91999816894531,52.75,53.72999954223633,12834000
AMGN,2011-03-21,35.43327331542969,53.09000015258789,53.939998626708984,53.04999923706055,53.75,4286100
AMGN,2011-03-22,35.226356506347656,52.779998779296875,53.279998779296875,52.65999984741211,53.029998779296875,5560800
AMGN,2011-03-23,35.16630172729492,52.689998626708984,52.93000030517578,52.22999954223633,52.709999084472656,4528300
AMGN,2011-03-24,35.55339431762695,53.27000045776367,53.5,52.43000030517578,52.88999938964844,5093600
AMGN,2011-03-25,35.47331619262695,53.150001525878906,53.790000915527344,53.0,53.40999984741211,5589900
AMGN,2011-03-28,35.13961410522461,52.650001525878906,53.22999954223633,52.61000061035156,53.09000015258789,3808800
AMGN,2011-03-29,35.660186767578125,53.43000030517578,53.45000076293945,52.65999984741211,52.70000076293945,3570800
AMGN,2011-03-30,35.9738883972168,53.900001525878906,54.36000061035156,53.43000030517578,53.65999984741211,4562400
AMGN,2011-03-31,35.67353057861328,53.45000076293945,54.04999923706055,53.45000076293945,53.72999954223633,4501100
AMGN,2011-04-01,35.42658996582031,53.08000183105469,53.97999954223633,52.7599983215332,53.939998626708984,7942400
AMGN,2011-04-04,36.06064224243164,54.029998779296875,54.29999923706055,53.209999084472656,53.310001373291016,5510000
AMGN,2011-04-05,36.08732604980469,54.06999969482422,54.369998931884766,53.90999984741211,53.95000076293945,4638500
AMGN,2011-04-06,36.06064224243164,54.029998779296875,54.560001373291016,53.9900016784668,54.2599983215332,4576400
AMGN,2011-04-07,36.020591735839844,53.970001220703125,54.38999938964844,53.5,53.900001525878906,4408600
AMGN,2011-04-08,35.9738883972168,53.900001525878906,54.31999969482422,53.58000183105469,53.970001220703125,4423100
AMGN,2011-04-11,36.24751663208008,54.310001373291016,54.45000076293945,53.47999954223633,53.90999984741211,6327000
AMGN,2011-04-12,36.45441818237305,54.619998931884766,54.75,54.0099983215332,54.04999923706055,6678800
AMGN,2011-04-13,36.6679801940918,54.939998626708984,55.29999923706055,54.650001525878906,54.689998626708984,7572900
AMGN,2011-04-14,36.594573974609375,54.83000183105469,55.0099983215332,54.279998779296875,54.75,7189000
AMGN,2011-04-15,37.04843521118164,55.5099983215332,55.9900016784668,54.939998626708984,55.029998779296875,8002700
AMGN,2011-04-18,36.8548698425293,55.220001220703125,55.560001373291016,54.790000915527344,54.95000076293945,6936300
AMGN,2011-04-19,36.82817840576172,55.18000030517578,55.29999923706055,54.650001525878906,55.06999969482422,5952800
AMGN,2011-04-20,37.4955940246582,56.18000030517578,56.439998626708984,55.619998931884766,56.0,7334700
AMGN,2011-04-21,35.833717346191406,53.689998626708984,55.38999938964844,53.220001220703125,55.2599983215332,17489600
AMGN,2011-04-25,36.501129150390625,54.689998626708984,54.7599983215332,53.15999984741211,53.5099983215332,10650800
AMGN,2011-04-26,37.52227783203125,56.220001220703125,56.310001373291016,54.97999954223633,55.0099983215332,12800000
AMGN,2011-04-27,37.92274856567383,56.81999969482422,56.959999084472656,56.09000015258789,56.29999923706055,8362400
AMGN,2011-04-28,38.136314392089844,57.13999938964844,57.290000915527344,56.66999816894531,56.900001525878906,6301100
AMGN,2011-04-29,37.94276428222656,56.849998474121094,57.0,55.869998931884766,56.90999984741211,19900000
AMGN,2011-05-02,38.296485900878906,57.380001068115234,57.45000076293945,56.66999816894531,56.97999954223633,8552200
AMGN,2011-05-03,38.3765869140625,57.5,57.79999923706055,57.06999969482422,57.119998931884766,6500000
AMGN,2011-05-04,38.49671936035156,57.68000030517578,57.900001525878906,57.2599983215332,57.2599983215332,7241600
AMGN,2011-05-05,38.323184967041016,57.41999816894531,57.849998474121094,57.279998779296875,57.56999969482422,7204300
AMGN,2011-05-06,38.46335983276367,57.630001068115234,58.06999969482422,57.34000015258789,57.79999923706055,4535300
AMGN,2011-05-09,38.50341033935547,57.689998626708984,57.939998626708984,57.31999969482422,57.380001068115234,3624900
AMGN,2011-05-10,38.910518646240234,58.29999923706055,58.40999984741211,57.61000061035156,57.95000076293945,4717100
AMGN,2011-05-11,39.284271240234375,58.86000061035156,59.20000076293945,58.04999923706055,58.5,7200000
AMGN,2011-05-12,39.81820297241211,59.65999984741211,59.75,58.34000015258789,58.689998626708984,5500000
AMGN,2011-05-13,40.358821868896484,60.470001220703125,61.08000183105469,59.75,59.86000061035156,9402700
AMGN,2011-05-16,39.95167922973633,59.86000061035156,60.2400016784668,59.40999984741211,59.97999954223633,10068100
AMGN,2011-05-17,40.63912582397461,60.88999938964844,61.18000030517578,58.83000183105469,59.88999938964844,11820900
AMGN,2011-05-18,40.82601547241211,61.16999816894531,61.369998931884766,60.459999084472656,60.66999816894531,5182800
AMGN,2011-05-19,40.739253997802734,61.040000915527344,61.529998779296875,60.689998626708984,61.439998626708984,3362000
AMGN,2011-05-20,40.619117736816406,60.86000061035156,61.22999954223633,60.34000015258789,60.959999084472656,5276700
AMGN,2011-05-23,40.352142333984375,60.459999084472656,60.61000061035156,59.900001525878906,60.04999923706055,4200000
AMGN,2011-05-24,39.991729736328125,59.91999816894531,60.529998779296875,59.75,60.529998779296875,4162600
AMGN,2011-05-25,39.9383430480957,59.84000015258789,60.02000045776367,59.529998779296875,59.9900016784668,3929100
AMGN,2011-05-26,39.88494873046875,59.7599983215332,59.880001068115234,59.189998626708984,59.52000045776367,3771200
AMGN,2011-05-27,39.611297607421875,59.349998474121094,59.900001525878906,59.119998931884766,59.470001220703125,3657500
AMGN,2011-05-31,40.40553665161133,60.540000915527344,60.7400016784668,59.63999938964844,59.68000030517578,7626000
AMGN,2011-06-01,39.844913482666016,59.70000076293945,60.790000915527344,59.65999984741211,60.54999923706055,4968500
AMGN,2011-06-02,39.5445671081543,59.25,59.86000061035156,59.08000183105469,59.56999969482422,4053500
AMGN,2011-06-03,39.17080307006836,58.689998626708984,59.11000061035156,58.58000183105469,58.880001068115234,4636200
AMGN,2011-06-06,39.11074447631836,58.599998474121094,59.099998474121094,58.31999969482422,58.470001220703125,4144500
AMGN,2011-06-07,39.26425552368164,58.83000183105469,59.540000915527344,58.540000915527344,58.70000076293945,3828700
AMGN,2011-06-08,39.34434127807617,58.95000076293945,59.11000061035156,58.45000076293945,58.869998931884766,3716000
AMGN,2011-06-09,39.29762649536133,58.880001068115234,59.61000061035156,58.560001373291016,59.0,5362300
AMGN,2011-06-10,38.70362091064453,57.9900016784668,58.88999938964844,57.970001220703125,58.599998474121094,4780200
AMGN,2011-06-13,38.970603942871094,58.38999938964844,58.790000915527344,57.869998931884766,58.02000045776367,5298000
AMGN,2011-06-14,39.06403350830078,58.529998779296875,58.790000915527344,58.310001373291016,58.63999938964844,5146700
AMGN,2011-06-15,38.63687515258789,57.88999938964844,58.68000030517578,57.86000061035156,58.040000915527344,5104300
AMGN,2011-06-16,38.937225341796875,58.34000015258789,58.439998626708984,57.7400016784668,58.08000183105469,5550600
AMGN,2011-06-17,38.71697235107422,58.0099983215332,58.900001525878906,57.779998779296875,58.81999969482422,6610500
AMGN,2011-06-20,39.01063537597656,58.45000076293945,58.68000030517578,57.900001525878906,57.9900016784668,3851100
AMGN,2011-06-21,38.82375717163086,58.16999816894531,58.59000015258789,57.880001068115234,58.58000183105469,4347900
AMGN,2011-06-22,38.81041717529297,58.150001525878906,58.5,57.93000030517578,58.040000915527344,4015000
AMGN,2011-06-23,38.66358184814453,57.93000030517578,57.9900016784668,56.959999084472656,57.54999923706055,4588000
AMGN,2011-06-24,38.069580078125,57.040000915527344,57.97999954223633,56.72999954223633,57.84000015258789,11908500
AMGN,2011-06-27,38.63019561767578,57.880001068115234,57.9900016784668,56.81999969482422,56.81999969482422,5289300
AMGN,2011-06-28,39.14412307739258,58.650001525878906,58.869998931884766,57.61000061035156,57.88999938964844,4073200
AMGN,2011-06-29,38.56346130371094,57.779998779296875,58.75,57.68000030517578,58.66999816894531,7531500
AMGN,2011-06-30,38.943904876708984,58.349998474121094,58.400001525878906,57.9900016784668,58.099998474121094,5069900
AMGN,2011-07-01,38.897178649902344,58.279998779296875,58.439998626708984,57.88999938964844,58.439998626708984,5358000
AMGN,2011-07-05,38.656917572021484,57.91999816894531,58.25,57.68000030517578,58.18000030517578,4639500
AMGN,2011-07-06,38.51007080078125,57.70000076293945,58.13999938964844,57.529998779296875,57.9900016784668,5102900
AMGN,2011-07-07,38.650230407714844,57.90999984741211,58.29999923706055,57.540000915527344,58.08000183105469,6116000
AMGN,2011-07-08,38.470027923583984,57.63999938964844,58.29999923706055,57.36000061035156,57.7599983215332,4037900
AMGN,2011-07-11,37.976139068603516,56.900001525878906,57.5,56.65999984741211,57.209999084472656,4186300
AMGN,2011-07-12,37.976139068603516,56.900001525878906,57.290000915527344,56.84000015258789,57.150001525878906,3964400
AMGN,2011-07-13,37.78258514404297,56.61000061035156,57.22999954223633,56.349998474121094,56.97999954223633,4514200
AMGN,2011-07-14,37.16188430786133,55.68000030517578,56.599998474121094,55.4900016784668,56.560001373291016,7201300
AMGN,2011-07-15,36.741397857666016,55.04999923706055,55.41999816894531,54.7400016784668,55.369998931884766,9209200
AMGN,2011-07-18,36.48112106323242,54.65999984741211,55.2599983215332,54.310001373291016,55.119998931884766,6241800
AMGN,2011-07-19,36.88823318481445,55.27000045776367,55.5099983215332,54.869998931884766,55.0099983215332,4977000
AMGN,2011-07-20,36.70137023925781,54.9900016784668,55.41999816894531,54.93000030517578,55.279998779296875,4151300
AMGN,2011-07-21,37.03507995605469,55.4900016784668,55.91999816894531,55.02000045776367,55.33000183105469,5539600
AMGN,2011-07-22,36.8548698425293,55.220001220703125,55.459999084472656,55.0099983215332,55.349998474121094,3098400
AMGN,2011-07-25,36.641300201416016,54.900001525878906,55.36000061035156,54.709999084472656,55.220001220703125,3174100
AMGN,2011-07-26,36.507808685302734,54.70000076293945,55.06999969482422,54.41999816894531,54.77000045776367,4428200
AMGN,2011-07-27,35.907135009765625,53.79999923706055,54.95000076293945,53.61000061035156,54.5,6502800
AMGN,2011-07-28,35.660186767578125,53.43000030517578,54.650001525878906,53.33000183105469,53.63999938964844,6586100
AMGN,2011-07-29,36.507808685302734,54.70000076293945,55.20000076293945,53.04999923706055,54.72999954223633,10640200
AMGN,2011-08-01,35.88711929321289,53.77000045776367,55.279998779296875,53.04999923706055,55.02000045776367,8875500
AMGN,2011-08-02,35.580101013183594,53.310001373291016,54.25,53.209999084472656,53.38999938964844,7526200
AMGN,2011-08-03,35.586761474609375,53.31999969482422,53.43000030517578,52.349998474121094,53.349998474121094,7145700
AMGN,2011-08-04,34.41211700439453,51.560001373291016,53.150001525878906,51.540000915527344,52.599998474121094,9918500
AMGN,2011-08-05,34.7858772277832,52.119998931884766,52.970001220703125,51.22999954223633,51.81999969482422,9914200
AMGN,2011-08-08,33.29084014892578,49.880001068115234,52.439998626708984,49.880001068115234,51.65999984741211,13911500
AMGN,2011-08-09,33.73801803588867,50.54999923706055,50.790000915527344,48.5,50.0099983215332,16124400
AMGN,2011-08-10,32.21629333496094,48.27000045776367,49.939998626708984,48.08000183105469,49.58000183105469,12558400
AMGN,2011-08-11,33.13066864013672,49.63999938964844,50.099998474121094,47.65999984741211,48.119998931884766,14860500
AMGN,2011-08-12,33.37094497680664,50.0,50.66999816894531,49.54999923706055,49.709999084472656,7919700
AMGN,2011-08-15,34.438819885253906,51.599998474121094,51.68000030517578,50.18000030517578,50.47999954223633,7665700
AMGN,2011-08-16,34.40525436401367,51.27000045776367,51.70000076293945,50.849998474121094,51.25,6630400
AMGN,2011-08-17,34.707237243652344,51.720001220703125,51.79999923706055,51.290000915527344,51.29999923706055,8150100
AMGN,2011-08-18,34.51934051513672,51.439998626708984,51.68000030517578,50.630001068115234,50.650001525878906,10138400
AMGN,2011-08-19,34.88170623779297,51.97999954223633,52.41999816894531,50.7400016784668,50.790000915527344,9437000
AMGN,2011-08-22,35.10315704345703,52.310001373291016,53.0,52.20000076293945,52.41999816894531,9289800
AMGN,2011-08-23,35.98226547241211,53.619998931884766,53.619998931884766,52.220001220703125,52.36000061035156,7806600
AMGN,2011-08-24,36.4050178527832,54.25,54.290000915527344,53.15999984741211,53.31999969482422,5349700
AMGN,2011-08-25,35.8748779296875,53.459999084472656,54.59000015258789,52.970001220703125,54.439998626708984,8776000
AMGN,2011-08-26,36.29092788696289,54.08000183105469,54.310001373291016,52.650001525878906,53.189998626708984,6936600
AMGN,2011-08-29,36.767391204833984,54.790000915527344,55.13999938964844,54.040000915527344,54.31999969482422,4851700
AMGN,2011-08-30,37.06938552856445,55.2400016784668,55.529998779296875,54.400001525878906,54.7400016784668,5380500
AMGN,2011-08-31,37.176734924316406,55.400001525878906,55.61000061035156,55.08000183105469,55.31999969482422,5417000
AMGN,2011-09-01,36.92174530029297,55.02000045776367,55.83000183105469,54.88999938964844,55.83000183105469,5492200
AMGN,2011-09-02,36.304351806640625,54.099998474121094,55.20000076293945,54.06999969482422,54.41999816894531,6219200
AMGN,2011-09-06,36.586204528808594,54.52000045776367,54.63999938964844,52.5,52.5099983215332,6889500
AMGN,2011-09-07,37.16332244873047,55.380001068115234,55.47999954223633,54.4900016784668,54.91999816894531,6462500
AMGN,2011-09-08,37.11634826660156,55.310001373291016,55.59000015258789,55.040000915527344,55.20000076293945,4501000
AMGN,2011-09-09,36.26409912109375,54.040000915527344,55.09000015258789,53.38999938964844,53.38999938964844,7617300
AMGN,2011-09-12,36.27751922607422,54.060001373291016,54.15999984741211,53.2599983215332,53.290000915527344,5406700
AMGN,2011-09-13,36.84791564941406,54.90999984741211,55.06999969482422,53.97999954223633,54.369998931884766,4950400
AMGN,2011-09-14,37.08279037475586,55.2599983215332,55.77000045776367,54.400001525878906,54.93000030517578,6070400
AMGN,2011-09-15,37.75386428833008,56.2599983215332,56.459999084472656,55.54999923706055,55.77000045776367,5876100
AMGN,2011-09-16,38.055809020996094,56.709999084472656,56.75,55.59000015258789,56.400001525878906,7635100
AMGN,2011-09-19,37.935020446777344,56.529998779296875,56.90999984741211,55.90999984741211,56.119998931884766,4541400
AMGN,2011-09-20,38.49872589111328,57.369998931884766,57.84000015258789,56.709999084472656,56.869998931884766,5168900
AMGN,2011-09-21,37.6062126159668,56.040000915527344,57.36000061035156,56.0,57.189998626708984,5160000
AMGN,2011-09-22,36.93515396118164,55.040000915527344,55.45000076293945,54.279998779296875,54.939998626708984,8969100
AMGN,2011-09-23,36.97541809082031,55.099998474121094,55.2400016784668,53.86000061035156,54.61000061035156,5431200
AMGN,2011-09-26,37.19686508178711,55.43000030517578,55.5,54.65999984741211,55.2400016784668,5903800
AMGN,2011-09-27,37.92832565307617,56.52000045776367,56.810001373291016,55.630001068115234,55.970001220703125,5868700
AMGN,2011-09-28,37.35791015625,55.66999816894531,57.040000915527344,55.630001068115234,56.83000183105469,5663600
AMGN,2011-09-29,37.43174362182617,55.779998779296875,56.77000045776367,54.9900016784668,56.34000015258789,5152700
AMGN,2011-09-30,36.88147735595703,54.959999084472656,56.060001373291016,54.93000030517578,55.18000030517578,6430000
AMGN,2011-10-03,36.1701545715332,53.900001525878906,55.34000015258789,53.869998931884766,54.65999984741211,7462900
AMGN,2011-10-04,36.472129821777344,54.349998474121094,54.470001220703125,52.849998474121094,53.369998931884766,8517100
AMGN,2011-10-05,37.53240203857422,55.93000030517578,56.040000915527344,53.95000076293945,54.61000061035156,7484200
AMGN,2011-10-06,38.1363410949707,56.83000183105469,56.849998474121094,55.2599983215332,55.91999816894531,4828000
AMGN,2011-10-07,37.760562896728516,56.27000045776367,56.849998474121094,55.95000076293945,56.849998474121094,4418200
AMGN,2011-10-10,38.49872589111328,57.369998931884766,57.84000015258789,56.83000183105469,56.97999954223633,3346200
AMGN,2011-10-11,38.31084060668945,57.09000015258789,57.619998931884766,56.95000076293945,57.27000045776367,4641500
AMGN,2011-10-12,38.008853912353516,56.63999938964844,57.470001220703125,56.4900016784668,57.41999816894531,4798100
AMGN,2011-10-13,38.23700714111328,56.97999954223633,57.310001373291016,56.400001525878906,56.47999954223633,5464400
AMGN,2011-10-14,38.579254150390625,57.4900016784668,57.5099983215332,56.81999969482422,57.36000061035156,3268400
AMGN,2011-10-17,37.87464904785156,56.439998626708984,57.56999969482422,56.209999084472656,57.2599983215332,3108200
AMGN,2011-10-18,38.438331604003906,57.279998779296875,57.56999969482422,56.029998779296875,56.5,6280800
AMGN,2011-10-19,38.46516036987305,57.31999969482422,58.0,57.13999938964844,57.400001525878906,4470600
AMGN,2011-10-20,38.4316291809082,57.27000045776367,57.79999923706055,56.43000030517578,57.4900016784668,4086000
AMGN,2011-10-21,39.31742477416992,58.59000015258789,58.630001068115234,57.5,57.70000076293945,6345100
AMGN,2011-10-24,39.55900573730469,58.95000076293945,59.04999923706055,58.25,58.470001220703125,4409900
AMGN,2011-10-25,37.894771575927734,56.470001220703125,58.70000076293945,56.349998474121094,58.459999084472656,7676700
AMGN,2011-10-26,38.216880798339844,56.95000076293945,57.209999084472656,55.9900016784668,56.849998474121094,6687800
AMGN,2011-10-27,38.961761474609375,58.060001373291016,58.38999938964844,57.33000183105469,57.5,5936600
AMGN,2011-10-28,38.4114875793457,57.2400016784668,58.099998474121094,56.9900016784668,57.75,6023500
AMGN,2011-10-31,38.4316291809082,57.27000045776367,57.560001373291016,56.630001068115234,56.91999816894531,8792500
AMGN,2011-11-01,37.27068328857422,55.540000915527344,56.65999984741211,55.369998931884766,56.41999816894531,7996600
AMGN,2011-11-02,36.774112701416016,54.79999923706055,55.95000076293945,54.630001068115234,55.56999969482422,6826900
AMGN,2011-11-03,37.37805938720703,55.70000076293945,55.79999923706055,54.91999816894531,54.91999816894531,4797000
AMGN,2011-11-04,37.02238464355469,55.16999816894531,55.77000045776367,54.79999923706055,55.630001068115234,3565100
AMGN,2011-11-07,39.21004867553711,58.43000030517578,58.59000015258789,57.4900016784668,57.849998474121094,20318400
AMGN,2011-11-08,38.9215087890625,58.0,58.61000061035156,57.54999923706055,58.52000045776367,8870200
AMGN,2011-11-09,38.592681884765625,57.5099983215332,58.189998626708984,57.369998931884766,57.70000076293945,9588100
AMGN,2011-11-10,38.894657135009766,57.959999084472656,58.04999923706055,57.34000015258789,57.56999969482422,7661900
AMGN,2011-11-11,38.82754898071289,57.86000061035156,58.4900016784668,57.79999923706055,58.25,5420700
AMGN,2011-11-14,38.47189712524414,57.33000183105469,57.79999923706055,57.209999084472656,57.52000045776367,6204900
AMGN,2011-11-15,38.16168212890625,56.59000015258789,57.150001525878906,56.560001373291016,56.959999084472656,8218000
AMGN,2011-11-16,37.77054977416992,56.0099983215332,56.540000915527344,55.779998779296875,56.029998779296875,20135000
AMGN,2011-11-17,37.703125,55.90999984741211,56.560001373291016,55.68000030517578,55.900001525878906,9742700
AMGN,2011-11-18,37.473838806152344,55.56999969482422,56.099998474121094,55.4900016784668,55.720001220703125,5523200
AMGN,2011-11-21,37.06924057006836,54.970001220703125,55.459999084472656,54.90999984741211,55.29999923706055,7973800
AMGN,2011-11-22,37.5345344543457,55.65999984741211,55.709999084472656,54.630001068115234,54.79999923706055,9559000
AMGN,2011-11-23,37.04899978637695,54.939998626708984,55.68000030517578,54.91999816894531,55.599998474121094,6026500
AMGN,2011-11-25,36.85343933105469,54.650001525878906,55.130001068115234,54.59000015258789,54.59000015258789,2816700
AMGN,2011-11-28,37.696372985839844,55.900001525878906,55.970001220703125,55.029998779296875,55.58000183105469,6852600
AMGN,2011-11-29,37.85821533203125,56.13999938964844,56.380001068115234,55.459999084472656,55.880001068115234,8167700
AMGN,2011-11-30,39.05183029174805,57.90999984741211,57.939998626708984,56.47999954223633,56.5,10993600
AMGN,2011-12-01,39.1125373840332,58.0,58.060001373291016,57.40999984741211,57.70000076293945,10555600
AMGN,2011-12-02,39.17994689941406,58.099998474121094,58.41999816894531,57.720001220703125,58.29999923706055,7834400
AMGN,2011-12-05,38.77534484863281,57.5,58.400001525878906,57.209999084472656,58.380001068115234,12342100
AMGN,2011-12-06,39.03834533691406,57.88999938964844,58.06999969482422,57.380001068115234,57.68000030517578,15750000
AMGN,2011-12-07,39.3418083190918,58.34000015258789,58.52000045776367,57.72999954223633,57.849998474121094,18663500
AMGN,2011-12-08,39.38227081298828,58.400001525878906,59.43000030517578,56.0,58.599998474121094,41563500
AMGN,2011-12-09,39.51039505004883,58.59000015258789,58.95000076293945,58.18000030517578,58.47999954223633,7072800
AMGN,2011-12-12,38.54606246948242,57.15999984741211,58.40999984741211,57.150001525878906,58.29999923706055,10176200
AMGN,2011-12-13,38.7281379699707,57.43000030517578,58.380001068115234,57.310001373291016,57.70000076293945,6843600
AMGN,2011-12-14,38.85627746582031,57.619998931884766,58.16999816894531,57.13999938964844,57.13999938964844,6727200
AMGN,2011-12-15,39.530616760253906,58.619998931884766,59.060001373291016,57.810001373291016,58.0,8683700
AMGN,2011-12-16,40.49493408203125,60.04999923706055,61.0,59.650001525878906,59.75,21390500
AMGN,2011-12-19,40.57585906982422,60.16999816894531,61.119998931884766,59.970001220703125,60.31999969482422,8013000
AMGN,2011-12-20,41.24347686767578,61.15999984741211,61.2400016784668,60.68000030517578,60.79999923706055,7284900
AMGN,2011-12-21,42.578697204589844,63.13999938964844,63.27000045776367,61.0,61.0,10636700
AMGN,2011-12-22,42.71356964111328,63.34000015258789,63.599998474121094,62.599998474121094,62.61000061035156,5383300
AMGN,2011-12-23,42.9495964050293,63.689998626708984,63.849998474121094,63.0,63.02000045776367,4134500
AMGN,2011-12-27,43.44186782836914,64.41999816894531,64.63999938964844,63.369998931884766,63.380001068115234,4260500
AMGN,2011-12-28,43.15864181518555,64.0,64.38999938964844,63.810001373291016,64.19000244140625,3925800
AMGN,2011-12-29,43.65767288208008,64.73999786376953,64.77999877929688,63.84000015258789,64.20999908447266,3525300
AMGN,2011-12-30,43.300254821777344,64.20999908447266,65.0,64.20999908447266,64.3499984741211,5112100
AMGN,2012-01-03,43.23281478881836,64.11000061035156,65.19000244140625,63.45000076293945,64.94999694824219,10216800
AMGN,2012-01-04,42.99679183959961,63.7599983215332,64.12999725341797,63.400001525878906,64.0999984741211,7096400
AMGN,2012-01-05,43.435123443603516,64.41000366210938,64.91999816894531,63.58000183105469,63.81999969482422,6261500
AMGN,2012-01-06,43.671165466308594,64.76000213623047,64.87000274658203,64.0,64.23999786376953,4587900
AMGN,2012-01-09,43.29351806640625,64.19999694824219,64.63999938964844,63.29999923706055,64.62000274658203,7540500
AMGN,2012-01-10,44.284820556640625,65.66999816894531,65.69999694824219,64.20999908447266,64.55000305175781,6150500
AMGN,2012-01-11,44.777103424072266,66.4000015258789,66.44999694824219,65.1500015258789,65.26000213623047,4960000
AMGN,2012-01-12,45.54585647583008,67.54000091552734,67.77999877929688,66.27999877929688,66.27999877929688,7191000
AMGN,2012-01-13,45.5863037109375,67.5999984741211,67.66999816894531,66.7699966430664,67.12999725341797,5996400
AMGN,2012-01-17,45.90326690673828,68.06999969482422,68.47000122070312,67.73999786376953,67.9000015258789,6924800
AMGN,2012-01-18,46.67877960205078,69.22000122070312,69.38999938964844,67.62999725341797,67.73999786376953,7159000
AMGN,2012-01-19,46.62480545043945,69.13999938964844,69.48999786376953,68.69999694824219,69.13999938964844,5700100
AMGN,2012-01-20,46.91480255126953,69.56999969482422,69.62999725341797,68.83999633789062,69.0999984741211,6839100
AMGN,2012-01-23,45.707706451416016,67.77999877929688,69.0,67.55999755859375,68.80999755859375,7258900
AMGN,2012-01-24,45.984195709228516,68.19000244140625,68.58999633789062,67.18000030517578,67.30999755859375,5212600
AMGN,2012-01-25,46.6720085144043,69.20999908447266,69.38999938964844,67.44999694824219,67.55999755859375,6436400
AMGN,2012-01-26,45.9100227355957,68.08000183105469,69.19000244140625,67.61000061035156,69.19000244140625,7036800
AMGN,2012-01-27,46.0853385925293,68.33999633789062,69.18000030517578,66.70999908447266,67.02999877929688,10338100
AMGN,2012-01-30,46.07859802246094,68.33000183105469,68.38999938964844,67.2300033569336,67.98999786376953,6228100
AMGN,2012-01-31,45.808868408203125,67.93000030517578,68.70999908447266,67.7699966430664,68.43000030517578,10033800
AMGN,2012-02-01,47.09687042236328,69.83999633789062,69.94999694824219,68.08999633789062,68.45999908447266,7409700
AMGN,2012-02-02,46.94853210449219,69.62000274658203,70.0,69.26000213623047,69.69000244140625,5379600
AMGN,2012-02-03,46.7192268371582,69.27999877929688,69.87000274658203,69.01000213623047,69.61000061035156,6595400
AMGN,2012-02-06,46.6113395690918,69.12000274658203,69.1500015258789,67.27999877929688,68.6500015258789,11863300
AMGN,2012-02-07,46.64505386352539,69.16999816894531,69.23999786376953,68.1500015258789,68.70999908447266,6870500
AMGN,2012-02-08,45.896522521972656,68.05999755859375,69.01000213623047,67.69999694824219,69.01000213623047,10922600
AMGN,2012-02-09,45.07381820678711,66.83999633789062,68.05999755859375,66.66999816894531,68.01000213623047,9139700
AMGN,2012-02-10,45.42447280883789,67.36000061035156,67.37000274658203,66.80000305175781,66.9000015258789,5262500
AMGN,2012-02-13,46.238040924072266,68.19999694824219,68.43000030517578,67.36000061035156,67.37999725341797,4404000
AMGN,2012-02-14,45.99397659301758,67.83999633789062,68.0199966430664,67.5,67.83999633789062,4272300
AMGN,2012-02-15,46.034645080566406,67.9000015258789,68.12000274658203,67.5,67.95999908447266,4045900
AMGN,2012-02-16,46.705841064453125,68.88999938964844,69.19999694824219,67.9800033569336,68.06999969482422,5452100
AMGN,2012-02-17,45.95329284667969,67.77999877929688,68.66000366210938,67.7699966430664,68.63999938964844,4968700
AMGN,2012-02-21,45.214298248291016,66.69000244140625,67.77999877929688,66.6500015258789,67.44999694824219,5912900
AMGN,2012-02-22,45.2821044921875,66.79000091552734,67.23999786376953,66.3499984741211,66.6500015258789,4293000
AMGN,2012-02-23,45.65497970581055,67.33999633789062,67.55000305175781,66.58999633789062,66.79000091552734,3881300
AMGN,2012-02-24,45.91939163208008,67.7300033569336,68.12000274658203,67.26000213623047,67.56999969482422,3231100
AMGN,2012-02-27,45.72277069091797,67.44000244140625,67.70999908447266,66.7300033569336,67.20999908447266,3170500
AMGN,2012-02-28,46.20414733886719,68.1500015258789,68.4000015258789,67.0199966430664,67.05000305175781,3839000
AMGN,2012-02-29,46.10922622680664,68.01000213623047,68.58000183105469,67.9000015258789,68.05999755859375,4155300
AMGN,2012-03-01,45.82447052001953,67.58999633789062,68.20999908447266,67.4000015258789,68.20999908447266,4770400
AMGN,2012-03-02,45.91939163208008,67.7300033569336,67.87999725341797,67.16000366210938,67.69000244140625,3079200
AMGN,2012-03-05,45.580421447753906,67.2300033569336,67.69999694824219,67.12000274658203,67.62000274658203,3952100
AMGN,2012-03-06,45.11260223388672,66.54000091552734,67.26000213623047,65.80000305175781,65.94000244140625,6155500
AMGN,2012-03-07,45.39057540893555,66.94999694824219,67.19999694824219,66.36000061035156,66.68000030517578,3281700
AMGN,2012-03-08,45.966854095458984,67.80000305175781,68.16999816894531,67.12000274658203,67.29000091552734,3867900
AMGN,2012-03-09,46.10922622680664,68.01000213623047,68.25,67.54000091552734,67.83999633789062,3167100
AMGN,2012-03-12,46.1227912902832,68.02999877929688,68.37000274658203,67.80999755859375,68.0,3177400
AMGN,2012-03-13,46.71941375732422,68.91000366210938,68.93000030517578,68.18000030517578,68.44999694824219,2794600
AMGN,2012-03-14,46.27872848510742,68.26000213623047,68.87999725341797,68.06999969482422,68.80000305175781,3484200
AMGN,2012-03-15,46.27872848510742,68.26000213623047,68.30000305175781,67.77999877929688,68.23999786376953,3891200
AMGN,2012-03-16,45.68211364746094,67.37999725341797,68.48999786376953,67.3499984741211,68.08999633789062,8288800
AMGN,2012-03-19,46.136356353759766,68.05000305175781,68.30000305175781,67.0,67.19999694824219,2938700
AMGN,2012-03-20,45.81770706176758,67.58000183105469,68.55999755859375,67.55000305175781,67.83000183105469,3316400
AMGN,2012-03-21,45.4583740234375,67.05000305175781,67.70999908447266,67.0199966430664,67.70999908447266,4316900
AMGN,2012-03-22,45.16684341430664,66.62000274658203,66.8499984741211,66.30999755859375,66.73999786376953,6085000
AMGN,2012-03-23,45.193965911865234,66.66000366210938,67.02999877929688,66.41999816894531,66.58999633789062,3663700
AMGN,2012-03-26,45.77701950073242,67.5199966430664,67.72000122070312,67.19999694824219,67.27999877929688,5048500
AMGN,2012-03-27,45.9736328125,67.80999755859375,68.33999633789062,67.63999938964844,67.70999908447266,5209200
AMGN,2012-03-28,45.885501861572266,67.68000030517578,67.97000122070312,67.29000091552734,67.55000305175781,3431700
AMGN,2012-03-29,45.64142990112305,67.31999969482422,67.69999694824219,66.95999908447266,67.36000061035156,3092000
AMGN,2012-03-30,46.08211135864258,67.97000122070312,68.0,67.25,67.66000366210938,3857300
AMGN,2012-04-02,46.17701721191406,68.11000061035156,68.19999694824219,67.12000274658203,67.56999969482422,4508500
AMGN,2012-04-03,46.05499267578125,67.93000030517578,68.2699966430664,67.47000122070312,68.06999969482422,4790100
AMGN,2012-04-04,46.00075912475586,67.8499984741211,68.1500015258789,67.38999938964844,67.66000366210938,3602400
AMGN,2012-04-05,46.11602020263672,68.0199966430664,68.13999938964844,67.48999786376953,67.7699966430664,3858100
AMGN,2012-04-09,45.438026428222656,67.0199966430664,67.70999908447266,67.0199966430664,67.31999969482422,2769600
AMGN,2012-04-10,44.87532043457031,66.19000244140625,66.98999786376953,65.98999786376953,66.69999694824219,3961900
AMGN,2012-04-11,45.24140930175781,66.7300033569336,67.02999877929688,66.29000091552734,66.75,3132700
AMGN,2012-04-12,45.37022399902344,66.91999816894531,67.2300033569336,66.70999908447266,66.95999908447266,2721300
AMGN,2012-04-13,44.4685173034668,65.58999633789062,66.66999816894531,65.55000305175781,66.66999816894531,4543300
AMGN,2012-04-16,44.92277908325195,66.26000213623047,66.33000183105469,65.37000274658203,65.58999633789062,3033000
AMGN,2012-04-17,45.661773681640625,67.3499984741211,67.55999755859375,66.51000213623047,66.62000274658203,3820700
AMGN,2012-04-18,45.52617645263672,67.1500015258789,68.01000213623047,67.13999938964844,67.3499984741211,2797500
AMGN,2012-04-19,45.512596130371094,67.12999725341797,67.91000366210938,66.91999816894531,67.26000213623047,3407900
AMGN,2012-04-20,46.421104431152344,68.47000122070312,68.58999633789062,67.2300033569336,67.25,5086200
AMGN,2012-04-23,46.299068450927734,68.29000091552734,68.3499984741211,67.88999938964844,68.2300033569336,3544400
AMGN,2012-04-24,46.52958297729492,68.62999725341797,69.0999984741211,68.36000061035156,68.41999816894531,4906100
AMGN,2012-04-25,47.58721923828125,70.19000244140625,70.25,69.06999969482422,69.12000274658203,5861100
AMGN,2012-04-26,47.99402618408203,70.79000091552734,71.0999984741211,69.75,69.79000091552734,5374300
AMGN,2012-04-27,48.570281982421875,71.63999938964844,72.0,70.75,70.75,4435200
AMGN,2012-04-30,48.210968017578125,71.11000061035156,71.80000305175781,70.83999633789062,71.11000061035156,4045900
AMGN,2012-05-01,47.92621612548828,70.69000244140625,71.25,70.61000061035156,70.83000183105469,3626500
AMGN,2012-05-02,48.251644134521484,71.16999816894531,71.25,70.12999725341797,70.30999755859375,3569300
AMGN,2012-05-03,48.075355529785156,70.91000366210938,71.16000366210938,70.51000213623047,71.0,3093000
AMGN,2012-05-04,47.302452087402344,69.7699966430664,70.58000183105469,69.7699966430664,70.47000122070312,4214600
AMGN,2012-05-07,47.19399642944336,69.61000061035156,70.0,69.2699966430664,69.33000183105469,4184500
AMGN,2012-05-08,47.93299865722656,70.69999694824219,70.77999877929688,69.25,69.33999633789062,5063300
AMGN,2012-05-09,47.20077896118164,69.62000274658203,70.55999755859375,69.56999969482422,70.26000213623047,4001700
AMGN,2012-05-10,47.51941680908203,70.08999633789062,70.23999786376953,69.69000244140625,70.05000305175781,3500000
AMGN,2012-05-11,47.987213134765625,70.77999877929688,71.12999725341797,69.91999816894531,70.13999938964844,4666700
AMGN,2012-05-14,47.837318420410156,70.19999694824219,70.70999908447266,69.58000183105469,69.94999694824219,4067600
AMGN,2012-05-15,48.164390563964844,70.68000030517578,70.7699966430664,70.0,70.0199966430664,3779900
AMGN,2012-05-16,48.368831634521484,70.9800033569336,71.18000030517578,70.5199966430664,71.0,3411000
AMGN,2012-05-17,48.069007873535156,70.54000091552734,71.18000030517578,70.48999786376953,71.06999969482422,5584200
AMGN,2012-05-18,47.121803283691406,69.1500015258789,70.69999694824219,68.52999877929688,70.69999694824219,5800500
AMGN,2012-05-21,47.23765182495117,69.31999969482422,69.51000213623047,69.05000305175781,69.11000061035156,4248900
AMGN,2012-05-22,46.9582633972168,68.91000366210938,69.72000122070312,68.83999633789062,69.30999755859375,5430100
AMGN,2012-05-23,46.597068786621094,68.37999725341797,69.20999908447266,67.98999786376953,68.81999969482422,4558700
AMGN,2012-05-24,47.08771896362305,69.0999984741211,69.13999938964844,68.30999755859375,68.52999877929688,3261900
AMGN,2012-05-25,47.053646087646484,69.05000305175781,69.19999694824219,68.80000305175781,69.13999938964844,2959700
AMGN,2012-05-29,47.210365295410156,69.27999877929688,69.37999725341797,68.75,69.2699966430664,4151900
AMGN,2012-05-30,47.421627044677734,69.58999633789062,70.02999877929688,68.83999633789062,68.93000030517578,3535600
AMGN,2012-05-31,47.373939514160156,69.5199966430664,70.0,69.0,69.5199966430664,5870100
AMGN,2012-06-01,46.16777038574219,67.75,69.55000305175781,67.61000061035156,69.01000213623047,4177500
AMGN,2012-06-04,46.815147399902344,68.69999694824219,68.93000030517578,67.7699966430664,67.7699966430664,4606600
AMGN,2012-06-05,46.644779205322266,68.44999694824219,68.62000274658203,67.80000305175781,68.41000366210938,3198700
AMGN,2012-06-06,47.68738555908203,69.9800033569336,70.08000183105469,68.61000061035156,68.81999969482422,3612900
AMGN,2012-06-07,47.08771896362305,69.0999984741211,70.87000274658203,69.0999984741211,70.4800033569336,4457100
AMGN,2012-06-08,46.93099594116211,68.87000274658203,69.58999633789062,68.56999969482422,68.62999725341797,4561100
AMGN,2012-06-11,46.195030212402344,67.79000091552734,69.16999816894531,67.75,69.05000305175781,4872400
AMGN,2012-06-12,46.760623931884766,68.62000274658203,68.69000244140625,67.63999938964844,67.87000274658203,3929500
AMGN,2012-06-13,46.89691162109375,68.81999969482422,69.30999755859375,68.51000213623047,68.7300033569336,3944600
AMGN,2012-06-14,47.987213134765625,70.41999816894531,70.66999816894531,68.69999694824219,68.87999725341797,4387300
AMGN,2012-06-15,48.58009719848633,71.29000091552734,71.38999938964844,70.5199966430664,70.7699966430664,8431000
AMGN,2012-06-18,49.0775260925293,72.0199966430664,72.13999938964844,71.08000183105469,71.23999786376953,4015600
AMGN,2012-06-19,49.75897216796875,73.0199966430664,73.27999877929688,71.81999969482422,72.0199966430664,4557300
AMGN,2012-06-20,49.60224533081055,72.79000091552734,73.75,72.52999877929688,73.0199966430664,4139700
AMGN,2012-06-21,48.82540512084961,71.6500015258789,73.5,71.56999969482422,73.05999755859375,6063200
AMGN,2012-06-22,49.37736511230469,72.45999908447266,72.5,71.29000091552734,71.5999984741211,18867200
AMGN,2012-06-25,48.64823532104492,71.38999938964844,72.19000244140625,71.36000061035156,71.87000274658203,3871900
AMGN,2012-06-26,48.69593048095703,71.45999908447266,72.3499984741211,71.30999755859375,71.43000030517578,3681000
AMGN,2012-06-27,49.31602478027344,72.37000274658203,72.54000091552734,71.83000183105469,71.83999633789062,3492500
AMGN,2012-06-28,48.66865921020508,71.41999816894531,72.30999755859375,70.87999725341797,72.12000274658203,4475700
AMGN,2012-06-29,49.68402862548828,72.91000366210938,73.04000091552734,72.11000061035156,72.7300033569336,4918700
AMGN,2012-07-02,50.672115325927734,74.36000061035156,74.37999725341797,72.94999694824219,73.02999877929688,4751000
AMGN,2012-07-03,51.21725845336914,75.16000366210938,75.16999816894531,73.91999816894531,74.04000091552734,3046600
AMGN,2012-07-05,50.651676177978516,74.33000183105469,74.87999725341797,73.61000061035156,74.05999755859375,3230900
AMGN,2012-07-06,50.324588775634766,73.8499984741211,74.62000274658203,73.73999786376953,74.2699966430664,3103100
AMGN,2012-07-09,50.971954345703125,74.80000305175781,74.80999755859375,73.77999877929688,74.08000183105469,3323800
AMGN,2012-07-10,51.060516357421875,74.93000030517578,75.5,74.7300033569336,74.8499984741211,5896200
AMGN,2012-07-11,51.85100555419922,76.08999633789062,76.16999816894531,74.58999633789062,74.77999877929688,7086100
AMGN,2012-07-12,51.660194396972656,75.80999755859375,76.23999786376953,74.44999694824219,75.08000183105469,4817800
AMGN,2012-07-13,52.44388198852539,76.95999908447266,77.0,75.73999786376953,75.76000213623047,3234900
AMGN,2012-07-16,52.65510559082031,77.2699966430664,77.7300033569336,76.51000213623047,76.55999755859375,3175800
AMGN,2012-07-17,53.670467376708984,78.76000213623047,78.9000015258789,77.62000274658203,77.62000274658203,4568600
AMGN,2012-07-18,54.25650405883789,79.62000274658203,79.9000015258789,78.16999816894531,78.58999633789062,4587600
AMGN,2012-07-19,54.270111083984375,79.63999938964844,80.25,78.87999725341797,79.4000015258789,4894800
AMGN,2012-07-20,52.99584197998047,77.7699966430664,79.62000274658203,77.55999755859375,79.62000274658203,6772300
AMGN,2012-07-23,52.832279205322266,77.52999877929688,77.69999694824219,75.69999694824219,76.87000274658203,4755300
AMGN,2012-07-24,52.048641204833984,76.37999725341797,77.91000366210938,76.18000030517578,77.91000366210938,4162800
AMGN,2012-07-25,53.125308990478516,77.95999908447266,78.7300033569336,76.5999984741211,77.79000091552734,4913700
AMGN,2012-07-26,54.03162384033203,79.29000091552734,80.0,78.5,79.0,5867800
AMGN,2012-07-27,57.18671417236328,83.91999816894531,83.9800033569336,80.4800033569336,80.51000213623047,12360300
AMGN,2012-07-30,56.87323760986328,83.45999908447266,84.38999938964844,83.04000091552734,83.16999816894531,5817800
AMGN,2012-07-31,56.28720474243164,82.5999984741211,83.44000244140625,82.5999984741211,83.12999725341797,4537800
AMGN,2012-08-01,55.755680084228516,81.81999969482422,83.61000061035156,81.75,83.41999816894531,4045600
AMGN,2012-08-02,55.224151611328125,81.04000091552734,82.72000122070312,80.33999633789062,80.7300033569336,4648100
AMGN,2012-08-03,56.02145004272461,82.20999908447266,83.0,81.9800033569336,82.54000091552734,4121400
AMGN,2012-08-06,56.171356201171875,82.43000030517578,82.88999938964844,81.7300033569336,82.18000030517578,3820000
AMGN,2012-08-07,55.585296630859375,81.56999969482422,83.0,81.5,83.0,3845900
AMGN,2012-08-08,55.44903564453125,81.37000274658203,81.93000030517578,81.11000061035156,81.16000366210938,3371700
AMGN,2012-08-09,55.857887268066406,81.97000122070312,82.12999725341797,80.95999908447266,81.0,3387500
AMGN,2012-08-10,56.37579345703125,82.7300033569336,82.77999877929688,81.69999694824219,81.93000030517578,2832300
AMGN,2012-08-13,56.03506851196289,82.2300033569336,82.47000122070312,81.86000061035156,82.37000274658203,3697000
AMGN,2012-08-14,57.17808151245117,83.54000091552734,83.62000274658203,82.0199966430664,82.25,3614600
AMGN,2012-08-15,57.25337600708008,83.6500015258789,83.87999725341797,83.20999908447266,83.27999877929688,2940200
AMGN,2012-08-16,56.876956939697266,83.0999984741211,83.83999633789062,82.7699966430664,83.61000061035156,3610000
AMGN,2012-08-17,57.06857681274414,83.37999725341797,83.56999969482422,82.2699966430664,83.45999908447266,4058700
AMGN,2012-08-20,56.97273635864258,83.23999786376953,83.37999725341797,82.6500015258789,83.27999877929688,2295100
AMGN,2012-08-21,56.88378143310547,83.11000061035156,83.91999816894531,82.91999816894531,83.01000213623047,3679900
AMGN,2012-08-22,57.40395736694336,83.87000274658203,84.19000244140625,82.8499984741211,83.18000030517578,3696200
AMGN,2012-08-23,57.26021194458008,83.66000366210938,84.02999877929688,83.30999755859375,83.55000305175781,3048000
AMGN,2012-08-24,57.896766662597656,84.58999633789062,84.6500015258789,83.4000015258789,83.48999786376953,3118600
AMGN,2012-08-27,57.787235260009766,84.43000030517578,85.27999877929688,84.0199966430664,84.36000061035156,3633600
AMGN,2012-08-28,57.49978256225586,84.01000213623047,84.5199966430664,84.0,84.12000274658203,3467900
AMGN,2012-08-29,57.3012809753418,83.72000122070312,84.12999725341797,83.58000183105469,83.68000030517578,2870900
AMGN,2012-08-30,56.91115951538086,83.1500015258789,83.38999938964844,82.58999633789062,83.23999786376953,3213000
AMGN,2012-08-31,57.43817138671875,83.91999816894531,84.41999816894531,83.52999877929688,83.80999755859375,4116200
AMGN,2012-09-04,57.718807220458984,84.33000183105469,84.5999984741211,83.37000274658203,83.80000305175781,3719200
AMGN,2012-09-05,57.54770278930664,84.08000183105469,84.7300033569336,83.95999908447266,84.37999725341797,4264200
AMGN,2012-09-06,58.04731369018555,84.80999755859375,84.94000244140625,84.44000244140625,84.5199966430664,5789900
AMGN,2012-09-07,57.465553283691406,83.95999908447266,85.27999877929688,83.7699966430664,85.0,4806100
AMGN,2012-09-10,57.52714920043945,84.05000305175781,84.80000305175781,83.91000366210938,84.75,5113200
AMGN,2012-09-11,57.45187759399414,83.94000244140625,84.2300033569336,83.77999877929688,83.8499984741211,4184000
AMGN,2012-09-12,56.91115951538086,83.1500015258789,83.9800033569336,82.93000030517578,83.0,3276200
AMGN,2012-09-13,57.02751159667969,83.31999969482422,83.70999908447266,82.1500015258789,82.91000366210938,4315300
AMGN,2012-09-14,55.68601608276367,81.36000061035156,83.58999633789062,81.08000183105469,83.58999633789062,7436000
AMGN,2012-09-17,56.18564987182617,82.08999633789062,82.08999633789062,80.5999984741211,81.08000183105469,6972100
AMGN,2012-09-18,56.15143585205078,82.04000091552734,82.79000091552734,81.52999877929688,82.25,4608200
AMGN,2012-09-19,55.925567626953125,81.70999908447266,82.33999633789062,81.52999877929688,82.2300033569336,3968200
AMGN,2012-09-20,56.329376220703125,82.30000305175781,82.33000183105469,81.4000015258789,81.47000122070312,3979200
AMGN,2012-09-21,56.144588470458984,82.02999877929688,82.79000091552734,81.5,82.47000122070312,6789200
AMGN,2012-09-24,56.74688720703125,82.91000366210938,83.06999969482422,81.97000122070312,82.06999969482422,3261400
AMGN,2012-09-25,57.362892150878906,83.80999755859375,84.76000213623047,82.98999786376953,83.01000213623047,6532100
AMGN,2012-09-26,57.123321533203125,83.45999908447266,84.91999816894531,83.16000366210938,84.08999633789062,5420600
AMGN,2012-09-27,57.65719985961914,84.23999786376953,84.55999755859375,83.06999969482422,83.54000091552734,3570800
AMGN,2012-09-28,57.691436767578125,84.29000091552734,84.52999877929688,83.61000061035156,83.98999786376953,3629800
AMGN,2012-10-01,58.232147216796875,85.08000183105469,85.33999633789062,84.36000061035156,84.5,4146000
AMGN,2012-10-02,59.101348876953125,86.3499984741211,86.58999633789062,85.13999938964844,85.47000122070312,3758500
AMGN,2012-10-03,59.40934753417969,86.80000305175781,86.83000183105469,86.13999938964844,86.13999938964844,4388700
AMGN,2012-10-04,59.12873840332031,86.38999938964844,87.44999694824219,86.29000091552734,86.9800033569336,2787300
AMGN,2012-10-05,59.50519943237305,86.94000244140625,87.31999969482422,86.63999938964844,86.8499984741211,3230800
AMGN,2012-10-08,58.889190673828125,86.04000091552734,86.98999786376953,85.83000183105469,86.62000274658203,2107800
AMGN,2012-10-09,58.47168731689453,85.43000030517578,86.04000091552734,85.1500015258789,85.69000244140625,3131900
AMGN,2012-10-10,57.937828063964844,84.6500015258789,85.43000030517578,84.31999969482422,85.30000305175781,3141600
AMGN,2012-10-11,57.91042709350586,84.61000061035156,85.54000091552734,84.61000061035156,85.22000122070312,2074500
AMGN,2012-10-12,57.49293518066406,84.0,85.20999908447266,83.9800033569336,84.87000274658203,3150300
AMGN,2012-10-15,59.01237487792969,86.22000122070312,86.37999725341797,84.25,84.5,3413800
AMGN,2012-10-16,60.258060455322266,88.04000091552734,88.19000244140625,86.30000305175781,86.58000183105469,3567000
AMGN,2012-10-17,61.052001953125,89.19999694824219,89.63999938964844,87.73999786376953,87.98999786376953,4383200
AMGN,2012-10-18,61.455848693847656,89.79000091552734,89.94999694824219,88.54000091552734,89.04000091552734,6010800
AMGN,2012-10-19,59.65574645996094,87.16000366210938,89.81999969482422,86.69999694824219,89.81999969482422,5489600
AMGN,2012-10-22,60.09381103515625,87.80000305175781,89.9000015258789,86.43000030517578,86.94000244140625,4656300
AMGN,2012-10-23,59.76525115966797,87.31999969482422,88.0999984741211,86.12000274658203,87.18000030517578,4261200
AMGN,2012-10-24,59.888465881347656,87.5,89.13999938964844,87.4800033569336,88.52999877929688,6540500
AMGN,2012-10-25,60.2649040222168,88.05000305175781,88.48999786376953,87.75,88.05999755859375,5483100
AMGN,2012-10-26,59.97745895385742,87.62999725341797,88.16000366210938,87.16000366210938,87.52999877929688,4187900
AMGN,2012-10-31,59.197166442871094,86.48999786376953,88.19999694824219,86.18000030517578,87.70999908447266,3800400
AMGN,2012-11-01,59.689979553222656,87.20999908447266,87.8499984741211,86.4800033569336,86.97000122070312,4154100
AMGN,2012-11-02,59.16979217529297,86.44999694824219,87.62999725341797,86.26000213623047,87.36000061035156,3238100
AMGN,2012-11-05,59.101348876953125,86.3499984741211,87.83000183105469,85.26000213623047,86.22000122070312,5033300
AMGN,2012-11-06,59.74471664428711,87.29000091552734,87.88999938964844,86.55000305175781,86.80999755859375,3586100
AMGN,2012-11-07,58.41008377075195,85.33999633789062,86.9000015258789,84.16000366210938,86.75,7163900
AMGN,2012-11-08,57.99940490722656,84.73999786376953,85.5199966430664,84.58000183105469,85.05999755859375,4603100
AMGN,2012-11-09,58.29371643066406,85.16999816894531,85.80999755859375,84.26000213623047,84.31999969482422,4030600
AMGN,2012-11-12,58.53327178955078,85.5199966430664,86.13999938964844,84.76000213623047,85.37999725341797,3207800
AMGN,2012-11-13,58.952552795410156,85.7699966430664,86.11000061035156,84.68000030517578,84.97000122070312,4890100
AMGN,2012-11-14,57.749725341796875,84.0199966430664,85.95999908447266,83.68000030517578,85.70999908447266,4280800
AMGN,2012-11-15,57.83906555175781,84.1500015258789,84.33999633789062,82.91999816894531,83.86000061035156,3569700
AMGN,2012-11-16,58.10712814331055,84.54000091552734,84.98999786376953,83.44999694824219,84.27999877929688,6370800
AMGN,2012-11-19,58.698238372802734,85.4000015258789,85.66999816894531,84.5999984741211,85.4800033569336,3796400
AMGN,2012-11-20,59.50239562988281,86.56999969482422,86.56999969482422,85.0999984741211,85.22000122070312,4215200
AMGN,2012-11-21,59.557403564453125,86.6500015258789,86.81999969482422,86.05000305175781,86.62000274658203,2624000
AMGN,2012-11-23,60.21035385131836,87.5999984741211,87.63999938964844,86.55000305175781,87.0,2267200
AMGN,2012-11-26,59.997257232666016,87.29000091552734,87.4000015258789,86.72000122070312,87.19000244140625,4925300
AMGN,2012-11-27,59.78420639038086,86.9800033569336,87.52999877929688,86.87999725341797,87.4000015258789,3568700
AMGN,2012-11-28,59.825439453125,87.04000091552734,87.22000122070312,85.45999908447266,86.7699966430664,4704900
AMGN,2012-11-29,60.90455627441406,88.61000061035156,88.87000274658203,87.16999816894531,87.44999694824219,4391500
AMGN,2012-11-30,61.035152435302734,88.80000305175781,89.08000183105469,88.44999694824219,88.87999725341797,4408000
AMGN,2012-12-03,60.7602424621582,88.4000015258789,89.58999633789062,88.11000061035156,88.91999816894531,3712100
AMGN,2012-12-04,60.71210861206055,88.33000183105469,88.86000061035156,88.12000274658203,88.66000366210938,2745500
AMGN,2012-12-05,61.17951965332031,89.01000213623047,89.41999816894531,87.7699966430664,88.55000305175781,3425400
AMGN,2012-12-06,60.85645294189453,88.54000091552734,89.13999938964844,88.19999694824219,89.05000305175781,3975500
AMGN,2012-12-07,60.705257415771484,88.31999969482422,88.80000305175781,87.62999725341797,88.77999877929688,3526400
AMGN,2012-12-10,61.68125534057617,89.73999786376953,89.80999755859375,87.7300033569336,87.95999908447266,4492600
AMGN,2012-12-11,61.82562255859375,89.94999694824219,90.25,89.62000274658203,89.87999725341797,4286300
AMGN,2012-12-12,61.97679138183594,90.16999816894531,90.80999755859375,89.69999694824219,90.0,3571700
AMGN,2012-12-13,61.2757453918457,89.1500015258789,90.3499984741211,88.69999694824219,90.05999755859375,2713300
AMGN,2012-12-14,61.3100700378418,89.19999694824219,90.12999725341797,88.91000366210938,89.05000305175781,3398500
AMGN,2012-12-17,61.51630783081055,89.5,89.63999938964844,89.02999877929688,89.25,3049800
AMGN,2012-12-18,61.371952056884766,89.29000091552734,90.0,88.98999786376953,89.98999786376953,5514200
AMGN,2012-12-19,60.82206344604492,88.48999786376953,89.58000183105469,88.37000274658203,89.51000213623047,4916500
AMGN,2012-12-20,60.767112731933594,88.41000366210938,88.81999969482422,88.0,88.48999786376953,2887800
AMGN,2012-12-21,59.907928466796875,87.16000366210938,87.97000122070312,86.33999633789062,87.97000122070312,7247000
AMGN,2012-12-24,60.07289123535156,87.4000015258789,87.62000274658203,86.91000366210938,86.9800033569336,1596900
AMGN,2012-12-26,59.72236251831055,86.88999938964844,87.5199966430664,86.0999984741211,87.30000305175781,2720400
AMGN,2012-12-27,59.21373748779297,86.1500015258789,87.55000305175781,85.26000213623047,86.69999694824219,3122600
AMGN,2012-12-28,58.58823776245117,85.23999786376953,86.13999938964844,85.16999816894531,85.5999984741211,2418700
AMGN,2012-12-31,59.24809265136719,86.19999694824219,86.80000305175781,84.55999755859375,85.0,3896700
AMGN,2013-01-02,61.2757453918457,89.1500015258789,89.23999786376953,87.29000091552734,87.36000061035156,5772800
AMGN,2013-01-03,60.890811920166016,88.58999633789062,89.58000183105469,88.33999633789062,89.52999877929688,3871300
AMGN,2013-01-04,61.15888977050781,88.9800033569336,89.27999877929688,88.41999816894531,88.58999633789062,3280500
AMGN,2013-01-07,60.84960174560547,88.52999877929688,88.80000305175781,87.76000213623047,88.48999786376953,2573300
AMGN,2013-01-08,60.58838653564453,88.1500015258789,88.68000030517578,87.44000244140625,88.44000244140625,5170700
AMGN,2013-01-09,60.94579315185547,88.66999816894531,88.91999816894531,88.20999908447266,88.33999633789062,3372500
AMGN,2013-01-10,60.35467529296875,87.80999755859375,89.0,87.2699966430664,88.31999969482422,5861200
AMGN,2013-01-11,59.770484924316406,86.95999908447266,88.05000305175781,86.87000274658203,87.94999694824219,4681700
AMGN,2013-01-14,59.74299240112305,86.91999816894531,87.25,86.5,87.16999816894531,4401000
AMGN,2013-01-15,58.47829818725586,85.08000183105469,86.86000061035156,85.0,86.55999755859375,6277900
AMGN,2013-01-16,57.95591735839844,84.31999969482422,85.33999633789062,84.2699966430664,85.02999877929688,7753800
AMGN,2013-01-17,57.694740295410156,83.94000244140625,84.47000122070312,83.87999725341797,84.0999984741211,6268400
AMGN,2013-01-18,56.41627883911133,82.08000183105469,83.87000274658203,81.58000183105469,83.80999755859375,14408700
AMGN,2013-01-22,57.24797439575195,83.29000091552734,83.41000366210938,81.55999755859375,82.0,9394900
AMGN,2013-01-23,57.096736907958984,83.06999969482422,84.48999786376953,82.87000274658203,83.05999755859375,7670400
AMGN,2013-01-24,56.78746032714844,82.62000274658203,83.91999816894531,82.12000274658203,83.33999633789062,8071300
AMGN,2013-01-25,57.337303161621094,83.41999816894531,83.43000030517578,82.08999633789062,82.7300033569336,7235200
AMGN,2013-01-28,58.82881164550781,85.58999633789062,86.0999984741211,82.81999969482422,83.20999908447266,9426900
AMGN,2013-01-29,59.516143798828125,86.58999633789062,87.88999938964844,85.0,85.0,21502900
AMGN,2013-01-30,58.68446350097656,85.37999725341797,86.81999969482422,85.19999694824219,86.5999984741211,4963100
AMGN,2013-01-31,58.739471435546875,85.45999908447266,86.12000274658203,85.04000091552734,85.08999633789062,4269700
AMGN,2013-02-01,59.31684875488281,86.30000305175781,86.93000030517578,85.25,86.16999816894531,3379500
AMGN,2013-02-04,58.93192672729492,85.73999786376953,86.23999786376953,85.44000244140625,85.44000244140625,3907500
AMGN,2013-02-05,59.47488784790039,86.52999877929688,86.58999633789062,85.41999816894531,86.08000183105469,4577900
AMGN,2013-02-06,59.516143798828125,86.58999633789062,87.47000122070312,86.0,86.45999908447266,5549100
AMGN,2013-02-07,58.57450485229492,85.22000122070312,87.0,85.04000091552734,87.0,7639700
AMGN,2013-02-08,59.639869689941406,86.7699966430664,87.16999816894531,85.38999938964844,85.61000061035156,8354900
AMGN,2013-02-11,58.68619918823242,84.91999816894531,85.9800033569336,84.58999633789062,85.4800033569336,7538400
AMGN,2013-02-12,58.423587799072266,84.54000091552734,85.2300033569336,84.27999877929688,85.0,4656000
AMGN,2013-02-13,58.70001220703125,84.94000244140625,85.12999725341797,84.44999694824219,84.95999908447266,7943200
AMGN,2013-02-14,58.54798126220703,84.72000122070312,86.4000015258789,84.61000061035156,86.0,6189100
AMGN,2013-02-15,57.78089141845703,83.61000061035156,84.72000122070312,83.31999969482422,84.23999786376953,5622200
AMGN,2013-02-19,58.14024353027344,84.12999725341797,84.2699966430664,82.91999816894531,83.51000213623047,5944300
AMGN,2013-02-20,58.49960708618164,84.6500015258789,85.33999633789062,84.23999786376953,84.37000274658203,6388300
AMGN,2013-02-21,58.831295013427734,85.12999725341797,85.31999969482422,84.1500015258789,84.58999633789062,4094200
AMGN,2013-02-22,59.99924087524414,86.81999969482422,86.87999725341797,85.06999969482422,85.06999969482422,4920400
AMGN,2013-02-25,61.88584899902344,89.55000305175781,91.25,89.30000305175781,89.30000305175781,11422400
AMGN,2013-02-26,61.83059310913086,89.47000122070312,90.20999908447266,88.66000366210938,89.62999725341797,4805200
AMGN,2013-02-27,62.90865707397461,91.02999877929688,91.30000305175781,89.05999755859375,89.1500015258789,3549800
AMGN,2013-02-28,63.26802062988281,91.55000305175781,93.41999816894531,90.87000274658203,91.0,6528600
AMGN,2013-03-01,63.979827880859375,92.58000183105469,92.76000213623047,90.51000213623047,91.16000366210938,4317700
AMGN,2013-03-04,64.08351135253906,92.7300033569336,92.75,91.5,92.11000061035156,3186700
AMGN,2013-03-05,64.57415771484375,93.44000244140625,93.76000213623047,92.55999755859375,93.11000061035156,3570200
AMGN,2013-03-06,64.45668029785156,93.2699966430664,94.29000091552734,93.08999633789062,93.81999969482422,3716300
AMGN,2013-03-07,64.23551177978516,92.94999694824219,93.87999725341797,92.81999969482422,93.43000030517578,2980100
AMGN,2013-03-08,64.27008819580078,93.0,93.87999725341797,92.8499984741211,93.43000030517578,3084900
AMGN,2013-03-11,63.19198989868164,91.44000244140625,93.36000061035156,90.87000274658203,92.66000366210938,5699600
AMGN,2013-03-12,63.40623092651367,91.75,91.80999755859375,91.04000091552734,91.58000183105469,4997500
AMGN,2013-03-13,63.26113510131836,91.54000091552734,91.79000091552734,90.66999816894531,91.5999984741211,2606100
AMGN,2013-03-14,63.70340347290039,92.18000030517578,92.29000091552734,91.1500015258789,91.6500015258789,3436800
AMGN,2013-03-15,63.447723388671875,91.80999755859375,92.16000366210938,91.26000213623047,91.83999633789062,10172700
AMGN,2013-03-18,62.46638107299805,90.38999938964844,91.36000061035156,90.3499984741211,91.2699966430664,3605900
AMGN,2013-03-19,63.855430603027344,92.4000015258789,92.5199966430664,90.54000091552734,90.68000030517578,4010900
AMGN,2013-03-20,64.9957504272461,94.05000305175781,94.88999938964844,92.87999725341797,92.91999816894531,4157700
AMGN,2013-03-21,65.17539978027344,94.30999755859375,94.30999755859375,93.47000122070312,93.6500015258789,3674000
AMGN,2013-03-22,66.73033905029297,96.55999755859375,96.5999984741211,94.0999984741211,94.69000244140625,4724700
AMGN,2013-03-25,66.90308380126953,96.80999755859375,97.5199966430664,96.01000213623047,96.91999816894531,5042200
AMGN,2013-03-26,68.18158721923828,98.66000366210938,98.76000213623047,97.06999969482422,97.29000091552734,3127000
AMGN,2013-03-27,69.2113037109375,100.1500015258789,100.31999969482422,98.0199966430664,98.05999755859375,3478300
AMGN,2013-03-28,70.84223937988281,102.51000213623047,102.62000274658203,99.79000091552734,99.83999633789062,5506800
AMGN,2013-04-01,70.70402526855469,102.30999755859375,103.9000015258789,101.69999694824219,102.62000274658203,4099700
AMGN,2013-04-02,73.5305404663086,106.4000015258789,106.61000061035156,102.38999938964844,102.38999938964844,4970500
AMGN,2013-04-03,72.43171691894531,104.80999755859375,106.79000091552734,103.93000030517578,106.68000030517578,5306700
AMGN,2013-04-04,73.17115020751953,105.87999725341797,106.54000091552734,104.73999786376953,105.19000244140625,2850300
AMGN,2013-04-05,71.89958190917969,104.04000091552734,104.62000274658203,103.47000122070312,104.20999908447266,4015900
AMGN,2013-04-08,72.63211822509766,105.0999984741211,105.13999938964844,103.0199966430664,104.08999633789062,3133300
AMGN,2013-04-09,72.07925415039062,104.30000305175781,105.4800033569336,103.77999877929688,105.4800033569336,2881600
AMGN,2013-04-10,74.8089828491211,108.25,108.2699966430664,104.5,104.52999877929688,4641500
AMGN,2013-04-11,74.78824615478516,108.22000122070312,109.36000061035156,107.62000274658203,108.56999969482422,4273000
AMGN,2013-04-12,77.10337829589844,111.56999969482422,112.0999984741211,108.16999816894531,108.5,5726500
AMGN,2013-04-15,74.96796417236328,108.4800033569336,111.44000244140625,108.19999694824219,111.30999755859375,4458900
AMGN,2013-04-16,76.60577392578125,110.8499984741211,110.94000244140625,108.70999908447266,109.31999969482422,4627700
AMGN,2013-04-17,75.63140106201172,109.44000244140625,110.38999938964844,107.6500015258789,109.94000244140625,3546600
AMGN,2013-04-18,74.26302337646484,107.45999908447266,109.9000015258789,106.30000305175781,109.62999725341797,3889300
AMGN,2013-04-19,76.97209167480469,111.37999725341797,111.61000061035156,107.16999816894531,107.16999816894531,6032500
AMGN,2013-04-22,78.38186645507812,113.41999816894531,113.97000122070312,110.83000183105469,112.01000213623047,4305600
AMGN,2013-04-23,77.92573547363281,112.76000213623047,114.94999694824219,112.0,113.70999908447266,4793700
AMGN,2013-04-24,72.51463317871094,104.93000030517578,108.37000274658203,104.0199966430664,106.66999816894531,7490500
AMGN,2013-04-25,75.09236907958984,108.66000366210938,109.23999786376953,105.20999908447266,105.48999786376953,8120000
AMGN,2013-04-26,74.89884948730469,108.37999725341797,109.69000244140625,106.9000015258789,109.04000091552734,2933600
AMGN,2013-04-29,73.71709442138672,106.66999816894531,108.37999725341797,106.33000183105469,108.1500015258789,4293900
AMGN,2013-04-30,72.0170669555664,104.20999908447266,106.66000366210938,103.8499984741211,106.66000366210938,5477200
AMGN,2013-05-01,72.24510192871094,104.54000091552734,106.87999725341797,104.30999755859375,105.05000305175781,3744500
AMGN,2013-05-02,72.97073364257812,105.58999633789062,106.91999816894531,104.4000015258789,105.1500015258789,2919800
AMGN,2013-05-03,73.58578491210938,106.4800033569336,107.56999969482422,106.13999938964844,106.69999694824219,2620500
AMGN,2013-05-06,72.44552612304688,104.83000183105469,106.12999725341797,104.68000030517578,106.08000183105469,2624100
AMGN,2013-05-07,72.18982696533203,104.45999908447266,105.55999755859375,104.18000030517578,105.0,2957100
AMGN,2013-05-08,72.61138916015625,105.06999969482422,105.51000213623047,104.22000122070312,104.63999938964844,3224200
AMGN,2013-05-09,72.25891876220703,104.55999755859375,105.75,104.12999725341797,104.80999755859375,2460800
AMGN,2013-05-10,73.75166320800781,106.72000122070312,106.75,104.4000015258789,104.55999755859375,2905100
AMGN,2013-05-13,73.86914825439453,106.88999938964844,107.58999633789062,105.62000274658203,106.18000030517578,2547000
AMGN,2013-05-14,74.92420959472656,107.94000244140625,109.55999755859375,106.5199966430664,106.5199966430664,3756400
AMGN,2013-05-15,74.56326293945312,107.41999816894531,109.16000366210938,106.44999694824219,108.08000183105469,2561900
AMGN,2013-05-16,72.8626480102539,104.97000122070312,107.02999877929688,103.5999984741211,107.02999877929688,3915400
AMGN,2013-05-17,73.32079315185547,105.62999725341797,106.05000305175781,104.33000183105469,105.88999938964844,3038000
AMGN,2013-05-20,70.92601776123047,102.18000030517578,105.5,101.25,105.33000183105469,3905000
AMGN,2013-05-21,72.35594177246094,104.23999786376953,104.68000030517578,102.44999694824219,102.44999694824219,3490400
AMGN,2013-05-22,72.5572280883789,104.52999877929688,107.4000015258789,103.61000061035156,104.26000213623047,3535200
AMGN,2013-05-23,73.31385040283203,105.62000274658203,106.33000183105469,103.0,103.0999984741211,3169500
AMGN,2013-05-24,73.51514434814453,105.91000366210938,106.16999816894531,104.37000274658203,105.0999984741211,2411000
AMGN,2013-05-28,73.7164306640625,106.19999694824219,108.02999877929688,105.44999694824219,106.76000213623047,3164400
AMGN,2013-05-29,72.46005249023438,104.38999938964844,105.94999694824219,104.1500015258789,105.80999755859375,2909900
AMGN,2013-05-30,73.03621673583984,105.22000122070312,105.83999633789062,104.19000244140625,104.48999786376953,2351700
AMGN,2013-05-31,69.7807388305664,100.52999877929688,105.02999877929688,100.38999938964844,104.4000015258789,6097100
AMGN,2013-06-03,68.80895233154297,99.12999725341797,101.25,97.22000122070312,100.61000061035156,5009900
AMGN,2013-06-04,67.53174591064453,97.29000091552734,100.36000061035156,97.12000274658203,99.02999877929688,3164700
AMGN,2013-06-05,65.66452026367188,94.5999984741211,98.33000183105469,94.56999969482422,97.0,4995200
AMGN,2013-06-06,67.67059326171875,97.48999786376953,97.52999877929688,94.1500015258789,95.01000213623047,4670200
AMGN,2013-06-07,68.5867919921875,98.80999755859375,100.26000213623047,98.31999969482422,98.7699966430664,3576300
AMGN,2013-06-10,68.23975372314453,98.30999755859375,99.44000244140625,97.87000274658203,98.94999694824219,2901300
AMGN,2013-06-11,67.97598266601562,97.93000030517578,99.01000213623047,96.62000274658203,97.26000213623047,2064500
AMGN,2013-06-12,66.89315032958984,96.37000274658203,99.5,95.97000122070312,98.97000122070312,2579600
AMGN,2013-06-13,68.37857055664062,98.51000213623047,98.69999694824219,95.94000244140625,96.37999725341797,2958100
AMGN,2013-06-14,67.62198638916016,97.41999816894531,98.9000015258789,96.91999816894531,98.2300033569336,3126400
AMGN,2013-06-17,68.77423095703125,99.08000183105469,100.08999633789062,98.5,98.72000122070312,3082500
AMGN,2013-06-18,70.45404052734375,101.5,102.29000091552734,99.06999969482422,99.12000274658203,3329000
AMGN,2013-06-19,68.84365844726562,99.18000030517578,102.0,99.1500015258789,101.69000244140625,3825500
AMGN,2013-06-20,66.83069610595703,96.27999877929688,98.58000183105469,95.91000366210938,98.5199966430664,3875100
AMGN,2013-06-21,68.21893310546875,98.27999877929688,99.12000274658203,95.05999755859375,97.08000183105469,6938000
AMGN,2013-06-24,66.73348999023438,96.13999938964844,97.2300033569336,95.41000366210938,96.7300033569336,3745400
AMGN,2013-06-25,66.90008544921875,96.37999725341797,98.75,95.63999938964844,97.63999938964844,3068900
AMGN,2013-06-26,69.13517761230469,99.5999984741211,100.16999816894531,97.25,97.33000183105469,2975900
AMGN,2013-06-27,68.71174621582031,98.98999786376953,100.62000274658203,98.3499984741211,100.4800033569336,2998200
AMGN,2013-06-28,68.48269653320312,98.66000366210938,99.87999725341797,97.77999877929688,98.73999786376953,5269700
AMGN,2013-07-01,67.67059326171875,97.48999786376953,101.72000122070312,97.27999877929688,100.19999694824219,4898700
AMGN,2013-07-02,66.67796325683594,96.05999755859375,97.27999877929688,95.4000015258789,96.79000091552734,4006100
AMGN,2013-07-03,66.50443267822266,95.80999755859375,96.5,95.05000305175781,95.20999908447266,2132600
AMGN,2013-07-05,67.77469635009766,97.63999938964844,97.9000015258789,96.77999877929688,96.91999816894531,2233500
AMGN,2013-07-08,68.14954376220703,98.18000030517578,99.22000122070312,97.9000015258789,98.45999908447266,2464300
AMGN,2013-07-09,68.2536392211914,98.33000183105469,99.68000030517578,98.06999969482422,98.88999938964844,2085600
AMGN,2013-07-10,70.84274291992188,102.05999755859375,102.33000183105469,98.0199966430664,98.16000366210938,4175500
AMGN,2013-07-11,71.67570495605469,103.26000213623047,103.6500015258789,101.16999816894531,103.63999938964844,3567100
AMGN,2013-07-12,72.37675476074219,104.2699966430664,104.2699966430664,102.23999786376953,103.55999755859375,3710500
AMGN,2013-07-15,72.501708984375,104.44999694824219,104.6500015258789,102.93000030517578,104.25,2532900
AMGN,2013-07-16,72.22406768798828,104.05000305175781,104.9000015258789,103.54000091552734,104.2699966430664,1895700
AMGN,2013-07-17,72.40453338623047,104.30999755859375,104.94999694824219,103.88999938964844,104.5,2184200
AMGN,2013-07-18,72.72383880615234,104.7699966430664,106.0,104.2699966430664,104.55000305175781,2296700
AMGN,2013-07-19,75.93070220947266,109.38999938964844,109.68000030517578,104.06999969482422,105.26000213623047,5448700
AMGN,2013-07-22,75.62527465820312,108.94999694824219,109.0999984741211,107.81999969482422,108.25,2857100
AMGN,2013-07-23,74.0079574584961,106.62000274658203,109.20999908447266,106.44000244140625,109.20999908447266,2560600
AMGN,2013-07-24,73.99406433105469,106.5999984741211,107.48999786376953,105.87999725341797,107.44000244140625,1860200
AMGN,2013-07-25,76.0140151977539,109.51000213623047,109.68000030517578,105.36000061035156,106.51000213623047,3355500
AMGN,2013-07-26,76.07646942138672,109.5999984741211,109.87999725341797,108.41000366210938,109.0199966430664,2516500
AMGN,2013-07-29,75.91683197021484,109.37000274658203,109.80000305175781,108.41999816894531,109.58000183105469,2027600
AMGN,2013-07-30,77.18707275390625,111.19999694824219,111.30000305175781,109.4000015258789,109.91999816894531,3982200
AMGN,2013-07-31,75.16716003417969,108.29000091552734,109.55000305175781,106.44000244140625,107.87999725341797,4432400
AMGN,2013-08-01,75.93070220947266,109.38999938964844,109.87999725341797,108.41999816894531,109.5999984741211,2396200
AMGN,2013-08-02,75.70164489746094,109.05999755859375,109.98999786376953,108.19999694824219,109.93000030517578,2103200
AMGN,2013-08-05,74.5702133178711,107.43000030517578,108.97000122070312,107.26000213623047,108.9000015258789,1839700
AMGN,2013-08-06,73.03621673583984,105.22000122070312,107.4000015258789,104.56999969482422,107.0,3633400
AMGN,2013-08-07,78.0200424194336,112.4000015258789,113.30000305175781,103.30999755859375,104.58999633789062,9915200
AMGN,2013-08-08,76.61786651611328,110.37999725341797,111.9000015258789,109.3499984741211,111.73999786376953,4758700
AMGN,2013-08-09,76.09727478027344,109.62999725341797,111.37999725341797,108.36000061035156,108.93000030517578,2825300
AMGN,2013-08-12,75.11162567138672,108.20999908447266,109.41999816894531,108.1500015258789,108.77999877929688,1854200
AMGN,2013-08-13,74.86869049072266,107.86000061035156,108.91999816894531,107.02999877929688,108.62999725341797,2683300
AMGN,2013-08-14,74.34578704833984,106.63999938964844,108.22000122070312,106.5199966430664,107.02999877929688,2170500
AMGN,2013-08-15,73.73230743408203,105.76000213623047,108.5199966430664,104.58999633789062,105.94000244140625,3267800
AMGN,2013-08-16,73.13970184326172,104.91000366210938,106.80000305175781,104.83999633789062,105.76000213623047,2525400
AMGN,2013-08-19,72.83294677734375,104.47000122070312,106.19000244140625,104.3499984741211,105.11000061035156,1723100
AMGN,2013-08-20,73.62075805664062,105.5999984741211,106.22000122070312,104.12000274658203,104.12000274658203,1855500
AMGN,2013-08-21,72.95845794677734,104.6500015258789,106.18000030517578,103.87999725341797,105.54000091552734,2341300
AMGN,2013-08-22,74.10179138183594,106.29000091552734,107.36000061035156,104.83000183105469,106.0,2115100
AMGN,2013-08-23,73.62075805664062,105.5999984741211,106.5,104.8499984741211,106.18000030517578,1572300
AMGN,2013-08-26,79.30266571044922,113.75,116.25,110.75,110.7699966430664,11554700
AMGN,2013-08-27,76.08175659179688,109.12999725341797,112.63999938964844,108.58000183105469,111.69999694824219,5315300
AMGN,2013-08-28,76.13056182861328,109.19999694824219,110.0999984741211,108.30000305175781,108.5999984741211,3043100
AMGN,2013-08-29,75.89354705810547,108.86000061035156,111.5,108.5,108.75,2739600
AMGN,2013-08-30,75.94930267333984,108.94000244140625,109.83000183105469,108.0199966430664,109.2300033569336,2655000
AMGN,2013-09-03,77.39244079589844,111.01000213623047,111.9800033569336,110.01000213623047,110.52999877929688,3309800
AMGN,2013-09-04,78.79373168945312,113.0199966430664,113.19000244140625,110.19999694824219,111.31999969482422,2955800
AMGN,2013-09-05,78.73098754882812,112.93000030517578,113.27999877929688,111.80999755859375,112.88999938964844,2710500
AMGN,2013-09-06,77.39244079589844,111.01000213623047,113.04000091552734,109.98999786376953,113.04000091552734,3028400
AMGN,2013-09-09,77.85255432128906,111.66999816894531,111.95999908447266,110.45999908447266,111.33999633789062,2826800
AMGN,2013-09-10,77.49699401855469,111.16000366210938,112.5999984741211,110.41999816894531,112.31999969482422,3139700
AMGN,2013-09-11,78.06168365478516,111.97000122070312,112.88999938964844,111.37999725341797,112.2300033569336,3196200
AMGN,2013-09-12,79.1004867553711,113.45999908447266,113.68000030517578,111.95999908447266,112.22000122070312,2685800
AMGN,2013-09-13,80.21598052978516,115.05999755859375,115.22000122070312,113.2699966430664,113.97000122070312,3297100
AMGN,2013-09-16,81.6939468383789,117.18000030517578,117.18000030517578,115.41000366210938,116.20999908447266,4710700
AMGN,2013-09-17,80.68305206298828,115.7300033569336,117.30000305175781,115.33000183105469,117.30000305175781,3145200
AMGN,2013-09-18,81.93098449707031,117.5199966430664,117.91000366210938,115.01000213623047,115.58999633789062,2609400
AMGN,2013-09-19,81.6939468383789,117.18000030517578,117.8499984741211,115.66000366210938,117.8499984741211,3030400
AMGN,2013-09-20,81.46388244628906,116.8499984741211,117.61000061035156,116.06999969482422,117.1500015258789,5324700
AMGN,2013-09-23,80.20897674560547,115.05000305175781,116.5,115.02999877929688,115.88999938964844,2518800
AMGN,2013-09-24,80.02074432373047,114.77999877929688,116.4800033569336,114.58999633789062,115.19000244140625,2225700
AMGN,2013-09-25,78.41730499267578,112.4800033569336,114.80000305175781,112.4000015258789,114.80000305175781,3651700
AMGN,2013-09-26,78.67522430419922,112.8499984741211,114.08000183105469,112.55000305175781,113.62999725341797,3534600
AMGN,2013-09-27,78.9122543334961,113.19000244140625,114.2699966430664,112.16999816894531,112.43000030517578,1940200
AMGN,2013-09-30,78.02684020996094,111.91999816894531,113.2699966430664,111.5,112.08000183105469,3041300
AMGN,2013-10-01,79.88130950927734,114.58000183105469,114.61000061035156,111.73999786376953,111.98999786376953,2822600
AMGN,2013-10-02,78.82160949707031,113.05999755859375,113.87999725341797,112.4000015258789,113.87999725341797,2472000
AMGN,2013-10-03,77.4691162109375,111.12000274658203,113.05999755859375,110.06999969482422,112.98999786376953,3058800
AMGN,2013-10-04,78.71705627441406,112.91000366210938,113.48999786376953,110.11000061035156,110.73999786376953,3088000
AMGN,2013-10-07,76.84168243408203,110.22000122070312,111.70999908447266,110.08000183105469,111.47000122070312,2662300
AMGN,2013-10-08,75.12664794921875,107.76000213623047,110.80000305175781,106.91000366210938,110.16999816894531,4244200
AMGN,2013-10-09,74.0948257446289,106.27999877929688,108.41999816894531,105.76000213623047,108.12999725341797,5440700
AMGN,2013-10-10,76.63251495361328,109.91999816894531,109.98999786376953,106.98999786376953,107.16999816894531,3096600
AMGN,2013-10-11,77.3087387084961,110.88999938964844,111.51000213623047,109.66000366210938,110.0,2431300
AMGN,2013-10-14,77.78981018066406,111.58000183105469,111.69000244140625,109.58999633789062,110.0199966430664,2211100
AMGN,2013-10-15,77.69220733642578,111.44000244140625,112.12000274658203,110.88999938964844,111.62000274658203,1968900
AMGN,2013-10-16,79.67215728759766,114.27999877929688,114.8499984741211,112.3499984741211,112.41999816894531,3541600
AMGN,2013-10-17,80.7667007446289,115.8499984741211,115.97000122070312,113.63999938964844,113.66999816894531,2656400
AMGN,2013-10-18,80.11833190917969,114.91999816894531,116.0,113.77999877929688,115.94999694824219,2694000
AMGN,2013-10-21,79.2259750366211,113.63999938964844,115.47000122070312,112.76000213623047,114.95999908447266,2683400
AMGN,2013-10-22,81.01768493652344,116.20999908447266,116.63999938964844,113.4000015258789,114.37999725341797,3665700
AMGN,2013-10-23,80.64122009277344,115.66999816894531,116.1500015258789,114.0999984741211,114.94000244140625,3365200
AMGN,2013-10-24,81.0107192993164,116.19999694824219,117.52999877929688,115.75,116.27999877929688,3234200
AMGN,2013-10-25,81.0943832397461,116.31999969482422,116.6500015258789,115.16999816894531,116.62000274658203,2002200
AMGN,2013-10-28,82.49567413330078,118.33000183105469,118.95999908447266,115.80000305175781,115.98999786376953,3322000
AMGN,2013-10-29,82.45387268066406,118.2699966430664,118.37999725341797,116.69999694824219,118.30000305175781,2655600
AMGN,2013-10-30,81.48477935791016,116.87999725341797,118.5,116.56999969482422,118.31999969482422,2527800
AMGN,2013-10-31,80.96888732910156,116.13999938964844,117.6500015258789,115.88999938964844,117.11000061035156,2648600
AMGN,2013-11-01,82.7466812133789,118.69000244140625,118.75,116.55999755859375,117.06999969482422,2632300
AMGN,2013-11-04,81.76365661621094,117.27999877929688,119.69999694824219,116.88999938964844,118.7300033569336,2248700
AMGN,2013-11-05,80.27171325683594,115.13999938964844,116.87000274658203,114.8499984741211,116.33000183105469,3299300
AMGN,2013-11-06,79.00985717773438,113.33000183105469,116.29000091552734,113.08999633789062,116.25,3494200
AMGN,2013-11-07,77.40635681152344,111.02999877929688,115.25,110.6500015258789,114.16000366210938,3827400
AMGN,2013-11-08,78.92617797851562,113.20999908447266,113.97000122070312,111.2699966430664,111.41000366210938,3060000
AMGN,2013-11-11,78.89830780029297,113.16999816894531,113.9800033569336,111.66999816894531,113.0,2294800
AMGN,2013-11-12,78.90530395507812,112.70999908447266,112.94999694824219,111.44999694824219,112.16999816894531,2413500
AMGN,2013-11-13,79.47935485839844,113.52999877929688,113.97000122070312,110.8499984741211,111.55000305175781,3220900
AMGN,2013-11-14,80.79550170898438,115.41000366210938,116.76000213623047,113.62000274658203,114.0199966430664,4040300
AMGN,2013-11-15,80.4944839477539,114.9800033569336,115.62999725341797,113.69999694824219,115.0,2910500
AMGN,2013-11-18,81.22955322265625,116.02999877929688,117.72000122070312,115.75,116.5,2879800
AMGN,2013-11-19,80.83053588867188,115.45999908447266,116.16999816894531,114.6500015258789,115.70999908447266,2152200
AMGN,2013-11-20,80.90050506591797,115.55999755859375,116.69999694824219,114.88999938964844,115.36000061035156,2269300
AMGN,2013-11-21,78.5832748413086,112.25,116.37999725341797,110.75,115.80999755859375,7457200
AMGN,2013-11-22,79.12932586669922,113.02999877929688,113.5,112.2300033569336,113.01000213623047,4520400
AMGN,2013-11-25,79.78038787841797,113.95999908447266,114.04000091552734,112.45999908447266,113.3499984741211,3305000
AMGN,2013-11-26,79.577392578125,113.66999816894531,114.7300033569336,113.54000091552734,114.06999969482422,2737700
AMGN,2013-11-27,79.68238830566406,113.81999969482422,114.87999725341797,112.81999969482422,114.45999908447266,2848200
AMGN,2013-11-29,79.8644027709961,114.08000183105469,114.44999694824219,113.68000030517578,114.19000244140625,1828300
AMGN,2013-12-02,80.13745880126953,114.47000122070312,114.87000274658203,113.77999877929688,114.29000091552734,2185500
AMGN,2013-12-03,79.42334747314453,113.44999694824219,114.47000122070312,112.95999908447266,114.44000244140625,2582300
AMGN,2013-12-04,79.15735626220703,113.06999969482422,113.54000091552734,112.04000091552734,112.73999786376953,2433500
AMGN,2013-12-05,79.35335540771484,113.3499984741211,113.51000213623047,112.0999984741211,112.83999633789062,3638200
AMGN,2013-12-06,79.89242553710938,114.12000274658203,115.06999969482422,113.19000244140625,115.06999969482422,3243900
AMGN,2013-12-09,79.79440307617188,113.9800033569336,114.31999969482422,113.51000213623047,114.18000030517578,2452600
AMGN,2013-12-10,79.87845611572266,114.0999984741211,114.25,113.12000274658203,113.12000274658203,3459800
AMGN,2013-12-11,79.14334106445312,113.05000305175781,114.44999694824219,112.98999786376953,114.44999694824219,3660400
AMGN,2013-12-12,78.80728149414062,112.56999969482422,113.86000061035156,112.33999633789062,112.9000015258789,3327500
AMGN,2013-12-13,78.52027893066406,112.16000366210938,113.30000305175781,111.30999755859375,112.98999786376953,2645700
AMGN,2013-12-16,78.49227142333984,112.12000274658203,114.04000091552734,112.06999969482422,112.7300033569336,2078600
AMGN,2013-12-17,77.70816802978516,111.0,112.91999816894531,109.94000244140625,112.66999816894531,3987600
AMGN,2013-12-18,78.91934967041016,112.7300033569336,112.75,109.70999908447266,111.30000305175781,4045700
AMGN,2013-12-19,78.82830810546875,112.5999984741211,112.69000244140625,110.91999816894531,112.55000305175781,2802600
AMGN,2013-12-20,79.82943725585938,114.02999877929688,114.9800033569336,112.0199966430664,112.4000015258789,5285600
AMGN,2013-12-23,79.24833679199219,113.19999694824219,114.72000122070312,112.5199966430664,114.66999816894531,2156800
AMGN,2013-12-24,78.5832748413086,112.25,113.41000366210938,112.19999694824219,113.33999633789062,1013500
AMGN,2013-12-26,80.0604248046875,114.36000061035156,114.4800033569336,112.44999694824219,112.62000274658203,1558500
AMGN,2013-12-27,80.59249114990234,115.12000274658203,115.48999786376953,114.36000061035156,114.88999938964844,2038700
AMGN,2013-12-30,80.85150909423828,115.48999786376953,115.5199966430664,114.38999938964844,115.36000061035156,1534000
AMGN,2013-12-31,79.8644027709961,114.08000183105469,115.94999694824219,113.66999816894531,115.91000366210938,2362700
AMGN,2014-01-02,81.06855773925781,115.80000305175781,116.19000244140625,114.05999755859375,114.36000061035156,2528800
AMGN,2014-01-03,80.13745880126953,114.47000122070312,115.97000122070312,114.05999755859375,115.69999694824219,2075800
AMGN,2014-01-06,79.44437408447266,113.4800033569336,114.91999816894531,113.12000274658203,114.47000122070312,2838100
AMGN,2014-01-07,81.50959777832031,116.43000030517578,116.79000091552734,113.2699966430664,113.5,3632400
AMGN,2014-01-08,81.12450408935547,115.87999725341797,116.9000015258789,115.3499984741211,116.63999938964844,2481800
AMGN,2014-01-09,83.23176574707031,118.88999938964844,118.95999908447266,116.22000122070312,116.54000091552734,3400000
AMGN,2014-01-10,82.60169982910156,117.98999786376953,119.0,116.19999694824219,119.0,3053100
AMGN,2014-01-13,81.48856353759766,116.4000015258789,118.7300033569336,115.94000244140625,118.31999969482422,3703900
AMGN,2014-01-14,82.41268920898438,117.72000122070312,117.94000244140625,116.22000122070312,116.83999633789062,2541200
AMGN,2014-01-15,82.96575164794922,118.51000213623047,118.94999694824219,117.4000015258789,118.41999816894531,3064600
AMGN,2014-01-16,83.32976531982422,119.02999877929688,119.69000244140625,118.20999908447266,118.81999969482422,2553200
AMGN,2014-01-17,83.41378784179688,119.1500015258789,119.55000305175781,118.30999755859375,118.91000366210938,4010000
AMGN,2014-01-21,83.48377990722656,119.25,120.0,118.56999969482422,119.95999908447266,3072700
AMGN,2014-01-22,87.06816864013672,124.37000274658203,124.45999908447266,119.58000183105469,119.83000183105469,5086200
AMGN,2014-01-23,86.52912139892578,123.5999984741211,124.22000122070312,121.5999984741211,123.0,3534800
AMGN,2014-01-24,83.51181030273438,119.29000091552734,122.61000061035156,118.98999786376953,122.61000061035156,4992900
AMGN,2014-01-27,82.97274017333984,118.5199966430664,119.83000183105469,117.41999816894531,119.25,4125400
AMGN,2014-01-28,84.49888610839844,120.69999694824219,121.87000274658203,118.30999755859375,118.38999938964844,4348600
AMGN,2014-01-29,83.42778015136719,119.16999816894531,121.16000366210938,117.0,117.0,5730400
AMGN,2014-01-30,84.63190460205078,120.88999938964844,121.9800033569336,119.55000305175781,120.06999969482422,3321100
AMGN,2014-01-31,83.27375793457031,118.94999694824219,120.20999908447266,118.0999984741211,118.55000305175781,4934900
AMGN,2014-02-03,81.73358917236328,116.75,120.5,116.47000122070312,119.68000030517578,5046200
AMGN,2014-02-04,81.05455017089844,115.77999877929688,117.7300033569336,115.70999908447266,117.69000244140625,5093000
AMGN,2014-02-05,80.55747985839844,115.06999969482422,116.94000244140625,114.56999969482422,115.43000030517578,4332200
AMGN,2014-02-06,81.257568359375,116.06999969482422,116.81999969482422,115.08000183105469,115.62000274658203,2737000
AMGN,2014-02-07,83.23876953125,118.9000015258789,119.04000091552734,115.80999755859375,116.44000244140625,2837900
AMGN,2014-02-10,84.21886444091797,120.30000305175781,120.36000061035156,117.9000015258789,119.68000030517578,3352500
AMGN,2014-02-11,85.30949401855469,121.23999786376953,121.25,118.8499984741211,120.0,2502700
AMGN,2014-02-12,85.99205780029297,122.20999908447266,122.54000091552734,120.87000274658203,120.93000030517578,2187500
AMGN,2014-02-13,87.35711669921875,124.1500015258789,124.16000366210938,121.22000122070312,121.6500015258789,2530100
AMGN,2014-02-14,87.13898468017578,123.83999633789062,124.30000305175781,122.5199966430664,123.54000091552734,2677100
AMGN,2014-02-18,87.91300201416016,124.94000244140625,126.31999969482422,124.56999969482422,124.83999633789062,3082100
AMGN,2014-02-19,86.7942123413086,123.3499984741211,124.9000015258789,123.12999725341797,124.8499984741211,2779400
AMGN,2014-02-20,86.89271545410156,123.48999786376953,124.30999755859375,122.9000015258789,123.3499984741211,3020000
AMGN,2014-02-21,87.14601135253906,123.8499984741211,125.5,123.26000213623047,123.75,3395000
AMGN,2014-02-24,88.5110855102539,125.79000091552734,126.58999633789062,124.19999694824219,124.38999938964844,2772600
AMGN,2014-02-25,87.50484466552734,124.36000061035156,126.22000122070312,124.0199966430664,125.33999633789062,2416300
AMGN,2014-02-26,85.7457504272461,121.86000061035156,124.2300033569336,121.73999786376953,123.9000015258789,3895700
AMGN,2014-02-27,86.60421752929688,123.08000183105469,123.9000015258789,121.7699966430664,121.98999786376953,3772900
AMGN,2014-02-28,87.26560974121094,124.0199966430664,126.94999694824219,123.16999816894531,124.26000213623047,4853600
AMGN,2014-03-03,87.03343200683594,123.69000244140625,124.18000030517578,122.5199966430664,122.88999938964844,2503900
AMGN,2014-03-04,88.65884399414062,126.0,126.05999755859375,124.51000213623047,125.31999969482422,2557800
AMGN,2014-03-05,88.79254913330078,126.19000244140625,127.1500015258789,125.38999938964844,126.18000030517578,2478200
AMGN,2014-03-06,87.38529205322266,124.19000244140625,127.41999816894531,124.12000274658203,126.69000244140625,3067500
AMGN,2014-03-07,86.0272445678711,122.26000213623047,125.9000015258789,120.26000213623047,125.30999755859375,7124700
AMGN,2014-03-10,88.2366714477539,125.4000015258789,126.0999984741211,122.25,122.26000213623047,3786300
AMGN,2014-03-11,87.44157409667969,124.2699966430664,125.5999984741211,123.73999786376953,125.44999694824219,2655200
AMGN,2014-03-12,88.64478302001953,125.9800033569336,126.0,122.9800033569336,122.9800033569336,2761100
AMGN,2014-03-13,87.22343444824219,123.95999908447266,126.3499984741211,123.30999755859375,126.16999816894531,2436800
AMGN,2014-03-14,86.2242431640625,122.54000091552734,124.91000366210938,122.36000061035156,123.4000015258789,2213600
AMGN,2014-03-17,87.1530532836914,123.86000061035156,125.30999755859375,122.55000305175781,123.12000274658203,2574100
AMGN,2014-03-18,89.69317626953125,127.47000122070312,127.4800033569336,124.30999755859375,124.5,3255600
AMGN,2014-03-19,89.06698608398438,126.58000183105469,127.98999786376953,125.72000122070312,127.98999786376953,2599500
AMGN,2014-03-20,89.39765930175781,127.05000305175781,127.0999984741211,125.23999786376953,126.16000366210938,2311200
AMGN,2014-03-21,86.49869537353516,122.93000030517578,128.9600067138672,122.47000122070312,127.05000305175781,7101100
AMGN,2014-03-24,85.337646484375,121.27999877929688,123.5,118.55999755859375,123.2699966430664,4448100
AMGN,2014-03-25,84.8802719116211,120.62999725341797,123.94999694824219,119.66000366210938,121.73999786376953,3863700
AMGN,2014-03-26,84.51441192626953,120.11000061035156,122.88999938964844,120.05000305175781,121.2300033569336,3843800
AMGN,2014-03-27,86.04830169677734,122.29000091552734,123.9800033569336,120.5,121.30999755859375,4553400
AMGN,2014-03-28,84.82401275634766,120.55000305175781,124.12000274658203,120.37999725341797,122.2699966430664,3246000
AMGN,2014-03-31,86.78714752197266,123.33999633789062,124.52999877929688,122.19000244140625,122.5,4761200
AMGN,2014-04-01,88.70811462402344,126.06999969482422,126.2300033569336,123.51000213623047,123.66999816894531,3163600
AMGN,2014-04-02,88.64478302001953,125.9800033569336,127.08999633789062,125.0199966430664,126.0199966430664,2892900
AMGN,2014-04-03,87.3430404663086,124.12999725341797,127.25,123.12999725341797,126.16000366210938,3036300
AMGN,2014-04-04,83.81075286865234,119.11000061035156,125.37999725341797,118.98999786376953,125.06999969482422,5017400
AMGN,2014-04-07,83.6067123413086,118.81999969482422,119.73999786376953,116.55999755859375,118.19000244140625,4813100
AMGN,2014-04-08,83.015625,117.9800033569336,120.47000122070312,117.66999816894531,120.16999816894531,4181300
AMGN,2014-04-09,84.4369888305664,120.0,120.19000244140625,117.5,117.94000244140625,3441800
AMGN,2014-04-10,80.29255676269531,114.11000061035156,119.94999694824219,113.4000015258789,119.87000274658203,6201000
AMGN,2014-04-11,78.76564025878906,111.94000244140625,116.08999633789062,111.9000015258789,113.2699966430664,7262400
AMGN,2014-04-14,79.73668670654297,113.31999969482422,114.87999725341797,111.38999938964844,113.0,5428500
AMGN,2014-04-15,80.91881561279297,115.0,115.98999786376953,111.4000015258789,113.9000015258789,4750200
AMGN,2014-04-16,81.29873657226562,115.54000091552734,116.23999786376953,113.7300033569336,116.1500015258789,3451000
AMGN,2014-04-17,81.24248504638672,115.45999908447266,117.19000244140625,115.0199966430664,115.61000061035156,3237500
AMGN,2014-04-21,82.34017944335938,117.0199966430664,117.08999633789062,114.63999938964844,116.45999908447266,2657900
AMGN,2014-04-22,83.94445037841797,119.30000305175781,119.70999908447266,117.05000305175781,117.23999786376953,4277500
AMGN,2014-04-23,79.73668670654297,113.31999969482422,116.44999694824219,111.51000213623047,116.06999969482422,10965800
AMGN,2014-04-24,80.01812744140625,113.72000122070312,114.5,111.79000091552734,114.11000061035156,6112300
AMGN,2014-04-25,78.3927230834961,111.41000366210938,113.62000274658203,111.30000305175781,113.62000274658203,4512500
AMGN,2014-04-28,78.44196319580078,111.4800033569336,112.33999633789062,108.19999694824219,111.77999877929688,6113900
AMGN,2014-04-29,78.73749542236328,111.9000015258789,112.44999694824219,110.66999816894531,112.30000305175781,4116200
AMGN,2014-04-30,78.63197326660156,111.75,112.2699966430664,110.41000366210938,111.80999755859375,4464900
AMGN,2014-05-01,79.34264373779297,112.76000213623047,113.20999908447266,110.80999755859375,111.37999725341797,3642700
AMGN,2014-05-02,79.1033935546875,112.41999816894531,113.72000122070312,111.66999816894531,113.12999725341797,4319200
AMGN,2014-05-05,79.63814544677734,113.18000030517578,113.33999633789062,110.86000061035156,111.38999938964844,2544500
AMGN,2014-05-06,79.00486755371094,112.27999877929688,113.66999816894531,112.19999694824219,112.55999755859375,3760900
AMGN,2014-05-07,79.34965515136719,112.7699966430664,112.83999633789062,110.77999877929688,111.72000122070312,2823900
AMGN,2014-05-08,77.94943237304688,110.77999877929688,113.72000122070312,110.56999969482422,112.4000015258789,4161900
AMGN,2014-05-09,78.44196319580078,111.4800033569336,111.56999969482422,109.41000366210938,110.5,3487800
AMGN,2014-05-12,78.61788940429688,111.7300033569336,112.7300033569336,111.38999938964844,111.77999877929688,3554700
AMGN,2014-05-13,78.39855194091797,110.80999755859375,112.18000030517578,110.76000213623047,111.66000366210938,3676800
AMGN,2014-05-14,79.29000854492188,112.06999969482422,112.4800033569336,110.5199966430664,111.13999938964844,2991500
AMGN,2014-05-15,78.03065490722656,110.29000091552734,112.31999969482422,109.91999816894531,112.0,2785400
AMGN,2014-05-16,79.19805145263672,111.94000244140625,112.02999877929688,110.58999633789062,110.86000061035156,4193600
AMGN,2014-05-19,79.29711151123047,112.08000183105469,112.47000122070312,110.91999816894531,111.23999786376953,3652400
AMGN,2014-05-20,79.39613342285156,112.22000122070312,112.8499984741211,111.88999938964844,112.80000305175781,3234200
AMGN,2014-05-21,80.29466247558594,113.48999786376953,113.83999633789062,111.95999908447266,112.08000183105469,2805100
AMGN,2014-05-22,81.26392364501953,114.86000061035156,115.58999633789062,113.01000213623047,113.18000030517578,2582700
AMGN,2014-05-23,80.88896942138672,114.33000183105469,115.12000274658203,113.55999755859375,114.98999786376953,2812200
AMGN,2014-05-27,81.9926986694336,115.88999938964844,115.91999816894531,114.72000122070312,115.7300033569336,2513900
AMGN,2014-05-28,81.83704376220703,115.66999816894531,116.37999725341797,115.36000061035156,116.0999984741211,2261700
AMGN,2014-05-29,82.07051086425781,116.0,116.5,115.5,115.7699966430664,2123100
AMGN,2014-05-30,82.06340026855469,115.98999786376953,116.56999969482422,115.02999877929688,116.56999969482422,2251900
AMGN,2014-06-02,82.3888931274414,116.44999694824219,117.05999755859375,115.83000183105469,116.72000122070312,2741200
AMGN,2014-06-03,82.8629379272461,117.12000274658203,117.72000122070312,116.19999694824219,116.44999694824219,2474100
AMGN,2014-06-04,84.29914855957031,119.1500015258789,119.37999725341797,117.22000122070312,117.5,3047900
AMGN,2014-06-05,83.30155944824219,117.73999786376953,119.33999633789062,117.5999984741211,119.33999633789062,3116000
AMGN,2014-06-06,83.358154296875,117.81999969482422,118.83000183105469,117.0199966430664,118.81999969482422,2551800
AMGN,2014-06-09,82.35350036621094,116.4000015258789,117.79000091552734,116.04000091552734,117.47000122070312,2900100
AMGN,2014-06-10,82.8487548828125,117.0999984741211,117.1500015258789,115.69999694824219,115.76000213623047,1912800
AMGN,2014-06-11,82.31105041503906,116.33999633789062,117.5199966430664,115.5999984741211,116.95999908447266,2178400
AMGN,2014-06-12,82.21198272705078,116.19999694824219,116.62000274658203,115.61000061035156,116.13999938964844,1802900
AMGN,2014-06-13,82.09172821044922,116.02999877929688,116.69999694824219,115.30000305175781,116.66999816894531,1457000
AMGN,2014-06-16,82.1836929321289,116.16000366210938,116.91000366210938,115.7300033569336,116.0,2159600
AMGN,2014-06-17,82.19076538085938,116.16999816894531,116.8499984741211,115.66999816894531,116.75,2106100
AMGN,2014-06-18,83.12467956542969,117.48999786376953,117.55999755859375,115.5,116.44000244140625,2549100
AMGN,2014-06-19,83.37938690185547,117.8499984741211,118.12000274658203,117.18000030517578,118.12000274658203,2206300
AMGN,2014-06-20,85.58680725097656,120.97000122070312,121.0,117.83000183105469,118.52999877929688,6247400
AMGN,2014-06-23,84.28500366210938,119.12999725341797,120.8499984741211,118.5,120.68000030517578,2317200
AMGN,2014-06-24,84.04444122314453,118.79000091552734,120.26000213623047,118.33999633789062,119.45999908447266,2003100
AMGN,2014-06-25,84.49018096923828,119.41999816894531,120.33999633789062,118.27999877929688,118.69999694824219,2666800
AMGN,2014-06-26,84.29207611083984,119.13999938964844,119.97000122070312,117.4800033569336,119.95999908447266,2311400
AMGN,2014-06-27,83.90293884277344,118.58999633789062,119.5,117.5,119.47000122070312,3331900
AMGN,2014-06-30,83.7472915649414,118.37000274658203,119.16999816894531,118.19999694824219,118.95999908447266,2422700
AMGN,2014-07-01,85.11983489990234,120.30999755859375,120.5,119.05000305175781,119.38999938964844,2072500
AMGN,2014-07-02,85.62924194335938,121.02999877929688,121.22000122070312,120.0199966430664,120.08000183105469,1447000
AMGN,2014-07-03,86.91691589355469,122.8499984741211,122.8499984741211,120.72000122070312,121.44999694824219,1963400
AMGN,2014-07-07,85.01371765136719,120.16000366210938,123.11000061035156,120.04000091552734,121.8499984741211,3075700
AMGN,2014-07-08,84.87222290039062,119.95999908447266,120.9800033569336,119.0999984741211,119.98999786376953,2455400
AMGN,2014-07-09,84.59627532958984,119.56999969482422,120.62000274658203,118.91999816894531,120.44999694824219,2647600
AMGN,2014-07-10,84.15764617919922,118.94999694824219,119.19999694824219,117.87999725341797,118.91000366210938,2642500
AMGN,2014-07-11,84.73782348632812,119.7699966430664,120.80000305175781,119.11000061035156,120.43000030517578,2733200
AMGN,2014-07-14,84.17887878417969,118.9800033569336,120.86000061035156,118.80999755859375,120.83999633789062,2149600
AMGN,2014-07-15,82.67894744873047,116.86000061035156,119.47000122070312,116.56999969482422,118.73999786376953,3963000
AMGN,2014-07-16,83.28030395507812,117.70999908447266,117.8499984741211,116.2699966430664,117.8499984741211,4087100
AMGN,2014-07-17,81.63892364501953,115.38999938964844,117.16999816894531,115.20999908447266,116.7300033569336,2688000
AMGN,2014-07-18,83.69775390625,118.30000305175781,118.68000030517578,114.93000030517578,116.11000061035156,3477600
AMGN,2014-07-21,84.2142333984375,119.02999877929688,119.33999633789062,117.19999694824219,117.62999725341797,3076700
AMGN,2014-07-22,85.68585205078125,121.11000061035156,121.2699966430664,119.3499984741211,119.58999633789062,2806100
AMGN,2014-07-23,86.32260131835938,122.01000213623047,122.38999938964844,121.0,121.37999725341797,3527500
AMGN,2014-07-24,86.4994888305664,122.26000213623047,122.36000061035156,121.31999969482422,122.1500015258789,3219700
AMGN,2014-07-25,86.90983581542969,122.83999633789062,122.87999725341797,121.66999816894531,121.97000122070312,3028900
AMGN,2014-07-28,86.7754135131836,122.6500015258789,123.05000305175781,121.66000366210938,122.62999725341797,2432000
AMGN,2014-07-29,87.24234771728516,123.30999755859375,124.38999938964844,122.25,122.5199966430664,3988100
AMGN,2014-07-30,91.98262786865234,130.00999450683594,131.24000549316406,128.6300048828125,128.6300048828125,8465700
AMGN,2014-07-31,90.12898254394531,127.38999938964844,129.33999633789062,127.04000091552734,128.38999938964844,4839300
AMGN,2014-08-01,88.82716369628906,125.55000305175781,127.30000305175781,124.76000213623047,126.16999816894531,4542700
AMGN,2014-08-04,91.02044677734375,128.64999389648438,129.38999938964844,126.5199966430664,129.0,6403700
AMGN,2014-08-05,90.47566986083984,127.87999725341797,129.0,126.62000274658203,127.51000213623047,3749100
AMGN,2014-08-06,89.9167251586914,127.08999633789062,128.77999877929688,126.52999877929688,127.26000213623047,2579000
AMGN,2014-08-07,88.96865844726562,125.75,128.88999938964844,125.51000213623047,127.41000366210938,3065200
AMGN,2014-08-08,89.81768798828125,126.94999694824219,127.41000366210938,125.13999938964844,125.22000122070312,2206800
AMGN,2014-08-11,90.0794677734375,127.31999969482422,128.0,126.58000183105469,127.86000061035156,2529200
AMGN,2014-08-12,89.80221557617188,126.31999969482422,126.9000015258789,125.4000015258789,126.22000122070312,2324500
AMGN,2014-08-13,90.52733612060547,127.33999633789062,127.80000305175781,126.30000305175781,126.6500015258789,2537300
AMGN,2014-08-14,93.74063110351562,131.86000061035156,132.52000427246094,124.80999755859375,125.19999694824219,6408400
AMGN,2014-08-15,94.4089126586914,132.8000030517578,133.30999755859375,130.0,133.30999755859375,4347800
AMGN,2014-08-18,94.70747375488281,133.22000122070312,133.97999572753906,132.3699951171875,133.35000610351562,3156700
AMGN,2014-08-19,94.5652847290039,133.02000427246094,133.69000244140625,131.8000030517578,133.36000061035156,1878900
AMGN,2014-08-20,94.32359313964844,132.67999267578125,133.27000427246094,131.85000610351562,131.97000122070312,1748900
AMGN,2014-08-21,94.21692657470703,132.52999877929688,133.00999450683594,132.0399932861328,132.9600067138672,1774300
AMGN,2014-08-22,94.42314147949219,132.82000732421875,133.4600067138672,132.4199981689453,132.99000549316406,2017800
AMGN,2014-08-25,95.82361602783203,134.7899932861328,134.92999267578125,133.3800048828125,133.3800048828125,2997500
AMGN,2014-08-26,97.58666229248047,137.27000427246094,137.6699981689453,134.89999389648438,134.91000366210938,3891200
AMGN,2014-08-27,97.98475646972656,137.8300018310547,138.57000732421875,136.69000244140625,137.94000244140625,2693200
AMGN,2014-08-28,98.59617614746094,138.69000244140625,139.3800048828125,137.2899932861328,137.64999389648438,3899700
AMGN,2014-08-29,99.08665466308594,139.3800048828125,139.72999572753906,138.30999755859375,139.4499969482422,2362500
AMGN,2014-09-02,98.07718658447266,137.9600067138672,139.92999267578125,137.1999969482422,139.6199951171875,3287800
AMGN,2014-09-03,98.5179672241211,138.5800018310547,138.85000610351562,137.33999633789062,138.52999877929688,2729300
AMGN,2014-09-04,98.11273193359375,138.00999450683594,139.5,137.52999877929688,138.74000549316406,2975400
AMGN,2014-09-05,98.02030944824219,137.8800048828125,138.3300018310547,135.6300048828125,138.22000122070312,3357100
AMGN,2014-09-08,99.00849151611328,139.27000427246094,139.36000061035156,137.66000366210938,138.0,2512900
AMGN,2014-09-09,97.67198181152344,137.38999938964844,138.97999572753906,137.07000732421875,138.66000366210938,3122500
AMGN,2014-09-10,98.95162963867188,139.19000244140625,139.72000122070312,137.27000427246094,137.38999938964844,2330500
AMGN,2014-09-11,98.78811645507812,138.9600067138672,139.92999267578125,137.35000610351562,138.52999877929688,3620000
AMGN,2014-09-12,98.02742004394531,137.88999938964844,138.99000549316406,136.82000732421875,138.50999450683594,2329700
AMGN,2014-09-15,98.08433532714844,137.97000122070312,138.05999755859375,136.88999938964844,137.57000732421875,2174500
AMGN,2014-09-16,99.05116271972656,139.3300018310547,139.5500030517578,136.9499969482422,137.32000732421875,2398900
AMGN,2014-09-17,100.03219604492188,140.7100067138672,141.57000732421875,138.6199951171875,140.0,3940900
AMGN,2014-09-18,100.96350860595703,142.02000427246094,142.16000366210938,139.9499969482422,140.89999389648438,2160400
AMGN,2014-09-19,102.3781967163086,144.00999450683594,144.4600067138672,142.2899932861328,142.99000549316406,6703300
AMGN,2014-09-22,101.07723236083984,142.17999267578125,144.02000427246094,141.08999633789062,143.2899932861328,3082800
AMGN,2014-09-23,100.01085662841797,140.67999267578125,142.39999389648438,140.57000732421875,141.83999633789062,2320900
AMGN,2014-09-24,101.11990356445312,142.24000549316406,142.47999572753906,140.02000427246094,140.75,3227600
AMGN,2014-09-25,99.42082977294922,139.85000610351562,143.02999877929688,139.39999389648438,142.0800018310547,2676400
AMGN,2014-09-26,100.281005859375,141.05999755859375,141.19000244140625,138.92999267578125,140.00999450683594,2296200
AMGN,2014-09-29,99.5772476196289,140.07000732421875,141.5,139.3300018310547,139.9600067138672,2218700
AMGN,2014-09-30,99.85448455810547,140.4600067138672,141.5800018310547,139.02000427246094,140.30999755859375,2646800
AMGN,2014-10-01,98.6885986328125,138.82000732421875,140.77999877929688,138.17999267578125,140.38999938964844,3752200
AMGN,2014-10-02,97.536865234375,137.1999969482422,139.77000427246094,136.32000732421875,138.97999572753906,3060900
AMGN,2014-10-03,98.92318725585938,139.14999389648438,139.7100067138672,137.89999389648438,138.07000732421875,3429000
AMGN,2014-10-06,97.828369140625,137.61000061035156,140.5500030517578,136.97999572753906,138.07000732421875,3190200
AMGN,2014-10-07,96.70510864257812,136.02999877929688,137.5399932861328,135.97999572753906,137.13999938964844,2679500
AMGN,2014-10-08,99.5772476196289,140.07000732421875,140.3800048828125,135.4199981689453,135.61000061035156,3621000
AMGN,2014-10-09,97.80704498291016,137.5800018310547,140.19000244140625,137.02000427246094,139.57000732421875,2750500
AMGN,2014-10-10,97.67198181152344,137.38999938964844,140.74000549316406,136.77999877929688,136.77999877929688,5750400
AMGN,2014-10-13,94.94920349121094,133.55999755859375,137.80999755859375,133.52000427246094,137.0500030517578,6866700
AMGN,2014-10-14,93.98233795166016,132.1999969482422,135.42999267578125,131.92999267578125,135.3800048828125,3736400
AMGN,2014-10-15,93.05815887451172,130.89999389648438,131.3699951171875,128.60000610351562,131.02000427246094,4700100
AMGN,2014-10-16,92.73826599121094,130.4499969482422,130.8800048828125,127.66999816894531,128.14999389648438,7906000
AMGN,2014-10-17,95.04161834716797,133.69000244140625,139.85000610351562,129.5,131.25,7351500
AMGN,2014-10-20,97.75724029541016,137.50999450683594,137.5500030517578,133.00999450683594,133.27999877929688,6623800
AMGN,2014-10-21,102.43512725830078,144.08999633789062,145.49000549316406,137.00999450683594,138.49000549316406,8951400
AMGN,2014-10-22,102.11517333984375,143.63999938964844,144.41000366210938,141.6699981689453,143.80999755859375,5222100
AMGN,2014-10-23,104.68157958984375,147.25,148.13999938964844,145.24000549316406,145.89999389648438,4710700
AMGN,2014-10-24,104.68861389160156,147.25999450683594,147.5,145.52000427246094,146.85000610351562,5318400
AMGN,2014-10-27,105.3569107055664,148.1999969482422,148.47000122070312,146.11000061035156,146.6999969482422,4172500
AMGN,2014-10-28,111.748046875,157.19000244140625,157.25,151.47000122070312,151.75,11623200
AMGN,2014-10-29,112.94945526123047,158.8800048828125,159.72000122070312,156.91000366210938,157.91000366210938,7069800
AMGN,2014-10-30,114.86888122558594,161.5800018310547,161.5800018310547,158.16000366210938,158.63999938964844,3864500
AMGN,2014-10-31,115.2954330444336,162.17999267578125,164.64999389648438,161.4199981689453,164.55999755859375,7971100
AMGN,2014-11-03,114.85466766357422,161.55999755859375,162.41000366210938,159.64999389648438,162.0800018310547,5823800
AMGN,2014-11-04,114.03714752197266,160.41000366210938,161.99000549316406,159.1699981689453,160.69000244140625,3719000
AMGN,2014-11-05,112.9920883178711,158.94000244140625,161.30999755859375,158.80999755859375,161.30999755859375,4062900
AMGN,2014-11-06,113.99446868896484,160.35000610351562,160.94000244140625,159.47000122070312,159.97000122070312,3310900
AMGN,2014-11-07,113.92339324951172,160.25,162.25,158.32000732421875,162.07000732421875,3633300
AMGN,2014-11-10,116.38542938232422,163.08999633789062,163.1999969482422,160.5,161.00999450683594,3160900
AMGN,2014-11-11,115.90726470947266,162.4199981689453,163.86000061035156,161.52000427246094,163.0800018310547,3015700
AMGN,2014-11-12,115.55756378173828,161.92999267578125,163.07000732421875,161.0399932861328,161.77000427246094,3528900
AMGN,2014-11-13,114.786865234375,160.85000610351562,162.35000610351562,159.5800018310547,162.11000061035156,3636900
AMGN,2014-11-14,112.52468872070312,157.67999267578125,161.27999877929688,156.6199951171875,161.10000610351562,4505700
AMGN,2014-11-17,113.56656646728516,159.13999938964844,160.1999969482422,156.66000366210938,156.91000366210938,2662400
AMGN,2014-11-18,115.77880859375,162.24000549316406,162.38999938964844,158.3699951171875,158.91000366210938,3135600
AMGN,2014-11-19,116.06428527832031,162.63999938964844,163.27999877929688,160.3699951171875,161.27999877929688,2422900
AMGN,2014-11-20,116.09278106689453,162.67999267578125,164.8300018310547,161.75,161.91000366210938,3208900
AMGN,2014-11-21,116.18560791015625,162.80999755859375,165.5800018310547,161.42999267578125,165.5800018310547,3717000
AMGN,2014-11-24,117.1632080078125,164.17999267578125,165.67999267578125,162.9499969482422,163.0,2193300
AMGN,2014-11-25,115.77880859375,162.24000549316406,164.41000366210938,160.6999969482422,164.05999755859375,3564900
AMGN,2014-11-26,117.5486068725586,164.72000122070312,164.83999633789062,162.47000122070312,162.75,2118000
AMGN,2014-11-28,117.96965026855469,165.30999755859375,167.35000610351562,164.52000427246094,165.0,1794800
AMGN,2014-12-01,118.75463104248047,166.41000366210938,167.3699951171875,164.1699981689453,165.1199951171875,2514200
AMGN,2014-12-02,120.80274200439453,169.27999877929688,169.3300018310547,166.8000030517578,167.60000610351562,3290200
AMGN,2014-12-03,119.93927764892578,168.07000732421875,169.49000549316406,166.5,169.27999877929688,2369100
AMGN,2014-12-04,118.85456848144531,166.5500030517578,168.75999450683594,166.4499969482422,167.5399932861328,3357800
AMGN,2014-12-05,120.77420043945312,169.24000549316406,169.41000366210938,166.11000061035156,166.67999267578125,2548700
AMGN,2014-12-08,122.4869155883789,171.63999938964844,173.13999938964844,169.0,169.38999938964844,3953700
AMGN,2014-12-09,120.88123321533203,169.38999938964844,170.91000366210938,167.44000244140625,170.32000732421875,3712300
AMGN,2014-12-10,118.02672576904297,165.38999938964844,169.75,165.0,169.0,3490200
AMGN,2014-12-11,118.51912689208984,166.0800018310547,169.63999938964844,165.60000610351562,166.6999969482422,3173600
AMGN,2014-12-12,117.41300964355469,164.52999877929688,167.7100067138672,162.3000030517578,163.13999938964844,3366700
AMGN,2014-12-15,113.8947982788086,159.60000610351562,164.99000549316406,159.39999389648438,164.77000427246094,4428300
AMGN,2014-12-16,113.78070831298828,159.44000244140625,163.9600067138672,157.5,157.67999267578125,4492800
AMGN,2014-12-17,116.6636734008789,163.47999572753906,164.00999450683594,158.60000610351562,159.4600067138672,3417900
AMGN,2014-12-18,120.23185729980469,168.47999572753906,168.58999633789062,164.5800018310547,166.10000610351562,3511800
AMGN,2014-12-19,121.4378433227539,170.1699981689453,171.72999572753906,167.39999389648438,168.91000366210938,7856300
AMGN,2014-12-22,117.41300964355469,164.52999877929688,169.0399932861328,163.91000366210938,168.30999755859375,4061500
AMGN,2014-12-23,112.41053009033203,157.52000427246094,164.99000549316406,154.36000061035156,164.91000366210938,7091700
AMGN,2014-12-24,114.65843963623047,160.6699981689453,163.1699981689453,156.47000122070312,156.52999877929688,2222800
AMGN,2014-12-26,116.64949035644531,163.4600067138672,164.14999389648438,161.85000610351562,162.16000366210938,1707500
AMGN,2014-12-29,116.21411895751953,162.85000610351562,164.0500030517578,161.52000427246094,163.8300018310547,1727600
AMGN,2014-12-30,114.62983703613281,160.6300048828125,162.72999572753906,160.17999267578125,162.69000244140625,2019800
AMGN,2014-12-31,113.67361450195312,159.2899932861328,163.27999877929688,159.25999450683594,161.6699981689453,2691900
AMGN,2015-01-02,114.10179138183594,159.88999938964844,162.58999633789062,158.60000610351562,160.16000366210938,2605400
AMGN,2015-01-05,112.74589538574219,157.99000549316406,159.60000610351562,154.25999450683594,157.42999267578125,4080300
AMGN,2015-01-06,109.11357116699219,152.89999389648438,158.8800048828125,152.3300018310547,158.77999877929688,5075800
AMGN,2015-01-07,112.92435455322266,158.24000549316406,158.5800018310547,153.00999450683594,154.08999633789062,3502400
AMGN,2015-01-08,112.51756286621094,157.6699981689453,162.75999450683594,155.14999389648438,159.60000610351562,4560200
AMGN,2015-01-09,111.13311767578125,155.72999572753906,158.75999450683594,154.6300048828125,158.75999450683594,3949100
AMGN,2015-01-12,111.48279571533203,156.22000122070312,157.99000549316406,154.99000549316406,156.22000122070312,2700700
AMGN,2015-01-13,110.71206665039062,155.13999938964844,160.9600067138672,153.41000366210938,158.88999938964844,4570400
AMGN,2015-01-14,110.72636413574219,155.16000366210938,155.5399932861328,152.57000732421875,152.8699951171875,3426400
AMGN,2015-01-15,108.41417694091797,151.9199981689453,157.74000549316406,151.52999877929688,156.14999389648438,2894000
AMGN,2015-01-16,113.05989074707031,158.42999267578125,158.44000244140625,152.02999877929688,152.42999267578125,3513200
AMGN,2015-01-20,112.46759033203125,157.60000610351562,159.72999572753906,154.64999389648438,159.2100067138672,3664400
AMGN,2015-01-21,112.31059265136719,157.3800048828125,158.27000427246094,155.3800048828125,155.3800048828125,2804900
AMGN,2015-01-22,113.87342071533203,159.57000732421875,159.77999877929688,154.11000061035156,158.1699981689453,3783100
AMGN,2015-01-23,114.04472351074219,159.80999755859375,160.00999450683594,158.25,159.8000030517578,2249400
AMGN,2015-01-26,113.98763275146484,159.72999572753906,161.47999572753906,157.6699981689453,159.6199951171875,3149600
AMGN,2015-01-27,113.38815307617188,158.88999938964844,160.74000549316406,158.27999877929688,158.52999877929688,2876300
AMGN,2015-01-28,110.35525512695312,154.63999938964844,160.91000366210938,154.50999450683594,158.32000732421875,4927100
AMGN,2015-01-29,111.58985900878906,156.3699951171875,156.83999633789062,153.75999450683594,154.88999938964844,3435500
AMGN,2015-01-30,108.65679931640625,152.25999450683594,156.8699951171875,151.52999877929688,155.5500030517578,5318200
AMGN,2015-02-02,108.82807159423828,152.5,153.97000122070312,149.39999389648438,153.41000366210938,3832500
AMGN,2015-02-03,108.63542175292969,152.22999572753906,153.75999450683594,148.8699951171875,153.75999450683594,4298400
AMGN,2015-02-04,108.07878112792969,151.4499969482422,153.14999389648438,147.4199981689453,150.1300048828125,5827100
AMGN,2015-02-05,109.44181823730469,153.36000061035156,153.89999389648438,151.02000427246094,152.2899932861328,3564400
AMGN,2015-02-06,108.04306030273438,151.39999389648438,154.75999450683594,150.60000610351562,154.32000732421875,3242700
AMGN,2015-02-09,107.05113220214844,150.00999450683594,151.8300018310547,149.1999969482422,150.0,3236400
AMGN,2015-02-10,109.45449829101562,152.57000732421875,152.6300048828125,149.0500030517578,150.5,4108600
AMGN,2015-02-11,109.84185791015625,153.11000061035156,155.24000549316406,152.25999450683594,153.3000030517578,3998700
AMGN,2015-02-12,109.89209747314453,153.17999267578125,154.8300018310547,151.1199951171875,154.8300018310547,2935800
AMGN,2015-02-13,110.1072998046875,153.47999572753906,153.80999755859375,150.2100067138672,153.6199951171875,3591400
AMGN,2015-02-17,110.65251159667969,154.24000549316406,154.85000610351562,153.0,153.52000427246094,3895600
AMGN,2015-02-18,111.75731658935547,155.77999877929688,156.22999572753906,153.63999938964844,154.22000122070312,3297900
AMGN,2015-02-19,111.95100402832031,156.0500030517578,156.4199981689453,155.0399932861328,155.97000122070312,3913900
AMGN,2015-02-20,113.1060562133789,157.66000366210938,157.75,155.05999755859375,156.42999267578125,4411100
AMGN,2015-02-23,113.6512680053711,158.4199981689453,159.1999969482422,157.80999755859375,158.07000732421875,3094300
AMGN,2015-02-24,112.89801025390625,157.3699951171875,159.11000061035156,156.25,159.0,2060500
AMGN,2015-02-25,113.40736389160156,158.0800018310547,158.77999877929688,155.74000549316406,157.75999450683594,3262800
AMGN,2015-02-26,114.04582977294922,158.97000122070312,159.39999389648438,156.0,158.47999572753906,3379800
AMGN,2015-02-27,113.14912414550781,157.72000122070312,159.24000549316406,157.1999969482422,159.10000610351562,2472000
AMGN,2015-03-02,114.51931762695312,159.6300048828125,159.89999389648438,157.6199951171875,159.2899932861328,3483500
AMGN,2015-03-03,113.751708984375,158.55999755859375,159.39999389648438,157.50999450683594,159.39999389648438,2334900
AMGN,2015-03-04,114.20368957519531,159.19000244140625,159.74000549316406,156.80999755859375,158.0500030517578,3098600
AMGN,2015-03-05,114.49776458740234,159.60000610351562,161.47999572753906,158.86000061035156,160.0,2470900
AMGN,2015-03-06,111.1116714477539,154.8800048828125,159.9199981689453,154.0,158.5,4091400
AMGN,2015-03-09,111.20492553710938,155.00999450683594,155.74000549316406,152.77999877929688,154.85000610351562,2135000
AMGN,2015-03-10,110.17902374267578,153.5800018310547,155.6300048828125,152.2899932861328,152.8699951171875,3509600
AMGN,2015-03-11,109.54773712158203,152.6999969482422,154.27000427246094,152.4199981689453,154.1199951171875,2487100
AMGN,2015-03-12,110.65969848632812,154.25,154.77000427246094,152.9499969482422,154.25999450683594,1889400
AMGN,2015-03-13,110.6668701171875,154.25999450683594,154.75,152.5800018310547,153.27999877929688,2737900
AMGN,2015-03-16,116.95850372314453,163.02999877929688,163.1999969482422,156.74000549316406,157.72999572753906,5201600
AMGN,2015-03-17,116.98719024658203,163.07000732421875,163.75999450683594,161.74000549316406,162.25,2620800
AMGN,2015-03-18,119.47663116455078,166.5399932861328,167.60000610351562,161.8300018310547,162.97000122070312,3690100
AMGN,2015-03-19,121.32036590576172,169.11000061035156,169.22000122070312,166.97000122070312,167.6699981689453,3756600
AMGN,2015-03-20,122.0305404663086,170.10000610351562,172.36000061035156,168.50999450683594,170.39999389648438,9040600
AMGN,2015-03-23,119.47663116455078,166.5399932861328,169.2100067138672,165.6999969482422,168.89999389648438,3879900
AMGN,2015-03-24,119.09638977050781,166.00999450683594,168.25,165.39999389648438,166.05999755859375,2555600
AMGN,2015-03-25,115.22956085205078,160.6199951171875,166.7899932861328,160.57000732421875,166.0,4010100
AMGN,2015-03-26,115.17937469482422,160.5500030517578,162.69000244140625,157.36000061035156,158.83999633789062,3146500
AMGN,2015-03-27,116.64288330078125,162.58999633789062,163.4499969482422,161.0,161.25999450683594,2438900
AMGN,2015-03-30,117.87678527832031,164.30999755859375,165.82000732421875,163.0500030517578,164.50999450683594,2388100
AMGN,2015-03-31,114.67716217041016,159.85000610351562,164.08999633789062,159.72000122070312,163.32000732421875,3111000
AMGN,2015-04-01,112.70433044433594,157.10000610351562,159.38999938964844,154.63999938964844,159.3699951171875,5135000
AMGN,2015-04-02,111.8290786743164,155.8800048828125,158.17999267578125,155.02999877929688,157.1199951171875,3015200
AMGN,2015-04-06,111.39865112304688,155.27999877929688,157.27000427246094,154.60000610351562,154.8000030517578,3185700
AMGN,2015-04-07,112.83346557617188,157.27999877929688,159.47000122070312,155.27999877929688,155.6199951171875,2942600
AMGN,2015-04-08,115.02153778076172,160.3300018310547,160.99000549316406,157.66000366210938,157.67999267578125,3031200
AMGN,2015-04-09,115.8537368774414,161.49000549316406,161.8000030517578,159.07000732421875,161.22999572753906,2860600
AMGN,2015-04-10,117.20960235595703,163.3800048828125,163.69000244140625,160.30999755859375,161.58999633789062,2407200
AMGN,2015-04-13,116.57112884521484,162.49000549316406,164.72000122070312,162.33999633789062,162.82000732421875,1767700
AMGN,2015-04-14,116.62853240966797,162.57000732421875,163.47000122070312,160.55999755859375,162.5,2099400
AMGN,2015-04-15,118.70896911621094,165.47000122070312,165.91000366210938,162.86000061035156,163.1199951171875,3659300
AMGN,2015-04-16,119.71337890625,166.8699951171875,167.63999938964844,165.07000732421875,166.39999389648438,3085600
AMGN,2015-04-17,117.35310363769531,163.5800018310547,165.5,161.72000122070312,165.0,4249700
AMGN,2015-04-20,119.06768798828125,165.97000122070312,166.0500030517578,163.05999755859375,164.63999938964844,2760900
AMGN,2015-04-21,120.85401916503906,168.4600067138672,168.8800048828125,167.07000732421875,167.08999633789062,3794800
AMGN,2015-04-22,121.31322479248047,169.10000610351562,173.60000610351562,167.00999450683594,173.0399932861328,5352200
AMGN,2015-04-23,121.36336517333984,169.1699981689453,169.5500030517578,166.5800018310547,167.94000244140625,3668100
AMGN,2015-04-24,120.45944213867188,167.91000366210938,169.25,166.05999755859375,168.14999389648438,2548300
AMGN,2015-04-27,116.49223327636719,162.3800048828125,168.72000122070312,161.5500030517578,168.49000549316406,4386200
AMGN,2015-04-28,116.57112884521484,162.49000549316406,165.3000030517578,160.6300048828125,162.14999389648438,4262800
AMGN,2015-04-29,115.48780822753906,160.97999572753906,163.4600067138672,159.52999877929688,161.27999877929688,3281800
AMGN,2015-04-30,113.28541564941406,157.91000366210938,161.7100067138672,156.47000122070312,159.83999633789062,4444300
AMGN,2015-05-01,115.04300689697266,160.36000061035156,161.69000244140625,158.64999389648438,159.5,3259800
AMGN,2015-05-04,116.29852294921875,162.11000061035156,163.9600067138672,161.4499969482422,161.5,3496200
AMGN,2015-05-05,114.38307189941406,159.44000244140625,162.19000244140625,159.24000549316406,161.30999755859375,3086000
AMGN,2015-05-06,114.03147888183594,158.9499969482422,160.38999938964844,156.64999389648438,160.0,3762700
AMGN,2015-05-07,113.27825927734375,157.89999389648438,159.82000732421875,157.1999969482422,159.24000549316406,4374000
AMGN,2015-05-08,116.4635238647461,162.33999633789062,162.86000061035156,159.1300048828125,159.77999877929688,4664200
AMGN,2015-05-11,115.53807830810547,161.0500030517578,162.99000549316406,161.0,162.30999755859375,2723800
AMGN,2015-05-12,114.08173370361328,158.24000549316406,159.25999450683594,155.7100067138672,159.0,4359700
AMGN,2015-05-13,114.18990325927734,158.38999938964844,161.24000549316406,157.64999389648438,159.74000549316406,2727000
AMGN,2015-05-14,116.7780990600586,161.97999572753906,162.16000366210938,158.19000244140625,159.89999389648438,2717500
AMGN,2015-05-15,117.05203247070312,162.36000061035156,163.6300048828125,161.67999267578125,163.27000427246094,2384600
AMGN,2015-05-18,117.83063507080078,163.44000244140625,163.89999389648438,161.27000427246094,161.6999969482422,2153900
AMGN,2015-05-19,117.9171142578125,163.55999755859375,164.1199951171875,162.4600067138672,163.86000061035156,1746600
AMGN,2015-05-20,118.21998596191406,163.97999572753906,165.58999633789062,162.39999389648438,163.97000122070312,2027300
AMGN,2015-05-21,118.1189956665039,163.83999633789062,164.72999572753906,162.82000732421875,163.52000427246094,2156600
AMGN,2015-05-22,117.93157196044922,163.5800018310547,164.57000732421875,163.02999877929688,163.5800018310547,1636000
AMGN,2015-05-26,114.63684844970703,159.00999450683594,162.4600067138672,158.0,160.64999389648438,4078300
AMGN,2015-05-27,115.66783905029297,160.44000244140625,161.0,159.27999877929688,159.9600067138672,3336300
AMGN,2015-05-28,113.44012451171875,157.35000610351562,159.60000610351562,155.8300018310547,159.60000610351562,4205300
AMGN,2015-05-29,112.65424346923828,156.25999450683594,157.97000122070312,155.5800018310547,156.7899932861328,4414300
AMGN,2015-06-01,113.20940399169922,157.02999877929688,158.0,155.5,157.58999633789062,2849800
AMGN,2015-06-02,112.78408813476562,156.44000244140625,157.97000122070312,154.8000030517578,156.8800048828125,2497200
AMGN,2015-06-03,113.2815170288086,157.1300048828125,157.86000061035156,156.39999389648438,157.4499969482422,2160500
AMGN,2015-06-04,113.97355651855469,158.08999633789062,158.47000122070312,156.3000030517578,156.60000610351562,3917700
AMGN,2015-06-05,113.36797332763672,157.25,159.39999389648438,156.02999877929688,158.5,3431100
AMGN,2015-06-08,112.80567932128906,156.47000122070312,158.47000122070312,155.6300048828125,157.3000030517578,2081700
AMGN,2015-06-09,111.6016845703125,154.8000030517578,157.11000061035156,153.91000366210938,156.5500030517578,2766000
AMGN,2015-06-10,112.14248657226562,155.5500030517578,155.8800048828125,150.85000610351562,153.39999389648438,5972800
AMGN,2015-06-11,113.87989807128906,157.9600067138672,158.97000122070312,156.44000244140625,157.91000366210938,3633400
AMGN,2015-06-12,112.5533447265625,156.1199951171875,157.74000549316406,155.00999450683594,157.22999572753906,2398100
AMGN,2015-06-15,112.53892517089844,156.10000610351562,156.3699951171875,153.57000732421875,154.75,2585200
AMGN,2015-06-16,112.63267517089844,156.22999572753906,156.80999755859375,155.08999633789062,155.80999755859375,1723300
AMGN,2015-06-17,112.21448516845703,155.64999389648438,156.97999572753906,154.8800048828125,156.86000061035156,3008600
AMGN,2015-06-18,115.43706512451172,160.1199951171875,160.77000427246094,156.30999755859375,156.3300018310547,3454500
AMGN,2015-06-19,115.86968231201172,160.72000122070312,162.22999572753906,159.77000427246094,160.1300048828125,5182000
AMGN,2015-06-22,116.95106506347656,162.22000122070312,163.25999450683594,161.4499969482422,161.6199951171875,1926600
AMGN,2015-06-23,116.56898498535156,161.69000244140625,163.5,161.0399932861328,163.4499969482422,2451800
AMGN,2015-06-24,115.27127075195312,159.88999938964844,161.83999633789062,159.27999877929688,161.52999877929688,2522600
AMGN,2015-06-25,114.45664978027344,158.75999450683594,160.83999633789062,158.02000427246094,160.82000732421875,2411400
AMGN,2015-06-26,113.92316436767578,158.02000427246094,159.7899932861328,157.22999572753906,159.41000366210938,3537900
AMGN,2015-06-29,109.29468536376953,151.60000610351562,157.9600067138672,151.42999267578125,156.6300048828125,4784800
AMGN,2015-06-30,110.67888641357422,153.52000427246094,154.22000122070312,151.50999450683594,153.24000549316406,3893300
AMGN,2015-07-01,111.73870849609375,154.99000549316406,155.75,153.42999267578125,154.94000244140625,2299100
AMGN,2015-07-02,110.49143981933594,153.25999450683594,155.57000732421875,153.00999450683594,155.14999389648438,2119800
AMGN,2015-07-06,111.38544464111328,154.5,156.07000732421875,151.88999938964844,152.13999938964844,2773500
AMGN,2015-07-07,112.0270767211914,155.38999938964844,155.6999969482422,152.17999267578125,155.25,2253200
AMGN,2015-07-08,109.80658721923828,152.30999755859375,154.85000610351562,151.92999267578125,154.11000061035156,2393500
AMGN,2015-07-09,109.08563995361328,151.30999755859375,153.89999389648438,151.0399932861328,152.44000244140625,4146300
AMGN,2015-07-10,111.0970458984375,154.10000610351562,154.52999877929688,152.49000549316406,153.99000549316406,3976600
AMGN,2015-07-13,112.29380798339844,155.75999450683594,156.55999755859375,154.9199981689453,155.27999877929688,1803400
AMGN,2015-07-14,114.86040496826172,159.32000732421875,160.30999755859375,155.75999450683594,156.33999633789062,3624800
AMGN,2015-07-15,115.67501831054688,160.4499969482422,162.5500030517578,159.5800018310547,160.4600067138672,2618600
AMGN,2015-07-16,117.54229736328125,163.0399932861328,163.75,161.07000732421875,161.72999572753906,2487500
AMGN,2015-07-17,117.70807647705078,163.27000427246094,163.5,160.60000610351562,163.0500030517578,3248500
AMGN,2015-07-20,118.47952270507812,164.33999633789062,165.39999389648438,162.88999938964844,163.55999755859375,2692400
AMGN,2015-07-21,118.01807403564453,163.6999969482422,165.32000732421875,162.3699951171875,164.72000122070312,2690000
AMGN,2015-07-22,118.41461181640625,164.25,164.67999267578125,161.47000122070312,161.47000122070312,2106900
AMGN,2015-07-23,118.30648040771484,164.10000610351562,165.1199951171875,162.7899932861328,165.0,1716300
AMGN,2015-07-24,114.33411407470703,158.58999633789062,163.72999572753906,157.2100067138672,162.11000061035156,4410700
AMGN,2015-07-27,119.34461975097656,165.5399932861328,165.94000244140625,159.16000366210938,159.3699951171875,5757200
AMGN,2015-07-28,124.5354232788086,172.74000549316406,174.8000030517578,166.1199951171875,166.1199951171875,8553600
AMGN,2015-07-29,123.61983489990234,171.47000122070312,173.67999267578125,169.1199951171875,172.9199981689453,5112300
AMGN,2015-07-30,123.77840423583984,171.69000244140625,172.47999572753906,168.2100067138672,170.08999633789062,4044100
AMGN,2015-07-31,127.31102752685547,176.58999633789062,181.80999755859375,176.0,177.5,7289400
AMGN,2015-08-03,126.59007263183594,175.58999633789062,177.0500030517578,174.02000427246094,176.8000030517578,2922600
AMGN,2015-08-04,126.0205078125,174.8000030517578,176.22000122070312,173.6199951171875,175.7899932861328,2474200
AMGN,2015-08-05,127.2028579711914,176.44000244140625,177.52000427246094,175.3800048828125,175.52999877929688,2146700
AMGN,2015-08-06,122.31494903564453,169.66000366210938,176.9600067138672,168.25,176.94000244140625,3775400
AMGN,2015-08-07,124.22537231445312,172.30999755859375,172.47000122070312,166.39999389648438,169.6699981689453,4156000
AMGN,2015-08-10,122.99259185791016,170.60000610351562,174.69000244140625,170.4499969482422,172.89999389648438,2729600
AMGN,2015-08-11,121.5218505859375,168.55999755859375,169.72999572753906,166.88999938964844,169.6699981689453,2924900
AMGN,2015-08-12,123.00703430175781,170.6199951171875,171.19000244140625,164.6199951171875,167.69000244140625,4486400
AMGN,2015-08-13,122.10160827636719,168.5800018310547,170.99000549316406,168.02999877929688,170.5,1897000
AMGN,2015-08-14,121.47875213623047,167.72000122070312,169.6300048828125,166.66000366210938,168.08999633789062,2704500
AMGN,2015-08-17,122.97803497314453,169.7899932861328,169.88999938964844,166.0,167.0500030517578,1988800
AMGN,2015-08-18,121.47875213623047,167.72000122070312,170.24000549316406,167.10000610351562,170.00999450683594,2273400
AMGN,2015-08-19,120.64582824707031,166.57000732421875,167.72000122070312,164.4499969482422,166.82000732421875,3139800
AMGN,2015-08-20,116.7201156616211,161.14999389648438,165.5,161.02999877929688,164.3300018310547,3491800
AMGN,2015-08-21,112.40336608886719,155.19000244140625,163.9199981689453,155.19000244140625,158.97000122070312,6208400
AMGN,2015-08-24,106.93489074707031,147.63999938964844,154.4199981689453,140.0,145.3300018310547,8697500
AMGN,2015-08-25,105.1603775024414,145.19000244140625,153.8800048828125,144.8800048828125,152.5,6701100
AMGN,2015-08-26,111.52693939208984,153.97999572753906,154.11000061035156,147.1300048828125,151.22999572753906,5251300
AMGN,2015-08-27,112.78717041015625,155.72000122070312,157.10000610351562,151.36000061035156,154.8800048828125,4910500
AMGN,2015-08-28,112.91033172607422,155.88999938964844,158.0,153.7100067138672,156.3800048828125,4649300
AMGN,2015-08-31,109.9334945678711,151.77999877929688,156.35000610351562,151.3000030517578,155.3300018310547,4354500
AMGN,2015-09-01,106.80455017089844,147.4600067138672,150.99000549316406,146.9499969482422,149.22999572753906,5523000
AMGN,2015-09-02,110.30284881591797,152.2899932861328,152.35000610351562,147.25,149.07000732421875,4339100
AMGN,2015-09-03,108.08650970458984,149.22999572753906,154.1199951171875,148.92999267578125,152.67999267578125,2868400
AMGN,2015-09-04,106.48580932617188,147.02000427246094,148.9600067138672,145.75,147.49000549316406,3362800
AMGN,2015-09-08,111.947021484375,154.55999755859375,154.66000366210938,151.0,151.60000610351562,4508400
AMGN,2015-09-09,109.42645263671875,151.0800018310547,156.75999450683594,150.6199951171875,156.19000244140625,2987600
AMGN,2015-09-10,110.91850280761719,153.13999938964844,154.32000732421875,150.55999755859375,150.83999633789062,3477900
AMGN,2015-09-11,110.96925354003906,153.2100067138672,153.4499969482422,150.92999267578125,152.0500030517578,2422700
AMGN,2015-09-14,109.36848449707031,151.0,153.88999938964844,150.0500030517578,153.88999938964844,2896200
AMGN,2015-09-15,110.1942138671875,152.13999938964844,152.7899932861328,150.24000549316406,152.02000427246094,2560200
AMGN,2015-09-16,109.4989013671875,151.17999267578125,152.8800048828125,148.47000122070312,151.97000122070312,4004200
AMGN,2015-09-17,111.47624206542969,153.91000366210938,156.33999633789062,151.0,151.6999969482422,3519500
AMGN,2015-09-18,109.07154846191406,150.58999633789062,153.3699951171875,149.02999877929688,151.1199951171875,6487300
AMGN,2015-09-21,106.53651428222656,147.08999633789062,152.8000030517578,146.32000732421875,151.97000122070312,4702600
AMGN,2015-09-22,105.69634246826172,145.92999267578125,146.77999877929688,142.82000732421875,145.0,4518000
AMGN,2015-09-23,105.54425811767578,145.72000122070312,147.0399932861328,144.02999877929688,146.0800018310547,2785400
AMGN,2015-09-24,103.94355010986328,143.50999450683594,145.6300048828125,141.36000061035156,144.72000122070312,3519200
AMGN,2015-09-25,100.33660125732422,138.52999877929688,146.75,136.75999450683594,146.05999755859375,5243700
AMGN,2015-09-28,95.78077697753906,132.24000549316406,138.19000244140625,130.08999633789062,137.99000549316406,7514700
AMGN,2015-09-29,96.92514038085938,133.82000732421875,138.0,131.42999267578125,132.0,6251500
AMGN,2015-09-30,100.1844711303711,138.32000732421875,139.25,135.86000061035156,136.66000366210938,6209500
AMGN,2015-10-01,101.56788635253906,140.22999572753906,140.63999938964844,136.60000610351562,138.5500030517578,4675900
AMGN,2015-10-02,103.19029998779297,142.47000122070312,142.5399932861328,135.63999938964844,138.25999450683594,4803500
AMGN,2015-10-05,104.15363311767578,143.8000030517578,144.91000366210938,142.22000122070312,144.0,4367100
AMGN,2015-10-06,102.28490447998047,141.22000122070312,143.3699951171875,138.05999755859375,142.1199951171875,4759700
AMGN,2015-10-07,107.23188018798828,148.0500030517578,148.30999755859375,140.24000549316406,142.64999389648438,8002400
AMGN,2015-10-08,108.57180786132812,149.89999389648438,150.99000549316406,145.02999877929688,147.67999267578125,6638500
AMGN,2015-10-09,108.34723663330078,149.58999633789062,150.75,148.00999450683594,149.25,3080900
AMGN,2015-10-12,110.83888244628906,153.02999877929688,155.1199951171875,151.6300048828125,152.77999877929688,5473000
AMGN,2015-10-13,106.89144897460938,147.5800018310547,152.97999572753906,147.44000244140625,151.5399932861328,4143900
AMGN,2015-10-14,107.05801391601562,147.80999755859375,150.92999267578125,147.1300048828125,148.3800048828125,3197400
AMGN,2015-10-15,110.48395538330078,152.5399932861328,152.77999877929688,146.97000122070312,147.4499969482422,3269600
AMGN,2015-10-16,110.5346450805664,152.61000061035156,154.1199951171875,150.5800018310547,153.19000244140625,4793100
AMGN,2015-10-19,111.8818130493164,154.47000122070312,156.13999938964844,152.4600067138672,152.61000061035156,3271700
AMGN,2015-10-20,108.97016906738281,150.4499969482422,155.0,149.47000122070312,154.19000244140625,3385300
AMGN,2015-10-21,108.70943450927734,150.08999633789062,152.75,147.3000030517578,152.3699951171875,3832600
AMGN,2015-10-22,110.3173599243164,152.30999755859375,152.94000244140625,148.57000732421875,152.10000610351562,4079800
AMGN,2015-10-23,112.80891418457031,155.75,156.1999969482422,151.86000061035156,153.61000061035156,3657300
AMGN,2015-10-26,114.85865783691406,158.5800018310547,159.91000366210938,154.64999389648438,156.0,4346600
AMGN,2015-10-27,117.3212890625,161.97999572753906,162.1199951171875,157.8300018310547,158.5800018310547,3877200
AMGN,2015-10-28,117.82103729248047,162.6699981689453,162.8699951171875,158.72999572753906,162.72000122070312,4878900
AMGN,2015-10-29,116.3072509765625,160.5800018310547,165.0,158.94000244140625,164.99000549316406,4870200
AMGN,2015-10-30,114.56895446777344,158.17999267578125,162.0,158.1300048828125,161.05999755859375,4589700
AMGN,2015-11-02,117.5603256225586,162.30999755859375,162.75,158.3699951171875,159.00999450683594,3222500
AMGN,2015-11-03,117.66893005371094,162.4600067138672,163.14999389648438,160.5,160.97000122070312,2411500
AMGN,2015-11-04,117.24888610839844,161.8800048828125,163.99000549316406,160.77000427246094,162.85000610351562,3059500
AMGN,2015-11-05,116.77080535888672,161.22000122070312,162.47999572753906,158.82000732421875,162.1999969482422,2202400
AMGN,2015-11-06,116.2203369140625,160.4600067138672,160.8699951171875,156.83999633789062,160.8699951171875,3344000
AMGN,2015-11-09,115.61923217773438,159.6300048828125,160.61000061035156,158.32000732421875,159.75,2722200
AMGN,2015-11-10,114.70655822753906,158.3699951171875,161.1699981689453,158.0500030517578,160.25,2871300
AMGN,2015-11-11,113.61294555664062,156.86000061035156,159.57000732421875,156.75999450683594,159.25999450683594,1920400
AMGN,2015-11-12,109.90753173828125,150.97999572753906,157.6999969482422,150.82000732421875,155.94000244140625,4767200
AMGN,2015-11-13,110.32252502441406,151.5500030517578,153.52000427246094,148.0,150.67999267578125,3855000
AMGN,2015-11-16,112.47000122070312,154.5,154.77999877929688,151.10000610351562,152.02000427246094,2443200
AMGN,2015-11-17,114.72669982910156,157.60000610351562,159.1300048828125,153.6999969482422,154.91000366210938,3644300
AMGN,2015-11-18,117.14352416992188,160.9199981689453,161.1199951171875,156.35000610351562,158.11000061035156,2975800
AMGN,2015-11-19,116.10250854492188,159.49000549316406,161.52000427246094,158.8300018310547,159.88999938964844,2041000
AMGN,2015-11-20,116.40830993652344,159.91000366210938,161.33999633789062,159.5500030517578,160.74000549316406,2728000
AMGN,2015-11-23,118.27186584472656,162.47000122070312,163.1300048828125,159.6300048828125,159.6300048828125,4168400
AMGN,2015-11-24,118.49750518798828,162.77999877929688,163.33999633789062,161.0,161.00999450683594,3687000
AMGN,2015-11-25,119.34920501708984,163.9499969482422,164.58999633789062,162.7100067138672,163.0500030517578,2134200
AMGN,2015-11-27,119.03621673583984,163.52000427246094,165.0,163.13999938964844,164.75999450683594,1052400
AMGN,2015-11-30,117.27452850341797,161.10000610351562,164.0,160.36000061035156,163.49000549316406,2982600
AMGN,2015-12-01,117.91513061523438,161.97999572753906,163.42999267578125,160.52000427246094,162.7100067138672,2429000
AMGN,2015-12-02,116.85234069824219,160.52000427246094,162.38999938964844,160.10000610351562,161.6199951171875,2871600
AMGN,2015-12-03,112.57915496826172,154.64999389648438,160.52000427246094,153.7100067138672,160.27000427246094,4468600
AMGN,2015-12-04,117.51476287841797,161.42999267578125,161.9499969482422,154.9499969482422,154.9600067138672,3920900
AMGN,2015-12-07,115.2362289428711,158.3000030517578,162.97000122070312,157.5399932861328,162.91000366210938,3566700
AMGN,2015-12-08,116.00064086914062,159.35000610351562,160.6699981689453,156.0399932861328,156.61000061035156,2249200
AMGN,2015-12-09,114.93778991699219,157.88999938964844,159.80999755859375,156.1199951171875,158.35000610351562,2995600
AMGN,2015-12-10,116.23355102539062,159.6699981689453,160.85000610351562,157.0,158.97000122070312,2814000
AMGN,2015-12-11,112.94317626953125,155.14999389648438,158.77999877929688,154.7899932861328,157.82000732421875,3005700
AMGN,2015-12-14,115.0979232788086,158.11000061035156,158.33999633789062,153.42999267578125,155.97999572753906,2780600
AMGN,2015-12-15,118.38103485107422,162.6199951171875,164.4499969482422,161.55999755859375,161.64999389648438,5365600
AMGN,2015-12-16,119.80785369873047,164.5800018310547,165.22999572753906,162.10000610351562,164.30999755859375,3923600
AMGN,2015-12-17,117.51476287841797,161.42999267578125,164.99000549316406,159.80999755859375,164.5800018310547,3699400
AMGN,2015-12-18,115.6002426147461,158.8000030517578,161.82000732421875,158.6199951171875,160.5,6227000
AMGN,2015-12-21,115.94965362548828,159.27999877929688,160.3800048828125,157.3800048828125,159.8800048828125,3818900
AMGN,2015-12-22,118.14813232421875,162.3000030517578,163.3699951171875,160.0399932861328,160.5,3125500
AMGN,2015-12-23,118.45381164550781,162.72000122070312,163.5,161.64999389648438,163.02999877929688,2202100
AMGN,2015-12-24,119.05802154541016,163.5500030517578,164.36000061035156,162.22000122070312,163.6999969482422,943000
AMGN,2015-12-28,117.73314666748047,161.72999572753906,163.1300048828125,160.60000610351562,162.91000366210938,1513000
AMGN,2015-12-29,119.70594787597656,164.44000244140625,164.9600067138672,162.0500030517578,162.9199981689453,2171100
AMGN,2015-12-30,118.86875915527344,163.2899932861328,164.75,162.91000366210938,164.6300048828125,1493000
AMGN,2015-12-31,118.16995239257812,162.3300018310547,164.11000061035156,162.0500030517578,162.14999389648438,1775900
AMGN,2016-01-04,115.26541900634766,158.33999633789062,159.22000122070312,156.08999633789062,159.0,5083200
AMGN,2016-01-05,115.14163208007812,158.1699981689453,160.2100067138672,157.25,159.0,2678900
AMGN,2016-01-06,114.0860595703125,156.72000122070312,157.92999267578125,154.89999389648438,155.00999450683594,3826900
AMGN,2016-01-07,111.3635025024414,152.97999572753906,156.4499969482422,152.88999938964844,153.05999755859375,4162500
AMGN,2016-01-08,109.71104431152344,150.7100067138672,154.86000061035156,150.4600067138672,153.1199951171875,4179600
AMGN,2016-01-11,107.51258087158203,147.69000244140625,151.58999633789062,144.1699981689453,151.3300018310547,4747400
AMGN,2016-01-12,109.76929473876953,150.7899932861328,151.24000549316406,146.9199981689453,148.42999267578125,4410600
AMGN,2016-01-13,105.88922119140625,145.4600067138672,152.8300018310547,145.27999877929688,151.13999938964844,3982100
AMGN,2016-01-14,111.49449920654297,153.16000366210938,155.3000030517578,144.57000732421875,146.02000427246094,5649000
AMGN,2016-01-15,110.14055633544922,151.3000030517578,152.3000030517578,147.69000244140625,147.69000244140625,6213000
AMGN,2016-01-19,110.14055633544922,151.3000030517578,154.6199951171875,148.22999572753906,153.4499969482422,4382200
AMGN,2016-01-20,112.84854888916016,155.02000427246094,156.83999633789062,148.0500030517578,149.0,7338600
AMGN,2016-01-21,111.21791076660156,152.77999877929688,155.02000427246094,150.24000549316406,154.75,4674000
AMGN,2016-01-22,113.62015533447266,156.0800018310547,156.9600067138672,154.24000549316406,156.4499969482422,4577300
AMGN,2016-01-25,111.69110107421875,153.42999267578125,158.0,153.0,156.17999267578125,4765100
AMGN,2016-01-26,111.94586944580078,153.77999877929688,155.22999572753906,151.08999633789062,152.77999877929688,3645500
AMGN,2016-01-27,109.53630065917969,150.47000122070312,154.88999938964844,148.8699951171875,154.88999938964844,3752300
AMGN,2016-01-28,107.99302673339844,148.35000610351562,151.7100067138672,145.4199981689453,151.10000610351562,4246500
AMGN,2016-01-29,111.1814956665039,152.72999572753906,153.0,145.25,149.39999389648438,7174400
AMGN,2016-02-01,111.19608306884766,152.75,153.72000122070312,149.33999633789062,151.30999755859375,4602200
AMGN,2016-02-02,109.27421569824219,150.11000061035156,151.49000549316406,148.47999572753906,150.47999572753906,3881400
AMGN,2016-02-03,109.69646453857422,150.69000244140625,151.17999267578125,147.07000732421875,150.5,4530600
AMGN,2016-02-04,109.1286392211914,149.91000366210938,151.9600067138672,148.8000030517578,150.5,3685200
AMGN,2016-02-05,105.58351135253906,145.0399932861328,149.38999938964844,143.69000244140625,148.92999267578125,6451900
AMGN,2016-02-08,104.09846496582031,143.0,144.57000732421875,140.16000366210938,143.5,4627300
AMGN,2016-02-09,104.2149429321289,143.16000366210938,145.6300048828125,140.82000732421875,141.02000427246094,4211100
AMGN,2016-02-10,105.41605377197266,144.80999755859375,147.1300048828125,143.9600067138672,145.2100067138672,4273500
AMGN,2016-02-11,103.69346618652344,141.4600067138672,143.49000549316406,140.0399932861328,140.75999450683594,4374400
AMGN,2016-02-12,106.08309173583984,144.72000122070312,144.97000122070312,141.13999938964844,143.1300048828125,3218000
AMGN,2016-02-16,107.86434936523438,147.14999389648438,148.05999755859375,145.67999267578125,146.88999938964844,3371300
AMGN,2016-02-17,110.73780822753906,151.07000732421875,151.52000427246094,147.39999389648438,148.3000030517578,3811100
AMGN,2016-02-18,109.44035339355469,149.3000030517578,152.36000061035156,149.0800018310547,150.7899932861328,2892100
AMGN,2016-02-19,110.04142761230469,150.1199951171875,151.75999450683594,148.25999450683594,148.97999572753906,2796800
AMGN,2016-02-22,108.89788818359375,148.55999755859375,149.77000427246094,146.94000244140625,148.72000122070312,4603300
AMGN,2016-02-23,107.9449691772461,147.25999450683594,149.72000122070312,146.86000061035156,148.14999389648438,3315200
AMGN,2016-02-24,107.83504486083984,147.11000061035156,147.27000427246094,143.91000366210938,145.5,3316100
AMGN,2016-02-25,107.57115173339844,146.75,148.38999938964844,145.25999450683594,147.36000061035156,3446800
AMGN,2016-02-26,108.19420623779297,147.60000610351562,149.5,146.9499969482422,148.50999450683594,3411500
AMGN,2016-02-29,104.29457092285156,142.27999877929688,147.6699981689453,142.22000122070312,146.9600067138672,5193800
AMGN,2016-03-01,108.77330017089844,148.38999938964844,148.4499969482422,142.27999877929688,144.3000030517578,4477700
AMGN,2016-03-02,108.11360931396484,147.49000549316406,148.6300048828125,146.2100067138672,148.0,3689900
AMGN,2016-03-03,106.904052734375,145.83999633789062,147.2899932861328,145.32000732421875,147.22000122070312,2988900
AMGN,2016-03-04,107.0067138671875,145.97999572753906,147.3000030517578,144.5399932861328,147.02999877929688,3471400
AMGN,2016-03-07,107.98162078857422,147.30999755859375,147.8699951171875,144.75999450683594,144.97999572753906,3278800
AMGN,2016-03-08,106.01716613769531,144.6300048828125,147.0,144.32000732421875,146.88999938964844,3064100
AMGN,2016-03-09,103.28296661376953,140.89999389648438,144.0800018310547,139.91000366210938,144.0,6075400
AMGN,2016-03-10,103.37825012207031,141.02999877929688,143.47999572753906,139.02000427246094,142.05999755859375,4572900
AMGN,2016-03-11,105.97315979003906,144.57000732421875,144.99000549316406,142.1699981689453,142.9499969482422,4861700
AMGN,2016-03-14,106.00980377197266,144.6199951171875,145.30999755859375,143.19000244140625,143.86000061035156,3013800
AMGN,2016-03-15,104.9761962890625,143.2100067138672,145.3000030517578,142.8000030517578,144.83999633789062,3034200
AMGN,2016-03-16,105.54067993164062,143.97999572753906,147.0,141.92999267578125,143.0,6104700
AMGN,2016-03-17,105.65066528320312,144.1300048828125,145.8000030517578,141.83999633789062,143.72000122070312,4899700
AMGN,2016-03-18,106.6622085571289,145.50999450683594,146.39999389648438,142.50999450683594,144.97000122070312,6802600
AMGN,2016-03-21,107.76171112060547,147.00999450683594,147.9499969482422,145.02000427246094,145.3000030517578,3176800
AMGN,2016-03-22,110.4079818725586,150.6199951171875,150.99000549316406,146.8300018310547,147.0500030517578,4213900
AMGN,2016-03-23,109.04452514648438,148.75999450683594,151.91000366210938,148.13999938964844,150.30999755859375,3107600
AMGN,2016-03-24,109.3963851928711,149.24000549316406,150.9499969482422,147.60000610351562,148.75999450683594,3025800
AMGN,2016-03-28,108.75862884521484,148.3699951171875,150.36000061035156,147.32000732421875,149.32000732421875,2111000
AMGN,2016-03-29,109.57962799072266,149.49000549316406,149.69000244140625,146.8000030517578,148.4600067138672,2735700
AMGN,2016-03-30,109.57232666015625,149.47999572753906,150.8800048828125,148.3000030517578,149.61000061035156,2324500
AMGN,2016-03-31,109.90215301513672,149.92999267578125,150.9600067138672,149.1300048828125,149.3300018310547,2799600
AMGN,2016-04-01,113.00286102294922,154.16000366210938,154.44000244140625,149.10000610351562,150.02000427246094,3972200
AMGN,2016-04-04,113.36939239501953,154.66000366210938,155.9600067138672,153.6999969482422,154.0,2314200
AMGN,2016-04-05,112.11587524414062,152.9499969482422,155.16000366210938,152.6199951171875,153.67999267578125,2604600
AMGN,2016-04-06,117.03446960449219,159.66000366210938,159.85000610351562,153.52000427246094,154.24000549316406,4067000
AMGN,2016-04-07,115.36319732666016,157.3800048828125,159.97999572753906,156.57000732421875,159.0500030517578,3363900
AMGN,2016-04-08,114.6888198852539,156.4600067138672,159.0,155.4199981689453,158.24000549316406,2522100
AMGN,2016-04-11,114.63750457763672,156.38999938964844,157.75,155.27999877929688,156.39999389648438,2732800
AMGN,2016-04-12,116.25749206542969,158.60000610351562,159.1999969482422,156.11000061035156,156.13999938964844,2763400
AMGN,2016-04-13,117.3277359008789,160.05999755859375,160.88999938964844,158.22999572753906,159.02000427246094,3860600
AMGN,2016-04-14,117.37165069580078,160.1199951171875,160.77000427246094,159.3699951171875,159.80999755859375,2406800
AMGN,2016-04-15,117.37901306152344,160.1300048828125,160.38999938964844,158.4600067138672,160.14999389648438,2824300
AMGN,2016-04-18,118.52982330322266,161.6999969482422,162.10000610351562,159.39999389648438,159.49000549316406,2081100
AMGN,2016-04-19,118.82302856445312,162.10000610351562,162.5,160.33999633789062,160.8000030517578,2693000
AMGN,2016-04-20,119.30683135986328,162.75999450683594,163.83999633789062,161.8000030517578,163.02000427246094,2374300
AMGN,2016-04-21,120.47237396240234,164.35000610351562,164.5399932861328,162.02999877929688,162.44000244140625,2348400
AMGN,2016-04-22,119.62207794189453,163.19000244140625,164.6999969482422,162.17999267578125,164.52000427246094,2757200
AMGN,2016-04-25,119.81998443603516,163.4600067138672,163.75,162.24000549316406,163.14999389648438,1596300
AMGN,2016-04-26,119.37279510498047,162.85000610351562,163.91000366210938,162.02000427246094,163.38999938964844,2156600
AMGN,2016-04-27,118.01673126220703,161.0,162.89999389648438,160.5,162.72000122070312,2729500
AMGN,2016-04-28,117.69417572021484,160.55999755859375,163.67999267578125,159.36000061035156,160.22000122070312,3354100
AMGN,2016-04-29,116.03753662109375,158.3000030517578,161.9199981689453,156.3800048828125,159.38999938964844,5386600
AMGN,2016-05-02,116.54337310791016,158.99000549316406,159.4199981689453,157.2100067138672,158.6199951171875,2433700
AMGN,2016-05-03,114.60818481445312,156.35000610351562,158.4600067138672,156.0,158.3699951171875,2862900
AMGN,2016-05-04,113.01752471923828,154.17999267578125,155.86000061035156,153.52999877929688,155.27999877929688,3048400
AMGN,2016-05-05,113.06883239746094,154.25,156.2100067138672,153.36000061035156,154.1300048828125,2325400
AMGN,2016-05-06,112.2918472290039,153.19000244140625,154.4499969482422,151.36000061035156,153.49000549316406,3004800
AMGN,2016-05-09,113.91919708251953,155.41000366210938,156.0800018310547,153.02000427246094,153.6999969482422,2990100
AMGN,2016-05-10,115.26053619384766,157.24000549316406,157.5,154.9499969482422,155.9499969482422,2585000
AMGN,2016-05-11,113.01752471923828,154.17999267578125,158.25,154.08999633789062,157.72999572753906,2741800
AMGN,2016-05-12,112.07923889160156,152.89999389648438,155.0,151.97000122070312,154.67999267578125,2981600
AMGN,2016-05-13,112.41127014160156,152.35000610351562,154.0800018310547,151.22000122070312,151.22000122070312,2451200
AMGN,2016-05-16,113.09008026123047,153.27000427246094,153.86000061035156,151.6999969482422,152.35000610351562,2415100
AMGN,2016-05-17,110.75847625732422,150.11000061035156,152.91000366210938,149.44000244140625,152.4499969482422,4486500
AMGN,2016-05-18,111.28971099853516,150.8300018310547,151.42999267578125,149.2100067138672,149.91000366210938,3234500
AMGN,2016-05-19,109.69601440429688,148.6699981689453,150.22999572753906,147.1199951171875,149.4499969482422,3023600
AMGN,2016-05-20,110.81013488769531,150.17999267578125,151.7100067138672,148.64999389648438,148.9199981689453,3075800
AMGN,2016-05-23,110.16079711914062,149.3000030517578,150.75,149.14999389648438,150.0399932861328,1543400
AMGN,2016-05-24,112.68431854248047,152.72000122070312,152.94000244140625,150.38999938964844,150.7100067138672,2581000
AMGN,2016-05-25,114.78715515136719,155.57000732421875,155.83999633789062,153.14999389648438,153.5399932861328,3053100
AMGN,2016-05-26,114.77240753173828,155.5500030517578,156.27999877929688,154.5500030517578,154.9199981689453,1808600
AMGN,2016-05-27,115.65042877197266,156.74000549316406,156.8800048828125,155.11000061035156,156.1999969482422,1364000
AMGN,2016-05-31,116.54324340820312,157.9499969482422,158.42999267578125,156.86000061035156,157.4199981689453,3204400
AMGN,2016-06-01,116.61700439453125,158.0500030517578,158.83999633789062,156.6699981689453,157.61000061035156,1716400
AMGN,2016-06-02,117.95992279052734,159.8699951171875,159.8699951171875,157.9499969482422,158.22999572753906,2386300
AMGN,2016-06-03,117.45816802978516,159.19000244140625,159.99000549316406,156.82000732421875,159.86000061035156,2149300
AMGN,2016-06-06,118.19597625732422,160.19000244140625,160.75,158.88999938964844,159.5800018310547,1897600
AMGN,2016-06-07,117.23677062988281,158.88999938964844,159.63999938964844,158.27999877929688,159.1300048828125,1896700
AMGN,2016-06-08,116.58016967773438,158.0,158.94000244140625,157.5399932861328,158.47999572753906,2476000
AMGN,2016-06-09,115.67994689941406,156.77999877929688,158.97999572753906,156.0,157.75999450683594,2383200
AMGN,2016-06-10,114.20427703857422,154.77999877929688,156.32000732421875,153.63999938964844,155.25999450683594,2626100
AMGN,2016-06-13,112.94988250732422,153.0800018310547,156.1199951171875,152.99000549316406,155.05999755859375,2340300
AMGN,2016-06-14,112.88351440429688,152.99000549316406,153.47999572753906,151.63999938964844,152.74000549316406,2115200
AMGN,2016-06-15,112.07923889160156,151.89999389648438,154.0800018310547,151.82000732421875,153.1300048828125,2443700
AMGN,2016-06-16,112.37437438964844,152.3000030517578,152.89999389648438,150.6999969482422,151.67999267578125,2321700
AMGN,2016-06-17,110.39695739746094,149.6199951171875,152.75999450683594,149.5500030517578,152.61000061035156,4681500
AMGN,2016-06-20,111.15693664550781,150.64999389648438,152.69000244140625,150.3699951171875,151.7899932861328,3250500
AMGN,2016-06-21,110.24934387207031,149.4199981689453,151.47000122070312,148.5,151.13999938964844,2622200
AMGN,2016-06-22,110.53714752197266,149.80999755859375,152.17999267578125,149.0,149.0800018310547,4470100
AMGN,2016-06-23,112.35227966308594,152.27000427246094,152.39999389648438,150.6300048828125,151.2100067138672,3000400
AMGN,2016-06-24,108.05794525146484,146.4499969482422,149.3000030517578,146.02999877929688,147.1999969482422,4919200
AMGN,2016-06-27,106.67816162109375,144.5800018310547,147.07000732421875,143.82000732421875,146.16000366210938,4176700
AMGN,2016-06-28,109.51154327392578,148.4199981689453,148.4199981689453,145.60000610351562,145.88999938964844,4348000
AMGN,2016-06-29,110.7511215209961,150.10000610351562,150.75,148.6300048828125,149.11000061035156,3771100
AMGN,2016-06-30,112.263671875,152.14999389648438,152.42999267578125,149.8300018310547,150.8300018310547,3480700
AMGN,2016-07-01,113.83534240722656,154.27999877929688,154.9499969482422,152.25,152.42999267578125,2758100
AMGN,2016-07-05,113.82794952392578,154.27000427246094,154.94000244140625,153.3800048828125,154.2899932861328,2349100
AMGN,2016-07-06,115.14132690429688,156.0500030517578,156.82000732421875,152.9499969482422,153.44000244140625,3834000
AMGN,2016-07-07,115.53973388671875,156.58999633789062,156.75999450683594,155.25,155.86000061035156,2437100
AMGN,2016-07-08,118.8674545288086,161.10000610351562,161.11000061035156,156.1999969482422,157.6199951171875,3741500
AMGN,2016-07-11,118.18861389160156,160.17999267578125,162.32000732421875,160.0,161.36000061035156,2464700
AMGN,2016-07-12,119.50200653076172,161.9600067138672,162.27999877929688,160.50999450683594,160.6199951171875,2407200
AMGN,2016-07-13,118.43949890136719,160.52000427246094,162.66000366210938,160.30999755859375,162.63999938964844,2691800
AMGN,2016-07-14,120.07754516601562,162.74000549316406,162.99000549316406,160.74000549316406,162.0,2444800
AMGN,2016-07-15,120.4759521484375,163.27999877929688,164.57000732421875,161.55999755859375,163.4499969482422,3179700
AMGN,2016-07-18,120.21769714355469,162.92999267578125,164.0,162.7899932861328,163.82000732421875,1815600
AMGN,2016-07-19,119.8930435180664,162.49000549316406,164.7100067138672,161.94000244140625,163.1999969482422,2249500
AMGN,2016-07-20,120.45384216308594,163.25,163.64999389648438,161.82000732421875,162.4499969482422,2161400
AMGN,2016-07-21,121.14740753173828,164.19000244140625,164.25999450683594,162.7100067138672,163.38999938964844,1971800
AMGN,2016-07-22,122.23938751220703,165.6699981689453,166.3300018310547,164.0,164.77999877929688,2500400
AMGN,2016-07-25,122.8961181640625,166.55999755859375,166.9499969482422,164.07000732421875,165.6999969482422,2704900
AMGN,2016-07-26,123.71514129638672,167.6699981689453,168.0500030517578,165.77000427246094,165.88999938964844,2883600
AMGN,2016-07-27,125.9360122680664,170.67999267578125,171.08999633789062,167.44000244140625,167.4499969482422,4200200
AMGN,2016-07-28,126.37875366210938,171.27999877929688,171.8000030517578,166.50999450683594,168.92999267578125,5192500
AMGN,2016-07-29,126.93213653564453,172.02999877929688,172.25999450683594,170.52999877929688,171.57000732421875,3121600
AMGN,2016-08-01,128.50375366210938,174.16000366210938,174.97999572753906,172.27999877929688,172.91000366210938,3571900
AMGN,2016-08-02,128.49635314941406,174.14999389648438,176.5,173.1699981689453,175.0500030517578,6589000
AMGN,2016-08-03,127.9651107788086,173.42999267578125,174.38999938964844,172.27999877929688,173.74000549316406,3911800
AMGN,2016-08-04,127.4043960571289,172.6699981689453,173.6699981689453,172.0399932861328,173.3000030517578,2122200
AMGN,2016-08-05,128.1348419189453,173.66000366210938,174.52000427246094,172.50999450683594,173.35000610351562,2228300
AMGN,2016-08-08,127.1608657836914,172.33999633789062,174.16000366210938,171.8300018310547,173.30999755859375,2706500
AMGN,2016-08-09,126.96905517578125,172.0800018310547,173.3000030517578,171.67999267578125,172.66000366210938,2094200
AMGN,2016-08-10,126.34188842773438,171.22999572753906,172.1999969482422,170.7100067138672,171.88999938964844,2476600
AMGN,2016-08-11,127.22730255126953,172.42999267578125,172.77999877929688,171.0500030517578,172.24000549316406,2142800
AMGN,2016-08-12,127.6625747680664,173.02000427246094,173.14999389648438,170.67999267578125,171.24000549316406,1863200
AMGN,2016-08-15,129.56246948242188,174.5800018310547,174.72000122070312,171.47999572753906,171.47999572753906,2784300
AMGN,2016-08-16,127.76652526855469,172.16000366210938,174.91000366210938,172.07000732421875,174.5399932861328,2622800
AMGN,2016-08-17,129.36207580566406,174.30999755859375,174.5,171.67999267578125,172.00999450683594,2580900
AMGN,2016-08-18,129.68856811523438,174.75,176.63999938964844,173.57000732421875,174.42999267578125,3422400
AMGN,2016-08-19,128.85000610351562,173.6199951171875,174.9600067138672,172.25999450683594,174.10000610351562,2696400
AMGN,2016-08-22,129.3917999267578,174.35000610351562,175.17999267578125,173.22000122070312,173.74000549316406,2603700
AMGN,2016-08-23,129.42893981933594,174.39999389648438,175.99000549316406,173.66000366210938,174.44000244140625,2375700
AMGN,2016-08-24,126.786865234375,170.83999633789062,174.8699951171875,170.27999877929688,174.0,3055000
AMGN,2016-08-25,126.33421325683594,170.22999572753906,171.4600067138672,168.75999450683594,169.9199981689453,2623800
AMGN,2016-08-26,127.62550354003906,171.97000122070312,172.99000549316406,169.77000427246094,170.8000030517578,2925300
AMGN,2016-08-29,127.28412628173828,171.50999450683594,172.5,171.1199951171875,172.3699951171875,2512200
AMGN,2016-08-30,126.7275390625,170.75999450683594,171.94000244140625,170.1199951171875,171.16000366210938,1803100
AMGN,2016-08-31,126.20806121826172,170.05999755859375,171.38999938964844,169.82000732421875,170.72999572753906,2936400
AMGN,2016-09-01,126.25997161865234,170.1300048828125,170.55999755859375,168.6199951171875,170.5500030517578,1876100
AMGN,2016-09-02,125.9927749633789,169.77000427246094,171.0500030517578,168.91000366210938,170.5500030517578,2083800
AMGN,2016-09-06,126.786865234375,170.83999633789062,171.77000427246094,169.38999938964844,169.85000610351562,1919700
AMGN,2016-09-07,126.63102722167969,170.6300048828125,171.44000244140625,169.1999969482422,169.77999877929688,2013000
AMGN,2016-09-08,126.88337707519531,170.97000122070312,171.36000061035156,169.72999572753906,170.07000732421875,2611200
AMGN,2016-09-09,123.6031494140625,166.5500030517578,169.75999450683594,166.52999877929688,169.69000244140625,3131400
AMGN,2016-09-12,127.67742919921875,172.0399932861328,172.5800018310547,165.92999267578125,166.0800018310547,4451500
AMGN,2016-09-13,125.6440200805664,169.3000030517578,171.5,167.80999755859375,171.24000549316406,3162600
AMGN,2016-09-14,126.26742553710938,170.13999938964844,171.77000427246094,169.5,169.64999389648438,2799000
AMGN,2016-09-15,128.12274169921875,172.63999938964844,173.38999938964844,169.47000122070312,170.0399932861328,2923900
AMGN,2016-09-16,128.36021423339844,172.9600067138672,173.38999938964844,171.0500030517578,172.58999633789062,4028300
AMGN,2016-09-19,127.1876449584961,171.3800048828125,173.5,171.17999267578125,173.25,2226800
AMGN,2016-09-20,128.67193603515625,173.3800048828125,174.25999450683594,172.4600067138672,172.94000244140625,2607700
AMGN,2016-09-21,129.02073669433594,173.85000610351562,174.25,171.61000061035156,174.24000549316406,2516400
AMGN,2016-09-22,130.3343048095703,175.6199951171875,175.72999572753906,173.75,174.60000610351562,2338300
AMGN,2016-09-23,129.72573852539062,174.8000030517578,176.85000610351562,174.61000061035156,176.27000427246094,2238700
AMGN,2016-09-26,128.7832489013672,173.52999877929688,174.4499969482422,172.8300018310547,174.22000122070312,1798500
AMGN,2016-09-27,127.37316131591797,171.6300048828125,171.97999572753906,169.5,170.24000549316406,4798900
AMGN,2016-09-28,125.94828033447266,169.7100067138672,172.22000122070312,169.0500030517578,172.22000122070312,3300700
AMGN,2016-09-29,122.78675842285156,165.4499969482422,170.38999938964844,165.3300018310547,170.38999938964844,3804000
AMGN,2016-09-30,123.79608154296875,166.80999755859375,167.72000122070312,165.27000427246094,166.3800048828125,3999600
AMGN,2016-10-03,124.1894302368164,167.33999633789062,167.5800018310547,164.44000244140625,166.0500030517578,2514600
AMGN,2016-10-04,124.3452377319336,167.5500030517578,168.69000244140625,167.13999938964844,167.33999633789062,2797600
AMGN,2016-10-05,124.11521911621094,167.24000549316406,168.38999938964844,166.9199981689453,167.5500030517578,1953400
AMGN,2016-10-06,123.86289978027344,166.89999389648438,167.7899932861328,165.7899932861328,166.3300018310547,1904100
AMGN,2016-10-07,124.30813598632812,167.5,168.14999389648438,166.3000030517578,167.94000244140625,1679800
AMGN,2016-10-10,124.90930938720703,168.30999755859375,168.58999633789062,167.6699981689453,168.1999969482422,1628200
AMGN,2016-10-11,121.94816589355469,164.32000732421875,167.82000732421875,163.50999450683594,167.82000732421875,2761900
AMGN,2016-10-12,121.62162780761719,163.8800048828125,165.58999633789062,163.61000061035156,164.32000732421875,2250600
AMGN,2016-10-13,121.92587280273438,164.2899932861328,165.08999633789062,162.50999450683594,162.85000610351562,2430900
AMGN,2016-10-14,120.15219116210938,161.89999389648438,165.25,161.83999633789062,165.0500030517578,2817500
AMGN,2016-10-17,120.68651580810547,162.6199951171875,163.4499969482422,161.13999938964844,162.1999969482422,2348400
AMGN,2016-10-18,120.82009887695312,162.8000030517578,163.86000061035156,162.75,163.74000549316406,2001800
AMGN,2016-10-19,119.54361724853516,161.0800018310547,163.61000061035156,161.02000427246094,163.4199981689453,2502700
AMGN,2016-10-20,119.8553466796875,161.5,163.35000610351562,161.0,161.0,2922600
AMGN,2016-10-21,117.63628387451172,158.50999450683594,161.22000122070312,158.35000610351562,160.69000244140625,3541000
AMGN,2016-10-24,117.82185363769531,158.75999450683594,159.6999969482422,158.24000549316406,159.36000061035156,2920200
AMGN,2016-10-25,117.18358612060547,157.89999389648438,159.27000427246094,157.8000030517578,158.83999633789062,2414300
AMGN,2016-10-26,117.99254608154297,158.99000549316406,160.0500030517578,158.02999877929688,158.67999267578125,2716800
AMGN,2016-10-27,119.16515350341797,160.57000732421875,161.60000610351562,159.63999938964844,159.7100067138672,3366900
AMGN,2016-10-28,107.74359893798828,145.17999267578125,151.75999450683594,142.63999938964844,151.69000244140625,18311600
AMGN,2016-10-31,104.7602310180664,141.16000366210938,146.67999267578125,140.94000244140625,146.5500030517578,8693700
AMGN,2016-11-01,104.4633560180664,140.75999450683594,142.41000366210938,139.30999755859375,141.1699981689453,5589300
AMGN,2016-11-02,102.93455505371094,138.6999969482422,140.61000061035156,138.63999938964844,140.30999755859375,4622500
AMGN,2016-11-03,100.35192108154297,135.22000122070312,139.77000427246094,135.0,139.6999969482422,5791200
AMGN,2016-11-04,100.48551177978516,135.39999389648438,137.61000061035156,133.63999938964844,133.7100067138672,5051500
AMGN,2016-11-07,103.31306457519531,139.2100067138672,140.22999572753906,137.16000366210938,137.85000610351562,5146000
AMGN,2016-11-08,102.74903106689453,138.4499969482422,140.0,137.35000610351562,139.5500030517578,3668500
AMGN,2016-11-09,108.66387939453125,146.4199981689453,152.85000610351562,142.75,146.75,11793400
AMGN,2016-11-10,112.48587799072266,151.57000732421875,152.22999572753906,148.75999450683594,150.39999389648438,8933400
AMGN,2016-11-11,110.6082534790039,149.0399932861328,150.83999633789062,146.8000030517578,150.0500030517578,5159400
AMGN,2016-11-14,109.39788055419922,146.4199981689453,149.14999389648438,146.00999450683594,148.47000122070312,5060000
AMGN,2016-11-15,109.8760986328125,147.05999755859375,148.4600067138672,145.00999450683594,146.8699951171875,4515100
AMGN,2016-11-16,110.00308990478516,147.22999572753906,148.5,146.44000244140625,147.57000732421875,4108200
AMGN,2016-11-17,110.10023498535156,147.36000061035156,148.4499969482422,146.50999450683594,147.72999572753906,3957300
AMGN,2016-11-18,108.50877380371094,145.22999572753906,148.35000610351562,144.89999389648438,147.0500030517578,3764600
AMGN,2016-11-21,108.74788665771484,145.5500030517578,146.1699981689453,145.11000061035156,145.99000549316406,2860500
AMGN,2016-11-22,107.83631896972656,144.3300018310547,146.9499969482422,142.82000732421875,146.82000732421875,3586200
AMGN,2016-11-23,108.35933685302734,145.02999877929688,145.1699981689453,142.83999633789062,142.94000244140625,3216900
AMGN,2016-11-25,108.658203125,145.42999267578125,146.0,144.75999450683594,145.22000122070312,2004000
AMGN,2016-11-28,108.3892593383789,145.07000732421875,145.9199981689453,144.5,145.25,2411700
AMGN,2016-11-29,109.08412170410156,146.0,146.7899932861328,145.30999755859375,145.36000061035156,2939100
AMGN,2016-11-30,107.64210510253906,144.07000732421875,146.32000732421875,144.07000732421875,145.6999969482422,4296900
AMGN,2016-12-01,106.3868637084961,142.38999938964844,144.24000549316406,142.13999938964844,144.24000549316406,3894000
AMGN,2016-12-02,107.5972671508789,144.00999450683594,144.91000366210938,141.5,142.2899932861328,3517300
AMGN,2016-12-05,108.5536117553711,145.2899932861328,146.3699951171875,143.72000122070312,145.4499969482422,3855500
AMGN,2016-12-06,108.41913604736328,145.11000061035156,145.99000549316406,144.27999877929688,145.8000030517578,2399000
AMGN,2016-12-07,105.49027252197266,141.19000244140625,143.8800048828125,139.66000366210938,143.52000427246094,7031300
AMGN,2016-12-08,105.04200744628906,140.58999633789062,141.10000610351562,138.8300018310547,140.8300018310547,4387600
AMGN,2016-12-09,107.17884063720703,143.4499969482422,144.5800018310547,141.0,141.5,4637300
AMGN,2016-12-12,108.9047622680664,145.75999450683594,146.0399932861328,142.7899932861328,142.9199981689453,3310100
AMGN,2016-12-13,110.85482025146484,148.3699951171875,149.97000122070312,146.5500030517578,146.80999755859375,4308700
AMGN,2016-12-14,111.09392547607422,148.69000244140625,149.5500030517578,147.4199981689453,148.16000366210938,3196700
AMGN,2016-12-15,112.36408233642578,150.38999938964844,150.47000122070312,148.77999877929688,149.17999267578125,2950500
AMGN,2016-12-16,111.60198974609375,149.3699951171875,151.2100067138672,148.80999755859375,150.9199981689453,6356800
AMGN,2016-12-19,110.38410186767578,147.74000549316406,150.35000610351562,147.2100067138672,149.75,3013800
AMGN,2016-12-20,109.99560546875,147.22000122070312,147.99000549316406,146.47000122070312,146.82000732421875,2615600
AMGN,2016-12-21,109.21112823486328,146.1699981689453,147.6300048828125,145.6999969482422,147.07000732421875,2491800
AMGN,2016-12-22,109.35305786132812,146.36000061035156,146.61000061035156,145.1199951171875,146.30999755859375,1820500
AMGN,2016-12-23,110.2421646118164,147.5500030517578,147.72999572753906,146.24000549316406,146.35000610351562,2169700
AMGN,2016-12-27,110.84735870361328,148.36000061035156,150.11000061035156,147.77000427246094,147.77000427246094,1941000
AMGN,2016-12-28,110.33181762695312,147.6699981689453,149.14999389648438,147.36000061035156,148.6300048828125,1804000
AMGN,2016-12-29,110.41403198242188,147.77999877929688,148.69000244140625,147.3699951171875,147.3699951171875,1655500
AMGN,2016-12-30,109.24099731445312,146.2100067138672,148.75,145.6199951171875,147.6300048828125,3193100
AMGN,2017-01-03,112.6181411743164,150.72999572753906,151.0,147.1199951171875,147.86000061035156,3640900
AMGN,2017-01-04,114.21700286865234,152.8699951171875,153.72000122070312,151.77000427246094,152.08999633789062,3945900
AMGN,2017-01-05,114.29920196533203,152.97999572753906,153.39999389648438,151.50999450683594,152.72000122070312,3441700
AMGN,2017-01-06,117.13833618164062,156.77999877929688,161.0,156.6699981689453,159.8800048828125,9899300
AMGN,2017-01-09,118.6775131225586,158.83999633789062,158.9499969482422,156.6300048828125,157.00999450683594,4247700
AMGN,2017-01-10,118.61775970458984,158.75999450683594,159.1300048828125,157.24000549316406,158.49000549316406,3324400
AMGN,2017-01-11,117.01883697509766,156.6199951171875,159.16000366210938,154.5,159.16000366210938,4821300
AMGN,2017-01-12,116.07743835449219,155.36000061035156,156.14999389648438,154.55999755859375,155.44000244140625,3234800
AMGN,2017-01-13,116.64522552490234,156.1199951171875,157.2100067138672,154.88999938964844,155.27999877929688,2637500
AMGN,2017-01-17,115.6590576171875,154.8000030517578,156.1199951171875,153.52999877929688,155.13999938964844,3404900
AMGN,2017-01-18,116.38377380371094,155.77000427246094,155.94000244140625,154.50999450683594,155.69000244140625,2432600
AMGN,2017-01-19,114.91184997558594,153.8000030517578,155.69000244140625,153.25,155.1300048828125,2571900
AMGN,2017-01-20,115.5618896484375,154.6699981689453,155.35000610351562,153.82000732421875,154.7100067138672,3067400
AMGN,2017-01-23,114.1049575805664,152.72000122070312,154.5500030517578,152.39999389648438,154.2100067138672,2458200
AMGN,2017-01-24,113.45489501953125,151.85000610351562,153.0,150.3800048828125,152.82000732421875,3027700
AMGN,2017-01-25,115.13603973388672,154.10000610351562,154.82000732421875,151.77000427246094,152.52999877929688,3479500
AMGN,2017-01-26,114.29920196533203,152.97999572753906,155.8000030517578,152.89999389648438,155.0,3366900
AMGN,2017-01-27,117.42228698730469,157.16000366210938,157.5,152.75999450683594,153.22999572753906,4885200
AMGN,2017-01-30,115.38253784179688,154.42999267578125,157.17999267578125,153.77000427246094,157.10000610351562,3758400
AMGN,2017-01-31,117.06365203857422,156.67999267578125,156.9600067138672,153.14999389648438,153.6999969482422,3351300
AMGN,2017-02-01,119.29764556884766,159.6699981689453,159.75,157.0500030517578,158.58999633789062,3924800
AMGN,2017-02-02,119.23038482666016,159.5800018310547,159.94000244140625,156.91000366210938,159.72999572753906,4445400
AMGN,2017-02-03,125.17025756835938,167.52999877929688,167.85000610351562,164.86000061035156,166.10000610351562,7366600
AMGN,2017-02-06,124.46044158935547,166.5800018310547,166.88999938964844,165.1300048828125,166.17999267578125,4389200
AMGN,2017-02-07,124.63980865478516,166.82000732421875,167.72000122070312,165.60000610351562,167.0,3584300
AMGN,2017-02-08,125.61105346679688,168.1199951171875,168.35000610351562,166.32000732421875,166.5,3493400
AMGN,2017-02-09,125.12541198730469,167.47000122070312,167.7899932861328,165.5,165.75,4281400
AMGN,2017-02-10,125.43923950195312,167.88999938964844,168.30999755859375,167.02999877929688,167.8000030517578,2931200
AMGN,2017-02-13,126.13136291503906,167.66000366210938,168.25999450683594,166.67999267578125,167.72000122070312,3602800
AMGN,2017-02-14,126.42475128173828,168.0500030517578,168.07000732421875,165.57000732421875,167.07000732421875,3116700
AMGN,2017-02-15,129.2384033203125,171.7899932861328,172.0,167.0,167.32000732421875,4058800
AMGN,2017-02-16,129.47909545898438,172.11000061035156,172.1699981689453,170.3000030517578,171.55999755859375,2660600
AMGN,2017-02-17,130.36679077148438,173.2899932861328,173.36000061035156,168.88999938964844,171.35000610351562,4154900
AMGN,2017-02-21,130.2539825439453,173.13999938964844,173.5,171.86000061035156,172.85000610351562,3941200
AMGN,2017-02-22,129.85528564453125,172.61000061035156,174.6999969482422,171.88999938964844,172.3300018310547,2579800
AMGN,2017-02-23,130.90847778320312,174.00999450683594,174.00999450683594,171.88999938964844,172.75,2190800
AMGN,2017-02-24,131.322265625,174.55999755859375,174.72000122070312,172.47999572753906,173.2899932861328,2677300
AMGN,2017-02-27,132.50338745117188,176.1300048828125,176.27000427246094,173.7100067138672,174.2100067138672,2850700
AMGN,2017-02-28,132.8043212890625,176.52999877929688,178.25,175.4199981689453,175.4600067138672,3370400
AMGN,2017-03-01,134.0907440185547,178.24000549316406,179.67999267578125,175.75999450683594,178.0,3532300
AMGN,2017-03-02,133.9628143310547,178.07000732421875,178.86000061035156,176.82000732421875,177.72000122070312,3493000
AMGN,2017-03-03,135.5652618408203,180.1999969482422,180.52999877929688,177.5500030517578,178.4600067138672,2893800
AMGN,2017-03-06,135.00852966308594,179.4600067138672,180.33999633789062,178.16000366210938,179.5500030517578,3280100
AMGN,2017-03-07,133.44375610351562,177.3800048828125,178.58999633789062,176.27999877929688,177.39999389648438,3328900
AMGN,2017-03-08,133.74464416503906,177.77999877929688,178.75999450683594,177.13999938964844,177.25,2320800
AMGN,2017-03-09,134.60231018066406,178.9199981689453,179.1199951171875,177.07000732421875,178.0500030517578,2505300
AMGN,2017-03-10,136.49810791015625,181.44000244140625,181.92999267578125,179.11000061035156,179.47000122070312,4589000
AMGN,2017-03-13,136.20465087890625,181.0500030517578,182.0,180.32000732421875,181.92999267578125,2531000
AMGN,2017-03-14,135.5050811767578,180.1199951171875,181.55999755859375,179.6300048828125,180.4199981689453,2746300
AMGN,2017-03-15,137.37078857421875,182.60000610351562,184.2100067138672,180.30999755859375,180.30999755859375,4197300
AMGN,2017-03-16,135.49755859375,180.11000061035156,181.83999633789062,178.02000427246094,181.60000610351562,6014400
AMGN,2017-03-17,126.84602355957031,168.61000061035156,171.58999633789062,165.9499969482422,167.3699951171875,23936800
AMGN,2017-03-20,127.31998443603516,169.24000549316406,169.7100067138672,167.75999450683594,169.6300048828125,5831500
AMGN,2017-03-21,125.52195739746094,166.85000610351562,170.2100067138672,166.49000549316406,170.0500030517578,4922700
AMGN,2017-03-22,125.97333526611328,167.4499969482422,167.97999572753906,166.58999633789062,167.92999267578125,5070400
AMGN,2017-03-23,124.91260528564453,166.0399932861328,168.02000427246094,165.57000732421875,167.47999572753906,4432200
AMGN,2017-03-24,124.68692779541016,165.74000549316406,166.92999267578125,165.0800018310547,166.69000244140625,3175600
AMGN,2017-03-27,124.06256103515625,164.91000366210938,166.61000061035156,163.0,164.77000427246094,4734000
AMGN,2017-03-28,123.91204071044922,164.7100067138672,166.25999450683594,163.72999572753906,164.11000061035156,6526400
AMGN,2017-03-29,122.67074584960938,163.05999755859375,165.22000122070312,162.94000244140625,164.47000122070312,4070800
AMGN,2017-03-30,123.663818359375,164.3800048828125,164.8000030517578,163.2100067138672,164.07000732421875,2262300
AMGN,2017-03-31,123.43061828613281,164.07000732421875,165.47999572753906,163.85000610351562,164.32000732421875,2811800
AMGN,2017-04-03,123.295166015625,163.88999938964844,165.02000427246094,163.52000427246094,164.6300048828125,3047800
AMGN,2017-04-04,123.64869689941406,164.36000061035156,164.49000549316406,163.1199951171875,163.77999877929688,2239400
AMGN,2017-04-05,122.05389404296875,162.24000549316406,164.75999450683594,161.67999267578125,163.27000427246094,3542300
AMGN,2017-04-06,122.06138610839844,162.25,163.4499969482422,161.61000061035156,162.1999969482422,3024200
AMGN,2017-04-07,122.91150665283203,163.3800048828125,164.24000549316406,162.25,162.91000366210938,2204400
AMGN,2017-04-10,122.46760559082031,162.7899932861328,164.24000549316406,162.6199951171875,163.85000610351562,1772000
AMGN,2017-04-11,122.70838928222656,163.11000061035156,163.39999389648438,161.55999755859375,162.88999938964844,1990300
AMGN,2017-04-12,122.6632080078125,163.0500030517578,164.10000610351562,162.16000366210938,164.0800018310547,2248600
AMGN,2017-04-13,121.57992553710938,161.61000061035156,163.6300048828125,161.3300018310547,163.27999877929688,2568800
AMGN,2017-04-17,121.9560546875,162.11000061035156,162.52000427246094,161.25999450683594,161.33999633789062,2364900
AMGN,2017-04-18,121.30907440185547,161.25,161.92999267578125,160.27999877929688,161.92999267578125,2532100
AMGN,2017-04-19,121.31660461425781,161.25999450683594,162.63999938964844,161.1300048828125,162.10000610351562,2344100
AMGN,2017-04-20,121.90336608886719,162.0399932861328,162.77000427246094,161.00999450683594,161.0500030517578,2070200
AMGN,2017-04-21,120.67713928222656,160.41000366210938,162.72999572753906,160.25,162.14999389648438,2906900
AMGN,2017-04-24,122.7309341430664,163.13999938964844,163.60000610351562,161.89999389648438,162.5,3498400
AMGN,2017-04-25,123.90452575683594,164.6999969482422,165.3000030517578,163.39999389648438,163.52000427246094,3529400
AMGN,2017-04-26,123.8368148803711,164.61000061035156,165.61000061035156,164.33999633789062,165.61000061035156,4175500
AMGN,2017-04-27,122.41497039794922,162.72000122070312,163.42999267578125,160.0,160.1300048828125,5699200
AMGN,2017-04-28,122.8663558959961,163.32000732421875,163.47999572753906,161.52999877929688,162.38999938964844,2942200
AMGN,2017-05-01,122.32469940185547,162.60000610351562,164.44000244140625,162.4499969482422,163.67999267578125,2522000
AMGN,2017-05-02,122.9942398071289,163.49000549316406,163.94000244140625,162.41000366210938,163.91000366210938,3737800
AMGN,2017-05-03,123.23497009277344,163.80999755859375,164.0800018310547,163.0,163.82000732421875,2855100
AMGN,2017-05-04,123.5960693359375,164.2899932861328,164.82000732421875,163.52000427246094,164.1699981689453,2543400
AMGN,2017-05-05,123.23497009277344,163.80999755859375,164.80999755859375,162.4199981689453,164.80999755859375,2970400
AMGN,2017-05-08,122.64818572998047,163.02999877929688,163.80999755859375,162.47000122070312,163.72999572753906,2291900
AMGN,2017-05-09,122.7911376953125,163.22000122070312,164.0800018310547,162.8300018310547,163.1699981689453,2305500
AMGN,2017-05-10,120.7524185180664,160.50999450683594,163.47999572753906,159.6999969482422,163.25,5201000
AMGN,2017-05-11,120.42889404296875,160.0800018310547,160.52000427246094,158.2899932861328,159.86000061035156,3510200
AMGN,2017-05-12,120.53421020507812,160.22000122070312,160.6199951171875,159.4600067138672,160.49000549316406,2706000
AMGN,2017-05-15,121.21614837646484,159.97000122070312,160.14999389648438,158.7100067138672,158.8800048828125,3318700
AMGN,2017-05-16,121.23133087158203,159.99000549316406,160.49000549316406,159.4600067138672,159.77000427246094,2281200
AMGN,2017-05-17,119.01113891601562,157.05999755859375,159.2899932861328,156.92999267578125,158.77000427246094,3073200
AMGN,2017-05-18,119.69309997558594,157.9600067138672,158.7899932861328,156.2899932861328,157.3699951171875,2163300
AMGN,2017-05-19,118.59435272216797,156.50999450683594,158.5800018310547,156.35000610351562,157.58999633789062,2577300
AMGN,2017-05-22,115.94982147216797,153.02000427246094,154.60000610351562,152.4499969482422,153.58999633789062,6911700
AMGN,2017-05-23,116.74547576904297,154.07000732421875,154.57000732421875,152.16000366210938,152.64999389648438,3582000
AMGN,2017-05-24,117.14712524414062,154.60000610351562,154.99000549316406,153.7899932861328,154.77000427246094,2667500
AMGN,2017-05-25,117.77600860595703,155.42999267578125,156.0399932861328,154.6199951171875,155.19000244140625,2965800
AMGN,2017-05-26,117.45777893066406,155.00999450683594,156.1300048828125,154.7899932861328,155.60000610351562,2731600
AMGN,2017-05-30,116.57878112792969,153.85000610351562,155.3699951171875,153.55999755859375,155.00999450683594,2716700
AMGN,2017-05-31,117.63204193115234,155.24000549316406,155.3699951171875,153.6699981689453,153.6699981689453,3891300
AMGN,2017-06-01,118.38978576660156,156.24000549316406,156.77000427246094,155.24000549316406,155.39999389648438,3005300
AMGN,2017-06-02,120.59483337402344,159.14999389648438,159.6199951171875,157.0,157.27000427246094,3320800
AMGN,2017-06-05,121.4056167602539,160.22000122070312,161.1199951171875,158.27000427246094,160.2899932861328,4611100
AMGN,2017-06-06,120.88275146484375,159.52999877929688,160.9199981689453,159.24000549316406,160.1300048828125,3002500
AMGN,2017-06-07,122.49678039550781,161.66000366210938,162.0500030517578,159.75,159.82000732421875,3571500
AMGN,2017-06-08,123.2469253540039,162.64999389648438,163.1699981689453,161.41000366210938,161.97999572753906,3555100
AMGN,2017-06-09,124.31538391113281,164.05999755859375,166.13999938964844,162.6300048828125,162.75,4086800
AMGN,2017-06-12,124.93668365478516,164.8800048828125,167.22999572753906,163.27999877929688,165.0,4344500
AMGN,2017-06-13,124.59571075439453,164.42999267578125,165.08999633789062,163.77000427246094,164.47000122070312,2568200
AMGN,2017-06-14,125.1033935546875,165.10000610351562,165.8800048828125,163.97000122070312,164.36000061035156,2594800
AMGN,2017-06-15,124.35322570800781,164.11000061035156,164.89999389648438,162.5500030517578,164.24000549316406,3585000
AMGN,2017-06-16,123.07262420654297,162.4199981689453,164.10000610351562,161.1300048828125,163.83999633789062,5887200
AMGN,2017-06-19,125.09579467773438,165.08999633789062,165.22000122070312,162.69000244140625,163.10000610351562,3043900
AMGN,2017-06-20,126.00513458251953,166.2899932861328,168.6999969482422,164.7899932861328,165.42999267578125,3857900
AMGN,2017-06-21,129.8393096923828,171.35000610351562,171.75999450683594,166.36000061035156,167.1999969482422,5490800
AMGN,2017-06-22,131.71096801757812,173.82000732421875,175.4499969482422,172.10000610351562,172.44000244140625,5745800
AMGN,2017-06-23,130.710693359375,172.5,174.1300048828125,170.9600067138672,173.24000549316406,14368500
AMGN,2017-06-26,131.5972137451172,173.6699981689453,174.72000122070312,172.41000366210938,173.38999938964844,3037600
AMGN,2017-06-27,129.46043395996094,170.85000610351562,173.9199981689453,170.77000427246094,173.02000427246094,2941500
AMGN,2017-06-28,131.90037536621094,174.07000732421875,174.5399932861328,170.8300018310547,171.4199981689453,2890500
AMGN,2017-06-29,130.77886962890625,172.58999633789062,174.72000122070312,171.02000427246094,174.49000549316406,2491800
AMGN,2017-06-30,130.50607299804688,172.22999572753906,174.25,172.00999450683594,173.61000061035156,2695500
AMGN,2017-07-03,130.9380340576172,172.8000030517578,174.3300018310547,172.6300048828125,172.6300048828125,1395100
AMGN,2017-07-05,132.04428100585938,174.25999450683594,174.3800048828125,171.9199981689453,172.6699981689453,2830000
AMGN,2017-07-06,130.11964416503906,171.72000122070312,173.61000061035156,171.30999755859375,173.10000610351562,2566400
AMGN,2017-07-07,129.89990234375,171.42999267578125,172.02999877929688,170.58999633789062,171.63999938964844,2612900
AMGN,2017-07-10,130.4833526611328,172.1999969482422,172.5500030517578,171.0,171.58999633789062,2070600
AMGN,2017-07-11,131.33204650878906,173.32000732421875,174.44000244140625,172.07000732421875,174.17999267578125,2198000
AMGN,2017-07-12,131.29415893554688,173.27000427246094,174.24000549316406,172.6699981689453,173.7100067138672,1976900
AMGN,2017-07-13,132.63531494140625,175.0399932861328,176.1999969482422,173.08999633789062,173.27999877929688,2999900
AMGN,2017-07-14,134.21908569335938,177.1300048828125,177.67999267578125,174.41000366210938,175.42999267578125,2720600
AMGN,2017-07-17,134.4236297607422,177.39999389648438,178.89999389648438,176.67999267578125,176.83999633789062,2692400
AMGN,2017-07-18,134.48423767089844,177.47999572753906,177.6300048828125,176.13999938964844,176.66000366210938,1820100
AMGN,2017-07-19,135.77239990234375,179.17999267578125,179.1999969482422,176.52000427246094,178.10000610351562,2440700
AMGN,2017-07-20,135.8785400390625,179.32000732421875,180.72999572753906,178.8800048828125,179.0500030517578,3039300
AMGN,2017-07-21,136.55287170410156,180.2100067138672,180.5500030517578,179.16000366210938,179.25999450683594,2674700
AMGN,2017-07-24,137.19696044921875,181.05999755859375,181.4600067138672,178.66000366210938,180.19000244140625,2503100
AMGN,2017-07-25,137.06814575195312,180.88999938964844,182.60000610351562,180.33999633789062,182.0500030517578,3343200
AMGN,2017-07-26,133.27944946289062,175.88999938964844,178.86000061035156,175.1999969482422,176.00999450683594,5446100
AMGN,2017-07-27,130.4454803466797,172.14999389648438,175.47999572753906,170.52999877929688,175.0,5523200
AMGN,2017-07-28,132.25648498535156,174.5399932861328,175.05999755859375,171.7100067138672,171.97999572753906,2463500
AMGN,2017-07-31,132.2337188720703,174.50999450683594,176.7899932861328,174.25,174.50999450683594,2424800
AMGN,2017-08-01,131.94580078125,174.1300048828125,175.11000061035156,173.66000366210938,174.80999755859375,2069600
AMGN,2017-08-02,132.1958770751953,174.4600067138672,174.58999633789062,173.2100067138672,173.57000732421875,2209200
AMGN,2017-08-03,131.98367309570312,174.17999267578125,174.7100067138672,173.25999450683594,173.52000427246094,1725900
AMGN,2017-08-04,131.73365783691406,173.85000610351562,174.82000732421875,172.89999389648438,174.27000427246094,1915600
AMGN,2017-08-07,132.28680419921875,174.5800018310547,174.64999389648438,173.25999450683594,173.8699951171875,1193800
AMGN,2017-08-08,131.6124267578125,173.69000244140625,174.89999389648438,172.97999572753906,173.9600067138672,2325200
AMGN,2017-08-09,131.5063018798828,173.5500030517578,174.17999267578125,172.64999389648438,173.10000610351562,1972200
AMGN,2017-08-10,128.14198303222656,169.11000061035156,172.6699981689453,168.58999633789062,172.07000732421875,3443800
AMGN,2017-08-11,128.3844451904297,169.42999267578125,170.6300048828125,168.75999450683594,169.82000732421875,1571600
AMGN,2017-08-14,130.08175659179688,171.6699981689453,172.0800018310547,169.97000122070312,170.27999877929688,1915800
AMGN,2017-08-15,129.71556091308594,170.0399932861328,171.4499969482422,169.75999450683594,171.10000610351562,1956300
AMGN,2017-08-16,130.74545288085938,171.38999938964844,172.63999938964844,170.13999938964844,170.25999450683594,1618800
AMGN,2017-08-17,128.0144500732422,167.80999755859375,171.0,167.8000030517578,170.69000244140625,2630600
AMGN,2017-08-18,127.61775970458984,167.2899932861328,168.42999267578125,166.52000427246094,167.3699951171875,1741900
AMGN,2017-08-21,128.2814178466797,168.16000366210938,168.63999938964844,167.00999450683594,167.4600067138672,1533300
AMGN,2017-08-22,129.73854064941406,170.07000732421875,170.94000244140625,168.8300018310547,168.86000061035156,1933500
AMGN,2017-08-23,128.9222412109375,169.0,169.94000244140625,168.75999450683594,169.66000366210938,1279400
AMGN,2017-08-24,129.64691162109375,169.9499969482422,170.69000244140625,168.57000732421875,169.27999877929688,1922400
AMGN,2017-08-25,129.4867706298828,169.74000549316406,171.57000732421875,169.39999389648438,170.82000732421875,1510800
AMGN,2017-08-28,131.04298400878906,171.77999877929688,172.63999938964844,170.25999450683594,170.86000061035156,2359500
AMGN,2017-08-29,131.3862762451172,172.22999572753906,172.35000610351562,170.35000610351562,170.66000366210938,1483000
AMGN,2017-08-30,132.4695281982422,173.64999389648438,175.0800018310547,171.5399932861328,172.19000244140625,2310900
AMGN,2017-08-31,135.61248779296875,177.77000427246094,178.63999938964844,173.74000549316406,173.74000549316406,3977500
AMGN,2017-09-01,136.3295440673828,178.7100067138672,179.72999572753906,177.3000030517578,178.13999938964844,2431900
AMGN,2017-09-05,134.8267059326172,176.74000549316406,178.5,175.36000061035156,178.0,1959900
AMGN,2017-09-06,136.07778930664062,178.3800048828125,179.0800018310547,176.36000061035156,177.58999633789062,2242300
AMGN,2017-09-07,137.85525512695312,180.7100067138672,182.77000427246094,177.27999877929688,178.5,2985300
AMGN,2017-09-08,137.80186462402344,180.63999938964844,182.66000366210938,179.52000427246094,180.92999267578125,1993900
AMGN,2017-09-11,142.2645263671875,186.49000549316406,186.7100067138672,182.5399932861328,182.5399932861328,3791200
AMGN,2017-09-12,145.7050323486328,191.0,191.0399932861328,186.77999877929688,187.0,3894300
AMGN,2017-09-13,144.7133026123047,189.6999969482422,190.94000244140625,187.7100067138672,189.89999389648438,3031400
AMGN,2017-09-14,144.5149688720703,189.44000244140625,191.10000610351562,187.80999755859375,188.3699951171875,2318400
AMGN,2017-09-15,143.0121307373047,187.47000122070312,189.66000366210938,186.30999755859375,189.66000366210938,5349000
AMGN,2017-09-18,142.24932861328125,186.47000122070312,188.55999755859375,186.1199951171875,187.7899932861328,2443800
AMGN,2017-09-19,142.13485717773438,186.32000732421875,187.44000244140625,185.80999755859375,186.80999755859375,2066100
AMGN,2017-09-20,143.54615783691406,188.1699981689453,188.5500030517578,185.4199981689453,186.0800018310547,2685400
AMGN,2017-09-21,142.3789825439453,186.63999938964844,188.9600067138672,186.5,188.32000732421875,2082200
AMGN,2017-09-22,141.70770263671875,185.75999450683594,186.82000732421875,184.0,185.47999572753906,2275600
AMGN,2017-09-25,142.1119384765625,186.2899932861328,188.02999877929688,185.50999450683594,185.50999450683594,2545400
AMGN,2017-09-26,141.58558654785156,185.60000610351562,187.5500030517578,185.39999389648438,186.50999450683594,2307900
AMGN,2017-09-27,141.03636169433594,184.8800048828125,186.8800048828125,183.89999389648438,185.0500030517578,2436700
AMGN,2017-09-28,141.47882080078125,185.4600067138672,187.82000732421875,184.1300048828125,184.2899932861328,2576900
AMGN,2017-09-29,142.23402404785156,186.4499969482422,186.5399932861328,183.1699981689453,185.6999969482422,3017300
AMGN,2017-10-02,142.78330993652344,187.1699981689453,187.72999572753906,185.55999755859375,187.02999877929688,2682700
AMGN,2017-10-03,142.82901000976562,187.22999572753906,188.22000122070312,185.6300048828125,188.0500030517578,1514200
AMGN,2017-10-04,143.86656188964844,188.58999633789062,188.72000122070312,186.02000427246094,186.5500030517578,1660300
AMGN,2017-10-05,142.53916931152344,186.85000610351562,190.0,184.30999755859375,189.0500030517578,4506600
AMGN,2017-10-06,141.75341796875,185.82000732421875,188.24000549316406,185.16000366210938,186.4600067138672,2032500
AMGN,2017-10-09,141.47882080078125,185.4600067138672,186.83999633789062,184.39999389648438,185.9499969482422,1519600
AMGN,2017-10-10,141.73056030273438,185.7899932861328,186.5800018310547,184.4600067138672,185.4600067138672,2036400
AMGN,2017-10-11,140.47943115234375,184.14999389648438,185.5,182.67999267578125,185.27999877929688,3273200
AMGN,2017-10-12,139.41909790039062,182.75999450683594,184.38999938964844,182.0399932861328,183.38999938964844,2223800
AMGN,2017-10-13,139.6098175048828,183.00999450683594,183.35000610351562,182.00999450683594,182.63999938964844,2331500
AMGN,2017-10-16,138.76300048828125,181.89999389648438,184.1999969482422,181.1999969482422,182.9600067138672,2211500
AMGN,2017-10-17,142.0356903076172,186.19000244140625,187.05999755859375,181.1300048828125,182.02999877929688,3753700
AMGN,2017-10-18,142.10433959960938,186.27999877929688,188.83999633789062,185.8300018310547,187.85000610351562,2580200
AMGN,2017-10-19,140.45655822753906,184.1199951171875,186.97999572753906,183.25,185.99000549316406,2563600
AMGN,2017-10-20,139.5716552734375,182.9600067138672,184.82000732421875,181.2899932861328,184.08999633789062,3179200
AMGN,2017-10-23,137.71795654296875,180.52999877929688,183.6199951171875,180.3699951171875,183.25,2571200
AMGN,2017-10-24,137.59591674804688,180.3699951171875,181.5399932861328,177.22999572753906,181.25999450683594,3449800
AMGN,2017-10-25,135.4064483642578,177.5,180.0399932861328,176.55999755859375,179.10000610351562,4052500
AMGN,2017-10-26,134.65890502929688,176.52000427246094,177.44000244140625,169.67999267578125,170.8699951171875,5998500
AMGN,2017-10-27,133.7129364013672,175.27999877929688,176.42999267578125,173.2899932861328,175.35000610351562,3478600
AMGN,2017-10-30,133.1865692138672,174.58999633789062,176.8000030517578,173.5800018310547,175.5,2550800
AMGN,2017-10-31,133.6671905517578,175.22000122070312,176.19000244140625,174.14999389648438,174.14999389648438,2906600
AMGN,2017-11-01,133.81973266601562,175.4199981689453,177.30999755859375,174.72000122070312,175.3000030517578,2734900
AMGN,2017-11-02,131.5235595703125,172.41000366210938,175.3800048828125,171.25999450683594,174.77000427246094,4029300
AMGN,2017-11-03,132.30934143066406,173.44000244140625,174.02999877929688,171.60000610351562,172.10000610351562,2433100
AMGN,2017-11-06,130.29537963867188,170.8000030517578,173.3300018310547,170.69000244140625,172.86000061035156,2692000
AMGN,2017-11-07,132.33981323242188,173.47999572753906,174.75,170.61000061035156,170.61000061035156,3097100
AMGN,2017-11-08,132.4160919189453,173.5800018310547,174.64999389648438,173.17999267578125,174.0,2003400
AMGN,2017-11-09,132.73654174804688,174.0,174.22999572753906,171.30999755859375,172.75,2005100
AMGN,2017-11-10,131.47775268554688,172.35000610351562,173.47999572753906,171.19000244140625,173.14999389648438,1927400
AMGN,2017-11-13,130.82937622070312,171.5,172.94000244140625,171.10000610351562,171.5800018310547,2119800
AMGN,2017-11-14,129.78424072265625,170.1300048828125,171.49000549316406,168.30999755859375,170.88999938964844,2604700
AMGN,2017-11-15,129.2121124267578,169.3800048828125,170.52000427246094,168.3300018310547,170.19000244140625,3150600
AMGN,2017-11-16,131.1630096435547,170.77000427246094,171.14999389648438,168.75,168.91000366210938,3131000
AMGN,2017-11-17,130.57162475585938,170.0,171.08999633789062,169.5399932861328,170.6699981689453,2039700
AMGN,2017-11-20,129.64222717285156,168.7899932861328,170.22000122070312,168.14999389648438,169.89999389648438,2012300
AMGN,2017-11-21,130.4486846923828,169.83999633789062,170.49000549316406,168.88999938964844,169.35000610351562,2629600
AMGN,2017-11-22,130.54087829589844,169.9600067138672,170.72999572753906,169.3300018310547,169.86000061035156,1533000
AMGN,2017-11-24,130.6637420654297,170.1199951171875,170.75999450683594,169.49000549316406,169.5,999800
AMGN,2017-11-27,130.34889221191406,169.7100067138672,171.25999450683594,169.55999755859375,170.55999755859375,2150100
AMGN,2017-11-28,130.7712860107422,170.25999450683594,170.66000366210938,169.42999267578125,170.57000732421875,2658700
AMGN,2017-11-29,132.2843780517578,172.22999572753906,174.0,170.58999633789062,171.0,3244500
AMGN,2017-11-30,134.91885375976562,175.66000366210938,176.05999755859375,172.6300048828125,172.6300048828125,3819400
AMGN,2017-12-01,136.10166931152344,177.1999969482422,177.86000061035156,174.0500030517578,174.16000366210938,3389900
AMGN,2017-12-04,137.24609375,178.69000244140625,180.74000549316406,178.16000366210938,178.4600067138672,4417100
AMGN,2017-12-05,137.23077392578125,178.6699981689453,180.72999572753906,177.94000244140625,179.00999450683594,3589400
AMGN,2017-12-06,135.34896850585938,176.22000122070312,179.47999572753906,174.67999267578125,179.4499969482422,2519700
AMGN,2017-12-07,133.61309814453125,173.9600067138672,176.94000244140625,173.42999267578125,175.67999267578125,3102100
AMGN,2017-12-08,134.72682189941406,175.41000366210938,175.97000122070312,173.42999267578125,174.42999267578125,3336300
AMGN,2017-12-11,135.81753540039062,176.8300018310547,177.69000244140625,175.00999450683594,176.08999633789062,1874000
AMGN,2017-12-12,135.37969970703125,176.25999450683594,176.99000549316406,174.1300048828125,176.8300018310547,2193700
AMGN,2017-12-13,136.23995971679688,177.3800048828125,178.22000122070312,175.97000122070312,176.8699951171875,3166900
AMGN,2017-12-14,134.35049438476562,174.9199981689453,177.97000122070312,174.5500030517578,177.44000244140625,2723600
AMGN,2017-12-15,135.97879028320312,177.0399932861328,177.41000366210938,174.13999938964844,176.38999938964844,5796800
AMGN,2017-12-18,135.28753662109375,176.13999938964844,178.6300048828125,176.02999877929688,177.86000061035156,2799200
AMGN,2017-12-19,135.8482208251953,176.8699951171875,177.27999877929688,175.41000366210938,176.1199951171875,2705000
AMGN,2017-12-20,136.03256225585938,177.11000061035156,179.1699981689453,177.0399932861328,177.60000610351562,3246100
AMGN,2017-12-21,135.70223999023438,176.67999267578125,178.22999572753906,176.4600067138672,177.57000732421875,2106400
AMGN,2017-12-22,135.50259399414062,176.4199981689453,177.49000549316406,175.77000427246094,176.6199951171875,1477900
AMGN,2017-12-26,135.2491455078125,176.08999633789062,176.9199981689453,175.5,176.17999267578125,1339200
AMGN,2017-12-27,135.34129333496094,176.2100067138672,177.27999877929688,176.08999633789062,176.44000244140625,1403900
AMGN,2017-12-28,134.6039276123047,175.25,177.0,175.05999755859375,176.77000427246094,1637700
AMGN,2017-12-29,133.56703186035156,173.89999389648438,176.05999755859375,173.75999450683594,175.25,1948600
AMGN,2018-01-02,135.94808959960938,177.0,177.82000732421875,174.4199981689453,175.35000610351562,2301100
AMGN,2018-01-03,138.51344299316406,180.33999633789062,181.44000244140625,175.75999450683594,176.91000366210938,3084000
AMGN,2018-01-04,137.92965698242188,179.5800018310547,180.86000061035156,178.75,180.6300048828125,2021100
AMGN,2018-01-05,138.75152587890625,180.64999389648438,180.8800048828125,179.02999877929688,180.83999633789062,2211400
AMGN,2018-01-08,138.713134765625,180.60000610351562,181.25,178.42999267578125,180.47999572753906,2356200
AMGN,2018-01-09,140.84835815429688,183.3800048828125,184.52999877929688,180.1199951171875,180.52999877929688,3031700
AMGN,2018-01-10,140.44895935058594,182.86000061035156,183.6999969482422,180.3699951171875,182.66000366210938,2542700
AMGN,2018-01-11,139.75772094726562,181.9600067138672,182.86000061035156,181.10000610351562,182.86000061035156,2101300
AMGN,2018-01-12,142.12335205078125,185.0399932861328,185.61000061035156,181.75,182.33999633789062,3111400
AMGN,2018-01-16,142.50735473632812,185.5399932861328,187.4499969482422,184.1699981689453,185.6199951171875,3374600
AMGN,2018-01-17,144.40452575683594,188.00999450683594,189.3000030517578,185.89999389648438,187.6999969482422,4018200
AMGN,2018-01-18,144.08193969726562,187.58999633789062,188.55999755859375,185.5,187.4499969482422,3084900
AMGN,2018-01-19,145.3799285888672,189.27999877929688,189.72000122070312,187.60000610351562,188.36000061035156,3652300
AMGN,2018-01-22,147.72254943847656,192.3300018310547,192.57000732421875,189.42999267578125,189.72999572753906,3579800
AMGN,2018-01-23,147.46145629882812,191.99000549316406,196.02999877929688,191.60000610351562,193.0,3486700
AMGN,2018-01-24,146.4168243408203,190.6300048828125,192.94000244140625,189.50999450683594,192.75,2765700
AMGN,2018-01-25,145.99441528320312,190.0800018310547,191.8000030517578,188.89999389648438,191.39999389648438,2470300
AMGN,2018-01-26,150.54904174804688,196.00999450683594,196.8000030517578,190.99000549316406,191.0500030517578,3920300
AMGN,2018-01-29,152.0774688720703,198.0,201.22999572753906,195.64999389648438,196.2100067138672,4565700
AMGN,2018-01-30,146.90843200683594,191.27000427246094,196.47000122070312,190.5500030517578,196.17999267578125,3990800
AMGN,2018-01-31,142.8991241455078,186.0500030517578,192.27000427246094,184.64999389648438,191.63999938964844,4677700
AMGN,2018-02-01,142.52272033691406,185.55999755859375,186.8300018310547,182.3300018310547,185.0,4078100
AMGN,2018-02-02,143.63645935058594,187.00999450683594,192.60000610351562,183.00999450683594,183.4600067138672,7029400
AMGN,2018-02-05,134.2198944091797,174.75,188.60000610351562,174.6199951171875,186.82000732421875,6922800
AMGN,2018-02-06,135.67922973632812,176.64999389648438,180.27999877929688,172.0399932861328,177.99000549316406,7527700
AMGN,2018-02-07,136.30906677246094,177.47000122070312,180.99000549316406,176.0,176.25,5715700
AMGN,2018-02-08,132.96798706054688,173.1199951171875,180.4199981689453,173.0,177.92999267578125,6026800
AMGN,2018-02-09,133.22914123535156,173.4600067138672,175.4600067138672,168.25,174.1300048828125,6093900
AMGN,2018-02-12,134.31207275390625,174.8699951171875,176.6699981689453,173.0,174.3000030517578,4324800
AMGN,2018-02-13,135.13392639160156,175.94000244140625,176.6999969482422,172.4600067138672,173.8699951171875,3834700
AMGN,2018-02-14,138.92591857910156,179.52000427246094,180.30999755859375,174.05999755859375,174.0800018310547,5958700
AMGN,2018-02-15,142.08331298828125,183.60000610351562,185.0,179.89999389648438,180.0,4493400
AMGN,2018-02-16,142.04464721679688,183.5500030517578,186.1199951171875,182.67999267578125,183.8000030517578,4365800
AMGN,2018-02-20,141.60350036621094,182.97999572753906,184.30999755859375,182.13999938964844,182.88999938964844,4078400
AMGN,2018-02-21,141.17784118652344,182.42999267578125,185.5,182.39999389648438,183.19000244140625,4054600
AMGN,2018-02-22,141.193359375,182.4499969482422,185.16000366210938,182.00999450683594,182.50999450683594,3868200
AMGN,2018-02-23,144.4591064453125,186.6699981689453,186.7899932861328,182.77000427246094,183.6300048828125,4163400
AMGN,2018-02-26,145.87527465820312,188.5,190.3699951171875,187.02999877929688,187.4600067138672,4943600
AMGN,2018-02-27,143.77810668945312,185.7899932861328,190.10000610351562,185.5500030517578,188.8300018310547,5016100
AMGN,2018-02-28,142.21485900878906,183.77000427246094,187.38999938964844,183.69000244140625,185.8800048828125,4544000
AMGN,2018-03-01,141.8434295654297,183.2899932861328,185.57000732421875,180.3800048828125,184.2100067138672,11757800
AMGN,2018-03-02,143.2286834716797,185.0800018310547,185.8000030517578,181.0500030517578,181.05999755859375,19115500
AMGN,2018-03-05,147.13673400878906,190.1300048828125,190.69000244140625,185.0,185.0500030517578,15187800
AMGN,2018-03-06,147.30697631835938,190.35000610351562,191.63999938964844,186.92999267578125,188.1999969482422,18446500
AMGN,2018-03-07,145.12464904785156,187.52999877929688,190.22000122070312,186.41000366210938,189.72999572753906,7009900
AMGN,2018-03-08,144.8383026123047,187.16000366210938,188.39999389648438,185.50999450683594,187.89999389648438,9192600
AMGN,2018-03-09,147.88735961914062,191.10000610351562,191.3800048828125,186.32000732421875,188.0,5674100
AMGN,2018-03-12,146.494384765625,189.3000030517578,190.38999938964844,188.32000732421875,189.5,6972400
AMGN,2018-03-13,146.84263610839844,189.75,190.8300018310547,188.6300048828125,189.60000610351562,4712900
AMGN,2018-03-14,147.4772491455078,190.57000732421875,192.6199951171875,189.8000030517578,191.17999267578125,3613300
AMGN,2018-03-15,146.84263610839844,189.75,190.8800048828125,187.91000366210938,190.0500030517578,3320500
AMGN,2018-03-16,145.674072265625,188.24000549316406,190.25,187.22999572753906,189.75,16878400
AMGN,2018-03-19,141.27073669433594,182.5500030517578,187.92999267578125,180.6699981689453,187.2899932861328,3970400
AMGN,2018-03-20,140.86834716796875,182.02999877929688,184.02000427246094,181.1699981689453,183.05999755859375,2582200
AMGN,2018-03-21,140.52781677246094,181.58999633789062,184.0399932861328,181.39999389648438,181.42999267578125,2531100
AMGN,2018-03-22,136.26377868652344,176.0800018310547,180.75,176.0,179.9199981689453,3553000
AMGN,2018-03-23,131.1174774169922,169.42999267578125,179.17999267578125,169.35000610351562,176.57000732421875,4529600
AMGN,2018-03-26,135.57501220703125,175.19000244140625,175.8699951171875,170.11000061035156,172.77999877929688,4217100
AMGN,2018-03-27,132.44857788085938,171.14999389648438,176.36000061035156,169.82000732421875,176.16000366210938,3963100
AMGN,2018-03-28,131.91461181640625,170.4600067138672,172.5,168.02000427246094,171.35000610351562,4545900
AMGN,2018-03-29,131.93006896972656,170.47999572753906,172.24000549316406,169.63999938964844,170.99000549316406,3769800
AMGN,2018-04-02,128.5018310546875,166.0500030517578,170.5800018310547,163.30999755859375,169.9199981689453,4759800
AMGN,2018-04-03,130.18112182617188,168.22000122070312,169.22000122070312,165.0800018310547,166.97000122070312,3374000
AMGN,2018-04-04,134.2826690673828,173.52000427246094,174.27000427246094,165.8800048828125,166.1699981689453,3796700
AMGN,2018-04-05,133.1063995361328,172.0,174.42999267578125,170.99000549316406,174.0,2766600
AMGN,2018-04-06,130.1192626953125,168.13999938964844,171.72000122070312,166.1999969482422,170.86000061035156,3747800
AMGN,2018-04-09,131.2645263671875,169.6199951171875,172.9499969482422,167.99000549316406,169.1999969482422,3856800
AMGN,2018-04-10,133.98085021972656,173.1300048828125,173.8800048828125,170.11000061035156,170.88999938964844,2872300
AMGN,2018-04-11,133.42364501953125,172.41000366210938,174.07000732421875,171.60000610351562,171.8000030517578,2575900
AMGN,2018-04-12,132.34796142578125,171.02000427246094,174.11000061035156,170.9600067138672,172.67999267578125,3471400
AMGN,2018-04-13,132.70394897460938,171.47999572753906,172.42999267578125,170.7899932861328,172.11000061035156,2656400
AMGN,2018-04-16,132.62655639648438,171.3800048828125,173.1300048828125,171.07000732421875,172.75,2656400
AMGN,2018-04-17,135.33509826660156,174.8800048828125,175.6300048828125,171.5800018310547,173.0,3283900
AMGN,2018-04-18,135.51312255859375,175.11000061035156,176.16000366210938,174.44000244140625,174.61000061035156,2205600
AMGN,2018-04-19,133.8260498046875,172.92999267578125,175.39999389648438,171.7899932861328,174.47000122070312,2269400
AMGN,2018-04-20,132.765869140625,171.55999755859375,173.47000122070312,170.57000732421875,173.10000610351562,2958600
AMGN,2018-04-23,135.16490173339844,174.66000366210938,176.97000122070312,171.25,171.6199951171875,3568700
AMGN,2018-04-24,133.05995178222656,171.94000244140625,175.75999450683594,170.52999877929688,175.5500030517578,4389400
AMGN,2018-04-25,135.29641723632812,174.8300018310547,175.44000244140625,170.33999633789062,173.66000366210938,4693800
AMGN,2018-04-26,135.71432495117188,175.3699951171875,176.67999267578125,171.7899932861328,175.4199981689453,3682400
AMGN,2018-04-27,137.331787109375,177.4600067138672,177.9199981689453,174.86000061035156,174.9199981689453,2424800
AMGN,2018-04-30,135.02557373046875,174.47999572753906,178.74000549316406,174.35000610351562,177.91000366210938,3608700
AMGN,2018-05-01,131.00146484375,169.27999877929688,173.99000549316406,167.97999572753906,172.14999389648438,4799400
AMGN,2018-05-02,131.1174774169922,169.42999267578125,171.07000732421875,168.3000030517578,169.3000030517578,4085700
AMGN,2018-05-03,128.7649383544922,166.38999938964844,170.33999633789062,166.0500030517578,169.27999877929688,4152900
AMGN,2018-05-04,129.9954071044922,167.97999572753906,169.5,165.22000122070312,165.9600067138672,3430000
AMGN,2018-05-07,130.0572967529297,168.05999755859375,169.92999267578125,167.5,168.5800018310547,3175800
AMGN,2018-05-08,130.39007568359375,168.49000549316406,170.5,167.5,168.80999755859375,3937700
AMGN,2018-05-09,131.28004455566406,169.63999938964844,170.52999877929688,167.08999633789062,168.6999969482422,2861400
AMGN,2018-05-10,132.15452575683594,170.77000427246094,171.49000549316406,169.36000061035156,170.25999450683594,2947100
AMGN,2018-05-11,134.5690460205078,173.88999938964844,174.35000610351562,170.02999877929688,170.3800048828125,3740500
AMGN,2018-05-14,136.17091369628906,175.9600067138672,177.8000030517578,173.0399932861328,174.10000610351562,3370600
AMGN,2018-05-15,133.3694610595703,172.33999633789062,175.30999755859375,171.10000610351562,174.80999755859375,4491700
AMGN,2018-05-16,135.53749084472656,173.8000030517578,174.5800018310547,170.6199951171875,171.35000610351562,2494200
AMGN,2018-05-17,136.20033264160156,174.64999389648438,175.42999267578125,172.52999877929688,173.30999755859375,2268400
AMGN,2018-05-18,137.48709106445312,176.3000030517578,177.33999633789062,174.69000244140625,176.50999450683594,3377200
AMGN,2018-05-21,137.61964416503906,176.47000122070312,177.94000244140625,175.89999389648438,177.1199951171875,2557200
AMGN,2018-05-22,139.0935821533203,178.36000061035156,179.57000732421875,176.50999450683594,176.7100067138672,2742700
AMGN,2018-05-23,140.3257293701172,179.94000244140625,179.99000549316406,176.66000366210938,177.1199951171875,2242000
AMGN,2018-05-24,138.7816162109375,177.9600067138672,180.25999450683594,176.99000549316406,180.0,2386100
AMGN,2018-05-25,139.0,178.24000549316406,179.0800018310547,177.60000610351562,177.9600067138672,1812000
AMGN,2018-05-29,138.3760986328125,177.44000244140625,178.3800048828125,175.77000427246094,176.99000549316406,2382000
AMGN,2018-05-30,140.5596923828125,180.24000549316406,181.77999877929688,178.00999450683594,178.2899932861328,3419200
AMGN,2018-05-31,140.07615661621094,179.6199951171875,180.9499969482422,178.3800048828125,180.30999755859375,5247200
AMGN,2018-06-01,143.1565704345703,183.57000732421875,184.77000427246094,180.36000061035156,180.75,2892800
AMGN,2018-06-04,144.6148681640625,185.44000244140625,185.97000122070312,182.8300018310547,183.17999267578125,2298800
AMGN,2018-06-05,141.72166442871094,181.72999572753906,184.7100067138672,179.7899932861328,182.8000030517578,3980800
AMGN,2018-06-06,143.1409912109375,183.5500030517578,184.14999389648438,180.8699951171875,182.00999450683594,2213100
AMGN,2018-06-07,142.94602966308594,183.3000030517578,184.0500030517578,182.50999450683594,183.47000122070312,2729600
AMGN,2018-06-08,143.725830078125,184.3000030517578,185.64999389648438,183.60000610351562,183.88999938964844,2865000
AMGN,2018-06-11,143.9676513671875,184.61000061035156,184.82000732421875,182.92999267578125,184.13999938964844,2409400
AMGN,2018-06-12,144.32635498046875,185.07000732421875,185.1199951171875,183.41000366210938,184.27000427246094,2045300
AMGN,2018-06-13,143.24237060546875,183.67999267578125,186.57000732421875,183.4499969482422,185.36000061035156,2243900
AMGN,2018-06-14,144.88783264160156,185.7899932861328,186.07000732421875,182.6999969482422,184.08999633789062,2289600
AMGN,2018-06-15,144.27952575683594,185.00999450683594,186.74000549316406,184.02000427246094,186.47000122070312,6474500
AMGN,2018-06-18,143.45291137695312,183.9499969482422,184.5,182.3800048828125,184.1300048828125,2370700
AMGN,2018-06-19,145.1997833251953,186.19000244140625,186.33999633789062,182.8300018310547,182.8300018310547,2538500
AMGN,2018-06-20,145.4493408203125,186.50999450683594,187.50999450683594,184.74000549316406,186.25,2415200
AMGN,2018-06-21,145.0438232421875,185.99000549316406,186.50999450683594,184.4199981689453,186.50999450683594,2206400
AMGN,2018-06-22,144.38873291015625,185.14999389648438,188.08999633789062,184.8300018310547,186.30999755859375,11153100
AMGN,2018-06-25,144.55252075195312,185.36000061035156,186.69000244140625,184.07000732421875,185.00999450683594,2678200
AMGN,2018-06-26,143.95199584960938,184.58999633789062,185.9499969482422,183.97999572753906,185.33999633789062,2070600
AMGN,2018-06-27,143.12538146972656,183.52999877929688,187.36000061035156,183.47000122070312,184.9199981689453,2354800
AMGN,2018-06-28,142.9772186279297,183.33999633789062,184.5800018310547,181.6999969482422,183.16000366210938,2286300
AMGN,2018-06-29,143.95199584960938,184.58999633789062,186.0500030517578,183.58999633789062,183.58999633789062,2606200
AMGN,2018-07-02,144.49786376953125,185.2899932861328,185.4600067138672,182.6999969482422,184.08999633789062,2069800
AMGN,2018-07-03,144.82545471191406,185.7100067138672,187.39999389648438,185.57000732421875,186.4499969482422,1348000
AMGN,2018-07-05,146.1121826171875,187.36000061035156,188.1699981689453,185.61000061035156,186.13999938964844,1801000
AMGN,2018-07-06,148.95860290527344,191.00999450683594,191.49000549316406,188.00999450683594,188.57000732421875,2751600
AMGN,2018-07-09,151.42295837402344,194.1699981689453,194.38999938964844,191.1699981689453,191.5,3065500
AMGN,2018-07-10,152.6083221435547,195.69000244140625,196.14999389648438,192.5399932861328,194.1699981689453,2757000
AMGN,2018-07-11,150.62753295898438,193.14999389648438,195.19000244140625,192.52000427246094,194.60000610351562,2431400
AMGN,2018-07-12,151.3527069091797,194.0800018310547,194.25999450683594,192.55999755859375,194.19000244140625,2251900
AMGN,2018-07-13,152.7799072265625,195.91000366210938,196.75,193.3800048828125,194.99000549316406,2232000
AMGN,2018-07-16,151.97665405273438,194.8800048828125,196.57000732421875,194.11000061035156,195.7100067138672,1824800
AMGN,2018-07-17,151.22802734375,193.9199981689453,194.89999389648438,192.11000061035156,192.3699951171875,2567300
AMGN,2018-07-18,150.35455322265625,192.8000030517578,194.0,192.0500030517578,193.25,2215800
AMGN,2018-07-19,149.5435333251953,191.75999450683594,192.85000610351562,190.2899932861328,191.86000061035156,2539200
AMGN,2018-07-20,148.55311584472656,190.49000549316406,191.47999572753906,189.49000549316406,191.47999572753906,2252200
AMGN,2018-07-23,148.14761352539062,189.97000122070312,190.97000122070312,189.16000366210938,190.11000061035156,1767000
AMGN,2018-07-24,149.2627410888672,191.39999389648438,193.1999969482422,190.5,191.25,2440400
AMGN,2018-07-25,150.5417022705078,193.0399932861328,193.4600067138672,190.77000427246094,191.6199951171875,2009300
AMGN,2018-07-26,151.32937622070312,194.0500030517578,195.58999633789062,192.67999267578125,195.02999877929688,2835800
AMGN,2018-07-27,150.07383728027344,192.44000244140625,196.22000122070312,189.57000732421875,196.0,4100200
AMGN,2018-07-30,148.66229248046875,190.6300048828125,192.2100067138672,189.94000244140625,191.5,2984700
AMGN,2018-07-31,153.2790069580078,196.5500030517578,197.49000549316406,190.8699951171875,191.0,4429300
AMGN,2018-08-01,152.725341796875,195.83999633789062,196.97999572753906,194.6999969482422,196.3300018310547,2632800
AMGN,2018-08-02,153.1464080810547,196.3800048828125,197.4199981689453,192.72999572753906,194.63999938964844,2500400
AMGN,2018-08-03,154.4019775390625,197.99000549316406,198.41000366210938,196.10000610351562,196.27000427246094,2176200
AMGN,2018-08-06,154.10562133789062,197.61000061035156,199.8300018310547,196.52000427246094,197.44000244140625,1913800
AMGN,2018-08-07,156.28138732910156,200.39999389648438,200.89999389648438,197.63999938964844,197.69000244140625,2349800
AMGN,2018-08-08,153.0060577392578,196.1999969482422,198.5,195.07000732421875,198.5,3145900
AMGN,2018-08-09,151.2670135498047,193.97000122070312,196.32000732421875,193.8300018310547,195.42999267578125,2766500
AMGN,2018-08-10,151.61788940429688,194.4199981689453,195.17999267578125,192.25999450683594,193.3000030517578,1769100
AMGN,2018-08-13,152.54592895507812,195.61000061035156,196.32000732421875,193.72000122070312,194.69000244140625,1802900
AMGN,2018-08-14,152.66293334960938,195.75999450683594,196.9600067138672,194.88999938964844,195.94000244140625,1240200
AMGN,2018-08-15,152.2729949951172,195.25999450683594,195.47999572753906,192.88999938964844,194.8300018310547,1900200
AMGN,2018-08-16,154.2358856201172,196.44000244140625,197.1300048828125,192.72999572753906,194.4600067138672,2361700
AMGN,2018-08-17,155.00535583496094,197.4199981689453,198.50999450683594,195.27999877929688,196.24000549316406,2183800
AMGN,2018-08-20,155.11524963378906,197.55999755859375,198.5,196.8699951171875,197.88999938964844,1747900
AMGN,2018-08-21,154.91896057128906,197.30999755859375,198.39999389648438,196.72999572753906,197.92999267578125,1666900
AMGN,2018-08-22,155.33506774902344,197.83999633789062,198.75,195.8300018310547,197.14999389648438,1709300
AMGN,2018-08-23,154.36151123046875,196.60000610351562,197.75,195.6199951171875,197.3699951171875,1351200
AMGN,2018-08-24,154.3928680419922,196.63999938964844,197.5,195.60000610351562,196.8800048828125,1358500
AMGN,2018-08-27,155.9318084716797,198.60000610351562,198.66000366210938,196.7899932861328,197.52000427246094,2034400
AMGN,2018-08-28,155.94757080078125,198.6199951171875,199.8300018310547,198.0,199.02000427246094,1644200
AMGN,2018-08-29,156.83474731445312,199.75,200.0,196.9199981689453,197.7899932861328,1775100
AMGN,2018-08-30,157.30581665039062,200.35000610351562,200.69000244140625,198.6999969482422,199.5800018310547,1992500
AMGN,2018-08-31,156.8818817138672,199.80999755859375,200.47000122070312,198.38999938964844,199.8300018310547,2981400
AMGN,2018-09-04,154.4635772705078,196.72999572753906,199.75,195.3300018310547,199.25,2293500
AMGN,2018-09-05,155.26441955566406,197.75,198.6699981689453,196.85000610351562,197.1300048828125,1809000
AMGN,2018-09-06,154.00820922851562,196.14999389648438,198.58999633789062,195.1199951171875,197.5500030517578,1797300
AMGN,2018-09-07,154.1259307861328,196.3000030517578,197.5500030517578,194.75,195.42999267578125,2604100
AMGN,2018-09-10,158.9939422607422,202.5,203.69000244140625,196.38999938964844,197.36000061035156,4310800
AMGN,2018-09-11,156.6149139404297,199.47000122070312,203.0,199.27000427246094,201.0,3386000
AMGN,2018-09-12,156.63844299316406,199.5,201.5,198.13999938964844,199.67999267578125,2133500
AMGN,2018-09-13,159.33151245117188,202.92999267578125,203.08999633789062,199.41000366210938,200.24000549316406,2780200
AMGN,2018-09-14,157.4864044189453,200.5800018310547,204.4199981689453,200.0,203.63999938964844,2504200
AMGN,2018-09-17,157.66702270507812,200.80999755859375,201.4499969482422,199.50999450683594,200.2899932861328,1950100
AMGN,2018-09-18,158.8682861328125,202.33999633789062,203.8699951171875,199.1999969482422,200.4199981689453,1982300
AMGN,2018-09-19,159.5435333251953,203.1999969482422,204.39999389648438,201.57000732421875,202.69000244140625,2204600
AMGN,2018-09-20,161.03536987304688,205.10000610351562,205.25,203.02000427246094,203.60000610351562,2225000
AMGN,2018-09-21,161.03536987304688,205.10000610351562,206.6199951171875,204.1699981689453,205.66000366210938,7314000
AMGN,2018-09-24,162.6919708251953,207.2100067138672,207.6699981689453,204.11000061035156,204.52999877929688,2642000
AMGN,2018-09-25,162.1031036376953,206.4600067138672,208.89999389648438,206.25999450683594,208.27999877929688,2556200
AMGN,2018-09-26,162.39366149902344,206.8300018310547,208.8800048828125,206.2899932861328,206.2899932861328,2162600
AMGN,2018-09-27,164.01104736328125,208.88999938964844,210.19000244140625,206.83999633789062,207.41000366210938,2571200
AMGN,2018-09-28,162.75485229492188,207.2899932861328,208.8000030517578,206.77000427246094,208.5399932861328,3238200
AMGN,2018-10-01,162.45648193359375,206.91000366210938,209.33999633789062,206.6199951171875,207.72999572753906,2518100
AMGN,2018-10-02,163.0531768798828,207.6699981689453,208.10000610351562,206.08999633789062,206.4199981689453,2172100
AMGN,2018-10-03,162.4486083984375,206.89999389648438,208.25,206.63999938964844,208.25,2258800
AMGN,2018-10-04,159.75552368164062,203.47000122070312,207.14999389648438,200.80999755859375,206.08999633789062,3219800
AMGN,2018-10-05,160.1873321533203,204.02000427246094,206.08999633789062,201.8300018310547,204.4499969482422,2481000
AMGN,2018-10-08,161.40435791015625,205.57000732421875,206.1300048828125,203.22999572753906,203.3699951171875,2878100
AMGN,2018-10-09,161.74197387695312,206.0,208.0800018310547,204.49000549316406,205.75,2509100
AMGN,2018-10-10,157.9732208251953,201.1999969482422,206.35000610351562,200.77000427246094,205.0,4148000
AMGN,2018-10-11,152.20233154296875,193.85000610351562,202.9600067138672,192.3800048828125,201.5500030517578,4175000
AMGN,2018-10-12,154.98175048828125,197.38999938964844,198.08999633789062,194.14999389648438,195.6199951171875,3231400
AMGN,2018-10-15,153.56845092773438,195.58999633789062,198.41000366210938,195.0,196.1999969482422,2091100
AMGN,2018-10-16,158.8682861328125,202.33999633789062,202.67999267578125,196.22000122070312,197.22000122070312,2261500
AMGN,2018-10-17,159.2059326171875,202.77000427246094,203.30999755859375,198.94000244140625,201.41000366210938,2459700
AMGN,2018-10-18,159.16664123535156,202.72000122070312,204.50999450683594,200.27999877929688,203.1699981689453,2433600
AMGN,2018-10-19,158.44432067871094,201.8000030517578,205.1199951171875,201.4499969482422,202.74000549316406,2692500
AMGN,2018-10-22,155.47642517089844,198.02000427246094,201.8000030517578,197.47000122070312,201.16000366210938,2717500
AMGN,2018-10-23,155.17807006835938,197.63999938964844,199.08999633789062,193.72000122070312,196.3000030517578,2553500
AMGN,2018-10-24,147.51490783691406,187.8800048828125,197.9600067138672,187.3699951171875,196.94000244140625,4288300
AMGN,2018-10-25,147.6876983642578,188.10000610351562,190.5,181.30999755859375,188.66000366210938,4983700
AMGN,2018-10-26,146.02313232421875,185.97999572753906,187.3300018310547,183.27999877929688,185.39999389648438,4580400
AMGN,2018-10-29,147.7583770751953,188.19000244140625,190.91000366210938,184.8000030517578,189.32000732421875,3829500
AMGN,2018-10-30,148.4571533203125,189.0800018310547,191.0,187.02999877929688,189.42999267578125,4040600
AMGN,2018-10-31,151.3700714111328,192.7899932861328,195.3300018310547,189.0399932861328,189.0800018310547,4541000
AMGN,2018-11-01,151.4564208984375,192.89999389648438,194.3800048828125,190.9600067138672,192.80999755859375,2827300
AMGN,2018-11-02,146.87110900878906,187.05999755859375,195.35000610351562,185.8300018310547,194.2899932861328,3696300
AMGN,2018-11-05,149.11669921875,189.9199981689453,190.72000122070312,187.5500030517578,187.67999267578125,2713500
AMGN,2018-11-06,149.76832580566406,190.75,192.6999969482422,189.52000427246094,190.2100067138672,2139000
AMGN,2018-11-07,155.16233825683594,197.6199951171875,197.72999572753906,192.00999450683594,192.80999755859375,3077800
AMGN,2018-11-08,153.90609741210938,196.02000427246094,198.27999877929688,195.27999877929688,197.5399932861328,2636600
AMGN,2018-11-09,151.6605682373047,193.16000366210938,196.91000366210938,192.17999267578125,195.3699951171875,2344900
AMGN,2018-11-12,150.40432739257812,191.55999755859375,194.72000122070312,190.47999572753906,193.64999389648438,2109100
AMGN,2018-11-13,150.396484375,191.5500030517578,194.82000732421875,191.02999877929688,192.91000366210938,2232200
AMGN,2018-11-14,149.4621124267578,190.36000061035156,193.39999389648438,189.66000366210938,192.02999877929688,2850300
AMGN,2018-11-15,152.15823364257812,192.4499969482422,192.6300048828125,187.1199951171875,188.33999633789062,2607100
AMGN,2018-11-16,153.5260009765625,194.17999267578125,195.24000549316406,191.69000244140625,192.36000061035156,3862300
AMGN,2018-11-19,154.10317993164062,194.91000366210938,196.77000427246094,192.8699951171875,194.9199981689453,2629900
AMGN,2018-11-20,155.3128204345703,196.44000244140625,198.67999267578125,192.75999450683594,196.32000732421875,3288800
AMGN,2018-11-21,152.4111785888672,192.77000427246094,197.5500030517578,192.61000061035156,195.1699981689453,2173600
AMGN,2018-11-23,152.25306701660156,192.57000732421875,194.47999572753906,190.77000427246094,191.25,1349200
AMGN,2018-11-26,153.6208953857422,194.3000030517578,196.30999755859375,192.49000549316406,194.94000244140625,2194600
AMGN,2018-11-27,155.83465576171875,197.10000610351562,197.22999572753906,191.8699951171875,193.16000366210938,2329200
AMGN,2018-11-28,159.2501983642578,201.4199981689453,202.02000427246094,196.05999755859375,196.9600067138672,2617800
AMGN,2018-11-29,160.0013427734375,202.3699951171875,204.0,199.52999877929688,199.77999877929688,1937800
AMGN,2018-11-30,164.65028381347656,208.25,208.99000549316406,201.7899932861328,202.14999389648438,4537200
AMGN,2018-12-03,160.4440460205078,202.92999267578125,208.3000030517578,200.3800048828125,208.10000610351562,4035300
AMGN,2018-12-04,156.3564453125,197.75999450683594,205.74000549316406,197.2899932861328,204.60000610351562,3881100
AMGN,2018-12-06,157.3448028564453,199.00999450683594,199.00999450683594,193.1999969482422,195.72000122070312,3437300
AMGN,2018-12-07,151.3596649169922,191.44000244140625,198.39999389648438,191.0500030517578,197.88999938964844,3152400
AMGN,2018-12-10,153.4548797607422,194.08999633789062,194.7899932861328,188.19000244140625,193.02999877929688,2718300
AMGN,2018-12-11,155.10728454589844,196.17999267578125,198.41000366210938,194.33999633789062,195.91000366210938,3047500
AMGN,2018-12-12,155.2891387939453,196.41000366210938,199.44000244140625,196.3000030517578,198.08999633789062,2665600
AMGN,2018-12-13,156.1746063232422,197.52999877929688,197.66000366210938,195.22000122070312,196.77000427246094,2129800
AMGN,2018-12-14,151.85777282714844,192.07000732421875,196.14999389648438,191.66000366210938,195.0399932861328,2981300
AMGN,2018-12-17,150.28440856933594,190.0800018310547,194.4499969482422,188.63999938964844,192.24000549316406,2919400
AMGN,2018-12-18,147.9282989501953,187.10000610351562,191.94000244140625,184.41000366210938,191.44000244140625,3164300
AMGN,2018-12-19,146.65538024902344,185.49000549316406,191.75999450683594,182.52999877929688,187.02000427246094,3995400
AMGN,2018-12-20,146.236328125,184.9600067138672,186.5399932861328,182.72000122070312,185.05999755859375,3806200
AMGN,2018-12-21,142.48080444335938,180.2100067138672,187.61000061035156,179.2100067138672,183.85000610351562,7829800
AMGN,2018-12-24,141.04977416992188,178.39999389648438,182.92999267578125,178.2899932861328,179.5,2205100
AMGN,2018-12-26,148.5291748046875,187.86000061035156,188.02999877929688,178.8800048828125,179.0399932861328,2868200
AMGN,2018-12-27,150.48202514648438,190.3300018310547,190.41000366210938,183.6199951171875,185.36000061035156,3137900
AMGN,2018-12-28,150.79830932617188,190.72999572753906,194.58999633789062,190.05999755859375,191.6300048828125,2477500
AMGN,2018-12-31,153.91342163085938,194.6699981689453,195.8000030517578,191.61000061035156,191.92999267578125,2764800
AMGN,2019-01-02,151.72335815429688,191.89999389648438,193.1999969482422,188.9499969482422,192.52000427246094,3009100
AMGN,2019-01-03,149.41468811035156,188.97999572753906,194.17999267578125,188.6699981689453,192.14999389648438,3973900
AMGN,2019-01-04,154.522216796875,195.44000244140625,196.52000427246094,190.83999633789062,191.4600067138672,4193400
AMGN,2019-01-07,156.60162353515625,198.07000732421875,199.36000061035156,194.0,194.75999450683594,3032500
AMGN,2019-01-08,158.6097869873047,200.61000061035156,201.1199951171875,196.67999267578125,199.1999969482422,3290300
AMGN,2019-01-09,158.4200439453125,200.3699951171875,202.89999389648438,199.6300048828125,202.36000061035156,2869700
AMGN,2019-01-10,160.24642944335938,202.67999267578125,203.52000427246094,199.47000122070312,200.3699951171875,3131300
AMGN,2019-01-11,158.5702667236328,200.55999755859375,200.99000549316406,198.0,200.63999938964844,3379700
AMGN,2019-01-14,155.58168029785156,196.77999877929688,200.0,196.66000366210938,199.49000549316406,3378600
AMGN,2019-01-15,157.63734436035156,199.3800048828125,199.99000549316406,196.0399932861328,196.3000030517578,2859800
AMGN,2019-01-16,157.24990844726562,198.88999938964844,200.44000244140625,197.60000610351562,199.3000030517578,3302400
AMGN,2019-01-17,159.6455078125,201.9199981689453,202.52999877929688,197.97999572753906,198.3800048828125,2440200
AMGN,2019-01-18,161.1951904296875,203.8800048828125,204.3300018310547,201.0399932861328,203.3300018310547,3095000
AMGN,2019-01-22,159.69296264648438,201.97999572753906,203.47999572753906,200.77999877929688,202.6199951171875,3173100
AMGN,2019-01-23,159.3609161376953,201.55999755859375,203.9499969482422,200.1300048828125,201.99000549316406,1917500
AMGN,2019-01-24,158.89443969726562,200.97000122070312,202.39999389648438,199.74000549316406,201.61000061035156,2390800
AMGN,2019-01-25,157.15509033203125,198.77000427246094,202.22999572753906,196.8800048828125,201.9499969482422,4383600
AMGN,2019-01-28,151.7628936767578,191.9499969482422,194.97000122070312,190.00999450683594,194.97000122070312,4186200
AMGN,2019-01-29,151.8894500732422,192.11000061035156,193.6699981689453,190.8000030517578,192.17999267578125,3182100
AMGN,2019-01-30,146.1572723388672,184.86000061035156,189.75999450683594,179.64999389648438,188.88999938964844,8089100
AMGN,2019-01-31,147.93621826171875,187.11000061035156,187.60000610351562,183.91000366210938,184.77999877929688,4397900
AMGN,2019-02-01,147.90460205078125,187.07000732421875,187.8300018310547,185.55999755859375,186.50999450683594,2488900
AMGN,2019-02-04,147.2008514404297,186.17999267578125,187.13999938964844,184.2899932861328,186.9600067138672,2930900
AMGN,2019-02-05,148.88494873046875,188.30999755859375,189.05999755859375,185.72000122070312,186.1999969482422,4933300
AMGN,2019-02-06,150.82200622558594,190.75999450683594,191.8699951171875,188.11000061035156,188.30999755859375,3322400
AMGN,2019-02-07,145.6591796875,184.22999572753906,190.6699981689453,182.6699981689453,190.6699981689453,4188100
AMGN,2019-02-08,147.05860900878906,186.0,186.0500030517578,183.41000366210938,183.41000366210938,2601000
AMGN,2019-02-11,146.892578125,185.7899932861328,187.11000061035156,185.50999450683594,186.7899932861328,2867300
AMGN,2019-02-12,148.97984313964844,188.42999267578125,188.9600067138672,186.42999267578125,187.3300018310547,2412400
AMGN,2019-02-13,149.41468811035156,188.97999572753906,190.1199951171875,188.39999389648438,189.22000122070312,2166000
AMGN,2019-02-14,148.73744201660156,186.67999267578125,187.8000030517578,185.75999450683594,187.58999633789062,2611500
AMGN,2019-02-15,150.06007385253906,188.33999633789062,189.10000610351562,185.99000549316406,188.07000732421875,3314600
AMGN,2019-02-19,148.96853637695312,186.97000122070312,188.47000122070312,186.85000610351562,187.7899932861328,2267500
AMGN,2019-02-20,148.92868041992188,186.9199981689453,189.22000122070312,186.47999572753906,187.19000244140625,3046400
AMGN,2019-02-21,147.7972869873047,185.5,187.39999389648438,184.75,186.38999938964844,2947600
AMGN,2019-02-22,149.39083862304688,187.5,188.86000061035156,185.80999755859375,185.88999938964844,2774100
AMGN,2019-02-25,151.23126220703125,189.80999755859375,190.47000122070312,187.88999938964844,188.66000366210938,3182600
AMGN,2019-02-26,151.4464111328125,190.0800018310547,191.64999389648438,189.36000061035156,189.55999755859375,2431000
AMGN,2019-02-27,152.51405334472656,191.4199981689453,192.19000244140625,188.66000366210938,188.74000549316406,1886200
AMGN,2019-02-28,151.4464111328125,190.0800018310547,191.6300048828125,189.72999572753906,191.3800048828125,2776200
AMGN,2019-03-01,152.30690002441406,191.16000366210938,192.05999755859375,190.47000122070312,191.38999938964844,2409400
AMGN,2019-03-04,151.2073974609375,189.77999877929688,192.1199951171875,187.41000366210938,191.82000732421875,2274800
AMGN,2019-03-05,150.4425048828125,188.82000732421875,190.6699981689453,188.7899932861328,190.0,3445200
AMGN,2019-03-06,145.92494201660156,183.14999389648438,189.3699951171875,182.42999267578125,188.8800048828125,3956100
AMGN,2019-03-07,144.5784454345703,181.4600067138672,183.16000366210938,180.60000610351562,182.9199981689453,3421700
AMGN,2019-03-08,144.1083526611328,180.8699951171875,181.30999755859375,179.00999450683594,180.60000610351562,2750900
AMGN,2019-03-11,146.7136993408203,184.13999938964844,184.60000610351562,181.39999389648438,181.83999633789062,2816900
AMGN,2019-03-12,146.74559020996094,184.17999267578125,184.9499969482422,183.52000427246094,184.61000061035156,2677500
AMGN,2019-03-13,149.27130126953125,187.35000610351562,188.33999633789062,184.19000244140625,184.6999969482422,2719700
AMGN,2019-03-14,149.5979766845703,187.75999450683594,188.86000061035156,185.88999938964844,187.52999877929688,2909600
AMGN,2019-03-15,152.37066650390625,191.24000549316406,191.63999938964844,188.10000610351562,188.4600067138672,6865000
AMGN,2019-03-18,152.42642211914062,191.30999755859375,192.52000427246094,190.19000244140625,191.0800018310547,2430200
AMGN,2019-03-19,152.56979370117188,191.49000549316406,192.75999450683594,190.9199981689453,191.92999267578125,2268700
AMGN,2019-03-20,152.27505493164062,191.1199951171875,192.77000427246094,189.8699951171875,191.5,2378700
AMGN,2019-03-21,152.8885498046875,191.88999938964844,192.3699951171875,189.17999267578125,189.72999572753906,2292900
AMGN,2019-03-22,148.75338745117188,186.6999969482422,192.8699951171875,186.5500030517578,190.9600067138672,3144700
AMGN,2019-03-25,148.66571044921875,186.58999633789062,187.77999877929688,185.0399932861328,186.63999938964844,2523700
AMGN,2019-03-26,150.0042724609375,188.27000427246094,189.58999633789062,187.02999877929688,187.5500030517578,2359100
AMGN,2019-03-27,148.45062255859375,186.32000732421875,188.60000610351562,185.22000122070312,188.25,2022600
AMGN,2019-03-28,149.5102996826172,187.64999389648438,187.88999938964844,186.0,187.0800018310547,1885600
AMGN,2019-03-29,151.36671447753906,189.97999572753906,191.0,188.5,189.3699951171875,3189700
AMGN,2019-04-01,152.7929229736328,191.77000427246094,192.55999755859375,190.50999450683594,191.13999938964844,2660500
AMGN,2019-04-02,153.3188018798828,192.42999267578125,192.82000732421875,191.1999969482422,191.80999755859375,2141800
AMGN,2019-04-03,153.70916748046875,192.9199981689453,193.8699951171875,191.7100067138672,193.17999267578125,1948100
AMGN,2019-04-04,153.23910522460938,192.3300018310547,194.42999267578125,190.99000549316406,192.85000610351562,1785900
AMGN,2019-04-05,155.69308471679688,195.41000366210938,196.8699951171875,193.3000030517578,193.8800048828125,2163300
AMGN,2019-04-08,155.2707977294922,194.8800048828125,195.30999755859375,192.55999755859375,194.52999877929688,1629800
AMGN,2019-04-09,153.75697326660156,192.97999572753906,194.0,192.50999450683594,193.58999633789062,1872600
AMGN,2019-04-10,154.4820556640625,193.88999938964844,195.0,192.33999633789062,194.14999389648438,1653200
AMGN,2019-04-11,153.06385803222656,192.11000061035156,194.7899932861328,190.64999389648438,194.57000732421875,2082600
AMGN,2019-04-12,152.51405334472656,191.4199981689453,193.47999572753906,190.7899932861328,193.02000427246094,2060800
AMGN,2019-04-15,152.33877563476562,191.1999969482422,193.17999267578125,189.85000610351562,191.83999633789062,2038300
AMGN,2019-04-16,149.82899475097656,188.0500030517578,192.57000732421875,187.44000244140625,192.27000427246094,2727300
AMGN,2019-04-17,145.38316345214844,182.47000122070312,188.74000549316406,181.52999877929688,188.35000610351562,5242100
AMGN,2019-04-18,141.39938354492188,177.47000122070312,183.49000549316406,176.85000610351562,183.24000549316406,8266600
AMGN,2019-04-22,140.5150146484375,176.36000061035156,177.57000732421875,174.8699951171875,177.10000610351562,3215800
AMGN,2019-04-23,143.2239227294922,179.75999450683594,180.64999389648438,175.75,176.94000244140625,3471700
AMGN,2019-04-24,142.06069946289062,178.3000030517578,180.8300018310547,178.25999450683594,180.13999938964844,2711600
AMGN,2019-04-25,143.79762268066406,180.47999572753906,181.02000427246094,175.9199981689453,177.0800018310547,2453700
AMGN,2019-04-26,144.58636474609375,181.47000122070312,181.85000610351562,180.02999877929688,180.6999969482422,2445400
AMGN,2019-04-29,144.3473358154297,181.1699981689453,182.47000122070312,179.58999633789062,181.4499969482422,2662500
AMGN,2019-04-30,142.87338256835938,179.32000732421875,182.0399932861328,177.8800048828125,181.6300048828125,3963000
AMGN,2019-05-01,140.33969116210938,176.13999938964844,178.5,171.25,175.39999389648438,6109100
AMGN,2019-05-02,140.6265411376953,176.5,178.3000030517578,174.3000030517578,176.05999755859375,3014000
AMGN,2019-05-03,141.2718963623047,177.30999755859375,177.77000427246094,176.47000122070312,176.92999267578125,2944500
AMGN,2019-05-06,141.0726776123047,177.05999755859375,177.24000549316406,173.8800048828125,175.49000549316406,2735000
AMGN,2019-05-07,138.53109741210938,173.8699951171875,176.41000366210938,172.5,175.13999938964844,2797000
AMGN,2019-05-08,137.1606903076172,172.14999389648438,175.5,171.6999969482422,173.5,3368400
AMGN,2019-05-09,137.7342987060547,172.8699951171875,173.17999267578125,169.44000244140625,171.24000549316406,2854400
AMGN,2019-05-10,136.92169189453125,171.85000610351562,172.4600067138672,168.44000244140625,172.4600067138672,2942300
AMGN,2019-05-13,133.5354461669922,167.60000610351562,169.60000610351562,167.1699981689453,169.24000549316406,3371800
AMGN,2019-05-14,133.70278930664062,167.80999755859375,169.72000122070312,167.3000030517578,167.67999267578125,2525300
AMGN,2019-05-15,135.34405517578125,169.8699951171875,170.60000610351562,166.3000030517578,167.22999572753906,2860200
AMGN,2019-05-16,136.54946899414062,169.9199981689453,172.02000427246094,169.33999633789062,169.39999389648438,2716200
AMGN,2019-05-17,136.54148864746094,169.91000366210938,171.24000549316406,169.11000061035156,169.27000427246094,2266600
AMGN,2019-05-20,135.31996154785156,168.38999938964844,170.39999389648438,168.14999389648438,168.67999267578125,2144300
AMGN,2019-05-21,136.3646240234375,169.69000244140625,170.02000427246094,168.52999877929688,169.77000427246094,2249300
AMGN,2019-05-22,137.65850830078125,171.3000030517578,172.0500030517578,168.5800018310547,169.35000610351562,2615500
AMGN,2019-05-23,138.3094024658203,172.11000061035156,173.05999755859375,170.49000549316406,171.33999633789062,2902500
AMGN,2019-05-24,137.64242553710938,171.27999877929688,173.77000427246094,171.08999633789062,172.6199951171875,2417100
AMGN,2019-05-28,135.68960571289062,168.85000610351562,172.77000427246094,168.75999450683594,171.55999755859375,4066200
AMGN,2019-05-29,135.95486450195312,169.17999267578125,169.75999450683594,167.3300018310547,168.0,2671600
AMGN,2019-05-30,135.84231567382812,169.0399932861328,170.0500030517578,168.1999969482422,169.44000244140625,1943300
AMGN,2019-05-31,133.9618377685547,166.6999969482422,168.8699951171875,166.67999267578125,168.05999755859375,2808900
AMGN,2019-06-03,138.51031494140625,172.36000061035156,176.80999755859375,170.55999755859375,172.0,5774800
AMGN,2019-06-04,140.4148406982422,174.72999572753906,175.36000061035156,170.55999755859375,174.02999877929688,4553200
AMGN,2019-06-05,140.2701873779297,174.5500030517578,175.77000427246094,173.08999633789062,175.67999267578125,2606400
AMGN,2019-06-06,140.1898193359375,174.4499969482422,176.05999755859375,174.08999633789062,174.77999877929688,2396800
AMGN,2019-06-07,141.04168701171875,175.50999450683594,176.0,173.27999877929688,175.6300048828125,2072000
AMGN,2019-06-10,141.09796142578125,175.5800018310547,176.16000366210938,174.0500030517578,175.9499969482422,2091400
AMGN,2019-06-11,140.32647705078125,174.6199951171875,177.14999389648438,174.1999969482422,176.27000427246094,2313800
AMGN,2019-06-12,141.11399841308594,175.60000610351562,176.69000244140625,174.16000366210938,175.3000030517578,1888600
AMGN,2019-06-13,142.00596618652344,176.7100067138672,177.4499969482422,175.22999572753906,175.8300018310547,1675800
AMGN,2019-06-14,141.49974060058594,176.0800018310547,177.89999389648438,175.5500030517578,176.97000122070312,1621800
AMGN,2019-06-17,143.3561248779297,178.38999938964844,178.5500030517578,175.39999389648438,176.0399932861328,1916800
AMGN,2019-06-18,145.9436798095703,181.61000061035156,182.82000732421875,179.1199951171875,179.27000427246094,3125500
AMGN,2019-06-19,146.87591552734375,182.77000427246094,183.1199951171875,180.63999938964844,181.47999572753906,2396500
AMGN,2019-06-20,147.9285888671875,184.0800018310547,185.2899932861328,182.11000061035156,184.77999877929688,2780400
AMGN,2019-06-21,150.3635711669922,187.11000061035156,187.1300048828125,182.91000366210938,183.88999938964844,6948100
AMGN,2019-06-24,148.53131103515625,184.8300018310547,187.0,184.6999969482422,186.07000732421875,2948300
AMGN,2019-06-25,148.21792602539062,184.44000244140625,186.77999877929688,183.1699981689453,184.60000610351562,2264700
AMGN,2019-06-26,147.1973114013672,183.1699981689453,184.94000244140625,182.74000549316406,184.7100067138672,2124600
AMGN,2019-06-27,147.88038635253906,184.02000427246094,185.44000244140625,183.02999877929688,183.35000610351562,2193700
AMGN,2019-06-28,148.08932495117188,184.27999877929688,186.10000610351562,183.66000366210938,184.1699981689453,3753200
AMGN,2019-07-01,149.75279235839844,186.35000610351562,187.3000030517578,185.10000610351562,186.8800048828125,2079800
AMGN,2019-07-02,149.98585510253906,186.63999938964844,186.6699981689453,184.1999969482422,186.02999877929688,1796300
AMGN,2019-07-03,151.5448760986328,188.5800018310547,189.4199981689453,187.1999969482422,187.5800018310547,1932600
AMGN,2019-07-05,149.42332458496094,185.94000244140625,188.8800048828125,185.24000549316406,187.42999267578125,2225800
AMGN,2019-07-08,146.44996643066406,182.24000549316406,185.00999450683594,180.52000427246094,184.66000366210938,2700900
AMGN,2019-07-09,145.92758178710938,181.58999633789062,182.27000427246094,180.50999450683594,181.2100067138672,2273700
AMGN,2019-07-10,146.4740753173828,182.27000427246094,183.2899932861328,181.02999877929688,182.1699981689453,1775700
AMGN,2019-07-11,143.0426483154297,178.0,181.0,175.9499969482422,180.86000061035156,3621900
AMGN,2019-07-12,140.57553100585938,174.92999267578125,178.08999633789062,174.19000244140625,177.82000732421875,4488700
AMGN,2019-07-15,141.5318603515625,176.1199951171875,177.44000244140625,174.61000061035156,174.89999389648438,3256800
AMGN,2019-07-16,142.61676025390625,177.47000122070312,177.77000427246094,175.91000366210938,176.33999633789062,2260100
AMGN,2019-07-17,142.2872314453125,177.05999755859375,179.4499969482422,177.00999450683594,178.13999938964844,1945200
AMGN,2019-07-18,144.2802276611328,179.5399932861328,180.42999267578125,176.8000030517578,177.1300048828125,2374400
AMGN,2019-07-19,143.3561248779297,178.38999938964844,181.5800018310547,178.19000244140625,180.6699981689453,2987200
AMGN,2019-07-22,141.34703063964844,175.88999938964844,178.80999755859375,175.72000122070312,177.8300018310547,2556800
AMGN,2019-07-23,141.44346618652344,176.00999450683594,176.77000427246094,175.52000427246094,176.42999267578125,2081800
AMGN,2019-07-24,141.25059509277344,175.77000427246094,176.75,174.8800048828125,176.02000427246094,1898000
AMGN,2019-07-25,139.91659545898438,174.11000061035156,176.5,173.77000427246094,175.77999877929688,2145500
AMGN,2019-07-26,140.90505981445312,175.33999633789062,175.50999450683594,173.1199951171875,174.27000427246094,3070400
AMGN,2019-07-29,141.49974060058594,176.0800018310547,177.16000366210938,174.83999633789062,175.27000427246094,1985400
AMGN,2019-07-30,141.79708862304688,176.4499969482422,176.72000122070312,174.27000427246094,174.9199981689453,2005100
AMGN,2019-07-31,149.93765258789062,186.5800018310547,188.0,177.89999389648438,180.0,7157600
AMGN,2019-08-01,149.47157287597656,186.0,189.4600067138672,184.13999938964844,186.39999389648438,3484700
AMGN,2019-08-02,150.4519500732422,187.22000122070312,187.86000061035156,185.00999450683594,186.0,2966500
AMGN,2019-08-05,145.8552703857422,181.5,185.9600067138672,180.52000427246094,185.5800018310547,4060000
AMGN,2019-08-06,148.2340087890625,184.4600067138672,184.60000610351562,180.02999877929688,181.10000610351562,3172900
AMGN,2019-08-07,147.49468994140625,183.5399932861328,184.13999938964844,179.61000061035156,183.0399932861328,3308900
AMGN,2019-08-08,148.8527374267578,185.22999572753906,185.4199981689453,183.0500030517578,183.47000122070312,2449000
AMGN,2019-08-09,157.70855712890625,196.25,200.0,182.82000732421875,185.14999389648438,8417100
AMGN,2019-08-12,165.36695861816406,205.77999877929688,208.77999877929688,197.25,197.89999389648438,10599300
AMGN,2019-08-13,165.64022827148438,206.1199951171875,211.89999389648438,203.0,203.42999267578125,5586400
AMGN,2019-08-14,160.9462127685547,198.8699951171875,205.39999389648438,198.72000122070312,202.80999755859375,4507100
AMGN,2019-08-15,161.3023223876953,199.30999755859375,201.0,198.6300048828125,200.0,3065800
AMGN,2019-08-16,165.11416625976562,204.02000427246094,205.4600067138672,200.36000061035156,201.8300018310547,2922500
AMGN,2019-08-19,166.71656799316406,206.0,206.5,201.11000061035156,203.22999572753906,2974900
AMGN,2019-08-20,164.4262237548828,203.1699981689453,206.1199951171875,202.9499969482422,205.89999389648438,2710800
AMGN,2019-08-21,165.04940795898438,203.94000244140625,205.3699951171875,203.5800018310547,204.4499969482422,1755200
AMGN,2019-08-22,164.6285400390625,203.4199981689453,206.35000610351562,202.0,205.27000427246094,2677600
AMGN,2019-08-23,161.11618041992188,199.0800018310547,203.6199951171875,198.00999450683594,203.08999633789062,3416200
AMGN,2019-08-26,166.23910522460938,205.41000366210938,206.39999389648438,199.6699981689453,200.60000610351562,4005200
AMGN,2019-08-27,167.1131134033203,206.49000549316406,208.9499969482422,205.27000427246094,206.5399932861328,3394000
AMGN,2019-08-28,167.9467315673828,207.52000427246094,210.13999938964844,205.3300018310547,205.50999450683594,3789300
AMGN,2019-08-29,167.50970458984375,206.97999572753906,209.83999633789062,205.25999450683594,209.0,2391600
AMGN,2019-08-30,168.83694458007812,208.6199951171875,210.97000122070312,206.8800048828125,208.99000549316406,2621300
AMGN,2019-09-03,166.32806396484375,205.52000427246094,207.88999938964844,204.67999267578125,207.3000030517578,2193000
AMGN,2019-09-04,166.97555541992188,206.32000732421875,207.3699951171875,203.0,206.6999969482422,1935700
AMGN,2019-09-05,168.05191040039062,207.64999389648438,208.47000122070312,205.97000122070312,206.6300048828125,1685300
AMGN,2019-09-06,168.1166229248047,207.72999572753906,209.35000610351562,206.10000610351562,208.63999938964844,2388000
AMGN,2019-09-09,163.7545166015625,202.33999633789062,202.9499969482422,198.7899932861328,202.52999877929688,4353200
AMGN,2019-09-10,159.32757568359375,196.8699951171875,201.97000122070312,195.36000061035156,200.80999755859375,4866300
AMGN,2019-09-11,158.49403381347656,195.83999633789062,198.4600067138672,195.1699981689453,197.1300048828125,2875300
AMGN,2019-09-12,157.0048828125,194.0,196.8300018310547,193.89999389648438,196.08999633789062,4448000
AMGN,2019-09-13,158.19459533691406,195.47000122070312,196.6699981689453,194.3300018310547,194.41000366210938,2428800
AMGN,2019-09-16,157.0696258544922,194.0800018310547,196.16000366210938,193.50999450683594,196.16000366210938,1597400
AMGN,2019-09-17,159.2062225341797,196.72000122070312,196.77999877929688,194.0399932861328,194.0399932861328,2447400
AMGN,2019-09-18,157.84657287597656,195.0399932861328,196.8300018310547,193.25999450683594,196.36000061035156,1897800
AMGN,2019-09-19,158.3402862548828,195.64999389648438,196.3699951171875,194.52000427246094,195.72000122070312,1483400
AMGN,2019-09-20,159.38429260253906,196.94000244140625,199.32000732421875,195.75,196.0,6680400
AMGN,2019-09-23,160.0478973388672,197.75999450683594,198.80999755859375,197.30999755859375,197.75,1683900
AMGN,2019-09-24,159.0686492919922,196.5500030517578,199.8000030517578,195.61000061035156,198.97999572753906,2322500
AMGN,2019-09-25,158.67208862304688,196.05999755859375,198.3300018310547,195.9199981689453,197.5800018310547,1779900
AMGN,2019-09-26,158.12173461914062,195.3800048828125,196.30999755859375,193.0800018310547,195.91000366210938,1877800
AMGN,2019-09-27,157.7656707763672,194.94000244140625,196.85000610351562,193.83999633789062,195.55999755859375,1770300
AMGN,2019-09-30,156.60838317871094,193.50999450683594,196.67999267578125,191.69000244140625,192.8000030517578,2492300
AMGN,2019-10-01,156.34934997558594,193.19000244140625,195.8800048828125,192.10000610351562,192.5800018310547,2331000
AMGN,2019-10-02,153.1283721923828,189.2100067138672,193.5800018310547,188.77999877929688,193.5800018310547,2250800
AMGN,2019-10-03,155.88807678222656,192.6199951171875,192.6699981689453,189.0,189.60000610351562,1888500
AMGN,2019-10-04,158.2917022705078,195.58999633789062,196.00999450683594,193.13999938964844,193.13999938964844,2158200
AMGN,2019-10-07,159.57040405273438,197.1699981689453,198.82000732421875,194.4499969482422,194.5399932861328,2199300
AMGN,2019-10-08,158.688232421875,196.0800018310547,198.0,195.0,196.5500030517578,2032600
AMGN,2019-10-09,159.1819610595703,196.69000244140625,198.67999267578125,195.9600067138672,198.67999267578125,1292900
AMGN,2019-10-10,160.7924346923828,198.67999267578125,199.36000061035156,197.02000427246094,198.0,1297500
AMGN,2019-10-11,162.5081787109375,200.8000030517578,203.88999938964844,199.97999572753906,200.22999572753906,2472200
AMGN,2019-10-14,164.1996612548828,202.88999938964844,204.89999389648438,201.22999572753906,201.25,1638200
AMGN,2019-10-15,165.63211059570312,204.66000366210938,204.8000030517578,202.60000610351562,203.4600067138672,1492800
AMGN,2019-10-16,164.4586181640625,203.2100067138672,204.97999572753906,202.17999267578125,204.14999389648438,1758500
AMGN,2019-10-17,164.7418670654297,203.55999755859375,204.75,201.52000427246094,201.58999633789062,1380800
AMGN,2019-10-18,164.06207275390625,202.72000122070312,204.1199951171875,200.80999755859375,204.11000061035156,2043400
AMGN,2019-10-21,164.23199462890625,202.92999267578125,203.61000061035156,200.77999877929688,203.57000732421875,1564000
AMGN,2019-10-22,165.7696533203125,204.8300018310547,206.05999755859375,203.22000122070312,204.6300048828125,2136700
AMGN,2019-10-23,164.547607421875,203.32000732421875,205.88999938964844,203.0399932861328,204.22999572753906,1805800
AMGN,2019-10-24,164.3372039794922,203.05999755859375,204.3000030517578,201.66000366210938,203.9499969482422,1220800
AMGN,2019-10-25,164.32911682128906,203.0500030517578,203.7100067138672,201.50999450683594,202.58999633789062,1321500
AMGN,2019-10-28,165.9153289794922,205.00999450683594,205.97999572753906,202.67999267578125,203.1699981689453,1652800
AMGN,2019-10-29,169.13636779785156,208.99000549316406,211.25,204.91000366210938,205.25999450683594,4460000
AMGN,2019-10-30,170.66600036621094,210.8800048828125,211.0,204.16000366210938,206.35000610351562,3793500
AMGN,2019-10-31,172.58399963378906,213.25,213.6699981689453,209.60000610351562,210.10000610351562,3255800
AMGN,2019-11-01,176.38771057128906,217.9499969482422,219.3800048828125,214.0,214.25999450683594,3685500
AMGN,2019-11-04,173.5228271484375,214.41000366210938,219.83999633789062,214.35000610351562,218.72999572753906,2646600
AMGN,2019-11-05,174.0650177001953,215.0800018310547,219.49000549316406,213.19000244140625,215.9199981689453,3012000
AMGN,2019-11-06,175.13336181640625,216.39999389648438,218.5800018310547,215.4499969482422,215.4499969482422,2540200
AMGN,2019-11-07,176.4200897216797,217.99000549316406,218.50999450683594,215.4600067138672,216.91000366210938,2498300
AMGN,2019-11-08,178.94512939453125,221.11000061035156,221.25,217.4600067138672,218.2100067138672,2069900
AMGN,2019-11-11,178.61331176757812,220.6999969482422,221.3800048828125,218.6999969482422,220.24000549316406,1364300
AMGN,2019-11-12,179.1070098876953,221.30999755859375,225.25999450683594,219.8699951171875,221.30999755859375,2704500
AMGN,2019-11-13,177.77975463867188,219.6699981689453,221.69000244140625,218.5399932861328,220.42999267578125,2333000
AMGN,2019-11-14,178.0078582763672,218.5,218.74000549316406,213.5500030517578,218.22000122070312,2749300
AMGN,2019-11-15,179.93051147460938,220.86000061035156,220.92999267578125,217.2100067138672,219.58999633789062,2028600
AMGN,2019-11-18,179.77572631835938,220.6699981689453,221.58999633789062,219.2100067138672,221.05999755859375,2239500
AMGN,2019-11-19,182.89593505859375,224.5,224.67999267578125,220.6999969482422,221.24000549316406,2551600
AMGN,2019-11-20,183.71873474121094,225.50999450683594,226.5500030517578,223.1300048828125,224.3800048828125,3524300
AMGN,2019-11-21,185.60067749023438,227.82000732421875,228.8000030517578,225.02000427246094,227.1199951171875,2659300
AMGN,2019-11-22,187.9795684814453,230.74000549316406,230.8699951171875,227.8300018310547,228.0800018310547,1975000
AMGN,2019-11-25,191.0753173828125,234.5399932861328,235.8000030517578,231.0800018310547,231.0800018310547,2637400
AMGN,2019-11-26,190.953125,234.38999938964844,234.88999938964844,232.00999450683594,233.97999572753906,3300800
AMGN,2019-11-27,191.0753173828125,234.5399932861328,235.27999877929688,231.85000610351562,234.64999389648438,1579800
AMGN,2019-11-29,191.2219696044922,234.72000122070312,235.47000122070312,233.75,234.1300048828125,945600
AMGN,2019-12-02,190.2117919921875,233.47999572753906,235.8000030517578,232.6300048828125,234.5399932861328,1633600
AMGN,2019-12-03,189.63331604003906,232.77000427246094,233.17999267578125,230.77999877929688,231.47999572753906,1825400
AMGN,2019-12-04,190.53765869140625,233.8800048828125,234.88999938964844,232.0,232.72999572753906,1908500
AMGN,2019-12-05,190.15478515625,233.41000366210938,233.77000427246094,231.4600067138672,233.69000244140625,2083600
AMGN,2019-12-06,190.44805908203125,233.77000427246094,235.0,233.19000244140625,234.67999267578125,1860900
AMGN,2019-12-09,189.674072265625,232.82000732421875,235.0500030517578,232.6300048828125,234.9600067138672,1867900
AMGN,2019-12-10,190.5050506591797,233.83999633789062,235.1199951171875,231.50999450683594,231.9199981689453,1494700
AMGN,2019-12-11,190.64353942871094,234.00999450683594,234.97000122070312,233.02999877929688,234.02999877929688,1754100
AMGN,2019-12-12,192.25662231445312,235.99000549316406,237.24000549316406,234.05999755859375,234.5800018310547,1851500
AMGN,2019-12-13,192.86766052246094,236.74000549316406,238.1199951171875,235.13999938964844,235.60000610351562,2041200
AMGN,2019-12-16,198.13043212890625,243.1999969482422,244.52999877929688,239.5,239.5,3047600
AMGN,2019-12-17,197.83721923828125,242.83999633789062,244.99000549316406,241.27999877929688,243.5800018310547,2382500
AMGN,2019-12-18,197.10398864746094,241.94000244140625,243.22000122070312,241.02000427246094,242.2100067138672,2956700
AMGN,2019-12-19,197.02249145507812,241.83999633789062,243.3000030517578,239.92999267578125,242.77999877929688,2070800
AMGN,2019-12-20,198.01641845703125,243.05999755859375,244.57000732421875,240.6999969482422,244.57000732421875,5091600
AMGN,2019-12-23,197.99195861816406,243.02999877929688,244.0,241.58999633789062,243.97999572753906,1686200
AMGN,2019-12-24,197.4217071533203,242.3300018310547,243.10000610351562,241.72000122070312,242.82000732421875,612800
AMGN,2019-12-26,197.07138061523438,241.89999389648438,243.63999938964844,241.32000732421875,242.72000122070312,1098300
AMGN,2019-12-27,196.76995849609375,241.52999877929688,242.99000549316406,240.16000366210938,242.24000549316406,1085000
AMGN,2019-12-30,195.74346923828125,240.27000427246094,242.97999572753906,239.39999389648438,241.39999389648438,1454400
AMGN,2019-12-31,196.39523315429688,241.07000732421875,241.4600067138672,238.5,240.27999877929688,1748300
AMGN,2020-01-02,195.60501098632812,240.10000610351562,243.19000244140625,238.97999572753906,243.0,2088000
AMGN,2020-01-03,194.2770538330078,238.47000122070312,240.25999450683594,236.24000549316406,237.16000366210938,1879000
AMGN,2020-01-06,195.7679443359375,240.3000030517578,240.4499969482422,236.55999755859375,237.1999969482422,1802800
AMGN,2020-01-07,193.9267120361328,238.0399932861328,240.0,237.58999633789062,239.30999755859375,1518900
AMGN,2020-01-08,194.0733642578125,238.22000122070312,239.5800018310547,236.61000061035156,237.92999267578125,2214700
AMGN,2020-01-09,194.65174865722656,238.92999267578125,239.69000244140625,237.97000122070312,239.69000244140625,1629000
AMGN,2020-01-10,194.10595703125,238.25999450683594,240.92999267578125,237.61000061035156,238.67999267578125,1777600
AMGN,2020-01-13,193.01426696777344,236.9199981689453,238.3300018310547,234.7899932861328,238.25999450683594,2004400
AMGN,2020-01-14,195.5235137939453,240.0,240.67999267578125,235.1699981689453,235.8000030517578,2239100
AMGN,2020-01-15,196.90846252441406,241.6999969482422,242.60000610351562,240.0500030517578,240.6699981689453,1920700
AMGN,2020-01-16,195.93081665039062,240.5,243.85000610351562,239.85000610351562,242.17999267578125,2085700
AMGN,2020-01-17,196.7374267578125,241.49000549316406,242.13999938964844,239.27000427246094,242.11000061035156,2582800
AMGN,2020-01-21,193.56826782226562,237.60000610351562,242.00999450683594,237.25999450683594,240.97000122070312,3094200
AMGN,2020-01-22,192.87579345703125,236.75,239.6999969482422,235.75999450683594,238.75,1998200
AMGN,2020-01-23,191.48265075683594,235.0399932861328,237.05999755859375,233.07000732421875,237.05999755859375,2088700
AMGN,2020-01-24,183.78392028808594,225.58999633789062,235.8800048828125,224.5,235.8000030517578,5019900
AMGN,2020-01-27,181.6332244873047,222.9499969482422,224.92999267578125,221.1699981689453,223.67999267578125,2843600
AMGN,2020-01-28,183.17295837402344,224.83999633789062,226.6999969482422,222.85000610351562,223.57000732421875,2103900
AMGN,2020-01-29,185.05482482910156,227.14999389648438,228.92999267578125,225.0,225.5,2001100
AMGN,2020-01-30,184.24012756347656,226.14999389648438,226.97000122070312,223.30999755859375,226.0,2581600
AMGN,2020-01-31,176.0118865966797,216.0500030517578,219.0800018310547,210.00999450683594,218.75999450683594,5968900
AMGN,2020-02-03,176.68807983398438,216.8800048828125,219.6199951171875,215.55999755859375,216.38999938964844,2565400
AMGN,2020-02-04,180.7044219970703,221.80999755859375,223.85000610351562,220.47999572753906,220.77000427246094,2765300
AMGN,2020-02-05,188.9571533203125,231.94000244140625,234.63999938964844,223.74000549316406,223.74000549316406,3669500
AMGN,2020-02-06,188.5579376220703,231.4499969482422,233.88999938964844,229.33999633789062,233.72000122070312,2007500
AMGN,2020-02-07,186.8308563232422,229.3300018310547,232.17999267578125,227.6699981689453,231.41000366210938,2295100
AMGN,2020-02-10,185.27479553222656,227.4199981689453,228.9600067138672,226.25999450683594,228.14999389648438,2144700
AMGN,2020-02-11,186.52943420410156,228.9600067138672,229.47000122070312,226.8000030517578,227.6999969482422,1934500
AMGN,2020-02-12,184.93263244628906,227.0,230.22999572753906,225.8800048828125,229.47000122070312,2501300
AMGN,2020-02-13,182.99636840820312,223.0399932861328,226.52000427246094,222.82000732421875,224.99000549316406,1946500
AMGN,2020-02-14,183.35736083984375,223.47999572753906,223.49000549316406,221.33999633789062,222.92999267578125,1611900
AMGN,2020-02-18,181.8887176513672,221.69000244140625,224.35000610351562,220.9199981689453,224.14999389648438,1936400
AMGN,2020-02-19,182.93075561523438,222.9600067138672,224.0500030517578,222.0500030517578,222.94000244140625,1322900
AMGN,2020-02-20,182.25796508789062,222.13999938964844,223.47999572753906,218.50999450683594,223.1999969482422,1638000
AMGN,2020-02-21,182.79122924804688,222.7899932861328,223.8000030517578,220.99000549316406,222.24000549316406,2047500
AMGN,2020-02-24,178.76278686523438,217.8800048828125,223.99000549316406,215.75999450683594,219.8800048828125,3049600
AMGN,2020-02-25,172.60926818847656,210.3800048828125,219.55999755859375,209.82000732421875,218.0800018310547,3915500
AMGN,2020-02-26,176.02239990234375,214.5399932861328,216.6999969482422,212.02000427246094,216.17999267578125,3314000
AMGN,2020-02-27,166.9644317626953,203.5,215.27999877929688,203.22000122070312,214.9199981689453,4071100
AMGN,2020-02-28,163.87135314941406,199.72999572753906,203.0,195.17999267578125,198.0500030517578,5316100
AMGN,2020-03-02,174.10250854492188,212.1999969482422,212.3699951171875,198.7100067138672,199.89999389648438,4245700
AMGN,2020-03-03,167.7192840576172,204.4199981689453,216.16000366210938,202.66000366210938,210.33999633789062,3975100
AMGN,2020-03-04,176.4900665283203,215.11000061035156,215.2899932861328,207.6199951171875,209.52999877929688,3880200
AMGN,2020-03-05,174.036865234375,212.1199951171875,216.38999938964844,207.5800018310547,207.66000366210938,3185400
AMGN,2020-03-06,172.830810546875,210.64999389648438,211.61000061035156,203.82000732421875,203.97000122070312,3100500
AMGN,2020-03-09,162.7554931640625,198.3699951171875,203.6199951171875,190.75,197.74000549316406,4065600
AMGN,2020-03-10,169.67201232910156,206.8000030517578,207.10000610351562,194.6699981689453,203.36000061035156,3928700
AMGN,2020-03-11,162.9852294921875,198.64999389648438,203.9199981689453,195.80999755859375,201.0,3777000
AMGN,2020-03-12,149.52137756347656,182.24000549316406,196.25999450683594,181.77000427246094,184.6300048828125,4902600
AMGN,2020-03-13,165.81582641601562,202.10000610351562,203.1699981689453,188.52000427246094,189.75999450683594,6903900
AMGN,2020-03-16,154.80517578125,188.67999267578125,204.72000122070312,182.9600067138672,184.6699981689453,4932400
AMGN,2020-03-17,170.4924774169922,207.8000030517578,210.91000366210938,191.64999389648438,192.2100067138672,5912800
AMGN,2020-03-18,168.0967559814453,204.8800048828125,210.89999389648438,196.74000549316406,198.55999755859375,5597900
AMGN,2020-03-19,163.0754852294922,198.75999450683594,208.75,195.27000427246094,201.0,4796500
AMGN,2020-03-20,154.4524383544922,188.25,201.97000122070312,186.0,198.88999938964844,5726800
AMGN,2020-03-23,152.54891967773438,185.92999267578125,191.9600067138672,177.0500030517578,188.88999938964844,4396600
AMGN,2020-03-24,166.0127410888672,202.33999633789062,202.85000610351562,190.00999450683594,191.47000122070312,5288200
AMGN,2020-03-25,158.46446228027344,193.13999938964844,201.36000061035156,190.00999450683594,197.77000427246094,5301000
AMGN,2020-03-26,162.8539276123047,198.49000549316406,199.72000122070312,190.5,193.1199951171875,5162200
AMGN,2020-03-27,162.6734619140625,198.27000427246094,205.8699951171875,194.00999450683594,194.4199981689453,4119600
AMGN,2020-03-30,171.05043029785156,208.47999572753906,209.4499969482422,200.0500030517578,200.0500030517578,3219000
AMGN,2020-03-31,166.33270263671875,202.72999572753906,207.25,200.6999969482422,203.49000549316406,2929000
AMGN,2020-04-01,162.2960205078125,197.80999755859375,201.3800048828125,194.99000549316406,197.55999755859375,2747900
AMGN,2020-04-02,171.37857055664062,208.8800048828125,209.52999877929688,194.2100067138672,194.41000366210938,3867300
AMGN,2020-04-03,168.53160095214844,205.41000366210938,209.75,203.02999877929688,207.42999267578125,2281400
AMGN,2020-04-06,173.59385681152344,211.5800018310547,212.7100067138672,206.85000610351562,212.0,3702100
AMGN,2020-04-07,171.2965087890625,208.77999877929688,215.17999267578125,207.3300018310547,213.4499969482422,2447500
AMGN,2020-04-08,179.8375701904297,219.19000244140625,219.82000732421875,207.33999633789062,208.89999389648438,2861500
AMGN,2020-04-09,179.03353881835938,218.2100067138672,219.35000610351562,215.6999969482422,217.39999389648438,2503300
AMGN,2020-04-13,179.082763671875,218.27000427246094,219.17999267578125,215.14999389648438,216.97999572753906,2168000
AMGN,2020-04-14,186.081298828125,226.8000030517578,228.32000732421875,220.25,221.00999450683594,3029000
AMGN,2020-04-15,181.97898864746094,221.8000030517578,225.50999450683594,219.30999755859375,224.99000549316406,3107000
AMGN,2020-04-16,189.4451904296875,230.89999389648438,232.10000610351562,223.22000122070312,225.0,2617300
AMGN,2020-04-17,192.78451538085938,234.97000122070312,236.99000549316406,229.22000122070312,236.8300018310547,2864200
AMGN,2020-04-20,194.12184143066406,236.60000610351562,239.55999755859375,232.38999938964844,234.1999969482422,2824000
AMGN,2020-04-21,189.32215881347656,230.75,235.77000427246094,229.0,235.0,2672900
AMGN,2020-04-22,188.12423706054688,229.2899932861328,234.0,227.58999633789062,233.35000610351562,2845100
AMGN,2020-04-23,190.74972534179688,232.49000549316406,235.64999389648438,228.8800048828125,229.08999633789062,3226400
AMGN,2020-04-24,193.8592987060547,236.27999877929688,236.92999267578125,230.8000030517578,234.0399932861328,1946200
AMGN,2020-04-27,198.9051513671875,242.42999267578125,243.0,235.0,236.6300048828125,2472600
AMGN,2020-04-28,194.99977111816406,237.6699981689453,244.9499969482422,236.86000061035156,243.0,2548900
AMGN,2020-04-29,193.37521362304688,235.69000244140625,239.30999755859375,235.24000549316406,238.89999389648438,3365100
AMGN,2020-04-30,196.27146911621094,239.22000122070312,240.07000732421875,231.91000366210938,236.02000427246094,5704500
AMGN,2020-05-01,189.51084899902344,230.97999572753906,237.0500030517578,228.0,233.0,3045400
AMGN,2020-05-04,189.4534149169922,230.91000366210938,232.9199981689453,228.10000610351562,232.44000244140625,2035800
AMGN,2020-05-05,193.92491149902344,236.36000061035156,237.97999572753906,229.1699981689453,231.27999877929688,1975500
AMGN,2020-05-06,194.11363220214844,236.58999633789062,239.67999267578125,235.69000244140625,237.30999755859375,1980500
AMGN,2020-05-07,191.43893432617188,233.3300018310547,237.97000122070312,232.10000610351562,236.89999389648438,2451200
AMGN,2020-05-08,192.66140747070312,234.82000732421875,235.72999572753906,231.60000610351562,234.9499969482422,1534300
AMGN,2020-05-11,199.15951538085938,242.74000549316406,243.49000549316406,232.50999450683594,233.07000732421875,2163700
AMGN,2020-05-12,194.62232971191406,237.2100067138672,244.5,237.0500030517578,242.67999267578125,2241000
AMGN,2020-05-13,194.31056213378906,236.8300018310547,243.94000244140625,235.22000122070312,235.22000122070312,2292700
AMGN,2020-05-14,195.25408935546875,237.97999572753906,238.97000122070312,233.8000030517578,235.9499969482422,3322700
AMGN,2020-05-15,198.40945434570312,240.1999969482422,240.42999267578125,233.88999938964844,234.42999267578125,3111500
AMGN,2020-05-18,192.619140625,233.19000244140625,244.38999938964844,231.8000030517578,243.66000366210938,5631400
AMGN,2020-05-19,187.86122131347656,227.42999267578125,233.44000244140625,227.1699981689453,232.63999938964844,3835800
AMGN,2020-05-20,188.2246551513672,227.8699951171875,230.1199951171875,225.63999938964844,229.27000427246094,3714600
AMGN,2020-05-21,185.67225646972656,224.77999877929688,228.24000549316406,224.0,228.11000061035156,2377500
AMGN,2020-05-22,187.03521728515625,226.42999267578125,226.77000427246094,223.61000061035156,224.1699981689453,2334300
AMGN,2020-05-26,183.7063751220703,222.39999389648438,228.35000610351562,221.72999572753906,227.52999877929688,2397800
AMGN,2020-05-27,185.697021484375,224.80999755859375,225.1300048828125,217.47000122070312,222.32000732421875,2932100
AMGN,2020-05-28,185.13539123535156,224.1300048828125,226.6199951171875,222.25,226.25999450683594,2591000
AMGN,2020-05-29,189.73626708984375,229.6999969482422,230.57000732421875,222.05999755859375,225.0,4251200
AMGN,2020-06-01,187.4316864013672,226.91000366210938,230.5399932861328,225.7100067138672,228.88999938964844,1816700
AMGN,2020-06-02,184.7966766357422,223.72000122070312,226.36000061035156,222.5800018310547,225.8000030517578,3198900
AMGN,2020-06-03,182.5498809814453,221.0,224.2899932861328,218.25,223.49000549316406,3660500
AMGN,2020-06-04,182.45083618164062,220.8800048828125,223.4499969482422,219.2100067138672,220.77000427246094,2392800
AMGN,2020-06-05,186.40745544433594,225.6699981689453,225.9499969482422,218.1999969482422,219.6999969482422,3714600
AMGN,2020-06-08,186.4735107421875,225.75,226.25,221.75,223.27000427246094,2270500
AMGN,2020-06-09,185.77139282226562,224.89999389648438,228.30999755859375,224.57000732421875,226.0,2403600
AMGN,2020-06-10,187.60516357421875,227.1199951171875,229.49000549316406,225.52000427246094,226.67999267578125,2851300
AMGN,2020-06-11,180.8153076171875,218.89999389648438,229.77999877929688,218.6699981689453,228.05999755859375,3900700
AMGN,2020-06-12,179.98924255371094,217.89999389648438,222.35000610351562,214.1999969482422,221.10000610351562,2426600
AMGN,2020-06-15,181.54217529296875,219.77999877929688,221.0,213.86000061035156,215.80999755859375,2471800
AMGN,2020-06-16,187.39862060546875,226.8699951171875,228.8800048828125,222.6199951171875,222.8300018310547,2581600
AMGN,2020-06-17,186.65521240234375,225.97000122070312,228.80999755859375,224.52999877929688,228.5399932861328,2751100
AMGN,2020-06-18,190.24838256835938,230.32000732421875,231.47999572753906,225.67999267578125,226.86000061035156,2469800
AMGN,2020-06-19,197.17044067382812,238.6999969482422,239.07000732421875,231.30999755859375,233.3800048828125,5319500
AMGN,2020-06-22,193.44509887695312,234.19000244140625,237.64999389648438,233.05999755859375,236.30999755859375,2337000
AMGN,2020-06-23,194.73370361328125,235.75,239.1699981689453,233.44000244140625,234.8699951171875,2171500
AMGN,2020-06-24,192.05740356445312,232.50999450683594,237.0,231.39999389648438,235.2100067138672,1972900
AMGN,2020-06-25,194.2050323486328,235.11000061035156,235.44000244140625,230.38999938964844,231.5,2080300
AMGN,2020-06-26,192.32998657226562,232.83999633789062,236.86000061035156,231.82000732421875,235.3699951171875,3613300
AMGN,2020-06-29,191.27268981933594,231.55999755859375,234.13999938964844,229.97999572753906,233.39999389648438,1938000
AMGN,2020-06-30,194.82452392578125,235.86000061035156,237.32000732421875,231.8000030517578,233.30999755859375,2589000
AMGN,2020-07-01,210.73365783691406,255.1199951171875,256.2300109863281,232.5800018310547,235.52000427246094,6575800
AMGN,2020-07-02,213.31080627441406,258.239990234375,261.4599914550781,252.8699951171875,252.8699951171875,3338000
AMGN,2020-07-06,211.66709899902344,256.25,264.9700012207031,253.89999389648438,260.0299987792969,3460400
AMGN,2020-07-07,209.1063690185547,253.14999389648438,258.9100036621094,252.08999633789062,253.60000610351562,2365900
AMGN,2020-07-08,207.81781005859375,251.58999633789062,253.97999572753906,249.25,253.14999389648438,1993700
AMGN,2020-07-09,207.8756103515625,251.66000366210938,253.8300018310547,248.83999633789062,250.25,1739600
AMGN,2020-07-10,205.71148681640625,249.0399932861328,251.57000732421875,247.07000732421875,250.64999389648438,1326100
AMGN,2020-07-13,206.53750610351562,250.0399932861328,255.42999267578125,249.27999877929688,249.8300018310547,2528100
AMGN,2020-07-14,209.0568084716797,253.08999633789062,253.7899932861328,240.47999572753906,242.75999450683594,2368300
AMGN,2020-07-15,209.2385711669922,253.30999755859375,254.57000732421875,250.77000427246094,254.57000732421875,1650100
AMGN,2020-07-16,210.7997589111328,255.1999969482422,255.2899932861328,249.9199981689453,252.05999755859375,1530900
AMGN,2020-07-17,213.49252319335938,258.4599914550781,259.95001220703125,254.75999450683594,256.70001220703125,2044800
AMGN,2020-07-20,215.5493621826172,260.95001220703125,262.82000732421875,258.32000732421875,260.0799865722656,1497400
AMGN,2020-07-21,213.03822326660156,257.9100036621094,260.0299987792969,257.2799987792969,258.6199951171875,1821600
AMGN,2020-07-22,212.27008056640625,256.9800109863281,260.0,255.8000030517578,259.7900085449219,1598100
AMGN,2020-07-23,208.3546905517578,252.24000549316406,260.0,251.60000610351562,259.5400085449219,2532000
AMGN,2020-07-24,204.8358917236328,247.97999572753906,251.8300018310547,245.5,251.25999450683594,2187900
AMGN,2020-07-27,209.5194091796875,253.64999389648438,255.10000610351562,247.02999877929688,247.3000030517578,2155700
AMGN,2020-07-28,210.85755920410156,255.27000427246094,258.3999938964844,253.77000427246094,254.4600067138672,2266600
AMGN,2020-07-29,205.5545654296875,248.85000610351562,252.85000610351562,245.74000549316406,250.39999389648438,3286700
AMGN,2020-07-30,203.3159942626953,246.13999938964844,247.82000732421875,245.1999969482422,246.39999389648438,1967400
AMGN,2020-07-31,202.10174560546875,244.6699981689453,246.10000610351562,239.38999938964844,245.6300048828125,2830100
AMGN,2020-08-03,204.32376098632812,247.36000061035156,249.02000427246094,244.52999877929688,244.85000610351562,1853900
AMGN,2020-08-04,201.20968627929688,243.58999633789062,246.1699981689453,241.33999633789062,245.97000122070312,1912100
AMGN,2020-08-05,199.45849609375,241.47000122070312,245.41000366210938,240.8000030517578,243.91000366210938,1736400
AMGN,2020-08-06,199.5245819091797,241.5500030517578,242.1999969482422,239.11000061035156,240.85000610351562,1747000
AMGN,2020-08-07,198.81422424316406,240.69000244140625,243.6199951171875,238.57000732421875,243.5800018310547,1352300
AMGN,2020-08-10,196.73265075683594,238.1699981689453,240.6699981689453,236.2100067138672,240.25999450683594,1533200
AMGN,2020-08-11,193.82508850097656,234.64999389648438,238.89999389648438,234.36000061035156,238.17999267578125,2296200
AMGN,2020-08-12,199.6650390625,241.72000122070312,243.0,234.69000244140625,234.69000244140625,2325500
AMGN,2020-08-13,198.624267578125,240.4600067138672,242.77000427246094,239.61000061035156,241.30999755859375,1362800
AMGN,2020-08-14,199.3310546875,239.7100067138672,240.05999755859375,238.6199951171875,239.2100067138672,1225000
AMGN,2020-08-17,202.07516479492188,243.00999450683594,244.74000549316406,240.2100067138672,240.2100067138672,1697500
AMGN,2020-08-18,200.8195037841797,241.5,244.30999755859375,240.02000427246094,243.52000427246094,1123800
AMGN,2020-08-19,199.9796600341797,240.49000549316406,243.72999572753906,238.5,241.02000427246094,1900500
AMGN,2020-08-20,198.51614379882812,238.72999572753906,240.69000244140625,237.3000030517578,240.1300048828125,1172800
AMGN,2020-08-21,197.6097412109375,237.63999938964844,238.8800048828125,235.50999450683594,238.8800048828125,1959900
AMGN,2020-08-24,195.8884735107422,235.57000732421875,238.44000244140625,233.55999755859375,237.72999572753906,1565300
AMGN,2020-08-25,206.40753173828125,248.22000122070312,249.9600067138672,240.8000030517578,242.89999389648438,6392100
AMGN,2020-08-26,208.03741455078125,250.17999267578125,251.3800048828125,245.75999450683594,248.3300018310547,3125000
AMGN,2020-08-27,210.22438049316406,252.80999755859375,256.9100036621094,250.41000366210938,252.24000549316406,3928300
AMGN,2020-08-28,210.48211669921875,253.1199951171875,254.13999938964844,247.7899932861328,253.39999389648438,12838400
AMGN,2020-08-31,210.64846801757812,253.32000732421875,256.04998779296875,250.10000610351562,252.92999267578125,4053900
AMGN,2020-09-01,208.60284423828125,250.86000061035156,252.0399932861328,248.67999267578125,250.0500030517578,2869000
AMGN,2020-09-02,214.63986206054688,258.1199951171875,258.79998779296875,251.22000122070312,251.22000122070312,2871600
AMGN,2020-09-03,206.1497802734375,247.91000366210938,260.05999755859375,246.35000610351562,259.2900085449219,3137700
AMGN,2020-09-04,206.55722045898438,248.39999389648438,252.27000427246094,244.5800018310547,251.3300018310547,2910200
AMGN,2020-09-08,200.55340576171875,241.17999267578125,246.99000549316406,239.52999877929688,246.22999572753906,3358600
AMGN,2020-09-09,204.20396423339844,245.57000732421875,247.49000549316406,241.82000732421875,242.63999938964844,2244300
AMGN,2020-09-10,200.1044158935547,240.63999938964844,246.13999938964844,238.89999389648438,244.55999755859375,2126400
AMGN,2020-09-11,202.24143981933594,243.2100067138672,245.49000549316406,241.07000732421875,241.6999969482422,1899400
AMGN,2020-09-14,205.18519592285156,246.75,247.83999633789062,244.25,244.83999633789062,2086500
AMGN,2020-09-15,206.5156707763672,248.35000610351562,251.9199981689453,248.10000610351562,248.6999969482422,2243900
AMGN,2020-09-16,206.0250701904297,247.75999450683594,251.35000610351562,247.0,251.35000610351562,2325300
AMGN,2020-09-17,206.2910919189453,248.0800018310547,249.72000122070312,243.02000427246094,243.52999877929688,2801100
AMGN,2020-09-18,205.99179077148438,247.72000122070312,249.83999633789062,242.35000610351562,248.69000244140625,6042400
AMGN,2020-09-21,202.22483825683594,243.19000244140625,247.0399932861328,238.1999969482422,247.0399932861328,2745300
AMGN,2020-09-22,205.80885314941406,247.5,248.2899932861328,240.89999389648438,241.5500030517578,2172600
AMGN,2020-09-23,201.72586059570312,242.58999633789062,249.22999572753906,241.47999572753906,247.3000030517578,2104300
AMGN,2020-09-24,199.83828735351562,240.32000732421875,242.67999267578125,237.77999877929688,242.14999389648438,1827200
AMGN,2020-09-25,202.7487335205078,243.82000732421875,244.17999267578125,237.80999755859375,239.50999450683594,2635700
AMGN,2020-09-28,205.4180450439453,247.02999877929688,249.0399932861328,244.77000427246094,247.67999267578125,2213900
AMGN,2020-09-29,206.4740753173828,248.3000030517578,249.0500030517578,245.47999572753906,247.5500030517578,2008000
AMGN,2020-09-30,211.34695434570312,254.16000366210938,256.1199951171875,248.10000610351562,249.80999755859375,3526600
AMGN,2020-10-01,212.36978149414062,255.38999938964844,258.510009765625,254.0500030517578,255.07000732421875,2428300
AMGN,2020-10-02,204.0708770751953,245.41000366210938,254.66000366210938,244.00999450683594,252.39999389648438,2514100
AMGN,2020-10-05,212.88531494140625,256.010009765625,256.6499938964844,246.24000549316406,246.52000427246094,2852300
AMGN,2020-10-06,210.1245880126953,252.69000244140625,257.3999938964844,252.13999938964844,257.3999938964844,2431400
AMGN,2020-10-07,214.2657470703125,257.6700134277344,258.3999938964844,253.10000610351562,253.9600067138672,1842800
AMGN,2020-10-08,199.64703369140625,240.08999633789062,250.05999755859375,239.0,249.27000427246094,5592300
AMGN,2020-10-09,196.828125,236.6999969482422,239.5800018310547,234.02000427246094,238.5,4183000
AMGN,2020-10-12,199.16476440429688,239.50999450683594,241.9199981689453,235.75999450683594,237.72999572753906,2881600
AMGN,2020-10-13,199.02342224121094,239.33999633789062,241.8699951171875,238.8699951171875,239.1999969482422,2065600
AMGN,2020-10-14,197.61805725097656,237.64999389648438,242.27000427246094,237.1999969482422,240.39999389648438,2693600
AMGN,2020-10-15,195.42276000976562,235.00999450683594,236.99000549316406,232.8699951171875,236.0,2531000
AMGN,2020-10-16,196.01315307617188,235.72000122070312,239.16000366210938,233.8000030517578,235.35000610351562,2059300
AMGN,2020-10-19,191.8471221923828,230.7100067138672,237.44000244140625,230.00999450683594,236.2100067138672,2749800
AMGN,2020-10-20,192.17141723632812,231.10000610351562,232.89999389648438,229.36000061035156,231.05999755859375,1950100
AMGN,2020-10-21,190.40016174316406,228.97000122070312,231.11000061035156,227.5399932861328,229.4600067138672,1978700
AMGN,2020-10-22,189.5769500732422,227.97999572753906,229.92999267578125,226.16000366210938,228.10000610351562,2172900
AMGN,2020-10-23,188.8950958251953,227.16000366210938,230.07000732421875,226.3000030517578,228.72000122070312,2104200
AMGN,2020-10-26,187.00747680664062,224.88999938964844,228.22999572753906,221.7899932861328,226.02000427246094,3087100
AMGN,2020-10-27,185.81837463378906,223.4600067138672,225.9499969482422,223.13999938964844,225.05999755859375,1934400
AMGN,2020-10-28,179.9309539794922,216.3800048828125,221.05999755859375,215.92999267578125,219.02000427246094,2874000
AMGN,2020-10-29,181.1283721923828,217.82000732421875,220.3300018310547,210.27999877929688,213.6300048828125,2994100
AMGN,2020-10-30,180.39662170410156,216.94000244140625,217.27000427246094,213.9600067138672,216.22000122070312,3262500
AMGN,2020-11-02,183.1158447265625,220.2100067138672,222.3699951171875,217.1999969482422,221.55999755859375,2029000
AMGN,2020-11-03,182.99107360839844,220.05999755859375,223.0800018310547,218.4600067138672,221.75999450683594,2533600
AMGN,2020-11-04,191.5311279296875,230.3300018310547,235.97999572753906,225.10000610351562,226.2899932861328,3810000
AMGN,2020-11-05,192.89486694335938,231.97000122070312,233.8300018310547,230.0,233.77000427246094,2070300
AMGN,2020-11-06,192.64535522460938,231.6699981689453,233.2100067138672,230.0399932861328,232.66000366210938,2028500
AMGN,2020-11-09,195.41444396972656,235.0,244.8000030517578,234.0,242.94000244140625,2996200
AMGN,2020-11-10,200.90267944335938,241.60000610351562,245.83999633789062,239.47000122070312,244.0,3742800
AMGN,2020-11-11,200.14598083496094,240.69000244140625,245.6699981689453,238.5,242.52000427246094,2244800
AMGN,2020-11-12,197.19395446777344,237.13999938964844,240.88999938964844,235.63999938964844,240.5500030517578,2438200
AMGN,2020-11-13,198.7176513671875,237.36000061035156,238.58999633789062,235.0,236.88999938964844,1767100
AMGN,2020-11-16,198.13165283203125,236.66000366210938,239.82000732421875,235.25999450683594,237.4199981689453,2069200
AMGN,2020-11-17,194.59866333007812,232.44000244140625,236.92999267578125,232.1199951171875,235.00999450683594,1935100
AMGN,2020-11-18,190.68052673339844,227.75999450683594,234.3699951171875,227.63999938964844,234.0500030517578,2466200
AMGN,2020-11-19,188.09364318847656,224.6699981689453,226.97000122070312,223.58999633789062,226.97000122070312,2595700
AMGN,2020-11-20,186.8378143310547,223.1699981689453,225.08999633789062,221.47999572753906,223.22000122070312,2956200
AMGN,2020-11-23,186.04248046875,222.22000122070312,223.1699981689453,220.33999633789062,222.05999755859375,2032600
AMGN,2020-11-24,184.5690155029297,220.4600067138672,223.0500030517578,219.82000732421875,222.4499969482422,3198300
AMGN,2020-11-25,184.44338989257812,220.30999755859375,223.77000427246094,218.9199981689453,221.10000610351562,2550300
AMGN,2020-11-27,188.2107696533203,224.80999755859375,226.2100067138672,221.38999938964844,221.41000366210938,1698300
AMGN,2020-11-30,185.8917999267578,222.0399932861328,225.27999877929688,219.4499969482422,224.3300018310547,4857700
AMGN,2020-12-01,188.43687438964844,225.0800018310547,225.77999877929688,222.72000122070312,224.8800048828125,3050600
AMGN,2020-12-02,189.67591857910156,226.55999755859375,230.0800018310547,224.61000061035156,225.0800018310547,2641200
AMGN,2020-12-03,189.9689483642578,226.91000366210938,228.4499969482422,225.52000427246094,226.0,2167800
AMGN,2020-12-04,191.89450073242188,229.2100067138672,230.3300018310547,225.75,225.75,2008800
AMGN,2020-12-07,189.58383178710938,226.4499969482422,229.2100067138672,225.11000061035156,229.0,2250300
AMGN,2020-12-08,191.66845703125,228.94000244140625,229.10000610351562,226.35000610351562,229.00999450683594,2124500
AMGN,2020-12-09,192.43028259277344,229.85000610351562,231.58999633789062,227.8800048828125,229.77999877929688,2210000
AMGN,2020-12-10,191.01544189453125,228.16000366210938,230.0,227.52000427246094,229.6199951171875,1558100
AMGN,2020-12-11,190.379150390625,227.39999389648438,227.8000030517578,225.5,226.47000122070312,2019300
AMGN,2020-12-14,192.10382080078125,229.4600067138672,232.19000244140625,227.5800018310547,229.47999572753906,2904700
AMGN,2020-12-15,192.99954223632812,230.52999877929688,231.27999877929688,227.0,229.00999450683594,2566600
AMGN,2020-12-16,191.24981689453125,228.44000244140625,231.27999877929688,228.11000061035156,229.99000549316406,2589100
AMGN,2020-12-17,193.59402465820312,231.24000549316406,231.3800048828125,228.8300018310547,229.1199951171875,2510400
AMGN,2020-12-18,191.29173278808594,228.49000549316406,232.0399932861328,227.25,232.0399932861328,5888900
AMGN,2020-12-21,190.3037872314453,227.30999755859375,227.94000244140625,221.5800018310547,225.67999267578125,2311400
AMGN,2020-12-22,185.01271057128906,220.99000549316406,226.47999572753906,220.0800018310547,225.72000122070312,3571600
AMGN,2020-12-23,186.64524841308594,222.94000244140625,223.5800018310547,220.66000366210938,221.47999572753906,1763500
AMGN,2020-12-24,186.63687133789062,222.92999267578125,224.5800018310547,222.2899932861328,223.24000549316406,955400
AMGN,2020-12-28,187.2396240234375,223.64999389648438,226.89999389648438,223.02999877929688,223.02999877929688,1495100
AMGN,2020-12-29,189.9354248046875,226.8699951171875,229.47000122070312,225.27000427246094,225.8800048828125,1564400
AMGN,2020-12-30,190.1865997314453,227.1699981689453,229.02999877929688,226.5800018310547,227.97999572753906,1891400
AMGN,2020-12-31,192.48890686035156,229.9199981689453,230.25,225.88999938964844,227.30999755859375,1821000
AMGN,2021-01-04,189.75962829589844,226.66000366210938,231.25,223.6699981689453,231.25,3088200
AMGN,2021-01-05,190.68052673339844,227.75999450683594,228.89999389648438,224.35000610351562,226.94000244140625,2494000
AMGN,2021-01-06,195.2767791748047,233.25,233.52999877929688,225.0,225.0,3754800
AMGN,2021-01-07,195.92144775390625,234.02000427246094,235.3699951171875,231.47000122070312,231.86000061035156,2647800
AMGN,2021-01-08,199.66371154785156,238.49000549316406,238.86000061035156,235.10000610351562,235.52999877929688,2511100
AMGN,2021-01-11,198.8934783935547,237.57000732421875,240.35000610351562,234.42999267578125,240.0,2600500
AMGN,2021-01-12,198.07302856445312,236.58999633789062,238.77999877929688,235.35000610351562,237.1199951171875,1771500
AMGN,2021-01-13,199.03579711914062,237.74000549316406,238.5,235.22000122070312,235.99000549316406,1412300
AMGN,2021-01-14,202.317626953125,241.66000366210938,243.49000549316406,235.67999267578125,236.5,2594000
AMGN,2021-01-15,205.52410888671875,245.49000549316406,246.83999633789062,240.02000427246094,241.17999267578125,2855200
AMGN,2021-01-19,207.8515167236328,248.27000427246094,249.0,246.3800048828125,246.5,2172900
AMGN,2021-01-20,211.27565002441406,252.36000061035156,253.35000610351562,246.1199951171875,247.4199981689453,2768200
AMGN,2021-01-21,210.99937438964844,252.02999877929688,252.72999572753906,249.52000427246094,252.0,2215900
AMGN,2021-01-22,212.23008728027344,253.5,255.22999572753906,250.55999755859375,252.25999450683594,1866600
AMGN,2021-01-25,215.24400329589844,257.1000061035156,257.1099853515625,251.85000610351562,252.0500030517578,1830700
AMGN,2021-01-26,216.49978637695312,258.6000061035156,259.07000732421875,254.86000061035156,256.5899963378906,2008900
AMGN,2021-01-27,210.1873016357422,251.05999755859375,259.44000244140625,250.32000732421875,255.47000122070312,3237900
AMGN,2021-01-28,207.4161834716797,247.75,276.69000244140625,243.4499969482422,252.47999572753906,5205600
AMGN,2021-01-29,202.1250457763672,241.42999267578125,246.47000122070312,240.25,244.92999267578125,3792800
AMGN,2021-02-01,201.28785705566406,240.42999267578125,245.47999572753906,239.5800018310547,244.3000030517578,2173500
AMGN,2021-02-02,201.33810424804688,240.49000549316406,241.9499969482422,236.8000030517578,240.0,2444200
AMGN,2021-02-03,198.48321533203125,237.0800018310547,239.8699951171875,231.38999938964844,231.55999755859375,4479200
AMGN,2021-02-04,198.60044860839844,237.22000122070312,237.86000061035156,233.75,236.27999877929688,2819700
AMGN,2021-02-05,197.8470001220703,236.32000732421875,238.8800048828125,235.3800048828125,238.30999755859375,2421800
AMGN,2021-02-08,198.8934783935547,237.57000732421875,239.6300048828125,235.85000610351562,237.99000549316406,2258200
AMGN,2021-02-09,198.12327575683594,236.64999389648438,237.6699981689453,234.7899932861328,237.27999877929688,1996500
AMGN,2021-02-10,199.6385955810547,238.4600067138672,240.3000030517578,236.6999969482422,238.39999389648438,2964400
AMGN,2021-02-11,198.2384796142578,235.0399932861328,239.1300048828125,233.99000549316406,238.63999938964844,1633900
AMGN,2021-02-12,200.06869506835938,237.2100067138672,237.35000610351562,233.49000549316406,235.0399932861328,1460300
AMGN,2021-02-16,196.38296508789062,232.83999633789062,237.69000244140625,232.52999877929688,236.00999450683594,2018100
AMGN,2021-02-17,198.71926879882812,235.61000061035156,235.83999633789062,231.24000549316406,232.3300018310547,1575400
AMGN,2021-02-18,196.1215057373047,232.52999877929688,235.42999267578125,232.3000030517578,235.42999267578125,1945300
AMGN,2021-02-19,195.41305541992188,231.69000244140625,233.14999389648438,230.85000610351562,232.00999450683594,2471500
AMGN,2021-02-22,195.22747802734375,231.47000122070312,233.8000030517578,230.1199951171875,230.3300018310547,2334800
AMGN,2021-02-23,196.0624542236328,232.4600067138672,238.0,230.97000122070312,232.64999389648438,2919200
AMGN,2021-02-24,193.97921752929688,229.99000549316406,230.7899932861328,227.7100067138672,229.8699951171875,2690500
AMGN,2021-02-25,191.8959503173828,227.52000427246094,230.5,226.89999389648438,229.99000549316406,2769200
AMGN,2021-02-26,189.70306396484375,224.9199981689453,230.30999755859375,223.6199951171875,230.30999755859375,3453500
AMGN,2021-03-01,191.49111938476562,227.0399932861328,227.92999267578125,225.22999572753906,225.8800048828125,2178100
AMGN,2021-03-02,190.35247802734375,225.69000244140625,227.88999938964844,225.27999877929688,227.0,2407500
AMGN,2021-03-03,188.87648010253906,223.94000244140625,225.69000244140625,221.30999755859375,223.52000427246094,2610600
AMGN,2021-03-04,187.16432189941406,221.91000366210938,227.8699951171875,220.25,227.82000732421875,3577000
AMGN,2021-03-05,192.07305908203125,227.72999572753906,228.14999389648438,221.4499969482422,222.4499969482422,3021300
AMGN,2021-03-08,192.14056396484375,227.80999755859375,232.1999969482422,226.6999969482422,228.0800018310547,3101000
AMGN,2021-03-09,193.1357879638672,228.99000549316406,233.1199951171875,228.77999877929688,230.0,3057300
AMGN,2021-03-10,193.9539337158203,229.9600067138672,233.49000549316406,229.02000427246094,231.4600067138672,2309800
AMGN,2021-03-11,194.9744415283203,231.1699981689453,233.9600067138672,228.77999877929688,230.66000366210938,2244000
AMGN,2021-03-12,194.291259765625,230.36000061035156,230.75999450683594,228.69000244140625,230.24000549316406,1752600
AMGN,2021-03-15,199.0144500732422,235.9600067138672,236.16000366210938,229.8000030517578,230.0,2911000
AMGN,2021-03-16,202.69178771972656,240.32000732421875,242.02000427246094,236.6199951171875,238.1199951171875,3386300
AMGN,2021-03-17,206.02330017089844,244.27000427246094,245.89999389648438,239.22000122070312,240.30999755859375,3255500
AMGN,2021-03-18,206.14981079101562,244.4199981689453,247.13999938964844,240.5,240.5,3063100
AMGN,2021-03-19,207.4318084716797,245.94000244140625,247.39999389648438,241.6300048828125,245.74000549316406,12589900
AMGN,2021-03-22,210.5946807861328,249.69000244140625,249.77000427246094,242.36000061035156,242.36000061035156,2059800
AMGN,2021-03-23,206.67269897460938,245.0399932861328,250.0,244.89999389648438,249.99000549316406,2604700
AMGN,2021-03-24,207.03541564941406,245.47000122070312,247.38999938964844,243.82000732421875,245.0,2237500
AMGN,2021-03-25,207.6932830810547,246.25,247.5399932861328,244.97999572753906,247.0399932861328,2707600
AMGN,2021-03-26,213.268310546875,252.86000061035156,253.27999877929688,245.5399932861328,245.97000122070312,2638900
AMGN,2021-03-29,215.03953552246094,254.9600067138672,256.6000061035156,251.4499969482422,251.52999877929688,2488100
AMGN,2021-03-30,210.645263671875,249.75,254.00999450683594,248.8300018310547,253.17999267578125,1979000
AMGN,2021-03-31,209.85244750976562,248.80999755859375,249.9499969482422,247.36000061035156,249.22999572753906,3571900
AMGN,2021-04-01,210.1560821533203,249.1699981689453,250.0,246.41000366210938,249.72999572753906,2176900
AMGN,2021-04-05,212.55984497070312,252.02000427246094,252.6300048828125,249.05999755859375,249.05999755859375,2230500
AMGN,2021-04-06,210.09706115722656,249.10000610351562,252.5399932861328,248.24000549316406,251.74000549316406,2040100
AMGN,2021-04-07,209.27049255371094,248.1199951171875,250.22000122070312,247.10000610351562,248.1699981689453,1583500
AMGN,2021-04-08,208.22462463378906,246.8800048828125,249.47999572753906,245.97999572753906,249.10000610351562,1633600
AMGN,2021-04-09,209.97052001953125,248.9499969482422,249.10000610351562,245.80999755859375,247.7100067138672,1368600
AMGN,2021-04-12,209.96212768554688,248.94000244140625,250.0,247.7899932861328,248.52000427246094,1722000
AMGN,2021-04-13,210.81393432617188,249.9499969482422,250.35000610351562,247.08999633789062,249.14999389648438,1766000
AMGN,2021-04-14,210.53562927246094,249.6199951171875,251.5,249.0,249.97999572753906,1753800
AMGN,2021-04-15,215.18292236328125,255.1300048828125,257.0,250.5,251.10000610351562,2366300
AMGN,2021-04-16,215.67205810546875,255.7100067138672,258.82000732421875,254.6699981689453,256.44000244140625,2768700
AMGN,2021-04-19,215.89137268066406,255.97000122070312,256.1099853515625,252.63999938964844,252.85000610351562,2345100
AMGN,2021-04-20,218.56504821777344,259.1400146484375,260.3599853515625,254.83999633789062,254.83999633789062,1579300
AMGN,2021-04-21,218.26136779785156,258.7799987792969,261.0,257.75,260.4100036621094,2173600
AMGN,2021-04-22,215.1154022216797,255.0500030517578,258.4800109863281,253.66000366210938,257.5400085449219,3370700
AMGN,2021-04-23,216.7853546142578,257.0299987792969,258.1400146484375,253.6699981689453,254.97999572753906,2426900
AMGN,2021-04-26,215.51182556152344,255.52000427246094,256.75,254.4199981689453,256.6499938964844,1782700
AMGN,2021-04-27,215.18292236328125,255.1300048828125,256.5299987792969,253.75999450683594,255.19000244140625,2184900
AMGN,2021-04-28,199.6470489501953,236.7100067138672,243.97000122070312,233.75999450683594,241.52000427246094,7550800
AMGN,2021-04-29,197.96018981933594,234.7100067138672,236.0,231.02999877929688,235.07000732421875,4053400
AMGN,2021-04-30,202.11825561523438,239.63999938964844,240.66000366210938,234.1999969482422,234.27000427246094,3420900
AMGN,2021-05-03,206.9595184326172,245.3800048828125,247.02000427246094,240.5500030517578,240.6699981689453,3587700
AMGN,2021-05-04,208.62950134277344,247.36000061035156,247.5800018310547,242.8699951171875,247.27000427246094,3555900
AMGN,2021-05-05,210.3079376220703,249.35000610351562,249.97999572753906,245.91000366210938,246.2899932861328,2765100
AMGN,2021-05-06,211.95260620117188,251.3000030517578,251.47999572753906,246.9600067138672,249.27999877929688,2790800
AMGN,2021-05-07,214.4069366455078,254.2100067138672,255.72999572753906,251.77999877929688,251.77999877929688,2512700
AMGN,2021-05-10,213.06588745117188,252.6199951171875,258.80999755859375,252.05999755859375,256.0,4079900
AMGN,2021-05-11,212.79603576660156,252.3000030517578,255.9600067138672,251.6199951171875,253.16000366210938,2307100
AMGN,2021-05-12,211.55618286132812,250.8300018310547,253.72000122070312,249.67999267578125,251.41000366210938,2431900
AMGN,2021-05-13,212.60206604003906,252.07000732421875,254.08999633789062,249.7899932861328,250.1699981689453,3275300
AMGN,2021-05-14,213.51083374023438,251.3800048828125,254.58999633789062,251.14999389648438,252.88999938964844,2286800
AMGN,2021-05-17,214.3601837158203,252.3800048828125,254.66000366210938,250.63999938964844,252.2899932861328,1922200
AMGN,2021-05-18,213.0691375732422,250.86000061035156,253.10000610351562,250.32000732421875,252.0800018310547,1729400
AMGN,2021-05-19,211.17510986328125,248.6300048828125,249.08999633789062,246.75,248.38999938964844,2652500
AMGN,2021-05-20,213.9779815673828,251.92999267578125,254.38999938964844,247.91000366210938,248.00999450683594,2227400
AMGN,2021-05-21,213.19654846191406,251.00999450683594,254.05999755859375,250.74000549316406,253.7100067138672,2177900
AMGN,2021-05-24,210.4276580810547,247.75,253.47999572753906,247.57000732421875,250.55999755859375,2552000
AMGN,2021-05-25,205.54388427734375,242.0,247.75,241.77999877929688,246.66000366210938,3210600
AMGN,2021-05-26,202.61358642578125,238.5500030517578,242.47999572753906,238.3300018310547,241.83999633789062,3812100
AMGN,2021-05-27,199.86172485351562,235.30999755859375,239.4600067138672,234.5800018310547,238.91000366210938,3701100
AMGN,2021-05-28,202.09555053710938,237.94000244140625,240.8699951171875,236.1300048828125,236.2100067138672,3239300
AMGN,2021-06-01,198.392333984375,233.5800018310547,242.27999877929688,232.94000244140625,242.1999969482422,3799600
AMGN,2021-06-02,199.7343292236328,235.16000366210938,236.69000244140625,233.88999938964844,234.89999389648438,2266800
AMGN,2021-06-03,200.2268829345703,235.74000549316406,236.5800018310547,233.36000061035156,233.6699981689453,2010600
AMGN,2021-06-04,201.16973876953125,236.85000610351562,239.27999877929688,235.75,236.74000549316406,1875700
AMGN,2021-06-07,201.45848083496094,237.19000244140625,240.57000732421875,235.1999969482422,236.9199981689453,2153800
AMGN,2021-06-08,201.14422607421875,236.82000732421875,239.1199951171875,235.25,238.92999267578125,1638000
AMGN,2021-06-09,203.43746948242188,239.52000427246094,241.30999755859375,236.72999572753906,237.9199981689453,3047700
AMGN,2021-06-10,207.78619384765625,244.63999938964844,245.3300018310547,239.22000122070312,239.57000732421875,2655900
AMGN,2021-06-11,206.19789123535156,242.77000427246094,245.5,241.97999572753906,244.8800048828125,2002300
AMGN,2021-06-14,204.8559112548828,241.19000244140625,242.72000122070312,239.2899932861328,242.55999755859375,2083200
AMGN,2021-06-15,203.71778869628906,239.85000610351562,241.97999572753906,239.0500030517578,241.74000549316406,2508800
AMGN,2021-06-16,203.4884490966797,239.5800018310547,244.50999450683594,238.0,240.8699951171875,3185600
AMGN,2021-06-17,204.49066162109375,240.75999450683594,242.42999267578125,238.33999633789062,239.5399932861328,2142800
AMGN,2021-06-18,202.7240447998047,238.67999267578125,241.0,236.47000122070312,239.5800018310547,5560400
AMGN,2021-06-21,204.0490264892578,240.24000549316406,240.91000366210938,237.64999389648438,239.63999938964844,2149000
AMGN,2021-06-22,203.7687225341797,239.91000366210938,240.75,238.2899932861328,239.7100067138672,1780400
AMGN,2021-06-23,202.74949645996094,238.7100067138672,239.75,236.92999267578125,239.64999389648438,1654300
AMGN,2021-06-24,204.65203857421875,240.9499969482422,243.02999877929688,239.2899932861328,240.41000366210938,1943000
AMGN,2021-06-25,206.12147521972656,242.67999267578125,243.64999389648438,240.11000061035156,241.63999938964844,4309900
AMGN,2021-06-28,206.25738525390625,242.83999633789062,245.50999450683594,242.66000366210938,244.02999877929688,1680700
AMGN,2021-06-29,205.93460083007812,242.4600067138672,243.94000244140625,242.05999755859375,243.22000122070312,1337200
AMGN,2021-06-30,207.03024291992188,243.75,244.27000427246094,242.05999755859375,242.72000122070312,2325100
AMGN,2021-07-01,209.70567321777344,246.89999389648438,247.10000610351562,243.5500030517578,243.74000549316406,2091600
AMGN,2021-07-02,211.2345428466797,248.6999969482422,249.89999389648438,246.25,247.3300018310547,1943600
AMGN,2021-07-06,206.94529724121094,243.64999389648438,248.1199951171875,243.1699981689453,247.25999450683594,2792300
AMGN,2021-07-07,206.58010864257812,243.22000122070312,244.27999877929688,241.33999633789062,244.07000732421875,2381700
AMGN,2021-07-08,207.48043823242188,244.27999877929688,246.6999969482422,242.4499969482422,244.24000549316406,1994300
AMGN,2021-07-09,208.26181030273438,245.1999969482422,245.92999267578125,241.7100067138672,243.08999633789062,1609900
AMGN,2021-07-12,207.55682373046875,244.3699951171875,247.89999389648438,243.5399932861328,244.49000549316406,2149400
AMGN,2021-07-13,207.9475555419922,244.8300018310547,246.75,242.97999572753906,245.38999938964844,1618200
AMGN,2021-07-14,207.83712768554688,244.6999969482422,245.3300018310547,241.49000549316406,244.22000122070312,2185200
AMGN,2021-07-15,209.4763641357422,246.6300048828125,247.57000732421875,242.13999938964844,244.3300018310547,2106700
AMGN,2021-07-16,210.60606384277344,247.9600067138672,249.52999877929688,246.5399932861328,248.0800018310547,3141400
AMGN,2021-07-19,209.56134033203125,246.72999572753906,249.9499969482422,244.85000610351562,247.8000030517578,2529900
AMGN,2021-07-20,209.6972198486328,246.88999938964844,250.38999938964844,245.7100067138672,247.27000427246094,3035200
AMGN,2021-07-21,207.9645538330078,244.85000610351562,246.9600067138672,242.69000244140625,246.91000366210938,1901900
AMGN,2021-07-22,207.87112426757812,244.74000549316406,246.22000122070312,243.1300048828125,243.97999572753906,1379800
AMGN,2021-07-23,210.40220642089844,247.72000122070312,248.55999755859375,244.8699951171875,246.27000427246094,1747300
AMGN,2021-07-26,208.159912109375,245.0800018310547,248.38999938964844,244.80999755859375,247.72000122070312,1518500
AMGN,2021-07-27,207.8201446533203,244.67999267578125,245.61000061035156,243.3800048828125,244.1199951171875,2166400
AMGN,2021-07-28,207.4549560546875,244.25,247.6999969482422,243.52000427246094,244.5500030517578,1649100
AMGN,2021-07-29,205.93460083007812,242.4600067138672,245.16000366210938,242.2100067138672,244.4600067138672,1498900
AMGN,2021-07-30,205.1531524658203,241.5399932861328,243.10000610351562,240.6300048828125,242.6199951171875,2284100
AMGN,2021-08-02,203.6667938232422,239.7899932861328,242.47999572753906,238.3699951171875,242.1199951171875,1849400
AMGN,2021-08-03,207.310546875,244.0800018310547,244.38999938964844,239.41000366210938,240.75999450683594,2320400
AMGN,2021-08-04,193.9161834716797,228.30999755859375,239.4199981689453,227.10000610351562,238.3699951171875,6952800
AMGN,2021-08-05,198.7405548095703,233.99000549316406,234.0399932861328,228.05999755859375,228.75,3294100
AMGN,2021-08-06,195.47903442382812,230.14999389648438,233.25,228.77000427246094,231.85000610351562,2363800
AMGN,2021-08-09,193.5594940185547,227.88999938964844,231.39999389648438,227.22000122070312,230.52000427246094,2250300
AMGN,2021-08-10,193.61895751953125,227.9600067138672,228.1999969482422,223.94000244140625,228.1999969482422,2860200
AMGN,2021-08-11,193.76332092285156,228.1300048828125,230.0,227.49000549316406,229.13999938964844,2104900
AMGN,2021-08-12,193.78025817871094,228.14999389648438,229.47999572753906,225.80999755859375,228.1999969482422,1798600
AMGN,2021-08-13,195.0797882080078,229.67999267578125,231.88999938964844,228.75999450683594,229.11000061035156,1797300
AMGN,2021-08-16,197.7759552001953,231.07000732421875,231.2899932861328,227.9199981689453,228.25999450683594,2434500
AMGN,2021-08-17,197.88719177246094,231.1999969482422,231.27999877929688,229.52000427246094,229.66000366210938,2666500
AMGN,2021-08-18,194.15542602539062,226.83999633789062,231.3300018310547,226.60000610351562,230.52000427246094,2988100
AMGN,2021-08-19,192.05844116210938,224.38999938964844,227.6999969482422,223.3000030517578,225.69000244140625,2669000
AMGN,2021-08-20,191.3223876953125,223.52999877929688,226.24000549316406,222.00999450683594,224.38999938964844,2811600
AMGN,2021-08-23,193.12835693359375,225.63999938964844,227.44000244140625,223.77000427246094,224.17999267578125,1932600
AMGN,2021-08-24,192.04991149902344,224.3800048828125,225.67999267578125,223.55999755859375,225.52000427246094,1790400
AMGN,2021-08-25,189.6619110107422,221.58999633789062,224.8300018310547,221.17999267578125,224.30999755859375,2173200
AMGN,2021-08-26,189.55918884277344,221.47000122070312,222.05999755859375,220.16000366210938,222.05999755859375,2844500
AMGN,2021-08-27,190.68043518066406,222.77999877929688,225.36000061035156,220.22000122070312,222.22000122070312,2660900
AMGN,2021-08-30,191.83592224121094,224.1300048828125,225.30999755859375,222.10000610351562,222.27999877929688,1881800
AMGN,2021-08-31,193.0341796875,225.52999877929688,225.64999389648438,223.33999633789062,224.94000244140625,2904700
AMGN,2021-09-01,191.16830444335938,223.35000610351562,226.1199951171875,221.8800048828125,225.5500030517578,2699000
AMGN,2021-09-02,193.40225219726562,225.9600067138672,226.02999877929688,223.42999267578125,223.63999938964844,1817800
AMGN,2021-09-03,193.753173828125,226.3699951171875,227.19000244140625,224.1999969482422,225.75999450683594,1664100
AMGN,2021-09-07,189.44793701171875,221.33999633789062,224.94000244140625,219.52000427246094,223.0,3281800
AMGN,2021-09-08,189.045654296875,220.8699951171875,222.2899932861328,220.10000610351562,221.3300018310547,2140400
AMGN,2021-09-09,184.51788330078125,215.5800018310547,220.64999389648438,215.41000366210938,220.5,3273600
AMGN,2021-09-10,182.95152282714844,213.75,216.99000549316406,213.5500030517578,216.5,2217800
AMGN,2021-09-13,185.49362182617188,216.72000122070312,219.0500030517578,215.07000732421875,217.05999755859375,2553400
AMGN,2021-09-14,184.9115753173828,216.0399932861328,217.9199981689453,215.1199951171875,217.60000610351562,1999300
AMGN,2021-09-15,186.700439453125,218.1300048828125,219.9199981689453,215.86000061035156,216.77000427246094,2555600
AMGN,2021-09-16,186.0413818359375,217.36000061035156,218.64999389648438,214.0,218.02000427246094,2695600
AMGN,2021-09-17,187.77032470703125,219.3800048828125,219.8800048828125,215.8699951171875,217.22999572753906,5659900
AMGN,2021-09-20,184.11557006835938,215.11000061035156,219.85000610351562,214.27999877929688,218.3800048828125,3293000
AMGN,2021-09-21,184.32957458496094,215.36000061035156,218.10000610351562,214.36000061035156,215.7100067138672,2112100
AMGN,2021-09-22,182.85739135742188,213.63999938964844,216.55999755859375,213.4600067138672,216.55999755859375,2542800
AMGN,2021-09-23,184.064208984375,215.0500030517578,215.55999755859375,212.3000030517578,212.50999450683594,2181500
AMGN,2021-09-24,182.83169555664062,213.61000061035156,215.52999877929688,213.1999969482422,214.75,1908600
AMGN,2021-09-27,182.4037628173828,213.11000061035156,214.9499969482422,212.6999969482422,213.25,1943000
AMGN,2021-09-28,181.684814453125,212.27000427246094,214.75999450683594,211.64999389648438,212.3000030517578,2919000
AMGN,2021-09-29,183.9358367919922,214.89999389648438,216.8000030517578,211.85000610351562,212.5,1900800
AMGN,2021-09-30,182.00999450683594,212.64999389648438,216.6699981689453,212.52000427246094,215.7899932861328,2491900
AMGN,2021-10-01,183.09703063964844,213.9199981689453,214.61000061035156,210.8000030517578,213.58999633789062,2629400
AMGN,2021-10-04,180.974365234375,211.44000244140625,215.63999938964844,210.77000427246094,214.10000610351562,2856300
AMGN,2021-10-05,181.33387756347656,211.86000061035156,213.99000549316406,211.0800018310547,211.2100067138672,2481900
AMGN,2021-10-06,179.72474670410156,209.97999572753906,212.0800018310547,208.97000122070312,211.32000732421875,2928200
AMGN,2021-10-07,178.98861694335938,209.1199951171875,212.4499969482422,208.52999877929688,208.52999877929688,3331700
AMGN,2021-10-08,178.8431396484375,208.9499969482422,210.17999267578125,207.64999389648438,210.1300048828125,2349800
AMGN,2021-10-11,176.91732788085938,206.6999969482422,209.88999938964844,206.58999633789062,209.05999755859375,1982200
AMGN,2021-10-12,172.80039978027344,201.88999938964844,207.55999755859375,200.47000122070312,207.42999267578125,3544000
AMGN,2021-10-13,174.27256774902344,203.61000061035156,204.88999938964844,202.10000610351562,202.82000732421875,3303300
AMGN,2021-10-14,176.98580932617188,206.77999877929688,207.5,204.49000549316406,204.49000549316406,3015100
AMGN,2021-10-15,177.89308166503906,207.83999633789062,209.02000427246094,206.22999572753906,208.49000549316406,3684600
AMGN,2021-10-18,173.86170959472656,203.1300048828125,207.0,202.4499969482422,206.36000061035156,2812500
AMGN,2021-10-19,176.98580932617188,206.77999877929688,206.89999389648438,203.0800018310547,204.49000549316406,2480500
AMGN,2021-10-20,179.45083618164062,209.66000366210938,211.58999633789062,206.25,207.39999389648438,2308600
AMGN,2021-10-21,178.87738037109375,208.99000549316406,210.25999450683594,207.6699981689453,210.14999389648438,1921100
AMGN,2021-10-22,179.09136962890625,209.24000549316406,210.5,208.5,209.6999969482422,1349300
AMGN,2021-10-25,177.71336364746094,207.6300048828125,209.82000732421875,206.97000122070312,209.5,1916500
AMGN,2021-10-26,178.6120147705078,208.67999267578125,209.97999572753906,207.6300048828125,208.1999969482422,1664400
AMGN,2021-10-27,176.8146514892578,206.5800018310547,210.39999389648438,205.80999755859375,209.8699951171875,2003300
AMGN,2021-10-28,177.3196258544922,207.1699981689453,209.49000549316406,205.61000061035156,207.08999633789062,2166500
AMGN,2021-10-29,177.1484375,206.97000122070312,207.6999969482422,204.1999969482422,206.35000610351562,2592300
AMGN,2021-11-01,179.56210327148438,209.7899932861328,212.08999633789062,207.77000427246094,208.0,3105300
AMGN,2021-11-02,183.38804626464844,214.25999450683594,214.72000122070312,208.13999938964844,210.50999450683594,3329300
AMGN,2021-11-03,186.700439453125,218.1300048828125,219.25,209.8000030517578,210.91000366210938,3775600
AMGN,2021-11-04,183.96151733398438,214.92999267578125,218.4499969482422,211.72000122070312,218.3000030517578,2781300
AMGN,2021-11-05,182.96865844726562,213.77000427246094,217.4199981689453,212.72999572753906,215.61000061035156,2300100
AMGN,2021-11-08,180.91448974609375,211.3699951171875,214.44000244140625,210.92999267578125,214.05999755859375,2532900
AMGN,2021-11-09,181.20545959472656,211.7100067138672,213.6999969482422,210.47000122070312,211.02000427246094,2296300
AMGN,2021-11-10,182.48931884765625,213.2100067138672,215.5,212.52999877929688,213.27999877929688,2360400
AMGN,2021-11-11,181.0770721435547,211.55999755859375,214.0800018310547,210.55999755859375,214.0800018310547,2615700
AMGN,2021-11-12,180.9315948486328,211.38999938964844,212.8800048828125,210.3800048828125,212.3000030517578,4614100
AMGN,2021-11-15,179.00685119628906,207.39999389648438,210.88999938964844,207.0800018310547,210.69000244140625,3129200
AMGN,2021-11-16,177.27203369140625,205.38999938964844,209.0399932861328,205.27000427246094,208.02999877929688,2942500
AMGN,2021-11-17,177.6431884765625,205.82000732421875,207.35000610351562,203.60000610351562,205.2100067138672,3329300
AMGN,2021-11-18,176.08961486816406,204.02000427246094,206.22999572753906,203.72999572753906,205.6300048828125,4261500
AMGN,2021-11-19,177.86758422851562,206.0800018310547,206.1999969482422,203.6699981689453,205.27000427246094,3217100
AMGN,2021-11-22,174.97621154785156,202.72999572753906,206.3000030517578,200.75,205.4499969482422,2835100
AMGN,2021-11-23,176.52978515625,204.52999877929688,205.47999572753906,201.27000427246094,202.22999572753906,2149300
AMGN,2021-11-24,176.0464324951172,203.97000122070312,205.27999877929688,202.9499969482422,204.3000030517578,1699800
AMGN,2021-11-26,173.5607147216797,201.08999633789062,206.0,200.52000427246094,204.74000549316406,3197900
AMGN,2021-11-29,175.6149139404297,203.47000122070312,204.8300018310547,201.58999633789062,202.47999572753906,2519900
AMGN,2021-11-30,171.6532745361328,198.8800048828125,203.8699951171875,198.72999572753906,202.72999572753906,5400100
AMGN,2021-12-01,173.31040954589844,200.8000030517578,205.63999938964844,198.63999938964844,200.44000244140625,3057700
AMGN,2021-12-02,173.62977600097656,201.1699981689453,203.10000610351562,199.30999755859375,200.72999572753906,2858200
AMGN,2021-12-03,174.72589111328125,202.44000244140625,203.8000030517578,200.83999633789062,201.3800048828125,3591900
AMGN,2021-12-06,180.20657348632812,208.7899932861328,211.7899932861328,205.97000122070312,206.3800048828125,3998600
AMGN,2021-12-07,182.39022827148438,211.32000732421875,212.44000244140625,207.36000061035156,209.14999389648438,3309500
AMGN,2021-12-08,184.2976531982422,213.52999877929688,213.91000366210938,210.42999267578125,212.88999938964844,2624400
AMGN,2021-12-09,183.46908569335938,212.57000732421875,213.97999572753906,209.5,213.52999877929688,2699800
AMGN,2021-12-10,182.01905822753906,210.88999938964844,214.4499969482422,210.00999450683594,213.3000030517578,2812200
AMGN,2021-12-13,182.45065307617188,211.38999938964844,213.19000244140625,209.0,210.42999267578125,2721300
AMGN,2021-12-14,184.47894287109375,213.74000549316406,214.80999755859375,210.22999572753906,211.32000732421875,2602600
AMGN,2021-12-15,189.234619140625,219.25,219.5,213.1199951171875,214.0,3924500
AMGN,2021-12-16,192.1087188720703,222.5800018310547,231.0399932861328,220.0,220.0,6027200
AMGN,2021-12-17,192.0396728515625,222.5,224.16000366210938,219.32000732421875,222.69000244140625,6424000
AMGN,2021-12-20,189.87327575683594,219.99000549316406,222.49000549316406,218.69000244140625,222.25,2922200
AMGN,2021-12-21,190.67596435546875,220.9199981689453,223.25,219.9600067138672,220.5500030517578,2987500
AMGN,2021-12-22,191.20245361328125,221.52999877929688,221.89999389648438,217.75999450683594,220.0,2677700
AMGN,2021-12-23,193.15304565429688,223.7899932861328,224.47999572753906,221.5,222.3699951171875,1668800
AMGN,2021-12-27,194.34413146972656,225.1699981689453,225.4600067138672,222.6699981689453,223.80999755859375,1763200
AMGN,2021-12-28,194.86199951171875,225.77000427246094,226.97999572753906,225.0500030517578,225.1699981689453,1304500
AMGN,2021-12-29,196.4414520263672,227.60000610351562,228.2100067138672,224.99000549316406,225.5800018310547,1389400
AMGN,2021-12-30,195.46617126464844,226.47000122070312,229.5500030517578,226.13999938964844,227.60000610351562,1507400
AMGN,2021-12-31,194.1715087890625,224.97000122070312,227.74000549316406,224.8000030517578,226.25999450683594,1668400
AMGN,2022-01-03,195.6560516357422,226.69000244140625,226.97000122070312,222.02999877929688,223.6300048828125,2742800
AMGN,2022-01-04,196.64862060546875,227.83999633789062,228.8000030517578,224.25,225.75999450683594,2491700
AMGN,2022-01-05,194.3182373046875,225.13999938964844,229.8699951171875,224.52000427246094,227.0399932861328,2806000
AMGN,2022-01-06,194.34413146972656,225.1699981689453,226.66000366210938,223.69000244140625,225.13999938964844,2198300
AMGN,2022-01-07,196.1739044189453,227.2899932861328,228.19000244140625,223.5399932861328,223.5399932861328,2343000
AMGN,2022-01-10,198.83221435546875,230.3699951171875,230.63999938964844,226.0,229.25,3191900
AMGN,2022-01-11,200.5670928955078,232.3800048828125,232.50999450683594,228.11000061035156,230.47000122070312,2317900
AMGN,2022-01-12,200.03199768066406,231.75999450683594,232.61000061035156,228.52000427246094,232.3800048828125,1885800
AMGN,2022-01-13,199.24656677246094,230.85000610351562,233.22999572753906,230.3300018310547,232.0500030517578,2152900
AMGN,2022-01-14,203.13914489746094,235.36000061035156,235.8000030517578,229.99000549316406,230.69000244140625,3012000
AMGN,2022-01-18,201.81858825683594,233.8300018310547,234.77000427246094,231.6999969482422,233.52000427246094,3720400
AMGN,2022-01-19,199.6349334716797,231.3000030517578,234.3300018310547,230.6999969482422,233.8000030517578,2061200
AMGN,2022-01-20,197.56349182128906,228.89999389648438,233.72999572753906,228.80999755859375,233.72999572753906,2093700
AMGN,2022-01-21,196.54505920410156,227.72000122070312,231.4600067138672,227.30999755859375,230.60000610351562,3534800
AMGN,2022-01-24,195.1295623779297,226.0800018310547,229.13999938964844,219.97999572753906,227.47999572753906,4419100
AMGN,2022-01-25,194.23191833496094,225.0399932861328,227.5,222.27000427246094,223.67999267578125,2769900
AMGN,2022-01-26,192.07418823242188,222.5399932861328,226.92999267578125,221.1199951171875,221.6199951171875,2861600
AMGN,2022-01-27,193.3343048095703,224.0,228.0399932861328,222.30999755859375,222.39999389648438,2744000
AMGN,2022-01-28,197.77066040039062,229.13999938964844,229.14999389648438,222.25,224.0500030517578,2502100
AMGN,2022-01-31,196.04444885253906,227.13999938964844,227.94000244140625,225.52000427246094,226.97999572753906,4504300
AMGN,2022-02-01,197.3736114501953,228.67999267578125,229.1999969482422,225.52000427246094,227.13999938964844,2498200
AMGN,2022-02-02,197.5894012451172,228.92999267578125,229.13999938964844,225.74000549316406,228.13999938964844,2397800
AMGN,2022-02-03,193.3688201904297,224.0399932861328,229.0,223.75,228.66000366210938,3002400
AMGN,2022-02-04,191.7030487060547,222.11000061035156,224.75999450683594,220.97000122070312,222.1199951171875,3162000
AMGN,2022-02-07,192.92864990234375,223.52999877929688,224.75999450683594,220.6300048828125,222.08999633789062,3596400
AMGN,2022-02-08,208.01565551757812,241.00999450683594,244.7100067138672,232.2100067138672,232.94000244140625,8394800
AMGN,2022-02-09,204.7185821533203,237.19000244140625,241.0399932861328,235.32000732421875,241.0399932861328,5075200
AMGN,2022-02-10,197.49444580078125,228.82000732421875,236.13999938964844,227.7100067138672,235.0,5035000
AMGN,2022-02-11,196.9593505859375,228.1999969482422,231.47000122070312,228.14999389648438,228.52000427246094,3557700
AMGN,2022-02-14,195.22705078125,224.27000427246094,226.92999267578125,220.86000061035156,226.61000061035156,3931500
AMGN,2022-02-15,194.93978881835938,223.94000244140625,226.16000366210938,221.22000122070312,225.0,2474500
AMGN,2022-02-16,193.8255157470703,222.66000366210938,225.10000610351562,221.0399932861328,223.47000122070312,2369000
AMGN,2022-02-17,192.97242736816406,221.67999267578125,223.2899932861328,219.42999267578125,221.47999572753906,2157000
AMGN,2022-02-18,192.1802978515625,220.77000427246094,223.97999572753906,219.7899932861328,220.97000122070312,2795800
AMGN,2022-02-22,192.73739624023438,221.41000366210938,222.89999389648438,219.3000030517578,220.75999450683594,2835900
AMGN,2022-02-23,192.38046264648438,221.0,223.75,220.6199951171875,222.67999267578125,2994800
AMGN,2022-02-24,190.87452697753906,219.27000427246094,219.89999389648438,214.38999938964844,218.92999267578125,3746700
AMGN,2022-02-25,197.62960815429688,227.02999877929688,228.13999938964844,221.9600067138672,222.49000549316406,3557100
AMGN,2022-02-28,197.1508331298828,226.47999572753906,226.75,222.52999877929688,224.02999877929688,4738100
AMGN,2022-03-01,196.04531860351562,225.2100067138672,227.7899932861328,223.74000549316406,225.27999877929688,4573500
AMGN,2022-03-02,198.98757934570312,228.58999633789062,230.39999389648438,224.64999389648438,225.0399932861328,3387200
AMGN,2022-03-03,202.5131378173828,232.63999938964844,234.27000427246094,230.00999450683594,230.8800048828125,3638400
AMGN,2022-03-04,202.74815368652344,232.91000366210938,235.74000549316406,230.13999938964844,230.6999969482422,3764400
AMGN,2022-03-07,204.01036071777344,234.36000061035156,239.66000366210938,231.22999572753906,231.2899932861328,3713200
AMGN,2022-03-08,201.1725616455078,231.10000610351562,236.8800048828125,230.55999755859375,233.86000061035156,2974900
AMGN,2022-03-09,201.48593139648438,231.4600067138672,234.52999877929688,230.42999267578125,234.22999572753906,2640900
AMGN,2022-03-10,197.55995178222656,226.9499969482422,230.4199981689453,226.0800018310547,229.66000366210938,3957200
AMGN,2022-03-11,199.21392822265625,228.85000610351562,230.02999877929688,226.77000427246094,228.11000061035156,2667000
AMGN,2022-03-14,199.52732849121094,229.2100067138672,232.4499969482422,228.9199981689453,231.0800018310547,2902700
AMGN,2022-03-15,201.57296752929688,231.55999755859375,233.05999755859375,228.11000061035156,231.3800048828125,3178200
AMGN,2022-03-16,201.66871643066406,231.6699981689453,232.52000427246094,228.4499969482422,232.52000427246094,4220300
AMGN,2022-03-17,205.31610107421875,235.86000061035156,236.57000732421875,231.22000122070312,231.72000122070312,3262300
AMGN,2022-03-18,205.65562438964844,236.25,236.39999389648438,232.75,234.91000366210938,7617100
AMGN,2022-03-21,205.716552734375,236.32000732421875,240.32000732421875,234.72999572753906,237.07000732421875,2385200
AMGN,2022-03-22,205.8471221923828,236.47000122070312,237.52000427246094,234.5399932861328,236.32000732421875,2212200
AMGN,2022-03-23,203.85366821289062,234.17999267578125,239.3800048828125,234.0399932861328,237.2899932861328,2533100
AMGN,2022-03-24,206.19532775878906,236.8699951171875,237.85000610351562,234.0,235.8000030517578,2349000
AMGN,2022-03-25,207.86666870117188,238.7899932861328,239.49000549316406,236.2100067138672,236.8699951171875,1424500
AMGN,2022-03-28,209.3291473388672,240.47000122070312,240.57000732421875,237.97999572753906,238.82000732421875,2045300
AMGN,2022-03-29,210.2605438232422,241.5399932861328,242.61000061035156,238.61000061035156,241.66000366210938,2230600
AMGN,2022-03-30,211.1571807861328,242.57000732421875,244.72999572753906,242.02000427246094,243.57000732421875,2593300
AMGN,2022-03-31,210.5043182373047,241.82000732421875,245.47999572753906,241.67999267578125,244.17999267578125,3102800
AMGN,2022-04-01,211.63592529296875,243.1199951171875,243.9499969482422,240.72999572753906,243.02999877929688,1883900
AMGN,2022-04-04,213.15933227539062,244.8699951171875,246.4499969482422,242.64999389648438,242.83999633789062,3518800
AMGN,2022-04-05,212.88946533203125,244.55999755859375,248.75,243.74000549316406,243.74000549316406,2180800
AMGN,2022-04-06,217.56405639648438,249.92999267578125,251.4600067138672,244.85000610351562,244.85000610351562,3869000
AMGN,2022-04-07,219.05258178710938,251.63999938964844,252.72999572753906,249.02000427246094,249.1999969482422,2674400
AMGN,2022-04-08,219.38339233398438,252.02000427246094,253.88999938964844,250.5399932861328,251.52999877929688,2745800
AMGN,2022-04-11,218.38233947753906,250.8699951171875,258.45001220703125,250.14999389648438,253.60000610351562,2975200
AMGN,2022-04-12,217.65980529785156,250.0399932861328,252.5500030517578,246.77000427246094,250.97000122070312,2261100
AMGN,2022-04-13,220.6804656982422,253.50999450683594,253.97000122070312,249.77000427246094,251.13999938964844,2402800
AMGN,2022-04-14,221.1244354248047,254.02000427246094,257.57000732421875,253.64999389648438,254.39999389648438,2861800
AMGN,2022-04-18,219.30502319335938,251.92999267578125,255.38999938964844,251.14999389648438,252.49000549316406,3615500
AMGN,2022-04-19,220.5585479736328,253.3699951171875,255.72999572753906,250.35000610351562,252.49000549316406,2355100
AMGN,2022-04-20,222.30828857421875,255.3800048828125,256.8999938964844,253.5,254.07000732421875,1888100
AMGN,2022-04-21,222.3779296875,255.4600067138672,258.3900146484375,254.9499969482422,256.4100036621094,2117300
AMGN,2022-04-22,217.92970275878906,250.35000610351562,255.89999389648438,250.05999755859375,254.10000610351562,2617800
AMGN,2022-04-25,219.5139617919922,252.1699981689453,252.64999389648438,247.91000366210938,251.00999450683594,2271000
AMGN,2022-04-26,217.51181030273438,249.8699951171875,253.0,249.72000122070312,250.3000030517578,3306000
AMGN,2022-04-27,216.57168579101562,248.7899932861328,252.02000427246094,246.44000244140625,249.0399932861328,2973500
AMGN,2022-04-28,207.29222106933594,238.1300048828125,242.91000366210938,231.14999389648438,235.72999572753906,6609500
AMGN,2022-04-29,202.99191284179688,233.19000244140625,240.47999572753906,232.74000549316406,236.5,4029300
AMGN,2022-05-02,201.0158233642578,230.9199981689453,234.0500030517578,227.32000732421875,233.3699951171875,4154800
AMGN,2022-05-03,202.12136840820312,232.19000244140625,234.19000244140625,229.60000610351562,233.75,2443800
AMGN,2022-05-04,205.52505493164062,236.10000610351562,237.11000061035156,231.39999389648438,232.57000732421875,2494900
AMGN,2022-05-05,204.00169372558594,234.35000610351562,238.83999633789062,232.24000549316406,235.5,3357100
AMGN,2022-05-06,205.8732452392578,236.5,237.4600067138672,231.75,231.75999450683594,4682100
AMGN,2022-05-09,208.25840759277344,239.24000549316406,242.77999877929688,234.5399932861328,236.5800018310547,4376300
AMGN,2022-05-10,209.53807067871094,240.7100067138672,244.41000366210938,240.47000122070312,242.2100067138672,4234800
AMGN,2022-05-11,209.47711181640625,240.63999938964844,243.3800048828125,239.2100067138672,240.36000061035156,3411700
AMGN,2022-05-12,213.02874755859375,244.72000122070312,244.83999633789062,239.0500030517578,240.05999755859375,3733300
AMGN,2022-05-13,211.87969970703125,243.39999389648438,245.0,241.2899932861328,244.63999938964844,2631900
AMGN,2022-05-16,213.9944610595703,243.8699951171875,245.11000061035156,241.16000366210938,241.24000549316406,2414500
AMGN,2022-05-17,215.29315185546875,245.35000610351562,246.22000122070312,239.25999450683594,245.13999938964844,2344100
AMGN,2022-05-18,214.0734405517578,243.9600067138672,247.2899932861328,243.0,246.49000549316406,3376800
AMGN,2022-05-19,214.78419494628906,244.77000427246094,245.86000061035156,241.86000061035156,242.35000610351562,2414200
AMGN,2022-05-20,217.1797332763672,247.5,247.66000366210938,242.9600067138672,244.05999755859375,3860500
AMGN,2022-05-23,218.53111267089844,249.0399932861328,251.0500030517578,247.8800048828125,249.67999267578125,2272600
AMGN,2022-05-24,221.0319366455078,251.88999938964844,252.39999389648438,248.3300018310547,248.6699981689453,2667300
AMGN,2022-05-25,222.0147705078125,253.00999450683594,254.80999755859375,250.02999877929688,253.0,3538400
AMGN,2022-05-26,222.04983520507812,253.0500030517578,255.61000061035156,252.0800018310547,253.38999938964844,2222300
AMGN,2022-05-27,223.98912048339844,255.25999450683594,256.2300109863281,250.9199981689453,253.5,2678900
AMGN,2022-05-31,225.28778076171875,256.739990234375,257.260009765625,251.00999450683594,255.0,6737500
AMGN,2022-06-01,222.37452697753906,253.4199981689453,257.9700012207031,251.35000610351562,257.8800048828125,2664600
AMGN,2022-06-02,217.8642120361328,248.27999877929688,252.72999572753906,243.85000610351562,252.6199951171875,3916200
AMGN,2022-06-03,218.0133819580078,248.4499969482422,250.69000244140625,247.72000122070312,248.3000030517578,2086500
AMGN,2022-06-06,215.3721160888672,245.44000244140625,248.8300018310547,243.61000061035156,248.3300018310547,2413700
AMGN,2022-06-07,216.2232666015625,246.41000366210938,246.8000030517578,243.3699951171875,244.64999389648438,2693800
AMGN,2022-06-08,215.40721130371094,245.47999572753906,246.8800048828125,243.5800018310547,246.66000366210938,2353900
AMGN,2022-06-09,212.1341552734375,241.75,246.72000122070312,241.44000244140625,244.72000122070312,2695200
AMGN,2022-06-10,210.6072998046875,240.00999450683594,242.0800018310547,237.39999389648438,240.02000427246094,2910900
AMGN,2022-06-13,207.76425170898438,236.77000427246094,239.0500030517578,235.99000549316406,237.94000244140625,4462300
AMGN,2022-06-14,206.82528686523438,235.6999969482422,238.6999969482422,233.44000244140625,236.97000122070312,3020800
AMGN,2022-06-15,206.7200164794922,235.5800018310547,237.25999450683594,231.97999572753906,236.52999877929688,3076700
AMGN,2022-06-16,202.44664001464844,230.7100067138672,234.5399932861328,229.58999633789062,233.60000610351562,4102700
AMGN,2022-06-17,205.9653778076172,234.72000122070312,238.25,229.49000549316406,230.1300048828125,13114500
AMGN,2022-06-21,209.2033233642578,238.41000366210938,238.86000061035156,233.92999267578125,236.83999633789062,3882200
AMGN,2022-06-22,210.72140502929688,240.13999938964844,242.33999633789062,236.89999389648438,237.1699981689453,4172900
AMGN,2022-06-23,213.30999755859375,243.08999633789062,244.02000427246094,240.91000366210938,241.72000122070312,3229600
AMGN,2022-06-24,215.31069946289062,245.3699951171875,246.0,242.8800048828125,244.0,4527700
AMGN,2022-06-27,214.85440063476562,244.85000610351562,246.2899932861328,244.02999877929688,245.1699981689453,2767500
AMGN,2022-06-28,213.67855834960938,243.50999450683594,247.5800018310547,243.38999938964844,245.92999267578125,2430100
AMGN,2022-06-29,215.3633270263672,245.42999267578125,247.10000610351562,243.72000122070312,246.25999450683594,2610400
AMGN,2022-06-30,213.49427795410156,243.3000030517578,245.0,240.72999572753906,244.1699981689453,3033800
AMGN,2022-07-01,215.46864318847656,245.5500030517578,246.0,240.72000122070312,243.25,2745500
AMGN,2022-07-05,216.50408935546875,246.72999572753906,246.74000549316406,242.32000732421875,245.19000244140625,2483600
AMGN,2022-07-06,215.2053680419922,245.25,248.0800018310547,244.5399932861328,246.6199951171875,4320500
AMGN,2022-07-07,217.10955810546875,247.4199981689453,248.02999877929688,244.2899932861328,244.5,3068200
AMGN,2022-07-08,218.03970336914062,248.47999572753906,250.24000549316406,247.1999969482422,248.14999389648438,2215400
AMGN,2022-07-11,217.4254913330078,247.77999877929688,250.11000061035156,246.99000549316406,249.27999877929688,1805000
AMGN,2022-07-12,216.71469116210938,246.97000122070312,250.08999633789062,245.67999267578125,247.77999877929688,2699300
AMGN,2022-07-13,216.81997680664062,247.08999633789062,248.75,245.16000366210938,246.3699951171875,2498000
AMGN,2022-07-14,215.5037384033203,245.58999633789062,246.82000732421875,242.9499969482422,245.02000427246094,2886400
AMGN,2022-07-15,218.2239532470703,248.69000244140625,249.1300048828125,245.44000244140625,247.38999938964844,2805500
AMGN,2022-07-18,213.96810913085938,243.83999633789062,249.4499969482422,242.9199981689453,248.5500030517578,2231400
AMGN,2022-07-19,217.02178955078125,247.32000732421875,247.77999877929688,245.0399932861328,246.9600067138672,3375000
AMGN,2022-07-20,216.41632080078125,246.6300048828125,248.4600067138672,244.64999389648438,246.6999969482422,2664600
AMGN,2022-07-21,215.67047119140625,245.77999877929688,246.8000030517578,243.61000061035156,245.74000549316406,2009500
AMGN,2022-07-22,215.8196258544922,245.9499969482422,249.1300048828125,245.22000122070312,246.8000030517578,1843600
AMGN,2022-07-25,218.25030517578125,248.72000122070312,249.08999633789062,246.55999755859375,246.86000061035156,1771100
AMGN,2022-07-26,220.3738250732422,251.13999938964844,253.77000427246094,248.75,249.6300048828125,2528600
AMGN,2022-07-27,220.88278198242188,251.72000122070312,252.75,248.08999633789062,249.16000366210938,2180900
AMGN,2022-07-28,219.1541290283203,249.75,251.72000122070312,245.72999572753906,251.72000122070312,2214400
AMGN,2022-07-29,217.15342712402344,247.47000122070312,249.57000732421875,245.74000549316406,248.4600067138672,3289700
AMGN,2022-08-01,215.54762268066406,245.63999938964844,248.16000366210938,244.64999389648438,247.33999633789062,1960500
AMGN,2022-08-02,214.02957153320312,243.91000366210938,247.85000610351562,243.77999877929688,246.69000244140625,2295100
AMGN,2022-08-03,216.86383056640625,247.13999938964844,249.3300018310547,245.17999267578125,245.94000244140625,2061400
AMGN,2022-08-04,216.7234649658203,246.97999572753906,249.0,246.1999969482422,247.0,2650600
AMGN,2022-08-05,216.0828857421875,246.25,247.0800018310547,241.7899932861328,246.4600067138672,2723900
AMGN,2022-08-08,216.9954833984375,247.2899932861328,247.74000549316406,244.30999755859375,245.0,2784400
AMGN,2022-08-09,217.93438720703125,248.36000061035156,249.72000122070312,247.2100067138672,247.2100067138672,2061600
AMGN,2022-08-10,221.2074432373047,252.08999633789062,252.4600067138672,248.52999877929688,249.80999755859375,2628600
AMGN,2022-08-11,217.92559814453125,248.35000610351562,253.36000061035156,247.99000549316406,252.0399932861328,2686900
AMGN,2022-08-12,217.9607391357422,248.38999938964844,249.85000610351562,246.3000030517578,248.52000427246094,3461100
AMGN,2022-08-15,220.3211669921875,251.0800018310547,251.52999877929688,247.8800048828125,249.07000732421875,2659100
AMGN,2022-08-16,222.1375732421875,253.14999389648438,254.16000366210938,251.66000366210938,251.86000061035156,2206100
AMGN,2022-08-17,221.58050537109375,250.5800018310547,252.64999389648438,249.75,251.19000244140625,1882200
AMGN,2022-08-18,220.8023223876953,249.6999969482422,251.0399932861328,247.9499969482422,250.92999267578125,1888800
AMGN,2022-08-19,221.82810974121094,250.86000061035156,252.00999450683594,247.6300048828125,247.6300048828125,2207500
AMGN,2022-08-22,218.32635498046875,246.89999389648438,251.22999572753906,246.5399932861328,249.97999572753906,3078300
AMGN,2022-08-23,216.1776123046875,244.47000122070312,246.69000244140625,242.85000610351562,246.69000244140625,2659700
AMGN,2022-08-24,216.19528198242188,244.49000549316406,244.97999572753906,242.61000061035156,243.57000732421875,2329200
AMGN,2022-08-25,217.24754333496094,245.67999267578125,246.05999755859375,243.80999755859375,246.00999450683594,1725400
AMGN,2022-08-26,212.79969787597656,240.64999389648438,246.36000061035156,240.4499969482422,244.0500030517578,2969400
AMGN,2022-08-29,211.6766815185547,239.3800048828125,241.02999877929688,238.00999450683594,238.83999633789062,2113000
AMGN,2022-08-30,211.44677734375,239.1199951171875,240.30999755859375,238.2899932861328,239.8800048828125,3673000
AMGN,2022-08-31,212.49021911621094,240.3000030517578,243.88999938964844,239.85000610351562,241.58999633789062,4303900
AMGN,2022-09-01,217.08840942382812,245.5,245.74000549316406,240.74000549316406,241.1199951171875,2488200
AMGN,2022-09-02,214.32064819335938,242.3699951171875,247.77999877929688,241.33999633789062,246.47999572753906,2325100
AMGN,2022-09-06,214.18798828125,242.22000122070312,244.58999633789062,241.5399932861328,243.74000549316406,2102600
AMGN,2022-09-07,216.46060180664062,244.7899932861328,245.32000732421875,242.27000427246094,242.8000030517578,2127300
AMGN,2022-09-08,217.04417419433594,245.4499969482422,246.0,242.91000366210938,244.8000030517578,2895800
AMGN,2022-09-09,219.0249786376953,247.69000244140625,249.22999572753906,245.02999877929688,245.4499969482422,2318000
AMGN,2022-09-12,210.120361328125,237.6199951171875,241.6999969482422,235.11000061035156,238.0,6294600
AMGN,2022-09-13,200.60560607910156,226.86000061035156,237.13999938964844,226.6199951171875,237.02999877929688,4447200
AMGN,2022-09-14,201.71978759765625,228.1199951171875,228.77999877929688,226.1300048828125,227.52999877929688,2715600
AMGN,2022-09-15,201.3130340576172,227.66000366210938,229.00999450683594,225.86000061035156,228.10000610351562,2206100
AMGN,2022-09-16,204.39028930664062,231.13999938964844,232.22000122070312,226.61000061035156,226.88999938964844,4604100
AMGN,2022-09-19,204.05426025390625,230.75999450683594,230.86000061035156,227.10000610351562,230.63999938964844,1981400
AMGN,2022-09-20,201.35723876953125,227.7100067138672,229.99000549316406,226.52999877929688,228.5,1745900
AMGN,2022-09-21,198.4833526611328,224.4600067138672,230.6199951171875,224.36000061035156,229.1300048828125,2186300
AMGN,2022-09-22,201.39260864257812,227.75,229.3699951171875,223.3000030517578,223.5500030517578,2081200
AMGN,2022-09-23,200.70289611816406,226.97000122070312,228.61000061035156,224.55999755859375,227.99000549316406,2148600
AMGN,2022-09-26,200.61447143554688,226.8699951171875,228.63999938964844,225.3800048828125,226.77000427246094,2454000
AMGN,2022-09-27,199.8363037109375,225.99000549316406,229.9600067138672,225.02000427246094,226.97000122070312,2009800
AMGN,2022-09-28,204.2488250732422,230.97999572753906,231.8699951171875,227.74000549316406,229.9600067138672,2782400
AMGN,2022-09-29,201.9761962890625,228.41000366210938,231.5500030517578,226.97000122070312,231.5500030517578,2335700
AMGN,2022-09-30,199.31454467773438,225.39999389648438,230.0,225.1699981689453,228.4199981689453,2543400
AMGN,2022-10-03,203.77130126953125,230.44000244140625,230.9499969482422,226.4199981689453,228.27000427246094,2521700
AMGN,2022-10-04,206.052734375,233.02000427246094,234.08999633789062,229.8000030517578,230.97999572753906,2331000
AMGN,2022-10-05,206.7601318359375,233.82000732421875,235.4199981689453,230.9600067138672,232.6300048828125,2060400
AMGN,2022-10-06,204.21343994140625,230.94000244140625,233.13999938964844,230.22999572753906,232.52000427246094,1523800
AMGN,2022-10-07,202.5244903564453,229.02999877929688,231.52000427246094,228.57000732421875,230.0,2060000
AMGN,2022-10-10,205.2833709716797,232.14999389648438,234.13999938964844,229.88999938964844,231.0800018310547,1630100
AMGN,2022-10-11,217.03536987304688,245.44000244140625,250.47999572753906,237.83999633789062,239.49000549316406,6256000
AMGN,2022-10-12,217.9196014404297,246.44000244140625,248.72999572753906,243.41000366210938,244.36000061035156,2639800
AMGN,2022-10-13,222.53553771972656,251.66000366210938,252.3699951171875,242.83999633789062,244.77000427246094,3288900
AMGN,2022-10-14,222.25254821777344,251.33999633789062,253.11000061035156,250.22999572753906,252.0,2864400
AMGN,2022-10-17,223.6585235595703,252.92999267578125,253.4199981689453,249.49000549316406,251.4199981689453,2577100
AMGN,2022-10-18,222.94227600097656,252.1199951171875,254.6999969482422,251.02999877929688,253.86000061035156,2060000
AMGN,2022-10-19,219.46713256835938,248.19000244140625,252.35000610351562,246.94000244140625,251.30999755859375,1883000
AMGN,2022-10-20,218.812744140625,247.4499969482422,249.05999755859375,246.00999450683594,247.5500030517578,2058000
AMGN,2022-10-21,222.7830810546875,251.94000244140625,252.38999938964844,247.00999450683594,247.52000427246094,3531200
AMGN,2022-10-24,231.07757568359375,261.32000732421875,261.5899963378906,254.89999389648438,254.9499969482422,2883200
AMGN,2022-10-25,229.90151977539062,259.989990234375,261.7900085449219,257.19000244140625,260.489990234375,2548900
AMGN,2022-10-26,235.799560546875,266.6600036621094,267.9800109863281,261.510009765625,262.989990234375,3008900
AMGN,2022-10-27,236.30361938476562,267.2300109863281,269.30999755859375,265.8800048828125,268.0,2260900
AMGN,2022-10-28,242.12210083007812,273.80999755859375,274.5400085449219,269.1199951171875,269.67999267578125,2924100
AMGN,2022-10-31,239.0625457763672,270.3500061035156,271.80999755859375,268.0,269.20001220703125,3033600
AMGN,2022-11-01,240.57460021972656,272.05999755859375,272.8699951171875,268.3800048828125,269.6000061035156,2062600
AMGN,2022-11-02,237.87762451171875,269.010009765625,274.8800048828125,268.95001220703125,271.6400146484375,2637300
AMGN,2022-11-03,235.10983276367188,265.8800048828125,268.6000061035156,265.0199890136719,268.5299987792969,2779500
AMGN,2022-11-04,237.90414428710938,269.0400085449219,269.29998779296875,259.8399963378906,261.94000244140625,3402000
AMGN,2022-11-07,244.96063232421875,277.0199890136719,277.4800109863281,267.75,268.1499938964844,2926700
AMGN,2022-11-08,258.5519104003906,292.3900146484375,296.6700134277344,282.2200012207031,282.57000732421875,6911300
AMGN,2022-11-09,256.12896728515625,289.6499938964844,296.2200012207031,289.260009765625,290.0,3469100
AMGN,2022-11-10,257.33154296875,291.010009765625,294.4800109863281,285.3500061035156,294.0799865722656,4083200
AMGN,2022-11-11,252.0347900390625,285.0199890136719,289.3599853515625,279.6199951171875,288.54998779296875,3255100
AMGN,2022-11-14,252.28236389160156,285.29998779296875,290.8999938964844,284.70001220703125,284.70001220703125,2812800
AMGN,2022-11-15,250.77914428710938,283.6000061035156,289.42999267578125,280.2200012207031,286.0199890136719,2763200
AMGN,2022-11-16,252.65773010253906,283.7699890136719,286.989990234375,282.55999755859375,284.0199890136719,2443500
AMGN,2022-11-17,255.80072021484375,287.29998779296875,288.79998779296875,282.6600036621094,282.9200134277344,2172000
AMGN,2022-11-18,255.79188537597656,287.2900085449219,288.739990234375,284.42999267578125,284.42999267578125,2371700
AMGN,2022-11-21,256.5665283203125,288.1600036621094,291.6000061035156,287.8999938964844,289.0899963378906,2795100
AMGN,2022-11-22,255.5782012939453,287.04998779296875,289.3999938964844,283.5199890136719,288.010009765625,3636000
AMGN,2022-11-23,252.32835388183594,283.3999938964844,289.5400085449219,281.6000061035156,287.44000244140625,2875600
AMGN,2022-11-25,252.63107299804688,283.739990234375,285.57000732421875,281.4100036621094,281.95001220703125,1220700
AMGN,2022-11-28,251.6339111328125,282.6199951171875,288.2799987792969,282.19000244140625,285.0,2375900
AMGN,2022-11-29,251.07293701171875,281.989990234375,283.3800048828125,279.67999267578125,283.3800048828125,2135300
AMGN,2022-11-30,254.9993438720703,286.3999938964844,287.9599914550781,278.92999267578125,282.55999755859375,5776200
AMGN,2022-12-01,254.58985900878906,285.94000244140625,288.0899963378906,279.8800048828125,288.0,2914600
AMGN,2022-12-02,254.20703125,285.510009765625,286.1199951171875,283.19000244140625,284.05999755859375,2267000
AMGN,2022-12-05,253.67282104492188,284.9100036621094,286.7799987792969,283.0,283.7900085449219,3274700
AMGN,2022-12-06,252.23045349121094,283.2900085449219,287.44000244140625,281.69000244140625,285.8399963378906,2608800
AMGN,2022-12-07,254.42958068847656,285.760009765625,285.92999267578125,281.80999755859375,283.4100036621094,2492600
AMGN,2022-12-08,254.260498046875,285.57000732421875,286.5899963378906,283.739990234375,286.510009765625,1769800
AMGN,2022-12-09,248.0990753173828,278.6499938964844,285.1700134277344,278.3399963378906,284.19000244140625,2205700
AMGN,2022-12-12,246.4341583251953,276.7799987792969,279.4800109863281,272.6300048828125,272.82000732421875,3427400
AMGN,2022-12-13,242.4097137451172,272.260009765625,282.6700134277344,271.6199951171875,282.0199890136719,3871300
AMGN,2022-12-14,241.4036102294922,271.1300048828125,273.3699951171875,267.2900085449219,271.9700012207031,3795000
AMGN,2022-12-15,236.9607391357422,266.1400146484375,271.1199951171875,263.45001220703125,270.44000244140625,3200400
AMGN,2022-12-16,238.0915069580078,267.4100036621094,267.9800109863281,264.30999755859375,264.95001220703125,8789000
AMGN,2022-12-19,236.56895446777344,265.70001220703125,268.9100036621094,263.80999755859375,266.82000732421875,2679800
AMGN,2022-12-20,235.7230987548828,264.75,267.67999267578125,262.82000732421875,266.69000244140625,1609100
AMGN,2022-12-21,237.0675506591797,266.260009765625,267.3999938964844,264.25,264.8800048828125,2057000
AMGN,2022-12-22,236.17718505859375,265.260009765625,266.1700134277344,263.19000244140625,265.79998779296875,1979100
AMGN,2022-12-23,234.984130859375,263.9200134277344,265.2900085449219,262.8999938964844,264.8800048828125,1465500
AMGN,2022-12-27,234.51220703125,263.3900146484375,266.6099853515625,262.8800048828125,265.69000244140625,1604700
AMGN,2022-12-28,232.7582244873047,261.4200134277344,265.6199951171875,261.1400146484375,264.4200134277344,1349500
AMGN,2022-12-29,234.30743408203125,263.1600036621094,264.8800048828125,262.1400146484375,262.4700012207031,1446400
AMGN,2022-12-30,233.84446716308594,262.6400146484375,263.2300109863281,259.510009765625,262.7300109863281,1622000
AMGN,2023-01-03,232.96299743652344,261.6499938964844,262.6000061035156,258.8699951171875,260.8699951171875,2594800
AMGN,2023-01-04,235.40260314941406,264.3900146484375,265.010009765625,261.0,263.010009765625,1773800
AMGN,2023-01-05,237.6017608642578,266.8599853515625,268.0,262.5199890136719,264.07000732421875,2056000
AMGN,2023-01-06,245.02743530273438,275.20001220703125,276.82000732421875,269.0299987792969,270.0400085449219,2887800
AMGN,2023-01-09,240.50436401367188,270.1199951171875,275.5799865722656,268.6600036621094,275.5799865722656,2160700
AMGN,2023-01-10,243.85211181640625,273.8800048828125,274.6099853515625,270.1099853515625,271.95001220703125,1783400
AMGN,2023-01-11,242.98843383789062,272.9100036621094,276.8399963378906,270.17999267578125,275.9700012207031,2044400
AMGN,2023-01-12,241.21664428710938,270.9200134277344,272.6499938964844,268.8900146484375,271.9200134277344,1454100
AMGN,2023-01-13,241.9378204345703,271.7300109863281,272.2300109863281,270.20001220703125,270.94000244140625,1696800
AMGN,2023-01-17,239.881103515625,269.4200134277344,273.8299865722656,268.8299865722656,272.20001220703125,2472800
AMGN,2023-01-18,235.40260314941406,264.3900146484375,270.5199890136719,263.6499938964844,269.4200134277344,2218100
AMGN,2023-01-19,233.30133056640625,262.0299987792969,263.5199890136719,260.92999267578125,262.0,2090500
AMGN,2023-01-20,234.37864685058594,263.239990234375,263.8399963378906,259.8699951171875,262.0299987792969,2574100
AMGN,2023-01-23,232.35755920410156,260.9700012207031,264.7300109863281,259.80999755859375,264.0,2025000
AMGN,2023-01-24,231.22679138183594,259.70001220703125,262.0,257.5199890136719,261.8500061035156,1596900
AMGN,2023-01-25,228.4132843017578,256.5400085449219,261.54998779296875,256.0199890136719,260.0899963378906,1910600
AMGN,2023-01-26,226.93527221679688,254.8800048828125,256.69000244140625,253.00999450683594,256.5400085449219,2522100
AMGN,2023-01-27,225.840087890625,253.64999389648438,255.5,252.5399932861328,254.8699951171875,2109900
AMGN,2023-01-30,224.0059814453125,251.58999633789062,254.16000366210938,250.60000610351562,253.4600067138672,2042800
AMGN,2023-01-31,224.72714233398438,252.39999389648438,253.86000061035156,249.88999938964844,253.86000061035156,3418300
AMGN,2023-02-01,219.39389038085938,246.41000366210938,249.5500030517578,240.0,249.16000366210938,5344700
AMGN,2023-02-02,219.500732421875,246.52999877929688,246.57000732421875,236.3699951171875,243.77999877929688,5489100
AMGN,2023-02-03,218.2898406982422,245.1699981689453,249.9600067138672,242.2100067138672,249.9600067138672,3073000
AMGN,2023-02-06,217.1145782470703,243.85000610351562,246.8000030517578,243.4499969482422,245.36000061035156,2196900
AMGN,2023-02-07,217.24813842773438,244.0,244.94000244140625,241.4199981689453,243.02000427246094,2408000
AMGN,2023-02-08,213.86474609375,240.1999969482422,243.55999755859375,239.60000610351562,242.99000549316406,2761200
AMGN,2023-02-09,213.6866912841797,240.0,243.4600067138672,238.99000549316406,241.1199951171875,3056200
AMGN,2023-02-10,215.9125518798828,242.5,244.13999938964844,240.41000366210938,241.9199981689453,2687200
AMGN,2023-02-13,216.94541931152344,243.66000366210938,243.8300018310547,241.3000030517578,243.1999969482422,2321900
AMGN,2023-02-14,216.4962921142578,241.02999877929688,243.0,239.11000061035156,242.6999969482422,2015900
AMGN,2023-02-15,215.63401794433594,240.07000732421875,240.5399932861328,238.72999572753906,240.2100067138672,1783300
AMGN,2023-02-16,210.3794708251953,234.22000122070312,239.00999450683594,234.0399932861328,238.4600067138672,3291800
AMGN,2023-02-17,216.04721069335938,240.52999877929688,241.72000122070312,233.7100067138672,235.33999633789062,2978100
AMGN,2023-02-21,213.9903106689453,238.24000549316406,241.9199981689453,238.1999969482422,240.7899932861328,2524100
AMGN,2023-02-22,212.1219940185547,236.16000366210938,240.99000549316406,235.75,240.3000030517578,2187600
AMGN,2023-02-23,213.433349609375,237.6199951171875,237.86000061035156,234.75,236.6999969482422,2211600
AMGN,2023-02-24,209.87644958496094,233.66000366210938,237.05999755859375,233.1199951171875,236.8300018310547,1853900
AMGN,2023-02-27,210.58604431152344,234.4499969482422,235.22000122070312,232.88999938964844,235.22000122070312,1723000
AMGN,2023-02-28,208.0800323486328,231.66000366210938,234.47000122070312,231.60000610351562,233.6300048828125,2615700
AMGN,2023-03-01,212.14892578125,236.19000244140625,236.44000244140625,230.13999938964844,230.3699951171875,2441300
AMGN,2023-03-02,210.84652709960938,234.74000549316406,236.3699951171875,233.89999389648438,236.1199951171875,1777100
AMGN,2023-03-03,210.90939331054688,234.80999755859375,235.88999938964844,233.60000610351562,235.0,2214500
AMGN,2023-03-06,211.1788787841797,235.11000061035156,235.6300048828125,233.63999938964844,235.0,2591000
AMGN,2023-03-07,205.43930053710938,228.72000122070312,235.1999969482422,228.35000610351562,235.11000061035156,2362200
AMGN,2023-03-08,205.17881774902344,228.42999267578125,231.8000030517578,227.3699951171875,230.16000366210938,1842200
AMGN,2023-03-09,202.80751037597656,225.7899932861328,229.8300018310547,225.39999389648438,229.49000549316406,1736900
AMGN,2023-03-10,204.67579650878906,227.8699951171875,230.27999877929688,225.6300048828125,226.77000427246094,2661800
AMGN,2023-03-13,209.44532775878906,233.17999267578125,237.27000427246094,230.5,231.17999267578125,3146000
AMGN,2023-03-14,207.10997009277344,230.5800018310547,233.4600067138672,229.41000366210938,233.4600067138672,3227100
AMGN,2023-03-15,210.99021911621094,234.89999389648438,235.57000732421875,228.5500030517578,230.39999389648438,3092300
AMGN,2023-03-16,210.69383239746094,234.57000732421875,234.66000366210938,230.05999755859375,233.74000549316406,2326000
AMGN,2023-03-17,206.40037536621094,229.7899932861328,233.80999755859375,228.52000427246094,233.57000732421875,7817000
AMGN,2023-03-20,210.82858276367188,234.72000122070312,235.16000366210938,230.13999938964844,230.5800018310547,2020800
AMGN,2023-03-21,209.23875427246094,232.9499969482422,235.27999877929688,231.0399932861328,234.72000122070312,2128600
AMGN,2023-03-22,206.43629455566406,229.8300018310547,233.9499969482422,229.58999633789062,233.4499969482422,1725100
AMGN,2023-03-23,209.37347412109375,233.10000610351562,234.10000610351562,229.88999938964844,230.0399932861328,2175700
AMGN,2023-03-24,213.8016357421875,238.02999877929688,238.5,233.00999450683594,234.22000122070312,2547300
AMGN,2023-03-27,212.66091918945312,236.75999450683594,239.9499969482422,235.07000732421875,239.61000061035156,2129100
AMGN,2023-03-28,214.205810546875,238.47999572753906,238.67999267578125,236.91000366210938,237.0,1887800
AMGN,2023-03-29,216.4962921142578,241.02999877929688,241.58999633789062,238.3300018310547,239.7100067138672,2744000
AMGN,2023-03-30,216.91844177246094,241.5,242.80999755859375,240.11000061035156,242.52999877929688,2577000
AMGN,2023-03-31,217.14300537109375,241.75,242.39999389648438,239.14999389648438,241.42999267578125,2762500
AMGN,2023-04-03,219.55918884277344,244.44000244140625,244.75,241.36000061035156,242.0,2478700
AMGN,2023-04-04,222.33465576171875,247.52999877929688,248.11000061035156,243.8000030517578,244.52000427246094,2942800
AMGN,2023-04-05,227.58023071289062,253.3699951171875,253.7100067138672,248.22999572753906,248.57000732421875,2468000
AMGN,2023-04-06,227.5353240966797,253.32000732421875,255.42999267578125,252.92999267578125,254.36000061035156,2047800
AMGN,2023-04-10,225.3616485595703,250.89999389648438,256.44000244140625,250.0500030517578,256.44000244140625,1595600
AMGN,2023-04-11,225.83766174316406,251.42999267578125,253.0800018310547,250.97999572753906,251.4199981689453,1272800
AMGN,2023-04-12,224.10414123535156,249.5,252.7100067138672,248.8800048828125,252.5,2268900
AMGN,2023-04-13,225.8466796875,251.44000244140625,251.89999389648438,248.27000427246094,248.60000610351562,2020900
AMGN,2023-04-14,224.5532684326172,250.0,251.75999450683594,248.9600067138672,250.6199951171875,1866200
AMGN,2023-04-17,222.8197021484375,248.07000732421875,251.5,247.5800018310547,250.88999938964844,1784800
AMGN,2023-04-18,221.041259765625,246.08999633789062,249.00999450683594,244.64999389648438,248.3699951171875,1638800
AMGN,2023-04-19,221.1490478515625,246.2100067138672,246.75999450683594,244.3699951171875,245.25,1246500
AMGN,2023-04-20,218.67893981933594,243.4600067138672,246.39999389648438,243.0500030517578,246.1199951171875,1691300
AMGN,2023-04-21,219.03823852539062,243.86000061035156,243.9199981689453,242.64999389648438,243.4600067138672,1721300
AMGN,2023-04-24,219.5681915283203,244.4499969482422,245.3699951171875,242.3300018310547,243.1999969482422,1232100
AMGN,2023-04-25,219.94541931152344,244.8699951171875,246.52999877929688,244.30999755859375,245.1199951171875,1509700
AMGN,2023-04-26,214.4932861328125,238.8000030517578,243.5500030517578,238.5800018310547,242.0800018310547,2002900
AMGN,2023-04-27,215.8765106201172,240.33999633789062,240.7100067138672,235.39999389648438,239.24000549316406,2533900
AMGN,2023-04-28,215.33761596679688,239.74000549316406,240.10000610351562,233.1699981689453,236.82000732421875,2721400
AMGN,2023-05-01,214.58311462402344,238.89999389648438,241.3000030517578,238.08999633789062,240.02999877929688,1920500
AMGN,2023-05-02,211.95132446289062,235.97000122070312,239.0,235.38999938964844,238.0800018310547,2127200
AMGN,2023-05-03,205.96925354003906,229.30999755859375,236.3000030517578,228.97999572753906,235.97000122070312,2998000
AMGN,2023-05-04,208.28660583496094,231.88999938964844,232.02999877929688,229.14999389648438,230.30999755859375,2228500
AMGN,2023-05-05,212.45431518554688,236.52999877929688,237.0399932861328,232.07000732421875,232.66000366210938,2806800
AMGN,2023-05-08,210.73873901367188,234.6199951171875,235.74000549316406,232.1999969482422,235.33999633789062,1667800
AMGN,2023-05-09,210.5680694580078,234.42999267578125,235.44000244140625,233.22000122070312,234.63999938964844,1468900
AMGN,2023-05-10,210.2806396484375,234.11000061035156,235.0,231.35000610351562,234.88999938964844,1530800
AMGN,2023-05-11,208.6459197998047,232.2899932861328,234.99000549316406,230.41000366210938,234.64999389648438,1612400
AMGN,2023-05-12,209.23875427246094,232.9499969482422,233.5500030517578,231.2100067138672,233.02999877929688,1295600
AMGN,2023-05-15,209.7596893310547,233.52999877929688,233.9199981689453,232.1199951171875,233.27000427246094,1551300
AMGN,2023-05-16,204.68478393554688,227.8800048828125,234.50999450683594,227.74000549316406,234.2100067138672,2646500
AMGN,2023-05-17,204.02291870117188,225.02000427246094,226.08999633789062,220.44000244140625,226.02000427246094,3352900
AMGN,2023-05-18,203.30662536621094,224.22999572753906,224.75,221.9199981689453,224.75,2245300
AMGN,2023-05-19,202.5722198486328,223.4199981689453,225.8800048828125,222.77999877929688,224.44000244140625,2395700
AMGN,2023-05-22,203.08900451660156,223.99000549316406,226.82000732421875,222.82000732421875,224.85000610351562,1848600
AMGN,2023-05-23,203.4969940185547,224.44000244140625,226.82000732421875,222.8000030517578,224.2100067138672,2296600
AMGN,2023-05-24,200.6681671142578,221.32000732421875,225.9600067138672,221.0399932861328,225.63999938964844,1765000
AMGN,2023-05-25,197.16835021972656,217.4600067138672,220.10000610351562,214.92999267578125,220.10000610351562,2968200
AMGN,2023-05-26,196.6877899169922,216.92999267578125,218.47999572753906,214.47999572753906,215.9600067138672,3081000
AMGN,2023-05-30,198.1384735107422,218.52999877929688,219.0,214.72000122070312,215.02999877929688,3125900
AMGN,2023-05-31,200.0606689453125,220.64999389648438,221.85000610351562,217.19000244140625,219.5800018310547,3884700
AMGN,2023-06-01,194.2760009765625,214.27000427246094,220.60000610351562,211.7100067138672,219.9600067138672,4831400
AMGN,2023-06-02,197.721435546875,218.07000732421875,218.75999450683594,212.02000427246094,213.75,3687200
AMGN,2023-06-05,201.17593383789062,221.8800048828125,223.0399932861328,218.47000122070312,219.6699981689453,2498700
AMGN,2023-06-06,200.57748413085938,221.22000122070312,223.1699981689453,219.27999877929688,223.0800018310547,1736100
AMGN,2023-06-07,200.60467529296875,221.25,221.8699951171875,219.72999572753906,220.75999450683594,2555400
AMGN,2023-06-08,200.160400390625,220.75999450683594,221.88999938964844,219.36000061035156,221.25999450683594,1877300
AMGN,2023-06-09,198.34703063964844,218.75999450683594,220.94000244140625,217.77000427246094,219.33999633789062,1707900
AMGN,2023-06-12,197.07766723632812,217.36000061035156,219.25,215.32000732421875,219.25,2704300
AMGN,2023-06-13,201.27565002441406,221.99000549316406,222.33999633789062,216.92999267578125,217.42999267578125,2318500
AMGN,2023-06-14,201.53858947753906,222.27999877929688,223.69000244140625,221.10000610351562,223.25999450683594,2453000
AMGN,2023-06-15,207.1237335205078,228.44000244140625,228.85000610351562,222.97000122070312,223.00999450683594,2633900
AMGN,2023-06-16,208.2299346923828,229.66000366210938,231.9499969482422,227.75,230.0399932861328,6765000
AMGN,2023-06-20,207.25978088378906,228.58999633789062,230.83999633789062,227.19000244140625,229.02999877929688,2492700
AMGN,2023-06-21,205.85438537597656,227.0399932861328,230.0,225.58999633789062,228.17999267578125,2282600
AMGN,2023-06-22,208.2299346923828,229.66000366210938,229.8800048828125,226.75999450683594,227.30999755859375,1607200
AMGN,2023-06-23,205.91786193847656,227.11000061035156,230.5399932861328,226.41000366210938,229.8699951171875,4130700
AMGN,2023-06-26,203.7599639892578,224.72999572753906,226.8000030517578,220.1199951171875,226.8000030517578,2565500
AMGN,2023-06-27,201.83775329589844,222.61000061035156,224.63999938964844,221.1300048828125,224.16000366210938,2705900
AMGN,2023-06-28,200.65908813476562,221.30999755859375,222.35000610351562,218.64999389648438,222.24000549316406,2263400
AMGN,2023-06-29,200.5230712890625,221.16000366210938,221.66000366210938,218.8800048828125,219.6199951171875,1860300
AMGN,2023-06-30,201.3028564453125,222.02000427246094,223.11000061035156,221.00999450683594,222.0,2843300
AMGN,2023-07-03,204.0138397216797,225.00999450683594,225.57000732421875,219.83999633789062,221.2100067138672,1479200
AMGN,2023-07-05,204.8026580810547,225.8800048828125,227.32000732421875,222.41000366210938,224.66000366210938,2440400
AMGN,2023-07-06,202.17323303222656,222.97999572753906,225.99000549316406,221.6999969482422,224.9199981689453,2457800
AMGN,2023-07-07,198.24728393554688,218.64999389648438,222.16000366210938,218.44000244140625,221.86000061035156,2841500
AMGN,2023-07-10,203.7599639892578,224.72999572753906,224.89999389648438,218.61000061035156,219.16000366210938,2501700
AMGN,2023-07-11,202.9711456298828,223.86000061035156,225.5800018310547,222.27000427246094,223.8300018310547,2021500
AMGN,2023-07-12,204.62132263183594,225.67999267578125,227.32000732421875,224.08999633789062,225.1699981689453,2619500
AMGN,2023-07-13,206.41656494140625,227.66000366210938,228.1199951171875,225.0,225.85000610351562,1803600
AMGN,2023-07-14,206.2080078125,227.42999267578125,228.66000366210938,225.9600067138672,227.83999633789062,2044700
AMGN,2023-07-17,206.5797576904297,227.83999633789062,228.60000610351562,224.33999633789062,226.8699951171875,2049200
AMGN,2023-07-18,210.86839294433594,232.57000732421875,234.07000732421875,227.39999389648438,227.7899932861328,2621200
AMGN,2023-07-19,210.3969268798828,232.0500030517578,234.5500030517578,231.99000549316406,232.97999572753906,2047200
AMGN,2023-07-20,211.46681213378906,233.22999572753906,238.47999572753906,232.91000366210938,233.80999755859375,3741300
AMGN,2023-07-21,212.908447265625,234.82000732421875,236.3800048828125,232.77999877929688,233.77000427246094,9381100
AMGN,2023-07-24,213.4524383544922,235.4199981689453,236.1300048828125,233.9199981689453,235.0,1771300
AMGN,2023-07-25,213.35272216796875,235.30999755859375,236.57000732421875,234.27999877929688,234.36000061035156,1325600
AMGN,2023-07-26,213.2620849609375,235.2100067138672,235.74000549316406,232.44000244140625,233.9499969482422,1576800
AMGN,2023-07-27,214.02366638183594,236.0500030517578,238.47999572753906,234.30999755859375,234.47999572753906,2439600
AMGN,2023-07-28,214.31381225585938,236.3699951171875,238.17999267578125,235.08999633789062,236.82000732421875,1889500
AMGN,2023-07-31,212.30096435546875,234.14999389648438,236.47999572753906,233.02000427246094,236.47999572753906,2826600
AMGN,2023-08-01,210.46038818359375,232.1199951171875,235.3800048828125,230.58999633789062,234.92999267578125,1843400
AMGN,2023-08-02,208.90994262695312,230.41000366210938,233.02999877929688,228.6999969482422,232.72000122070312,2593500
AMGN,2023-08-03,209.17286682128906,230.6999969482422,231.10000610351562,228.2100067138672,230.7899932861328,2322200
AMGN,2023-08-04,220.57904052734375,243.27999877929688,246.4199981689453,237.0,237.91000366210938,5181200
AMGN,2023-08-07,229.337646484375,252.94000244140625,253.82000732421875,243.4600067138672,244.25,4076600
AMGN,2023-08-08,236.46417236328125,260.79998779296875,263.7900085449219,256.5,257.5199890136719,5321600
AMGN,2023-08-09,235.12229919433594,259.32000732421875,263.7699890136719,259.1199951171875,259.9200134277344,2428100
AMGN,2023-08-10,237.60665893554688,262.05999755859375,264.7799987792969,260.4599914550781,261.5400085449219,1919200
AMGN,2023-08-11,238.0146484375,262.510009765625,264.1099853515625,260.8299865722656,261.70001220703125,1560600
AMGN,2023-08-14,236.61834716796875,260.9700012207031,263.4700012207031,259.8500061035156,262.2200012207031,1966100
AMGN,2023-08-15,241.18804931640625,266.010009765625,266.6300048828125,259.9599914550781,261.32000732421875,2781200
AMGN,2023-08-16,240.29042053222656,265.0199890136719,268.239990234375,264.5799865722656,266.3299865722656,2244000
AMGN,2023-08-17,241.16787719726562,263.8500061035156,266.5799865722656,263.2699890136719,263.8699951171875,2256100
AMGN,2023-08-18,239.31239318847656,261.82000732421875,262.989990234375,261.07000732421875,262.6099853515625,2814500
AMGN,2023-08-21,238.2886962890625,260.70001220703125,262.4700012207031,259.010009765625,261.5799865722656,2324100
AMGN,2023-08-22,235.47344970703125,257.6199951171875,260.3999938964844,257.3500061035156,260.239990234375,1720300
AMGN,2023-08-23,235.23580932617188,257.3599853515625,259.8500061035156,255.97999572753906,259.5,2256800
AMGN,2023-08-24,234.55943298339844,256.6199951171875,260.19000244140625,256.1700134277344,256.7300109863281,1888900
AMGN,2023-08-25,234.34005737304688,256.3800048828125,257.739990234375,254.80999755859375,257.1099853515625,1786600
AMGN,2023-08-28,234.49542236328125,256.54998779296875,258.1199951171875,255.13999938964844,256.9599914550781,1661300
AMGN,2023-08-29,237.31983947753906,259.6400146484375,259.8500061035156,256.82000732421875,257.3599853515625,2216600
AMGN,2023-08-30,235.71109008789062,257.8800048828125,260.8699951171875,256.95001220703125,260.0,1694300
AMGN,2023-08-31,234.30349731445312,256.3399963378906,259.0,256.2900085449219,258.2200012207031,2065000
AMGN,2023-09-01,234.6416778564453,256.7099914550781,259.0299987792969,256.1000061035156,258.67999267578125,1350200
AMGN,2023-09-05,232.173828125,254.00999450683594,257.3900146484375,253.9199981689453,256.7099914550781,1763600
AMGN,2023-09-06,227.6036376953125,249.00999450683594,254.44000244140625,248.3800048828125,254.44000244140625,1988900
AMGN,2023-09-07,232.52113342285156,254.38999938964844,254.6999969482422,250.39999389648438,250.5399932861328,2228300
AMGN,2023-09-08,237.1278533935547,259.42999267578125,260.3399963378906,254.97000122070312,255.75,2449000
AMGN,2023-09-11,239.22103881835938,261.7200012207031,262.80999755859375,257.4100036621094,258.2099914550781,2135100
AMGN,2023-09-12,237.9322052001953,260.30999755859375,263.0199890136719,257.8599853515625,262.67999267578125,1574000
AMGN,2023-09-13,235.11700439453125,257.2300109863281,260.2200012207031,257.0199890136719,259.3399963378906,2182800
AMGN,2023-09-14,239.7511444091797,262.29998779296875,263.1400146484375,258.5400085449219,258.8999938964844,3072400
AMGN,2023-09-15,238.30697631835938,260.7200012207031,263.92999267578125,259.82000732421875,263.760009765625,6161100
AMGN,2023-09-18,240.528076171875,263.1499938964844,265.2200012207031,261.92999267578125,263.3800048828125,1770100
AMGN,2023-09-19,241.58836364746094,264.30999755859375,265.7699890136719,262.44000244140625,263.1400146484375,1528200
AMGN,2023-09-20,248.12368774414062,271.4599914550781,273.0799865722656,263.9700012207031,265.0,3575300
AMGN,2023-09-21,246.24993896484375,269.4100036621094,272.4800109863281,267.70001220703125,272.07000732421875,2437100
AMGN,2023-09-22,244.6869659423828,267.70001220703125,269.5,266.5199890136719,267.6700134277344,1894100
AMGN,2023-09-25,243.91912841796875,266.8599853515625,267.80999755859375,265.010009765625,267.5400085449219,1705300
AMGN,2023-09-26,245.91177368164062,269.0400085449219,269.8900146484375,265.6700134277344,266.67999267578125,2367600
AMGN,2023-09-27,245.8568878173828,268.9800109863281,273.6099853515625,266.760009765625,271.7300109863281,2331900
AMGN,2023-09-28,247.5387725830078,270.82000732421875,271.3800048828125,266.5400085449219,267.7900085449219,2430700
AMGN,2023-09-29,245.6558074951172,268.760009765625,271.0,267.2200012207031,271.0,2118100
AMGN,2023-10-02,243.41644287109375,266.30999755859375,268.489990234375,264.3800048828125,267.7099914550781,1912300
AMGN,2023-10-03,238.57203674316406,261.010009765625,266.0199890136719,259.6700134277344,264.0400085449219,2797900
AMGN,2023-10-04,242.6212158203125,265.44000244140625,266.1400146484375,260.9100036621094,262.1000061035156,2526400
AMGN,2023-10-05,242.2921600341797,265.0799865722656,267.9200134277344,262.5400085449219,266.19000244140625,2883700
AMGN,2023-10-06,244.47666931152344,267.4700012207031,268.5899963378906,262.2300109863281,263.1499938964844,2838000
AMGN,2023-10-09,248.19683837890625,271.5400085449219,272.6000061035156,268.5799865722656,271.0400085449219,2284300
AMGN,2023-10-10,247.93170166015625,271.25,272.0899963378906,268.1199951171875,270.8900146484375,1808700
AMGN,2023-10-11,259.2200927734375,283.6000061035156,284.3299865722656,274.1499938964844,274.8599853515625,4523100
AMGN,2023-10-12,260.53631591796875,285.0400085449219,287.8500061035156,283.6000061035156,283.9800109863281,3052600
AMGN,2023-10-13,259.6770935058594,284.1000061035156,288.4599914550781,280.0,287.70001220703125,3473200
AMGN,2023-10-16,262.2181091308594,286.8800048828125,287.80999755859375,283.80999755859375,284.5,2459400
AMGN,2023-10-17,259.9695739746094,284.4200134277344,287.3399963378906,282.5,285.19000244140625,2863200
AMGN,2023-10-18,259.2017517089844,283.5799865722656,285.25,280.989990234375,283.29998779296875,2789100
AMGN,2023-10-19,256.4779357910156,280.6000061035156,283.2099914550781,278.1000061035156,282.0899963378906,2536400
AMGN,2023-10-20,254.8418731689453,278.80999755859375,281.05999755859375,275.75,280.6000061035156,2455000
AMGN,2023-10-23,249.58616638183594,273.05999755859375,280.1199951171875,272.70001220703125,280.1199951171875,2433500
AMGN,2023-10-24,252.3831024169922,276.1199951171875,277.05999755859375,271.1300048828125,272.0899963378906,2253000
AMGN,2023-10-25,248.76353454589844,272.1600036621094,276.69000244140625,272.0899963378906,275.0899963378906,2302300
AMGN,2023-10-26,246.52418518066406,269.7099914550781,273.44000244140625,269.1400146484375,271.5,2269900
AMGN,2023-10-27,239.08392333984375,261.57000732421875,269.3599853515625,260.1600036621094,268.95001220703125,2874900
AMGN,2023-10-30,240.5646514892578,263.19000244140625,266.3500061035156,262.5,265.0,2974600
AMGN,2023-10-31,233.71852111816406,255.6999969482422,257.4200134277344,249.6999969482422,255.88999938964844,4885100
AMGN,2023-11-01,238.41664123535156,260.8399963378906,261.19000244140625,255.08999633789062,256.2699890136719,2509600
AMGN,2023-11-02,243.67237854003906,266.5899963378906,268.1000061035156,262.4599914550781,263.29998779296875,2470400
AMGN,2023-11-03,246.6612091064453,269.8599853515625,270.54998779296875,265.5,268.5199890136719,2509800
AMGN,2023-11-06,249.3759002685547,272.8299865722656,274.95001220703125,270.75,270.7699890136719,2768100
AMGN,2023-11-07,247.80374145507812,271.1099853515625,274.0,269.3800048828125,272.9700012207031,2526500
AMGN,2023-11-08,249.76895141601562,273.260009765625,274.7699890136719,270.75,272.4200134277344,1916800
AMGN,2023-11-09,241.3598175048828,264.05999755859375,273.2300109863281,263.70001220703125,272.1300048828125,2266000
AMGN,2023-11-10,244.33042907714844,267.30999755859375,267.94000244140625,262.510009765625,266.6400146484375,2070600
AMGN,2023-11-13,243.76373291015625,266.69000244140625,267.2200012207031,263.5199890136719,265.67999267578125,1579800
AMGN,2023-11-14,246.80746459960938,270.0199890136719,272.95001220703125,268.3599853515625,269.2200012207031,2060000
AMGN,2023-11-15,249.5587158203125,273.0299987792969,274.6099853515625,270.0199890136719,270.2799987792969,2795100
AMGN,2023-11-16,247.8083953857422,269.0,274.44000244140625,267.8699951171875,272.6099853515625,2366200
AMGN,2023-11-17,244.4828338623047,265.3900146484375,269.4100036621094,264.6000061035156,269.4100036621094,2642900
AMGN,2023-11-20,244.44595336914062,265.3500061035156,266.70001220703125,261.45001220703125,262.5899963378906,2213900
AMGN,2023-11-21,242.1152801513672,262.82000732421875,266.0400085449219,260.5199890136719,265.3399963378906,2636600
AMGN,2023-11-22,243.7458038330078,264.5899963378906,266.4700012207031,262.260009765625,264.7900085449219,1649100
AMGN,2023-11-24,244.54730224609375,265.4599914550781,266.1000061035156,264.8900146484375,265.1199951171875,930800
AMGN,2023-11-27,243.45106506347656,264.2699890136719,265.57000732421875,261.6600036621094,265.42999267578125,1846400
AMGN,2023-11-28,244.60256958007812,265.5199890136719,266.6000061035156,263.6499938964844,264.3599853515625,1753400
AMGN,2023-11-29,245.59747314453125,266.6000061035156,268.1099853515625,263.5,264.739990234375,2005200
AMGN,2023-11-30,248.39804077148438,269.6400146484375,270.55999755859375,267.3399963378906,267.7099914550781,2686400
AMGN,2023-12-01,250.98663330078125,272.45001220703125,272.5899963378906,267.6199951171875,269.9599914550781,2303900
AMGN,2023-12-04,251.069580078125,272.5400085449219,273.42999267578125,270.1000061035156,270.8800048828125,2357400
AMGN,2023-12-05,249.53114318847656,270.8699951171875,272.0,268.4700012207031,271.8699951171875,1853600
AMGN,2023-12-06,248.1308135986328,269.3500061035156,271.9599914550781,269.1300048828125,271.4100036621094,1765900
AMGN,2023-12-07,249.93643188476562,271.30999755859375,273.4100036621094,266.6300048828125,270.5,2081300
AMGN,2023-12-08,247.91891479492188,269.1199951171875,271.9700012207031,268.82000732421875,271.1700134277344,2608200
AMGN,2023-12-11,250.70108032226562,272.1400146484375,275.8999938964844,270.4200134277344,271.9599914550781,2838600
AMGN,2023-12-12,252.4053192138672,273.989990234375,277.25,273.260009765625,277.1300048828125,2556900
AMGN,2023-12-13,259.4342041015625,281.6199951171875,281.8500061035156,273.30999755859375,274.1600036621094,2380000
AMGN,2023-12-14,254.5517578125,276.32000732421875,282.7300109863281,274.0799865722656,281.32000732421875,2935200
AMGN,2023-12-15,253.7502899169922,275.45001220703125,279.2699890136719,273.3299865722656,276.2699890136719,8731000
AMGN,2023-12-18,253.77792358398438,275.4800109863281,277.1000061035156,274.3500061035156,277.0,2227600
AMGN,2023-12-19,256.5047302246094,278.44000244140625,280.57000732421875,276.5899963378906,278.69000244140625,2484100
AMGN,2023-12-20,253.50152587890625,275.17999267578125,278.79998779296875,275.010009765625,277.8299865722656,2561200
AMGN,2023-12-21,257.3245849609375,279.3299865722656,279.82000732421875,276.3999938964844,276.54998779296875,1850000
AMGN,2023-12-22,261.7740783691406,284.1600036621094,285.67999267578125,280.0,280.0,1814200
AMGN,2023-12-26,261.53460693359375,283.8999938964844,284.7200012207031,281.6700134277344,284.1199951171875,1330400
AMGN,2023-12-27,263.9574279785156,286.5299987792969,287.2900085449219,283.3500061035156,284.5,1866800
AMGN,2023-12-28,265.7353820800781,288.4599914550781,289.0400085449219,287.6300048828125,287.8800048828125,1228400
AMGN,2023-12-29,265.3299865722656,288.0199890136719,288.489990234375,286.3900146484375,287.8599853515625,1766600
AMGN,2024-01-02,273.9618835449219,297.3900146484375,300.6499938964844,287.2799987792969,287.2799987792969,3374900
AMGN,2024-01-03,277.0019226074219,300.69000244140625,303.25,297.04998779296875,300.04998779296875,2771500
AMGN,2024-01-04,279.2864990234375,303.1700134277344,305.0899963378906,298.5899963378906,301.5,3357900
AMGN,2024-01-05,279.1298828125,303.0,303.5299987792969,299.760009765625,302.20001220703125,1874400
AMGN,2024-01-08,286.38916015625,310.8800048828125,311.04998779296875,300.3500061035156,301.4700012207031,3467700
AMGN,2024-01-09,283.0543212890625,307.260009765625,309.9700012207031,305.94000244140625,308.0199890136719,2603700
AMGN,2024-01-10,280.576171875,304.57000732421875,307.6400146484375,304.2699890136719,307.1600036621094,2210900
AMGN,2024-01-11,279.2220764160156,303.1000061035156,304.6099853515625,300.0,303.42999267578125,2137100
AMGN,2024-01-12,282.3634338378906,306.510009765625,306.95001220703125,303.3999938964844,305.239990234375,1567900
AMGN,2024-01-16,279.57208251953125,303.4800109863281,308.0,301.17999267578125,306.510009765625,1996300
AMGN,2024-01-17,280.1248474121094,304.0799865722656,304.6300048828125,301.1000061035156,302.4599914550781,2210400
AMGN,2024-01-18,280.5025329589844,304.489990234375,305.6499938964844,299.54998779296875,302.25,2357000
AMGN,2024-01-19,283.5610046386719,307.80999755859375,309.0899963378906,301.1099853515625,304.7300109863281,2566500
AMGN,2024-01-22,285.725830078125,310.1600036621094,312.1600036621094,306.6000061035156,308.70001220703125,2599900
AMGN,2024-01-23,285.4955139160156,309.9100036621094,311.29998779296875,309.1000061035156,309.5299987792969,1775400
AMGN,2024-01-24,281.43292236328125,305.5,312.45001220703125,305.239990234375,309.9200134277344,1954200
AMGN,2024-01-25,285.8179931640625,310.260009765625,310.32000732421875,305.70001220703125,308.7200012207031,2005400
AMGN,2024-01-26,287.2090148925781,311.7699890136719,312.0199890136719,309.8599853515625,310.57000732421875,2035800
AMGN,2024-01-29,288.7566833496094,313.45001220703125,313.6199951171875,309.8900146484375,311.44000244140625,2447600
AMGN,2024-01-30,289.8345031738281,314.6199951171875,314.9200134277344,310.5199890136719,312.5299987792969,2637000
AMGN,2024-01-31,289.50286865234375,314.260009765625,316.6400146484375,312.6199951171875,316.0,3456700
AMGN,2024-02-01,298.9914245605469,324.55999755859375,324.82000732421875,313.70001220703125,314.5,3883200
AMGN,2024-02-02,297.7294616699219,323.19000244140625,325.7699890136719,320.75,323.6400146484375,2585900
AMGN,2024-02-05,296.60546875,321.9700012207031,329.7200012207031,317.7099914550781,323.5299987792969,3563300
AMGN,2024-02-06,291.1702880859375,316.07000732421875,326.9599914550781,314.75,325.3999938964844,5767400
AMGN,2024-02-07,272.56158447265625,295.8699951171875,315.510009765625,295.2699890136719,315.510009765625,8411300
AMGN,2024-02-08,271.6220397949219,294.8500061035156,298.0,288.7799987792969,297.0,5946100
AMGN,2024-02-09,268.18585205078125,291.1199951171875,295.0,289.7099914550781,294.8500061035156,3341100
AMGN,2024-02-12,271.235107421875,294.42999267578125,294.6000061035156,288.8599853515625,289.9700012207031,3298500
AMGN,2024-02-13,267.5963134765625,290.4800109863281,295.5199890136719,286.8900146484375,294.6099853515625,3610100
AMGN,2024-02-14,267.218505859375,290.07000732421875,290.8699951171875,287.54998779296875,289.8800048828125,2617300
AMGN,2024-02-15,268.3789978027344,289.07000732421875,290.3500061035156,285.6000061035156,287.8800048828125,2902000
AMGN,2024-02-16,263.3934326171875,283.70001220703125,287.7099914550781,283.2699890136719,287.7099914550781,3596800
AMGN,2024-02-20,263.217041015625,283.510009765625,285.29998779296875,280.54998779296875,283.8500061035156,3402000
AMGN,2024-02-21,263.170654296875,283.4599914550781,285.7799987792969,280.79998779296875,284.8399963378906,1934300
AMGN,2024-02-22,264.7674865722656,285.17999267578125,285.7200012207031,281.29998779296875,282.4800109863281,2992700
AMGN,2024-02-23,268.48126220703125,289.17999267578125,292.239990234375,286.010009765625,286.5199890136719,2462400
AMGN,2024-02-26,265.872314453125,286.3699951171875,289.8699951171875,285.42999267578125,288.2799987792969,2448900
AMGN,2024-02-27,258.5563049316406,278.489990234375,281.2200012207031,277.0899963378906,279.1000061035156,3353700
AMGN,2024-02-28,257.60009765625,277.4599914550781,280.42999267578125,277.0899963378906,278.989990234375,3027000
AMGN,2024-02-29,254.2299041748047,273.8299865722656,279.8299865722656,273.42999267578125,278.5199890136719,5863400
AMGN,2024-03-01,260.2646484375,280.3299865722656,281.92999267578125,274.8800048828125,276.5,3772700
AMGN,2024-03-04,259.3919372558594,279.3900146484375,285.8900146484375,277.6499938964844,283.260009765625,2470300
AMGN,2024-03-05,256.8480529785156,276.6499938964844,279.75,275.0199890136719,279.6199951171875,3064000
AMGN,2024-03-06,256.7923583984375,276.5899963378906,278.9700012207031,274.54998779296875,275.3800048828125,2240200
AMGN,2024-03-07,253.32931518554688,272.8599853515625,276.80999755859375,269.5799865722656,276.29998779296875,4066300
AMGN,2024-03-08,254.15565490722656,273.75,276.55999755859375,272.010009765625,272.80999755859375,2251100
AMGN,2024-03-11,255.65037536621094,275.3599853515625,278.19000244140625,272.989990234375,274.510009765625,1851000
AMGN,2024-03-12,256.7459716796875,276.5400085449219,278.1499938964844,274.1400146484375,276.8500061035156,1738700
AMGN,2024-03-13,256.23529052734375,275.989990234375,278.55999755859375,275.2099914550781,278.17999267578125,1641000
AMGN,2024-03-14,252.1038360595703,271.5400085449219,277.2300109863281,270.45001220703125,276.8399963378906,2370500
AMGN,2024-03-15,249.6249542236328,268.8699951171875,275.17999267578125,268.1700134277344,272.0899963378906,8795800
AMGN,2024-03-18,251.5096435546875,270.8999938964844,273.5799865722656,269.2099914550781,270.0,3608300
AMGN,2024-03-19,252.2802276611328,271.7300109863281,273.1600036621094,269.510009765625,270.17999267578125,3037500
AMGN,2024-03-20,253.5057373046875,273.04998779296875,273.0799865722656,269.239990234375,271.2099914550781,2564500
AMGN,2024-03-21,257.1265869140625,276.95001220703125,277.9200134277344,274.3900146484375,274.6300048828125,2489400
AMGN,2024-03-22,256.4024353027344,276.1700134277344,278.2900085449219,275.1000061035156,277.3900146484375,2303100
AMGN,2024-03-25,260.71954345703125,280.82000732421875,281.3299865722656,275.4100036621094,276.42999267578125,2954400
AMGN,2024-03-26,261.6015930175781,281.7699890136719,284.5,280.70001220703125,282.1499938964844,3343000
AMGN,2024-03-27,265.8073425292969,286.29998779296875,286.82000732421875,282.54998779296875,284.2200012207031,2256300
AMGN,2024-03-28,263.9690856933594,284.32000732421875,288.57000732421875,284.2099914550781,287.8599853515625,2289900
AMGN,2024-04-01,262.78070068359375,283.0400085449219,283.8299865722656,279.0,282.1099853515625,1868600
AMGN,2024-04-02,256.43951416015625,276.2099914550781,283.9100036621094,276.0400085449219,283.3399963378906,2220500
AMGN,2024-04-03,254.7777557373047,274.4200134277344,276.4700012207031,273.67999267578125,275.69000244140625,1669200
AMGN,2024-04-04,248.9007568359375,268.0899963378906,276.7300109863281,267.75,276.04998779296875,2451200
AMGN,2024-04-05,250.62765502929688,269.95001220703125,273.07000732421875,265.0799865722656,265.8999938964844,2293800
AMGN,2024-04-08,249.9313507080078,269.20001220703125,270.2099914550781,267.55999755859375,269.4800109863281,1830800
AMGN,2024-04-09,251.00823974609375,270.3599853515625,271.2900085449219,268.5799865722656,270.19000244140625,1792600
AMGN,2024-04-10,247.37815856933594,266.45001220703125,268.3800048828125,264.6300048828125,267.9599914550781,1949500
AMGN,2024-04-11,250.6740264892578,270.0,273.0,268.45001220703125,270.2200012207031,2169600
AMGN,2024-04-12,248.14871215820312,267.2799987792969,269.29998779296875,266.1700134277344,268.7699890136719,2140100
AMGN,2024-04-15,246.5054473876953,265.510009765625,270.92999267578125,264.3500061035156,269.92999267578125,1740000
AMGN,2024-04-16,246.62612915039062,265.6400146484375,267.510009765625,263.80999755859375,266.8299865722656,2017600
AMGN,2024-04-17,245.16851806640625,264.07000732421875,268.7699890136719,263.3900146484375,267.5400085449219,2175100
AMGN,2024-04-18,243.94300842285156,262.75,265.9200134277344,262.5799865722656,265.6400146484375,2082700
AMGN,2024-04-19,249.68067932128906,268.92999267578125,269.3800048828125,260.67999267578125,264.6300048828125,3380100
AMGN,2024-04-22,252.44732666015625,271.9100036621094,273.1400146484375,269.8399963378906,269.8399963378906,2165800
AMGN,2024-04-23,253.960693359375,273.5400085449219,274.4800109863281,271.04998779296875,272.1400146484375,2493300
AMGN,2024-04-24,253.46859741210938,273.010009765625,274.8599853515625,269.6499938964844,270.6300048828125,2467100
AMGN,2024-04-25,250.09841918945312,269.3800048828125,274.3500061035156,267.239990234375,273.45001220703125,1794000
AMGN,2024-04-26,250.65548706054688,269.9800109863281,271.67999267578125,265.7200012207031,265.7200012207031,2436900
AMGN,2024-04-29,256.5973815917969,276.3800048828125,276.8599853515625,268.989990234375,269.17999267578125,2678900
AMGN,2024-04-30,254.33200073242188,273.94000244140625,276.1199951171875,272.3500061035156,276.1099853515625,2477300
AMGN,2024-05-01,257.51654052734375,277.3699951171875,279.8399963378906,273.3800048828125,274.17999267578125,2323700
AMGN,2024-05-02,258.46356201171875,278.3900146484375,278.6300048828125,274.8999938964844,277.69000244140625,3177500
AMGN,2024-05-03,289.0086669921875,311.2900085449219,322.6000061035156,308.67999267578125,313.3900146484375,9644700
AMGN,2024-05-06,278.0439758300781,299.4800109863281,312.7300109863281,297.5199890136719,310.8800048828125,4717600
AMGN,2024-05-07,278.8052978515625,300.29998779296875,302.9100036621094,298.510009765625,301.75,2452100
AMGN,2024-05-08,285.31353759765625,307.30999755859375,307.57000732421875,298.8900146484375,300.1199951171875,2859600
AMGN,2024-05-09,290.4662170410156,312.8599853515625,314.6000061035156,306.32000732421875,309.5299987792969,2921300
AMGN,2024-05-10,287.9501953125,310.1499938964844,314.8900146484375,309.82000732421875,312.8900146484375,2611800
AMGN,2024-05-13,286.3718566894531,308.45001220703125,312.1499938964844,307.05999755859375,312.1499938964844,1558500
AMGN,2024-05-14,289.12005615234375,311.4100036621094,312.3999938964844,307.4700012207031,308.7300109863281,1631100
AMGN,2024-05-15,296.20391845703125,319.0400085449219,321.44000244140625,312.8699951171875,314.82000732421875,3466000
AMGN,2024-05-16,294.2684326171875,314.7200012207031,316.1400146484375,310.760009765625,314.6300048828125,2367800
AMGN,2024-05-17,292.16461181640625,312.4700012207031,315.2799987792969,310.3699951171875,315.2799987792969,1974200
AMGN,2024-05-20,294.1001281738281,314.5400085449219,315.80999755859375,312.6199951171875,314.4100036621094,1394600
AMGN,2024-05-21,294.38995361328125,314.8500061035156,316.6700134277344,311.8999938964844,314.1099853515625,1705900
AMGN,2024-05-22,289.3034973144531,309.4100036621094,315.0,308.5199890136719,314.70001220703125,2849100
AMGN,2024-05-23,286.58258056640625,306.5,311.989990234375,304.3800048828125,308.4700012207031,2139700
AMGN,2024-05-24,285.9654541015625,305.8399963378906,307.5,303.8999938964844,306.4200134277344,2425800
AMGN,2024-05-28,280.6826477050781,300.19000244140625,303.510009765625,298.30999755859375,303.1099853515625,2636700
AMGN,2024-05-29,277.11090087890625,296.3699951171875,299.05999755859375,295.80999755859375,299.0400085449219,2475900
AMGN,2024-05-30,281.44000244140625,301.0,303.57000732421875,295.489990234375,297.17999267578125,2727100
AMGN,2024-05-31,285.9748229980469,305.8500061035156,305.8999938964844,299.5,302.010009765625,4488900
AMGN,2024-06-03,287.4427795410156,307.4200134277344,311.4800109863281,303.8500061035156,306.7900085449219,2447400
AMGN,2024-06-04,287.39599609375,307.3699951171875,310.9200134277344,307.04998779296875,308.0,1830200
AMGN,2024-06-05,287.4054870605469,307.3800048828125,310.30999755859375,306.3999938964844,307.79998779296875,1748600
AMGN,2024-06-06,285.8251953125,305.69000244140625,310.010009765625,304.30999755859375,306.9200134277344,1927900
AMGN,2024-06-07,285.1987609863281,305.0199890136719,307.9599914550781,304.4800109863281,306.7200012207031,1925000
AMGN,2024-06-10,284.918212890625,304.7200012207031,305.5299987792969,300.8900146484375,304.54998779296875,1992800
AMGN,2024-06-11,281.1595153808594,300.70001220703125,302.5799865722656,299.79998779296875,302.2900085449219,1740200
AMGN,2024-06-12,281.5148010253906,301.0799865722656,303.5400085449219,299.42999267578125,301.2900085449219,1640100
AMGN,2024-06-13,279.1024475097656,298.5,299.3399963378906,295.29998779296875,296.9599914550781,1732700
AMGN,2024-06-14,279.21466064453125,298.6199951171875,299.739990234375,295.8999938964844,297.6099853515625,1713600
AMGN,2024-06-17,283.57183837890625,303.2799987792969,303.9700012207031,296.55999755859375,298.489990234375,1875900
AMGN,2024-06-18,286.105712890625,305.989990234375,306.54998779296875,302.0199890136719,302.75,2166200
AMGN,2024-06-20,289.75225830078125,309.8900146484375,310.29998779296875,303.54998779296875,304.8299865722656,2890200
AMGN,2024-06-21,288.13470458984375,308.1600036621094,313.44000244140625,307.2900085449219,313.1300048828125,6596800
AMGN,2024-06-24,297.4754943847656,318.1499938964844,318.3399963378906,307.9200134277344,310.0,3389300
AMGN,2024-06-25,298.56011962890625,319.30999755859375,326.1199951171875,318.3999938964844,319.2300109863281,3150600
AMGN,2024-06-26,292.49188232421875,312.82000732421875,317.489990234375,311.7200012207031,317.17999267578125,2800200
AMGN,2024-06-27,293.30535888671875,313.69000244140625,316.7900085449219,310.7200012207031,311.7300109863281,2082200
AMGN,2024-06-28,292.1459045410156,312.45001220703125,316.67999267578125,310.5899963378906,313.70001220703125,3518100
AMGN,2024-07-01,290.79949951171875,311.010009765625,319.0,310.2300109863281,313.3399963378906,1769400
AMGN,2024-07-02,290.5750732421875,310.7699890136719,312.42999267578125,307.6400146484375,310.25,1542700
AMGN,2024-07-03,289.27545166015625,309.3800048828125,312.5400085449219,306.1099853515625,311.489990234375,1000700
AMGN,2024-07-05,290.6779479980469,310.8800048828125,313.4100036621094,308.57000732421875,311.0299987792969,1274400
AMGN,2024-07-08,291.2202453613281,311.4599914550781,315.4800109863281,310.6099853515625,311.3599853515625,1167200
AMGN,2024-07-09,295.3810729980469,315.9100036621094,316.0799865722656,307.6300048828125,311.6199951171875,1852500
AMGN,2024-07-10,300.76678466796875,321.6700134277344,322.8800048828125,314.6400146484375,317.05999755859375,2192100
AMGN,2024-07-11,303.9645690917969,325.0899963378906,327.989990234375,320.17999267578125,322.0,2254000
AMGN,2024-07-12,309.3315734863281,330.8299865722656,333.8500061035156,326.010009765625,327.82000732421875,2191300
AMGN,2024-07-15,308.6957092285156,330.1499938964844,332.80999755859375,327.8699951171875,331.8800048828125,1688800
AMGN,2024-07-16,311.4914245605469,333.1400146484375,335.9100036621094,328.0,330.4599914550781,1879400
AMGN,2024-07-17,313.8570251464844,335.6700134277344,336.6099853515625,328.6000061035156,330.0,1933200
AMGN,2024-07-18,309.4624328613281,330.9700012207031,338.9800109863281,330.6700134277344,334.20001220703125,2228400
AMGN,2024-07-19,309.7616271972656,331.2900085449219,333.9800109863281,328.42999267578125,333.6499938964844,1848700
AMGN,2024-07-22,314.1374816894531,335.9700012207031,337.0899963378906,332.4700012207031,333.2300109863281,1733700
AMGN,2024-07-23,311.5849609375,333.239990234375,337.0400085449219,331.30999755859375,334.3599853515625,1458200
AMGN,2024-07-24,313.8009033203125,335.6099853515625,337.17999267578125,330.3399963378906,333.25,2459300
AMGN,2024-07-25,312.5760192871094,334.29998779296875,346.8500061035156,333.0199890136719,335.989990234375,2435700
AMGN,2024-07-26,313.0903015136719,334.8500061035156,338.94000244140625,333.2799987792969,334.55999755859375,1515500
AMGN,2024-07-29,310.90234375,332.510009765625,334.8399963378906,331.29998779296875,334.0799865722656,1611200
AMGN,2024-07-30,311.622314453125,333.2799987792969,338.57000732421875,331.6700134277344,333.0,1584000
AMGN,2024-07-31,310.8649597167969,332.4700012207031,336.4100036621094,330.57000732421875,331.54998779296875,2120500
AMGN,2024-08-01,313.72607421875,335.5299987792969,340.8900146484375,333.4599914550781,336.0899963378906,2387700
AMGN,2024-08-02,312.2861633300781,333.989990234375,338.3500061035156,325.7300109863281,337.4200134277344,2106200
AMGN,2024-08-05,304.0860595703125,325.2200012207031,333.3399963378906,321.4100036621094,332.7200012207031,2974900
AMGN,2024-08-06,307.5736999511719,328.95001220703125,332.9800109863281,323.5199890136719,325.2300109863281,2436500
AMGN,2024-08-07,292.19268798828125,312.5,323.0,306.5899963378906,320.989990234375,4618400
AMGN,2024-08-08,303.5905456542969,324.69000244140625,325.1199951171875,312.7900085449219,314.0,2746700
AMGN,2024-08-09,301.533447265625,322.489990234375,325.0400085449219,319.3299865722656,323.75,1786400
AMGN,2024-08-12,299.2052917480469,320.0,323.8999938964844,317.92999267578125,323.8999938964844,1828700
AMGN,2024-08-13,302.43109130859375,323.45001220703125,324.0,319.1700134277344,321.7799987792969,1632800
AMGN,2024-08-14,301.7579040527344,322.7300109863281,324.3599853515625,319.55999755859375,320.42999267578125,1656100
AMGN,2024-08-15,304.24505615234375,325.3900146484375,327.1600036621094,321.94000244140625,323.8800048828125,1886800
AMGN,2024-08-16,302.6444396972656,321.44000244140625,324.82000732421875,320.5,323.6499938964844,1442500
AMGN,2024-08-19,308.7926025390625,327.9700012207031,328.17999267578125,321.4100036621094,321.4599914550781,1214200
AMGN,2024-08-20,309.3387145996094,328.54998779296875,330.5,326.6199951171875,328.1199951171875,1352600
AMGN,2024-08-21,309.90362548828125,329.1499938964844,330.989990234375,327.9100036621094,329.54998779296875,1138200
AMGN,2024-08-22,305.55377197265625,324.5299987792969,329.5,323.1199951171875,329.5,2172000
AMGN,2024-08-23,309.5740966796875,328.79998779296875,331.2900085449219,325.3800048828125,326.2699890136719,1771100
AMGN,2024-08-26,307.6722106933594,326.7799987792969,330.260009765625,325.5,328.4100036621094,1769900
AMGN,2024-08-27,307.8134765625,326.92999267578125,329.8299865722656,325.5799865722656,328.4200134277344,1444300
AMGN,2024-08-28,310.2237243652344,329.489990234375,330.510009765625,325.3900146484375,325.94000244140625,1444200
AMGN,2024-08-29,311.6548767089844,331.010009765625,334.2699890136719,329.25,331.6700134277344,1294300
AMGN,2024-08-30,314.3099670410156,333.8299865722656,335.6600036621094,330.30999755859375,331.95001220703125,2173400
AMGN,2024-09-03,311.1840515136719,330.510009765625,333.1400146484375,329.1000061035156,331.8900146484375,2120500
AMGN,2024-09-04,311.3065185546875,330.6400146484375,331.1000061035156,327.6000061035156,329.92999267578125,1622100
AMGN,2024-09-05,305.3936767578125,324.3599853515625,331.8599853515625,321.9100036621094,330.8999938964844,1977400
AMGN,2024-09-06,301.8158874511719,320.55999755859375,326.9700012207031,319.0,324.70001220703125,2242400
AMGN,2024-09-09,306.86248779296875,325.9200134277344,327.80999755859375,320.1000061035156,322.5199890136719,1707800
AMGN,2024-09-10,309.6964416503906,328.92999267578125,329.2300109863281,322.3900146484375,327.0,1408400
AMGN,2024-09-11,310.6850891113281,329.9800109863281,330.6499938964844,320.29998779296875,327.80999755859375,1711000
AMGN,2024-09-12,310.76043701171875,330.05999755859375,332.3800048828125,326.4100036621094,330.2200012207031,1590000
AMGN,2024-09-13,313.0106506347656,332.45001220703125,334.45001220703125,327.1499938964844,327.9599914550781,1397000
AMGN,2024-09-16,315.6563720703125,335.260009765625,337.55999755859375,332.9200134277344,335.8399963378906,2360600
AMGN,2024-09-17,313.34014892578125,332.79998779296875,334.5799865722656,331.0799865722656,334.5799865722656,2014000
AMGN,2024-09-18,313.45318603515625,332.9200134277344,339.0,331.0,333.92999267578125,1366600
AMGN,2024-09-19,316.3060302734375,335.95001220703125,338.70001220703125,334.6099853515625,337.0299987792969,1626100
AMGN,2024-09-20,317.65234375,337.3800048828125,338.9700012207031,334.2699890136719,335.1499938964844,4068200
AMGN,2024-09-23,315.9859313964844,335.6099853515625,339.1700134277344,333.3599853515625,339.0,1677500
AMGN,2024-09-24,311.5700988769531,330.9200134277344,335.4100036621094,330.5,333.1499938964844,2101000
AMGN,2024-09-25,294.56610107421875,312.8599853515625,329.5,312.1600036621094,329.0,4249500
AMGN,2024-09-26,300.4412536621094,319.1000061035156,319.7799987792969,313.3699951171875,313.67999267578125,2555700
AMGN,2024-09-27,303.80255126953125,322.6700134277344,327.9800109863281,320.5199890136719,322.70001220703125,2432600
AMGN,2024-09-30,303.36944580078125,322.2099914550781,323.2300109863281,318.7900085449219,321.32000732421875,1966900
AMGN,2024-10-01,301.5899353027344,320.32000732421875,322.20001220703125,316.9200134277344,322.04998779296875,2097400
AMGN,2024-10-02,301.0344543457031,319.7300109863281,320.6700134277344,316.17999267578125,317.6300048828125,2614400
AMGN,2024-10-03,298.9159851074219,317.4800109863281,319.7300109863281,315.4599914550781,317.1099853515625,1525300
AMGN,2024-10-04,300.9685363769531,319.6600036621094,320.739990234375,316.42999267578125,318.7200012207031,1467800
AMGN,2024-10-07,298.8877868652344,317.45001220703125,320.2099914550781,315.9200134277344,320.0799865722656,1262300
AMGN,2024-10-08,299.1042785644531,317.67999267578125,319.95001220703125,316.4800109863281,319.1700134277344,1453300
AMGN,2024-10-09,303.5577087402344,322.4100036621094,322.989990234375,314.70001220703125,316.6600036621094,1379400
AMGN,2024-10-10,302.23956298828125,321.010009765625,322.57000732421875,318.75,320.95001220703125,1254600
AMGN,2024-10-11,309.150390625,328.3500061035156,329.1700134277344,320.1000061035156,322.20001220703125,1567200
AMGN,2024-10-14,305.63848876953125,324.6199951171875,326.95001220703125,322.5899963378906,325.5899963378906,1613300
AMGN,2024-10-15,306.0810241699219,325.0899963378906,327.3299865722656,324.0299987792969,326.0299987792969,1956200
AMGN,2024-10-16,302.8233337402344,321.6300048828125,326.7300109863281,321.32000732421875,326.20001220703125,1776700
AMGN,2024-10-17,302.5408630371094,321.3299865722656,325.9200134277344,320.5,325.9200134277344,1635600
AMGN,2024-10-18,302.8515930175781,321.6600036621094,322.55999755859375,319.17999267578125,320.6099853515625,1552100
AMGN,2024-10-21,298.2192687988281,316.739990234375,321.79998779296875,315.8699951171875,320.1600036621094,1533200
AMGN,2024-10-22,300.9685363769531,319.6600036621094,321.0799865722656,313.9800109863281,315.239990234375,2106500
AMGN,2024-10-23,296.4869079589844,314.8999938964844,318.54998779296875,313.70001220703125,316.010009765625,1526300
AMGN,2024-10-24,297.23065185546875,315.69000244140625,317.239990234375,313.6300048828125,314.42999267578125,1326600
AMGN,2024-10-25,298.44525146484375,316.9800109863281,319.20001220703125,314.8800048828125,318.489990234375,1604400
AMGN,2024-10-28,298.6241149902344,317.1700134277344,320.1400146484375,315.8999938964844,318.05999755859375,1816000
AMGN,2024-10-29,297.52252197265625,316.0,319.2099914550781,314.82000732421875,317.010009765625,1466500
AMGN,2024-10-30,297.08941650390625,315.5400085449219,317.8999938964844,310.6300048828125,311.95001220703125,2223600
AMGN,2024-10-31,301.4393005371094,320.1600036621094,323.3999938964844,315.6499938964844,317.69000244140625,2713500
AMGN,2024-11-01,300.55426025390625,319.2200012207031,321.70001220703125,316.9100036621094,318.69000244140625,1826700
AMGN,2024-11-04,298.3793640136719,316.9100036621094,320.5799865722656,314.6099853515625,320.5799865722656,2090100
AMGN,2024-11-05,300.6202087402344,319.2900085449219,319.5199890136719,313.0199890136719,316.1600036621094,1472300
AMGN,2024-11-06,302.9739685058594,321.7900085449219,325.3900146484375,318.1700134277344,325.0,2208600
AMGN,2024-11-07,303.08697509765625,321.9100036621094,322.9700012207031,318.5400085449219,322.0,2654700
AMGN,2024-11-08,306.2599182128906,325.2799987792969,328.25,321.2799987792969,322.4800109863281,1978100
AMGN,2024-11-11,302.9927978515625,321.80999755859375,327.5799865722656,321.6099853515625,325.9100036621094,2457000
AMGN,2024-11-12,281.3659362792969,298.8399963378906,321.2200012207031,293.79998779296875,319.5899963378906,6680300
AMGN,2024-11-13,283.81390380859375,301.44000244140625,307.42999267578125,298.9100036621094,306.0,3725600
AMGN,2024-11-14,278.6260986328125,295.92999267578125,298.4800109863281,292.3299865722656,297.9100036621094,3515600
AMGN,2024-11-15,267.0264892578125,283.6099853515625,291.5,279.6199951171875,291.5,5324700
AMGN,2024-11-18,264.5589599609375,278.760009765625,281.3599853515625,276.55999755859375,279.3800048828125,3174600
AMGN,2024-11-19,265.68829345703125,279.95001220703125,281.6000061035156,275.55999755859375,277.6700134277344,3210300
AMGN,2024-11-20,273.2048034667969,287.8699951171875,288.4800109863281,278.55999755859375,281.1000061035156,4759200
AMGN,2024-11-21,275.13140869140625,289.8999938964844,291.1099853515625,284.1400146484375,288.17999267578125,3553200
AMGN,2024-11-22,279.5256042480469,294.5299987792969,295.4800109863281,288.7799987792969,290.8399963378906,3053200
AMGN,2024-11-25,279.02252197265625,294.0,297.32000732421875,293.5,293.54998779296875,4695700
AMGN,2024-11-26,265.7452392578125,280.010009765625,280.3399963378906,257.79998779296875,264.2200012207031,17010300
AMGN,2024-11-27,265.80224609375,280.07000732421875,282.69000244140625,278.0,279.0,6622800
AMGN,2024-11-29,268.4595642089844,282.8699951171875,283.6400146484375,277.6400146484375,279.4599914550781,2232800
AMGN,2024-12-02,263.93255615234375,278.1000061035156,282.3900146484375,276.8900146484375,282.0799865722656,4677800
AMGN,2024-12-03,264.1413269042969,278.32000732421875,281.3800048828125,276.5,277.0,5468800
AMGN,2024-12-04,264.08441162109375,278.260009765625,279.4100036621094,273.8599853515625,275.80999755859375,4173900
AMGN,2024-12-05,260.3546142578125,274.3299865722656,279.0400085449219,273.1499938964844,277.0,3187000
AMGN,2024-12-06,258.69378662109375,272.5799865722656,275.3599853515625,271.4800109863281,275.010009765625,3970200
AMGN,2024-12-09,263.4864807128906,277.6300048828125,280.0,272.2799987792969,273.1600036621094,3222100
AMGN,2024-12-10,261.7022705078125,275.75,277.8999938964844,272.3599853515625,277.8599853515625,2791400
AMGN,2024-12-11,259.4814758300781,273.4100036621094,276.2799987792969,270.5799865722656,276.0,4493500
AMGN,2024-12-12,260.09832763671875,274.05999755859375,275.8800048828125,272.1499938964844,273.80999755859375,3749200
AMGN,2024-12-13,256.8336181640625,270.6199951171875,274.07000732421875,270.0199890136719,272.9599914550781,2906300
AMGN,2024-12-16,252.92349243164062,266.5,272.69000244140625,266.2200012207031,270.6199951171875,3711100
AMGN,2024-12-17,252.4015655517578,265.95001220703125,270.260009765625,264.80999755859375,265.4599914550781,4742500
AMGN,2024-12-18,245.5968017578125,258.7799987792969,267.19000244140625,258.67999267578125,265.17999267578125,4093600
AMGN,2024-12-19,247.88401794433594,261.19000244140625,261.80999755859375,253.3000030517578,258.0,4725800
AMGN,2024-12-20,249.9624786376953,263.3800048828125,269.6099853515625,262.2099914550781,269.0,13687600
AMGN,2024-12-23,250.55088806152344,264.0,264.79998779296875,260.8699951171875,263.1099853515625,3025700
AMGN,2024-12-24,251.015869140625,264.489990234375,264.54998779296875,261.3599853515625,262.4800109863281,1520600
AMGN,2024-12-26,249.77264404296875,263.17999267578125,264.7300109863281,261.760009765625,262.2099914550781,1637300
AMGN,2024-12-27,249.26963806152344,262.6499938964844,263.5,260.510009765625,261.1000061035156,2157400
AMGN,2024-12-30,246.09030151367188,259.29998779296875,261.55999755859375,258.5,260.8299865722656,3039300
AMGN,2024-12-31,247.36204528808594,260.6400146484375,261.5400085449219,258.8500061035156,260.75,1966200
AMGN,2025-01-02,246.0712890625,259.2799987792969,263.5799865722656,258.30999755859375,262.17999267578125,2357400
AMGN,2025-01-03,247.91250610351562,261.2200012207031,262.0799865722656,259.7900085449219,260.0,2979700
AMGN,2025-01-06,245.41647338867188,258.5899963378906,261.19000244140625,257.04998779296875,259.04998779296875,4668200
AMGN,2025-01-07,248.7096710205078,262.05999755859375,265.2099914550781,259.3500061035156,260.2200012207031,3173700
AMGN,2025-01-08,250.75013732910156,264.2099914550781,264.25,259.82000732421875,261.9700012207031,2421500
AMGN,2025-01-10,248.8710479736328,262.2300109863281,264.7900085449219,260.54998779296875,260.7900085449219,2721800
AMGN,2025-01-13,256.425537109375,270.19000244140625,270.489990234375,261.2799987792969,262.1099853515625,3365900
AMGN,2025-01-14,253.4929656982422,267.1000061035156,271.6099853515625,264.9100036621094,271.6099853515625,2942300
AMGN,2025-01-15,255.2392120361328,268.94000244140625,272.82000732421875,268.5799865722656,269.3299865722656,3737500
AMGN,2025-01-16,255.70423889160156,269.42999267578125,270.30999755859375,267.1499938964844,268.9200134277344,2684500
AMGN,2025-01-17,258.2477111816406,272.1099853515625,276.9700012207031,269.7799987792969,276.9700012207031,3244000
AMGN,2025-01-21,260.8101806640625,274.80999755859375,276.5,270.2799987792969,272.1400146484375,3928500
AMGN,2025-01-22,259.510009765625,273.44000244140625,275.0199890136719,272.07000732421875,272.6600036621094,3518300
AMGN,2025-01-23,263.7237548828125,277.8800048828125,278.0,272.32000732421875,273.44000244140625,2496000
AMGN,2025-01-24,261.38909912109375,275.4200134277344,277.3599853515625,273.5,276.260009765625,2008600
AMGN,2025-01-27,268.5354919433594,282.95001220703125,283.2300109863281,276.17999267578125,277.3699951171875,3493200
AMGN,2025-01-28,266.0205078125,280.29998779296875,283.5,279.9700012207031,280.1300048828125,2735500
AMGN,2025-01-29,267.3302001953125,281.67999267578125,283.0400085449219,279.30999755859375,280.0299987792969,2454900
AMGN,2025-01-30,269.55096435546875,284.0199890136719,285.69000244140625,281.6400146484375,285.0,2556100
AMGN,2025-01-31,270.879638671875,285.4200134277344,286.69000244140625,281.9800109863281,282.17999267578125,3799900
AMGN,2025-02-03,274.1539001464844,288.8699951171875,289.5799865722656,283.3999938964844,286.9100036621094,4473500
AMGN,2025-02-04,274.2962646484375,289.0199890136719,290.4800109863281,284.5199890136719,285.5799865722656,3262400
AMGN,2025-02-05,292.1289978027344,307.80999755859375,308.2200012207031,289.5199890136719,290.69000244140625,5890600
AMGN,2025-02-06,282.6100158691406,297.7799987792969,309.489990234375,297.1199951171875,309.489990234375,4624500
AMGN,2025-02-07,278.58599853515625,293.5400085449219,299.6099853515625,292.5799865722656,299.1600036621094,3388300
AMGN,2025-02-10,279.77227783203125,294.7900085449219,296.8800048828125,290.6700134277344,296.8800048828125,2375600
AMGN,2025-02-11,281.54705810546875,296.6600036621094,297.95001220703125,288.3599853515625,290.55999755859375,3506900
AMGN,2025-02-12,280.028564453125,295.05999755859375,296.20001220703125,292.6300048828125,293.82000732421875,2629900
AMGN,2025-02-13,281.84124755859375,296.9700012207031,298.3500061035156,293.54998779296875,297.54998779296875,2061700
AMGN,2025-02-14,278.5597229003906,291.1600036621094,295.1600036621094,290.45001220703125,294.75,2189300
AMGN,2025-02-18,280.1286926269531,292.79998779296875,293.3299865722656,289.0,291.760009765625,2162200
AMGN,2025-02-19,281.5350646972656,294.2699890136719,295.9700012207031,291.79998779296875,292.0,2806900
AMGN,2025-02-20,285.03668212890625,297.92999267578125,298.1300048828125,293.92999267578125,294.6700134277344,2319000
AMGN,2025-02-21,289.89691162109375,303.010009765625,305.3299865722656,297.19000244140625,299.2300109863281,3261400
AMGN,2025-02-24,296.31646728515625,309.7200012207031,313.75,304.3999938964844,305.2799987792969,4286600
AMGN,2025-02-25,301.970703125,315.6300048828125,318.29998779296875,310.29998779296875,311.79998779296875,4365700
AMGN,2025-02-26,293.12103271484375,306.3800048828125,313.6300048828125,305.54998779296875,311.95001220703125,2786900
AMGN,2025-02-27,292.58526611328125,305.82000732421875,311.0,303.1000061035156,305.29998779296875,3249100
AMGN,2025-02-28,294.728271484375,308.05999755859375,308.6199951171875,303.5199890136719,308.510009765625,3173000
AMGN,2025-03-03,297.33062744140625,310.7799987792969,312.4800109863281,307.3399963378906,307.3399963378906,2970700
AMGN,2025-03-04,298.6795959472656,312.19000244140625,319.82000732421875,312.1000061035156,316.5299987792969,3820000
AMGN,2025-03-05,302.87005615234375,316.57000732421875,318.94000244140625,310.1400146484375,310.6300048828125,2629000
AMGN,2025-03-06,304.06591796875,317.82000732421875,318.67999267578125,312.5,316.4200134277344,3076500
AMGN,2025-03-07,310.80126953125,324.8599853515625,328.19000244140625,317.7799987792969,318.95001220703125,3944900
AMGN,2025-03-10,313.1930847167969,327.3599853515625,335.8800048828125,322.7699890136719,324.1300048828125,4120700
AMGN,2025-03-11,305.0896301269531,318.8900146484375,329.1000061035156,318.4200134277344,328.79998779296875,3080100
AMGN,2025-03-12,298.9761962890625,312.5,316.0199890136719,308.6400146484375,311.3900146484375,3182200
AMGN,2025-03-13,299.11016845703125,312.6400146484375,316.75,311.989990234375,313.6600036621094,2062700
AMGN,2025-03-14,300.1338195800781,313.7099914550781,314.510009765625,310.29998779296875,312.2300109863281,2396800
AMGN,2025-03-17,303.4440612792969,317.1700134277344,318.6600036621094,311.7900085449219,314.6400146484375,2292900
AMGN,2025-03-18,304.86004638671875,318.6499938964844,319.30999755859375,315.17999267578125,317.55999755859375,2549300
AMGN,2025-03-19,302.0854797363281,315.75,318.9200134277344,313.3999938964844,317.510009765625,1834300
AMGN,2025-03-20,301.40625,315.0400085449219,315.989990234375,312.239990234375,314.17999267578125,2049700
AMGN,2025-03-21,302.36297607421875,316.0400085449219,316.489990234375,311.1600036621094,311.82000732421875,9995000
AMGN,2025-03-24,300.7747497558594,314.3800048828125,317.5799865722656,313.42999267578125,315.0,2439400
AMGN,2025-03-25,293.5802001953125,306.8599853515625,314.2200012207031,303.510009765625,313.9800109863281,2565300
AMGN,2025-03-26,292.48004150390625,305.7099914550781,309.0899963378906,304.3500061035156,306.44000244140625,2375200
AMGN,2025-03-27,292.53741455078125,305.7699890136719,307.57000732421875,304.2900085449219,306.2200012207031,1736900
AMGN,2025-03-28,293.6663818359375,306.95001220703125,308.1700134277344,304.7099914550781,307.44000244140625,1768400
AMGN,2025-03-31,298.0672607421875,311.54998779296875,315.0,305.54998779296875,307.5799865722656,3336200
AMGN,2025-04-01,293.6376647949219,306.9200134277344,312.6199951171875,305.0,310.5799865722656,3042300
AMGN,2025-04-02,292.470458984375,305.70001220703125,306.760009765625,300.1000061035156,305.4100036621094,1912500
AMGN,2025-04-03,296.4408874511719,309.8500061035156,314.8999938964844,306.70001220703125,311.17999267578125,3280300
AMGN,2025-04-04,281.64990234375,294.3900146484375,312.1099853515625,293.7200012207031,312.1099853515625,5253100
AMGN,2025-04-07,277.1533203125,289.69000244140625,296.94000244140625,281.70001220703125,287.69000244140625,4923000
AMGN,2025-04-08,268.13140869140625,280.260009765625,294.010009765625,277.510009765625,289.25,4097200
AMGN,2025-04-09,278.4927062988281,291.0899963378906,291.5,267.3999938964844,268.9100036621094,6055700
AMGN,2025-04-10,269.23162841796875,281.4100036621094,288.5199890136719,269.6700134277344,287.9800109863281,4679100
AMGN,2025-04-11,273.6038513183594,285.9800109863281,287.8999938964844,277.1000061035156,282.5,3467100
AMGN,2025-04-14,281.2002258300781,293.9200134277344,295.17999267578125,285.2099914550781,286.7699890136719,2492700
AMGN,2025-04-15,282.5205078125,295.29998779296875,296.1700134277344,292.1400146484375,294.30999755859375,2593600
AMGN,2025-04-16,270.4084167480469,282.6400146484375,294.75,281.0299987792969,294.739990234375,2656300
AMGN,2025-04-17,265.2899475097656,277.2900085449219,278.67999267578125,268.5,277.0400085449219,4371800
AMGN,2025-04-21,261.8361511230469,273.67999267578125,278.25,270.3599853515625,277.2900085449219,1803600
AMGN,2025-04-22,266.3518981933594,278.3999938964844,278.7300109863281,274.489990234375,275.70001220703125,2081000
AMGN,2025-04-23,265.87353515625,277.8999938964844,283.6000061035156,276.4200134277344,279.9100036621094,2679500
AMGN,2025-04-24,267.72955322265625,279.8399963378906,282.260009765625,274.4200134277344,278.4700012207031,2260500
AMGN,2025-04-25,268.6863098144531,280.8399963378906,282.19000244140625,276.44000244140625,279.4700012207031,1994600
AMGN,2025-04-28,270.83892822265625,283.0899963378906,284.1000061035156,280.0,280.6300048828125,2082400
AMGN,2025-04-29,276.0722351074219,288.55999755859375,289.8999938964844,279.05999755859375,281.1199951171875,2147700
AMGN,2025-04-30,278.3301086425781,290.9200134277344,292.0,286.0899963378906,289.44000244140625,2612300
AMGN,2025-05-01,271.49908447265625,283.7799987792969,287.8800048828125,282.07000732421875,287.0400085449219,2942700
AMGN,2025-05-02,269.0498962402344,281.2200012207031,291.6099853515625,275.20001220703125,291.5,4537000
AMGN,2025-05-05,267.9400634765625,280.05999755859375,281.9700012207031,276.0899963378906,281.57000732421875,2781400
AMGN,2025-05-06,258.7363586425781,270.44000244140625,277.6099853515625,268.80999755859375,277.0899963378906,3253400
AMGN,2025-05-07,263.9026794433594,275.8399963378906,276.67999267578125,270.44000244140625,272.0299987792969,2363400
AMGN,2025-05-08,260.27667236328125,272.04998779296875,274.7799987792969,266.0199890136719,269.45001220703125,3618000
AMGN,2025-05-09,254.35458374023438,265.8599853515625,273.4800109863281,265.6600036621094,270.6600036621094,3328900
AMGN,2025-05-12,262.8694152832031,274.760009765625,276.0899963378906,262.989990234375,266.4700012207031,4216800
AMGN,2025-05-13,258.7459716796875,270.45001220703125,273.9200134277344,268.5299987792969,273.8299865722656,2660700
AMGN,2025-05-14,250.9294891357422,262.2799987792969,270.3399963378906,261.42999267578125,269.8399963378906,3933000
AMGN,2025-05-15,259.9322814941406,271.69000244140625,271.69000244140625,264.1499938964844,265.29998779296875,3995100
AMGN,2025-05-16,262.9243469238281,272.4100036621094,272.5400085449219,267.7300109863281,270.6600036621094,2589300
AMGN,2025-05-19,266.2445373535156,275.8500061035156,276.0,272.0,272.5799865722656,2189400
AMGN,2025-05-20,265.433837890625,275.010009765625,276.8999938964844,274.2799987792969,275.9100036621094,2188300
AMGN,2025-05-21,261.89154052734375,271.3399963378906,275.5899963378906,270.510009765625,274.17999267578125,2559700
AMGN,2025-05-22,262.4320983886719,271.8999938964844,272.44000244140625,269.1000061035156,271.3399963378906,1919800
AMGN,2025-05-23,262.200439453125,271.6600036621094,272.5199890136719,269.1300048828125,269.4800109863281,2532000
AMGN,2025-05-27,269.7191467285156,279.45001220703125,279.6300048828125,273.1199951171875,273.70001220703125,2917100
AMGN,2025-05-28,268.70574951171875,278.3999938964844,281.3399963378906,276.6199951171875,279.0199890136719,3863800
AMGN,2025-05-29,273.6667785644531,283.5400085449219,283.82000732421875,278.3999938964844,279.2200012207031,2801900
AMGN,2025-05-30,278.1451721191406,288.17999267578125,288.80999755859375,281.0400085449219,282.6099853515625,5439200
AMGN,2025-06-02,278.4250793457031,288.4700012207031,289.45001220703125,284.7699890136719,285.6400146484375,2394000
AMGN,2025-06-03,279.48681640625,289.57000732421875,291.760009765625,283.0400085449219,285.5199890136719,2320400
AMGN,2025-06-04,277.0159606933594,287.010009765625,293.2099914550781,286.8900146484375,290.19000244140625,2338300
AMGN,2025-06-05,277.1028137207031,287.1000061035156,291.3599853515625,284.989990234375,286.3299865722656,2522400
AMGN,2025-06-06,280.22027587890625,290.3299865722656,293.57000732421875,289.010009765625,289.79998779296875,1996100
AMGN,2025-06-09,279.88250732421875,289.9800109863281,291.6600036621094,287.5400085449219,290.4700012207031,1967100
AMGN,2025-06-10,283.2123718261719,293.42999267578125,295.6400146484375,289.7900085449219,290.0,2441500
AMGN,2025-06-11,281.6488037109375,291.80999755859375,294.6700134277344,291.1499938964844,293.2099914550781,1828300
AMGN,2025-06-12,286.9379577636719,297.2900085449219,297.44000244140625,292.67999267578125,294.2099914550781,2159700
AMGN,2025-06-13,284.9400939941406,295.2200012207031,299.489990234375,294.07000732421875,294.7300109863281,2191200
AMGN,2025-06-16,285.26824951171875,295.55999755859375,298.7699890136719,292.4599914550781,296.30999755859375,2047600
AMGN,2025-06-17,279.9500427246094,290.04998779296875,295.79998779296875,289.6300048828125,294.4100036621094,2515100
AMGN,2025-06-18,279.544677734375,289.6300048828125,291.8699951171875,286.6000061035156,290.7900085449219,2026800
AMGN,2025-06-20,279.2550964355469,289.3299865722656,294.54998779296875,288.5400085449219,292.1700134277344,6801300
AMGN,2025-06-23,262.9532775878906,272.44000244140625,290.6600036621094,267.8299865722656,290.0799865722656,5764900
AMGN,2025-06-24,267.8274230957031,277.489990234375,280.010009765625,269.010009765625,273.1300048828125,3686900
AMGN,2025-06-25,270.58782958984375,280.3500061035156,280.5400085449219,273.1300048828125,275.79998779296875,2740300
AMGN,2025-06-26,269.3910217285156,279.1099853515625,286.1700134277344,277.75,280.0,2998200
AMGN,2025-06-27,267.47998046875,277.1300048828125,281.32000732421875,275.70001220703125,278.57000732421875,2894500
AMGN,2025-06-30,269.487548828125,279.2099914550781,280.0400085449219,276.5799865722656,278.8500061035156,2963500
AMGN,2025-07-01,280.4036865234375,290.5199890136719,293.9800109863281,278.9800109863281,280.010009765625,3502700
AMGN,2025-07-02,286.5132751464844,296.8500061035156,297.9100036621094,289.5,291.0299987792969,2287000
AMGN,2025-07-03,287.8548889160156,298.239990234375,298.989990234375,295.510009765625,297.0,1518500
AMGN,2025-07-07,282.74908447265625,292.95001220703125,298.0,291.3800048828125,297.8800048828125,2144500
AMGN,2025-07-08,286.6580810546875,297.0,298.67999267578125,291.25,291.9599914550781,1534100
AMGN,2025-07-09,286.19476318359375,296.5199890136719,301.6600036621094,291.7699890136719,298.510009765625,2098000
AMGN,2025-07-10,289.9107360839844,300.3699951171875,302.3800048828125,295.1700134277344,296.19000244140625,1925800
AMGN,2025-07-11,284.98828125,295.2699890136719,299.9100036621094,294.0,298.2300109863281,1619800
AMGN,2025-07-14,286.68701171875,297.0299987792969,297.1400146484375,292.8399963378906,293.8599853515625,1202300
AMGN,2025-07-15,282.324462890625,292.510009765625,297.5299987792969,291.94000244140625,297.19000244140625,1592700
AMGN,2025-07-16,288.60772705078125,299.0199890136719,299.3399963378906,292.3299865722656,292.510009765625,1881000
AMGN,2025-07-17,287.86456298828125,298.25,299.95001220703125,296.2799987792969,297.5899963378906,1725600
AMGN,2025-07-18,284.49609375,294.760009765625,301.0,293.75,300.92999267578125,1967700
AMGN,2025-07-21,285.5674133300781,295.8699951171875,297.0899963378906,293.6000061035156,294.75,2025100
AMGN,2025-07-22,295.04547119140625,305.69000244140625,306.79998779296875,295.8599853515625,296.4599914550781,2520800
AMGN,2025-07-23,298.4525451660156,309.2200012207031,309.489990234375,305.989990234375,307.80999755859375,1782700
AMGN,2025-07-24,297.80584716796875,308.54998779296875,311.2799987792969,307.3500061035156,309.2300109863281,1531200
AMGN,2025-07-25,295.9044494628906,306.5799865722656,309.0299987792969,304.45001220703125,308.5799865722656,1451300
AMGN,2025-07-28,290.7987060546875,301.2900085449219,306.0,300.1000061035156,305.82000732421875,1948000
AMGN,2025-07-29,292.9895935058594,303.55999755859375,304.07000732421875,297.7799987792969,301.1199951171875,1406500
AMGN,2025-07-30,290.87591552734375,301.3699951171875,305.57000732421875,299.6600036621094,304.3299865722656,1550400
AMGN,2025-07-31,284.82421875,295.1000061035156,302.9599914550781,293.6300048828125,298.44000244140625,2252700
AMGN,2025-08-01,286.542236328125,296.8800048828125,298.5199890136719,292.5899963378906,297.05999755859375,2410900
AMGN,2025-08-04,291.4260559082031,301.94000244140625,302.3299865722656,296.29998779296875,297.29998779296875,2316200
AMGN,2025-08-05,289.63079833984375,300.0799865722656,302.1000061035156,297.0199890136719,300.7300109863281,2664100
AMGN,2025-08-06,274.7574462890625,284.6700134277344,298.5400085449219,281.6499938964844,295.510009765625,4576000
AMGN,2025-08-07,274.786376953125,284.70001220703125,289.25,281.69000244140625,287.3500061035156,2588800
AMGN,2025-08-08,278.1934814453125,288.2300109863281,288.489990234375,283.489990234375,283.489990234375,1803300
AMGN,2025-08-11,275.16278076171875,285.0899963378906,291.739990234375,284.7200012207031,289.739990234375,1856800
AMGN,2025-08-12,275.0566101074219,284.9800109863281,286.260009765625,282.6000061035156,285.4800109863281,2200300
AMGN,2025-08-13,279.2550964355469,289.3299865722656,289.5799865722656,284.69000244140625,285.32000732421875,1784900
AMGN,2025-08-14,280.1817321777344,290.2900085449219,291.5400085449219,287.4100036621094,288.8800048828125,1932300
AMGN,2025-08-15,286.14654541015625,296.4700012207031,296.989990234375,290.5799865722656,292.0299987792969,2168300
AMGN,2025-08-18,282.4305725097656,292.6199951171875,298.1400146484375,292.29998779296875,296.92999267578125,1743800
AMGN,2025-08-19,285.258544921875,295.54998779296875,296.989990234375,292.1099853515625,292.4100036621094,1858500
AMGN,2025-08-20,286.127197265625,296.45001220703125,301.4700012207031,295.79998779296875,296.25,1723700
AMGN,2025-08-21,285.4612731933594,295.760009765625,299.8999938964844,294.489990234375,295.8999938964844,1843700
AMGN,2025-08-22,285.7920837402344,293.7200012207031,297.8900146484375,293.3500061035156,295.489990234375,1644000
AMGN,2025-08-25,280.68377685546875,288.4700012207031,294.6000061035156,287.55999755859375,292.6099853515625,1734300
AMGN,2025-08-26,281.7637634277344,289.5799865722656,289.8900146484375,286.5299987792969,287.7699890136719,1750400
AMGN,2025-08-27,280.197265625,287.9700012207031,290.25,286.6499938964844,288.8399963378906,1400800
AMGN,2025-08-28,277.9009704589844,285.6099853515625,287.2300109863281,284.8699951171875,287.2300109863281,1886700
AMGN,2025-08-29,279.9442443847656,287.7099914550781,288.29998779296875,285.1600036621094,285.79998779296875,1302700
AMGN,2025-09-02,279.1756286621094,286.9200134277344,288.739990234375,284.7099914550781,287.489990234375,1948200
AMGN,2025-09-03,276.1884765625,283.8500061035156,286.92999267578125,280.3800048828125,284.0799865722656,2604100
AMGN,2025-09-04,272.5396728515625,280.1000061035156,284.760009765625,278.75,284.760009765625,2622000
AMGN,2025-09-05,275.9841613769531,283.6400146484375,285.2900085449219,279.0,279.79998779296875,2299400
AMGN,2025-09-08,272.6272888183594,280.19000244140625,282.42999267578125,277.32000732421875,281.04998779296875,2452900
AMGN,2025-09-09,272.4132080078125,279.9700012207031,282.0799865722656,278.7799987792969,279.5,1733000
AMGN,2025-09-10,270.99261474609375,278.510009765625,280.30999755859375,275.1600036621094,280.0,2150700
AMGN,2025-09-11,275.09869384765625,282.7300109863281,282.8999938964844,278.0,278.5199890136719,2233100
AMGN,2025-09-12,268.9298400878906,276.3900146484375,282.94000244140625,276.07000732421875,281.0400085449219,2143700
AMGN,2025-09-15,266.9934997558594,274.3999938964844,277.239990234375,271.6099853515625,276.07000732421875,2563100
AMGN,2025-09-16,265.7091369628906,273.0799865722656,277.5899963378906,271.7300109863281,275.8900146484375,2157400
AMGN,2025-09-17,267.295166015625,274.7099914550781,277.79998779296875,273.0,274.1400146484375,1748800
AMGN,2025-09-18,268.3849182128906,275.8299865722656,276.5,273.9700012207031,274.70001220703125,3322500
AMGN,2025-09-19,277.70635986328125,285.4100036621094,286.1499938964844,277.3699951171875,278.6400146484375,8735100
AMGN,2025-09-22,278.2804260253906,286.0,287.20001220703125,281.7099914550781,284.1300048828125,3050500
AMGN,2025-09-23,279.0685729980469,286.80999755859375,287.260009765625,283.9599914550781,283.9599914550781,2342000
AMGN,2025-09-24,271.6834411621094,279.2200012207031,286.70001220703125,278.0,285.4700012207031,2374200
AMGN,2025-09-25,263.86041259765625,271.17999267578125,281.04998779296875,270.6400146484375,279.0,2802700
AMGN,2025-09-26,265.61187744140625,272.9800109863281,275.5,269.7699890136719,274.3399963378906,1812200
AMGN,2025-09-29,266.57513427734375,273.9700012207031,274.5199890136719,270.6700134277344,273.1000061035156,1769100
AMGN,2025-09-30,274.5830078125,282.20001220703125,284.82000732421875,274.0199890136719,274.1400146484375,3508700
AMGN,2025-10-01,290.44305419921875,298.5,301.6600036621094,283.0,284.45001220703125,4835400
AMGN,2025-10-02,289.37274169921875,297.3999938964844,300.5,295.4599914550781,298.30999755859375,2123200
AMGN,2025-10-03,289.84954833984375,297.8900146484375,301.5400085449219,295.6300048828125,297.7200012207031,2518500
AMGN,2025-10-06,286.1812744140625,294.1199951171875,297.6199951171875,293.0299987792969,297.6199951171875,1957300
AMGN,2025-10-07,287.56292724609375,295.5400085449219,295.8500061035156,290.2099914550781,293.2699890136719,1504300
AMGN,2025-10-08,286.66778564453125,294.6199951171875,297.6300048828125,292.2900085449219,295.7900085449219,2940600
AMGN,2025-10-09,287.4559020996094,295.42999267578125,296.6300048828125,293.70001220703125,294.1300048828125,1369000
AMGN,2025-10-10,282.2989501953125,290.1300048828125,297.0899963378906,289.5799865722656,296.1600036621094,2660500
AMGN,2025-10-13,284.5076904296875,292.3999938964844,296.1300048828125,289.44000244140625,291.75,1838400
AMGN,2025-10-14,285.9185485839844,293.8500061035156,296.8699951171875,290.9700012207031,291.75,1975900
AMGN,2025-10-15,289.2948913574219,297.32000732421875,298.2099914550781,292.42999267578125,292.82000732421875,2502100
AMGN,2025-10-16,287.8256530761719,295.80999755859375,302.2699890136719,294.44000244140625,298.07000732421875,1715000
AMGN,2025-10-17,290.74468994140625,298.80999755859375,299.3699951171875,293.1400146484375,295.239990234375,1959400
AMGN,2025-10-20,295.1426696777344,303.3299865722656,303.6600036621094,297.75,299.4800109863281,1613400
AMGN,2025-10-21,293.0118103027344,301.1400146484375,303.8500061035156,298.0299987792969,302.6000061035156,1533400
AMGN,2025-10-22,287.99102783203125,295.9800109863281,302.82000732421875,295.6000061035156,301.2900085449219,1698500
AMGN,2025-10-23,284.9844665527344,292.8900146484375,296.4599914550781,291.9100036621094,296.010009765625,1496800
AMGN,2025-10-24,283.8849792480469,291.760009765625,293.94000244140625,290.6600036621094,292.8900146484375,1376300
AMGN,2025-10-27,283.3011779785156,291.1600036621094,292.0,288.260009765625,291.2099914550781,1794300
AMGN,2025-10-28,284.2060241699219,292.0899963378906,292.6300048828125,288.260009765625,288.92999267578125,2217200
AMGN,2025-10-29,283.8946838378906,291.7699890136719,294.80999755859375,289.44000244140625,291.760009765625,2824300
AMGN,2025-10-30,284.1184997558594,292.0,294.55999755859375,289.0,290.5799865722656,2058200
AMGN,2025-10-31,290.37493896484375,298.42999267578125,298.8800048828125,288.0,288.4599914550781,2687100
AMGN,2025-11-03,288.30242919921875,296.29998779296875,301.0,292.1199951171875,298.42999267578125,2753300
AMGN,2025-11-04,288.6916198730469,296.70001220703125,299.05999755859375,294.4800109863281,298.7099914550781,3412500
AMGN,2025-11-05,311.22650146484375,319.8599853515625,322.9800109863281,302.1300048828125,303.1300048828125,5486200
AMGN,2025-11-06,307.07177734375,315.5899963378906,321.30999755859375,312.5199890136719,319.1000061035156,3330300
AMGN,2025-11-07,311.557373046875,320.20001220703125,321.4200134277344,314.0,316.0799865722656,2665200
AMGN,2025-11-10,314.9239501953125,323.6600036621094,326.17999267578125,319.5400085449219,320.6000061035156,2518600
AMGN,2025-11-11,329.31475830078125,338.45001220703125,338.54998779296875,323.4200134277344,323.4200134277344,3136500
AMGN,2025-11-12,327.2032775878906,336.2799987792969,342.3999938964844,335.82000732421875,338.6400146484375,2941000
AMGN,2025-11-13,326.93084716796875,336.0,345.8399963378906,335.1199951171875,337.8999938964844,3413500
AMGN,2025-11-14,327.6509094238281,336.739990234375,339.79998779296875,330.3500061035156,336.739990234375,3310300
AMGN,2025-11-17,332.48675537109375,341.7099914550781,344.05999755859375,336.8299865722656,337.6400146484375,2996600
AMGN,2025-11-18,334.7051696777344,343.989990234375,345.489990234375,339.29998779296875,343.7300109863281,2966600
AMGN,2025-11-19,333.1580810546875,342.3999938964844,345.2900085449219,340.0199890136719,343.4700012207031,2129800
AMGN,2025-11-20,326.9989929199219,336.07000732421875,345.0899963378906,335.0,344.5199890136719,3183700
AMGN,2025-11-21,330.7717590332031,337.5400085449219,342.8399963378906,334.739990234375,334.8699951171875,4128600
AMGN,2025-11-24,327.59674072265625,334.29998779296875,338.6600036621094,331.7099914550781,335.8399963378906,3551600
AMGN,2025-11-25,334.2701721191406,341.1099853515625,341.7300109863281,335.4100036621094,335.4100036621094,2868600
AMGN,2025-11-26,337.66082763671875,344.57000732421875,345.0299987792969,340.0,341.5299987792969,2333100
AMGN,2025-11-28,338.532958984375,345.4599914550781,345.6600036621094,342.260009765625,344.0,1268800
AMGN,2025-12-01,330.7227783203125,337.489990234375,343.9800109863281,336.25,343.07000732421875,2383800
AMGN,2025-12-02,331.5752868652344,338.3599853515625,342.5,336.3299865722656,338.8599853515625,2446500
AMGN,2025-12-03,338.4937438964844,345.4200134277344,346.3800048828125,338.8500061035156,340.5400085449219,2839100
AMGN,2025-12-04,333.3392333984375,340.1600036621094,346.3299865722656,338.94000244140625,344.2300109863281,3695700
AMGN,2025-12-05,323.2751770019531,329.8900146484375,340.8800048828125,328.6300048828125,340.3599853515625,2897700
AMGN,2025-12-08,314.788818359375,321.2300109863281,329.6700134277344,320.1700134277344,329.0899963378906,3510700
AMGN,2025-12-09,307.5567932128906,313.8500061035156,323.0,313.17999267578125,321.82000732421875,2924900
AMGN,2025-12-10,309.0561218261719,315.3800048828125,317.4700012207031,313.0,316.25,3071500
AMGN,2025-12-11,311.0159912109375,317.3800048828125,320.19000244140625,312.3900146484375,317.8900146484375,2454800
AMGN,2025-12-12,311.3688049316406,317.739990234375,319.4599914550781,315.19000244140625,317.29998779296875,2247200
AMGN,2025-12-15,318.7869873046875,325.30999755859375,325.7699890136719,319.05999755859375,321.2099914550781,4049500
AMGN,2025-12-16,320.1883544921875,326.739990234375,327.3399963378906,323.0199890136719,324.82000732421875,2642500
AMGN,2025-12-17,319.4729919433594,326.010009765625,330.0400085449219,325.42999267578125,327.5199890136719,2517300
AMGN,2025-12-18,317.91485595703125,324.4200134277344,328.239990234375,321.9100036621094,326.2699890136719,2669000
AMGN,2025-12-19,320.81549072265625,327.3800048828125,331.5,324.7300109863281,325.55999755859375,13465700
AMGN,2025-12-22,324.7450866699219,331.3900146484375,331.8800048828125,326.0799865722656,327.010009765625,2400400
AMGN,2025-12-23,324.84307861328125,331.489990234375,333.6700134277344,328.07000732421875,328.0899963378906,1552800
AMGN,2025-12-24,327.2635803222656,333.9599914550781,334.3800048828125,330.7200012207031,330.7200012207031,833700
AMGN,2025-12-26,326.25421142578125,332.92999267578125,333.9800109863281,330.8500061035156,333.6499938964844,792600
AMGN,2025-12-29,323.0203857421875,329.6300048828125,333.5,329.4700012207031,332.4599914550781,2181000
AMGN,2025-12-30,322.0992431640625,328.69000244140625,329.7699890136719,325.8299865722656,328.6499938964844,1255900
AMGN,2025-12-31,320.7469177246094,327.30999755859375,329.5,327.05999755859375,328.69000244140625,1417300
AMGN,2026-01-02,321.0703125,327.6400146484375,329.19000244140625,325.010009765625,328.7699890136719,1539700
AMGN,2026-01-05,314.2890319824219,320.7200012207031,326.5199890136719,318.2099914550781,324.9200134277344,2268700
AMGN,2026-01-06,323.549560546875,330.1700134277344,330.94000244140625,318.8299865722656,319.489990234375,2722500
AMGN,2026-01-07,334.7895812988281,341.6400146484375,343.04998779296875,332.1000061035156,332.1000061035156,3599200
AMGN,2026-01-08,323.4907531738281,330.1099853515625,341.4599914550781,328.2099914550781,337.760009765625,2799300
AMGN,2026-01-09,319.5611877441406,326.1000061035156,332.0799865722656,323.8900146484375,328.80999755859375,2118400
AMGN,2026-01-12,319.01239013671875,325.5400085449219,328.4700012207031,322.739990234375,328.4700012207031,2460600
AMGN,2026-01-13,317.7972717285156,324.29998779296875,327.75,319.7900085449219,327.4200134277344,2382200
AMGN,2026-01-14,322.3736267089844,328.9700012207031,329.20001220703125,323.54998779296875,324.0899963378906,1897400
AMGN,2026-01-15,323.412353515625,330.0299987792969,332.5,325.19000244140625,328.9700012207031,2591900
AMGN,2026-01-16,323.78472900390625,330.4100036621094,333.0299987792969,326.8999938964844,328.70001220703125,4033700
AMGN,2026-01-20,324.3629150390625,331.0,331.3399963378906,321.7099914550781,325.5799865722656,2947500
AMGN,2026-01-21,336.71026611328125,343.6000061035156,343.9800109863281,329.32000732421875,329.95001220703125,4148600
AMGN,2026-01-22,340.1106872558594,347.07000732421875,349.9800109863281,342.1400146484375,344.1499938964844,3025100
AMGN,2026-01-23,337.83721923828125,344.75,349.2300109863281,341.82000732421875,346.17999267578125,2024900
AMGN,2026-01-26,342.67816162109375,349.69000244140625,350.42999267578125,343.6199951171875,344.70001220703125,3116100
AMGN,2026-01-27,344.27545166015625,351.32000732421875,353.25,346.92999267578125,348.57000732421875,3269600
AMGN,2026-01-28,335.3579406738281,342.2200012207031,351.95001220703125,340.0,349.0,2347800
AMGN,2026-01-29,336.0635070800781,342.94000244140625,347.2699890136719,338.75,341.6600036621094,3153100
AMGN,2026-01-30,335.0247802734375,341.8800048828125,345.5,338.07000732421875,340.80999755859375,2522400
AMGN,2026-02-02,337.7685852050781,344.67999267578125,345.9800109863281,339.4100036621094,339.4700012207031,1899900
AMGN,2026-02-03,331.80072021484375,338.5899963378906,349.5,338.5899963378906,341.239990234375,4040000
AMGN,2026-02-04,358.85711669921875,366.20001220703125,368.75,342.3800048828125,352.0299987792969,5899600
AMGN,2026-02-05,360.4250183105469,367.79998779296875,374.8999938964844,365.0,365.7300109863281,4007300
AMGN,2026-02-06,376.61376953125,384.32000732421875,385.1199951171875,368.8999938964844,369.989990234375,3840300
AMGN,2026-02-09,368.28424072265625,375.82000732421875,384.6199951171875,372.3399963378906,380.70001220703125,2843700
AMGN,2026-02-10,357.3381652832031,364.6499938964844,377.3599853515625,363.6499938964844,377.0400085449219,3526400
AMGN,2026-02-11,359.2294616699219,366.5799865722656,368.510009765625,361.0,365.1400146484375,2826000
AMGN,2026-02-12,358.85711669921875,366.20001220703125,370.8800048828125,365.05999755859375,366.6600036621094,2374500
AMGN,2026-02-13,364.2940368652344,369.19000244140625,370.4200134277344,361.7099914550781,362.6600036621094,2414200
AMGN,2026-02-17,368.4087219238281,373.3599853515625,374.7699890136719,369.0,370.8800048828125,2255400
AMGN,2026-02-18,374.6942443847656,379.7300109863281,380.5799865722656,370.44000244140625,373.5,2731900
AMGN,2026-02-19,370.52032470703125,375.5,379.92999267578125,374.1300048828125,377.9100036621094,2427000
AMGN,2026-02-20,369.7802734375,374.75,377.0,371.3900146484375,372.010009765625,2911700
AMGN,2026-02-23,374.3883972167969,379.4200134277344,381.7799987792969,374.739990234375,375.260009765625,2951400
AMGN,2026-02-24,377.7926025390625,382.8699951171875,383.20001220703125,378.82000732421875,380.0199890136719,2454700
AMGN,2026-02-25,379.2332458496094,384.3299865722656,387.489990234375,380.5400085449219,381.5,2459500
AMGN,2026-02-26,374.299560546875,379.3299865722656,385.1400146484375,374.25,385.1400146484375,2589400
AMGN,2026-02-27,383.012451171875,388.1600036621094,390.1400146484375,378.75,379.2900085449219,3441000
AMGN,2026-03-02,380.5850830078125,385.70001220703125,391.2900085449219,381.8900146484375,388.0,2837900
AMGN,2026-03-03,372.0004577636719,377.0,381.739990234375,372.7099914550781,377.9700012207031,2710400
AMGN,2026-03-04,374.2403259277344,379.2699890136719,380.0899963378906,370.82000732421875,380.0,2028300
AMGN,2026-03-05,362.72509765625,367.6000061035156,377.0899963378906,361.3999938964844,375.17999267578125,2868400
AMGN,2026-03-06,364.6294860839844,369.5299987792969,369.760009765625,361.7099914550781,364.20001220703125,2443000
AMGN,2026-03-09,371.9708557128906,376.9700012207031,378.82000732421875,366.5299987792969,368.2699890136719,2719900
AMGN,2026-03-10,370.4512634277344,375.42999267578125,379.260009765625,372.739990234375,376.1700134277344,2284500
AMGN,2026-03-11,372.6319885253906,377.6400146484375,380.1400146484375,373.0,375.04998779296875,2299200
AMGN,2026-03-12,362.91259765625,367.7900085449219,375.0,367.760009765625,373.510009765625,1990500
AMGN,2026-03-13,361.3535461425781,366.2099914550781,372.9800109863281,365.92999267578125,370.67999267578125,1500300
AMGN,2026-03-16,361.39300537109375,366.25,370.8900146484375,364.7200012207031,369.3800048828125,2099100
AMGN,2026-03-17,356.3409118652344,361.1300048828125,368.7799987792969,359.79998779296875,368.239990234375,2334300
AMGN,2026-03-18,346.8188781738281,351.4800109863281,360.69000244140625,350.80999755859375,359.82000732421875,2895100
AMGN,2026-03-19,345.27960205078125,349.9200134277344,356.32000732421875,347.8500061035156,353.29998779296875,2168700
AMGN,2026-03-20,343.1876525878906,347.79998779296875,351.25,344.95001220703125,348.010009765625,9168800
AMGN,2026-03-23,345.13153076171875,349.7699890136719,353.4200134277344,348.6099853515625,351.79998779296875,2368700
AMGN,2026-03-24,343.8092956542969,348.42999267578125,352.5799865722656,345.79998779296875,346.55999755859375,2336700
AMGN,2026-03-25,349.23638916015625,353.92999267578125,358.0,350.760009765625,350.760009765625,1831900
AMGN,2026-03-26,348.47662353515625,353.1600036621094,354.80999755859375,348.5199890136719,350.3299865722656,2044800
AMGN,2026-03-27,344.1448059082031,348.7699890136719,355.6600036621094,347.79998779296875,355.6600036621094,2274800
AMGN,2026-03-30,344.37176513671875,349.0,351.8299865722656,348.1300048828125,351.8299865722656,2589900
AMGN,2026-03-31,347.1839904785156,351.8500061035156,355.489990234375,347.1099853515625,350.7300109863281,3747100
AMGN,2026-04-01,348.5950012207031,353.2799987792969,357.0,351.6600036621094,354.8999938964844,2726600
AMGN,2026-04-02,343.3258361816406,347.94000244140625,354.1600036621094,345.8699951171875,352.7200012207031,1604300
AMGN,2026-04-06,338.0270690917969,342.57000732421875,348.1700134277344,340.6400146484375,345.45001220703125,2143700
AMGN,2026-04-07,335.4911193847656,340.0,341.8699951171875,335.05999755859375,340.989990234375,3162200
AMGN,2026-04-08,345.1710510253906,349.80999755859375,351.3299865722656,342.3500061035156,345.6099853515625,2666400
AMGN,2026-04-09,350.88427734375,355.6000061035156,359.45001220703125,346.4200134277344,347.4599914550781,2940700
AMGN,2026-04-10,346.3649597167969,351.0199890136719,357.4599914550781,349.75,357.4599914550781,2258100
AMGN,2026-04-13,345.180908203125,349.82000732421875,352.6199951171875,345.489990234375,352.0899963378906,2547700
AMGN,2026-04-14,346.2959289550781,350.95001220703125,351.7200012207031,345.4100036621094,346.17999267578125,2106800
AMGN,2026-04-15,343.60211181640625,348.2200012207031,352.6000061035156,344.2099914550781,351.70001220703125,2140000
AMGN,2026-04-16,344.7566223144531,349.3900146484375,351.25,346.6000061035156,346.6300048828125,1981600
AMGN,2026-04-17,350.58819580078125,355.29998779296875,356.69000244140625,349.4200134277344,351.8999938964844,3685900
AMGN,2026-04-20,345.51641845703125,350.1600036621094,356.8999938964844,350.0199890136719,354.25,2107600
AMGN,2026-04-21,340.2866516113281,344.8599853515625,350.2300109863281,340.05999755859375,350.2300109863281,2066600
AMGN,2026-04-22,341.3326416015625,345.9200134277344,347.67999267578125,342.9700012207031,344.0899963378906,2136100
AMGN,2026-04-23,343.996826171875,348.6199951171875,350.69000244140625,345.5,345.5199890136719,2033400
AMGN,2026-04-24,339.98077392578125,344.54998779296875,347.6600036621094,342.5199890136719,346.0,2201200
AMGN,2026-04-27,335.6687316894531,340.17999267578125,348.0400085449219,339.9800109863281,342.3500061035156,2653800
AMGN,2026-04-28,335.06683349609375,339.57000732421875,346.0199890136719,337.82000732421875,344.5,2376400
AMGN,2026-04-29,333.537353515625,338.0199890136719,339.1199951171875,333.54998779296875,335.010009765625,2516500
AMGN,2026-04-30,341.6582336425781,346.25,349.5400085449219,340.04998779296875,340.75,3592600
AMGN,2026-05-01,325.4461364746094,329.82000732421875,337.0,324.6300048828125,332.5199890136719,3821100
AMGN,2026-05-04,319.5552978515625,323.8500061035156,326.7900085449219,321.9200134277344,326.0299987792969,3481000
AMGN,2026-05-05,325.2191467285156,329.5899963378906,329.6600036621094,320.5199890136719,321.9100036621094,3321400
AMGN,2026-05-06,326.718994140625,331.1099853515625,332.9800109863281,329.04998779296875,329.1300048828125,2874400
AMGN,2026-05-07,324.7257995605469,329.0899963378906,331.2799987792969,327.2200012207031,330.3900146484375,3296900
AMGN,2026-05-08,327.30120849609375,331.70001220703125,332.3299865722656,328.0,329.4800109863281,2443200
AMGN,2026-05-11,325.2191467285156,329.5899963378906,334.19000244140625,327.6199951171875,332.989990234375,1918800
AMGN,2026-05-12,331.830322265625,336.2900085449219,338.489990234375,329.79998779296875,331.95001220703125,3119100
AMGN,2026-05-13,331.98822021484375,336.45001220703125,338.0,330.05999755859375,332.32000732421875,2183800
AMGN,2026-05-14,331.7711486816406,336.2300109863281,337.94000244140625,333.4700012207031,336.260009765625,2041600
AMGN,2026-05-15,324.41412353515625,326.30999755859375,336.2300109863281,325.1600036621094,336.2300109863281,3447700
AMGN,2026-05-18,322.5052795410156,324.3900146484375,325.7699890136719,321.2099914550781,325.54998779296875,2030100
AMGN,2026-05-19,328.82830810546875,330.75,332.3399963378906,320.9700012207031,323.25,3040400
AMGN,2026-05-20,329.6435546875,331.57000732421875,333.5299987792969,326.79998779296875,330.75,4074400
AMGN,2026-05-21,335.4595642089844,337.4200134277344,337.6300048828125,329.0899963378906,330.0,2001000
AMGN,2026-05-22,337.32861328125,339.29998779296875,343.79998779296875,338.3999938964844,340.260009765625,1566200
AMGN,2026-05-26,333.9881591796875,335.94000244140625,342.489990234375,335.20001220703125,340.55999755859375,1860200
AMGN,2026-05-27,334.1074523925781,336.05999755859375,341.3900146484375,335.989990234375,339.5199890136719,1929500
AMGN,2026-05-28,334.5250244140625,336.4800109863281,337.95001220703125,334.1600036621094,336.44000244140625,2159000
AMGN,2026-05-29,334.8332214355469,336.7900085449219,337.510009765625,333.05999755859375,336.2200012207031,2953800
AMGN,2026-06-01,327.2177429199219,329.1300048828125,333.8299865722656,326.3500061035156,333.3800048828125,2120500
AMGN,2026-06-02,326.352783203125,328.260009765625,329.4599914550781,322.29998779296875,326.1700134277344,1558800
AMGN,2026-06-03,336.2549133300781,338.2200012207031,338.70001220703125,325.9800109863281,327.9800109863281,2289300
AMGN,2026-06-04,343.592041015625,345.6000061035156,349.17999267578125,342.25,345.8699951171875,2907100
AMGN,2026-06-05,347.54888916015625,349.5799865722656,356.5,347.6600036621094,348.760009765625,3450800
AMGN,2026-06-08,343.7212829589844,345.7300109863281,352.1700134277344,344.239990234375,349.3399963378906,2488200
AMGN,2026-06-09,342.5680236816406,344.57000732421875,349.6400146484375,342.6199951171875,348.239990234375,3388200
AMGN,2026-06-10,335.76776123046875,337.7300109863281,348.5899963378906,337.489990234375,346.8599853515625,3000400
AMGN,2026-06-11,352.00286865234375,354.05999755859375,358.4599914550781,341.4599914550781,342.9100036621094,4727100
AMGN,2026-06-12,353.1362609863281,355.20001220703125,358.1700134277344,351.9599914550781,357.3999938964844,2730100
AMGN,2026-06-15,348.4933776855469,350.5299987792969,358.29998779296875,349.55999755859375,355.5,4371400
AMGN,2026-06-16,345.81903076171875,347.8399963378906,353.6600036621094,345.8699951171875,352.0,3516400
AMGN,2026-06-17,339.6749267578125,341.6600036621094,349.3999938964844,338.8999938964844,347.0799865722656,3470300
AMGN,2026-06-18,335.6385192871094,337.6000061035156,345.0,334.04998779296875,344.3800048828125,8151100
AMGN,2026-06-22,342.7171630859375,344.7200012207031,345.1099853515625,337.6000061035156,337.6499938964844,2521000
AMGN,2026-06-23,344.9938659667969,347.010009765625,349.3999938964844,345.489990234375,348.30999755859375,2304600
AMGN,2026-06-24,349.3881530761719,351.42999267578125,354.4200134277344,346.0,348.0,2391900
AMGN,2026-06-25,350.77008056640625,352.82000732421875,359.1000061035156,350.05999755859375,350.05999755859375,2340900
AMGN,2026-06-26,356.248046875,358.3299865722656,362.2699890136719,354.1600036621094,354.69000244140625,3610300
AMGN,2026-06-29,358.4551696777344,360.54998779296875,363.1099853515625,358.4599914550781,361.95001220703125,2461900
AMGN,2026-06-30,360.01605224609375,362.1199951171875,362.7799987792969,356.8699951171875,362.1499938964844,2246900
AMGN,2026-07-01,359.2306213378906,361.3299865722656,364.0,357.8900146484375,362.6300048828125,2244800
AMGN,2026-07-02,371.9761657714844,374.1499938964844,375.1499938964844,363.3900146484375,364.739990234375,2487600
AMGN,2026-07-06,364.3109436035156,366.44000244140625,373.9800109863281,359.4700012207031,371.70001220703125,2838000
AMGN,2026-07-07,365.9613037109375,368.1000061035156,375.25,366.3599853515625,374.2799987792969,1983700
AMGN,2026-07-08,365.8519287109375,367.989990234375,371.4200134277344,363.0,366.19000244140625,1758800
AMGN,2026-07-09,361.50732421875,363.6199951171875,368.75,361.0299987792969,367.82000732421875,1728200
AMGN,2026-07-10,361.2786865234375,363.3900146484375,364.8999938964844,361.1400146484375,363.0799865722656,1632600
AMGN,2026-07-13,358.35577392578125,360.45001220703125,363.2900085449219,355.7300109863281,363.0400085449219,2064700
AMGN,2026-07-14,353.18597412109375,355.25,358.8599853515625,354.7099914550781,358.17999267578125,1862900
AMGN,2026-07-15,356.2381286621094,358.32000732421875,359.8999938964844,353.95001220703125,354.6600036621094,1837800
AMGN,2026-07-16,369.42108154296875,371.5799865722656,372.1400146484375,357.739990234375,358.25,2355700
AMGN,2026-07-17,364.1618347167969,366.2900085449219,378.5400085449219,361.7200012207031,373.9700012207031,2861300
AMGN,2026-07-20,362.0541687011719,364.1700134277344,370.2900085449219,363.6499938964844,367.95001220703125,1922000
AMGN,2026-07-21,364.1120910644531,366.239990234375,368.9100036621094,362.1400146484375,365.0899963378906,2881800
AMGN,2026-07-22,363.9232177734375,366.04998779296875,371.0,364.8599853515625,369.2300109863281,1548500
AMGN,2026-07-23,369.341552734375,371.5,371.8399963378906,359.2099914550781,359.9800109863281,2931900
AMGN,2026-07-24,373.8551940917969,376.0400085449219,379.4100036621094,372.1600036621094,372.7300109863281,2493800
AMGN,2026-07-27,374.07391357421875,376.260009765625,382.2799987792969,374.3999938964844,378.54998779296875,2902200
AMGN,2026-07-28,390.8160705566406,393.1000061035156,398.0,382.2099914550781,383.25,3413000
AMGN,2026-07-29,385.3877868652344,387.6400146484375,397.8800048828125,386.5799865722656,395.0299987792969,3003700
AMGN,2026-07-30,385.3877868652344,387.6400146484375,388.4100036621094,378.2200012207031,379.75,3004900
AMGN,2026-07-31,382.92218017578125,385.1600036621094,386.82000732421875,379.3399963378906,382.0,1954600
AMGN,2026-08-03,376.6687316894531,378.8699951171875,391.0299987792969,375.9599914550781,388.5,3443100
AMGN,2026-08-04,387.7539367675781,390.0199890136719,390.9200134277344,376.0199890136719,380.760009765625,3622700
AMGN,2026-08-05,405.46044921875,407.8299865722656,416.239990234375,391.0,393.3599853515625,5750700
AMGN,2026-08-06,402.497802734375,404.8500061035156,418.3999938964844,401.20001220703125,413.7200012207031,2609000
AMGN,2026-08-07,408.5623474121094,410.95001220703125,411.6000061035156,401.07000732421875,404.0899963378906,1821500
AMGN,2026-08-10,414.7760314941406,417.20001220703125,417.3599853515625,406.4200134277344,408.4599914550781,1959700
AMGN,2026-08-11,411.89288330078125,414.29998779296875,421.7900085449219,412.20001220703125,415.5199890136719,2029700
AMGN,2026-08-12,413.761962890625,416.17999267578125,418.19000244140625,409.0,413.30999755859375,2065500
AMGN,2026-08-13,415.4123229980469,417.8399963378906,420.260009765625,415.7799987792969,419.9200134277344,2777900
AMGN,2026-08-14,412.7975769042969,415.2099914550781,416.0299987792969,410.5,413.760009765625,2036800
AMGN,2026-08-17,416.943359375,419.3800048828125,419.6000061035156,410.3999938964844,412.9800109863281,2880500
AMGN,2026-08-18,422.80908203125,425.2799987792969,427.3900146484375,420.7200012207031,421.6400146484375,2591400
AMGN,2026-08-19,439.7898254394531,442.3599853515625,443.20001220703125,429.3800048828125,430.239990234375,2544000
AMGN,2026-08-20,431.2099914550781,433.7300109863281,441.3399963378906,431.07000732421875,435.7799987792969,2914300
AMGN,2026-08-21,439.3299865722656,439.3299865722656,440.510009765625,429.3800048828125,431.7200012207031,2114300
AMGN,2026-08-24,443.8399963378906,443.8399963378906,445.8699951171875,435.510009765625,440.30999755859375,2463300
AMGN,2026-08-25,442.239990234375,442.239990234375,447.0299987792969,441.260009765625,443.260009765625,2100900
AMGN,2026-08-26,440.3399963378906,440.3399963378906,442.8900146484375,438.239990234375,441.0,2289000
AMGN,2026-08-27,436.989990234375,436.989990234375,442.1300048828125,431.010009765625,433.0799865722656,1761500
AMGN,2026-08-31,429.8800048828125,429.8800048828125,431.8500061035156,426.0,428.5899963378906,2339500
AMGN,2026-09-01,438.1199951171875,438.1199951171875,438.6499938964844,431.0,435.29998779296875,2358200
