ticker,date,adj_close,close,high,low,open,volume
C,2010-01-04,24.852754592895508,34.0,34.099998474121094,33.400001525878906,33.599998474121094,40679350
C,2010-01-05,25.803014755249023,35.29999923706055,35.5,34.099998474121094,34.20000076293945,66861710
C,2010-01-06,26.607070922851562,36.400001525878906,36.79999923706055,35.099998474121094,35.599998474121094,67433890
C,2010-01-07,26.680171966552734,36.5,37.0,36.099998474121094,36.900001525878906,67245190
C,2010-01-08,26.24159812927246,35.900001525878906,36.70000076293945,35.099998474121094,36.5,62409770
C,2010-01-11,26.533979415893555,36.29999923706055,36.70000076293945,36.0,36.599998474121094,47557650
C,2010-01-12,25.729909896850586,35.20000076293945,36.099998474121094,34.79999923706055,35.900001525878906,47011810
C,2010-01-13,25.583730697631836,35.0,35.900001525878906,35.0,35.400001525878906,41035110
C,2010-01-14,25.656824111938477,35.099998474121094,35.599998474121094,35.0,35.599998474121094,27417030
C,2010-01-15,24.99894142150879,34.20000076293945,35.0,34.0,34.900001525878906,54017740
C,2010-01-19,25.8761043548584,35.400001525878906,35.599998474121094,33.0,33.400001525878906,80789300
C,2010-01-20,25.291343688964844,34.599998474121094,36.0,34.5,35.099998474121094,47944940
C,2010-01-21,23.902511596679688,32.70000076293945,34.599998474121094,32.0,34.5,95968050
C,2010-01-22,23.756319046020508,32.5,33.900001525878906,32.20000076293945,32.79999923706055,65474150
C,2010-01-25,23.610124588012695,32.29999923706055,33.29999923706055,32.099998474121094,33.099998474121094,49752440
C,2010-01-26,23.02535057067871,31.5,32.70000076293945,31.5,32.20000076293945,45890280
C,2010-01-27,23.390832901000977,32.0,32.29999923706055,31.399999618530273,31.700000762939453,55891370
C,2010-01-28,23.68321990966797,32.400001525878906,32.900001525878906,32.0,32.5,51294260
C,2010-01-29,24.26798439025879,33.20000076293945,33.400001525878906,32.70000076293945,32.70000076293945,67942930
C,2010-02-01,24.4141845703125,33.400001525878906,33.70000076293945,33.099998474121094,33.599998474121094,23577690
C,2010-02-02,24.925853729248047,34.099998474121094,34.099998474121094,33.20000076293945,33.5,33280870
C,2010-02-03,24.63347053527832,33.70000076293945,34.599998474121094,33.70000076293945,33.900001525878906,27200590
C,2010-02-04,23.244638442993164,31.799999237060547,33.5,31.700000762939453,33.400001525878906,45029910
C,2010-02-05,23.537031173706055,32.20000076293945,32.400001525878906,31.5,32.099998474121094,46750170
C,2010-02-08,23.02535057067871,31.5,32.400001525878906,31.5,32.29999923706055,25620320
C,2010-02-09,23.244638442993164,31.799999237060547,32.29999923706055,31.100000381469727,31.899999618530273,49883800
C,2010-02-10,23.390832901000977,32.0,32.0,31.399999618530273,31.799999237060547,25499680
C,2010-02-11,23.463930130004883,32.099998474121094,32.20000076293945,31.700000762939453,31.899999618530273,23685280
C,2010-02-12,23.244638442993164,31.799999237060547,32.099998474121094,31.5,31.700000762939453,18926940
C,2010-02-16,24.19489288330078,33.099998474121094,33.29999923706055,32.099998474121094,32.20000076293945,33228540
C,2010-02-17,24.925853729248047,34.099998474121094,34.5,33.599998474121094,33.79999923706055,57569040
C,2010-02-18,25.072052001953125,34.29999923706055,34.70000076293945,33.900001525878906,34.0,28868750
C,2010-02-19,24.99894142150879,34.20000076293945,34.400001525878906,33.900001525878906,34.0,27822290
C,2010-02-22,25.291343688964844,34.599998474121094,34.79999923706055,34.099998474121094,34.400001525878906,23360670
C,2010-02-23,24.487279891967773,33.5,34.79999923706055,33.5,34.400001525878906,28291710
C,2010-02-24,25.218233108520508,34.5,34.5,33.70000076293945,33.70000076293945,29262200
C,2010-02-25,24.779661178588867,33.900001525878906,34.0,33.599998474121094,33.900001525878906,25996910
C,2010-02-26,24.852754592895508,34.0,34.5,33.79999923706055,33.900001525878906,17855770
C,2010-03-01,24.779661178588867,33.900001525878906,34.400001525878906,33.400001525878906,34.20000076293945,15568690
C,2010-03-02,24.852754592895508,34.0,34.400001525878906,33.900001525878906,34.099998474121094,16428080
C,2010-03-03,24.852754592895508,34.0,34.29999923706055,33.900001525878906,34.099998474121094,16364990
C,2010-03-04,25.072052001953125,34.29999923706055,34.79999923706055,33.900001525878906,34.099998474121094,31935610
C,2010-03-05,25.583730697631836,35.0,35.0,34.5,34.70000076293945,31907970
C,2010-03-08,26.02230453491211,35.599998474121094,36.0,35.400001525878906,35.400001525878906,45986460
C,2010-03-09,27.92281723022461,38.20000076293945,38.599998474121094,35.400001525878906,35.5,110631150
C,2010-03-10,28.94615364074707,39.599998474121094,40.70000076293945,39.20000076293945,39.599998474121094,121205060
C,2010-03-11,30.554283142089844,41.79999923706055,41.79999923706055,39.5,39.79999923706055,120029930
C,2010-03-12,29.01924705505371,39.70000076293945,42.20000076293945,39.400001525878906,42.099998474121094,127975970
C,2010-03-15,28.434486389160156,38.900001525878906,39.400001525878906,38.29999923706055,38.79999923706055,63482980
C,2010-03-16,29.604022979736328,40.5,40.70000076293945,39.20000076293945,39.5,54320540
C,2010-03-17,29.604022979736328,40.5,41.70000076293945,39.900001525878906,41.0,68063590
C,2010-03-18,29.384735107421875,40.20000076293945,40.900001525878906,40.0,40.900001525878906,35021590
C,2010-03-19,28.507585525512695,39.0,40.5,39.0,39.0,55803040
C,2010-03-22,29.53092384338379,40.400001525878906,41.0,38.79999923706055,38.900001525878906,50007930
C,2010-03-23,30.18880271911621,41.29999923706055,41.5,40.70000076293945,40.900001525878906,44335410
C,2010-03-24,30.334999084472656,41.5,41.900001525878906,41.0,41.0,46585380
C,2010-03-25,31.2121524810791,42.70000076293945,43.79999923706055,42.29999923706055,42.400001525878906,97149430
C,2010-03-26,31.504528045654297,43.099998474121094,43.70000076293945,42.599998474121094,43.400001525878906,58727000
C,2010-03-29,30.554283142089844,41.79999923706055,44.099998474121094,41.099998474121094,43.79999923706055,88626840
C,2010-03-30,29.89640998840332,40.900001525878906,41.79999923706055,40.5,41.29999923706055,62439130
C,2010-03-31,29.604022979736328,40.5,41.099998474121094,40.099998474121094,40.79999923706055,55035890
C,2010-04-01,30.554283142089844,41.79999923706055,41.79999923706055,40.20000076293945,41.099998474121094,30209100
C,2010-04-05,31.139055252075195,42.599998474121094,42.79999923706055,42.29999923706055,42.70000076293945,34453330
C,2010-04-06,31.35835075378418,42.900001525878906,43.0,42.5,42.70000076293945,31812190
C,2010-04-07,31.870006561279297,43.599998474121094,44.0,43.0,43.099998474121094,62152800
C,2010-04-08,32.674072265625,44.70000076293945,44.900001525878906,43.099998474121094,43.5,55935620
C,2010-04-09,33.25883483886719,45.5,45.70000076293945,45.20000076293945,45.400001525878906,66446000
C,2010-04-12,33.916717529296875,46.400001525878906,46.400001525878906,45.79999923706055,46.29999923706055,43484970
C,2010-04-13,33.770511627197266,46.20000076293945,46.79999923706055,45.900001525878906,46.20000076293945,59676180
C,2010-04-14,36.036502838134766,49.29999923706055,49.400001525878906,47.0,47.20000076293945,103954530
C,2010-04-15,35.15935134887695,48.099998474121094,50.70000076293945,47.400001525878906,49.900001525878906,153653670
C,2010-04-16,33.33194351196289,45.599998474121094,48.29999923706055,44.099998474121094,48.20000076293945,186414120
C,2010-04-19,35.6710319519043,48.79999923706055,49.29999923706055,46.400001525878906,46.5,186006680
C,2010-04-20,36.328887939453125,49.70000076293945,50.599998474121094,49.20000076293945,50.20000076293945,102738530
C,2010-04-21,36.036502838134766,49.29999923706055,50.400001525878906,48.20000076293945,50.29999923706055,98787570
C,2010-04-22,35.59792709350586,48.70000076293945,48.900001525878906,47.70000076293945,48.5,80864670
C,2010-04-23,35.524818420410156,48.599998474121094,49.5,48.29999923706055,48.70000076293945,76164060
C,2010-04-26,33.697410583496094,46.099998474121094,48.0,46.0,47.900001525878906,124478540
C,2010-04-27,31.723825454711914,43.400001525878906,45.70000076293945,43.29999923706055,45.5,133979440
C,2010-04-28,32.52788162231445,44.5,45.599998474121094,44.0,44.20000076293945,110487010
C,2010-04-29,33.33194351196289,45.599998474121094,46.29999923706055,45.0,45.29999923706055,71647090
C,2010-04-30,31.943113327026367,43.70000076293945,45.5,43.70000076293945,45.5,80341770
C,2010-05-03,32.23549270629883,44.099998474121094,44.79999923706055,43.79999923706055,44.599998474121094,44946260
C,2010-05-04,31.139055252075195,42.599998474121094,43.599998474121094,42.29999923706055,43.400001525878906,97352370
C,2010-05-05,30.554283142089844,41.79999923706055,42.5,40.400001525878906,41.599998474121094,100162270
C,2010-05-06,29.53092384338379,40.400001525878906,42.70000076293945,39.0,42.0,170724590
C,2010-05-07,29.23853302001953,40.0,41.29999923706055,39.20000076293945,40.79999923706055,122458690
C,2010-05-10,30.846656799316406,42.20000076293945,43.5,41.599998474121094,43.29999923706055,109813230
C,2010-05-11,30.48118019104004,41.70000076293945,42.400001525878906,41.099998474121094,41.29999923706055,75475030
C,2010-05-12,30.554283142089844,41.79999923706055,42.29999923706055,41.400001525878906,42.29999923706055,65669620
C,2010-05-13,29.89640998840332,40.900001525878906,41.599998474121094,40.79999923706055,41.5,50910530
C,2010-05-14,29.09235382080078,39.79999923706055,40.400001525878906,39.099998474121094,40.29999923706055,87280120
C,2010-05-17,28.215190887451172,38.599998474121094,40.099998474121094,37.599998474121094,40.0,94521750
C,2010-05-18,27.264944076538086,37.29999923706055,39.599998474121094,37.099998474121094,39.5,88927420
C,2010-05-19,27.84971046447754,38.099998474121094,38.5,37.099998474121094,37.29999923706055,92045240
C,2010-05-20,26.533979415893555,36.29999923706055,37.70000076293945,36.099998474121094,37.5,116429090
C,2010-05-21,27.4111270904541,37.5,38.099998474121094,35.29999923706055,35.400001525878906,133515830
C,2010-05-24,27.630428314208984,37.79999923706055,39.5,37.70000076293945,38.599998474121094,84300490
C,2010-05-25,27.630428314208984,37.79999923706055,38.0,35.599998474121094,36.400001525878906,102076440
C,2010-05-26,28.215190887451172,38.599998474121094,40.29999923706055,38.599998474121094,39.70000076293945,124767260
C,2010-05-27,29.384735107421875,40.20000076293945,40.70000076293945,39.79999923706055,40.29999923706055,75460890
C,2010-05-28,28.94615364074707,39.599998474121094,40.400001525878906,39.5,40.20000076293945,63286600
C,2010-06-01,28.142086029052734,38.5,39.599998474121094,38.400001525878906,39.0,56634680
C,2010-06-02,28.653762817382812,39.20000076293945,39.29999923706055,38.5,38.900001525878906,56166340
C,2010-06-03,28.94615364074707,39.599998474121094,40.29999923706055,39.29999923706055,39.599998474121094,71405630
C,2010-06-04,27.703521728515625,37.900001525878906,39.20000076293945,37.70000076293945,38.5,106756480
C,2010-06-07,26.607070922851562,36.400001525878906,38.20000076293945,36.20000076293945,38.099998474121094,86203870
C,2010-06-08,27.19185447692871,37.20000076293945,37.5,36.5,36.900001525878906,83022780
C,2010-06-09,28.288284301757812,38.70000076293945,38.900001525878906,37.599998474121094,37.79999923706055,114856500
C,2010-06-10,28.507585525512695,39.0,39.599998474121094,38.70000076293945,39.5,70989130
C,2010-06-11,28.36137580871582,38.79999923706055,39.20000076293945,38.5,38.599998474121094,43859390
C,2010-06-14,28.36137580871582,38.79999923706055,39.29999923706055,38.79999923706055,39.20000076293945,38228780
C,2010-06-15,29.16545295715332,39.900001525878906,39.900001525878906,38.900001525878906,39.29999923706055,42247510
C,2010-06-16,29.16545295715332,39.900001525878906,40.0,39.29999923706055,39.599998474121094,40783400
C,2010-06-17,28.94615364074707,39.599998474121094,40.29999923706055,39.099998474121094,40.099998474121094,58734300
C,2010-06-18,29.311626434326172,40.099998474121094,40.099998474121094,39.29999923706055,39.70000076293945,68839920
C,2010-06-21,29.384735107421875,40.20000076293945,40.70000076293945,40.099998474121094,40.5,57155530
C,2010-06-22,28.799957275390625,39.400001525878906,40.29999923706055,39.400001525878906,40.0,48772470
C,2010-06-23,28.434486389160156,38.900001525878906,39.79999923706055,38.70000076293945,39.5,46265950
C,2010-06-24,27.630428314208984,37.79999923706055,38.599998474121094,37.70000076293945,38.599998474121094,56634790
C,2010-06-25,28.799957275390625,39.400001525878906,39.5,38.20000076293945,38.5,70357690
C,2010-06-28,29.23853302001953,40.0,40.20000076293945,39.20000076293945,39.29999923706055,54126640
C,2010-06-29,27.264944076538086,37.29999923706055,39.20000076293945,37.099998474121094,39.20000076293945,79745340
C,2010-06-30,27.484237670898438,37.599998474121094,38.599998474121094,37.099998474121094,38.099998474121094,53205360
C,2010-07-01,27.630428314208984,37.79999923706055,38.5,36.20000076293945,38.29999923706055,86206490
C,2010-07-02,27.703521728515625,37.900001525878906,38.900001525878906,37.099998474121094,38.20000076293945,38516880
C,2010-07-06,27.703521728515625,37.900001525878906,39.0,37.20000076293945,38.70000076293945,51454380
C,2010-07-07,28.507585525512695,39.0,39.099998474121094,37.70000076293945,38.20000076293945,47295490
C,2010-07-08,29.01924705505371,39.70000076293945,40.0,39.20000076293945,39.5,46663460
C,2010-07-09,29.53092384338379,40.400001525878906,40.5,39.400001525878906,39.70000076293945,41928480
C,2010-07-12,30.0425968170166,41.099998474121094,41.29999923706055,40.400001525878906,40.5,39470360
C,2010-07-13,31.431438446044922,43.0,43.0,41.79999923706055,41.900001525878906,64688800
C,2010-07-14,30.773571014404297,42.099998474121094,42.79999923706055,41.5,42.70000076293945,48298880
C,2010-07-15,30.408077239990234,41.599998474121094,42.400001525878906,40.5,42.29999923706055,68022500
C,2010-07-16,28.507585525512695,39.0,41.0,39.0,40.5,80624880
C,2010-07-19,29.09235382080078,39.79999923706055,40.400001525878906,38.5,39.29999923706055,60092350
C,2010-07-20,29.16545295715332,39.900001525878906,40.599998474121094,39.0,39.099998474121094,54745170
C,2010-07-21,28.799957275390625,39.400001525878906,40.599998474121094,39.20000076293945,40.5,42520470
C,2010-07-22,29.89640998840332,40.900001525878906,40.900001525878906,39.900001525878906,39.900001525878906,42143450
C,2010-07-23,29.384735107421875,40.20000076293945,40.599998474121094,39.900001525878906,40.20000076293945,37675190
C,2010-07-26,30.334999084472656,41.5,41.5,40.20000076293945,40.20000076293945,43066240
C,2010-07-27,30.408077239990234,41.599998474121094,42.70000076293945,41.599998474121094,42.099998474121094,53521030
C,2010-07-28,29.89640998840332,40.900001525878906,41.599998474121094,40.70000076293945,41.29999923706055,33190010
C,2010-07-29,30.115705490112305,41.20000076293945,41.5,40.599998474121094,41.400001525878906,39395920
C,2010-07-30,29.969512939453125,41.0,41.20000076293945,40.599998474121094,40.599998474121094,26978030
C,2010-08-02,30.62736701965332,41.900001525878906,42.0,41.599998474121094,41.900001525878906,29385140
C,2010-08-03,30.18880271911621,41.29999923706055,41.70000076293945,41.099998474121094,41.599998474121094,21169620
C,2010-08-04,30.261898040771484,41.400001525878906,41.599998474121094,41.099998474121094,41.5,27707590
C,2010-08-05,29.969512939453125,41.0,41.099998474121094,40.70000076293945,41.099998474121094,19093650
C,2010-08-06,29.6771183013916,40.599998474121094,40.79999923706055,40.099998474121094,40.70000076293945,29607280
C,2010-08-09,29.82331085205078,40.79999923706055,41.20000076293945,40.099998474121094,40.79999923706055,27938130
C,2010-08-10,29.23853302001953,40.0,40.599998474121094,40.0,40.29999923706055,37330160
C,2010-08-11,28.142086029052734,38.5,39.70000076293945,38.400001525878906,39.5,57403800
C,2010-08-12,28.288284301757812,38.70000076293945,38.900001525878906,38.29999923706055,38.400001525878906,33560510
C,2010-08-13,28.36137580871582,38.79999923706055,39.5,38.79999923706055,39.0,27447280
C,2010-08-16,28.288284301757812,38.70000076293945,39.099998474121094,38.5,38.70000076293945,23911520
C,2010-08-17,28.142086029052734,38.5,39.20000076293945,38.29999923706055,39.20000076293945,42478180
C,2010-08-18,28.215190887451172,38.599998474121094,39.0,38.400001525878906,38.599998474121094,47840910
C,2010-08-19,27.703521728515625,37.900001525878906,38.900001525878906,37.79999923706055,38.5,53867410
C,2010-08-20,27.4111270904541,37.5,37.900001525878906,37.099998474121094,37.79999923706055,51973470
C,2010-08-23,27.4111270904541,37.5,38.29999923706055,37.5,37.900001525878906,29397900
C,2010-08-24,27.11874771118164,37.099998474121094,37.5,36.79999923706055,37.0,44346680
C,2010-08-25,26.899463653564453,36.79999923706055,37.20000076293945,36.400001525878906,37.0,50868250
C,2010-08-26,26.753263473510742,36.599998474121094,37.5,36.599998474121094,37.29999923706055,33489660
C,2010-08-27,27.484237670898438,37.599998474121094,37.599998474121094,36.400001525878906,37.0,55836000
C,2010-08-30,26.826364517211914,36.70000076293945,37.599998474121094,36.70000076293945,37.5,31688960
C,2010-08-31,27.11874771118164,37.099998474121094,37.29999923706055,36.29999923706055,36.79999923706055,61541890
C,2010-09-01,28.142086029052734,38.5,38.5,37.400001525878906,37.5,53222240
C,2010-09-02,28.36137580871582,38.79999923706055,39.29999923706055,38.29999923706055,38.400001525878906,47390890
C,2010-09-03,28.580673217773438,39.099998474121094,39.79999923706055,39.0,39.400001525878906,43608360
C,2010-09-07,27.995906829833984,38.29999923706055,38.79999923706055,38.20000076293945,38.79999923706055,26492790
C,2010-09-08,28.06899642944336,38.400001525878906,38.599998474121094,38.29999923706055,38.5,24907680
C,2010-09-09,28.580673217773438,39.099998474121094,39.5,38.79999923706055,38.900001525878906,45078780
C,2010-09-10,28.580673217773438,39.099998474121094,39.400001525878906,39.0,39.20000076293945,25644170
C,2010-09-13,29.16545295715332,39.900001525878906,40.099998474121094,39.599998474121094,39.599998474121094,45870620
C,2010-09-14,28.799957275390625,39.400001525878906,39.900001525878906,39.099998474121094,39.79999923706055,38404540
C,2010-09-15,28.653762817382812,39.20000076293945,39.29999923706055,39.0,39.20000076293945,24836100
C,2010-09-16,29.01924705505371,39.70000076293945,39.79999923706055,38.79999923706055,38.900001525878906,37834360
C,2010-09-17,28.87306022644043,39.5,40.20000076293945,39.5,40.0,55888390
C,2010-09-20,29.16545295715332,39.900001525878906,40.0,39.400001525878906,39.5,34473280
C,2010-09-21,28.799957275390625,39.400001525878906,40.20000076293945,39.400001525878906,40.20000076293945,37200450
C,2010-09-22,28.36137580871582,38.79999923706055,39.79999923706055,38.79999923706055,39.29999923706055,43837660
C,2010-09-23,27.77661895751953,38.0,38.900001525878906,38.0,38.400001525878906,38372030
C,2010-09-24,28.507585525512695,39.0,39.099998474121094,38.5,38.599998474121094,39249340
C,2010-09-27,28.288284301757812,38.70000076293945,39.29999923706055,38.70000076293945,39.0,36629390
C,2010-09-28,28.36137580871582,38.79999923706055,39.0,38.400001525878906,38.900001525878906,29345050
C,2010-09-29,28.653762817382812,39.20000076293945,39.900001525878906,38.70000076293945,38.900001525878906,50744380
C,2010-09-30,28.580673217773438,39.099998474121094,40.099998474121094,38.900001525878906,39.599998474121094,47868000
C,2010-10-01,29.89640998840332,40.900001525878906,41.0,39.400001525878906,39.79999923706055,77500060
C,2010-10-04,29.457836151123047,40.29999923706055,41.20000076293945,40.29999923706055,40.79999923706055,42326390
C,2010-10-05,30.18880271911621,41.29999923706055,41.5,40.70000076293945,40.70000076293945,63625620
C,2010-10-06,29.969512939453125,41.0,41.599998474121094,40.79999923706055,41.400001525878906,48412190
C,2010-10-07,30.554283142089844,41.79999923706055,41.900001525878906,41.29999923706055,41.400001525878906,49228170
C,2010-10-08,30.62736701965332,41.900001525878906,42.0,41.400001525878906,41.79999923706055,35248850
C,2010-10-11,30.554283142089844,41.79999923706055,42.099998474121094,41.20000076293945,42.099998474121094,43225180
C,2010-10-12,30.992862701416016,42.400001525878906,42.400001525878906,41.29999923706055,41.5,48296870
C,2010-10-13,31.065961837768555,42.5,43.0,41.79999923706055,42.5,107396320
C,2010-10-14,29.6771183013916,40.599998474121094,41.70000076293945,39.900001525878906,41.70000076293945,98325960
C,2010-10-15,28.87306022644043,39.5,41.099998474121094,39.099998474121094,41.0,106125370
C,2010-10-18,30.48118019104004,41.70000076293945,42.0,39.70000076293945,40.0,94439510
C,2010-10-19,29.6771183013916,40.599998474121094,41.900001525878906,40.400001525878906,41.29999923706055,70732750
C,2010-10-20,30.0425968170166,41.099998474121094,41.20000076293945,40.29999923706055,41.0,49484540
C,2010-10-21,29.75020408630371,40.70000076293945,41.70000076293945,40.29999923706055,41.29999923706055,43687230
C,2010-10-22,30.0425968170166,41.099998474121094,41.400001525878906,40.900001525878906,41.0,31441180
C,2010-10-25,30.773571014404297,42.099998474121094,42.29999923706055,41.400001525878906,42.20000076293945,76494560
C,2010-10-26,30.554283142089844,41.79999923706055,42.099998474121094,41.5,41.599998474121094,42127270
C,2010-10-27,30.48118019104004,41.70000076293945,41.900001525878906,41.400001525878906,41.599998474121094,26922470
C,2010-10-28,30.48118019104004,41.70000076293945,42.0,41.5,41.900001525878906,26162360
C,2010-10-29,30.48118019104004,41.70000076293945,41.79999923706055,41.5,41.599998474121094,18835180
C,2010-11-01,30.334999084472656,41.5,42.0,41.0,41.79999923706055,29258270
C,2010-11-02,30.48118019104004,41.70000076293945,42.0,41.5,41.900001525878906,22490240
C,2010-11-03,30.62736701965332,41.900001525878906,41.900001525878906,41.5,41.70000076293945,30544940
C,2010-11-04,31.650705337524414,43.29999923706055,43.29999923706055,41.900001525878906,42.20000076293945,65927800
C,2010-11-05,32.82025909423828,44.900001525878906,45.099998474121094,43.20000076293945,43.29999923706055,105440700
C,2010-11-08,32.454769134521484,44.400001525878906,45.20000076293945,44.099998474121094,45.20000076293945,42687730
C,2010-11-09,31.431438446044922,43.0,44.70000076293945,43.0,44.70000076293945,54105940
C,2010-11-10,32.308563232421875,44.20000076293945,44.599998474121094,43.099998474121094,43.29999923706055,50288500
C,2010-11-11,31.870006561279297,43.599998474121094,44.099998474121094,43.5,43.79999923706055,38163270
C,2010-11-12,31.35835075378418,42.900001525878906,43.900001525878906,42.29999923706055,43.29999923706055,49740230
C,2010-11-15,31.577608108520508,43.20000076293945,43.70000076293945,43.0,43.29999923706055,35374110
C,2010-11-16,30.846656799316406,42.20000076293945,42.900001525878906,41.900001525878906,42.79999923706055,50020480
C,2010-11-17,30.62736701965332,41.900001525878906,42.400001525878906,41.5,42.29999923706055,39175510
C,2010-11-18,31.431438446044922,43.0,43.29999923706055,42.20000076293945,42.599998474121094,48876450
C,2010-11-19,31.2121524810791,42.70000076293945,42.70000076293945,42.20000076293945,42.599998474121094,29041620
C,2010-11-22,30.554283142089844,41.79999923706055,42.5,41.599998474121094,42.5,36827360
C,2010-11-23,29.969512939453125,41.0,41.5,41.0,41.5,38789450
C,2010-11-24,30.48118019104004,41.70000076293945,41.900001525878906,41.099998474121094,41.400001525878906,30429910
C,2010-11-26,30.0425968170166,41.099998474121094,41.599998474121094,41.0,41.400001525878906,15672580
C,2010-11-29,30.334999084472656,41.5,41.70000076293945,41.0,41.20000076293945,33721160
C,2010-11-30,30.700469970703125,42.0,42.400001525878906,41.099998474121094,41.29999923706055,61260330
C,2010-12-01,31.431438446044922,43.0,43.099998474121094,42.599998474121094,42.79999923706055,49494990
C,2010-12-02,32.308563232421875,44.20000076293945,44.5,43.20000076293945,43.20000076293945,51966270
C,2010-12-03,32.52788162231445,44.5,44.599998474121094,43.5,43.79999923706055,36080610
C,2010-12-06,32.52788162231445,44.5,45.0,44.29999923706055,44.5,47203040
C,2010-12-07,33.770511627197266,46.20000076293945,46.5,45.400001525878906,45.5,326782940
C,2010-12-08,33.916717529296875,46.400001525878906,46.400001525878906,45.5,46.099998474121094,91574090
C,2010-12-09,34.282196044921875,46.900001525878906,47.099998474121094,46.400001525878906,46.79999923706055,73204230
C,2010-12-10,34.86695098876953,47.70000076293945,47.70000076293945,46.599998474121094,47.0,76407750
C,2010-12-13,35.15935134887695,48.099998474121094,48.5,47.599998474121094,48.0,69850800
C,2010-12-14,34.282196044921875,46.900001525878906,48.099998474121094,46.599998474121094,48.099998474121094,60311180
C,2010-12-15,33.55123519897461,45.900001525878906,46.79999923706055,45.400001525878906,46.70000076293945,72978680
C,2010-12-16,33.55123519897461,45.900001525878906,46.5,45.400001525878906,46.099998474121094,68094680
C,2010-12-17,34.355289459228516,47.0,47.0,45.70000076293945,46.0,69555640
C,2010-12-20,34.428375244140625,47.099998474121094,47.400001525878906,46.70000076293945,47.29999923706055,41915750
C,2010-12-21,34.64767074584961,47.400001525878906,47.70000076293945,47.099998474121094,47.400001525878906,39886050
C,2010-12-22,34.57456970214844,47.29999923706055,47.599998474121094,46.79999923706055,47.5,51355450
C,2010-12-23,34.20907211303711,46.79999923706055,47.20000076293945,46.79999923706055,47.20000076293945,20536470
C,2010-12-27,34.86695098876953,47.70000076293945,47.900001525878906,46.5,46.599998474121094,29016760
C,2010-12-28,34.940059661865234,47.79999923706055,48.0,47.5,47.900001525878906,18644350
C,2010-12-29,34.86695098876953,47.70000076293945,48.0,47.5,48.0,16459820
C,2010-12-30,34.79386901855469,47.599998474121094,47.79999923706055,47.5,47.79999923706055,14418630
C,2010-12-31,34.57456970214844,47.29999923706055,47.599998474121094,47.20000076293945,47.5,16923250
C,2011-01-03,35.81720733642578,49.0,49.0,47.79999923706055,47.79999923706055,65798900
C,2011-01-04,35.81720733642578,49.0,49.400001525878906,48.29999923706055,49.099998474121094,58340430
C,2011-01-05,36.328887939453125,49.70000076293945,50.0,48.79999923706055,48.79999923706055,66673580
C,2011-01-06,36.182701110839844,49.5,50.5,49.29999923706055,50.0,71529750
C,2011-01-07,36.1096076965332,49.400001525878906,50.0,48.400001525878906,49.599998474121094,68069720
C,2011-01-10,35.89030075073242,49.099998474121094,49.29999923706055,48.70000076293945,49.20000076293945,46153210
C,2011-01-11,36.1096076965332,49.400001525878906,49.79999923706055,49.099998474121094,49.5,33127350
C,2011-01-12,37.132938385009766,50.79999923706055,50.79999923706055,49.79999923706055,49.900001525878906,60853490
C,2011-01-13,36.84056854248047,50.400001525878906,51.20000076293945,50.29999923706055,50.900001525878906,65082660
C,2011-01-14,37.498435974121094,51.29999923706055,51.5,50.29999923706055,50.5,103634370
C,2011-01-18,35.08625411987305,48.0,49.5,47.79999923706055,49.29999923706055,180960580
C,2011-01-19,34.79386901855469,47.599998474121094,48.599998474121094,47.5,48.5,71421890
C,2011-01-20,35.08625411987305,48.0,48.20000076293945,47.20000076293945,47.70000076293945,62673870
C,2011-01-21,35.74412155151367,48.900001525878906,49.099998474121094,48.400001525878906,48.5,65507770
C,2011-01-24,35.524818420410156,48.599998474121094,49.20000076293945,48.29999923706055,49.099998474121094,37250070
C,2011-01-25,35.23244094848633,48.20000076293945,48.599998474121094,47.70000076293945,48.5,42339570
C,2011-01-26,35.15935134887695,48.099998474121094,48.70000076293945,48.099998474121094,48.400001525878906,44338240
C,2011-01-27,35.30553436279297,48.29999923706055,48.599998474121094,48.099998474121094,48.29999923706055,27251160
C,2011-01-28,34.50148010253906,47.20000076293945,48.79999923706055,47.20000076293945,48.400001525878906,64329500
C,2011-01-31,35.23244094848633,48.20000076293945,48.20000076293945,47.29999923706055,47.400001525878906,34795650
C,2011-02-01,35.81720733642578,49.0,49.099998474121094,48.5,48.599998474121094,39237120
C,2011-02-02,35.45170974731445,48.5,49.0,48.29999923706055,48.900001525878906,31667370
C,2011-02-03,35.15935134887695,48.099998474121094,48.599998474121094,47.599998474121094,48.5,43984840
C,2011-02-04,35.23244094848633,48.20000076293945,48.29999923706055,47.599998474121094,48.29999923706055,36607580
C,2011-02-07,35.81720733642578,49.0,49.0,48.29999923706055,48.400001525878906,39261140
C,2011-02-08,35.74412155151367,48.900001525878906,49.099998474121094,48.5,49.0,40287550
C,2011-02-09,35.37862014770508,48.400001525878906,48.79999923706055,48.0,48.79999923706055,28657830
C,2011-02-10,34.940059661865234,47.79999923706055,48.20000076293945,47.599998474121094,48.0,41029190
C,2011-02-11,35.6710319519043,48.79999923706055,49.0,47.599998474121094,47.79999923706055,45335780
C,2011-02-14,35.89030075073242,49.099998474121094,49.20000076293945,48.599998474121094,48.900001525878906,35369660
C,2011-02-15,35.89030075073242,49.099998474121094,49.400001525878906,48.79999923706055,49.0,42499990
C,2011-02-16,35.81720733642578,49.0,49.400001525878906,48.70000076293945,49.400001525878906,29894750
C,2011-02-17,36.1096076965332,49.400001525878906,49.400001525878906,48.70000076293945,48.79999923706055,30673510
C,2011-02-18,35.89030075073242,49.099998474121094,49.599998474121094,49.0,49.5,25229030
C,2011-02-22,34.282196044921875,46.900001525878906,48.400001525878906,46.5,48.400001525878906,89462910
C,2011-02-23,34.355289459228516,47.0,47.599998474121094,45.70000076293945,47.20000076293945,81515000
C,2011-02-24,34.282196044921875,46.900001525878906,47.099998474121094,45.900001525878906,46.79999923706055,58605760
C,2011-02-25,34.355289459228516,47.0,47.29999923706055,46.599998474121094,46.70000076293945,40819490
C,2011-02-28,34.20907211303711,46.79999923706055,47.5,46.79999923706055,47.29999923706055,44054250
C,2011-03-01,33.405029296875,45.70000076293945,47.0,45.70000076293945,47.0,52789640
C,2011-03-02,33.62432098388672,46.0,46.20000076293945,45.70000076293945,45.900001525878906,35351470
C,2011-03-03,34.20907211303711,46.79999923706055,46.79999923706055,46.29999923706055,46.599998474121094,45540670
C,2011-03-04,33.18574905395508,45.400001525878906,46.400001525878906,45.20000076293945,46.29999923706055,71717620
C,2011-03-07,33.03955841064453,45.20000076293945,45.70000076293945,45.0,45.400001525878906,36391780
C,2011-03-08,33.916717529296875,46.400001525878906,46.5,45.400001525878906,45.5,47184230
C,2011-03-09,33.989803314208984,46.5,46.70000076293945,46.099998474121094,46.70000076293945,34512780
C,2011-03-10,33.18574905395508,45.400001525878906,46.099998474121094,45.20000076293945,46.0,46421340
C,2011-03-11,33.405029296875,45.70000076293945,45.79999923706055,45.099998474121094,45.099998474121094,32170320
C,2011-03-14,33.18574905395508,45.400001525878906,45.400001525878906,44.70000076293945,45.20000076293945,38691140
C,2011-03-15,32.454769134521484,44.400001525878906,44.70000076293945,43.900001525878906,44.099998474121094,58194870
C,2011-03-16,32.08930969238281,43.900001525878906,45.0,43.70000076293945,44.79999923706055,62107200
C,2011-03-17,32.52788162231445,44.5,44.599998474121094,43.900001525878906,44.599998474121094,38307430
C,2011-03-18,32.89336395263672,45.0,45.5,44.599998474121094,45.0,45908550
C,2011-03-21,32.38168716430664,44.29999923706055,46.20000076293945,43.79999923706055,46.099998474121094,82106490
C,2011-03-22,32.308563232421875,44.20000076293945,44.5,44.0,44.20000076293945,34194090
C,2011-03-23,32.16238784790039,44.0,44.20000076293945,43.400001525878906,44.0,47019570
C,2011-03-24,32.38168716430664,44.29999923706055,44.400001525878906,43.5,44.099998474121094,40238690
C,2011-03-25,32.600982666015625,44.599998474121094,44.79999923706055,44.29999923706055,44.599998474121094,30876830
C,2011-03-28,32.38168716430664,44.29999923706055,44.70000076293945,44.099998474121094,44.599998474121094,23570900
C,2011-03-29,32.52788162231445,44.5,44.5,43.79999923706055,44.29999923706055,24791350
C,2011-03-30,32.52788162231445,44.5,45.20000076293945,44.20000076293945,44.599998474121094,33904790
C,2011-03-31,32.308563232421875,44.20000076293945,44.5,44.0,44.400001525878906,33507430
C,2011-04-01,32.52788162231445,44.5,44.79999923706055,44.29999923706055,44.599998474121094,25952210
C,2011-04-04,32.38168716430664,44.29999923706055,44.70000076293945,43.900001525878906,44.599998474121094,29670460
C,2011-04-05,32.674072265625,44.70000076293945,44.79999923706055,44.20000076293945,44.599998474121094,40880950
C,2011-04-06,33.55123519897461,45.900001525878906,46.5,44.70000076293945,45.099998474121094,64009410
C,2011-04-07,33.47812271118164,45.79999923706055,46.900001525878906,45.79999923706055,46.20000076293945,56844410
C,2011-04-08,33.33194351196289,45.599998474121094,46.70000076293945,45.29999923706055,46.400001525878906,39526630
C,2011-04-11,33.1126594543457,45.29999923706055,45.900001525878906,45.20000076293945,45.79999923706055,23444240
C,2011-04-12,33.25883483886719,45.5,45.900001525878906,44.599998474121094,45.0,45351280
C,2011-04-13,32.89336395263672,45.0,46.0,44.79999923706055,45.900001525878906,41002970
C,2011-04-14,32.38168716430664,44.29999923706055,44.79999923706055,43.900001525878906,44.79999923706055,40517360
C,2011-04-15,32.308563232421875,44.20000076293945,44.900001525878906,44.0,44.599998474121094,40547880
C,2011-04-18,32.308563232421875,44.20000076293945,45.20000076293945,43.5,44.20000076293945,79085390
C,2011-04-19,33.1126594543457,45.29999923706055,45.5,44.400001525878906,44.599998474121094,54278930
C,2011-04-20,33.405029296875,45.70000076293945,46.0,45.20000076293945,45.599998474121094,31615610
C,2011-04-21,33.25883483886719,45.5,46.0,44.900001525878906,45.79999923706055,31274740
C,2011-04-25,33.03955841064453,45.20000076293945,45.79999923706055,45.099998474121094,45.400001525878906,24048020
C,2011-04-26,32.9664421081543,45.099998474121094,45.400001525878906,44.900001525878906,45.29999923706055,37260000
C,2011-04-27,32.9664421081543,45.099998474121094,45.29999923706055,44.900001525878906,45.099998474121094,28289910
C,2011-04-28,33.55123519897461,45.900001525878906,46.0,44.70000076293945,44.900001525878906,43925890
C,2011-04-29,33.55123519897461,45.900001525878906,45.900001525878906,45.29999923706055,45.79999923706055,26901780
C,2011-05-02,32.82025909423828,44.900001525878906,46.0,44.900001525878906,46.0,28862010
C,2011-05-03,33.03955841064453,45.20000076293945,45.70000076293945,44.70000076293945,44.70000076293945,43508120
C,2011-05-04,33.03955841064453,45.20000076293945,45.400001525878906,44.900001525878906,45.29999923706055,27559410
C,2011-05-05,32.74716567993164,44.79999923706055,45.099998474121094,44.599998474121094,44.900001525878906,27189990
C,2011-05-06,33.03955841064453,45.20000076293945,45.79999923706055,45.0,45.5,5131670
C,2011-05-09,32.279354095458984,44.15999984741211,45.119998931884766,43.849998474121094,44.88999938964844,49168100
C,2011-05-10,32.308563232421875,44.20000076293945,44.529998779296875,43.75,44.0099983215332,42299000
C,2011-05-11,31.37294578552246,42.91999816894531,44.189998626708984,42.75,44.029998779296875,54014800
C,2011-05-12,31.007488250732422,42.41999816894531,42.45000076293945,41.619998931884766,42.209999084472656,60720600
C,2011-05-13,30.35691261291504,41.529998779296875,42.5,41.41999816894531,42.27000045776367,43395000
C,2011-05-16,30.10839080810547,41.189998626708984,41.97999954223633,40.939998626708984,41.08000183105469,42979300
C,2011-05-17,30.364221572875977,41.540000915527344,41.650001525878906,40.9900016784668,41.0,36727300
C,2011-05-18,30.144947052001953,41.2400016784668,41.54999923706055,41.0,41.4900016784668,33051500
C,2011-05-19,30.24726676940918,41.380001068115234,41.619998931884766,41.16999816894531,41.34000015258789,30115400
C,2011-05-20,29.98410415649414,41.02000045776367,41.63999938964844,40.959999084472656,41.119998931884766,31538600
C,2011-05-23,29.355491638183594,40.15999984741211,40.63999938964844,40.060001373291016,40.310001373291016,34722800
C,2011-05-24,29.61133575439453,40.5099983215332,40.689998626708984,39.40999984741211,40.220001220703125,61023600
C,2011-05-25,29.48703956604004,40.33000183105469,40.849998474121094,40.20000076293945,40.25,40313600
C,2011-05-26,29.406614303588867,40.220001220703125,40.529998779296875,40.040000915527344,40.040000915527344,32041000
C,2011-05-27,29.954971313476562,40.970001220703125,41.060001373291016,40.290000915527344,40.29999923706055,27696700
C,2011-05-31,30.086580276489258,41.150001525878906,41.59000015258789,40.7599983215332,41.38999938964844,34705800
C,2011-06-01,28.989871978759766,39.650001525878906,41.0,39.59000015258789,40.9900016784668,41994500
C,2011-06-02,29.25307273864746,40.0099983215332,40.34000015258789,39.099998474121094,39.70000076293945,40828200
C,2011-06-03,29.136083602905273,39.849998474121094,40.29999923706055,39.45000076293945,39.5,27554900
C,2011-06-06,27.834636688232422,38.06999969482422,39.599998474121094,37.900001525878906,39.54999923706055,69952400
C,2011-06-07,27.476396560668945,37.58000183105469,38.599998474121094,37.540000915527344,38.45000076293945,49736400
C,2011-06-08,26.913410186767578,36.810001373291016,38.0,36.7599983215332,37.369998931884766,64098400
C,2011-06-09,27.61530876159668,37.77000045776367,37.97999954223633,36.79999923706055,36.869998931884766,51092100
C,2011-06-10,27.72498321533203,37.91999816894531,38.31999969482422,36.84000015258789,37.61000061035156,57048500
C,2011-06-13,28.6389102935791,39.16999816894531,39.47999954223633,37.869998931884766,38.060001373291016,51683900
C,2011-06-14,28.353771209716797,38.779998779296875,39.54999923706055,38.65999984741211,39.5099983215332,38166800
C,2011-06-15,27.783477783203125,38.0,38.83000183105469,37.29999923706055,38.380001068115234,49812600
C,2011-06-16,27.512943267822266,37.630001068115234,38.34000015258789,37.0099983215332,37.70000076293945,59369000
C,2011-06-17,28.002811431884766,38.29999923706055,38.470001220703125,37.869998931884766,38.0099983215332,38591200
C,2011-06-20,27.90045166015625,38.15999984741211,38.720001220703125,37.810001373291016,37.95000076293945,30249100
C,2011-06-21,28.74127197265625,39.310001373291016,39.380001068115234,38.0,38.2599983215332,44132600
C,2011-06-22,28.88750457763672,39.5099983215332,40.16999816894531,39.02000045776367,39.209999084472656,40189000
C,2011-06-23,28.81437873840332,39.40999984741211,39.459999084472656,38.58000183105469,38.93000030517578,38344100
C,2011-06-24,28.945993423461914,39.59000015258789,39.709999084472656,38.959999084472656,39.439998626708984,63661100
C,2011-06-27,29.23845100402832,39.9900016784668,40.20000076293945,39.43000030517578,39.439998626708984,29365900
C,2011-06-28,29.355419158935547,40.150001525878906,40.31999969482422,39.7599983215332,40.15999984741211,22526900
C,2011-06-29,30.342464447021484,41.5,41.529998779296875,40.68000030517578,41.0099983215332,46800700
C,2011-06-30,30.44484519958496,41.63999938964844,42.0,41.209999084472656,41.59000015258789,32214600
C,2011-07-01,31.351455688476562,42.880001068115234,43.060001373291016,41.41999816894531,41.529998779296875,42780800
C,2011-07-05,31.124801635742188,42.56999969482422,43.0,42.209999084472656,42.88999938964844,34279200
C,2011-07-06,30.715364456176758,42.0099983215332,42.220001220703125,41.369998931884766,42.150001525878906,28177800
C,2011-07-07,31.168664932250977,42.630001068115234,42.959999084472656,42.310001373291016,42.369998931884766,22067400
C,2011-07-08,30.72998809814453,42.029998779296875,42.25,41.83000183105469,42.08000183105469,22229800
C,2011-07-11,29.09222412109375,39.790000915527344,41.400001525878906,39.56999969482422,41.279998779296875,47287600
C,2011-07-12,28.565799713134766,39.06999969482422,40.02000045776367,39.02000045776367,39.47999954223633,43630400
C,2011-07-13,28.858264923095703,39.470001220703125,40.220001220703125,39.11000061035156,39.439998626708984,32756100
C,2011-07-14,28.529239654541016,39.02000045776367,39.869998931884766,39.0,39.720001220703125,32718400
C,2011-07-15,28.061307907104492,38.380001068115234,40.38999938964844,38.119998931884766,40.13999938964844,69517800
C,2011-07-18,27.593368530273438,37.7400016784668,38.25,36.91999816894531,38.20000076293945,50137500
C,2011-07-19,27.798099517822266,38.02000045776367,38.18000030517578,37.41999816894531,37.83000183105469,32172000
C,2011-07-20,28.23678207397461,38.619998931884766,39.119998931884766,38.040000915527344,38.16999816894531,31574600
C,2011-07-21,29.4797306060791,40.31999969482422,40.380001068115234,39.060001373291016,39.13999938964844,53445100
C,2011-07-22,29.435863494873047,40.2599983215332,40.5,39.84000015258789,40.27000045776367,24164500
C,2011-07-25,29.179962158203125,39.90999984741211,40.060001373291016,39.400001525878906,39.689998626708984,21427400
C,2011-07-26,29.041046142578125,39.720001220703125,40.09000015258789,39.400001525878906,39.7599983215332,21205600
C,2011-07-27,27.98087501525879,38.27000045776367,39.41999816894531,38.0099983215332,39.38999938964844,39694100
C,2011-07-28,27.922374725341797,38.18000030517578,38.869998931884766,38.099998474121094,38.2400016784668,23233800
C,2011-07-29,28.03939437866211,38.34000015258789,38.77000045776367,37.63999938964844,37.91999816894531,27141900
C,2011-08-01,28.14177703857422,38.47999954223633,39.380001068115234,37.91999816894531,39.34000015258789,33848100
C,2011-08-02,27.08864402770996,37.040000915527344,38.5,37.029998779296875,38.25,41079100
C,2011-08-03,27.24954605102539,37.2599983215332,37.459999084472656,36.41999816894531,37.04999923706055,31623100
C,2011-08-04,25.457773208618164,34.810001373291016,36.9900016784668,34.75,36.61000061035156,57091700
C,2011-08-05,24.455841064453125,33.439998626708984,35.5,31.809999465942383,34.970001220703125,103688800
C,2011-08-08,20.440814971923828,27.950000762939453,32.41999816894531,26.25,31.549999237060547,142308300
C,2011-08-09,23.271087646484375,31.81999969482422,32.90999984741211,28.489999771118164,29.43000030517578,120458000
C,2011-08-10,20.83574104309082,28.489999771118164,31.020000457763672,28.350000381469727,31.010000228881836,99090000
C,2011-08-11,22.15213966369629,30.290000915527344,31.0,28.579999923706055,29.200000762939453,63486600
C,2011-08-12,21.830358505249023,29.850000381469727,31.969999313354492,29.5,31.190000534057617,63917600
C,2011-08-15,22.868844985961914,31.270000457763672,31.31999969482422,30.25,30.59000015258789,45423900
C,2011-08-16,21.896177291870117,29.940000534057617,30.709999084472656,29.360000610351562,30.639999389648438,50459800
C,2011-08-17,21.830358505249023,29.850000381469727,30.829999923706055,29.700000762939453,30.270000457763672,33900900
C,2011-08-18,20.462759017944336,27.979999542236328,29.0,26.760000228881836,28.700000762939453,79479300
C,2011-08-19,19.577838897705078,26.770000457763672,28.559999465942383,26.75,27.40999984741211,56199100
C,2011-08-22,19.058595657348633,26.059999465942383,27.84000015258789,25.989999771118164,27.719999313354492,61703800
C,2011-08-23,19.980077743530273,27.31999969482422,27.34000015258789,25.399999618530273,26.1299991607666,68228200
C,2011-08-24,20.80648422241211,28.450000762939453,28.459999084472656,27.149999618530273,27.440000534057617,54803500
C,2011-08-25,21.81572914123535,29.829999923706055,31.579999923706055,28.969999313354492,30.809999465942383,93618100
C,2011-08-26,21.823041915893555,29.84000015258789,30.25,29.049999237060547,29.5,52076800
C,2011-08-29,22.88347053527832,31.290000915527344,31.290000915527344,30.309999465942383,30.56999969482422,35270900
C,2011-08-30,22.627506256103516,30.940000534057617,31.290000915527344,30.450000762939453,31.040000915527344,30682600
C,2011-08-31,22.707958221435547,31.049999237060547,31.540000915527344,30.760000228881836,31.229999542236328,34079800
C,2011-09-01,21.940053939819336,30.0,31.049999237060547,30.0,30.93000030517578,32273400
C,2011-09-02,20.769920349121094,28.399999618530273,29.030000686645508,28.260000228881836,28.420000076293945,36128000
C,2011-09-06,20.257984161376953,27.700000762939453,27.920000076293945,26.600000381469727,27.040000915527344,44663700
C,2011-09-07,21.194087982177734,28.979999542236328,29.200000762939453,28.100000381469727,28.329999923706055,35099200
C,2011-09-08,20.462759017944336,27.979999542236328,28.84000015258789,27.84000015258789,28.639999389648438,38061800
C,2011-09-09,19.555896759033203,26.739999771118164,27.799999237060547,26.639999389648438,27.649999618530273,46652300
C,2011-09-12,19.716796875,26.959999084472656,26.979999542236328,26.049999237060547,26.25,44486300
C,2011-09-13,19.78261947631836,27.049999237060547,27.649999618530273,26.81999969482422,27.149999618530273,36296700
C,2011-09-14,20.031265258789062,27.389999389648438,27.729999542236328,26.700000762939453,27.3799991607666,32634200
C,2011-09-15,20.908872604370117,28.59000015258789,28.600000381469727,27.559999465942383,27.920000076293945,40745500
C,2011-09-16,21.20140838623047,28.989999771118164,29.280000686645508,28.15999984741211,28.920000076293945,49241900
C,2011-09-19,20.265295028686523,27.709999084472656,28.079999923706055,27.31999969482422,28.06999969482422,37811400
C,2011-09-20,19.694852828979492,26.93000030517578,27.93000030517578,26.899999618530273,27.799999237060547,35419400
C,2011-09-21,18.66366958618164,25.520000457763672,27.530000686645508,25.510000228881836,27.0,73165300
C,2011-09-22,17.522783279418945,23.959999084472656,24.989999771118164,23.190000534057617,24.56999969482422,86914400
C,2011-09-23,18.268749237060547,24.979999542236328,25.149999618530273,23.459999084472656,23.520000457763672,56330600
C,2011-09-26,19.54127311706543,26.719999313354492,26.84000015258789,25.3700008392334,25.440000534057617,60165600
C,2011-09-27,19.73872947692871,26.989999771118164,28.31999969482422,26.75,27.889999389648438,61327200
C,2011-09-28,18.95621109008789,25.920000076293945,27.139999389648438,25.899999618530273,26.950000762939453,41353400
C,2011-09-29,19.672914505004883,26.899999618530273,27.239999771118164,25.920000076293945,26.829999923706055,44445900
C,2011-09-30,18.7368106842041,25.6200008392334,26.5,25.610000610351562,26.260000228881836,41243300
C,2011-10-03,16.901159286499023,23.110000610351562,25.68000030517578,23.049999237060547,25.15999984741211,69568400
C,2011-10-04,17.83726692199707,24.389999389648438,24.530000686645508,21.399999618530273,22.559999465942383,84504100
C,2011-10-05,18.0712890625,24.709999084472656,25.09000015258789,23.290000915527344,24.1299991607666,54164000
C,2011-10-06,19.02933692932129,26.020000457763672,26.219999313354492,24.280000686645508,24.719999313354492,69855700
C,2011-10-07,18.012781143188477,24.6299991607666,26.420000076293945,24.549999237060547,26.31999969482422,64586100
C,2011-10-10,19.373065948486328,26.489999771118164,26.5,25.40999984741211,25.440000534057617,46194400
C,2011-10-11,20.360368728637695,27.84000015258789,28.270000457763672,25.90999984741211,26.020000457763672,80653500
C,2011-10-12,21.354990005493164,29.200000762939453,29.969999313354492,28.18000030517578,28.389999389648438,89031000
C,2011-10-13,20.214107513427734,27.639999389648438,28.639999389648438,27.25,28.530000686645508,63361700
C,2011-10-14,20.769920349121094,28.399999618530273,28.40999984741211,27.229999542236328,28.209999084472656,48555700
C,2011-10-17,20.426191329956055,27.93000030517578,29.489999771118164,27.8799991607666,28.81999969482422,82340000
C,2011-10-18,21.85228729248047,29.8799991607666,30.530000686645508,28.010000228881836,28.389999389648438,78304400
C,2011-10-19,21.493942260742188,29.389999389648438,31.329999923706055,29.200000762939453,29.969999313354492,75783900
C,2011-10-20,21.99856185913086,30.079999923706055,30.200000762939453,28.700000762939453,29.3799991607666,52466000
C,2011-10-21,22.159454345703125,30.299999237060547,30.700000762939453,29.690000534057617,30.420000076293945,68536100
C,2011-10-24,23.110193252563477,31.600000381469727,31.850000381469727,30.479999542236328,30.479999542236328,58945800
C,2011-10-25,22.59825325012207,30.899999618530273,31.5,30.450000762939453,31.399999618530273,65217200
C,2011-10-26,22.78108787536621,31.149999618530273,31.8700008392334,30.270000457763672,31.59000015258789,68002100
C,2011-10-27,24.989717483520508,34.16999816894531,34.400001525878906,32.709999084472656,33.369998931884766,104602100
C,2011-10-28,24.98240852355957,34.15999984741211,34.38999938964844,33.220001220703125,33.54999923706055,51423800
C,2011-10-31,23.102876663208008,31.59000015258789,33.20000076293945,31.540000915527344,33.060001373291016,65573000
C,2011-11-01,21.333045959472656,29.170000076293945,30.270000457763672,28.399999618530273,28.920000076293945,90369200
C,2011-11-02,21.81572914123535,29.829999923706055,30.3799991607666,29.43000030517578,30.25,49419600
C,2011-11-03,22.518047332763672,30.780000686645508,31.100000381469727,29.290000915527344,30.6299991607666,63378600
C,2011-11-04,22.196147918701172,30.34000015258789,30.600000381469727,30.010000228881836,30.549999237060547,39917200
C,2011-11-07,22.34977912902832,30.549999237060547,30.649999618530273,29.799999237060547,30.34000015258789,34837700
C,2011-11-08,22.986257553100586,31.420000076293945,31.549999237060547,30.6299991607666,31.059999465942383,44373800
C,2011-11-09,21.10610008239746,28.850000381469727,30.200000762939453,28.700000762939453,30.139999389648438,62394700
C,2011-11-10,20.945144653320312,28.6299991607666,29.760000228881836,28.219999313354492,29.760000228881836,54183800
C,2011-11-11,21.45725440979004,29.329999923706055,29.6299991607666,29.110000610351562,29.18000030517578,40412100
C,2011-11-14,20.76225471496582,28.3799991607666,29.139999389648438,28.059999465942383,29.110000610351562,41679600
C,2011-11-15,20.498878479003906,28.020000457763672,28.549999237060547,27.399999618530273,28.040000915527344,62607800
C,2011-11-16,19.650245666503906,26.860000610351562,27.889999389648438,26.799999237060547,27.790000915527344,52980400
C,2011-11-17,19.02108383178711,26.0,27.020000457763672,25.799999237060547,27.020000457763672,60160600
C,2011-11-18,19.225940704345703,26.280000686645508,26.719999313354492,25.829999923706055,26.149999618530273,47280700
C,2011-11-21,18.289514541625977,25.0,25.65999984741211,24.729999542236328,25.639999389648438,62290100
C,2011-11-22,17.894460678100586,24.459999084472656,25.350000381469727,24.43000030517578,25.020000457763672,44985900
C,2011-11-23,17.19945526123047,23.510000228881836,24.100000381469727,23.299999237060547,24.079999923706055,60513700
C,2011-11-25,17.287242889404297,23.6299991607666,24.510000228881836,23.530000686645508,23.6299991607666,28169200
C,2011-11-28,18.32608985900879,25.049999237060547,25.479999542236328,24.649999618530273,25.229999542236328,63928900
C,2011-11-29,18.465087890625,25.239999771118164,25.799999237060547,24.600000381469727,24.959999084472656,58172500
C,2011-11-30,20.10382080078125,27.479999542236328,27.5,26.270000457763672,26.8700008392334,74290000
C,2011-12-01,19.745351791381836,26.989999771118164,27.229999542236328,26.600000381469727,27.079999923706055,41866700
C,2011-12-02,20.608617782592773,28.170000076293945,28.700000762939453,27.649999618530273,27.719999313354492,62471900
C,2011-12-05,21.823047637939453,29.829999923706055,30.139999389648438,28.920000076293945,29.020000457763672,80804300
C,2011-12-06,21.764514923095703,29.75,29.889999389648438,29.170000076293945,29.540000915527344,42795300
C,2011-12-07,21.823047637939453,29.829999923706055,30.0,28.719999313354492,29.18000030517578,53277800
C,2011-12-08,20.301355361938477,27.75,29.350000381469727,27.40999984741211,29.280000686645508,80314500
C,2011-12-09,21.04757308959961,28.770000457763672,29.270000457763672,27.950000762939453,28.190000534057617,59372400
C,2011-12-12,19.913618087768555,27.219999313354492,27.899999618530273,26.959999084472656,27.8700008392334,49251600
C,2011-12-13,19.679506301879883,26.899999618530273,27.700000762939453,26.34000015258789,27.549999237060547,56573800
C,2011-12-14,19.057666778564453,26.049999237060547,27.190000534057617,25.920000076293945,26.450000762939453,68337300
C,2011-12-15,18.96256446838379,25.920000076293945,26.899999618530273,25.8799991607666,26.6200008392334,44899200
C,2011-12-16,19.043033599853516,26.030000686645508,26.579999923706055,25.700000762939453,26.25,49643500
C,2011-12-19,18.157821655273438,24.81999969482422,26.06999969482422,24.399999618530273,26.049999237060547,72789000
C,2011-12-20,18.984508514404297,25.950000762939453,26.149999618530273,25.329999923706055,25.510000228881836,67653700
C,2011-12-21,19.09425163269043,26.100000381469727,26.200000762939453,25.40999984741211,26.1299991607666,44246000
C,2011-12-22,20.228195190429688,27.649999618530273,27.940000534057617,26.43000030517578,26.5,64529700
C,2011-12-23,20.08919334411621,27.459999084472656,27.93000030517578,27.110000610351562,27.899999618530273,35958100
C,2011-12-27,19.679506301879883,26.899999618530273,27.760000228881836,26.850000381469727,27.09000015258789,23916700
C,2011-12-28,19.116195678710938,26.1299991607666,27.030000686645508,26.020000457763672,26.989999771118164,30292700
C,2011-12-29,19.57709503173828,26.760000228881836,26.809999465942383,26.1299991607666,26.200000762939453,28016100
C,2011-12-30,19.247879028320312,26.309999465942383,26.780000686645508,26.290000915527344,26.520000457763672,26210200
C,2012-01-03,20.725675582885742,28.329999923706055,28.510000228881836,27.1299991607666,27.1299991607666,58169500
C,2012-01-04,20.608617782592773,28.170000076293945,28.3799991607666,27.6200008392334,28.040000915527344,41455000
C,2012-01-05,20.85735511779785,28.510000228881836,29.18000030517578,27.469999313354492,27.65999984741211,66793300
C,2012-01-06,20.886625289916992,28.549999237060547,29.059999465942383,28.010000228881836,28.65999984741211,48226900
C,2012-01-09,21.274356842041016,29.079999923706055,29.3799991607666,28.649999618530273,28.719999313354492,35017900
C,2012-01-10,21.947406768798828,30.0,30.139999389648438,29.65999984741211,29.75,47710900
C,2012-01-11,22.876514434814453,31.270000457763672,31.450000762939453,29.739999771118164,29.770000457763672,72656000
C,2012-01-12,23.117944717407227,31.600000381469727,32.09000015258789,30.860000610351562,31.850000381469727,58233900
C,2012-01-13,22.48878288269043,30.739999771118164,31.0,29.8799991607666,30.209999084472656,65632100
C,2012-01-17,20.645198822021484,28.219999313354492,29.969999313354492,28.15999984741211,29.18000030517578,116154600
C,2012-01-18,21.237773895263672,29.030000686645508,29.09000015258789,27.65999984741211,28.139999389648438,77552100
C,2012-01-19,21.45725440979004,29.329999923706055,30.040000915527344,29.100000381469727,29.790000915527344,63977200
C,2012-01-20,21.684043884277344,29.639999389648438,29.639999389648438,28.670000076293945,29.239999771118164,55968600
C,2012-01-23,21.837682723999023,29.850000381469727,30.329999923706055,29.40999984741211,29.579999923706055,39474700
C,2012-01-24,21.87424659729004,29.899999618530273,29.989999771118164,28.899999618530273,29.190000534057617,37257100
C,2012-01-25,21.918142318725586,29.959999084472656,30.149999618530273,29.31999969482422,29.389999389648438,39067000
C,2012-01-26,22.225414276123047,30.3799991607666,30.950000762939453,29.540000915527344,30.40999984741211,50455500
C,2012-01-27,22.583885192871094,30.8700008392334,30.90999984741211,30.020000457763672,30.059999465942383,37713400
C,2012-01-30,22.115671157836914,30.229999542236328,30.530000686645508,30.079999923706055,30.43000030517578,34772400
C,2012-01-31,22.47414779663086,30.719999313354492,30.899999618530273,30.299999237060547,30.670000076293945,40151200
C,2012-02-01,23.117944717407227,31.600000381469727,32.04999923706055,31.139999389648438,31.270000457763672,64155000
C,2012-02-02,23.410659790039062,31.989999771118164,32.34000015258789,31.34000015258789,31.649999618530273,41331200
C,2012-02-03,24.544967651367188,33.540000915527344,33.599998474121094,32.63999938964844,32.849998474121094,56356700
C,2012-02-06,24.369342803955078,33.29999923706055,33.369998931884766,32.939998626708984,33.18000030517578,32026000
C,2012-02-07,24.201025009155273,33.06999969482422,33.369998931884766,32.790000915527344,33.13999938964844,32391800
C,2012-02-08,25.049917221069336,34.22999954223633,34.279998779296875,33.25,33.279998779296875,49495300
C,2012-02-09,24.63279151916504,33.65999984741211,34.7400016784668,33.599998474121094,34.63999938964844,54651400
C,2012-02-10,24.098569869995117,32.93000030517578,33.20000076293945,32.650001525878906,32.970001220703125,40688300
C,2012-02-13,24.061979293823242,32.880001068115234,33.59000015258789,32.86000061035156,33.470001220703125,54999100
C,2012-02-14,23.476531982421875,32.08000183105469,32.70000076293945,31.350000381469727,32.68000030517578,54665300
C,2012-02-15,23.213069915771484,31.719999313354492,32.70000076293945,31.530000686645508,32.33000183105469,49170100
C,2012-02-16,23.937564849853516,32.709999084472656,32.720001220703125,31.06999969482422,31.43000030517578,51924500
C,2012-02-17,24.091245651245117,32.91999816894531,33.06999969482422,32.619998931884766,32.880001068115234,30968200
C,2012-02-21,24.413240432739258,33.36000061035156,33.529998779296875,32.90999984741211,32.970001220703125,45487500
C,2012-02-22,23.681440353393555,32.36000061035156,33.09000015258789,32.279998779296875,32.970001220703125,38321200
C,2012-02-23,23.937564849853516,32.709999084472656,32.91999816894531,32.08000183105469,32.400001525878906,34682100
C,2012-02-24,23.674118041992188,32.349998474121094,32.97999954223633,32.20000076293945,32.810001373291016,26596200
C,2012-02-27,24.098569869995117,32.93000030517578,33.029998779296875,31.93000030517578,32.04999923706055,36057200
C,2012-02-28,24.50106430053711,33.47999954223633,33.61000061035156,32.939998626708984,32.970001220703125,38179400
C,2012-02-29,24.383975982666016,33.31999969482422,34.0,33.2599983215332,33.52000045776367,43322100
C,2012-03-01,24.97673988342285,34.130001068115234,34.45000076293945,33.52000045776367,33.52000045776367,47853800
C,2012-03-02,24.954784393310547,34.099998474121094,34.47999954223633,34.08000183105469,34.25,32112000
C,2012-03-05,24.64742660522461,33.68000030517578,34.0,33.40999984741211,33.939998626708984,33306000
C,2012-03-06,23.505800247192383,32.119998931884766,32.95000076293945,31.770000457763672,32.7599983215332,49832100
C,2012-03-07,24.325428009033203,33.2400016784668,33.36000061035156,32.31999969482422,32.47999954223633,34763400
C,2012-03-08,24.881603240966797,34.0,34.02000045776367,33.209999084472656,33.68000030517578,35951400
C,2012-03-09,25.02796745300293,34.20000076293945,34.88999938964844,34.09000015258789,34.310001373291016,42006000
C,2012-03-12,25.09383201599121,34.290000915527344,34.310001373291016,33.540000915527344,33.91999816894531,38513800
C,2012-03-13,26.674549102783203,36.45000076293945,36.720001220703125,34.869998931884766,34.970001220703125,91242400
C,2012-03-14,25.76710319519043,35.209999084472656,36.099998474121094,34.880001068115234,35.25,113680500
C,2012-03-15,26.54281997680664,36.27000045776367,36.59000015258789,35.08000183105469,35.470001220703125,61559900
C,2012-03-16,26.85017967224121,36.689998626708984,36.79999923706055,36.27000045776367,36.4900016784668,46028600
C,2012-03-19,27.20145606994629,37.16999816894531,38.400001525878906,36.540000915527344,36.779998779296875,72146000
C,2012-03-20,27.867401123046875,38.08000183105469,38.38999938964844,36.720001220703125,36.849998474121094,58269900
C,2012-03-21,27.662498474121094,37.79999923706055,38.31999969482422,37.31999969482422,38.209999084472656,46300300
C,2012-03-22,27.003868103027344,36.900001525878906,37.5,36.54999923706055,37.279998779296875,51433700
C,2012-03-23,27.172170639038086,37.130001068115234,37.38999938964844,36.65999984741211,36.7599983215332,34154700
C,2012-03-26,27.391727447509766,37.43000030517578,37.689998626708984,37.18000030517578,37.599998474121094,27895100
C,2012-03-27,26.916051864624023,36.779998779296875,37.720001220703125,36.77000045776367,37.400001525878906,31146600
C,2012-03-28,27.120956420898438,37.060001373291016,37.2400016784668,36.52000045776367,36.709999084472656,36305600
C,2012-03-29,26.718456268310547,36.5099983215332,36.779998779296875,35.93000030517578,36.630001068115234,32684100
C,2012-03-30,26.747716903686523,36.54999923706055,36.79999923706055,36.25,36.70000076293945,23966200
C,2012-04-02,26.98190689086914,36.869998931884766,37.13999938964844,36.15999984741211,36.400001525878906,23825400
C,2012-04-03,26.61600112915039,36.369998931884766,36.84000015258789,36.0,36.70000076293945,30799800
C,2012-04-04,25.642696380615234,35.040000915527344,35.88999938964844,34.81999969482422,35.880001068115234,45697800
C,2012-04-05,25.459728240966797,34.790000915527344,35.279998779296875,34.529998779296875,34.72999954223633,31465700
C,2012-04-09,24.85964584350586,33.970001220703125,34.27000045776367,33.58000183105469,34.0,34335400
C,2012-04-10,24.04734230041504,32.86000061035156,34.400001525878906,32.70000076293945,33.95000076293945,58489800
C,2012-04-11,24.581562042236328,33.59000015258789,33.9900016784668,33.279998779296875,33.59000015258789,30680500
C,2012-04-12,25.342641830444336,34.630001068115234,34.869998931884766,33.61000061035156,33.79999923706055,36908700
C,2012-04-13,24.449840545654297,33.40999984741211,34.65999984741211,33.15999984741211,34.619998931884766,41220900
C,2012-04-16,24.881603240966797,34.0,34.70000076293945,33.7599983215332,34.16999816894531,59668700
C,2012-04-17,25.67197036743164,35.08000183105469,35.40999984741211,34.43000030517578,34.81999969482422,52307900
C,2012-04-18,25.67197036743164,35.08000183105469,35.9900016784668,34.88999938964844,34.88999938964844,41510700
C,2012-04-19,25.503650665283203,34.849998474121094,35.5,34.459999084472656,35.439998626708984,40303900
C,2012-04-20,24.801103591918945,33.88999938964844,35.029998779296875,33.79999923706055,34.959999084472656,37359200
C,2012-04-23,24.332744598388672,33.25,33.310001373291016,32.459999084472656,32.84000015258789,39887900
C,2012-04-24,24.4571590423584,33.41999816894531,33.90999984741211,33.0,33.369998931884766,30282900
C,2012-04-25,24.64742660522461,33.68000030517578,34.08000183105469,33.209999084472656,34.040000915527344,32379600
C,2012-04-26,24.793794631958008,33.880001068115234,34.13999938964844,33.349998474121094,33.41999816894531,28828900
C,2012-04-27,24.515703201293945,33.5,34.09000015258789,33.38999938964844,34.040000915527344,28829900
C,2012-04-30,24.17906379699707,33.040000915527344,33.40999984741211,32.72999954223633,33.349998474121094,26263300
C,2012-05-01,24.588878631591797,33.599998474121094,33.90999984741211,32.75,32.91999816894531,35450300
C,2012-05-02,23.93025779724121,32.70000076293945,33.33000183105469,32.65999984741211,33.290000915527344,32805100
C,2012-05-03,23.776521682739258,32.47999954223633,32.90999984741211,32.209999084472656,32.779998779296875,31713200
C,2012-05-04,23.132335662841797,31.600000381469727,32.54999923706055,31.56999969482422,32.34000015258789,34461400
C,2012-05-07,23.183578491210938,31.670000076293945,31.979999542236328,31.059999465942383,31.139999389648438,36302400
C,2012-05-08,22.927364349365234,31.31999969482422,31.610000610351562,31.0,31.079999923706055,27727300
C,2012-05-09,22.290491104125977,30.450000762939453,31.0,30.200000762939453,30.8799991607666,47974900
C,2012-05-10,22.43689727783203,30.649999618530273,31.450000762939453,30.459999084472656,31.100000381469727,36923000
C,2012-05-11,21.48525047302246,29.350000381469727,29.969999313354492,29.1200008392334,29.360000610351562,59709500
C,2012-05-14,20.5994873046875,28.139999389648438,29.170000076293945,28.059999465942383,28.889999389648438,51814200
C,2012-05-15,20.34327507019043,27.790000915527344,28.600000381469727,27.649999618530273,28.3799991607666,60977400
C,2012-05-16,19.706409454345703,26.920000076293945,28.440000534057617,26.90999984741211,28.100000381469727,54396100
C,2012-05-17,19.33306884765625,26.40999984741211,27.399999618530273,26.329999923706055,26.969999313354492,68419000
C,2012-05-18,19.04024887084961,26.010000228881836,26.549999237060547,25.829999923706055,26.469999313354492,60358300
C,2012-05-21,19.215944290161133,26.25,26.739999771118164,25.75,26.200000762939453,47884900
C,2012-05-22,19.706409454345703,26.920000076293945,27.700000762939453,26.520000457763672,26.649999618530273,50788200
C,2012-05-23,19.874774932861328,27.149999618530273,27.170000076293945,26.079999923706055,26.530000686645508,48579300
C,2012-05-24,19.516069412231445,26.65999984741211,27.43000030517578,26.309999465942383,27.260000228881836,40744800
C,2012-05-25,19.376983642578125,26.469999313354492,26.93000030517578,26.350000381469727,26.3700008392334,25276300
C,2012-05-29,19.779605865478516,27.020000457763672,27.06999969482422,26.670000076293945,26.84000015258789,27076800
C,2012-05-30,19.032930374145508,26.0,26.610000610351562,25.979999542236328,26.530000686645508,33578900
C,2012-05-31,19.406259536743164,26.510000228881836,26.780000686645508,25.860000610351562,26.200000762939453,37222100
C,2012-06-01,18.586389541625977,25.389999389648438,26.079999923706055,25.25,25.860000610351562,41527800
C,2012-06-04,18.16912841796875,24.81999969482422,25.530000686645508,24.610000610351562,25.459999084472656,38793800
C,2012-06-05,18.84992027282715,25.75,25.8799991607666,24.739999771118164,24.75,36086100
C,2012-06-06,19.86745262145996,27.139999389648438,27.149999618530273,26.010000228881836,26.309999465942383,47077900
C,2012-06-07,19.699079513549805,26.90999984741211,27.950000762939453,26.68000030517578,27.770000457763672,44148600
C,2012-06-08,20.328636169433594,27.770000457763672,27.790000915527344,26.360000610351562,26.639999389648438,36994900
C,2012-06-11,19.38430404663086,26.479999542236328,28.5,26.43000030517578,28.43000030517578,58250900
C,2012-06-12,20.218830108642578,27.6200008392334,27.649999618530273,26.420000076293945,26.65999984741211,43147200
C,2012-06-13,20.255428314208984,27.670000076293945,28.100000381469727,27.06999969482422,27.34000015258789,46785400
C,2012-06-14,20.43111801147461,27.90999984741211,28.15999984741211,27.56999969482422,27.760000228881836,45508800
C,2012-06-15,20.72393226623535,28.309999465942383,28.309999465942383,27.100000381469727,28.100000381469727,60019800
C,2012-06-18,20.167585372924805,27.549999237060547,28.1200008392334,27.5,27.979999542236328,32822200
C,2012-06-19,20.863018035888672,28.5,28.690000534057617,27.8799991607666,27.93000030517578,42654400
C,2012-06-20,21.126554489135742,28.860000610351562,29.309999465942383,28.3799991607666,28.700000762939453,47693300
C,2012-06-21,20.3725643157959,27.829999923706055,29.200000762939453,27.760000228881836,28.8799991607666,39787200
C,2012-06-22,20.489686965942383,27.989999771118164,28.3799991607666,27.799999237060547,28.15999984741211,29956200
C,2012-06-25,19.58196258544922,26.75,27.329999923706055,26.5,27.260000228881836,43716100
C,2012-06-26,19.56731605529785,26.729999542236328,27.100000381469727,26.56999969482422,26.84000015258789,34250300
C,2012-06-27,19.838178634643555,27.100000381469727,27.219999313354492,26.5,26.809999465942383,29528900
C,2012-06-28,19.318422317504883,26.389999389648438,26.739999771118164,25.6299991607666,26.459999084472656,68262300
C,2012-06-29,20.065101623535156,27.40999984741211,27.59000015258789,27.010000228881836,27.450000762939453,54296400
C,2012-07-02,20.10169792175293,27.459999084472656,27.93000030517578,26.969999313354492,27.469999313354492,29971400
C,2012-07-03,20.240785598754883,27.649999618530273,27.770000457763672,27.190000534057617,27.399999618530273,14966500
C,2012-07-05,19.647844314575195,26.84000015258789,27.6200008392334,26.700000762939453,27.520000457763672,31836300
C,2012-07-06,19.296463012695312,26.360000610351562,26.770000457763672,26.100000381469727,26.440000534057617,27552100
C,2012-07-09,19.11345672607422,26.110000610351562,26.3799991607666,25.799999237060547,26.209999084472656,27902500
C,2012-07-10,18.945091247558594,25.8799991607666,26.610000610351562,25.700000762939453,26.440000534057617,27895100
C,2012-07-11,18.93776512145996,25.8700008392334,26.459999084472656,25.719999313354492,25.959999084472656,37863200
C,2012-07-12,18.505863189697266,25.280000686645508,25.649999618530273,25.149999618530273,25.610000610351562,36919200
C,2012-07-13,19.508752822875977,26.649999618530273,26.969999313354492,25.540000915527344,25.579999923706055,48422100
C,2012-07-16,19.625879287719727,26.809999465942383,27.530000686645508,26.6200008392334,27.450000762939453,59427600
C,2012-07-17,20.04314422607422,27.3799991607666,27.40999984741211,26.610000610351562,27.1299991607666,39561100
C,2012-07-18,19.838178634643555,27.100000381469727,27.5,26.90999984741211,27.190000534057617,32283900
C,2012-07-19,19.464834213256836,26.59000015258789,27.350000381469727,26.450000762939453,27.15999984741211,33200800
C,2012-07-20,18.93776512145996,25.8700008392334,26.260000228881836,25.850000381469727,26.260000228881836,31663300
C,2012-07-23,18.54979133605957,25.34000015258789,25.420000076293945,25.010000228881836,25.100000381469727,39012600
C,2012-07-24,18.476579666137695,25.239999771118164,25.489999771118164,24.90999984741211,25.440000534057617,35737900
C,2012-07-25,18.879199981689453,25.790000915527344,26.100000381469727,25.459999084472656,25.469999313354492,37005900
C,2012-07-26,19.237911224365234,26.280000686645508,26.520000457763672,26.0,26.469999313354492,29947900
C,2012-07-27,19.98457908630371,27.299999237060547,27.600000381469727,26.350000381469727,26.600000381469727,52233900
C,2012-07-30,19.86745262145996,27.139999389648438,27.3799991607666,26.979999542236328,27.25,26263900
C,2012-07-31,19.860132217407227,27.1299991607666,27.270000457763672,26.760000228881836,26.979999542236328,24735600
C,2012-08-01,19.603918075561523,26.780000686645508,27.34000015258789,26.5,27.299999237060547,38396000
C,2012-08-02,19.171863555908203,26.18000030517578,26.639999389648438,26.0,26.239999771118164,31938700
C,2012-08-03,20.065279006958008,27.399999618530273,27.68000030517578,26.600000381469727,26.84000015258789,39855200
C,2012-08-06,20.91475486755371,28.559999465942383,28.729999542236328,27.40999984741211,27.579999923706055,40063000
C,2012-08-07,21.156414031982422,28.889999389648438,29.389999389648438,28.56999969482422,28.6200008392334,39406800
C,2012-08-08,21.13444709777832,28.860000610351562,29.139999389648438,28.440000534057617,28.6299991607666,21628800
C,2012-08-09,21.13444709777832,28.860000610351562,28.989999771118164,28.6200008392334,28.799999237060547,17522000
C,2012-08-10,21.163740158081055,28.899999618530273,28.989999771118164,28.350000381469727,28.639999389648438,25277600
C,2012-08-13,21.07585906982422,28.780000686645508,29.149999618530273,28.540000915527344,28.84000015258789,22901800
C,2012-08-14,21.068538665771484,28.770000457763672,29.190000534057617,28.68000030517578,28.90999984741211,26002900
C,2012-08-15,21.046567916870117,28.739999771118164,28.959999084472656,28.559999465942383,28.65999984741211,19283200
C,2012-08-16,21.105154037475586,28.81999969482422,28.940000534057617,28.309999465942383,28.760000228881836,21641400
C,2012-08-17,21.25893783569336,29.030000686645508,29.100000381469727,28.790000915527344,28.90999984741211,27365000
C,2012-08-20,21.95462989807129,29.979999542236328,29.979999542236328,28.860000610351562,28.959999084472656,31880800
C,2012-08-21,22.503860473632812,30.729999542236328,31.1200008392334,30.139999389648438,30.229999542236328,64434500
C,2012-08-22,22.32811164855957,30.489999771118164,30.920000076293945,30.260000228881836,30.56999969482422,31092000
C,2012-08-23,21.66903305053711,29.59000015258789,30.600000381469727,29.450000762939453,30.459999084472656,31208400
C,2012-08-24,21.844791412353516,29.829999923706055,29.940000534057617,29.020000457763672,29.329999923706055,29697600
C,2012-08-27,21.742265701293945,29.690000534057617,30.079999923706055,29.420000076293945,29.899999618530273,24897100
C,2012-08-28,21.485958099365234,29.34000015258789,29.889999389648438,29.309999465942383,29.530000686645508,20453900
C,2012-08-29,21.903371810913086,29.90999984741211,30.040000915527344,29.200000762939453,29.270000457763672,26634600
C,2012-08-30,21.712968826293945,29.649999618530273,29.790000915527344,29.360000610351562,29.729999542236328,21811500
C,2012-08-31,21.75691032409668,29.709999084472656,30.190000534057617,29.540000915527344,29.899999618530273,25333200
C,2012-09-04,21.749588012695312,29.700000762939453,30.06999969482422,29.530000686645508,29.530000686645508,23189700
C,2012-09-05,21.800844192504883,29.770000457763672,29.920000076293945,29.600000381469727,29.719999313354492,18163900
C,2012-09-06,22.789466857910156,31.1200008392334,31.149999618530273,29.8799991607666,29.899999618530273,59369400
C,2012-09-07,23.485157012939453,32.06999969482422,32.45000076293945,31.399999618530273,31.399999618530273,52132900
C,2012-09-10,23.309410095214844,31.829999923706055,32.599998474121094,31.770000457763672,32.130001068115234,32084700
C,2012-09-11,23.917224884033203,32.65999984741211,34.4900016784668,31.31999969482422,31.889999389648438,37575500
C,2012-09-12,24.202821731567383,33.04999923706055,33.58000183105469,32.81999969482422,33.0099983215332,41363700
C,2012-09-13,25.228059768676758,34.45000076293945,34.5,32.63999938964844,32.970001220703125,62548500
C,2012-09-14,25.477039337158203,34.790000915527344,35.25,34.47999954223633,35.040000915527344,59510200
C,2012-09-17,24.942455291748047,34.060001373291016,34.720001220703125,33.849998474121094,34.470001220703125,31628600
C,2012-09-18,24.854576110839844,33.939998626708984,34.0,33.31999969482422,33.7400016784668,37055100
C,2012-09-19,25.030338287353516,34.18000030517578,34.540000915527344,33.880001068115234,34.029998779296875,44888800
C,2012-09-20,24.75938606262207,33.810001373291016,33.9900016784668,33.2599983215332,33.560001373291016,31832500
C,2012-09-21,24.6568546295166,33.66999816894531,34.400001525878906,33.5099983215332,34.34000015258789,30342600
C,2012-09-24,24.525039672851562,33.4900016784668,33.779998779296875,33.20000076293945,33.27000045776367,28090000
C,2012-09-25,24.063682556152344,32.86000061035156,33.900001525878906,32.849998474121094,33.68000030517578,37088900
C,2012-09-26,23.807373046875,32.5099983215332,32.79999923706055,31.8799991607666,32.540000915527344,46571400
C,2012-09-27,24.14423942565918,32.970001220703125,33.33000183105469,32.560001373291016,32.84000015258789,32072500
C,2012-09-28,23.96116065979004,32.720001220703125,33.119998931884766,32.529998779296875,32.72999954223633,28952300
C,2012-10-01,23.983121871948242,32.75,33.59000015258789,32.70000076293945,33.0,33550700
C,2012-10-02,24.35660743713379,33.2599983215332,33.380001068115234,32.869998931884766,33.27000045776367,25460500
C,2012-10-03,24.942455291748047,34.060001373291016,34.060001373291016,33.04999923706055,33.439998626708984,34206500
C,2012-10-04,25.60153579711914,34.959999084472656,35.09000015258789,34.27000045776367,34.40999984741211,39524000
C,2012-10-05,25.462390899658203,34.77000045776367,35.7400016784668,34.599998474121094,35.38999938964844,42369700
C,2012-10-08,25.469715118408203,34.779998779296875,34.88999938964844,34.22999954223633,34.22999954223633,20622700
C,2012-10-09,25.33789825439453,34.599998474121094,35.08000183105469,34.52000045776367,34.81999969482422,29208800
C,2012-10-10,25.73334503173828,35.13999938964844,35.18000030517578,34.59000015258789,34.709999084472656,29302200
C,2012-10-11,26.011629104614258,35.52000045776367,36.15999984741211,35.36000061035156,35.66999816894531,44125600
C,2012-10-12,25.447750091552734,34.75,35.650001525878906,34.65999984741211,34.810001373291016,42554900
C,2012-10-15,26.84645652770996,36.65999984741211,36.70000076293945,35.20000076293945,35.400001525878906,76080200
C,2012-10-16,27.27851676940918,37.25,37.400001525878906,36.25,36.40999984741211,128150100
C,2012-10-17,28.142650604248047,38.43000030517578,38.47999954223633,37.560001373291016,37.66999816894531,69122700
C,2012-10-18,28.135326385498047,38.41999816894531,38.720001220703125,38.0099983215332,38.2400016784668,43728600
C,2012-10-19,27.212614059448242,37.15999984741211,38.060001373291016,37.0099983215332,38.029998779296875,59598800
C,2012-10-22,27.622713088989258,37.720001220703125,37.75,37.09000015258789,37.209999084472656,35734500
C,2012-10-23,27.014883041381836,36.88999938964844,37.29999923706055,36.79999923706055,36.9900016784668,36533100
C,2012-10-24,27.315128326416016,37.29999923706055,37.70000076293945,37.02000045776367,37.25,41788700
C,2012-10-25,27.395694732666016,37.40999984741211,37.84000015258789,36.900001525878906,37.720001220703125,32797300
C,2012-10-26,26.80251693725586,36.599998474121094,37.310001373291016,36.47999954223633,37.13999938964844,40482500
C,2012-10-31,27.381052017211914,37.38999938964844,37.47999954223633,36.7400016784668,36.97999954223633,34193700
C,2012-11-01,27.79857635498047,37.95000076293945,38.0,37.349998474121094,37.56999969482422,36174700
C,2012-11-02,27.542203903198242,37.599998474121094,38.15999984741211,37.5099983215332,38.099998474121094,24526300
C,2012-11-05,27.337095260620117,37.31999969482422,37.59000015258789,36.95000076293945,37.29999923706055,25782400
C,2012-11-06,28.179475784301758,38.470001220703125,38.5,37.43000030517578,37.45000076293945,39803700
C,2012-11-07,26.406810760498047,36.04999923706055,37.790000915527344,36.0,37.619998931884766,68287600
C,2012-11-08,26.37018585205078,36.0,36.650001525878906,35.95000076293945,36.459999084472656,40321600
C,2012-11-09,26.31890106201172,35.93000030517578,36.52000045776367,35.400001525878906,35.58000183105469,37701300
C,2012-11-12,26.67783546447754,36.41999816894531,36.7400016784668,35.959999084472656,36.119998931884766,24364200
C,2012-11-13,26.48739242553711,36.15999984741211,36.77000045776367,35.93000030517578,36.0099983215332,25977400
C,2012-11-14,25.652334213256836,35.02000045776367,36.459999084472656,34.88999938964844,36.290000915527344,49909500
C,2012-11-15,25.7915096282959,35.209999084472656,35.79999923706055,35.0099983215332,35.189998626708984,39677700
C,2012-11-16,25.623035430908203,34.97999954223633,35.310001373291016,34.16999816894531,35.150001525878906,52828200
C,2012-11-19,26.44343376159668,36.099998474121094,36.41999816894531,35.70000076293945,35.72999954223633,34352000
C,2012-11-20,26.37018585205078,36.0,36.38999938964844,35.70000076293945,35.849998474121094,37247900
C,2012-11-21,26.201711654663086,35.77000045776367,36.09000015258789,35.58000183105469,36.09000015258789,19638900
C,2012-11-23,26.39215850830078,36.029998779296875,36.099998474121094,35.81999969482422,35.959999084472656,13501300
C,2012-11-26,26.055213928222656,35.56999969482422,35.84000015258789,35.36000061035156,35.83000183105469,25519300
C,2012-11-27,25.6669864654541,35.040000915527344,35.81999969482422,35.02000045776367,35.529998779296875,31273300
C,2012-11-28,25.688953399658203,35.06999969482422,35.08000183105469,34.040000915527344,34.77000045776367,48663700
C,2012-11-29,25.7915096282959,35.209999084472656,35.63999938964844,35.02000045776367,35.380001068115234,31678000
C,2012-11-30,25.322708129882812,34.56999969482422,35.2400016784668,34.220001220703125,34.95000076293945,41674500
C,2012-12-03,25.066328048706055,34.220001220703125,34.9900016784668,34.130001068115234,34.959999084472656,38383600
C,2012-12-04,25.11760139465332,34.290000915527344,34.5099983215332,34.06999969482422,34.130001068115234,31781900
C,2012-12-05,26.7071475982666,36.459999084472656,37.06999969482422,35.099998474121094,35.27000045776367,84672900
C,2012-12-06,27.117341995239258,37.02000045776367,37.029998779296875,36.25,36.59000015258789,44260900
C,2012-12-07,27.571496963500977,37.63999938964844,37.75,37.310001373291016,37.41999816894531,43946600
C,2012-12-10,27.24186134338379,37.189998626708984,37.5,37.029998779296875,37.349998474121094,26715900
C,2012-12-11,27.102685928344727,37.0,37.560001373291016,36.83000183105469,37.43000030517578,29748900
C,2012-12-12,27.490917205810547,37.529998779296875,37.81999969482422,37.11000061035156,37.150001525878906,42252800
C,2012-12-13,27.315122604370117,37.290000915527344,37.75,37.220001220703125,37.5,30445400
C,2012-12-14,27.542203903198242,37.599998474121094,37.68000030517578,37.130001068115234,37.310001373291016,24596000
C,2012-12-17,28.67758560180664,39.150001525878906,39.20000076293945,37.7599983215332,37.77000045776367,52474700
C,2012-12-18,28.904659271240234,39.459999084472656,39.939998626708984,38.779998779296875,39.209999084472656,62611800
C,2012-12-19,28.897336959838867,39.45000076293945,40.11000061035156,39.310001373291016,39.689998626708984,45812600
C,2012-12-20,29.42473030090332,40.16999816894531,40.18000030517578,39.29999923706055,39.31999969482422,37806600
C,2012-12-21,28.926626205444336,39.4900016784668,39.650001525878906,38.5,38.900001525878906,47568200
C,2012-12-24,28.846054077148438,39.380001068115234,39.54999923706055,39.15999984741211,39.34000015258789,8674800
C,2012-12-26,28.970577239990234,39.54999923706055,39.75,39.18000030517578,39.40999984741211,20297700
C,2012-12-27,28.750818252563477,39.25,39.880001068115234,38.59000015258789,39.68000030517578,30332300
C,2012-12-28,28.575029373168945,39.0099983215332,39.25,38.77000045776367,38.81999969482422,24563800
C,2012-12-31,28.977903366088867,39.560001373291016,39.599998474121094,38.650001525878906,38.939998626708984,37172800
C,2013-01-02,30.215845108032227,41.25,41.400001525878906,40.70000076293945,40.90999984741211,45648500
C,2013-01-03,30.318384170532227,41.38999938964844,41.5,41.040000915527344,41.16999816894531,38343300
C,2013-01-04,31.080198287963867,42.43000030517578,42.540000915527344,41.630001068115234,41.7599983215332,46310100
C,2013-01-07,31.1094913482666,42.470001220703125,42.54999923706055,41.970001220703125,42.540000915527344,36305100
C,2013-01-08,31.102170944213867,42.459999084472656,42.470001220703125,42.029998779296875,42.290000915527344,28185200
C,2013-01-09,30.79452133178711,42.040000915527344,43.25,41.810001373291016,42.5,44923500
C,2013-01-10,31.373188018798828,42.83000183105469,43.060001373291016,41.97999954223633,42.34000015258789,42154200
C,2013-01-11,31.014263153076172,42.34000015258789,42.83000183105469,41.91999816894531,42.81999969482422,42517300
C,2013-01-14,30.92637062072754,42.220001220703125,42.54999923706055,41.709999084472656,42.36000061035156,26795300
C,2013-01-15,31.1827449798584,42.56999969482422,42.7400016784668,41.77000045776367,41.810001373291016,29118700
C,2013-01-16,31.116819381713867,42.47999954223633,42.849998474121094,42.25,42.540000915527344,36165300
C,2013-01-17,30.208507537841797,41.2400016784668,41.619998931884766,40.900001525878906,41.529998779296875,80185700
C,2013-01-18,30.516170501708984,41.65999984741211,41.7400016784668,41.11000061035156,41.27000045776367,40807100
C,2013-01-22,30.604068756103516,41.779998779296875,41.81999969482422,40.81999969482422,41.349998474121094,42035900
C,2013-01-23,30.779874801635742,42.02000045776367,42.220001220703125,41.540000915527344,41.849998474121094,32339300
C,2013-01-24,31.351226806640625,42.79999923706055,43.20000076293945,42.040000915527344,42.099998474121094,34462600
C,2013-01-25,31.431804656982422,42.90999984741211,43.34000015258789,42.619998931884766,43.130001068115234,26707200
C,2013-01-28,31.014263153076172,42.34000015258789,42.97999954223633,42.22999954223633,42.97999954223633,27213600
C,2013-01-29,30.882423400878906,42.15999984741211,42.599998474121094,41.95000076293945,42.06999969482422,26998900
C,2013-01-30,30.728593826293945,41.95000076293945,42.18000030517578,41.7599983215332,41.9900016784668,21801200
C,2013-01-31,30.889787673950195,42.15999984741211,42.290000915527344,41.619998931884766,41.880001068115234,21324700
C,2013-02-01,31.519887924194336,43.02000045776367,43.20000076293945,42.220001220703125,42.47999954223633,34997400
C,2013-02-04,30.926416397094727,42.209999084472656,42.900001525878906,42.16999816894531,42.369998931884766,25691500
C,2013-02-05,31.446619033813477,42.91999816894531,43.20000076293945,42.349998474121094,42.41999816894531,24224200
C,2013-02-06,31.5418701171875,43.04999923706055,43.04999923706055,42.5,42.52000045776367,22059300
C,2013-02-07,31.409982681274414,42.869998931884766,43.4900016784668,42.31999969482422,43.11000061035156,29381400
C,2013-02-08,31.270780563354492,42.68000030517578,43.09000015258789,42.560001373291016,42.95000076293945,17441800
C,2013-02-11,31.615129470825195,43.150001525878906,43.400001525878906,42.4900016784668,42.65999984741211,23462700
C,2013-02-12,32.49433898925781,44.349998474121094,44.5,43.0,43.2400016784668,39087500
C,2013-02-13,32.23792266845703,44.0,44.68000030517578,43.7599983215332,44.470001220703125,26663400
C,2013-02-14,32.47237014770508,44.31999969482422,44.41999816894531,43.75,43.83000183105469,20048500
C,2013-02-15,32.120697021484375,43.84000015258789,44.5099983215332,43.630001068115234,44.47999954223633,23244700
C,2013-02-19,32.60425567626953,44.5,44.709999084472656,43.95000076293945,43.9900016784668,23709100
C,2013-02-20,31.666418075561523,43.220001220703125,44.47999954223633,43.119998931884766,44.47999954223633,26464100
C,2013-02-21,31.029001235961914,42.349998474121094,42.79999923706055,41.88999938964844,42.790000915527344,37602900
C,2013-02-22,31.351367950439453,42.790000915527344,42.970001220703125,42.40999984741211,42.79999923706055,23756400
C,2013-02-25,30.149768829345703,41.150001525878906,43.369998931884766,41.040000915527344,43.119998931884766,34939800
C,2013-02-26,30.252357482910156,41.290000915527344,41.58000183105469,40.279998779296875,41.40999984741211,46233000
C,2013-02-27,30.889787673950195,42.15999984741211,42.34000015258789,41.02000045776367,41.29999923706055,29204600
C,2013-02-28,30.75057601928711,41.970001220703125,42.689998626708984,41.75,42.08000183105469,28914100
C,2013-03-01,30.853145599365234,42.11000061035156,42.52000045776367,41.02000045776367,41.560001373291016,29850300
C,2013-03-04,31.461273193359375,42.939998626708984,42.939998626708984,41.970001220703125,41.9900016784668,27216000
C,2013-03-05,31.944841384887695,43.599998474121094,44.029998779296875,43.099998474121094,43.40999984741211,43223400
C,2013-03-06,32.66285705566406,44.58000183105469,44.75,43.900001525878906,43.970001220703125,35986300
C,2013-03-07,32.97059631347656,45.0,45.130001068115234,44.45000076293945,44.560001373291016,40245900
C,2013-03-08,34.20148849487305,46.68000030517578,46.70000076293945,45.369998931884766,45.97999954223633,63728900
C,2013-03-11,34.87556457519531,47.599998474121094,47.91999816894531,46.400001525878906,46.810001373291016,51807400
C,2013-03-12,34.399322509765625,46.95000076293945,47.45000076293945,46.400001525878906,47.34000015258789,35089100
C,2013-03-13,34.41397476196289,46.970001220703125,47.0,46.33000183105469,46.880001068115234,27654300
C,2013-03-14,34.77299499511719,47.459999084472656,47.65999984741211,47.04999923706055,47.060001373291016,26017300
C,2013-03-15,34.62644958496094,47.2599983215332,47.56999969482422,46.91999816894531,47.52000045776367,48856400
C,2013-03-18,33.87910842895508,46.2400016784668,46.560001373291016,45.90999984741211,46.040000915527344,38550200
C,2013-03-19,33.549415588378906,45.790000915527344,46.95000076293945,45.400001525878906,46.5,44416000
C,2013-03-20,33.76920700073242,46.09000015258789,46.459999084472656,45.970001220703125,46.13999938964844,24498700
C,2013-03-21,33.139095306396484,45.22999954223633,46.45000076293945,45.220001220703125,45.90999984741211,33126900
C,2013-03-22,33.139095306396484,45.22999954223633,45.540000915527344,44.95000076293945,45.529998779296875,26449100
C,2013-03-25,32.596927642822266,44.4900016784668,45.81999969482422,44.33000183105469,45.7599983215332,32795800
C,2013-03-26,32.846046447753906,44.83000183105469,45.09000015258789,44.36000061035156,44.689998626708984,24940500
C,2013-03-27,32.574947357177734,44.459999084472656,44.63999938964844,44.15999984741211,44.43000030517578,26298000
C,2013-03-28,32.413753509521484,44.2400016784668,44.75,44.04999923706055,44.45000076293945,25355400
C,2013-04-01,32.08405685424805,43.790000915527344,44.709999084472656,43.65999984741211,44.31999969482422,19623400
C,2013-04-02,32.318511962890625,44.11000061035156,44.47999954223633,43.880001068115234,43.97999954223633,25145000
C,2013-04-03,31.138896942138672,42.5,44.099998474121094,42.20000076293945,43.970001220703125,47968100
C,2013-04-04,31.336719512939453,42.77000045776367,42.97999954223633,42.150001525878906,42.529998779296875,38527900
C,2013-04-05,31.512554168701172,43.0099983215332,43.15999984741211,41.599998474121094,41.75,32561500
C,2013-04-08,31.915542602539062,43.560001373291016,43.619998931884766,42.540000915527344,43.060001373291016,23502800
C,2013-04-09,32.15732955932617,43.88999938964844,44.279998779296875,43.68000030517578,43.689998626708984,26793500
C,2013-04-10,33.01454544067383,45.060001373291016,45.25,44.18000030517578,44.22999954223633,28334200
C,2013-04-11,32.87533950805664,44.869998931884766,45.54999923706055,44.650001525878906,45.099998474121094,28399900
C,2013-04-12,32.80939483642578,44.779998779296875,44.810001373291016,44.060001373291016,44.459999084472656,24702000
C,2013-04-15,32.87533950805664,44.869998931884766,46.290000915527344,44.83000183105469,46.099998474121094,56796300
C,2013-04-16,34.18684768676758,46.65999984741211,46.779998779296875,45.83000183105469,45.880001068115234,40230100
C,2013-04-17,33.512786865234375,45.7400016784668,46.209999084472656,45.06999969482422,46.150001525878906,36241300
C,2013-04-18,33.03654098510742,45.09000015258789,45.75,44.869998931884766,45.75,29877900
C,2013-04-19,32.99257278442383,45.029998779296875,45.5,44.90999984741211,45.439998626708984,23630500
C,2013-04-22,33.080482482910156,45.150001525878906,45.2599983215332,44.52000045776367,45.15999984741211,19919400
C,2013-04-23,34.04030227661133,46.459999084472656,46.619998931884766,45.400001525878906,45.43000030517578,28837900
C,2013-04-24,34.52387619018555,47.119998931884766,47.43000030517578,46.400001525878906,46.40999984741211,23560500
C,2013-04-25,34.51655578613281,47.11000061035156,47.68000030517578,46.900001525878906,47.189998626708984,25633900
C,2013-04-26,34.377342224121094,46.91999816894531,47.220001220703125,46.4900016784668,47.0,14989200
C,2013-04-29,34.304073333740234,46.81999969482422,47.290000915527344,46.709999084472656,47.189998626708984,14224700
C,2013-04-30,34.18684768676758,46.65999984741211,47.20000076293945,46.47999954223633,46.849998474121094,18085000
C,2013-05-01,33.60801696777344,45.869998931884766,46.58000183105469,45.63999938964844,46.47999954223633,21943100
C,2013-05-02,34.10636901855469,46.540000915527344,46.689998626708984,45.4900016784668,45.9900016784668,19996300
C,2013-05-03,34.421470642089844,46.970001220703125,47.5,46.869998931884766,47.119998931884766,20347400
C,2013-05-06,34.79522705078125,47.47999954223633,48.04999923706055,46.88999938964844,46.91999816894531,29160400
C,2013-05-07,35.25691604614258,48.11000061035156,48.29999923706055,47.36000061035156,47.790000915527344,27492800
C,2013-05-08,36.121665954589844,49.290000915527344,49.459999084472656,47.869998931884766,48.04999923706055,34220900
C,2013-05-09,35.61600112915039,48.599998474121094,49.34000015258789,48.290000915527344,49.279998779296875,27058600
C,2013-05-10,35.725948333740234,48.75,48.880001068115234,48.43000030517578,48.54999923706055,18476600
C,2013-05-13,35.85050582885742,48.91999816894531,48.970001220703125,48.400001525878906,48.5,17096400
C,2013-05-14,36.70793533325195,50.09000015258789,50.20000076293945,49.02000045776367,49.04999923706055,35998300
C,2013-05-15,37.62399673461914,51.34000015258789,51.45000076293945,49.900001525878906,49.959999084472656,40824400
C,2013-05-16,37.089019775390625,50.61000061035156,51.36000061035156,50.5,51.0,25290000
C,2013-05-17,37.70459747314453,51.45000076293945,51.5,50.790000915527344,51.13999938964844,23610900
C,2013-05-20,37.81452178955078,51.599998474121094,52.099998474121094,51.25,51.459999084472656,24697300
C,2013-05-21,37.85849380493164,51.65999984741211,52.18000030517578,51.400001525878906,51.400001525878906,28171000
C,2013-05-22,37.374820709228516,51.0,52.88999938964844,50.84000015258789,51.84000015258789,44035800
C,2013-05-23,37.03038787841797,50.529998779296875,50.90999984741211,49.18000030517578,49.20000076293945,42219400
C,2013-05-24,37.0230598449707,50.52000045776367,50.540000915527344,50.0,50.08000183105469,23094900
C,2013-05-28,37.953765869140625,51.790000915527344,51.79999923706055,51.08000183105469,51.310001373291016,28201000
C,2013-05-29,38.312862396240234,52.279998779296875,52.59000015258789,51.29999923706055,51.43000030517578,30015100
C,2013-05-30,39.038352966308594,53.27000045776367,53.560001373291016,52.2400016784668,52.27000045776367,30310100
C,2013-05-31,38.10032272338867,51.9900016784668,53.439998626708984,51.9900016784668,53.27000045776367,34618000
C,2013-06-03,38.07835388183594,51.959999084472656,52.22999954223633,50.61000061035156,52.060001373291016,35191300
C,2013-06-04,37.54337692260742,51.22999954223633,52.619998931884766,51.0,51.88999938964844,27899200
C,2013-06-05,36.66397476196289,50.029998779296875,51.47999954223633,49.7599983215332,51.11000061035156,38307500
C,2013-06-06,37.250240325927734,50.83000183105469,50.86000061035156,49.630001068115234,49.86000061035156,35143600
C,2013-06-07,37.81452178955078,51.599998474121094,51.810001373291016,50.849998474121094,51.27000045776367,30885500
C,2013-06-10,38.056365966796875,51.93000030517578,52.119998931884766,51.209999084472656,52.0,22354400
C,2013-06-11,36.6053466796875,49.95000076293945,50.849998474121094,49.81999969482422,50.70000076293945,51536900
C,2013-06-12,36.23158645629883,49.439998626708984,50.45000076293945,49.15999984741211,50.33000183105469,38569300
C,2013-06-13,36.854515075683594,50.290000915527344,50.290000915527344,48.79999923706055,49.279998779296875,34191300
C,2013-06-14,36.070369720458984,49.220001220703125,50.349998474121094,49.189998626708984,50.220001220703125,27362500
C,2013-06-17,36.1729736328125,49.36000061035156,50.38999938964844,49.04999923706055,49.810001373291016,32128600
C,2013-06-18,36.64931106567383,50.0099983215332,50.25,49.4900016784668,49.52000045776367,19535800
C,2013-06-19,36.297550201416016,49.529998779296875,50.29999923706055,49.40999984741211,49.9900016784668,32511000
C,2013-06-20,35.1030158996582,47.900001525878906,49.0099983215332,47.540000915527344,48.900001525878906,48678600
C,2013-06-21,34.34819412231445,46.869998931884766,48.34000015258789,45.5099983215332,48.22999954223633,76788800
C,2013-06-24,33.30022430419922,45.439998626708984,46.029998779296875,45.060001373291016,45.77000045776367,50809800
C,2013-06-25,34.443458557128906,47.0,47.34000015258789,46.119998931884766,46.15999984741211,38838900
C,2013-06-26,34.89048767089844,47.61000061035156,47.81999969482422,47.04999923706055,47.79999923706055,30623500
C,2013-06-27,35.381492614746094,48.279998779296875,48.689998626708984,47.810001373291016,48.13999938964844,29309200
C,2013-06-28,35.154319763183594,47.970001220703125,48.38999938964844,47.66999816894531,48.119998931884766,28063600
C,2013-07-01,35.35951232910156,48.25,49.20000076293945,46.70000076293945,48.5,27234700
C,2013-07-02,35.28622817993164,48.150001525878906,49.15999984741211,47.77000045776367,48.27000045776367,26615400
C,2013-07-03,34.93446731567383,47.66999816894531,47.77000045776367,47.150001525878906,47.470001220703125,15269700
C,2013-07-05,35.5647087097168,48.529998779296875,48.58000183105469,47.77000045776367,48.25,21649800
C,2013-07-08,36.29021453857422,49.52000045776367,49.77000045776367,48.79999923706055,48.91999816894531,26617000
C,2013-07-09,36.79588317871094,50.209999084472656,50.25,49.400001525878906,50.0,29512900
C,2013-07-10,36.37084197998047,49.630001068115234,50.2400016784668,49.52000045776367,49.90999984741211,23768300
C,2013-07-11,36.671295166015625,50.040000915527344,50.63999938964844,49.54999923706055,50.619998931884766,31097900
C,2013-07-12,37.2355842590332,50.810001373291016,50.84000015258789,49.93000030517578,50.150001525878906,26672500
C,2013-07-15,37.96841049194336,51.810001373291016,52.15999984741211,51.0099983215332,52.040000915527344,57329500
C,2013-07-16,37.98306655883789,51.83000183105469,52.43000030517578,51.5099983215332,52.0,33099000
C,2013-07-17,37.953765869140625,51.790000915527344,52.38999938964844,51.779998779296875,51.9900016784668,34814200
C,2013-07-18,38.61330795288086,52.689998626708984,52.70000076293945,52.04999923706055,52.15999984741211,33211400
C,2013-07-19,38.36415100097656,52.349998474121094,52.650001525878906,52.150001525878906,52.630001068115234,21762600
C,2013-07-22,38.840518951416016,53.0,53.0,52.15999984741211,52.380001068115234,20047200
C,2013-07-23,38.75255584716797,52.880001068115234,53.29999923706055,52.65999984741211,53.16999816894531,19492100
C,2013-07-24,38.24689865112305,52.189998626708984,53.16999816894531,52.11000061035156,52.97999954223633,22674500
C,2013-07-25,38.59133529663086,52.65999984741211,52.70000076293945,51.400001525878906,51.97999954223633,23057000
C,2013-07-26,38.26154708862305,52.209999084472656,52.459999084472656,51.81999969482422,52.41999816894531,16248100
C,2013-07-29,37.84383773803711,51.63999938964844,51.95000076293945,51.29999923706055,51.900001525878906,16327800
C,2013-07-30,37.9464225769043,51.779998779296875,52.0,51.4900016784668,51.81999969482422,16099700
C,2013-07-31,38.21027374267578,52.13999938964844,52.959999084472656,51.709999084472656,51.709999084472656,27860500
C,2013-08-01,38.74532699584961,52.86000061035156,53.20000076293945,52.7400016784668,52.84000015258789,20583300
C,2013-08-02,38.84795379638672,53.0,53.04999923706055,52.5,52.84000015258789,15440000
C,2013-08-05,38.752655029296875,52.869998931884766,53.11000061035156,52.75,52.93000030517578,10699700
C,2013-08-06,37.73383331298828,51.47999954223633,52.689998626708984,51.400001525878906,52.59000015258789,23692600
C,2013-08-07,37.748477935791016,51.5,51.63999938964844,50.79999923706055,51.0099983215332,18613400
C,2013-08-08,37.95371627807617,51.779998779296875,52.119998931884766,51.06999969482422,52.09000015258789,18623800
C,2013-08-09,37.61653518676758,51.31999969482422,52.0,51.2400016784668,51.720001220703125,15613000
C,2013-08-12,37.30868911743164,50.900001525878906,51.119998931884766,50.650001525878906,51.0,17413200
C,2013-08-13,37.946388244628906,51.77000045776367,52.150001525878906,50.7400016784668,51.040000915527344,23814200
C,2013-08-14,37.814449310302734,51.59000015258789,52.439998626708984,51.58000183105469,51.95000076293945,17240200
C,2013-08-15,37.27937316894531,50.86000061035156,51.099998474121094,50.33000183105469,51.02000045776367,26231400
C,2013-08-16,36.905548095703125,50.349998474121094,51.08000183105469,50.220001220703125,50.689998626708984,23497000
C,2013-08-19,36.15791702270508,49.33000183105469,50.130001068115234,49.29999923706055,50.060001373291016,22958800
C,2013-08-20,36.59036636352539,49.91999816894531,50.25,48.77000045776367,49.27000045776367,29313400
C,2013-08-21,36.033321380615234,49.15999984741211,49.939998626708984,49.029998779296875,49.79999923706055,30669600
C,2013-08-22,36.583038330078125,49.90999984741211,50.27000045776367,49.279998779296875,49.65999984741211,22411800
C,2013-08-23,36.5244026184082,49.83000183105469,50.33000183105469,49.689998626708984,50.11000061035156,15302800
C,2013-08-26,36.35581588745117,49.599998474121094,50.34000015258789,49.599998474121094,49.79999923706055,16604100
C,2013-08-27,35.35896301269531,48.2400016784668,49.34000015258789,48.15999984741211,48.84000015258789,29854200
C,2013-08-28,35.4102783203125,48.310001373291016,48.93000030517578,47.63999938964844,48.04999923706055,29616600
C,2013-08-29,35.52756118774414,48.470001220703125,48.900001525878906,48.27000045776367,48.400001525878906,17293800
C,2013-08-30,35.42494201660156,48.33000183105469,48.709999084472656,47.79999923706055,48.709999084472656,24902000
C,2013-09-03,36.187225341796875,49.369998931884766,49.84000015258789,48.36000061035156,49.369998931884766,28906900
C,2013-09-04,36.35581588745117,49.599998474121094,49.95000076293945,49.119998931884766,49.310001373291016,18949600
C,2013-09-05,36.546390533447266,49.86000061035156,50.20000076293945,49.619998931884766,49.849998474121094,17765800
C,2013-09-06,36.07728576660156,49.220001220703125,50.18000030517578,48.88999938964844,50.18000030517578,24627200
C,2013-09-09,36.71499252319336,50.09000015258789,50.119998931884766,49.36000061035156,49.4900016784668,22388100
C,2013-09-10,37.44795608520508,51.09000015258789,51.529998779296875,50.540000915527344,50.7400016784668,24843900
C,2013-09-11,37.184085845947266,50.72999954223633,51.119998931884766,50.2599983215332,51.040000915527344,22251600
C,2013-09-12,36.83959197998047,50.2599983215332,50.7599983215332,49.970001220703125,50.65999984741211,21341600
C,2013-09-13,37.00817108154297,50.4900016784668,50.619998931884766,50.220001220703125,50.290000915527344,12571800
C,2013-09-16,37.38198471069336,51.0,51.45000076293945,50.7400016784668,51.189998626708984,19369100
C,2013-09-17,37.52857971191406,51.20000076293945,51.279998779296875,50.869998931884766,51.150001525878906,15469000
C,2013-09-18,38.268890380859375,52.209999084472656,52.65999984741211,50.97999954223633,51.02000045776367,31901700
C,2013-09-19,38.07832336425781,51.95000076293945,52.880001068115234,51.900001525878906,52.75,25368500
C,2013-09-20,37.53590774536133,51.209999084472656,52.099998474121094,51.119998931884766,52.029998779296875,28157600
C,2013-09-23,36.333824157714844,49.56999969482422,50.16999816894531,49.290000915527344,49.95000076293945,34571800
C,2013-09-24,35.88671112060547,48.959999084472656,49.47999954223633,48.93000030517578,49.43000030517578,26564600
C,2013-09-25,36.106605529785156,49.2599983215332,49.540000915527344,48.66999816894531,49.040000915527344,26930400
C,2013-09-26,35.86471939086914,48.93000030517578,49.4900016784668,48.5,49.27000045776367,23345400
C,2013-09-27,35.835411071777344,48.88999938964844,49.20000076293945,48.689998626708984,48.7599983215332,20243100
C,2013-09-30,35.55686950683594,48.5099983215332,48.86000061035156,47.83000183105469,48.27000045776367,23789300
C,2013-10-01,35.62282180786133,48.599998474121094,49.099998474121094,48.41999816894531,48.849998474121094,21040400
C,2013-10-02,35.703468322753906,48.709999084472656,49.04999923706055,48.15999984741211,48.41999816894531,23568300
C,2013-10-03,35.476261138916016,48.400001525878906,48.97999954223633,48.029998779296875,48.810001373291016,22013300
C,2013-10-04,36.01863479614258,49.13999938964844,49.189998626708984,48.380001068115234,48.45000076293945,18436000
C,2013-10-07,35.31498336791992,48.18000030517578,48.66999816894531,48.15999984741211,48.619998931884766,19144300
C,2013-10-08,34.941158294677734,47.66999816894531,48.45000076293945,47.619998931884766,48.220001220703125,24655300
C,2013-10-09,35.14638900756836,47.95000076293945,48.380001068115234,47.599998474121094,47.97999954223633,22597700
C,2013-10-10,36.11393356323242,49.27000045776367,49.369998931884766,48.56999969482422,48.79999923706055,23989600
C,2013-10-11,36.07728576660156,49.220001220703125,49.36000061035156,48.70000076293945,49.349998474121094,22990000
C,2013-10-14,36.35581588745117,49.599998474121094,49.900001525878906,48.54999923706055,48.83000183105469,24765900
C,2013-10-15,35.813419342041016,48.86000061035156,49.9900016784668,48.650001525878906,49.689998626708984,49035600
C,2013-10-16,37.264705657958984,50.84000015258789,50.900001525878906,49.27000045776367,49.43000030517578,41564100
C,2013-10-17,37.46994400024414,51.119998931884766,51.220001220703125,50.290000915527344,50.380001068115234,28304600
C,2013-10-18,37.491939544677734,51.150001525878906,51.369998931884766,50.810001373291016,51.369998931884766,24565300
C,2013-10-21,37.40397644042969,51.029998779296875,51.56999969482422,51.0,51.189998626708984,18703100
C,2013-10-22,37.20608139038086,50.7599983215332,51.38999938964844,50.58000183105469,51.31999969482422,27816600
C,2013-10-23,36.788272857666016,50.189998626708984,50.529998779296875,49.91999816894531,50.470001220703125,19530800
C,2013-10-24,36.75895690917969,50.150001525878906,50.310001373291016,49.77000045776367,50.27000045776367,20034600
C,2013-10-25,36.692996978759766,50.060001373291016,50.2599983215332,49.95000076293945,50.029998779296875,16736600
C,2013-10-28,36.75895690917969,50.150001525878906,50.33000183105469,49.959999084472656,50.0099983215332,15543300
C,2013-10-29,36.810272216796875,50.220001220703125,50.459999084472656,50.06999969482422,50.27000045776367,16416100
C,2013-10-30,36.568389892578125,49.88999938964844,50.5,49.59000015258789,50.5,22429200
C,2013-10-31,35.76194381713867,48.779998779296875,49.7400016784668,48.77000045776367,49.7400016784668,25056900
C,2013-11-01,35.73260498046875,48.7400016784668,49.02000045776367,48.61000061035156,48.869998931884766,19004100
C,2013-11-04,35.6519775390625,48.630001068115234,49.13999938964844,48.58000183105469,48.84000015258789,16513900
C,2013-11-05,35.46868896484375,48.380001068115234,48.619998931884766,48.22999954223633,48.5,18394200
C,2013-11-06,35.644649505615234,48.619998931884766,48.81999969482422,48.38999938964844,48.7599983215332,17621500
C,2013-11-07,35.446693420410156,48.349998474121094,49.130001068115234,48.349998474121094,48.93000030517578,26954900
C,2013-11-08,36.61237716674805,49.939998626708984,50.16999816894531,48.470001220703125,48.470001220703125,35134400
C,2013-11-11,36.780975341796875,50.16999816894531,50.29999923706055,49.36000061035156,49.790000915527344,16831200
C,2013-11-12,36.304439544677734,49.52000045776367,50.0099983215332,49.349998474121094,50.0,21627500
C,2013-11-13,36.649017333984375,49.9900016784668,49.9900016784668,49.02000045776367,49.279998779296875,23536400
C,2013-11-14,36.81031799316406,50.209999084472656,50.290000915527344,49.54999923706055,50.0099983215332,21758300
C,2013-11-15,36.94960021972656,50.400001525878906,50.779998779296875,50.040000915527344,50.189998626708984,22217400
C,2013-11-18,37.235530853271484,50.790000915527344,51.400001525878906,50.56999969482422,50.79999923706055,26353400
C,2013-11-19,37.51411056518555,51.16999816894531,51.439998626708984,50.61000061035156,50.7599983215332,20113300
C,2013-11-20,37.22085952758789,50.77000045776367,51.290000915527344,50.619998931884766,51.04999923706055,18347200
C,2013-11-21,37.924659729003906,51.72999954223633,51.970001220703125,50.779998779296875,50.86000061035156,22868900
C,2013-11-22,38.42319107055664,52.40999984741211,52.540000915527344,51.84000015258789,51.939998626708984,26051300
C,2013-11-25,39.06835174560547,53.290000915527344,53.68000030517578,52.47999954223633,52.4900016784668,32610000
C,2013-11-26,38.863067626953125,53.0099983215332,53.459999084472656,52.959999084472656,53.099998474121094,17661000
C,2013-11-27,38.89239501953125,53.04999923706055,53.2599983215332,52.900001525878906,52.970001220703125,13075200
C,2013-11-29,38.797096252441406,52.91999816894531,53.59000015258789,52.86000061035156,53.11000061035156,10952100
C,2013-12-02,38.577144622802734,52.619998931884766,53.40999984741211,52.529998779296875,52.959999084472656,19854900
C,2013-12-03,38.21791458129883,52.130001068115234,52.7599983215332,51.72999954223633,52.470001220703125,20588400
C,2013-12-04,38.151947021484375,52.040000915527344,52.310001373291016,51.04999923706055,51.13999938964844,32155300
C,2013-12-05,37.4334716796875,51.060001373291016,51.79999923706055,50.95000076293945,51.61000061035156,23556900
C,2013-12-06,37.74872589111328,51.4900016784668,51.9900016784668,51.20000076293945,51.7400016784668,19714300
C,2013-12-09,38.20327377319336,52.11000061035156,52.459999084472656,51.91999816894531,51.939998626708984,16653500
C,2013-12-10,37.932003021240234,51.7400016784668,52.61000061035156,51.689998626708984,51.95000076293945,20025700
C,2013-12-11,37.176876068115234,50.709999084472656,51.650001525878906,50.529998779296875,51.619998931884766,24600000
C,2013-12-12,37.32352066040039,50.90999984741211,51.13999938964844,50.27000045776367,51.0,27240800
C,2013-12-13,37.36748504638672,50.970001220703125,51.189998626708984,50.68000030517578,50.97999954223633,16743600
C,2013-12-16,37.31617736816406,50.900001525878906,51.61000061035156,50.81999969482422,51.38999938964844,20312000
C,2013-12-17,37.1622200012207,50.689998626708984,51.04999923706055,50.54999923706055,51.0,17951700
C,2013-12-18,38.093292236328125,51.959999084472656,52.06999969482422,50.33000183105469,50.810001373291016,32921300
C,2013-12-19,38.034645080566406,51.880001068115234,52.130001068115234,51.45000076293945,51.72999954223633,20127100
C,2013-12-20,38.27656173706055,52.209999084472656,52.439998626708984,51.900001525878906,52.029998779296875,27871300
C,2013-12-23,38.42319107055664,52.40999984741211,52.63999938964844,52.220001220703125,52.4900016784668,13627500
C,2013-12-24,38.43785095214844,52.43000030517578,52.470001220703125,52.08000183105469,52.36000061035156,5302600
C,2013-12-26,38.379207611083984,52.349998474121094,52.689998626708984,52.20000076293945,52.619998931884766,8882900
C,2013-12-27,38.313232421875,52.2599983215332,52.40999984741211,52.189998626708984,52.36000061035156,11814500
C,2013-12-30,38.06394958496094,51.91999816894531,52.439998626708984,51.83000183105469,52.25,11506000
C,2013-12-31,38.20327377319336,52.11000061035156,52.119998931884766,51.810001373291016,51.959999084472656,10706800
C,2014-01-02,38.32054901123047,52.27000045776367,52.400001525878906,51.810001373291016,52.029998779296875,16479700
C,2014-01-03,39.148983001708984,53.400001525878906,53.470001220703125,52.310001373291016,52.38999938964844,26884900
C,2014-01-06,39.44957733154297,53.810001373291016,54.290000915527344,53.43000030517578,53.619998931884766,28503100
C,2014-01-07,39.7208251953125,54.18000030517578,54.720001220703125,53.779998779296875,54.59000015258789,28840400
C,2014-01-08,40.18270492553711,54.810001373291016,55.0,54.20000076293945,54.290000915527344,25989800
C,2014-01-09,40.4686164855957,55.20000076293945,55.279998779296875,54.7599983215332,55.0,21803700
C,2014-01-10,40.116722106933594,54.720001220703125,55.09000015258789,54.29999923706055,55.029998779296875,22485900
C,2014-01-13,39.38358688354492,53.720001220703125,54.65999984741211,53.439998626708984,54.459999084472656,21110300
C,2014-01-14,39.552207946777344,53.95000076293945,54.400001525878906,53.630001068115234,54.130001068115234,17771000
C,2014-01-15,40.31466293334961,54.9900016784668,55.16999816894531,54.36000061035156,54.52000045776367,33688100
C,2014-01-16,38.56248474121094,52.599998474121094,53.560001373291016,52.349998474121094,53.560001373291016,62946800
C,2014-01-17,38.32054901123047,52.27000045776367,52.91999816894531,52.130001068115234,52.650001525878906,33934500
C,2014-01-21,38.01263427734375,51.849998474121094,53.0,51.560001373291016,52.5,27567400
C,2014-01-22,38.04930877685547,51.900001525878906,52.130001068115234,51.5099983215332,52.0099983215332,20841100
C,2014-01-23,37.184207916259766,50.720001220703125,51.650001525878906,50.54999923706055,51.650001525878906,34832200
C,2014-01-24,36.165157318115234,49.33000183105469,50.16999816894531,49.08000183105469,50.04999923706055,59057100
C,2014-01-27,35.78394317626953,48.810001373291016,49.65999984741211,48.36000061035156,49.099998474121094,39675300
C,2014-01-28,36.36311721801758,49.599998474121094,49.86000061035156,49.290000915527344,49.290000915527344,24780900
C,2014-01-29,35.248741149902344,48.08000183105469,49.36000061035156,47.70000076293945,48.91999816894531,54018100
C,2014-01-30,35.41740417480469,48.29999923706055,48.70000076293945,47.779998779296875,48.459999084472656,39940700
C,2014-01-31,34.77944564819336,47.43000030517578,48.20000076293945,47.290000915527344,47.5099983215332,33425100
C,2014-02-03,33.98018264770508,46.34000015258789,47.86000061035156,46.189998626708984,47.84000015258789,42977600
C,2014-02-04,34.30282974243164,46.779998779296875,47.5,46.68000030517578,47.0,31286900
C,2014-02-05,34.508140563964844,47.060001373291016,47.369998931884766,46.310001373291016,46.7599983215332,32535500
C,2014-02-06,35.38074493408203,48.25,48.27000045776367,47.27000045776367,47.400001525878906,33905600
C,2014-02-07,36.180023193359375,49.34000015258789,49.38999938964844,48.52000045776367,49.09000015258789,37875700
C,2014-02-10,36.165348052978516,49.31999969482422,49.72999954223633,48.83000183105469,49.54999923706055,19630100
C,2014-02-11,36.4146614074707,49.65999984741211,49.86000061035156,48.959999084472656,49.2400016784668,22982800
C,2014-02-12,36.63465118408203,49.959999084472656,50.150001525878906,49.650001525878906,49.779998779296875,23626300
C,2014-02-13,36.56132125854492,49.86000061035156,49.93000030517578,49.04999923706055,49.06999969482422,20639800
C,2014-02-14,36.31199264526367,49.52000045776367,49.81999969482422,49.40999984741211,49.56999969482422,18780600
C,2014-02-18,36.2093620300293,49.380001068115234,49.90999984741211,49.36000061035156,49.540000915527344,16217800
C,2014-02-19,35.336753845214844,48.189998626708984,49.310001373291016,48.189998626708984,49.0099983215332,30294400
C,2014-02-20,35.292755126953125,48.130001068115234,48.540000915527344,47.88999938964844,48.47999954223633,25234100
C,2014-02-21,35.38807678222656,48.2599983215332,48.5,48.099998474121094,48.220001220703125,26881700
C,2014-02-24,35.916046142578125,48.97999954223633,49.47999954223633,48.310001373291016,48.33000183105469,23874000
C,2014-02-25,35.490745544433594,48.400001525878906,49.060001373291016,48.29999923706055,48.939998626708984,20495500
C,2014-02-26,35.432064056396484,48.31999969482422,48.61000061035156,47.68000030517578,48.43000030517578,28822100
C,2014-02-27,35.70339584350586,48.689998626708984,48.689998626708984,47.959999084472656,48.09000015258789,18598300
C,2014-02-28,35.659393310546875,48.630001068115234,49.290000915527344,48.11000061035156,48.27000045776367,31732000
C,2014-03-03,34.91144943237305,47.61000061035156,48.25,47.54999923706055,47.79999923706055,28678000
C,2014-03-04,35.80604553222656,48.83000183105469,48.959999084472656,48.13999938964844,48.33000183105469,23940500
C,2014-03-05,36.23868942260742,49.41999816894531,49.91999816894531,48.959999084472656,49.040000915527344,23620700
C,2014-03-06,36.451332092285156,49.709999084472656,50.189998626708984,49.68000030517578,49.900001525878906,26967000
C,2014-03-07,36.38534164428711,49.619998931884766,50.40999984741211,49.369998931884766,50.209999084472656,25775500
C,2014-03-10,36.348663330078125,49.56999969482422,49.61000061035156,49.08000183105469,49.15999984741211,15397100
C,2014-03-11,35.51274108886719,48.43000030517578,49.81999969482422,48.400001525878906,49.779998779296875,33244300
C,2014-03-12,35.18275833129883,47.97999954223633,48.13999938964844,47.7599983215332,48.119998931884766,25822400
C,2014-03-13,34.70613098144531,47.33000183105469,48.29999923706055,47.06999969482422,48.16999816894531,38925400
C,2014-03-14,34.37615966796875,46.880001068115234,47.81999969482422,46.790000915527344,47.369998931884766,26135900
C,2014-03-17,34.99943542480469,47.72999954223633,47.79999923706055,47.310001373291016,47.470001220703125,18928200
C,2014-03-18,35.300086975097656,48.13999938964844,48.13999938964844,47.5,47.75,19517200
C,2014-03-19,35.8867073059082,48.939998626708984,49.52000045776367,48.02000045776367,48.220001220703125,30308800
C,2014-03-20,36.825313568115234,50.220001220703125,50.459999084472656,49.0099983215332,49.290000915527344,33885600
C,2014-03-21,36.722660064697266,50.08000183105469,51.0,49.86000061035156,51.0,38388600
C,2014-03-24,36.700653076171875,50.04999923706055,50.650001525878906,49.779998779296875,50.20000076293945,21170300
C,2014-03-25,36.88397216796875,50.29999923706055,50.560001373291016,50.04999923706055,50.209999084472656,17484200
C,2014-03-26,36.78131103515625,50.15999984741211,50.58000183105469,49.68000030517578,50.529998779296875,36784700
C,2014-03-27,34.79411697387695,47.45000076293945,48.20000076293945,47.11000061035156,47.43000030517578,112601000
C,2014-03-28,34.6474609375,47.25,47.75,47.029998779296875,47.720001220703125,39796000
C,2014-03-31,34.90409851074219,47.599998474121094,47.900001525878906,47.470001220703125,47.529998779296875,25651000
C,2014-04-01,35.0507698059082,47.79999923706055,48.25,47.650001525878906,47.720001220703125,26810400
C,2014-04-02,35.37340545654297,48.2400016784668,48.36000061035156,47.72999954223633,48.150001525878906,22354300
C,2014-04-03,34.9627799987793,47.68000030517578,48.0,47.369998931884766,47.939998626708984,29237100
C,2014-04-04,34.54480743408203,47.11000061035156,47.790000915527344,46.849998474121094,47.72999954223633,33010000
C,2014-04-07,34.1341667175293,46.54999923706055,47.16999816894531,46.290000915527344,47.119998931884766,30145300
C,2014-04-08,34.17082595825195,46.599998474121094,46.849998474121094,46.119998931884766,46.529998779296875,26874900
C,2014-04-09,34.581478118896484,47.15999984741211,47.189998626708984,46.31999969482422,46.779998779296875,22373200
C,2014-04-10,33.89952087402344,46.22999954223633,47.27000045776367,46.119998931884766,47.2400016784668,27170000
C,2014-04-11,33.496219635009766,45.68000030517578,46.41999816894531,45.18000030517578,45.70000076293945,31063200
C,2014-04-14,34.95543670654297,47.66999816894531,47.79999923706055,46.97999954223633,47.400001525878906,51962300
C,2014-04-15,35.42473220825195,48.310001373291016,48.459999084472656,47.63999938964844,47.959999084472656,36511600
C,2014-04-16,35.32941436767578,48.18000030517578,48.619998931884766,47.58000183105469,48.560001373291016,24654500
C,2014-04-17,35.35874557495117,48.220001220703125,48.439998626708984,47.9900016784668,48.189998626708984,21360900
C,2014-04-21,35.08010482788086,47.84000015258789,48.220001220703125,47.77000045776367,48.18000030517578,17044500
C,2014-04-22,35.21208572387695,48.02000045776367,48.54999923706055,47.849998474121094,47.900001525878906,18584800
C,2014-04-23,35.490745544433594,48.400001525878906,48.5,47.90999984741211,48.0,13497900
C,2014-04-24,35.43940734863281,48.33000183105469,48.58000183105469,48.0099983215332,48.45000076293945,14699100
C,2014-04-25,35.01409149169922,47.75,48.41999816894531,47.68000030517578,48.119998931884766,18117600
C,2014-04-28,34.68413162231445,47.29999923706055,47.970001220703125,47.04999923706055,47.63999938964844,25780300
C,2014-04-29,35.31473922729492,48.15999984741211,48.20000076293945,47.400001525878906,47.599998474121094,16942400
C,2014-04-30,35.13142395019531,47.90999984741211,48.33000183105469,47.84000015258789,48.130001068115234,17077200
C,2014-05-01,35.028743743896484,47.7599983215332,48.13999938964844,47.59000015258789,47.810001373291016,10931500
C,2014-05-02,35.00674057006836,47.72999954223633,48.209999084472656,47.4900016784668,47.83000183105469,15358500
C,2014-05-05,34.60335922241211,47.18000030517578,47.310001373291016,46.79999923706055,47.20000076293945,16845800
C,2014-05-06,34.0019416809082,46.36000061035156,47.04999923706055,46.33000183105469,47.0099983215332,21786700
C,2014-05-07,34.251312255859375,46.70000076293945,46.83000183105469,46.31999969482422,46.540000915527344,17502000
C,2014-05-08,34.57401657104492,47.13999938964844,47.4900016784668,46.70000076293945,46.70000076293945,16065700
C,2014-05-09,34.4640007019043,46.9900016784668,47.22999954223633,46.709999084472656,47.040000915527344,15185800
C,2014-05-12,34.66935729980469,47.27000045776367,47.400001525878906,47.040000915527344,47.220001220703125,13305600
C,2014-05-13,34.77937316894531,47.41999816894531,47.4900016784668,47.22999954223633,47.349998474121094,12615200
C,2014-05-14,34.55935287475586,47.119998931884766,47.5099983215332,46.97999954223633,47.5,12405600
C,2014-05-15,34.119300842285156,46.52000045776367,46.939998626708984,46.150001525878906,46.849998474121094,21174400
C,2014-05-16,34.06060791015625,46.439998626708984,46.68000030517578,46.16999816894531,46.439998626708984,17186900
C,2014-05-19,34.302650451660156,46.77000045776367,46.790000915527344,46.08000183105469,46.099998474121094,13621000
C,2014-05-20,34.14128875732422,46.54999923706055,46.95000076293945,46.380001068115234,46.619998931884766,11789800
C,2014-05-21,34.361328125,46.849998474121094,47.09000015258789,46.689998626708984,46.83000183105469,12822600
C,2014-05-22,34.57401657104492,47.13999938964844,47.150001525878906,46.77000045776367,46.779998779296875,12711900
C,2014-05-23,34.68403625488281,47.290000915527344,47.400001525878906,47.09000015258789,47.22999954223633,9571800
C,2014-05-27,34.88939666748047,47.56999969482422,48.349998474121094,47.40999984741211,47.619998931884766,24503800
C,2014-05-28,34.70602798461914,47.31999969482422,47.88999938964844,47.310001373291016,47.47999954223633,14178100
C,2014-05-29,34.67669677734375,47.279998779296875,47.5,47.209999084472656,47.349998474121094,15552800
C,2014-05-30,34.88939666748047,47.56999969482422,47.599998474121094,47.150001525878906,47.189998626708984,11538700
C,2014-06-02,35.028743743896484,47.7599983215332,47.959999084472656,47.43000030517578,47.599998474121094,11887400
C,2014-06-03,35.3441276550293,48.189998626708984,48.2599983215332,47.459999084472656,47.5099983215332,16105800
C,2014-06-04,35.116764068603516,47.880001068115234,48.20000076293945,47.81999969482422,48.040000915527344,13075300
C,2014-06-05,35.66684341430664,48.630001068115234,48.79999923706055,47.88999938964844,48.0099983215332,17048300
C,2014-06-06,35.88686752319336,48.93000030517578,49.20000076293945,48.619998931884766,48.70000076293945,19149500
C,2014-06-09,36.36360168457031,49.58000183105469,49.59000015258789,48.95000076293945,48.9900016784668,14235700
C,2014-06-10,36.18023681640625,49.33000183105469,49.5,48.9900016784668,49.4900016784668,12769300
C,2014-06-11,35.798858642578125,48.810001373291016,49.27000045776367,48.63999938964844,49.029998779296875,13944200
C,2014-06-12,35.40281677246094,48.27000045776367,48.709999084472656,48.099998474121094,48.619998931884766,15670200
C,2014-06-13,34.90406799316406,47.59000015258789,48.66999816894531,47.119998931884766,48.13999938964844,34838700
C,2014-06-16,34.94072341918945,47.63999938964844,47.779998779296875,47.040000915527344,47.470001220703125,12790900
C,2014-06-17,35.05075454711914,47.790000915527344,48.04999923706055,47.349998474121094,47.47999954223633,13946300
C,2014-06-18,35.1534309387207,47.93000030517578,48.0,47.40999984741211,47.77000045776367,14468500
C,2014-06-19,34.88206100463867,47.560001373291016,47.970001220703125,47.34000015258789,47.95000076293945,15747900
C,2014-06-20,34.720699310302734,47.34000015258789,47.81999969482422,47.06999969482422,47.77000045776367,18832900
C,2014-06-23,35.24878692626953,48.060001373291016,48.18000030517578,47.099998474121094,47.130001068115234,18431400
C,2014-06-24,35.06541442871094,47.810001373291016,48.47999954223633,47.709999084472656,47.849998474121094,16916400
C,2014-06-25,35.072750091552734,47.81999969482422,48.06999969482422,47.560001373291016,47.66999816894531,12704600
C,2014-06-26,34.640037536621094,47.22999954223633,47.7400016784668,47.029998779296875,47.709999084472656,18875700
C,2014-06-27,34.57401657104492,47.13999938964844,47.34000015258789,46.91999816894531,47.220001220703125,19162000
C,2014-06-30,34.54469299316406,47.099998474121094,47.29999923706055,47.0099983215332,47.15999984741211,12290400
C,2014-07-01,34.808712005615234,47.459999084472656,47.900001525878906,47.220001220703125,47.41999816894531,16699800
C,2014-07-02,35.21210479736328,48.0099983215332,48.25,47.5,47.540000915527344,16774600
C,2014-07-03,35.38079833984375,48.2400016784668,48.709999084472656,48.06999969482422,48.380001068115234,13643100
C,2014-07-07,35.190101623535156,47.97999954223633,48.11000061035156,47.59000015258789,48.04999923706055,12052300
C,2014-07-08,34.77937316894531,47.41999816894531,47.72999954223633,47.25,47.70000076293945,13808800
C,2014-07-09,34.75004196166992,47.380001068115234,47.66999816894531,47.20000076293945,47.470001220703125,14195300
C,2014-07-10,34.398006439208984,46.900001525878906,47.04999923706055,46.54999923706055,46.709999084472656,18671600
C,2014-07-11,34.47132873535156,47.0,47.0099983215332,46.56999969482422,46.81999969482422,15205700
C,2014-07-14,35.51280975341797,48.41999816894531,48.83000183105469,48.349998474121094,48.66999816894531,36149700
C,2014-07-15,36.150901794433594,49.290000915527344,49.459999084472656,48.81999969482422,48.81999969482422,34419100
C,2014-07-16,36.53962707519531,49.81999969482422,49.869998931884766,49.400001525878906,49.4900016784668,23590400
C,2014-07-17,36.07022476196289,49.18000030517578,49.97999954223633,49.15999984741211,49.5,23847600
C,2014-07-18,36.34893035888672,49.560001373291016,49.810001373291016,49.310001373291016,49.4900016784668,15453900
C,2014-07-21,36.19491195678711,49.349998474121094,49.470001220703125,49.06999969482422,49.15999984741211,10920200
C,2014-07-22,36.37826919555664,49.599998474121094,49.83000183105469,49.380001068115234,49.599998474121094,13125500
C,2014-07-23,36.80364227294922,50.18000030517578,50.59000015258789,49.36000061035156,49.61000061035156,20099200
C,2014-07-24,36.737648010253906,50.09000015258789,50.470001220703125,49.959999084472656,50.220001220703125,13282600
C,2014-07-25,36.693641662597656,50.029998779296875,50.20000076293945,49.939998626708984,49.9900016784668,10082900
C,2014-07-28,36.45161437988281,49.70000076293945,50.08000183105469,49.540000915527344,49.95000076293945,12070400
C,2014-07-29,36.24625778198242,49.41999816894531,49.869998931884766,49.41999816894531,49.72999954223633,13165800
C,2014-07-30,36.67163848876953,50.0,50.27000045776367,49.630001068115234,49.66999816894531,15327600
C,2014-07-31,35.8793830871582,48.90999984741211,49.91999816894531,48.90999984741211,49.560001373291016,23550900
C,2014-08-01,35.2851676940918,48.099998474121094,49.029998779296875,47.900001525878906,48.59000015258789,21822700
C,2014-08-04,35.46122360229492,48.34000015258789,48.5,48.060001373291016,48.45000076293945,14277000
C,2014-08-05,35.13112258911133,47.88999938964844,48.4900016784668,47.650001525878906,48.2599983215332,15912700
C,2014-08-06,35.31450653076172,48.13999938964844,48.529998779296875,47.75,47.75,13038300
C,2014-08-07,35.255836486816406,48.060001373291016,48.630001068115234,47.88999938964844,48.5,12377000
C,2014-08-08,35.54191970825195,48.45000076293945,48.5,47.779998779296875,48.060001373291016,12001500
C,2014-08-11,35.49790573120117,48.38999938964844,48.599998474121094,48.22999954223633,48.54999923706055,9130300
C,2014-08-12,35.53458786010742,48.439998626708984,48.68000030517578,48.04999923706055,48.209999084472656,9238600
C,2014-08-13,35.76201248168945,48.75,48.88999938964844,48.529998779296875,48.619998931884766,8602600
C,2014-08-14,36.0407600402832,49.130001068115234,49.150001525878906,48.7400016784668,48.83000183105469,9693100
C,2014-08-15,35.739990234375,48.720001220703125,49.47999954223633,48.31999969482422,49.290000915527344,16215300
C,2014-08-18,36.319515228271484,49.5099983215332,49.58000183105469,48.970001220703125,49.04999923706055,13199700
C,2014-08-19,36.45890426635742,49.70000076293945,50.25,49.52000045776367,49.529998779296875,13073300
C,2014-08-20,36.532249450683594,49.79999923706055,49.91999816894531,49.459999084472656,49.630001068115234,9039500
C,2014-08-21,37.46390151977539,51.06999969482422,51.220001220703125,49.79999923706055,49.970001220703125,24162400
C,2014-08-22,37.3611946105957,50.93000030517578,51.66999816894531,50.72999954223633,50.939998626708984,20002900
C,2014-08-25,37.87469482421875,51.630001068115234,51.9900016784668,51.279998779296875,51.279998779296875,17502900
C,2014-08-26,38.24148941040039,52.130001068115234,52.38999938964844,51.459999084472656,51.52000045776367,18384700
C,2014-08-27,38.04343795776367,51.86000061035156,52.27000045776367,51.68000030517578,52.119998931884766,13398400
C,2014-08-28,37.69865417480469,51.38999938964844,51.619998931884766,51.279998779296875,51.52000045776367,10255900
C,2014-08-29,37.889381408691406,51.650001525878906,51.83000183105469,51.459999084472656,51.529998779296875,8981300
C,2014-09-02,38.116790771484375,51.959999084472656,51.97999954223633,51.439998626708984,51.779998779296875,11452100
C,2014-09-03,38.31486892700195,52.22999954223633,52.529998779296875,52.040000915527344,52.2400016784668,15116800
C,2014-09-04,38.49091720581055,52.470001220703125,52.880001068115234,52.220001220703125,52.25,15694900
C,2014-09-05,38.36620330810547,52.29999923706055,52.4900016784668,51.720001220703125,52.310001373291016,17484800
C,2014-09-08,38.182804107666016,52.04999923706055,52.77000045776367,51.90999984741211,52.15999984741211,13557800
C,2014-09-09,37.603271484375,51.2599983215332,51.779998779296875,51.119998931884766,51.63999938964844,14584100
C,2014-09-10,38.02142333984375,51.83000183105469,51.9900016784668,51.18000030517578,51.2400016784668,13013600
C,2014-09-11,38.31486892700195,52.22999954223633,52.2599983215332,51.52000045776367,51.61000061035156,14084300
C,2014-09-12,38.42489242553711,52.380001068115234,52.86000061035156,52.09000015258789,52.20000076293945,18329200
C,2014-09-15,38.3735466003418,52.310001373291016,52.52000045776367,51.91999816894531,52.369998931884766,12805700
C,2014-09-16,38.410221099853516,52.36000061035156,52.40999984741211,51.90999984741211,52.119998931884766,13221300
C,2014-09-17,38.43223190307617,52.38999938964844,53.04999923706055,52.220001220703125,52.31999969482422,20379900
C,2014-09-18,39.36387252807617,53.65999984741211,53.900001525878906,52.47999954223633,52.70000076293945,27307100
C,2014-09-19,39.23182678222656,53.47999954223633,54.130001068115234,53.2599983215332,53.97999954223633,22153100
C,2014-09-22,38.90904998779297,53.040000915527344,53.7400016784668,52.959999084472656,53.439998626708984,16654900
C,2014-09-23,38.7623405456543,52.84000015258789,53.25,52.75,52.75,14586000
C,2014-09-24,39.07045364379883,53.2599983215332,53.31999969482422,52.4900016784668,52.900001525878906,15606000
C,2014-09-25,38.116790771484375,51.959999084472656,53.27000045776367,51.959999084472656,53.22999954223633,19262500
C,2014-09-26,38.50557327270508,52.4900016784668,52.59000015258789,51.959999084472656,51.9900016784668,10474200
C,2014-09-29,38.182804107666016,52.04999923706055,52.27000045776367,51.31999969482422,51.75,13006900
C,2014-09-30,38.01408767700195,51.81999969482422,52.4900016784668,51.630001068115234,52.08000183105469,21787700
C,2014-10-01,37.48591232299805,51.099998474121094,51.849998474121094,50.88999938964844,51.68000030517578,20757500
C,2014-10-02,37.595947265625,51.25,51.52000045776367,50.65999984741211,50.939998626708984,18393400
C,2014-10-03,38.3808708190918,52.31999969482422,52.43000030517578,51.63999938964844,51.709999084472656,17716300
C,2014-10-06,38.351531982421875,52.279998779296875,52.66999816894531,52.130001068115234,52.56999969482422,12675100
C,2014-10-07,37.61062240600586,51.27000045776367,52.06999969482422,51.27000045776367,51.9900016784668,16837100
C,2014-10-08,38.54227066040039,52.540000915527344,52.599998474121094,51.18000030517578,51.209999084472656,23356300
C,2014-10-09,37.51524353027344,51.13999938964844,52.47999954223633,51.0099983215332,52.47999954223633,22423700
C,2014-10-10,36.75967025756836,50.11000061035156,51.290000915527344,50.11000061035156,50.93000030517578,27764500
C,2014-10-13,36.60561752319336,49.900001525878906,50.869998931884766,49.86000061035156,50.13999938964844,26025900
C,2014-10-14,37.757328033447266,51.470001220703125,51.630001068115234,50.439998626708984,51.150001525878906,41368500
C,2014-10-15,36.4442253112793,49.68000030517578,50.93000030517578,48.11000061035156,50.900001525878906,55398300
C,2014-10-16,36.49557876586914,49.75,50.209999084472656,48.7400016784668,48.97999954223633,28295100
C,2014-10-17,36.7303352355957,50.06999969482422,50.720001220703125,49.7400016784668,50.4900016784668,21969900
C,2014-10-20,37.06776428222656,50.529998779296875,50.619998931884766,49.959999084472656,50.029998779296875,13796700
C,2014-10-21,37.61062240600586,51.27000045776367,51.4900016784668,50.75,51.040000915527344,17798300
C,2014-10-22,37.19247055053711,50.70000076293945,51.79999923706055,50.68000030517578,51.27000045776367,16664500
C,2014-10-23,37.71331787109375,51.40999984741211,51.900001525878906,51.09000015258789,51.25,15167500
C,2014-10-24,37.999420166015625,51.79999923706055,51.869998931884766,51.369998931884766,51.439998626708984,13284400
C,2014-10-27,37.84535598754883,51.59000015258789,51.650001525878906,51.16999816894531,51.47999954223633,12134600
C,2014-10-28,38.468910217285156,52.439998626708984,52.52000045776367,51.63999938964844,51.63999938964844,16529200
C,2014-10-29,38.62295150756836,52.650001525878906,52.75,52.09000015258789,52.47999954223633,16322200
C,2014-10-30,38.99715805053711,53.150001525878906,53.400001525878906,52.34000015258789,52.619998931884766,21027700
C,2014-10-31,39.275962829589844,53.529998779296875,53.900001525878906,52.9900016784668,53.400001525878906,27639400
C,2014-11-03,39.23194885253906,53.470001220703125,53.75,53.02000045776367,53.41999816894531,12123000
C,2014-11-04,39.02649688720703,53.189998626708984,53.31999969482422,52.630001068115234,53.279998779296875,13618000
C,2014-11-05,39.635498046875,54.02000045776367,54.11000061035156,53.2599983215332,53.59000015258789,18546200
C,2014-11-06,39.613487243652344,53.9900016784668,54.29999923706055,53.810001373291016,53.970001220703125,13621300
C,2014-11-07,39.43739318847656,53.75,54.0099983215332,53.540000915527344,53.86000061035156,13479200
C,2014-11-10,39.54012680053711,53.88999938964844,53.88999938964844,53.540000915527344,53.56999969482422,11235500
C,2014-11-11,39.48141098022461,53.810001373291016,54.09000015258789,53.7599983215332,53.900001525878906,9524300
C,2014-11-12,39.19526672363281,53.41999816894531,53.619998931884766,53.06999969482422,53.34000015258789,10271800
C,2014-11-13,39.20992660522461,53.439998626708984,53.58000183105469,52.97999954223633,53.47999954223633,12668400
C,2014-11-14,39.16591262817383,53.380001068115234,53.599998474121094,53.2599983215332,53.310001373291016,11345500
C,2014-11-17,39.30532455444336,53.56999969482422,53.63999938964844,53.04999923706055,53.060001373291016,10191900
C,2014-11-18,39.48141098022461,53.810001373291016,54.16999816894531,53.5099983215332,53.560001373291016,12907700
C,2014-11-19,39.37136459350586,53.65999984741211,53.83000183105469,53.380001068115234,53.83000183105469,8664900
C,2014-11-20,39.26863479614258,53.52000045776367,53.56999969482422,53.11000061035156,53.25,9721900
C,2014-11-21,39.37136459350586,53.65999984741211,54.349998474121094,53.61000061035156,54.06999969482422,15142200
C,2014-11-24,39.914302825927734,54.400001525878906,54.4900016784668,53.7599983215332,53.939998626708984,13733900
C,2014-11-25,39.862945556640625,54.33000183105469,54.52000045776367,54.060001373291016,54.400001525878906,13212100
C,2014-11-26,39.7161979675293,54.130001068115234,54.47999954223633,54.0,54.45000076293945,8704200
C,2014-11-28,39.59881591796875,53.970001220703125,54.18000030517578,53.83000183105469,54.0,5876800
C,2014-12-01,39.14389419555664,53.349998474121094,53.90999984741211,53.04999923706055,53.79999923706055,13825700
C,2014-12-02,39.88494873046875,54.36000061035156,54.470001220703125,53.5099983215332,53.5099983215332,15964300
C,2014-12-03,40.50861740112305,55.209999084472656,55.279998779296875,54.310001373291016,54.470001220703125,21221500
C,2014-12-04,40.48659133911133,55.18000030517578,55.43000030517578,54.689998626708984,54.970001220703125,13407400
C,2014-12-05,41.146942138671875,56.08000183105469,56.4900016784668,55.459999084472656,55.52000045776367,21945900
C,2014-12-08,41.359737396240234,56.369998931884766,56.95000076293945,55.75,55.97999954223633,21799300
C,2014-12-09,40.97818374633789,55.849998474121094,56.13999938964844,54.689998626708984,55.439998626708984,26262900
C,2014-12-10,39.96566390991211,54.470001220703125,55.91999816894531,54.349998474121094,55.5099983215332,22464100
C,2014-12-11,39.99501037597656,54.5099983215332,55.22999954223633,54.41999816894531,54.650001525878906,20641300
C,2014-12-12,39.18058776855469,53.400001525878906,54.349998474121094,53.22999954223633,53.97999954223633,23137300
C,2014-12-15,38.7330207824707,52.790000915527344,54.08000183105469,52.52000045776367,54.08000183105469,20956200
C,2014-12-16,37.544395446777344,51.16999816894531,52.84000015258789,51.119998931884766,52.15999984741211,34745200
C,2014-12-17,38.483558654785156,52.45000076293945,52.47999954223633,51.11000061035156,51.209999084472656,26918800
C,2014-12-18,39.69419479370117,54.099998474121094,54.099998474121094,53.130001068115234,53.400001525878906,23478100
C,2014-12-19,39.628143310546875,54.0099983215332,54.47999954223633,53.75,53.9900016784668,22986200
C,2014-12-22,39.59146499633789,53.959999084472656,54.27000045776367,53.52000045776367,54.040000915527344,11742300
C,2014-12-23,39.928977966308594,54.41999816894531,54.86000061035156,53.93000030517578,54.02000045776367,12277000
C,2014-12-24,40.01701736450195,54.540000915527344,54.900001525878906,54.31999969482422,54.68000030517578,6237400
C,2014-12-26,39.936317443847656,54.43000030517578,54.77000045776367,54.40999984741211,54.630001068115234,6415100
C,2014-12-29,40.15643310546875,54.72999954223633,55.08000183105469,54.029998779296875,54.13999938964844,9887500
C,2014-12-30,40.23714828491211,54.84000015258789,54.95000076293945,54.25,54.5099983215332,8188600
C,2014-12-31,39.7015380859375,54.11000061035156,55.06999969482422,54.099998474121094,54.95000076293945,10193000
C,2015-01-02,39.811588287353516,54.2599983215332,54.689998626708984,53.790000915527344,54.36000061035156,11137800
C,2015-01-05,38.55692672729492,52.54999923706055,53.959999084472656,52.33000183105469,53.90999984741211,20945400
C,2015-01-06,37.19954299926758,50.70000076293945,52.77000045776367,50.529998779296875,52.68000030517578,31989300
C,2015-01-07,37.544395446777344,51.16999816894531,51.54999923706055,50.619998931884766,51.5099983215332,27890800
C,2015-01-08,38.109344482421875,51.939998626708984,52.08000183105469,51.5,51.77000045776367,17467200
C,2015-01-09,37.25825119018555,50.779998779296875,52.2400016784668,50.77000045776367,52.16999816894531,20180200
C,2015-01-12,36.964759826660156,50.380001068115234,50.90999984741211,50.029998779296875,50.81999969482422,22725800
C,2015-01-13,36.70061492919922,50.02000045776367,51.22999954223633,49.61000061035156,50.65999984741211,23201800
C,2015-01-14,35.98890686035156,49.04999923706055,49.099998474121094,47.77000045776367,48.959999084472656,44630800
C,2015-01-15,34.653541564941406,47.22999954223633,48.2400016784668,46.90999984741211,48.060001373291016,48799400
C,2015-01-16,34.93235778808594,47.61000061035156,47.689998626708984,46.599998474121094,46.70000076293945,32307000
C,2015-01-20,34.67554473876953,47.2599983215332,48.0,47.150001525878906,47.97999954223633,25561000
C,2015-01-21,35.027740478515625,47.7400016784668,48.22999954223633,47.150001525878906,47.369998931884766,22873300
C,2015-01-22,36.37044143676758,49.56999969482422,49.75,47.93000030517578,48.2599983215332,29652600
C,2015-01-23,35.67342758178711,48.619998931884766,49.7599983215332,48.61000061035156,49.4900016784668,18984700
C,2015-01-26,35.871524810791016,48.88999938964844,49.029998779296875,48.40999984741211,48.47999954223633,13817500
C,2015-01-27,35.445953369140625,48.310001373291016,48.650001525878906,47.77000045776367,48.040000915527344,16401200
C,2015-01-28,34.565494537353516,47.11000061035156,48.5099983215332,47.11000061035156,48.369998931884766,26065300
C,2015-01-29,34.94710922241211,47.619998931884766,47.779998779296875,46.83000183105469,47.06999969482422,19865700
C,2015-01-30,34.45541763305664,46.95000076293945,47.72999954223633,46.900001525878906,47.09000015258789,23729800
C,2015-02-02,35.02050018310547,47.720001220703125,47.77000045776367,46.900001525878906,47.20000076293945,19178200
C,2015-02-03,35.87178039550781,48.880001068115234,49.220001220703125,48.349998474121094,48.459999084472656,25220200
C,2015-02-04,35.51952362060547,48.400001525878906,49.0,48.29999923706055,48.56999969482422,19581800
C,2015-02-05,35.622283935546875,48.540000915527344,49.0,48.220001220703125,48.7400016784668,15481900
C,2015-02-06,36.06260681152344,49.13999938964844,49.95000076293945,49.060001373291016,49.400001525878906,25881500
C,2015-02-09,36.113975524902344,49.209999084472656,49.5099983215332,48.439998626708984,48.86000061035156,16364900
C,2015-02-10,36.24605941772461,49.38999938964844,50.060001373291016,49.13999938964844,50.0,17223700
C,2015-02-11,36.45890426635742,49.68000030517578,49.880001068115234,49.11000061035156,49.150001525878906,13079500
C,2015-02-12,37.346866607666016,50.88999938964844,51.09000015258789,49.77000045776367,49.939998626708984,28926800
C,2015-02-13,37.574371337890625,51.20000076293945,51.4900016784668,50.810001373291016,51.0099983215332,17448500
C,2015-02-17,37.93397521972656,51.689998626708984,51.79999923706055,50.900001525878906,50.95000076293945,14569400
C,2015-02-18,37.735843658447266,51.41999816894531,51.66999816894531,51.09000015258789,51.29999923706055,17666800
C,2015-02-19,37.51566696166992,51.119998931884766,51.540000915527344,51.040000915527344,51.279998779296875,11272000
C,2015-02-20,38.000022888183594,51.779998779296875,51.90999984741211,50.36000061035156,51.04999923706055,19429400
C,2015-02-23,37.662452697753906,51.31999969482422,51.540000915527344,50.75,51.529998779296875,15282600
C,2015-02-24,38.08808517456055,51.900001525878906,52.29999923706055,51.38999938964844,51.41999816894531,20250900
C,2015-02-25,38.2275276184082,52.09000015258789,52.11000061035156,51.54999923706055,51.650001525878906,10666000
C,2015-02-26,38.46236038208008,52.40999984741211,52.4900016784668,51.90999984741211,52.029998779296875,16358100
C,2015-02-27,38.469703674316406,52.41999816894531,52.869998931884766,52.16999816894531,52.31999969482422,18588400
C,2015-03-02,39.25495529174805,53.4900016784668,53.52000045776367,52.04999923706055,52.41999816894531,19384200
C,2015-03-03,39.43107223510742,53.72999954223633,54.0,53.43000030517578,53.939998626708984,24281900
C,2015-03-04,39.387054443359375,53.66999816894531,53.86000061035156,53.2400016784668,53.47999954223633,14698100
C,2015-03-05,39.306339263916016,53.560001373291016,53.72999954223633,53.150001525878906,53.709999084472656,13853800
C,2015-03-06,38.939388275146484,53.060001373291016,54.0099983215332,52.93000030517578,53.75,40296600
C,2015-03-09,38.858665466308594,52.95000076293945,53.16999816894531,52.77000045776367,52.880001068115234,17542600
C,2015-03-10,37.59638977050781,51.22999954223633,52.29999923706055,51.22999954223633,52.06999969482422,29061300
C,2015-03-11,38.40365982055664,52.33000183105469,52.7599983215332,51.52000045776367,51.619998931884766,32443600
C,2015-03-12,39.68793869018555,54.08000183105469,54.720001220703125,53.45000076293945,54.0,50191200
C,2015-03-13,39.29164123535156,53.540000915527344,54.2400016784668,53.2599983215332,53.900001525878906,20780600
C,2015-03-16,39.4017219543457,53.689998626708984,54.040000915527344,53.400001525878906,53.7400016784668,17031600
C,2015-03-17,39.511817932128906,53.84000015258789,53.9900016784668,53.15999984741211,53.209999084472656,13902900
C,2015-03-18,39.42373275756836,53.720001220703125,53.939998626708984,53.16999816894531,53.41999816894531,18383700
C,2015-03-19,38.44035720825195,52.380001068115234,53.619998931884766,52.20000076293945,53.56999969482422,21150000
C,2015-03-20,38.880672454833984,52.97999954223633,53.16999816894531,52.40999984741211,52.439998626708984,22466200
C,2015-03-23,38.513729095458984,52.47999954223633,53.04999923706055,52.47999954223633,53.029998779296875,13148900
C,2015-03-24,38.117431640625,51.939998626708984,52.439998626708984,51.939998626708984,52.349998474121094,12887700
C,2015-03-25,37.706485748291016,51.380001068115234,52.11000061035156,51.349998474121094,51.97999954223633,15418200
C,2015-03-26,37.56704330444336,51.189998626708984,51.459999084472656,50.470001220703125,51.189998626708984,21839600
C,2015-03-27,37.4276008605957,51.0,51.4900016784668,50.720001220703125,51.4900016784668,16052400
C,2015-03-30,37.89728546142578,51.63999938964844,52.0,51.310001373291016,51.33000183105469,13289200
C,2015-03-31,37.80921936035156,51.52000045776367,51.77000045776367,51.15999984741211,51.2599983215332,13928900
C,2015-04-01,37.88260269165039,51.619998931884766,51.900001525878906,51.0099983215332,51.369998931884766,21577700
C,2015-04-02,38.058738708496094,51.86000061035156,52.220001220703125,51.59000015258789,51.68000030517578,13966900
C,2015-04-06,37.88260269165039,51.619998931884766,51.959999084472656,50.97999954223633,51.15999984741211,13250800
C,2015-04-07,37.80921936035156,51.52000045776367,51.93000030517578,51.38999938964844,51.83000183105469,11562700
C,2015-04-08,38.080753326416016,51.88999938964844,52.220001220703125,51.630001068115234,51.66999816894531,11773000
C,2015-04-09,38.25688552856445,52.130001068115234,52.209999084472656,51.689998626708984,51.72999954223633,13591400
C,2015-04-10,38.477046966552734,52.43000030517578,52.68000030517578,51.97999954223633,52.08000183105469,13032000
C,2015-04-13,38.645843505859375,52.65999984741211,52.95000076293945,52.40999984741211,52.47999954223633,11984400
C,2015-04-14,38.697200775146484,52.72999954223633,53.0,52.380001068115234,52.93000030517578,13259700
C,2015-04-15,39.049461364746094,53.209999084472656,53.380001068115234,52.75,52.93000030517578,19041100
C,2015-04-16,39.64390182495117,54.02000045776367,54.459999084472656,53.79999923706055,53.97999954223633,38345600
C,2015-04-17,38.94672775268555,53.06999969482422,54.099998474121094,52.95000076293945,53.5099983215332,23287000
C,2015-04-20,39.04213333129883,53.20000076293945,53.56999969482422,53.09000015258789,53.29999923706055,14730000
C,2015-04-21,38.513729095458984,52.47999954223633,53.459999084472656,52.25,53.349998474121094,19554400
C,2015-04-22,38.96873474121094,53.099998474121094,53.380001068115234,52.349998474121094,52.52000045776367,14873400
C,2015-04-23,39.05680847167969,53.220001220703125,53.400001525878906,52.81999969482422,53.0099983215332,13049600
C,2015-04-24,38.82197189331055,52.900001525878906,53.220001220703125,52.849998474121094,53.15999984741211,10150500
C,2015-04-27,38.74857711791992,52.79999923706055,53.38999938964844,52.779998779296875,52.880001068115234,15613000
C,2015-04-28,38.91004180908203,53.02000045776367,53.099998474121094,52.25,52.66999816894531,14134500
C,2015-04-29,39.45309829711914,53.7599983215332,53.9900016784668,52.61000061035156,52.650001525878906,22542400
C,2015-04-30,39.13019561767578,53.31999969482422,53.970001220703125,52.91999816894531,53.75,19420600
C,2015-05-01,39.45309829711914,53.7599983215332,53.84000015258789,53.310001373291016,53.63999938964844,13147600
C,2015-05-04,39.753997802734375,54.16999816894531,54.2599983215332,53.7400016784668,53.849998474121094,15670100
C,2015-05-05,39.152198791503906,53.349998474121094,54.29999923706055,53.25,53.9900016784668,20669100
C,2015-05-06,38.76325988769531,52.81999969482422,53.900001525878906,52.349998474121094,53.560001373291016,19414800
C,2015-05-07,39.15991973876953,53.310001373291016,53.439998626708984,52.40999984741211,52.59000015258789,14954200
C,2015-05-08,39.68146896362305,54.02000045776367,54.11000061035156,53.29999923706055,53.54999923706055,17333500
C,2015-05-11,39.644737243652344,53.970001220703125,54.15999984741211,53.79999923706055,53.91999816894531,13896800
C,2015-05-12,39.47578811645508,53.7400016784668,53.97999954223633,53.22999954223633,53.66999816894531,13336900
C,2015-05-13,39.81370162963867,54.20000076293945,54.36000061035156,53.47999954223633,53.720001220703125,15810400
C,2015-05-14,40.107521057128906,54.599998474121094,54.72999954223633,54.33000183105469,54.43000030517578,14250800
C,2015-05-15,39.84308624267578,54.2400016784668,54.61000061035156,54.029998779296875,54.59000015258789,10377200
C,2015-05-18,40.158939361572266,54.66999816894531,54.900001525878906,54.16999816894531,54.189998626708984,11717600
C,2015-05-19,40.643760681152344,55.33000183105469,55.369998931884766,54.75,54.790000915527344,18207400
C,2015-05-20,40.32054901123047,54.88999938964844,55.29999923706055,54.75,55.27000045776367,13954600
C,2015-05-21,40.283809661865234,54.84000015258789,55.099998474121094,54.61000061035156,54.689998626708984,11799200
C,2015-05-22,40.37931823730469,54.970001220703125,55.33000183105469,54.68000030517578,54.779998779296875,12652000
C,2015-05-26,39.84308624267578,54.2400016784668,54.84000015258789,54.0099983215332,54.75,16564500
C,2015-05-27,40.30585861206055,54.869998931884766,54.97999954223633,54.20000076293945,54.34000015258789,13699400
C,2015-05-28,40.07078552246094,54.54999923706055,54.81999969482422,54.220001220703125,54.81999969482422,13380900
C,2015-05-29,39.72555923461914,54.08000183105469,54.4900016784668,53.869998931884766,54.459999084472656,13841400
C,2015-06-01,39.99732971191406,54.45000076293945,55.04999923706055,54.439998626708984,54.68000030517578,18156300
C,2015-06-02,40.19567108154297,54.720001220703125,55.02000045776367,54.130001068115234,54.400001525878906,17765400
C,2015-06-03,40.86412811279297,55.630001068115234,56.02000045776367,55.0099983215332,55.040000915527344,21240500
C,2015-06-04,40.643760681152344,55.33000183105469,56.0,55.15999984741211,55.45000076293945,18517600
C,2015-06-05,41.31221389770508,56.2400016784668,56.58000183105469,55.84000015258789,56.02000045776367,26500400
C,2015-06-08,40.87882614135742,55.650001525878906,56.5,55.650001525878906,56.25,14961600
C,2015-06-09,41.13592529296875,56.0,56.36000061035156,55.220001220703125,55.56999969482422,15193100
C,2015-06-10,41.885189056396484,57.02000045776367,57.209999084472656,56.18000030517578,56.27000045776367,21275600
C,2015-06-11,42.02475357055664,57.209999084472656,57.5,56.93000030517578,57.20000076293945,19187100
C,2015-06-12,41.951290130615234,57.11000061035156,57.25,56.66999816894531,57.0099983215332,13860600
C,2015-06-15,41.61339569091797,56.650001525878906,56.939998626708984,56.11000061035156,56.619998931884766,17698400
C,2015-06-16,41.921913146972656,57.06999969482422,57.130001068115234,56.36000061035156,56.52000045776367,13563800
C,2015-06-17,41.53258514404297,56.540000915527344,57.150001525878906,56.380001068115234,57.06999969482422,17801900
C,2015-06-18,41.69419479370117,56.7599983215332,56.880001068115234,55.97999954223633,56.65999984741211,18739300
C,2015-06-19,41.30487823486328,56.22999954223633,56.810001373291016,56.16999816894531,56.5099983215332,18840500
C,2015-06-22,41.833770751953125,56.95000076293945,57.209999084472656,56.7599983215332,56.86000061035156,13011600
C,2015-06-23,42.1569709777832,57.38999938964844,57.63999938964844,57.119998931884766,57.279998779296875,16216100
C,2015-06-24,41.6207275390625,56.65999984741211,56.9900016784668,56.5,56.65999984741211,19235500
C,2015-06-25,41.275489807128906,56.189998626708984,57.060001373291016,56.18000030517578,56.9900016784668,12176200
C,2015-06-26,41.38566589355469,56.34000015258789,56.650001525878906,56.099998474121094,56.470001220703125,12148300
C,2015-06-29,40.31319808959961,54.880001068115234,55.619998931884766,54.849998474121094,55.040000915527344,22260400
C,2015-06-30,40.57764434814453,55.2400016784668,55.68000030517578,54.810001373291016,55.52000045776367,17737400
C,2015-07-01,40.900875091552734,55.68000030517578,56.0099983215332,55.2400016784668,56.0099983215332,17606100
C,2015-07-02,40.67313003540039,55.369998931884766,55.849998474121094,55.06999969482422,55.43000030517578,12062800
C,2015-07-06,40.46010971069336,55.08000183105469,55.25,54.5,54.790000915527344,12706200
C,2015-07-07,40.0340690612793,54.5,55.04999923706055,53.029998779296875,54.970001220703125,32011200
C,2015-07-08,38.78530502319336,52.79999923706055,53.810001373291016,52.77000045776367,53.810001373291016,26169400
C,2015-07-09,39.45376205444336,53.709999084472656,54.150001525878906,53.599998474121094,53.84000015258789,23540400
C,2015-07-10,40.07814407348633,54.560001373291016,54.790000915527344,54.29999923706055,54.54999923706055,16578700
C,2015-07-13,40.79802703857422,55.540000915527344,55.689998626708984,55.040000915527344,55.040000915527344,18803900
C,2015-07-14,41.06981658935547,55.90999984741211,56.119998931884766,55.2400016784668,55.369998931884766,18174900
C,2015-07-15,41.47382354736328,56.459999084472656,56.790000915527344,55.95000076293945,56.2599983215332,20470500
C,2015-07-16,43.038448333740234,58.59000015258789,58.650001525878906,57.709999084472656,57.900001525878906,41084000
C,2015-07-17,43.15597915649414,58.75,58.88999938964844,58.34000015258789,58.529998779296875,21055300
C,2015-07-20,43.22944641113281,58.849998474121094,59.29999923706055,58.630001068115234,58.959999084472656,16016600
C,2015-07-21,43.4130859375,59.099998474121094,59.310001373291016,58.79999923706055,58.79999923706055,21541700
C,2015-07-22,44.32395553588867,60.34000015258789,60.529998779296875,59.029998779296875,59.119998931884766,30156200
C,2015-07-23,43.978694915771484,59.869998931884766,60.95000076293945,59.72999954223633,60.290000915527344,29432300
C,2015-07-24,43.119258880615234,58.70000076293945,59.77000045776367,58.33000183105469,59.70000076293945,24760800
C,2015-07-27,42.57566833496094,57.959999084472656,58.33000183105469,57.43000030517578,57.900001525878906,20378400
C,2015-07-28,42.8768424987793,58.369998931884766,58.5,57.779998779296875,58.45000076293945,12566700
C,2015-07-29,43.28085708618164,58.91999816894531,59.150001525878906,58.43000030517578,58.560001373291016,14460800
C,2015-07-30,43.288204193115234,58.880001068115234,59.04999923706055,58.29999923706055,58.72999954223633,11202100
C,2015-07-31,42.97941970825195,58.459999084472656,58.84000015258789,58.369998931884766,58.790000915527344,12529300
C,2015-08-03,42.964717864990234,58.439998626708984,58.66999816894531,57.95000076293945,58.619998931884766,10508700
C,2015-08-04,42.98679733276367,58.470001220703125,58.869998931884766,58.290000915527344,58.369998931884766,10984500
C,2015-08-05,43.18529510498047,58.7400016784668,59.25,58.599998474121094,58.939998626708984,10631000
C,2015-08-06,42.71476745605469,58.099998474121094,58.959999084472656,57.900001525878906,58.81999969482422,14707400
C,2015-08-07,42.5750846862793,57.90999984741211,58.61000061035156,57.439998626708984,58.18000030517578,11934000
C,2015-08-10,43.18529510498047,58.7400016784668,58.84000015258789,58.209999084472656,58.2599983215332,10812200
C,2015-08-11,42.376564025878906,57.63999938964844,58.25,57.2400016784668,58.0099983215332,18897600
C,2015-08-12,41.83987808227539,56.90999984741211,57.2400016784668,55.310001373291016,56.939998626708984,27428700
C,2015-08-13,42.14866638183594,57.33000183105469,57.599998474121094,56.5,57.029998779296875,15837900
C,2015-08-14,42.339805603027344,57.59000015258789,57.720001220703125,57.18000030517578,57.18000030517578,8864000
C,2015-08-17,42.47214889526367,57.77000045776367,57.849998474121094,56.9900016784668,57.15999984741211,11139200
C,2015-08-18,42.31040573120117,57.54999923706055,57.91999816894531,57.400001525878906,57.66999816894531,11593200
C,2015-08-19,41.90605163574219,57.0,57.52000045776367,56.560001373291016,57.18000030517578,17673200
C,2015-08-20,40.67827224731445,55.33000183105469,56.310001373291016,55.33000183105469,56.029998779296875,28455500
C,2015-08-21,39.40639114379883,53.599998474121094,55.04999923706055,53.58000183105469,54.400001525878906,33437500
C,2015-08-24,37.00966262817383,50.34000015258789,52.529998779296875,47.099998474121094,49.130001068115234,37767000
C,2015-08-25,36.671470642089844,49.880001068115234,52.75,49.880001068115234,52.70000076293945,27809200
C,2015-08-26,38.4359245300293,52.279998779296875,52.380001068115234,50.25,51.40999984741211,30721900
C,2015-08-27,39.28876495361328,53.439998626708984,53.619998931884766,52.349998474121094,53.189998626708984,26467300
C,2015-08-28,39.17113494873047,53.279998779296875,53.560001373291016,52.81999969482422,53.09000015258789,17205400
C,2015-08-31,39.318172454833984,53.47999954223633,53.65999984741211,52.720001220703125,53.130001068115234,20629000
C,2015-09-01,37.450767517089844,50.939998626708984,52.400001525878906,50.290000915527344,52.400001525878906,28621600
C,2015-09-02,38.046287536621094,51.75,52.029998779296875,50.9900016784668,51.810001373291016,17515800
C,2015-09-03,38.0756950378418,51.790000915527344,52.709999084472656,51.59000015258789,51.959999084472656,15708700
C,2015-09-04,37.19345474243164,50.59000015258789,51.29999923706055,50.119998931884766,51.130001068115234,19054500
C,2015-09-08,37.97277069091797,51.650001525878906,51.880001068115234,51.02000045776367,51.400001525878906,17160200
C,2015-09-09,37.40666580200195,50.880001068115234,52.619998931884766,50.72999954223633,52.400001525878906,16930900
C,2015-09-10,37.546348571777344,51.06999969482422,51.5,50.290000915527344,50.560001373291016,17467000
C,2015-09-11,37.56840896606445,51.099998474121094,51.150001525878906,50.630001068115234,51.0099983215332,12001800
C,2015-09-14,37.480186462402344,50.97999954223633,51.18000030517578,50.68000030517578,51.08000183105469,11427000
C,2015-09-15,38.23007583618164,52.0,52.290000915527344,51.060001373291016,51.18000030517578,17858900
C,2015-09-16,38.663841247558594,52.59000015258789,52.709999084472656,51.790000915527344,52.2599983215332,17369500
C,2015-09-17,37.97277069091797,51.650001525878906,53.0,51.380001068115234,52.61000061035156,24075200
C,2015-09-18,36.972900390625,50.290000915527344,50.84000015258789,50.11000061035156,50.70000076293945,33404600
C,2015-09-21,37.281681060791016,50.709999084472656,51.099998474121094,50.36000061035156,50.81999969482422,14936600
C,2015-09-22,37.03907012939453,50.380001068115234,50.45000076293945,49.86000061035156,49.95000076293945,19610600
C,2015-09-23,36.8479118347168,50.119998931884766,50.650001525878906,49.95000076293945,50.400001525878906,13680200
C,2015-09-24,36.12008285522461,49.130001068115234,49.75,48.75,49.65999984741211,32241000
C,2015-09-25,37.16404342651367,50.54999923706055,50.720001220703125,49.869998931884766,50.16999816894531,22341800
C,2015-09-28,36.04656219482422,49.029998779296875,50.70000076293945,48.95000076293945,50.630001068115234,21919800
C,2015-09-29,36.02450180053711,49.0,49.45000076293945,48.470001220703125,49.04999923706055,16485000
C,2015-09-30,36.472965240478516,49.61000061035156,49.84000015258789,48.900001525878906,49.810001373291016,17629000
C,2015-10-01,36.67882537841797,49.88999938964844,50.0,49.220001220703125,49.41999816894531,16291000
C,2015-10-02,36.671470642089844,49.880001068115234,49.880001068115234,47.709999084472656,48.5099983215332,27320900
C,2015-10-05,37.612518310546875,51.15999984741211,51.34000015258789,50.34000015258789,50.400001525878906,14881200
C,2015-10-06,37.53900146484375,51.060001373291016,51.5,50.83000183105469,51.04999923706055,12602100
C,2015-10-07,37.73013687133789,51.31999969482422,51.849998474121094,50.88999938964844,51.47999954223633,16572000
C,2015-10-08,37.97277069091797,51.650001525878906,51.84000015258789,50.75,51.09000015258789,16903000
C,2015-10-09,37.77426528930664,51.380001068115234,52.02000045776367,50.93000030517578,51.81999969482422,14341200
C,2015-10-12,37.70073318481445,51.279998779296875,51.4900016784668,50.880001068115234,51.36000061035156,11187000
C,2015-10-13,37.64927291870117,51.209999084472656,51.709999084472656,50.83000183105469,50.849998474121094,13337900
C,2015-10-14,37.289031982421875,50.720001220703125,51.220001220703125,50.380001068115234,51.06999969482422,22288000
C,2015-10-15,38.94322204589844,52.970001220703125,53.18000030517578,51.119998931884766,51.83000183105469,31023100
C,2015-10-16,38.73735809326172,52.689998626708984,53.36000061035156,52.56999969482422,53.34000015258789,17569200
C,2015-10-19,38.86235427856445,52.86000061035156,53.18000030517578,52.33000183105469,52.36000061035156,13616200
C,2015-10-20,38.84764099121094,52.84000015258789,53.20000076293945,52.599998474121094,52.86000061035156,11195800
C,2015-10-21,38.09040069580078,51.810001373291016,53.15999984741211,51.790000915527344,52.9900016784668,15577800
C,2015-10-22,38.60503387451172,52.5099983215332,52.869998931884766,52.150001525878906,52.18000030517578,22320500
C,2015-10-23,39.43579864501953,53.63999938964844,53.66999816894531,52.95000076293945,53.0,19927100
C,2015-10-26,39.0461540222168,53.11000061035156,53.59000015258789,52.75,53.22999954223633,14530700
C,2015-10-27,38.67853927612305,52.61000061035156,52.90999984741211,52.2400016784668,52.709999084472656,13232400
C,2015-10-28,40.23716354370117,54.72999954223633,54.959999084472656,52.709999084472656,52.86000061035156,23403900
C,2015-10-29,39.486572265625,53.65999984741211,55.060001373291016,53.619998931884766,54.5,23153900
C,2015-10-30,39.125999450683594,53.16999816894531,53.81999969482422,52.93000030517578,53.75,18430200
C,2015-11-02,39.61166763305664,53.83000183105469,54.04999923706055,53.34000015258789,53.45000076293945,11999700
C,2015-11-03,39.8545036315918,54.15999984741211,54.38999938964844,53.52000045776367,53.560001373291016,13518300
C,2015-11-04,39.61166763305664,53.83000183105469,54.5,53.65999984741211,54.369998931884766,16985200
C,2015-11-05,39.84715270996094,54.150001525878906,54.400001525878906,53.75,53.779998779296875,13632500
C,2015-11-06,41.112831115722656,55.869998931884766,56.459999084472656,55.4900016784668,55.77000045776367,21654400
C,2015-11-09,40.995094299316406,55.709999084472656,56.189998626708984,55.06999969482422,55.91999816894531,19921800
C,2015-11-10,41.06133270263672,55.79999923706055,56.16999816894531,55.0,55.529998779296875,17657400
C,2015-11-11,40.399051666259766,54.900001525878906,56.13999938964844,54.779998779296875,56.119998931884766,15834000
C,2015-11-12,39.339393615722656,53.459999084472656,54.52000045776367,53.45000076293945,54.52000045776367,17735000
C,2015-11-13,39.125999450683594,53.16999816894531,53.58000183105469,52.66999816894531,53.16999816894531,16828800
C,2015-11-16,39.50864791870117,53.689998626708984,53.689998626708984,52.4900016784668,52.959999084472656,14896600
C,2015-11-17,39.36148452758789,53.4900016784668,54.220001220703125,53.22999954223633,53.88999938964844,14845300
C,2015-11-18,40.457916259765625,54.97999954223633,55.029998779296875,53.7599983215332,53.849998474121094,19100300
C,2015-11-19,40.516788482666016,55.060001373291016,55.29999923706055,54.7400016784668,54.880001068115234,11997500
C,2015-11-20,40.28867721557617,54.75,55.369998931884766,54.54999923706055,55.369998931884766,14896000
C,2015-11-23,39.94281005859375,54.279998779296875,54.84000015258789,54.150001525878906,54.66999816894531,14547100
C,2015-11-24,39.86921310424805,54.18000030517578,54.5099983215332,53.709999084472656,53.810001373291016,12950900
C,2015-11-25,39.79564666748047,54.08000183105469,54.33000183105469,53.7599983215332,54.290000915527344,9859400
C,2015-11-27,39.89130401611328,54.209999084472656,54.369998931884766,53.720001220703125,54.060001373291016,5483300
C,2015-11-30,39.80299377441406,54.09000015258789,54.459999084472656,53.970001220703125,54.34000015258789,14603100
C,2015-12-01,40.38433074951172,54.880001068115234,54.90999984741211,54.25,54.400001525878906,11856000
C,2015-12-02,39.839786529541016,54.13999938964844,55.02000045776367,54.029998779296875,54.9900016784668,15288800
C,2015-12-03,39.376190185546875,53.5099983215332,54.599998474121094,53.349998474121094,54.41999816894531,19750000
C,2015-12-04,40.53886032104492,55.09000015258789,55.33000183105469,53.52000045776367,53.65999984741211,21464100
C,2015-12-07,40.0311164855957,54.400001525878906,54.880001068115234,53.90999984741211,54.77000045776367,15077300
C,2015-12-08,39.28788757324219,53.38999938964844,54.0099983215332,53.18000030517578,53.84000015258789,14785500
C,2015-12-09,38.86109161376953,52.810001373291016,53.810001373291016,52.310001373291016,53.04999923706055,19903700
C,2015-12-10,38.74333572387695,52.650001525878906,53.2400016784668,52.16999816894531,52.88999938964844,16333800
C,2015-12-11,37.610111236572266,51.11000061035156,52.209999084472656,50.66999816894531,51.939998626708984,24093500
C,2015-12-14,37.602760314941406,51.099998474121094,51.72999954223633,50.5,51.13999938964844,21586800
C,2015-12-15,38.64767074584961,52.52000045776367,52.79999923706055,51.849998474121094,51.849998474121094,21642300
C,2015-12-16,39.66318893432617,53.900001525878906,54.0099983215332,52.29999923706055,53.040000915527344,26044800
C,2015-12-17,38.88316345214844,52.84000015258789,54.20000076293945,52.709999084472656,54.0099983215332,17179600
C,2015-12-18,37.68370056152344,51.209999084472656,52.68000030517578,51.15999984741211,52.459999084472656,25509600
C,2015-12-21,38.110511779785156,51.790000915527344,51.90999984741211,51.08000183105469,51.709999084472656,16929000
C,2015-12-22,38.27239990234375,52.0099983215332,52.130001068115234,51.38999938964844,51.9900016784668,13241300
C,2015-12-23,38.7286376953125,52.630001068115234,52.63999938964844,52.08000183105469,52.29999923706055,14950200
C,2015-12-24,38.78749465942383,52.709999084472656,52.970001220703125,52.45000076293945,52.47999954223633,4671200
C,2015-12-28,38.5446662902832,52.380001068115234,52.56999969482422,51.959999084472656,52.56999969482422,8761700
C,2015-12-29,38.98619842529297,52.97999954223633,53.220001220703125,52.7400016784668,52.7599983215332,10155100
C,2015-12-30,38.48578643798828,52.29999923706055,52.939998626708984,52.25,52.84000015258789,8763300
C,2015-12-31,38.081077575683594,51.75,52.38999938964844,51.75,52.06999969482422,11281800
C,2016-01-04,37.62483596801758,51.130001068115234,51.189998626708984,50.189998626708984,50.75,23440200
C,2016-01-05,37.426151275634766,50.86000061035156,51.61000061035156,50.40999984741211,51.540000915527344,17444900
C,2016-01-06,36.88160705566406,50.119998931884766,50.58000183105469,49.7599983215332,50.099998474121094,22501800
C,2016-01-07,34.99778366088867,47.560001373291016,49.380001068115234,47.5,49.06999969482422,37902900
C,2016-01-08,33.945499420166016,46.130001068115234,48.7400016784668,46.029998779296875,48.72999954223633,30643000
C,2016-01-11,34.4753303527832,46.849998474121094,46.9900016784668,45.93000030517578,46.560001373291016,26284600
C,2016-01-12,34.49740982055664,46.880001068115234,47.5,46.27000045776367,47.5,26310000
C,2016-01-13,33.25377655029297,45.189998626708984,47.349998474121094,44.970001220703125,47.31999969482422,27925800
C,2016-01-14,33.39360809326172,45.380001068115234,45.81999969482422,44.56999969482422,45.41999816894531,30129500
C,2016-01-15,31.252229690551758,42.470001220703125,43.689998626708984,41.849998474121094,42.5099983215332,52452600
C,2016-01-19,30.862218856811523,41.939998626708984,43.119998931884766,41.65999984741211,42.849998474121094,39032700
C,2016-01-20,29.795217514038086,40.4900016784668,41.029998779296875,39.439998626708984,40.52000045776367,49905400
C,2016-01-21,29.54502296447754,40.150001525878906,41.38999938964844,40.029998779296875,40.5099983215332,34976700
C,2016-01-22,30.214664459228516,41.060001373291016,41.349998474121094,40.81999969482422,41.04999923706055,30187200
C,2016-01-25,29.10350227355957,39.54999923706055,40.959999084472656,39.45000076293945,40.810001373291016,31924000
C,2016-01-26,29.802583694458008,40.5,40.790000915527344,39.5,39.599998474121094,23508400
C,2016-01-27,29.846723556518555,40.560001373291016,41.689998626708984,40.22999954223633,40.369998931884766,28274800
C,2016-01-28,29.758316040039062,40.38999938964844,41.38999938964844,40.06999969482422,41.20000076293945,23212800
C,2016-01-29,31.371854782104492,42.58000183105469,42.59000015258789,40.779998779296875,40.79999923706055,36107600
C,2016-02-01,31.298175811767578,42.47999954223633,42.83000183105469,42.0,42.36000061035156,22860300
C,2016-02-02,29.780414581298828,40.41999816894531,41.86000061035156,40.279998779296875,41.86000061035156,31460900
C,2016-02-03,29.736209869384766,40.36000061035156,40.709999084472656,38.040000915527344,40.650001525878906,43680300
C,2016-02-04,30.053035736083984,40.790000915527344,41.56999969482422,40.04999923706055,40.11000061035156,26732600
C,2016-02-05,29.367826461791992,39.86000061035156,41.439998626708984,39.54999923706055,41.02000045776367,23599700
C,2016-02-08,27.85744285583496,37.810001373291016,39.18000030517578,37.18000030517578,39.13999938964844,35237100
C,2016-02-09,27.63640785217285,37.5099983215332,38.06999969482422,36.68000030517578,36.93000030517578,39767200
C,2016-02-10,27.562726974487305,37.40999984741211,39.09000015258789,37.380001068115234,38.5,33390000
C,2016-02-11,25.772363662719727,34.97999954223633,36.15999984741211,34.52000045776367,36.0,48945600
C,2016-02-12,27.658504486083984,37.540000915527344,37.869998931884766,35.97999954223633,36.029998779296875,38120400
C,2016-02-16,28.653160095214844,38.88999938964844,39.220001220703125,38.31999969482422,38.59000015258789,31802500
C,2016-02-17,29.30889129638672,39.779998779296875,40.290000915527344,39.5,39.709999084472656,29133500
C,2016-02-18,28.675260543823242,38.91999816894531,39.9900016784668,38.619998931884766,39.93000030517578,24107700
C,2016-02-19,28.726835250854492,38.9900016784668,39.060001373291016,38.060001373291016,38.81999969482422,22426000
C,2016-02-22,29.117326736450195,39.52000045776367,39.970001220703125,39.29999923706055,39.66999816894531,22028600
C,2016-02-23,28.15950584411621,38.220001220703125,39.189998626708984,38.040000915527344,39.119998931884766,26234200
C,2016-02-24,28.063739776611328,38.09000015258789,38.18000030517578,36.61000061035156,37.439998626708984,25912400
C,2016-02-25,28.4542236328125,38.619998931884766,38.650001525878906,38.0099983215332,38.22999954223633,19889500
C,2016-02-26,29.10257911682129,39.5,40.02000045776367,38.7599983215332,39.060001373291016,23757400
C,2016-02-29,28.623680114746094,38.849998474121094,39.79999923706055,38.849998474121094,39.43000030517578,22268700
C,2016-03-01,30.406681060791016,41.27000045776367,41.290000915527344,39.099998474121094,39.150001525878906,30606800
C,2016-03-02,31.106605529785156,42.220001220703125,42.25,41.09000015258789,41.2400016784668,28383800
C,2016-03-03,31.556045532226562,42.83000183105469,42.869998931884766,41.88999938964844,42.13999938964844,21835200
C,2016-03-04,31.556045532226562,42.83000183105469,43.59000015258789,42.470001220703125,43.06999969482422,28071000
C,2016-03-07,31.393959045410156,42.61000061035156,42.93000030517578,42.08000183105469,42.36000061035156,22134600
C,2016-03-08,30.244586944580078,41.04999923706055,42.310001373291016,40.9900016784668,42.150001525878906,26265000
C,2016-03-09,30.318254470825195,41.150001525878906,41.43000030517578,40.630001068115234,41.36000061035156,18573900
C,2016-03-10,30.48036003112793,41.369998931884766,42.150001525878906,40.61000061035156,41.61000061035156,21139800
C,2016-03-11,31.67391586303711,42.9900016784668,43.0099983215332,41.7599983215332,42.27000045776367,21068500
C,2016-03-14,31.43816566467285,42.66999816894531,42.90999984741211,42.209999084472656,42.65999984741211,15332700
C,2016-03-15,31.379215240478516,42.59000015258789,42.619998931884766,41.970001220703125,42.2599983215332,13784700
C,2016-03-16,31.113981246948242,42.22999954223633,43.04999923706055,41.5,42.130001068115234,22981000
C,2016-03-17,31.570781707763672,42.849998474121094,42.93000030517578,41.380001068115234,41.9900016784668,24262800
C,2016-03-18,32.079166412353516,43.540000915527344,43.970001220703125,43.25,43.43000030517578,30801900
C,2016-03-21,32.123355865478516,43.599998474121094,44.2599983215332,43.25,43.43000030517578,16226400
C,2016-03-22,31.96127700805664,43.380001068115234,43.630001068115234,42.90999984741211,43.27000045776367,14885100
C,2016-03-23,31.217119216918945,42.369998931884766,43.5,42.279998779296875,43.279998779296875,23989200
C,2016-03-24,30.900306701660156,41.939998626708984,41.939998626708984,41.029998779296875,41.779998779296875,22723400
C,2016-03-28,30.885589599609375,41.91999816894531,42.18000030517578,41.68000030517578,42.099998474121094,13062400
C,2016-03-29,30.73822021484375,41.720001220703125,41.779998779296875,41.13999938964844,41.779998779296875,18160100
C,2016-03-30,30.856111526489258,41.880001068115234,42.59000015258789,41.849998474121094,41.97999954223633,14763200
C,2016-03-31,30.760339736938477,41.75,42.34000015258789,41.59000015258789,41.83000183105469,15661700
C,2016-04-01,31.29079818725586,42.470001220703125,42.599998474121094,41.29999923706055,41.52000045776367,17749500
C,2016-04-04,30.988725662231445,42.060001373291016,42.70000076293945,41.97999954223633,42.36000061035156,14376300
C,2016-04-05,30.583494186401367,41.5099983215332,41.900001525878906,41.119998931884766,41.45000076293945,17867800
C,2016-04-06,30.841381072998047,41.86000061035156,41.88999938964844,41.189998626708984,41.529998779296875,16169900
C,2016-04-07,29.66990089416504,40.27000045776367,41.47999954223633,39.95000076293945,41.29999923706055,22618000
C,2016-04-08,29.81725311279297,40.470001220703125,41.279998779296875,40.369998931884766,40.86000061035156,14676100
C,2016-04-11,30.296167373657227,41.119998931884766,41.5099983215332,40.709999084472656,40.7400016784668,21083700
C,2016-04-12,30.870847702026367,41.900001525878906,41.959999084472656,41.119998931884766,41.279998779296875,19888700
C,2016-04-13,32.602256774902344,44.25,44.4900016784668,42.54999923706055,42.54999923706055,33135400
C,2016-04-14,33.14010238647461,44.97999954223633,45.290000915527344,44.02000045776367,44.13999938964844,26885100
C,2016-04-15,33.09591293334961,44.91999816894531,46.560001373291016,44.599998474121094,46.45000076293945,39168600
C,2016-04-18,33.235904693603516,45.11000061035156,45.25,44.209999084472656,44.41999816894531,22929900
C,2016-04-19,33.6190071105957,45.630001068115234,45.93000030517578,45.22999954223633,45.41999816894531,18833300
C,2016-04-20,34.43683624267578,46.7400016784668,46.75,45.72999954223633,45.7400016784668,21645700
C,2016-04-21,34.333683013916016,46.599998474121094,46.95000076293945,46.22999954223633,46.790000915527344,21538600
C,2016-04-22,34.60630798339844,46.970001220703125,47.349998474121094,46.619998931884766,46.689998626708984,17425900
C,2016-04-25,34.399993896484375,46.689998626708984,46.93000030517578,46.13999938964844,46.630001068115234,13480500
C,2016-04-26,34.70206832885742,47.099998474121094,47.15999984741211,46.41999816894531,46.709999084472656,15573600
C,2016-04-27,34.871524810791016,47.33000183105469,47.84000015258789,46.790000915527344,46.88999938964844,19444700
C,2016-04-28,34.465877532958984,46.72999954223633,47.529998779296875,46.54999923706055,46.790000915527344,18399500
C,2016-04-29,34.13398361206055,46.279998779296875,46.86000061035156,46.060001373291016,46.52000045776367,23922700
C,2016-05-02,34.42900085449219,46.68000030517578,46.83000183105469,45.900001525878906,46.540000915527344,13802500
C,2016-05-03,33.610313415527344,45.56999969482422,45.83000183105469,44.97999954223633,45.77000045776367,21186200
C,2016-05-04,32.93912887573242,44.65999984741211,45.02000045776367,44.16999816894531,44.880001068115234,24310500
C,2016-05-05,32.62199401855469,44.22999954223633,45.08000183105469,44.15999984741211,44.779998779296875,14912000
C,2016-05-06,32.7547607421875,44.40999984741211,44.41999816894531,43.720001220703125,43.810001373291016,17632500
C,2016-05-09,32.37123489379883,43.88999938964844,44.61000061035156,43.650001525878906,44.310001373291016,14251900
C,2016-05-10,33.071903228759766,44.84000015258789,44.900001525878906,44.11000061035156,44.34000015258789,13608900
C,2016-05-11,32.799007415771484,44.470001220703125,45.380001068115234,44.459999084472656,44.65999984741211,15997900
C,2016-05-12,32.45236587524414,44.0,45.16999816894531,43.77000045776367,44.84000015258789,15551500
C,2016-05-13,31.795940399169922,43.11000061035156,44.56999969482422,43.0,43.97999954223633,19433500
C,2016-05-16,31.825435638427734,43.150001525878906,43.5,42.939998626708984,43.11000061035156,17158400
C,2016-05-17,32.2310905456543,43.70000076293945,43.88999938964844,42.810001373291016,43.06999969482422,19943000
C,2016-05-18,33.83156967163086,45.869998931884766,46.13999938964844,43.75,43.75,37645200
C,2016-05-19,33.23415756225586,45.060001373291016,46.060001373291016,44.630001068115234,45.599998474121094,23036100
C,2016-05-20,33.116146087646484,44.900001525878906,45.70000076293945,44.790000915527344,45.41999816894531,19610200
C,2016-05-23,33.271026611328125,45.11000061035156,45.18000030517578,44.56999969482422,44.849998474121094,15050500
C,2016-05-24,33.8242073059082,45.86000061035156,46.189998626708984,45.310001373291016,45.45000076293945,18976500
C,2016-05-25,34.62076187133789,46.939998626708984,47.599998474121094,46.189998626708984,46.189998626708984,23944600
C,2016-05-26,34.00859451293945,46.11000061035156,47.119998931884766,46.06999969482422,47.040000915527344,16956600
C,2016-05-27,34.35524368286133,46.58000183105469,46.66999816894531,46.08000183105469,46.2400016784668,13854500
C,2016-05-31,34.347877502441406,46.56999969482422,46.900001525878906,46.310001373291016,46.880001068115234,21404000
C,2016-06-01,34.62076187133789,46.939998626708984,46.9900016784668,45.47999954223633,46.040000915527344,17212500
C,2016-06-02,34.642879486083984,46.970001220703125,47.060001373291016,46.599998474121094,46.86000061035156,15483800
C,2016-06-03,33.47755432128906,45.38999938964844,45.599998474121094,44.25,45.11000061035156,36961500
C,2016-06-06,33.73571014404297,45.7400016784668,46.2599983215332,45.209999084472656,45.38999938964844,17321400
C,2016-06-07,33.58817672729492,45.540000915527344,46.099998474121094,45.5099983215332,46.040000915527344,12089800
C,2016-06-08,33.60293960571289,45.560001373291016,45.900001525878906,45.29999923706055,45.47999954223633,13147300
C,2016-06-09,33.19729232788086,45.0099983215332,45.209999084472656,44.650001525878906,45.18000030517578,17069000
C,2016-06-10,32.37858963012695,43.900001525878906,44.400001525878906,43.68000030517578,44.27000045776367,23071100
C,2016-06-13,31.83282470703125,43.15999984741211,44.060001373291016,43.150001525878906,43.22999954223633,20612100
C,2016-06-14,30.94774055480957,41.959999084472656,43.540000915527344,41.52000045776367,43.040000915527344,27621300
C,2016-06-15,30.984619140625,42.0099983215332,42.88999938964844,41.970001220703125,42.29999923706055,21934200
C,2016-06-16,31.065746307373047,42.119998931884766,42.18000030517578,41.150001525878906,41.61000061035156,19904800
C,2016-06-17,31.331275939941406,42.47999954223633,42.939998626708984,42.150001525878906,42.439998626708984,25113400
C,2016-06-20,31.567291259765625,42.79999923706055,44.04999923706055,42.779998779296875,43.459999084472656,20244000
C,2016-06-21,31.655792236328125,42.91999816894531,43.209999084472656,42.470001220703125,43.16999816894531,14714900
C,2016-06-22,31.478784561157227,42.68000030517578,43.43000030517578,42.63999938964844,42.869998931884766,18087600
C,2016-06-23,32.7916259765625,44.459999084472656,44.5,43.470001220703125,43.5099983215332,25703000
C,2016-06-24,29.723407745361328,40.29999923706055,41.38999938964844,40.2599983215332,40.630001068115234,71849800
C,2016-06-27,28.381065368652344,38.47999954223633,39.63999938964844,38.310001373291016,39.58000183105469,53380200
C,2016-06-28,29.826663970947266,40.439998626708984,40.630001068115234,39.20000076293945,39.810001373291016,38605600
C,2016-06-29,31.065746307373047,42.119998931884766,42.189998626708984,40.900001525878906,41.13999938964844,34004100
C,2016-06-30,31.264896392822266,42.38999938964844,42.79999923706055,41.68000030517578,42.68000030517578,34485400
C,2016-07-01,31.102636337280273,42.16999816894531,42.689998626708984,41.970001220703125,42.29999923706055,19399600
C,2016-07-05,30.07743263244629,40.779998779296875,41.5,40.41999816894531,41.380001068115234,25571100
C,2016-07-06,30.283952713012695,41.060001373291016,41.08000183105469,40.029998779296875,40.150001525878906,27713900
C,2016-07-07,30.453582763671875,41.290000915527344,42.060001373291016,41.09000015258789,41.33000183105469,24585500
C,2016-07-08,30.962495803833008,41.97999954223633,42.27000045776367,41.630001068115234,41.79999923706055,29468600
C,2016-07-11,31.191133499145508,42.290000915527344,42.75,42.290000915527344,42.38999938964844,19752600
C,2016-07-12,32.039329528808594,43.439998626708984,43.47999954223633,42.7599983215332,42.81999969482422,23803600
C,2016-07-13,31.95819091796875,43.33000183105469,43.68000030517578,43.02000045776367,43.33000183105469,20488200
C,2016-07-14,32.78425979614258,44.45000076293945,44.77000045776367,44.119998931884766,44.380001068115234,37093600
C,2016-07-15,32.69575119018555,44.33000183105469,45.029998779296875,43.849998474121094,44.45000076293945,29198800
C,2016-07-18,32.87276077270508,44.56999969482422,44.900001525878906,44.2400016784668,44.279998779296875,18683900
C,2016-07-19,32.71050262451172,44.349998474121094,44.689998626708984,44.060001373291016,44.189998626708984,15297300
C,2016-07-20,32.799007415771484,44.470001220703125,44.70000076293945,44.20000076293945,44.529998779296875,16547100
C,2016-07-21,32.54825210571289,44.130001068115234,44.70000076293945,44.11000061035156,44.5,14924900
C,2016-07-22,32.67361831665039,44.29999923706055,44.36000061035156,43.83000183105469,44.099998474121094,12764200
C,2016-07-25,32.48186111450195,44.040000915527344,44.36000061035156,43.90999984741211,44.310001373291016,14391400
C,2016-07-26,32.562992095947266,44.150001525878906,44.2400016784668,43.900001525878906,43.93000030517578,16152500
C,2016-07-27,32.66624450683594,44.290000915527344,44.709999084472656,44.130001068115234,44.20000076293945,17814200
C,2016-07-28,32.62923812866211,44.08000183105469,44.16999816894531,43.68000030517578,44.0,13239600
C,2016-07-29,32.429378509521484,43.810001373291016,44.15999984741211,43.7599983215332,43.869998931884766,13773700
C,2016-08-01,32.140682220458984,43.41999816894531,44.02000045776367,43.2400016784668,43.91999816894531,14794400
C,2016-08-02,31.82239532470703,42.9900016784668,43.630001068115234,42.5,43.22999954223633,20089100
C,2016-08-03,32.48859786987305,43.88999938964844,43.939998626708984,42.86000061035156,42.93000030517578,14708300
C,2016-08-04,32.45157241821289,43.84000015258789,44.040000915527344,43.65999984741211,43.7400016784668,11747900
C,2016-08-05,33.84321212768555,45.720001220703125,45.72999954223633,44.5099983215332,44.630001068115234,28566800
C,2016-08-08,34.0208625793457,45.959999084472656,46.15999984741211,45.47999954223633,45.83000183105469,16861600
C,2016-08-09,33.97645568847656,45.900001525878906,46.11000061035156,45.66999816894531,45.95000076293945,12203800
C,2016-08-10,33.643341064453125,45.45000076293945,45.900001525878906,45.38999938964844,45.79999923706055,16566700
C,2016-08-11,33.850608825683594,45.72999954223633,45.90999984741211,45.290000915527344,45.5099983215332,14819400
C,2016-08-12,33.73958969116211,45.58000183105469,45.599998474121094,45.220001220703125,45.40999984741211,12472900
C,2016-08-15,34.33915710449219,46.38999938964844,46.5,45.81999969482422,45.81999969482422,12252700
C,2016-08-16,34.50941848754883,46.619998931884766,46.790000915527344,46.13999938964844,46.25,15202100
C,2016-08-17,34.51682662963867,46.630001068115234,46.79999923706055,46.380001068115234,46.5099983215332,17899300
C,2016-08-18,34.42058563232422,46.5,46.70000076293945,46.209999084472656,46.56999969482422,14190300
C,2016-08-19,34.44280242919922,46.529998779296875,46.59000015258789,46.02000045776367,46.34000015258789,12207600
C,2016-08-22,34.539024353027344,46.65999984741211,46.75,46.25,46.41999816894531,11007500
C,2016-08-23,34.48720169067383,46.59000015258789,47.060001373291016,46.59000015258789,46.900001525878906,13345500
C,2016-08-24,34.539024353027344,46.65999984741211,47.119998931884766,46.540000915527344,46.630001068115234,16054400
C,2016-08-25,34.58342742919922,46.720001220703125,46.81999969482422,46.470001220703125,46.5099983215332,16520200
C,2016-08-26,34.872127532958984,47.11000061035156,47.2400016784668,46.70000076293945,46.83000183105469,23338500
C,2016-08-29,34.983150482177734,47.2599983215332,47.689998626708984,47.11000061035156,47.189998626708984,16700000
C,2016-08-30,35.4568977355957,47.900001525878906,47.93000030517578,47.220001220703125,47.2599983215332,17519800
C,2016-08-31,35.338470458984375,47.7400016784668,48.18000030517578,47.25,47.959999084472656,20826600
C,2016-09-01,35.05718231201172,47.36000061035156,48.029998779296875,46.7599983215332,47.81999969482422,19403900
C,2016-09-02,35.16820526123047,47.5099983215332,47.709999084472656,47.0099983215332,47.5,16293000
C,2016-09-06,35.005367279052734,47.290000915527344,47.650001525878906,46.650001525878906,47.5099983215332,17649500
C,2016-09-07,35.1460075378418,47.47999954223633,47.63999938964844,46.86000061035156,47.0,13610600
C,2016-09-08,35.37548828125,47.790000915527344,48.06999969482422,47.31999969482422,47.459999084472656,15856400
C,2016-09-09,34.91654586791992,47.16999816894531,48.16999816894531,47.16999816894531,47.900001525878906,20468100
C,2016-09-12,35.37548828125,47.790000915527344,47.869998931884766,46.33000183105469,46.63999938964844,22074800
C,2016-09-13,34.731475830078125,46.91999816894531,47.290000915527344,46.61000061035156,46.900001525878906,19885000
C,2016-09-14,34.60563659667969,46.75,47.439998626708984,46.68000030517578,46.88999938964844,19778400
C,2016-09-15,34.84992218017578,47.08000183105469,47.31999969482422,46.59000015258789,46.75,14133200
C,2016-09-16,34.35396194458008,46.40999984741211,46.790000915527344,46.2400016784668,46.599998474121094,24820800
C,2016-09-19,34.48720169067383,46.59000015258789,47.2400016784668,46.5099983215332,46.619998931884766,12759700
C,2016-09-20,34.4501953125,46.540000915527344,47.189998626708984,46.45000076293945,47.040000915527344,13749400
C,2016-09-21,34.71668243408203,46.900001525878906,47.279998779296875,46.290000915527344,47.0,16605200
C,2016-09-22,34.872127532958984,47.11000061035156,47.29999923706055,46.75,46.9900016784668,16247600
C,2016-09-23,34.9017333984375,47.150001525878906,47.459999084472656,46.84000015258789,47.02000045776367,14793500
C,2016-09-26,33.969051361083984,45.88999938964844,46.630001068115234,45.83000183105469,46.5099983215332,22646700
C,2016-09-27,34.32434844970703,46.369998931884766,46.47999954223633,45.15999984741211,45.52000045776367,16165700
C,2016-09-28,34.694461822509766,46.869998931884766,46.90999984741211,46.099998474121094,46.58000183105469,15871600
C,2016-09-29,33.90243148803711,45.79999923706055,47.400001525878906,45.40999984741211,46.79999923706055,28066800
C,2016-09-30,34.9609489440918,47.22999954223633,47.5,46.060001373291016,46.33000183105469,25563100
C,2016-10-03,34.81289291381836,47.029998779296875,47.2599983215332,46.779998779296875,47.02000045776367,13819800
C,2016-10-04,35.34586715698242,47.75,48.43000030517578,47.08000183105469,47.099998474121094,25542000
C,2016-10-05,36.01207733154297,48.650001525878906,48.880001068115234,48.0099983215332,48.0099983215332,18173400
C,2016-10-06,36.322975158691406,49.06999969482422,49.09000015258789,48.369998931884766,48.83000183105469,15721000
C,2016-10-07,36.47841262817383,49.279998779296875,49.40999984741211,48.68000030517578,49.0,16584000
C,2016-10-10,36.67828369140625,49.54999923706055,49.959999084472656,49.369998931884766,49.459999084472656,14022700
C,2016-10-11,36.263755798339844,48.9900016784668,49.650001525878906,48.689998626708984,49.279998779296875,16033300
C,2016-10-12,36.049095153808594,48.70000076293945,49.220001220703125,48.65999984741211,48.970001220703125,14407300
C,2016-10-13,35.878841400146484,48.470001220703125,48.68000030517578,47.540000915527344,47.91999816894531,22302200
C,2016-10-14,35.98246765136719,48.61000061035156,49.95000076293945,48.38999938964844,49.599998474121094,28291800
C,2016-10-17,35.97506332397461,48.599998474121094,49.13999938964844,48.40999984741211,48.59000015258789,16655000
C,2016-10-18,36.263755798339844,48.9900016784668,49.290000915527344,48.810001373291016,49.18000030517578,18159900
C,2016-10-19,36.626461029052734,49.47999954223633,49.709999084472656,49.029998779296875,49.11000061035156,14663600
C,2016-10-20,36.700496673583984,49.58000183105469,49.900001525878906,49.209999084472656,49.459999084472656,13522600
C,2016-10-21,36.693084716796875,49.56999969482422,49.630001068115234,48.97999954223633,49.06999969482422,12728600
C,2016-10-24,36.700496673583984,49.58000183105469,49.880001068115234,49.52000045776367,49.81999969482422,10753500
C,2016-10-25,36.7078857421875,49.59000015258789,49.810001373291016,49.29999923706055,49.4900016784668,9790500
C,2016-10-26,37.018795013427734,50.0099983215332,50.060001373291016,49.209999084472656,49.27000045776367,13960000
C,2016-10-27,36.95956802368164,49.93000030517578,50.599998474121094,49.900001525878906,50.31999969482422,19181400
C,2016-10-28,36.68568420410156,49.560001373291016,50.119998931884766,48.95000076293945,49.97999954223633,17780300
C,2016-10-31,36.3821907043457,49.150001525878906,49.86000061035156,49.13999938964844,49.7400016784668,15173400
C,2016-11-01,36.226741790771484,48.939998626708984,49.66999816894531,48.400001525878906,49.400001525878906,20691100
C,2016-11-02,35.9306526184082,48.540000915527344,48.72999954223633,48.15999984741211,48.630001068115234,15824100
C,2016-11-03,35.78953552246094,48.189998626708984,48.9900016784668,48.02000045776367,48.529998779296875,16224300
C,2016-11-04,35.77468490600586,48.16999816894531,48.79999923706055,47.70000076293945,48.11000061035156,14152500
C,2016-11-07,37.00010681152344,49.81999969482422,49.84000015258789,49.209999084472656,49.2599983215332,19357600
C,2016-11-08,37.06694412231445,49.90999984741211,50.029998779296875,49.040000915527344,49.41999816894531,17548300
C,2016-11-09,38.31465148925781,51.59000015258789,51.939998626708984,49.470001220703125,50.06999969482422,59210400
C,2016-11-10,39.81484603881836,53.61000061035156,54.20000076293945,51.7400016784668,52.04999923706055,52067300
C,2016-11-11,39.23556900024414,52.83000183105469,53.15999984741211,51.599998474121094,52.7599983215332,41858600
C,2016-11-14,40.609500885009766,54.68000030517578,54.88999938964844,53.0,53.040000915527344,43113100
C,2016-11-15,41.18136215209961,55.45000076293945,55.470001220703125,53.709999084472656,53.9900016784668,33433800
C,2016-11-16,40.57238006591797,54.630001068115234,55.0,54.209999084472656,54.209999084472656,24200100
C,2016-11-17,41.18136215209961,55.45000076293945,55.97999954223633,54.36000061035156,54.599998474121094,24579000
C,2016-11-18,41.188785552978516,55.459999084472656,55.84000015258789,54.97999954223633,55.380001068115234,24990000
C,2016-11-21,41.248207092285156,55.540000915527344,55.9900016784668,55.13999938964844,55.959999084472656,20410400
C,2016-11-22,41.66410827636719,56.099998474121094,56.150001525878906,55.43000030517578,55.65999984741211,21975900
C,2016-11-23,42.10228729248047,56.689998626708984,56.83000183105469,55.810001373291016,56.29999923706055,19906300
C,2016-11-25,42.16912841796875,56.779998779296875,56.79999923706055,56.189998626708984,56.599998474121094,11488200
C,2016-11-28,41.19621276855469,55.470001220703125,56.349998474121094,55.43000030517578,55.86000061035156,23645000
C,2016-11-29,41.23335266113281,55.52000045776367,55.939998626708984,55.31999969482422,55.5,15725400
C,2016-11-30,41.87948989868164,56.38999938964844,56.720001220703125,56.060001373291016,56.22999954223633,24395100
C,2016-12-01,42.53302764892578,57.27000045776367,57.56999969482422,56.540000915527344,56.77000045776367,27592500
C,2016-12-02,41.60469055175781,56.02000045776367,57.2400016784668,55.93000030517578,57.20000076293945,25110300
C,2016-12-05,42.54045486450195,57.279998779296875,57.529998779296875,56.58000183105469,56.61000061035156,24404500
C,2016-12-06,43.015769958496094,57.91999816894531,58.08000183105469,57.0,57.97999954223633,21487500
C,2016-12-07,43.86243438720703,59.060001373291016,59.15999984741211,57.88999938964844,57.88999938964844,30517600
C,2016-12-08,44.67194366455078,60.150001525878906,60.79999923706055,59.04999923706055,59.400001525878906,32536000
C,2016-12-09,44.59025192260742,60.040000915527344,60.220001220703125,59.220001220703125,59.959999084472656,22804900
C,2016-12-12,44.22633361816406,59.54999923706055,60.09000015258789,58.869998931884766,59.45000076293945,21879400
C,2016-12-13,44.40458679199219,59.790000915527344,59.970001220703125,58.7599983215332,59.630001068115234,22014500
C,2016-12-14,44.15206527709961,59.45000076293945,60.79999923706055,58.83000183105469,58.959999084472656,31399400
C,2016-12-15,44.73135757446289,60.22999954223633,60.619998931884766,59.560001373291016,60.099998474121094,22389300
C,2016-12-16,44.3748664855957,59.75,60.61000061035156,59.63999938964844,60.59000015258789,28405900
C,2016-12-19,44.30803298950195,59.65999984741211,59.779998779296875,58.91999816894531,59.4900016784668,17654400
C,2016-12-20,45.154685974121094,60.79999923706055,60.79999923706055,59.91999816894531,59.91999816894531,23439800
C,2016-12-21,45.117549896240234,60.75,60.90999984741211,60.150001525878906,60.70000076293945,15090200
C,2016-12-22,44.92445373535156,60.4900016784668,60.93000030517578,60.40999984741211,60.65999984741211,14571100
C,2016-12-23,45.2957878112793,60.9900016784668,61.0,60.380001068115234,60.529998779296875,9314000
C,2016-12-27,45.37006378173828,61.09000015258789,61.29999923706055,60.849998474121094,61.029998779296875,9544000
C,2016-12-28,44.59025192260742,60.040000915527344,61.20000076293945,59.97999954223633,61.0,17127400
C,2016-12-29,44.100101470947266,59.380001068115234,60.119998931884766,58.68000030517578,60.02000045776367,17121200
C,2016-12-30,44.1372184753418,59.43000030517578,59.79999923706055,59.189998626708984,59.5,16588500
C,2017-01-03,44.99872589111328,60.59000015258789,61.09000015258789,59.75,60.68000030517578,18322400
C,2017-01-04,45.60771179199219,61.40999984741211,61.630001068115234,60.61000061035156,60.689998626708984,16947500
C,2017-01-05,44.813053131103516,60.34000015258789,61.43000030517578,59.90999984741211,60.970001220703125,18317900
C,2017-01-06,44.96901321411133,60.54999923706055,60.84000015258789,60.08000183105469,60.68000030517578,16778400
C,2017-01-09,44.72393035888672,60.220001220703125,60.63999938964844,59.66999816894531,60.150001525878906,14593000
C,2017-01-10,44.73135757446289,60.22999954223633,60.849998474121094,59.95000076293945,60.20000076293945,13483300
C,2017-01-11,44.53083038330078,59.959999084472656,60.0,59.25,59.65999984741211,20737600
C,2017-01-12,43.988677978515625,59.22999954223633,59.81999969482422,58.7599983215332,59.529998779296875,22778900
C,2017-01-13,44.2857551574707,59.630001068115234,60.31999969482422,59.380001068115234,59.45000076293945,21045200
C,2017-01-17,43.3574104309082,58.380001068115234,59.31999969482422,58.029998779296875,59.0099983215332,25013800
C,2017-01-18,42.62215805053711,57.38999938964844,58.279998779296875,57.099998474121094,57.9900016784668,29276200
C,2017-01-19,42.08000946044922,56.65999984741211,57.599998474121094,56.38999938964844,57.529998779296875,24932400
C,2017-01-20,41.67153549194336,56.11000061035156,57.119998931884766,56.029998779296875,56.95000076293945,27722300
C,2017-01-23,41.35219192504883,55.68000030517578,56.290000915527344,55.41999816894531,56.119998931884766,23130200
C,2017-01-24,42.13943099975586,56.7400016784668,57.150001525878906,55.68000030517578,55.959999084472656,18416400
C,2017-01-25,42.84495162963867,57.689998626708984,57.91999816894531,57.099998474121094,57.900001525878906,21492900
C,2017-01-26,42.59986877441406,57.36000061035156,57.97999954223633,57.04999923706055,57.599998474121094,20792700
C,2017-01-27,42.414207458496094,57.11000061035156,57.40999984741211,56.720001220703125,57.38999938964844,17074200
C,2017-01-30,42.04287338256836,56.61000061035156,56.68000030517578,55.7599983215332,56.5099983215332,17537600
C,2017-01-31,41.463584899902344,55.83000183105469,56.959999084472656,55.58000183105469,56.33000183105469,29221000
C,2017-02-01,41.62696838378906,56.04999923706055,56.97999954223633,55.880001068115234,56.720001220703125,17441500
C,2017-02-02,41.694007873535156,55.97999954223633,56.209999084472656,55.22999954223633,55.4900016784668,15586800
C,2017-02-03,43.019752502441406,57.7599983215332,57.880001068115234,56.59000015258789,57.040000915527344,21404100
C,2017-02-06,42.93037796020508,57.63999938964844,58.349998474121094,57.34000015258789,57.5099983215332,15680200
C,2017-02-07,42.595211029052734,57.189998626708984,58.06999969482422,57.0099983215332,58.0,13996900
C,2017-02-08,41.947235107421875,56.31999969482422,56.91999816894531,56.13999938964844,56.91999816894531,18626600
C,2017-02-09,42.6473503112793,57.2599983215332,57.540000915527344,56.31999969482422,56.31999969482422,18054100
C,2017-02-10,42.92292404174805,57.630001068115234,57.95000076293945,57.130001068115234,57.81999969482422,14421700
C,2017-02-13,43.90607452392578,58.95000076293945,59.369998931884766,57.9900016784668,57.9900016784668,22779800
C,2017-02-14,44.56148910522461,59.83000183105469,60.11000061035156,58.75,59.0,22359300
C,2017-02-15,45.06050491333008,60.5,60.869998931884766,59.70000076293945,60.15999984741211,22423900
C,2017-02-16,44.97113800048828,60.380001068115234,60.5,59.7599983215332,60.349998474121094,15916600
C,2017-02-17,44.814720153808594,60.16999816894531,60.16999816894531,59.400001525878906,59.70000076293945,15120600
C,2017-02-21,45.09775161743164,60.54999923706055,60.689998626708984,60.22999954223633,60.290000915527344,15812700
C,2017-02-22,45.14989471435547,60.619998931884766,60.95000076293945,60.02000045776367,60.18000030517578,16025700
C,2017-02-23,45.14989471435547,60.619998931884766,60.84000015258789,60.22999954223633,60.63999938964844,14624400
C,2017-02-24,44.36040115356445,59.560001373291016,60.18000030517578,59.11000061035156,59.880001068115234,19900300
C,2017-02-27,44.703006744384766,60.02000045776367,60.2400016784668,59.40999984741211,59.560001373291016,15711400
C,2017-02-28,44.546600341796875,59.810001373291016,60.09000015258789,59.47999954223633,59.66999816894531,17237500
C,2017-03-01,45.835113525390625,61.540000915527344,61.939998626708984,61.0,61.20000076293945,26421700
C,2017-03-02,45.15732192993164,60.630001068115234,61.869998931884766,60.59000015258789,61.68000030517578,17270300
C,2017-03-03,45.432926177978516,61.0,61.25,60.33000183105469,60.38999938964844,15178600
C,2017-03-06,44.89664840698242,60.279998779296875,60.880001068115234,60.2599983215332,60.79999923706055,14979400
C,2017-03-07,45.06050491333008,60.5,60.709999084472656,59.779998779296875,60.189998626708984,17297800
C,2017-03-08,45.51484298706055,61.11000061035156,62.529998779296875,61.060001373291016,61.560001373291016,30724000
C,2017-03-09,45.8425407409668,61.54999923706055,62.09000015258789,61.22999954223633,61.36000061035156,21429300
C,2017-03-10,45.79787063598633,61.4900016784668,62.029998779296875,60.91999816894531,61.939998626708984,17421900
C,2017-03-13,45.82765579223633,61.529998779296875,61.790000915527344,60.97999954223633,61.540000915527344,13481500
C,2017-03-14,45.76061248779297,61.439998626708984,61.470001220703125,60.810001373291016,61.33000183105469,11819700
C,2017-03-15,45.31373977661133,60.84000015258789,61.779998779296875,60.459999084472656,61.70000076293945,20086900
C,2017-03-16,45.54462814331055,61.150001525878906,61.40999984741211,60.77000045776367,61.04999923706055,15198300
C,2017-03-17,44.963680267333984,60.369998931884766,61.27000045776367,60.20000076293945,61.15999984741211,32281900
C,2017-03-20,44.38274002075195,59.59000015258789,60.380001068115234,59.59000015258789,60.099998474121094,14813800
C,2017-03-21,43.228302001953125,58.040000915527344,60.20000076293945,57.95000076293945,60.130001068115234,34140400
C,2017-03-22,43.02720260620117,57.77000045776367,58.38999938964844,56.900001525878906,57.40999984741211,25648500
C,2017-03-23,43.23575210571289,58.04999923706055,58.81999969482422,57.529998779296875,57.7599983215332,16916500
C,2017-03-24,43.25065612792969,58.06999969482422,58.540000915527344,57.61000061035156,58.33000183105469,13504400
C,2017-03-27,43.444297790527344,58.33000183105469,58.45000076293945,56.54999923706055,56.849998474121094,17257200
C,2017-03-28,44.256126403808594,59.41999816894531,59.65999984741211,58.119998931884766,58.189998626708984,15391100
C,2017-03-29,44.23378372192383,59.38999938964844,59.880001068115234,59.27000045776367,59.529998779296875,13457400
C,2017-03-30,45.067955017089844,60.5099983215332,60.83000183105469,59.36000061035156,59.38999938964844,14886200
C,2017-03-31,44.55405044555664,59.81999969482422,60.5099983215332,59.790000915527344,60.310001373291016,14407900
C,2017-04-03,44.449771881103516,59.68000030517578,60.09000015258789,58.650001525878906,59.93000030517578,15460500
C,2017-04-04,44.449771881103516,59.68000030517578,59.95000076293945,59.20000076293945,59.290000915527344,9745600
C,2017-04-05,44.38274002075195,59.59000015258789,61.02000045776367,59.529998779296875,60.5,20295200
C,2017-04-06,44.60618209838867,59.88999938964844,60.22999954223633,59.0099983215332,59.439998626708984,13806000
C,2017-04-07,44.263572692871094,59.43000030517578,59.88999938964844,59.2599983215332,59.33000183105469,13449300
C,2017-04-10,44.15185546875,59.279998779296875,59.97999954223633,58.97999954223633,59.36000061035156,12096700
C,2017-04-11,43.965660095214844,59.029998779296875,59.04999923706055,58.08000183105469,58.68000030517578,15247800
C,2017-04-12,43.57835006713867,58.5099983215332,59.130001068115234,58.27000045776367,59.09000015258789,15223400
C,2017-04-13,43.228302001953125,58.040000915527344,59.72999954223633,57.68000030517578,58.29999923706055,31784400
C,2017-04-17,43.93585968017578,58.9900016784668,59.060001373291016,57.93000030517578,58.36000061035156,14657300
C,2017-04-18,43.511314392089844,58.41999816894531,58.88999938964844,58.06999969482422,58.58000183105469,16891000
C,2017-04-19,42.997406005859375,57.72999954223633,59.099998474121094,57.599998474121094,58.849998474121094,18104200
C,2017-04-20,43.503875732421875,58.40999984741211,58.650001525878906,57.54999923706055,58.16999816894531,17074800
C,2017-04-21,42.98996353149414,57.720001220703125,58.439998626708984,57.630001068115234,58.380001068115234,15255900
C,2017-04-24,44.271018981933594,59.439998626708984,59.709999084472656,59.06999969482422,59.18000030517578,24400300
C,2017-04-25,44.84452438354492,60.209999084472656,60.790000915527344,60.0,60.08000183105469,21593500
C,2017-04-26,44.762577056884766,60.099998474121094,60.70000076293945,59.959999084472656,60.040000915527344,16058000
C,2017-04-27,44.35185623168945,59.38999938964844,59.9900016784668,58.93000030517578,59.97999954223633,14025900
C,2017-04-28,44.15022277832031,59.119998931884766,59.56999969482422,59.04999923706055,59.36000061035156,11917100
C,2017-05-01,44.40412521362305,59.459999084472656,60.060001373291016,59.15999984741211,59.38999938964844,12879400
C,2017-05-02,44.590843200683594,59.709999084472656,59.720001220703125,58.93000030517578,59.45000076293945,11471900
C,2017-05-03,44.986629486083984,60.2400016784668,60.33000183105469,59.29999923706055,59.5,12845300
C,2017-05-04,44.96422576904297,60.209999084472656,60.939998626708984,60.09000015258789,60.70000076293945,14509800
C,2017-05-05,44.986629486083984,60.2400016784668,60.58000183105469,60.099998474121094,60.4900016784668,11484300
C,2017-05-08,45.180789947509766,60.5,60.72999954223633,60.119998931884766,60.150001525878906,8458300
C,2017-05-09,44.97916030883789,60.22999954223633,61.040000915527344,60.06999969482422,60.650001525878906,13179900
C,2017-05-10,45.083702087402344,60.369998931884766,60.63999938964844,60.0,60.099998474121094,11607300
C,2017-05-11,45.33014678955078,60.70000076293945,60.91999816894531,59.91999816894531,60.25,16314000
C,2017-05-12,45.606468200683594,61.06999969482422,61.099998474121094,60.209999084472656,60.36000061035156,15393200
C,2017-05-15,45.867835998535156,61.41999816894531,61.70000076293945,61.09000015258789,61.220001220703125,14838500
C,2017-05-16,46.666900634765625,62.4900016784668,62.58000183105469,61.380001068115234,61.4900016784668,21199500
C,2017-05-17,44.79246520996094,59.97999954223633,62.4900016784668,59.66999816894531,62.4900016784668,33251400
C,2017-05-18,44.86713409423828,60.08000183105469,60.599998474121094,59.099998474121094,59.72999954223633,25142200
C,2017-05-19,45.62886428833008,61.099998474121094,61.77000045776367,60.2400016784668,60.40999984741211,20266600
C,2017-05-22,45.5989875793457,61.060001373291016,61.54999923706055,60.720001220703125,61.40999984741211,11744800
C,2017-05-23,46.08441162109375,61.709999084472656,61.95000076293945,60.72999954223633,61.09000015258789,12414300
C,2017-05-24,46.50261688232422,62.27000045776367,62.439998626708984,61.65999984741211,61.84000015258789,16102700
C,2017-05-25,46.26365280151367,61.95000076293945,62.689998626708984,61.779998779296875,62.25,13368600
C,2017-05-26,46.35325241088867,62.06999969482422,62.33000183105469,61.650001525878906,61.869998931884766,10850300
C,2017-05-30,46.032135009765625,61.63999938964844,62.06999969482422,61.5099983215332,61.790000915527344,12603800
C,2017-05-31,45.21065902709961,60.540000915527344,61.599998474121094,59.869998931884766,61.59000015258789,23150500
C,2017-06-01,45.613929748535156,61.08000183105469,61.09000015258789,60.16999816894531,60.88999938964844,13922400
C,2017-06-02,45.63633728027344,61.11000061035156,61.599998474121094,60.29999923706055,60.33000183105469,13643600
C,2017-06-05,45.74088668823242,61.25,61.77000045776367,60.959999084472656,61.040000915527344,10024900
C,2017-06-06,45.56165313720703,61.0099983215332,61.16999816894531,60.439998626708984,60.68000030517578,10764300
C,2017-06-07,46.211360931396484,61.880001068115234,62.22999954223633,61.099998474121094,61.209999084472656,16056100
C,2017-06-08,47.204593658447266,63.209999084472656,63.81999969482422,61.720001220703125,61.880001068115234,25925700
C,2017-06-09,48.13060760498047,64.44999694824219,64.73999786376953,63.5099983215332,63.84000015258789,31488800
C,2017-06-12,48.03352737426758,64.31999969482422,65.4000015258789,64.06999969482422,64.51000213623047,27444400
C,2017-06-13,48.309844970703125,64.69000244140625,65.26000213623047,64.33000183105469,64.87999725341797,18749000
C,2017-06-14,48.33226013183594,64.72000122070312,64.91999816894531,63.5,64.25,20791600
C,2017-06-15,47.86922073364258,64.0999984741211,64.94000244140625,63.939998626708984,64.30999755859375,15111500
C,2017-06-16,47.7124137878418,63.88999938964844,64.2300033569336,63.709999084472656,64.16000366210938,19549900
C,2017-06-19,48.15300369262695,64.4800033569336,64.88999938964844,64.26000213623047,64.4000015258789,13264800
C,2017-06-20,47.72733688354492,63.90999984741211,64.41999816894531,63.90999984741211,64.30999755859375,12162800
C,2017-06-21,47.6676025390625,63.83000183105469,64.26000213623047,63.61000061035156,63.88999938964844,13532800
C,2017-06-22,47.510765075683594,63.619998931884766,63.90999984741211,63.34000015258789,63.619998931884766,11344700
C,2017-06-23,47.35394287109375,63.40999984741211,64.18000030517578,63.15999984741211,64.05000305175781,16395300
C,2017-06-26,47.630252838134766,63.779998779296875,64.12000274658203,63.209999084472656,63.54999923706055,14978000
C,2017-06-27,47.96631622314453,64.2300033569336,64.86000061035156,64.01000213623047,64.23999786376953,16416300
C,2017-06-28,48.67576599121094,65.18000030517578,65.36000061035156,64.5199966430664,65.0,24015200
C,2017-06-29,50.01999282836914,66.9800033569336,67.75,66.26000213623047,67.6500015258789,40827200
C,2017-06-30,49.9453010559082,66.87999725341797,67.58999633789062,66.72000122070312,67.55999755859375,15832300
C,2017-07-03,50.97589111328125,68.26000213623047,68.91000366210938,67.23999786376953,67.23999786376953,16488300
C,2017-07-05,51.11778259277344,68.44999694824219,68.7300033569336,67.94999694824219,68.33000183105469,17783100
C,2017-07-06,50.50540542602539,67.62999725341797,68.76000213623047,67.56999969482422,68.44999694824219,17960700
C,2017-07-07,50.71451187133789,67.91000366210938,68.30000305175781,67.44000244140625,68.02999877929688,14735300
C,2017-07-10,50.52033233642578,67.6500015258789,68.04000091552734,67.44000244140625,67.69000244140625,12613800
C,2017-07-11,49.900489807128906,66.81999969482422,67.56999969482422,66.5999984741211,67.5,17134600
C,2017-07-12,49.97517013549805,66.91999816894531,67.19999694824219,66.54000091552734,66.76000213623047,16881700
C,2017-07-13,50.04985809326172,67.0199966430664,67.29000091552734,66.69000244140625,67.1500015258789,20152000
C,2017-07-14,49.8258171081543,66.72000122070312,66.93000030517578,65.5199966430664,66.31999969482422,20742300
C,2017-07-17,49.9079704284668,66.83000183105469,67.0999984741211,66.41999816894531,66.76000213623047,17498000
C,2017-07-18,49.952781677246094,66.88999938964844,67.0999984741211,66.22000122070312,66.44000244140625,15965900
C,2017-07-19,49.81087112426758,66.69999694824219,67.36000061035156,66.5,67.1500015258789,12687300
C,2017-07-20,49.556976318359375,66.36000061035156,67.04000091552734,66.33000183105469,66.62000274658203,14027600
C,2017-07-21,49.28813934326172,66.0,66.44000244140625,65.88999938964844,66.0999984741211,14075500
C,2017-07-24,49.36281967163086,66.0999984741211,66.43000030517578,65.91000366210938,65.91999816894531,14848400
C,2017-07-25,50.804107666015625,68.02999877929688,68.41999816894531,67.80999755859375,67.93000030517578,30833600
C,2017-07-26,50.76678466796875,67.9800033569336,68.83999633789062,67.79000091552734,68.47000122070312,19228500
C,2017-07-27,50.482994079589844,67.5999984741211,68.72000122070312,67.36000061035156,68.0,22650200
C,2017-07-28,50.356048583984375,67.43000030517578,67.7699966430664,67.0,67.41999816894531,13604500
C,2017-07-31,51.11778259277344,68.44999694824219,68.6500015258789,67.5199966430664,67.87000274658203,23059300
C,2017-08-01,51.9765739440918,69.5999984741211,69.62000274658203,68.75,69.08999633789062,22974700
C,2017-08-02,51.84214401245117,69.41999816894531,69.6500015258789,68.81999969482422,69.56999969482422,19095600
C,2017-08-03,51.11442184448242,68.12999725341797,69.19999694824219,68.01000213623047,68.93000030517578,20937900
C,2017-08-04,51.75213623046875,68.9800033569336,69.41000366210938,68.70999908447266,68.79000091552734,18148400
C,2017-08-07,51.797157287597656,69.04000091552734,69.26000213623047,68.69000244140625,69.12999725341797,12961100
C,2017-08-08,51.67710876464844,68.87999725341797,69.86000061035156,68.81999969482422,69.0,16645900
C,2017-08-09,51.3394889831543,68.43000030517578,68.4800033569336,67.91999816894531,68.12000274658203,19195700
C,2017-08-10,50.431697845458984,67.22000122070312,68.12999725341797,67.1500015258789,68.0,19147200
C,2017-08-11,50.1165885925293,66.80000305175781,67.47000122070312,66.58999633789062,67.06999969482422,15172800
C,2017-08-14,50.934364318847656,67.88999938964844,68.12999725341797,67.41000366210938,67.61000061035156,15120200
C,2017-08-15,50.994380950927734,67.97000122070312,68.95999908447266,67.87999725341797,68.58000183105469,15472000
C,2017-08-16,50.79931640625,67.70999908447266,68.37000274658203,67.38999938964844,68.1500015258789,15064500
C,2017-08-17,49.966529846191406,66.5999984741211,67.6500015258789,66.51000213623047,67.30999755859375,14487900
C,2017-08-18,49.95152282714844,66.58000183105469,67.36000061035156,66.18000030517578,66.38999938964844,13628900
C,2017-08-21,49.4788818359375,65.94999694824219,66.77999877929688,65.86000061035156,66.58000183105469,15791100
C,2017-08-22,50.15409851074219,66.8499984741211,66.93000030517578,66.25,66.29000091552734,13247000
C,2017-08-23,50.4391975402832,67.2300033569336,67.56999969482422,66.20999908447266,66.20999908447266,10031600
C,2017-08-24,50.7843132019043,67.69000244140625,67.91000366210938,66.94999694824219,67.44999694824219,11524800
C,2017-08-25,50.90434265136719,67.8499984741211,68.23999786376953,67.70999908447266,67.80000305175781,11883100
C,2017-08-28,50.87433624267578,67.80999755859375,68.18000030517578,67.43000030517578,68.08000183105469,10797600
C,2017-08-29,50.626766204833984,67.4800033569336,67.7699966430664,66.51000213623047,66.69999694824219,12448000
C,2017-08-30,51.02439498901367,68.01000213623047,68.38999938964844,67.69000244140625,67.69999694824219,9152000
C,2017-08-31,51.03937911987305,68.02999877929688,68.29000091552734,67.75,68.1500015258789,12439300
C,2017-09-01,51.45203399658203,68.58000183105469,69.02999877929688,67.9800033569336,68.11000061035156,10720600
C,2017-09-05,50.386680603027344,67.16000366210938,67.94000244140625,66.76000213623047,67.7699966430664,17649500
C,2017-09-06,50.506710052490234,67.31999969482422,67.5999984741211,66.8499984741211,67.45999908447266,11849400
C,2017-09-07,49.561397552490234,66.05999755859375,67.44000244140625,65.69000244140625,67.38999938964844,20307800
C,2017-09-08,49.64393615722656,66.16999816894531,66.91999816894531,65.87000274658203,65.97000122070312,13438000
C,2017-09-11,50.79931640625,67.70999908447266,67.79000091552734,66.37000274658203,66.76000213623047,17287000
C,2017-09-12,51.609588623046875,68.79000091552734,69.25,68.0999984741211,68.22000122070312,15495400
C,2017-09-13,52.05973815917969,69.38999938964844,69.52999877929688,68.45999908447266,68.69000244140625,17467300
C,2017-09-14,51.947200775146484,69.23999786376953,69.75,69.20999908447266,69.3499984741211,15022100
C,2017-09-15,51.797157287597656,69.04000091552734,69.37999725341797,68.91000366210938,69.12000274658203,18360900
C,2017-09-18,52.967529296875,70.5999984741211,70.93000030517578,69.2699966430664,69.37999725341797,18027800
C,2017-09-19,53.38017654418945,71.1500015258789,71.69999694824219,70.30000305175781,70.30000305175781,15466000
C,2017-09-20,53.61274719238281,71.45999908447266,72.19999694824219,70.81999969482422,71.37999725341797,19788100
C,2017-09-21,53.83782958984375,71.76000213623047,72.12999725341797,71.1500015258789,71.44999694824219,11509200
C,2017-09-22,53.56772994995117,71.4000015258789,71.63999938964844,71.01000213623047,71.5999984741211,10446600
C,2017-09-25,53.147586822509766,70.83999633789062,71.51000213623047,70.31999969482422,71.20999908447266,10762800
C,2017-09-26,53.22261428833008,70.94000244140625,71.23999786376953,70.51000213623047,70.8499984741211,11553800
C,2017-09-27,54.22797393798828,72.27999877929688,72.97000122070312,71.91000366210938,72.19000244140625,18092200
C,2017-09-28,54.50553894042969,72.6500015258789,72.86000061035156,72.0199966430664,72.61000061035156,13845900
C,2017-09-29,54.57305908203125,72.73999786376953,72.9000015258789,72.36000061035156,72.55000305175781,12777300
C,2017-10-02,55.36832809448242,73.80000305175781,73.88999938964844,72.91000366210938,73.06999969482422,13386300
C,2017-10-03,55.61590576171875,74.12999725341797,74.37999725341797,73.8499984741211,73.9800033569336,11925100
C,2017-10-04,55.56338882446289,74.05999755859375,74.73999786376953,73.93000030517578,74.18000030517578,12904100
C,2017-10-05,56.80879211425781,75.72000122070312,75.93000030517578,73.8499984741211,74.06999969482422,19701200
C,2017-10-06,56.74879455566406,75.63999938964844,76.0199966430664,75.0999984741211,75.80999755859375,16119900
C,2017-10-09,56.561222076416016,75.38999938964844,75.87999725341797,75.08999633789062,75.83000183105469,12830800
C,2017-10-10,56.40367126464844,75.18000030517578,75.54000091552734,74.62999725341797,75.4000015258789,13866600
C,2017-10-11,56.22361373901367,74.94000244140625,75.33000183105469,74.66000366210938,74.97000122070312,18597900
C,2017-10-12,54.29547119140625,72.37000274658203,76.13999938964844,72.2699966430664,75.81999969482422,40166300
C,2017-10-13,54.100406646728516,72.11000061035156,72.33999633789062,70.91000366210938,72.0999984741211,30907300
C,2017-10-16,53.84532165527344,71.7699966430664,72.58000183105469,71.37000274658203,71.37999725341797,21169200
C,2017-10-17,54.16042709350586,72.19000244140625,72.72000122070312,72.0,72.23999786376953,15743800
C,2017-10-18,54.858154296875,73.12000274658203,73.33000183105469,72.55000305175781,72.66000366210938,15126700
C,2017-10-19,54.678096771240234,72.87999725341797,72.94000244140625,71.70999908447266,72.3499984741211,12322700
C,2017-10-20,55.16576385498047,73.52999877929688,73.87999725341797,73.18000030517578,73.76000213623047,15634600
C,2017-10-23,55.16576385498047,73.52999877929688,74.01000213623047,73.43000030517578,73.4800033569336,10821500
C,2017-10-24,55.69842529296875,74.23999786376953,74.75,73.7300033569336,73.95999908447266,15260200
C,2017-10-25,55.23329544067383,73.62000274658203,74.62999725341797,73.26000213623047,74.4800033569336,17188100
C,2017-10-26,55.36082458496094,73.79000091552734,74.25,73.5999984741211,73.66000366210938,13213100
C,2017-10-27,55.420841217041016,73.87000274658203,73.9800033569336,73.01000213623047,73.43000030517578,11309900
C,2017-10-30,55.35331344604492,73.77999877929688,73.91000366210938,73.18000030517578,73.20999908447266,10556900
C,2017-10-31,55.14326095581055,73.5,74.08999633789062,73.26000213623047,73.87000274658203,11733500
C,2017-11-01,55.54086685180664,74.02999877929688,74.5199966430664,73.80999755859375,73.98999786376953,11361900
C,2017-11-02,56.073551177978516,74.73999786376953,74.8499984741211,73.33000183105469,73.94999694824219,12997500
C,2017-11-03,55.794769287109375,74.05000305175781,74.38999938964844,73.83999633789062,74.22000122070312,10692600
C,2017-11-06,55.606414794921875,73.80000305175781,74.02999877929688,73.16999816894531,73.58999633789062,12636600
C,2017-11-07,54.78512954711914,72.70999908447266,74.0,72.31999969482422,73.77999877929688,17255700
C,2017-11-08,54.506324768066406,72.33999633789062,72.56999969482422,71.5199966430664,72.38999938964844,18710600
C,2017-11-09,54.57414245605469,72.43000030517578,72.76000213623047,71.44999694824219,71.72000122070312,15496600
C,2017-11-10,54.438533782958984,72.25,72.86000061035156,72.11000061035156,72.52999877929688,12853100
C,2017-11-13,54.24262619018555,71.98999786376953,72.1500015258789,71.4800033569336,71.66999816894531,13500600
C,2017-11-14,53.89602279663086,71.52999877929688,71.80999755859375,71.04000091552734,71.6500015258789,13188900
C,2017-11-15,54.04670715332031,71.7300033569336,72.06999969482422,70.0199966430664,70.62000274658203,17541800
C,2017-11-16,54.00149917602539,71.66999816894531,72.31999969482422,71.51000213623047,72.11000061035156,12415600
C,2017-11-17,53.74533462524414,71.33000183105469,71.83000183105469,70.94000244140625,71.16000366210938,11813000
C,2017-11-20,54.287845611572266,72.05000305175781,72.30000305175781,71.27999877929688,71.7699966430664,10000000
C,2017-11-21,54.53647994995117,72.37999725341797,72.58999633789062,72.12999725341797,72.5,9632100
C,2017-11-22,54.44605255126953,72.26000213623047,73.1500015258789,72.26000213623047,72.44999694824219,9146200
C,2017-11-24,54.26521301269531,72.0199966430664,72.5199966430664,71.98999786376953,72.41000366210938,4676100
C,2017-11-27,53.790550231933594,71.38999938964844,72.36000061035156,71.30999755859375,71.98999786376953,12615200
C,2017-11-28,55.53104019165039,73.69999694824219,74.0,71.12999725341797,71.44000244140625,18048300
C,2017-11-29,56.540733337402344,75.04000091552734,75.7699966430664,74.05000305175781,75.12999725341797,21876400
C,2017-11-30,56.88731002807617,75.5,76.88999938964844,75.1500015258789,75.7300033569336,23179600
C,2017-12-01,56.89485549926758,75.51000213623047,76.23999786376953,73.77999877929688,75.70999908447266,18269800
C,2017-12-04,58.0928955078125,77.0999984741211,77.91999816894531,76.62000274658203,77.0199966430664,23151400
C,2017-12-05,57.67091751098633,76.54000091552734,77.27999877929688,76.19000244140625,76.9800033569336,16045900
C,2017-12-06,56.84211349487305,75.44000244140625,76.5,75.08999633789062,76.23999786376953,16612500
C,2017-12-07,56.495521545410156,74.9800033569336,75.31999969482422,74.26000213623047,74.66999816894531,19173400
C,2017-12-08,57.0455322265625,75.70999908447266,75.72000122070312,74.97000122070312,75.05999755859375,12460900
C,2017-12-11,57.15102767944336,75.8499984741211,76.12999725341797,75.52999877929688,75.94000244140625,10461700
C,2017-12-12,57.3770866394043,76.1500015258789,76.80000305175781,75.5199966430664,76.04000091552734,18381900
C,2017-12-13,56.616065979003906,75.13999938964844,76.31999969482422,75.05000305175781,75.94999694824219,20231600
C,2017-12-14,55.69681930541992,73.91999816894531,75.43000030517578,73.77999877929688,75.2300033569336,24778500
C,2017-12-15,56.3372802734375,74.7699966430664,75.1500015258789,74.2699966430664,74.44999694824219,37121100
C,2017-12-18,57.01539993286133,75.66999816894531,76.01000213623047,75.2699966430664,75.27999877929688,16449300
C,2017-12-19,56.28453063964844,74.69999694824219,76.1500015258789,74.6500015258789,76.0999984741211,17655100
C,2017-12-20,56.25440216064453,74.66000366210938,75.7699966430664,74.61000061035156,75.3499984741211,17644000
C,2017-12-21,57.12840270996094,75.81999969482422,76.08000183105469,74.94000244140625,74.9800033569336,14085700
C,2017-12-22,56.8797721862793,75.48999786376953,75.98999786376953,75.05000305175781,75.88999938964844,12006600
C,2017-12-26,56.34480667114258,74.77999877929688,75.72000122070312,74.41999816894531,75.44999694824219,10882100
C,2017-12-27,56.42770004272461,74.88999938964844,75.08000183105469,74.5199966430664,74.66999816894531,10845100
C,2017-12-28,56.570865631103516,75.08000183105469,75.16999816894531,74.83999633789062,74.91000366210938,8759800
C,2017-12-29,56.06602478027344,74.41000366210938,75.29000091552734,74.37999725341797,75.16999816894531,10074900
C,2018-01-02,56.028350830078125,74.36000061035156,75.18000030517578,74.0199966430664,75.08999633789062,15819800
C,2018-01-03,56.20164489746094,74.58999633789062,74.73999786376953,73.97000122070312,74.3499984741211,14657900
C,2018-01-04,56.89485549926758,75.51000213623047,76.11000061035156,74.66000366210938,75.01000213623047,16864900
C,2018-01-05,56.819522857666016,75.41000366210938,75.7699966430664,74.95999908447266,75.70999908447266,15300500
C,2018-01-08,56.15645217895508,74.52999877929688,75.23999786376953,74.33000183105469,75.16999816894531,14215700
C,2018-01-09,56.7441520690918,75.30999755859375,75.88999938964844,74.61000061035156,74.76000213623047,14209500
C,2018-01-10,57.000335693359375,75.6500015258789,76.27999877929688,75.37000274658203,75.69999694824219,14008000
C,2018-01-11,56.932518005371094,75.55999755859375,76.0199966430664,75.13999938964844,75.9800033569336,15459900
C,2018-01-12,57.896968841552734,76.83999633789062,76.95999908447266,75.77999877929688,75.9000015258789,16946700
C,2018-01-16,58.100406646728516,77.11000061035156,78.44000244140625,76.79000091552734,77.76000213623047,26181400
C,2018-01-17,58.37165832519531,77.47000122070312,77.66000366210938,76.0999984741211,76.88999938964844,20958400
C,2018-01-18,58.31138610839844,77.38999938964844,77.69999694824219,77.08000183105469,77.66000366210938,15420800
C,2018-01-19,58.99706268310547,78.30000305175781,78.37999725341797,77.43000030517578,77.56999969482422,17814000
C,2018-01-22,59.21554183959961,78.58999633789062,78.9000015258789,78.05000305175781,78.23999786376953,11561100
C,2018-01-23,59.18540573120117,78.55000305175781,78.88999938964844,77.95999908447266,78.45999908447266,10080000
C,2018-01-24,59.86354064941406,79.44999694824219,79.70999908447266,78.66000366210938,78.95999908447266,18108600
C,2018-01-25,59.855995178222656,79.44000244140625,80.38999938964844,79.20999908447266,79.8499984741211,16178800
C,2018-01-26,60.33824157714844,80.08000183105469,80.08000183105469,78.95999908447266,79.61000061035156,12807800
C,2018-01-29,60.24782180786133,79.95999908447266,80.69999694824219,79.83000183105469,80.12000274658203,14611100
C,2018-01-30,59.23816680908203,78.62000274658203,79.5999984741211,78.61000061035156,79.19999694824219,15816900
C,2018-01-31,59.132659912109375,78.4800033569336,79.38999938964844,78.19000244140625,78.77999877929688,16266300
C,2018-02-01,59.675167083740234,79.19999694824219,79.2300033569336,78.13999938964844,78.2699966430664,12437200
C,2018-02-02,58.26802444458008,77.0199966430664,79.05999755859375,76.87999725341797,78.6500015258789,18561200
C,2018-02-05,55.43103790283203,73.2699966430664,77.22000122070312,72.19999694824219,75.5199966430664,31087800
C,2018-02-06,56.603641510009766,74.81999969482422,75.19000244140625,71.1500015258789,71.5199966430664,32116700
C,2018-02-07,56.73225402832031,74.98999786376953,76.08000183105469,74.31999969482422,74.7699966430664,18908400
C,2018-02-08,54.37187957763672,71.87000274658203,75.25,71.80000305175781,75.06999969482422,24941100
C,2018-02-09,55.741214752197266,73.68000030517578,74.27999877929688,71.0,73.0199966430664,26616500
C,2018-02-12,56.55825424194336,74.76000213623047,75.5,73.97000122070312,74.47000122070312,16677700
C,2018-02-13,56.87599563598633,75.18000030517578,75.37999725341797,74.1500015258789,74.33999633789062,11749100
C,2018-02-14,58.03348922729492,76.70999908447266,76.86000061035156,74.7300033569336,75.02999877929688,16261300
C,2018-02-15,58.31343078613281,77.08000183105469,77.45999908447266,76.4000015258789,77.18000030517578,11066400
C,2018-02-16,58.11671829223633,76.81999969482422,77.37000274658203,76.61000061035156,76.80000305175781,11644900
C,2018-02-20,57.8443603515625,76.45999908447266,77.2300033569336,76.08999633789062,76.63999938964844,12040900
C,2018-02-21,58.25288772583008,77.0,78.41999816894531,76.4000015258789,76.4000015258789,15888800
C,2018-02-22,57.700626373291016,76.2699966430664,77.4800033569336,75.94000244140625,77.27999877929688,16049500
C,2018-02-23,58.31343078613281,77.08000183105469,77.11000061035156,76.19999694824219,76.4800033569336,12481200
C,2018-02-26,58.74462127685547,77.6500015258789,77.73999786376953,76.72000122070312,77.2300033569336,17288300
C,2018-02-27,57.7838249206543,76.37999725341797,77.87999725341797,76.3499984741211,77.5199966430664,19977200
C,2018-02-28,57.110511779785156,75.48999786376953,77.12999725341797,75.44999694824219,76.5999984741211,19329900
C,2018-03-01,55.7260856628418,73.66000366210938,75.94000244140625,73.19999694824219,75.5,23803200
C,2018-03-02,55.741214752197266,73.68000030517578,73.87000274658203,71.87999725341797,73.16999816894531,21061200
C,2018-03-05,56.301055908203125,74.41999816894531,74.94000244140625,72.69999694824219,73.06999969482422,16814600
C,2018-03-06,56.028690338134766,74.05999755859375,74.98999786376953,73.75,74.93000030517578,14891200
C,2018-03-07,55.922767639160156,73.91999816894531,74.08000183105469,72.86000061035156,73.18000030517578,14654900
C,2018-03-08,56.06653594970703,74.11000061035156,74.2300033569336,73.12999725341797,74.13999938964844,10878600
C,2018-03-09,57.57958221435547,76.11000061035156,76.37000274658203,74.5999984741211,74.94999694824219,15939200
C,2018-03-12,57.51148223876953,76.0199966430664,76.52999877929688,75.91999816894531,75.94999694824219,13398200
C,2018-03-13,56.6717414855957,74.91000366210938,76.41000366210938,74.66000366210938,76.13999938964844,12636600
C,2018-03-14,55.582332611083984,73.47000122070312,75.29000091552734,73.31999969482422,75.27999877929688,18485700
C,2018-03-15,55.483978271484375,73.33999633789062,73.87000274658203,73.01000213623047,73.77999877929688,13334000
C,2018-03-16,55.582332611083984,73.47000122070312,74.13999938964844,73.1500015258789,73.16999816894531,33033700
C,2018-03-19,54.99979782104492,72.69999694824219,73.5,71.91999816894531,73.47000122070312,15131400
C,2018-03-20,55.16624450683594,72.91999816894531,73.52999877929688,72.70999908447266,73.05000305175781,13113500
C,2018-03-21,55.46885681152344,73.31999969482422,74.2699966430664,72.69000244140625,73.18000030517578,16374700
C,2018-03-22,53.191688537597656,70.30999755859375,72.4800033569336,69.87000274658203,72.33000183105469,27652300
C,2018-03-23,51.36845779418945,67.9000015258789,70.47000122070312,67.75,70.31999969482422,31458900
C,2018-03-26,52.790733337402344,69.77999877929688,70.01000213623047,68.29000091552734,69.11000061035156,19156100
C,2018-03-27,51.655941009521484,68.27999877929688,70.62000274658203,67.61000061035156,70.23999786376953,21610800
C,2018-03-28,51.64081954956055,68.26000213623047,69.04000091552734,67.52999877929688,68.4800033569336,21712000
C,2018-03-29,51.065853118896484,67.5,69.66999816894531,67.5,68.5199966430664,22621300
C,2018-04-02,51.22471237182617,67.70999908447266,69.04000091552734,66.55000305175781,68.33000183105469,29975600
C,2018-04-03,51.8072509765625,68.4800033569336,68.66000366210938,67.41999816894531,68.05000305175781,18822600
C,2018-04-04,52.43517303466797,69.30999755859375,69.55999755859375,67.05000305175781,67.16000366210938,15651300
C,2018-04-05,53.12361526489258,70.22000122070312,70.80999755859375,69.9000015258789,70.06999969482422,16120700
C,2018-04-06,51.89801788330078,68.5999984741211,70.29000091552734,67.93000030517578,69.5199966430664,21543500
C,2018-04-09,52.53352355957031,69.44000244140625,70.94000244140625,68.98999786376953,69.05999755859375,17036500
C,2018-04-10,53.343013763427734,70.51000213623047,71.23999786376953,70.29000091552734,71.05000305175781,16022300
C,2018-04-11,52.87396240234375,69.88999938964844,70.5999984741211,69.55000305175781,69.97000122070312,15645500
C,2018-04-12,54.568572998046875,72.12999725341797,72.5,70.47000122070312,70.47000122070312,24488100
C,2018-04-13,53.72126770019531,71.01000213623047,73.37999725341797,69.83000183105469,73.20999908447266,31356000
C,2018-04-16,53.0101203918457,70.06999969482422,71.33999633789062,69.76000213623047,71.08999633789062,18877000
C,2018-04-17,52.76047134399414,69.73999786376953,70.93000030517578,69.47000122070312,70.6500015258789,18233400
C,2018-04-18,52.185508728027344,68.9800033569336,70.36000061035156,68.8499984741211,69.80999755859375,15382900
C,2018-04-19,53.16901397705078,70.27999877929688,70.61000061035156,69.0999984741211,69.0999984741211,15531600
C,2018-04-20,52.95718002319336,70.0,70.83999633789062,69.75,70.4000015258789,17629900
C,2018-04-23,52.56377410888672,69.4800033569336,70.2699966430664,69.4000015258789,70.0,11596400
C,2018-04-24,52.29143142700195,69.12000274658203,70.62000274658203,68.4000015258789,69.76000213623047,16233700
C,2018-04-25,52.47299575805664,69.36000061035156,69.7699966430664,68.05000305175781,68.7699966430664,16059700
C,2018-04-26,52.336822509765625,69.18000030517578,69.58999633789062,68.9000015258789,69.11000061035156,13829700
C,2018-04-27,52.19308090209961,68.98999786376953,69.44000244140625,68.73999786376953,69.0,10420100
C,2018-04-30,51.64836120605469,68.2699966430664,69.58999633789062,68.25,69.19999694824219,12237900
C,2018-05-01,51.633235931396484,68.25,68.29000091552734,67.41999816894531,68.23999786376953,11602700
C,2018-05-02,51.43654251098633,67.98999786376953,69.0199966430664,67.75,67.94999694824219,15287300
C,2018-05-03,51.39873504638672,67.94000244140625,68.2300033569336,66.55000305175781,67.80000305175781,16325500
C,2018-05-04,51.641971588134766,67.94000244140625,68.2699966430664,66.97000122070312,67.05000305175781,12512000
C,2018-05-07,52.067626953125,68.5,68.66999816894531,68.13999938964844,68.2699966430664,11801800
C,2018-05-08,53.967899322509766,71.0,71.44999694824219,69.38999938964844,69.6500015258789,23603200
C,2018-05-09,54.68999481201172,71.94999694824219,72.0,70.76000213623047,71.2300033569336,15900700
C,2018-05-10,55.161258697509766,72.56999969482422,72.93000030517578,71.58999633789062,71.95999908447266,11488900
C,2018-05-11,55.3817024230957,72.86000061035156,73.23999786376953,72.45999908447266,72.52999877929688,11531400
C,2018-05-14,55.19926071166992,72.62000274658203,73.30000305175781,72.5,72.93000030517578,12615500
C,2018-05-15,55.244873046875,72.68000030517578,73.0199966430664,72.36000061035156,72.51000213623047,12483300
C,2018-05-16,54.68999481201172,71.94999694824219,72.76000213623047,71.80999755859375,72.44000244140625,11796000
C,2018-05-17,54.3935546875,71.55999755859375,72.04000091552734,71.06999969482422,71.7300033569336,14876000
C,2018-05-18,53.17738342285156,69.95999908447266,71.31999969482422,69.88999938964844,71.26000213623047,16160700
C,2018-05-21,53.53462219238281,70.43000030517578,70.87000274658203,70.30000305175781,70.6500015258789,9798500
C,2018-05-22,54.02870559692383,71.08000183105469,71.69000244140625,70.51000213623047,70.79000091552734,14147100
C,2018-05-23,53.39020538330078,70.23999786376953,70.69999694824219,69.2300033569336,70.6500015258789,13626700
C,2018-05-24,52.68330383300781,69.30999755859375,69.88999938964844,68.48999786376953,69.83999633789062,16553700
C,2018-05-25,52.02201843261719,68.44000244140625,68.93000030517578,68.20999908447266,68.93000030517578,16008700
C,2018-05-29,49.9469108581543,65.70999908447266,67.5,65.19999694824219,67.12000274658203,37721400
C,2018-05-30,50.68421936035156,66.68000030517578,66.87999725341797,66.1500015258789,66.55999755859375,19040500
C,2018-05-31,50.69182205200195,66.69000244140625,66.94999694824219,65.75,66.55000305175781,22633000
C,2018-06-01,51.14027786254883,67.27999877929688,68.02999877929688,67.08000183105469,67.48999786376953,14914400
C,2018-06-04,51.185874938964844,67.33999633789062,67.7699966430664,67.0,67.44000244140625,10468900
C,2018-06-05,50.745018005371094,66.76000213623047,67.08999633789062,66.45999908447266,67.08000183105469,14072700
C,2018-06-06,51.86239242553711,68.2300033569336,68.41999816894531,67.0999984741211,67.20999908447266,14862400
C,2018-06-07,52.02961730957031,68.44999694824219,69.0,67.97000122070312,68.93000030517578,16505300
C,2018-06-08,52.044822692871094,68.47000122070312,68.5199966430664,67.7699966430664,68.12999725341797,11609500
C,2018-06-11,51.771175384521484,68.11000061035156,69.16999816894531,68.06999969482422,68.91999816894531,13941500
C,2018-06-12,51.391109466552734,67.61000061035156,68.56999969482422,67.44000244140625,68.26000213623047,13737100
C,2018-06-13,51.14788055419922,67.29000091552734,68.41000366210938,67.22000122070312,67.81999969482422,17531500
C,2018-06-14,50.28895950317383,66.16000366210938,67.61000061035156,65.94999694824219,67.55999755859375,24035400
C,2018-06-15,50.425777435302734,66.33999633789062,66.62000274658203,65.23999786376953,66.31999969482422,29314800
C,2018-06-18,50.737422943115234,66.75,66.80999755859375,65.37999725341797,65.75,13680800
C,2018-06-19,50.76022720336914,66.77999877929688,66.91000366210938,65.94999694824219,66.02999877929688,16892800
C,2018-06-20,51.2162971496582,67.37999725341797,67.94999694824219,67.12999725341797,67.72000122070312,16697100
C,2018-06-21,51.40631103515625,67.62999725341797,68.08999633789062,66.69999694824219,67.16000366210938,16545800
C,2018-06-22,51.079471588134766,67.19999694824219,68.20999908447266,67.16000366210938,68.04000091552734,16059900
C,2018-06-25,49.9773063659668,65.75,66.87999725341797,65.33999633789062,66.79000091552734,21426600
C,2018-06-26,50.40297317504883,66.30999755859375,66.69000244140625,64.37999725341797,65.51000213623047,22613700
C,2018-06-27,49.75687789916992,65.45999908447266,67.55999755859375,65.44000244140625,66.22000122070312,20917500
C,2018-06-28,50.83621597290039,66.87999725341797,67.12999725341797,65.55999755859375,65.9800033569336,19860100
C,2018-06-29,50.86664962768555,66.91999816894531,68.7699966430664,66.87999725341797,68.0,24193900
C,2018-07-02,51.049068450927734,67.16000366210938,67.16000366210938,65.94000244140625,66.20999908447266,12699100
C,2018-07-03,50.21295166015625,66.05999755859375,67.48999786376953,65.94000244140625,67.44999694824219,12346000
C,2018-07-05,50.59300231933594,66.55999755859375,66.83000183105469,66.22000122070312,66.44000244140625,12359000
C,2018-07-06,51.03387451171875,67.13999938964844,67.33999633789062,65.9000015258789,66.22000122070312,13174900
C,2018-07-09,52.40205764770508,68.94000244140625,69.05000305175781,67.48999786376953,67.5,15148500
C,2018-07-10,51.86239242553711,68.2300033569336,69.3499984741211,67.94999694824219,69.2300033569336,17057700
C,2018-07-11,51.61916732788086,67.91000366210938,68.45999908447266,67.83999633789062,67.97000122070312,13262800
C,2018-07-12,52.07521438598633,68.51000213623047,68.5999984741211,67.94000244140625,68.36000061035156,13345200
C,2018-07-13,50.92742919921875,67.0,68.30000305175781,66.22000122070312,67.98999786376953,34054000
C,2018-07-16,52.79732131958008,69.45999908447266,69.70999908447266,67.27999877929688,67.36000061035156,26659900
C,2018-07-17,52.713714599609375,69.3499984741211,69.87000274658203,68.80000305175781,69.5,17262800
C,2018-07-18,53.09376525878906,69.8499984741211,70.26000213623047,69.22000122070312,69.22000122070312,16321200
C,2018-07-19,52.44007873535156,68.98999786376953,69.55999755859375,68.55999755859375,69.5,14833900
C,2018-07-20,52.61488723754883,69.22000122070312,69.55999755859375,68.52999877929688,68.79000091552734,12017500
C,2018-07-23,53.3674201965332,70.20999908447266,70.44999694824219,69.01000213623047,69.16000366210938,15764000
C,2018-07-24,54.02109909057617,71.06999969482422,71.47000122070312,70.29000091552734,70.4000015258789,21883800
C,2018-07-25,54.51518249511719,71.72000122070312,71.75,70.75,70.81999969482422,14232700
C,2018-07-26,54.22633361816406,71.33999633789062,71.91000366210938,71.25,71.75,11169200
C,2018-07-27,54.492374420166016,71.69000244140625,71.81999969482422,71.16000366210938,71.36000061035156,11194100
C,2018-07-30,54.94842529296875,72.29000091552734,72.79000091552734,71.80000305175781,71.86000061035156,16339100
C,2018-07-31,54.644378662109375,71.88999938964844,72.37000274658203,71.62999725341797,72.19999694824219,13608100
C,2018-08-01,54.674800872802734,71.93000030517578,73.08000183105469,71.9000015258789,72.5,13612200
C,2018-08-02,54.60639190673828,71.83999633789062,71.93000030517578,71.0199966430664,71.33999633789062,13248600
C,2018-08-03,55.37127685546875,72.38999938964844,72.5199966430664,71.56999969482422,71.63999938964844,13680000
C,2018-08-06,55.37895202636719,72.4000015258789,72.6500015258789,71.93000030517578,72.16000366210938,10121400
C,2018-08-07,55.386592864990234,72.41000366210938,72.91000366210938,72.38999938964844,72.56999969482422,12991100
C,2018-08-08,55.753746032714844,72.88999938964844,73.20999908447266,72.05999755859375,72.13999938964844,10178900
C,2018-08-09,55.057682037353516,71.9800033569336,72.6500015258789,71.88999938964844,72.44000244140625,11044200
C,2018-08-10,53.7420539855957,70.26000213623047,70.9000015258789,69.9000015258789,70.62999725341797,20240100
C,2018-08-13,52.90065383911133,69.16000366210938,70.36000061035156,69.05999755859375,70.19999694824219,16926100
C,2018-08-14,53.55081558227539,70.01000213623047,70.19999694824219,69.25,69.30000305175781,12668200
C,2018-08-15,52.51056671142578,68.6500015258789,69.43000030517578,68.08000183105469,69.2300033569336,18952300
C,2018-08-16,53.20661163330078,69.55999755859375,69.88999938964844,69.08999633789062,69.16000366210938,13439600
C,2018-08-17,53.29073715209961,69.66999816894531,69.87000274658203,69.25,69.41999816894531,10329600
C,2018-08-20,53.94855499267578,70.52999877929688,70.69999694824219,69.37999725341797,69.45999908447266,11233300
C,2018-08-21,54.49165344238281,71.23999786376953,71.6500015258789,70.58000183105469,70.62999725341797,12261100
C,2018-08-22,54.39986801147461,71.12000274658203,71.41999816894531,70.97000122070312,71.16000366210938,7297600
C,2018-08-23,54.162750244140625,70.80999755859375,71.20999908447266,70.63999938964844,71.02999877929688,8310000
C,2018-08-24,54.05564880371094,70.66999816894531,71.26000213623047,70.51000213623047,70.5999984741211,8760000
C,2018-08-27,55.37127685546875,72.38999938964844,72.6500015258789,70.94000244140625,71.06999969482422,13545300
C,2018-08-28,55.363643646240234,72.37999725341797,72.75,72.22000122070312,72.56999969482422,9688600
C,2018-08-29,55.47836685180664,72.52999877929688,72.83999633789062,72.0199966430664,72.30000305175781,7146800
C,2018-08-30,54.65991973876953,71.45999908447266,72.36000061035156,71.33000183105469,72.08999633789062,13197700
C,2018-08-31,54.49165344238281,71.23999786376953,71.29000091552734,70.58999633789062,71.05000305175781,11898200
C,2018-09-04,54.614036560058594,71.4000015258789,71.58000183105469,70.37000274658203,70.98999786376953,10108500
C,2018-09-05,54.43809509277344,71.16999816894531,71.77999877929688,71.13999938964844,71.19999694824219,13138100
C,2018-09-06,53.627323150634766,70.11000061035156,71.11000061035156,69.91999816894531,70.93000030517578,15207100
C,2018-09-07,53.267799377441406,69.63999938964844,70.44999694824219,69.47000122070312,70.33999633789062,15180600
C,2018-09-10,53.26016616821289,69.62999725341797,70.27999877929688,69.62000274658203,69.9800033569336,12353600
C,2018-09-11,53.107177734375,69.43000030517578,69.70999908447266,68.91000366210938,69.26000213623047,12650000
C,2018-09-12,53.93326950073242,70.51000213623047,71.6500015258789,70.51000213623047,70.95999908447266,17434900
C,2018-09-13,53.65790939331055,70.1500015258789,71.69999694824219,70.02999877929688,70.9000015258789,13569000
C,2018-09-14,53.95622634887695,70.54000091552734,70.87999725341797,70.1500015258789,70.18000030517578,9653300
C,2018-09-17,54.21629333496094,70.87999725341797,71.44999694824219,70.4000015258789,70.79000091552734,11323000
C,2018-09-18,54.58344268798828,71.36000061035156,71.58999633789062,70.5999984741211,71.30000305175781,11457100
C,2018-09-19,56.38862228393555,73.72000122070312,74.12999725341797,71.54000091552734,71.54000091552734,21766100
C,2018-09-20,57.207069396972656,74.79000091552734,75.01000213623047,74.26000213623047,74.5,23550500
C,2018-09-21,56.717525482177734,74.1500015258789,75.23999786376953,73.97000122070312,74.9800033569336,28874700
C,2018-09-24,56.48039627075195,73.83999633789062,74.52999877929688,73.12000274658203,74.08000183105469,14023100
C,2018-09-25,56.22796630859375,73.51000213623047,74.52999877929688,73.47000122070312,74.22000122070312,12324300
C,2018-09-26,55.41719055175781,72.44999694824219,73.98999786376953,72.37000274658203,73.5199966430664,15060000
C,2018-09-27,55.79963684082031,72.94999694824219,73.62000274658203,72.37999725341797,72.9000015258789,11420600
C,2018-09-28,54.87409973144531,71.73999786376953,72.43000030517578,71.4800033569336,72.05999755859375,14341900
C,2018-10-01,55.01943588256836,71.93000030517578,72.86000061035156,71.76000213623047,72.23999786376953,11263700
C,2018-10-02,54.92000198364258,71.80000305175781,72.18000030517578,71.02999877929688,71.51000213623047,12746900
C,2018-10-03,55.34835433959961,72.36000061035156,72.83999633789062,72.0199966430664,72.54000091552734,11977900
C,2018-10-04,55.54720687866211,72.62000274658203,73.9800033569336,72.0199966430664,72.77999877929688,18956800
C,2018-10-05,55.39424133300781,72.41999816894531,73.12000274658203,72.06999969482422,72.94999694824219,11481400
C,2018-10-08,55.52427673339844,72.58999633789062,72.9800033569336,71.5199966430664,71.69000244140625,11958200
C,2018-10-09,54.98882293701172,71.88999938964844,72.69999694824219,71.41000366210938,72.05999755859375,15654500
C,2018-10-10,53.504920959472656,69.94999694824219,72.5,69.87000274658203,72.06999969482422,23679600
C,2018-10-11,52.30402755737305,68.37999725341797,70.6500015258789,68.36000061035156,69.13999938964844,28890800
C,2018-10-12,53.42079162597656,69.83999633789062,71.2300033569336,68.41000366210938,70.44999694824219,29024200
C,2018-10-15,52.93890380859375,69.20999908447266,70.63999938964844,69.18000030517578,70.12999725341797,17661300
C,2018-10-16,53.321346282958984,69.70999908447266,70.04000091552734,69.16999816894531,69.88999938964844,15453500
C,2018-10-17,53.42079162597656,69.83999633789062,70.79000091552734,69.02999877929688,69.3499984741211,16774200
C,2018-10-18,52.487606048583984,68.62000274658203,70.38999938964844,68.41000366210938,69.54000091552734,18168500
C,2018-10-19,52.671180725097656,68.86000061035156,69.5999984741211,68.16000366210938,68.54000091552734,16721900
C,2018-10-22,50.93486404418945,66.58999633789062,69.20999908447266,66.56999969482422,68.88999938964844,17890900
C,2018-10-23,50.27704620361328,65.7300033569336,66.08000183105469,63.18000030517578,64.1500015258789,32809200
C,2018-10-24,48.800785064697266,63.79999923706055,65.41000366210938,63.59000015258789,65.41000366210938,23420600
C,2018-10-25,49.695716857910156,64.97000122070312,65.51000213623047,64.33000183105469,64.7699966430664,19510300
C,2018-10-26,49.11438751220703,64.20999908447266,64.73999786376953,63.18000030517578,64.16999816894531,24066300
C,2018-10-29,49.22146987915039,64.3499984741211,65.62000274658203,63.68000030517578,65.05999755859375,20036800
C,2018-10-30,49.35914611816406,64.52999877929688,65.19000244140625,63.810001373291016,64.5999984741211,19951900
C,2018-10-31,50.07051086425781,65.45999908447266,66.20999908447266,64.83999633789062,65.01000213623047,20450300
C,2018-11-01,50.3535270690918,65.83000183105469,66.44000244140625,65.19999694824219,66.08999633789062,17744100
C,2018-11-02,50.76942443847656,65.91999816894531,66.91999816894531,65.58000183105469,66.06999969482422,21214800
C,2018-11-05,51.83226776123047,67.30000305175781,67.47000122070312,66.26000213623047,66.30000305175781,14823900
C,2018-11-06,51.35475158691406,66.68000030517578,67.30999755859375,66.16999816894531,67.30999755859375,17049600
C,2018-11-07,52.57162094116211,68.26000213623047,68.30999755859375,66.69999694824219,67.29000091552734,15529300
C,2018-11-08,52.201927185058594,67.77999877929688,69.0,66.8499984741211,67.94000244140625,18908100
C,2018-11-09,50.64619064331055,65.76000213623047,67.48999786376953,65.18000030517578,67.19999694824219,27125800
C,2018-11-12,49.45243835449219,64.20999908447266,65.9800033569336,64.06999969482422,65.55999755859375,16424200
C,2018-11-13,49.89143371582031,64.77999877929688,65.44000244140625,64.31999969482422,64.37999725341797,14121300
C,2018-11-14,48.90562057495117,63.5,65.79000091552734,62.84000015258789,65.38999938964844,19754600
C,2018-11-15,49.7527961730957,64.5999984741211,64.72000122070312,62.34000015258789,62.970001220703125,19202300
C,2018-11-16,50.02235412597656,64.94999694824219,64.97000122070312,64.0199966430664,64.48999786376953,15995200
C,2018-11-19,49.76820755004883,64.62000274658203,65.54000091552734,64.19999694824219,65.08000183105469,12227400
C,2018-11-20,48.15855407714844,62.529998779296875,64.01000213623047,62.150001525878906,63.81999969482422,21024000
C,2018-11-21,48.420413970947266,62.869998931884766,63.83000183105469,62.66999816894531,62.7599983215332,12380200
C,2018-11-23,47.55781936645508,61.75,62.439998626708984,61.720001220703125,62.33000183105469,7316500
C,2018-11-26,49.08275604248047,63.72999954223633,63.91999816894531,62.5,62.66999816894531,19065100
C,2018-11-27,48.87480545043945,63.459999084472656,63.84000015258789,62.75,63.349998474121094,12867900
C,2018-11-28,50.507564544677734,65.58000183105469,65.6500015258789,62.90999984741211,63.63999938964844,17719000
C,2018-11-29,49.98385238647461,64.9000015258789,65.55999755859375,64.66000366210938,65.08999633789062,12914200
C,2018-11-30,49.89912414550781,64.79000091552734,65.0,64.11000061035156,64.37000274658203,14207800
C,2018-12-03,50.1840934753418,65.16000366210938,66.45999908447266,64.80999755859375,66.04000091552734,14255500
C,2018-12-04,47.950599670410156,62.2599983215332,64.63999938964844,61.119998931884766,64.58000183105469,27104500
C,2018-12-06,46.25623321533203,60.060001373291016,60.09000015258789,58.36000061035156,59.36000061035156,37802600
C,2018-12-07,44.93925857543945,58.349998474121094,60.720001220703125,58.13999938964844,59.720001220703125,24282100
C,2018-12-10,43.95344543457031,57.06999969482422,58.310001373291016,55.83000183105469,57.95000076293945,30695800
C,2018-12-11,43.29879379272461,56.220001220703125,58.33000183105469,55.900001525878906,58.16999816894531,23712500
C,2018-12-12,43.11396026611328,55.97999954223633,57.150001525878906,55.849998474121094,57.130001068115234,24941600
C,2018-12-13,42.95222854614258,55.77000045776367,56.439998626708984,55.40999984741211,56.380001068115234,27670700
C,2018-12-14,42.37460708618164,55.02000045776367,56.36000061035156,54.630001068115234,54.72999954223633,22839300
C,2018-12-17,41.78156661987305,54.25,55.93000030517578,53.91999816894531,54.849998474121094,26212500
C,2018-12-18,41.535118103027344,53.93000030517578,55.66999816894531,53.54999923706055,54.720001220703125,27302000
C,2018-12-19,40.68023681640625,52.81999969482422,55.400001525878906,52.18000030517578,53.900001525878906,31483100
C,2018-12-20,40.25663375854492,52.27000045776367,53.25,51.720001220703125,52.209999084472656,39800000
C,2018-12-21,38.693206787109375,50.2400016784668,52.560001373291016,49.880001068115234,51.900001525878906,52323000
C,2018-12-24,37.93843078613281,49.2599983215332,50.25,48.47999954223633,49.400001525878906,21970800
C,2018-12-26,39.617401123046875,51.439998626708984,51.45000076293945,48.41999816894531,49.650001525878906,32005600
C,2018-12-27,39.87155532836914,51.77000045776367,51.77000045776367,49.70000076293945,50.619998931884766,28573400
C,2018-12-28,39.917762756347656,51.83000183105469,52.54999923706055,51.56999969482422,51.93000030517578,23176900
C,2018-12-31,40.094905853271484,52.060001373291016,52.66999816894531,51.38999938964844,51.97999954223633,19317500
C,2019-01-02,41.22704315185547,53.529998779296875,53.7400016784668,50.66999816894531,50.68000030517578,21646300
C,2019-01-03,40.479984283447266,52.560001373291016,53.619998931884766,52.220001220703125,53.40999984741211,21183000
C,2019-01-04,42.45931625366211,55.130001068115234,55.380001068115234,53.65999984741211,54.0099983215332,24205100
C,2019-01-07,42.82899475097656,55.61000061035156,56.209999084472656,54.79999923706055,55.33000183105469,20634100
C,2019-01-08,42.713478088378906,55.459999084472656,56.189998626708984,54.7599983215332,56.029998779296875,18840100
C,2019-01-09,43.42203140258789,56.380001068115234,56.7400016784668,55.61000061035156,55.709999084472656,19359100
C,2019-01-10,43.46823501586914,56.439998626708984,56.959999084472656,55.70000076293945,55.9900016784668,16910000
C,2019-01-11,43.66078186035156,56.689998626708984,57.41999816894531,56.029998779296875,56.459999084472656,23087500
C,2019-01-14,45.38595199584961,58.93000030517578,59.29999923706055,55.70000076293945,56.099998474121094,34783400
C,2019-01-15,47.272857666015625,61.380001068115234,61.81999969482422,59.54999923706055,59.88999938964844,42694200
C,2019-01-16,47.89670181274414,62.189998626708984,62.81999969482422,61.2400016784668,61.95000076293945,27628900
C,2019-01-17,48.11235046386719,62.470001220703125,62.75,61.33000183105469,61.630001068115234,22728900
C,2019-01-18,48.61294937133789,63.119998931884766,63.189998626708984,62.0099983215332,62.86000061035156,19947300
C,2019-01-22,47.63484573364258,61.849998474121094,62.810001373291016,61.43000030517578,62.66999816894531,24608700
C,2019-01-23,47.850486755371094,62.130001068115234,62.47999954223633,61.150001525878906,62.27000045776367,16819800
C,2019-01-24,48.29719924926758,62.709999084472656,62.91999816894531,61.7400016784668,61.7400016784668,14962200
C,2019-01-25,49.30610275268555,64.0199966430664,64.44999694824219,63.22999954223633,63.33000183105469,15827200
C,2019-01-28,49.17517852783203,63.849998474121094,64.05999755859375,63.099998474121094,63.189998626708984,12683500
C,2019-01-29,48.68226623535156,63.209999084472656,64.06999969482422,63.150001525878906,63.709999084472656,13472000
C,2019-01-30,49.46013641357422,64.22000122070312,64.73999786376953,62.9900016784668,63.459999084472656,15929600
C,2019-01-31,49.64497756958008,64.45999908447266,64.5999984741211,63.63999938964844,63.650001525878906,19442600
C,2019-02-01,49.38127136230469,63.66999816894531,64.66000366210938,63.59000015258789,64.25,16991700
C,2019-02-04,49.683746337890625,64.05999755859375,64.05999755859375,63.20000076293945,63.5,11515500
C,2019-02-05,49.489864349365234,63.810001373291016,64.19999694824219,63.349998474121094,64.19000244140625,13310900
C,2019-02-06,49.551918029785156,63.88999938964844,64.61000061035156,63.560001373291016,63.83000183105469,13774300
C,2019-02-07,48.71428298950195,62.810001373291016,63.630001068115234,61.90999984741211,63.61000061035156,17922400
C,2019-02-08,48.09381103515625,62.0099983215332,62.52000045776367,61.0099983215332,62.130001068115234,15770800
C,2019-02-11,47.78357696533203,61.61000061035156,62.43000030517578,61.41999816894531,62.40999984741211,14614100
C,2019-02-12,48.60569763183594,62.66999816894531,63.34000015258789,62.150001525878906,62.150001525878906,14347400
C,2019-02-13,48.892662048339844,63.040000915527344,63.75,62.970001220703125,63.29999923706055,10710500
C,2019-02-14,48.411800384521484,62.41999816894531,62.86000061035156,61.41999816894531,62.349998474121094,12855300
C,2019-02-15,49.84663009643555,64.2699966430664,64.58000183105469,63.0099983215332,63.13999938964844,17908900
C,2019-02-19,49.93192672729492,64.37999725341797,64.6500015258789,63.52000045776367,63.72999954223633,11013900
C,2019-02-20,50.133583068847656,64.63999938964844,64.69999694824219,64.13999938964844,64.5,10545000
C,2019-02-21,49.885414123535156,64.31999969482422,64.94000244140625,64.04000091552734,64.55000305175781,10696100
C,2019-02-22,49.74580383300781,64.13999938964844,65.13999938964844,63.84000015258789,64.62999725341797,14003800
C,2019-02-25,50.04827880859375,64.52999877929688,65.43000030517578,64.44999694824219,64.58999633789062,12853000
C,2019-02-26,49.730289459228516,64.12000274658203,64.66999816894531,63.88999938964844,64.08999633789062,12912800
C,2019-02-27,49.94746780395508,64.4000015258789,64.58000183105469,63.68000030517578,64.23999786376953,13495700
C,2019-02-28,49.621707916259766,63.97999954223633,64.66000366210938,63.84000015258789,64.45999908447266,14209300
C,2019-03-01,50.001747131347656,64.47000122070312,65.69000244140625,64.11000061035156,64.77999877929688,14376000
C,2019-03-04,49.443328857421875,63.75,65.30000305175781,63.11000061035156,64.52999877929688,15786600
C,2019-03-05,48.80735778808594,62.93000030517578,63.65999984741211,61.90999984741211,63.65999984741211,18754900
C,2019-03-06,48.48160934448242,62.5099983215332,63.06999969482422,62.099998474121094,62.70000076293945,12711200
C,2019-03-07,48.008506774902344,61.900001525878906,62.119998931884766,61.209999084472656,62.029998779296875,15788900
C,2019-03-08,48.132591247558594,62.060001373291016,62.119998931884766,60.7599983215332,60.959999084472656,14304400
C,2019-03-11,48.32649230957031,62.310001373291016,62.959999084472656,62.18000030517578,62.529998779296875,14167600
C,2019-03-12,48.71428298950195,62.810001373291016,62.939998626708984,61.959999084472656,62.29999923706055,14772000
C,2019-03-13,49.36576461791992,63.650001525878906,64.2300033569336,63.0,63.13999938964844,13781100
C,2019-03-14,49.72254180908203,64.11000061035156,64.2699966430664,63.41999816894531,63.689998626708984,12193600
C,2019-03-15,50.56015396118164,65.19000244140625,65.2699966430664,64.0199966430664,64.16000366210938,37840300
C,2019-03-18,51.13409423828125,65.93000030517578,66.18000030517578,65.20999908447266,65.20999908447266,15601100
C,2019-03-19,50.90140914916992,65.62999725341797,66.83000183105469,65.3499984741211,66.45999908447266,12723600
C,2019-03-20,49.8698844909668,64.30000305175781,65.5999984741211,64.22000122070312,65.26000213623047,17494000
C,2019-03-21,49.56740951538086,63.90999984741211,64.30999755859375,62.91999816894531,63.66999816894531,18638300
C,2019-03-22,47.29496383666992,60.97999954223633,63.22999954223633,60.45000076293945,62.97999954223633,27527400
C,2019-03-25,46.790836334228516,60.33000183105469,61.65999984741211,60.04999923706055,60.97999954223633,20899300
C,2019-03-26,47.481109619140625,61.220001220703125,61.349998474121094,60.529998779296875,60.9900016784668,14740300
C,2019-03-27,47.101070404052734,60.72999954223633,61.65999984741211,60.720001220703125,61.380001068115234,16359600
C,2019-03-28,48.07054901123047,61.97999954223633,62.0,60.81999969482422,60.95000076293945,12081000
C,2019-03-29,48.256690979003906,62.220001220703125,62.810001373291016,61.959999084472656,62.33000183105469,13406300
C,2019-04-01,49.91642379760742,64.36000061035156,64.62999725341797,62.81999969482422,62.849998474121094,17736300
C,2019-04-02,49.96296691894531,64.41999816894531,64.86000061035156,63.91999816894531,64.23999786376953,9915800
C,2019-04-03,50.4593391418457,65.05999755859375,65.3499984741211,64.52999877929688,64.98999786376953,11560800
C,2019-04-04,51.04878234863281,65.81999969482422,66.19999694824219,64.80999755859375,64.80999755859375,11915700
C,2019-04-05,50.83937072753906,65.55000305175781,66.41000366210938,65.19000244140625,65.93000030517578,11062400
C,2019-04-08,51.24267578125,66.06999969482422,66.0999984741211,65.0199966430664,65.12999725341797,10466400
C,2019-04-09,50.56792068481445,65.19999694824219,65.5999984741211,64.68000030517578,65.5999984741211,10221000
C,2019-04-10,50.81609344482422,65.5199966430664,65.69000244140625,64.77999877929688,65.4800033569336,12293300
C,2019-04-11,51.11857986450195,65.91000366210938,66.44000244140625,65.30999755859375,65.80000305175781,11358700
C,2019-04-12,52.28970718383789,67.41999816894531,68.30999755859375,66.63999938964844,67.08000183105469,19238700
C,2019-04-15,52.258689880371094,67.37999725341797,67.77999877929688,66.2699966430664,67.38999938964844,19493900
C,2019-04-16,53.75556564331055,69.30999755859375,69.41999816894531,67.38999938964844,67.5,18635700
C,2019-04-17,54.56216812133789,70.3499984741211,70.75,69.55999755859375,69.94999694824219,20509000
C,2019-04-18,54.03475570678711,69.66999816894531,70.38999938964844,69.62000274658203,70.01000213623047,13513800
C,2019-04-22,53.58493423461914,69.08999633789062,69.70999908447266,69.01000213623047,69.58000183105469,13195600
C,2019-04-23,53.67023468017578,69.19999694824219,69.30000305175781,68.37999725341797,68.83999633789062,13205000
C,2019-04-24,53.38326644897461,68.83000183105469,69.22000122070312,68.4000015258789,68.98999786376953,9699900
C,2019-04-25,53.30573272705078,68.7300033569336,69.18000030517578,68.1500015258789,68.55999755859375,8913600
C,2019-04-26,53.91066360473633,69.51000213623047,69.58000183105469,68.51000213623047,68.9000015258789,10692700
C,2019-04-29,55.08956527709961,71.02999877929688,71.94000244140625,69.58000183105469,69.69000244140625,16491400
C,2019-04-30,54.8336181640625,70.69999694824219,71.33000183105469,70.22000122070312,71.0199966430664,11122000
C,2019-05-01,54.25968933105469,69.95999908447266,71.16999816894531,69.73999786376953,70.68000030517578,13261700
C,2019-05-02,54.56991958618164,70.36000061035156,70.4800033569336,69.4800033569336,69.73999786376953,12186700
C,2019-05-03,55.163150787353516,70.66999816894531,70.9800033569336,70.0,70.38999938964844,11486700
C,2019-05-06,54.960201263427734,70.41000366210938,70.66999816894531,68.76000213623047,69.05000305175781,12004000
C,2019-05-07,53.20391845703125,68.16000366210938,69.5,67.62000274658203,69.3499984741211,17673400
C,2019-05-08,53.25074768066406,68.22000122070312,68.8499984741211,67.70999908447266,67.87999725341797,9470500
C,2019-05-09,52.79020690917969,67.62999725341797,67.86000061035156,66.43000030517578,66.83000183105469,16994200
C,2019-05-10,53.0009651184082,67.9000015258789,68.0999984741211,66.52999877929688,67.2699966430664,12318700
C,2019-05-13,50.25333786010742,64.37999725341797,66.33000183105469,63.959999084472656,66.12999725341797,23494400
C,2019-05-14,50.94026184082031,65.26000213623047,65.97000122070312,64.3499984741211,64.62000274658203,15096400
C,2019-05-15,50.635826110839844,64.87000274658203,65.22000122070312,64.0199966430664,64.45999908447266,14570900
C,2019-05-16,51.50227737426758,65.9800033569336,66.38999938964844,65.16999816894531,65.30999755859375,10573100
C,2019-05-17,50.79194259643555,65.06999969482422,65.93000030517578,64.88999938964844,64.97000122070312,11503500
C,2019-05-20,50.70608139038086,64.95999908447266,65.5,64.5199966430664,64.75,11605900
C,2019-05-21,51.58033752441406,66.08000183105469,66.08999633789062,65.19999694824219,65.5,11051500
C,2019-05-22,50.47190856933594,64.66000366210938,65.91999816894531,64.63999938964844,65.83999633789062,12564900
C,2019-05-23,49.8786735534668,63.900001525878906,63.939998626708984,63.08000183105469,63.81999969482422,15042200
C,2019-05-24,50.26115417480469,64.38999938964844,64.70999908447266,64.05999755859375,64.29000091552734,9715400
C,2019-05-28,49.792808532714844,63.790000915527344,64.44999694824219,63.7599983215332,64.08999633789062,14727400
C,2019-05-29,49.7303581237793,63.709999084472656,63.83000183105469,62.720001220703125,63.150001525878906,13836300
C,2019-05-30,49.652313232421875,63.61000061035156,65.25,63.25,64.7699966430664,13570900
C,2019-05-31,48.512672424316406,62.150001525878906,62.869998931884766,61.970001220703125,62.38999938964844,19968900
C,2019-06-03,48.871734619140625,62.61000061035156,62.779998779296875,61.939998626708984,62.099998474121094,19636800
C,2019-06-04,51.4242057800293,65.87999725341797,65.94000244140625,63.7599983215332,63.790000915527344,17743100
C,2019-06-05,51.34614181518555,65.77999877929688,66.0199966430664,64.5,65.44999694824219,12536300
C,2019-06-06,51.884761810302734,66.47000122070312,66.7699966430664,65.5,65.81999969482422,10868900
C,2019-06-07,51.275901794433594,65.69000244140625,66.80000305175781,65.62000274658203,66.16000366210938,11674200
C,2019-06-10,52.392120361328125,67.12000274658203,67.9800033569336,66.7300033569336,66.87999725341797,10994700
C,2019-06-11,52.985347747802734,67.87999725341797,68.02999877929688,67.16000366210938,67.58000183105469,9800900
C,2019-06-12,52.15013885498047,66.80999755859375,67.80999755859375,66.62999725341797,67.6500015258789,9878300
C,2019-06-13,52.36091232299805,67.08000183105469,67.44000244140625,66.7699966430664,66.83000183105469,9453600
C,2019-06-14,52.67313003540039,67.4800033569336,67.72000122070312,66.5,67.1500015258789,8901900
C,2019-06-17,51.939395904541016,66.54000091552734,67.51000213623047,66.4000015258789,67.5,8135900
C,2019-06-18,53.06340789794922,67.9800033569336,68.25,66.5,66.80999755859375,12199100
C,2019-06-19,52.75898742675781,67.58999633789062,68.58999633789062,67.58000183105469,68.16000366210938,12334800
C,2019-06-20,53.15708541870117,68.0999984741211,68.72000122070312,67.23999786376953,68.55999755859375,15557100
C,2019-06-21,53.055606842041016,67.97000122070312,68.95999908447266,67.81999969482422,68.02999877929688,19502500
C,2019-06-24,52.61848068237305,67.41000366210938,68.5,67.37999725341797,67.81999969482422,11223700
C,2019-06-25,51.939395904541016,66.54000091552734,67.4800033569336,66.4800033569336,67.45999908447266,14205600
C,2019-06-26,52.47018814086914,67.22000122070312,67.72000122070312,66.7699966430664,67.04000091552734,13654100
C,2019-06-27,53.19610595703125,68.1500015258789,68.43000030517578,67.52999877929688,67.62000274658203,11989100
C,2019-06-28,54.66359329223633,70.02999877929688,70.20999908447266,69.12999725341797,69.27999877929688,20388700
C,2019-07-01,55.21780014038086,70.73999786376953,71.63999938964844,70.19000244140625,70.86000061035156,13573600
C,2019-07-02,54.9836311340332,70.44000244140625,70.9800033569336,70.08999633789062,70.36000061035156,10272200
C,2019-07-03,55.30364990234375,70.8499984741211,71.19999694824219,70.27999877929688,70.70999908447266,7632400
C,2019-07-05,55.73297882080078,71.4000015258789,71.80000305175781,70.9800033569336,71.2699966430664,9107300
C,2019-07-08,55.5222282409668,71.12999725341797,71.69000244140625,70.63999938964844,70.76000213623047,10196000
C,2019-07-09,55.85786056518555,71.55999755859375,71.66999816894531,70.41000366210938,70.52999877929688,9477700
C,2019-07-10,55.5222282409668,71.12999725341797,71.94000244140625,70.6500015258789,71.5,12153200
C,2019-07-11,55.89689636230469,71.61000061035156,72.0,71.08999633789062,71.43000030517578,10739400
C,2019-07-12,56.02178955078125,71.7699966430664,72.0199966430664,71.58000183105469,71.88999938964844,15355700
C,2019-07-15,55.974952697753906,71.70999908447266,72.1500015258789,70.08000183105469,71.7300033569336,23365800
C,2019-07-16,55.67052459716797,71.31999969482422,72.0,71.08999633789062,71.69999694824219,16516600
C,2019-07-17,55.28022766113281,70.81999969482422,71.5,70.62000274658203,71.19000244140625,12278200
C,2019-07-18,56.03740310668945,71.79000091552734,71.9000015258789,70.4800033569336,70.54000091552734,13407400
C,2019-07-19,55.35828399658203,70.91999816894531,72.16999816894531,70.86000061035156,71.7300033569336,11184600
C,2019-07-22,55.50661087036133,71.11000061035156,71.29000091552734,70.68000030517578,70.72000122070312,7930600
C,2019-07-23,56.19350814819336,71.98999786376953,72.18000030517578,71.30000305175781,71.33000183105469,11804300
C,2019-07-24,56.989723205566406,73.01000213623047,73.08000183105469,71.66000366210938,71.66000366210938,12512900
C,2019-07-25,55.72517013549805,71.38999938964844,73.08000183105469,70.93000030517578,72.95999908447266,15698300
C,2019-07-26,56.32622146606445,72.16000366210938,72.63999938964844,71.8499984741211,72.1500015258789,10625900
C,2019-07-29,56.013980865478516,71.76000213623047,72.33999633789062,71.7300033569336,71.91000366210938,8561200
C,2019-07-30,55.974952697753906,71.70999908447266,71.70999908447266,70.58000183105469,71.02999877929688,9208300
C,2019-07-31,55.54563522338867,71.16000366210938,71.66000366210938,70.80999755859375,71.4000015258789,13617300
C,2019-08-01,53.35222244262695,68.3499984741211,71.08999633789062,67.5999984741211,70.66999816894531,22571000
C,2019-08-02,53.171348571777344,67.61000061035156,68.05999755859375,66.62999725341797,67.61000061035156,14771400
C,2019-08-05,51.26028823852539,65.18000030517578,65.81999969482422,64.58000183105469,65.5999984741211,21144800
C,2019-08-06,52.101783752441406,66.25,66.33000183105469,64.83000183105469,66.0,12411500
C,2019-08-07,51.22883605957031,65.13999938964844,65.31999969482422,63.63999938964844,64.62999725341797,18418300
C,2019-08-08,52.48713302612305,66.73999786376953,66.79000091552734,65.62999725341797,65.8499984741211,13577900
C,2019-08-09,51.94449234008789,66.05000305175781,66.56999969482422,65.20999908447266,66.33000183105469,13604600
C,2019-08-12,50.521034240722656,64.23999786376953,64.79000091552734,63.84000015258789,64.61000061035156,13039500
C,2019-08-13,50.985042572021484,64.83000183105469,65.95999908447266,63.5099983215332,63.900001525878906,19056700
C,2019-08-14,48.295406341552734,61.40999984741211,63.040000915527344,61.18000030517578,62.880001068115234,29370700
C,2019-08-15,48.22461700439453,61.31999969482422,62.369998931884766,60.720001220703125,61.97999954223633,16340400
C,2019-08-16,49.92333984375,63.47999954223633,63.65999984741211,61.849998474121094,61.93000030517578,16450700
C,2019-08-19,50.57607650756836,64.30999755859375,64.91000366210938,64.16000366210938,64.81999969482422,13312700
C,2019-08-20,49.87615203857422,63.41999816894531,64.08000183105469,63.349998474121094,63.720001220703125,9815800
C,2019-08-21,49.74245834350586,63.25,64.16999816894531,63.060001373291016,64.12999725341797,14692900
C,2019-08-22,50.26150131225586,63.90999984741211,64.20999908447266,63.40999984741211,63.810001373291016,9718500
C,2019-08-23,48.720088958740234,61.95000076293945,64.12999725341797,61.52000045776367,63.279998779296875,17997900
C,2019-08-26,49.32563400268555,62.720001220703125,62.81999969482422,62.16999816894531,62.56999969482422,10628800
C,2019-08-27,48.49201202392578,61.65999984741211,63.099998474121094,61.15999984741211,63.0099983215332,17219300
C,2019-08-28,49.04252243041992,62.36000061035156,62.79999923706055,61.29999923706055,61.29999923706055,12343500
C,2019-08-29,50.25364303588867,63.900001525878906,64.2300033569336,63.099998474121094,63.310001373291016,11478200
C,2019-08-30,50.6075439453125,64.3499984741211,64.81999969482422,64.19000244140625,64.33999633789062,11844600
C,2019-09-03,49.87615203857422,63.41999816894531,64.04000091552734,62.31999969482422,64.0,11991500
C,2019-09-04,50.552486419677734,64.27999877929688,64.4800033569336,63.84000015258789,64.0,9689800
C,2019-09-05,52.17255783081055,66.33999633789062,67.27999877929688,65.61000061035156,65.6500015258789,14723500
C,2019-09-06,51.8815803527832,65.97000122070312,66.5,65.75,66.19000244140625,10476000
C,2019-09-09,54.0993537902832,68.79000091552734,69.30000305175781,66.69000244140625,66.76000213623047,20193300
C,2019-09-10,54.24877166748047,68.9800033569336,70.01000213623047,68.44999694824219,69.18000030517578,18146200
C,2019-09-11,54.185848236083984,68.9000015258789,69.20999908447266,68.11000061035156,68.72000122070312,11858800
C,2019-09-12,54.500431060791016,69.30000305175781,70.05999755859375,67.93000030517578,68.11000061035156,15528700
C,2019-09-13,55.3576545715332,70.38999938964844,70.73999786376953,69.8499984741211,70.33999633789062,14313100
C,2019-09-16,54.91722869873047,69.83000183105469,70.11000061035156,68.95999908447266,68.95999908447266,12063700
C,2019-09-17,54.641990661621094,69.4800033569336,69.77999877929688,68.66999816894531,69.77999877929688,10916900
C,2019-09-18,55.1217041015625,70.08999633789062,70.3499984741211,68.95999908447266,69.20999908447266,11234500
C,2019-09-19,54.8386116027832,69.7300033569336,70.47000122070312,69.58999633789062,70.05999755859375,10069100
C,2019-09-20,54.53976058959961,69.3499984741211,70.54000091552734,69.33000183105469,70.1500015258789,26002100
C,2019-09-23,54.697052001953125,69.55000305175781,69.69999694824219,68.61000061035156,68.62000274658203,9546300
C,2019-09-24,53.399410247802734,67.9000015258789,69.56999969482422,67.55999755859375,69.5,16801900
C,2019-09-25,54.5633430480957,69.37999725341797,69.69999694824219,67.87000274658203,67.91000366210938,12243000
C,2019-09-26,54.35102081298828,69.11000061035156,69.52999877929688,68.80000305175781,69.31999969482422,8555500
C,2019-09-27,54.62626266479492,69.45999908447266,70.36000061035156,69.05999755859375,69.81999969482422,11559700
C,2019-09-30,54.327415466308594,69.08000183105469,69.9000015258789,69.01000213623047,69.80000305175781,8661000
C,2019-10-01,53.59601974487305,68.1500015258789,70.2699966430664,68.01000213623047,69.56999969482422,12428500
C,2019-10-02,52.109642028808594,66.26000213623047,67.80000305175781,66.19000244140625,67.76000213623047,14760900
C,2019-10-03,52.4556770324707,66.69999694824219,66.7300033569336,64.79000091552734,66.08000183105469,12646100
C,2019-10-04,53.619625091552734,68.18000030517578,68.23999786376953,66.66999816894531,66.76000213623047,10977100
C,2019-10-07,53.59601974487305,68.1500015258789,68.83999633789062,67.86000061035156,67.87000274658203,7835500
C,2019-10-08,52.219749450683594,66.4000015258789,67.18000030517578,66.02999877929688,67.02999877929688,13500700
C,2019-10-09,53.02979278564453,67.43000030517578,67.7699966430664,66.79000091552734,67.0,8357800
C,2019-10-10,53.96565246582031,68.62000274658203,69.29000091552734,67.55000305175781,67.7699966430664,9817000
C,2019-10-11,55.12958908081055,70.0999984741211,70.93000030517578,69.98999786376953,69.98999786376953,14921700
C,2019-10-14,55.23968505859375,70.23999786376953,70.5,69.45999908447266,69.52999877929688,11398600
C,2019-10-15,56.01040267944336,71.22000122070312,72.08000183105469,68.69999694824219,70.16999816894531,22030100
C,2019-10-16,54.6577262878418,69.5,71.45999908447266,69.41999816894531,70.81999969482422,17295400
C,2019-10-17,54.73637008666992,69.5999984741211,70.33999633789062,69.18000030517578,70.02999877929688,11382800
C,2019-10-18,54.84645080566406,69.73999786376953,70.08999633789062,69.13999938964844,69.31999969482422,10413600
C,2019-10-21,56.474403381347656,71.80999755859375,71.88999938964844,70.5199966430664,70.5199966430664,13080600
C,2019-10-22,56.67101287841797,72.05999755859375,72.87000274658203,71.47000122070312,71.72000122070312,11052300
C,2019-10-23,56.977725982666016,72.44999694824219,72.47000122070312,71.7300033569336,71.9000015258789,10327000
C,2019-10-24,56.85977554321289,72.30000305175781,72.86000061035156,71.86000061035156,72.55000305175781,7445700
C,2019-10-25,57.54396438598633,73.16999816894531,73.41999816894531,71.80999755859375,71.97000122070312,10497600
C,2019-10-28,57.874267578125,73.58999633789062,74.27999877929688,73.44000244140625,73.7300033569336,13086900
C,2019-10-29,57.48104476928711,73.08999633789062,73.79000091552734,72.72000122070312,73.13999938964844,9592300
C,2019-10-30,57.386680603027344,72.97000122070312,73.3499984741211,72.0999984741211,72.75,12431500
C,2019-10-31,56.51372528076172,71.86000061035156,72.97000122070312,71.33000183105469,72.36000061035156,16864000
C,2019-11-01,58.48595428466797,73.83999633789062,73.98999786376953,72.0999984741211,72.25,12935200
C,2019-11-04,59.523555755615234,75.1500015258789,75.2699966430664,74.11000061035156,74.94000244140625,12585200
C,2019-11-05,59.27009201049805,74.83000183105469,75.97000122070312,74.63999938964844,75.19000244140625,14403200
C,2019-11-06,58.94536209106445,74.41999816894531,75.05000305175781,73.97000122070312,74.41999816894531,12629200
C,2019-11-07,60.04631423950195,75.80999755859375,76.27999877929688,75.41000366210938,75.41000366210938,14340500
C,2019-11-08,60.29188537597656,76.12000274658203,76.12000274658203,75.05999755859375,75.4800033569336,7927100
C,2019-11-11,59.88001251220703,75.5999984741211,76.08000183105469,75.23999786376953,75.44999694824219,6020300
C,2019-11-12,59.460205078125,75.06999969482422,75.95999908447266,75.01000213623047,75.55000305175781,11066600
C,2019-11-13,58.541419982910156,73.91000366210938,74.91000366210938,73.70999908447266,74.25,14040700
C,2019-11-14,58.48595428466797,73.83999633789062,74.01000213623047,73.33000183105469,73.61000061035156,9446800
C,2019-11-15,58.92951202392578,74.4000015258789,74.45999908447266,73.68000030517578,74.33999633789062,10294000
C,2019-11-18,58.92951202392578,74.4000015258789,74.63999938964844,73.55999755859375,74.29000091552734,8525700
C,2019-11-19,59.262176513671875,74.81999969482422,75.23999786376953,74.47000122070312,74.97000122070312,9095500
C,2019-11-20,58.541419982910156,73.91000366210938,74.72000122070312,73.22000122070312,74.62999725341797,12799900
C,2019-11-21,58.53349685668945,73.9000015258789,74.62999725341797,73.51000213623047,74.08000183105469,8585100
C,2019-11-22,59.301795959472656,74.87000274658203,74.91999816894531,73.97000122070312,74.0999984741211,7910700
C,2019-11-25,59.943363189697266,75.68000030517578,75.8499984741211,74.87000274658203,74.93000030517578,11497700
C,2019-11-26,59.769107818603516,75.45999908447266,75.83999633789062,74.81999969482422,75.83999633789062,11306000
C,2019-11-27,59.97503662109375,75.72000122070312,76.12999725341797,75.5,75.83999633789062,7592100
C,2019-11-29,59.49979019165039,75.12000274658203,75.80000305175781,74.98999786376953,75.43000030517578,6246900
C,2019-12-02,59.02456283569336,74.5199966430664,75.93000030517578,74.43000030517578,75.41999816894531,11085300
C,2019-12-03,58.082027435302734,73.33000183105469,73.47000122070312,72.5,73.37999725341797,13559400
C,2019-12-04,58.794864654541016,74.2300033569336,74.58999633789062,73.41999816894531,73.83000183105469,8266400
C,2019-12-05,59.175045013427734,74.70999908447266,74.8499984741211,74.3499984741211,74.6500015258789,9581200
C,2019-12-06,60.04631423950195,75.80999755859375,76.22000122070312,75.5999984741211,75.93000030517578,9877800
C,2019-12-09,59.666133880615234,75.33000183105469,75.91999816894531,75.08000183105469,75.18000030517578,8817100
C,2019-12-10,60.02257537841797,75.77999877929688,76.2699966430664,74.87000274658203,75.06999969482422,13019600
C,2019-12-11,59.84039306640625,75.55000305175781,76.20999908447266,75.5,76.12000274658203,10484900
C,2019-12-12,61.028480529785156,77.05000305175781,77.5199966430664,75.62000274658203,75.80999755859375,15829000
C,2019-12-13,60.5057258605957,76.38999938964844,77.83000183105469,76.05999755859375,77.05000305175781,13447000
C,2019-12-16,60.9176025390625,76.91000366210938,77.5999984741211,76.9000015258789,77.36000061035156,13967200
C,2019-12-17,61.57503128051758,77.73999786376953,78.12999725341797,77.12999725341797,77.29000091552734,14409200
C,2019-12-18,61.71759033203125,77.91999816894531,78.33000183105469,77.66000366210938,77.69999694824219,12643000
C,2019-12-19,61.93935775756836,78.19999694824219,78.5199966430664,77.94000244140625,78.0,13006200
C,2019-12-20,62.184898376464844,78.51000213623047,79.05000305175781,78.04000091552734,78.94000244140625,32019400
C,2019-12-23,62.382930755615234,78.76000213623047,78.97000122070312,78.44000244140625,78.66999816894531,9256500
C,2019-12-24,62.24824905395508,78.58999633789062,78.94000244140625,78.45999908447266,78.69999694824219,4576200
C,2019-12-26,63.23044967651367,79.83000183105469,79.83999633789062,78.6500015258789,78.75,11992800
C,2019-12-27,63.10368347167969,79.66999816894531,80.18000030517578,79.58000183105469,80.0,10867900
C,2019-12-30,62.97696304321289,79.51000213623047,80.41999816894531,79.33999633789062,80.1500015258789,10084900
C,2019-12-31,63.27793502807617,79.88999938964844,79.94000244140625,79.0999984741211,79.31999969482422,8031200
C,2020-01-02,64.33930969238281,81.2300033569336,81.26000213623047,80.02999877929688,80.12999725341797,12728900
C,2020-01-03,63.1274528503418,79.69999694824219,80.5199966430664,79.44999694824219,79.80000305175781,12437400
C,2020-01-06,62.92942428588867,79.44999694824219,79.55000305175781,78.72000122070312,78.72000122070312,10059500
C,2020-01-07,62.382930755615234,78.76000213623047,79.30000305175781,78.7300033569336,79.29000091552734,10469100
C,2020-01-08,62.85811996459961,79.36000061035156,80.0,78.68000030517578,78.7699966430664,11292400
C,2020-01-09,63.42844772338867,80.08000183105469,80.9800033569336,79.7300033569336,80.9800033569336,12895900
C,2020-01-10,62.771026611328125,79.25,80.01000213623047,79.06999969482422,80.0,10062100
C,2020-01-13,63.87990188598633,80.6500015258789,80.72000122070312,79.0,79.5,16566300
C,2020-01-14,64.87789916992188,81.91000366210938,83.11000061035156,80.97000122070312,81.19999694824219,24971800
C,2020-01-15,64.34722137451172,81.23999786376953,82.05000305175781,80.7300033569336,81.7300033569336,16063600
C,2020-01-16,64.15714263916016,81.0,82.12999725341797,80.8499984741211,81.95999908447266,10426000
C,2020-01-17,64.25216674804688,81.12000274658203,81.4000015258789,80.80999755859375,81.16000366210938,12413100
C,2020-01-21,63.28586196899414,79.9000015258789,80.91000366210938,79.87000274658203,80.4800033569336,10522000
C,2020-01-22,63.44428253173828,80.0999984741211,80.4800033569336,79.86000061035156,80.19999694824219,8045600
C,2020-01-23,63.20667266845703,79.80000305175781,80.08000183105469,78.91999816894531,79.58000183105469,11618200
C,2020-01-24,62.11360168457031,78.41999816894531,79.66999816894531,77.63999938964844,79.62000274658203,15036100
C,2020-01-27,60.759178161621094,76.70999908447266,77.0,75.8499984741211,76.26000213623047,15859600
C,2020-01-28,61.178958892822266,77.23999786376953,78.12999725341797,76.77999877929688,77.20999908447266,10960200
C,2020-01-29,60.5770149230957,76.4800033569336,77.9000015258789,76.41000366210938,77.54000091552734,9478900
C,2020-01-30,61.32946014404297,77.43000030517578,77.54000091552734,75.5,75.73999786376953,12498200
C,2020-01-31,59.328216552734375,74.41000366210938,76.18000030517578,73.91000366210938,75.95999908447266,17101200
C,2020-02-03,59.902278900146484,75.12999725341797,76.20999908447266,74.69999694824219,74.69999694824219,11096500
C,2020-02-04,60.99458694458008,76.5,77.2699966430664,76.43000030517578,76.75,12173200
C,2020-02-05,62.8682861328125,78.8499984741211,78.9800033569336,77.80999755859375,77.91999816894531,13070400
C,2020-02-06,62.96396255493164,78.97000122070312,79.86000061035156,78.4000015258789,79.80000305175781,12826400
C,2020-02-07,62.74073028564453,78.69000244140625,79.05000305175781,78.05999755859375,78.12999725341797,8341700
C,2020-02-10,62.573299407958984,78.4800033569336,78.73999786376953,78.05000305175781,78.08000183105469,8418300
C,2020-02-11,63.05964279174805,79.08999633789062,79.55000305175781,78.63999938964844,78.75,9437200
C,2020-02-12,63.2509880065918,79.33000183105469,80.7699966430664,79.30000305175781,79.9000015258789,9484100
C,2020-02-13,62.98789596557617,79.0,79.27999877929688,78.62000274658203,78.88999938964844,8946200
C,2020-02-14,62.82044982910156,78.79000091552734,79.08999633789062,78.44999694824219,78.88999938964844,9056600
C,2020-02-18,61.85570526123047,77.58000183105469,78.86000061035156,77.51000213623047,78.61000061035156,10343500
C,2020-02-19,62.230445861816406,78.05000305175781,78.38999938964844,77.62000274658203,77.87000274658203,9145200
C,2020-02-20,62.365989685058594,78.22000122070312,78.69000244140625,77.30999755859375,77.66000366210938,11763400
C,2020-02-21,60.946754455566406,76.44000244140625,77.95999908447266,76.1500015258789,77.55999755859375,14020000
C,2020-02-24,57.82925033569336,72.52999877929688,74.05000305175781,72.44000244140625,73.37999725341797,21096200
C,2020-02-25,55.35757827758789,69.43000030517578,73.20999908447266,69.0,72.62999725341797,27451000
C,2020-02-26,54.36094665527344,68.18000030517578,70.61000061035156,68.16000366210938,70.0199966430664,25552100
C,2020-02-27,51.38694381713867,64.44999694824219,66.88999938964844,64.4000015258789,66.0999984741211,34656800
C,2020-02-28,50.59760665893555,63.459999084472656,64.44999694824219,61.34000015258789,62.0,46013200
C,2020-03-02,53.89051818847656,67.58999633789062,67.61000061035156,63.119998931884766,63.849998474121094,29006400
C,2020-03-03,51.86533737182617,65.05000305175781,68.43000030517578,64.47000122070312,67.86000061035156,29547700
C,2020-03-04,53.73106002807617,67.38999938964844,67.5199966430664,64.36000061035156,66.05000305175781,24188500
C,2020-03-05,50.62152862548828,63.4900016784668,65.12000274658203,63.0099983215332,64.80000305175781,27277600
C,2020-03-06,48.859458923339844,61.279998779296875,62.310001373291016,59.7400016784668,60.459999084472656,29916600
C,2020-03-09,40.95806884765625,51.369998931884766,55.61000061035156,51.0,54.310001373291016,35625600
C,2020-03-10,44.31477355957031,55.58000183105469,55.70000076293945,51.5,54.72999954223633,32527500
C,2020-03-11,40.49562454223633,50.790000915527344,54.33000183105469,50.02000045776367,53.95000076293945,36709000
C,2020-03-12,34.49184036254883,43.2599983215332,49.0,42.81999969482422,45.29999923706055,45941600
C,2020-03-13,40.6949577331543,51.040000915527344,51.2400016784668,45.310001373291016,47.81999969482422,40519800
C,2020-03-16,32.841407775878906,41.189998626708984,45.22999954223633,39.56999969482422,40.4900016784668,35133800
C,2020-03-17,32.09192657470703,40.25,43.97999954223633,38.79999923706055,42.0,51650000
C,2020-03-18,29.046186447143555,36.43000030517578,37.9900016784668,32.0,37.060001373291016,48351400
C,2020-03-19,31.605566024780273,39.63999938964844,41.2400016784668,34.20000076293945,35.470001220703125,43397100
C,2020-03-20,30.3458194732666,38.060001373291016,40.9900016784668,37.20000076293945,40.459999084472656,38163900
C,2020-03-23,28.216978073120117,35.38999938964844,38.150001525878906,34.619998931884766,37.54999923706055,33013300
C,2020-03-24,32.418827056884766,40.65999984741211,40.91999816894531,37.34000015258789,37.650001525878906,34100600
C,2020-03-25,33.375606536865234,41.86000061035156,44.70000076293945,39.43000030517578,42.310001373291016,38211100
C,2020-03-26,36.69243621826172,46.02000045776367,46.290000915527344,43.0,43.68000030517578,31528600
C,2020-03-27,34.92239761352539,43.79999923706055,45.5,43.0,44.130001068115234,25484500
C,2020-03-30,35.1456413269043,44.08000183105469,44.2599983215332,41.56999969482422,44.04999923706055,27459000
C,2020-03-31,33.58290481567383,42.119998931884766,44.22999954223633,41.650001525878906,43.630001068115234,26219100
C,2020-04-01,30.704591751098633,38.5099983215332,40.25,38.0,39.13999938964844,29219500
C,2020-04-02,31.278667449951172,39.22999954223633,39.65999984741211,37.29999923706055,38.36000061035156,29532100
C,2020-04-03,29.891332626342773,37.4900016784668,39.459999084472656,36.66999816894531,39.0,25327100
C,2020-04-06,32.78559875488281,41.119998931884766,41.34000015258789,39.5099983215332,39.79999923706055,30064700
C,2020-04-07,32.88924026489258,41.25,45.59000015258789,41.119998931884766,44.810001373291016,35220700
C,2020-04-08,35.28916549682617,44.2599983215332,44.45000076293945,41.970001220703125,42.849998474121094,32944800
C,2020-04-09,37.80070114135742,47.40999984741211,49.220001220703125,46.369998931884766,46.939998626708984,43637200
C,2020-04-13,37.218666076660156,46.68000030517578,47.56999969482422,45.27000045776367,47.5,27944300
C,2020-04-14,36.214046478271484,45.41999816894531,47.7400016784668,43.529998779296875,47.65999984741211,40466200
C,2020-04-15,34.172916412353516,42.86000061035156,44.27000045776367,42.61000061035156,43.369998931884766,32249000
C,2020-04-16,32.30720901489258,40.52000045776367,42.84000015258789,40.099998474121094,42.709999084472656,37756000
C,2020-04-17,36.23796463012695,45.45000076293945,45.619998931884766,42.650001525878906,43.150001525878906,41252900
C,2020-04-20,35.0898323059082,44.0099983215332,45.439998626708984,42.88999938964844,43.400001525878906,33471900
C,2020-04-21,33.14437484741211,41.56999969482422,43.11000061035156,41.06999969482422,42.349998474121094,35336200
C,2020-04-22,33.67858123779297,42.2400016784668,43.119998931884766,41.849998474121094,43.0,21888100
C,2020-04-23,33.85399627685547,42.459999084472656,43.7400016784668,42.2599983215332,42.650001525878906,23970700
C,2020-04-24,34.36427307128906,43.099998474121094,43.34000015258789,41.72999954223633,43.0,26282100
C,2020-04-27,37.12298583984375,46.560001373291016,46.81999969482422,43.72999954223633,44.16999816894531,30929200
C,2020-04-28,37.64124298095703,47.209999084472656,49.59000015258789,46.93000030517578,48.939998626708984,28973300
C,2020-04-29,40.07304382324219,50.2599983215332,50.650001525878906,48.459999084472656,49.70000076293945,32941100
C,2020-04-30,38.717613220214844,48.560001373291016,49.77000045776367,48.040000915527344,49.06999969482422,28687000
C,2020-05-01,36.67900085449219,45.52000045776367,46.470001220703125,45.220001220703125,46.310001373291016,28078900
C,2020-05-04,36.35669708251953,45.119998931884766,45.36000061035156,43.97999954223633,45.029998779296875,26340200
C,2020-05-05,35.41392135620117,43.95000076293945,46.349998474121094,43.91999816894531,46.29999923706055,27342900
C,2020-05-06,34.60816192626953,42.95000076293945,45.02000045776367,42.720001220703125,44.4900016784668,25028000
C,2020-05-07,35.96991729736328,44.63999938964844,45.15999984741211,43.439998626708984,43.52000045776367,29849100
C,2020-05-08,37.323612213134766,46.31999969482422,46.41999816894531,45.2599983215332,45.31999969482422,22905200
C,2020-05-11,35.510616302490234,44.06999969482422,45.25,43.810001373291016,45.209999084472656,34765200
C,2020-05-12,34.12467956542969,42.349998474121094,44.689998626708984,42.31999969482422,44.38999938964844,33328300
C,2020-05-13,32.714569091796875,40.599998474121094,42.20000076293945,40.22999954223633,42.0,35350600
C,2020-05-14,33.89100646972656,42.060001373291016,42.099998474121094,38.7599983215332,39.9900016784668,40976400
C,2020-05-15,33.778194427490234,41.91999816894531,42.45000076293945,41.099998474121094,41.58000183105469,28494900
C,2020-05-18,36.79986572265625,45.66999816894531,45.90999984741211,43.4900016784668,44.04999923706055,39383300
C,2020-05-19,35.80070114135742,44.43000030517578,45.790000915527344,44.209999084472656,45.27000045776367,27271600
C,2020-05-20,36.63871765136719,45.470001220703125,46.279998779296875,45.220001220703125,45.56999969482422,23841300
C,2020-05-21,36.2599983215332,45.0,45.790000915527344,44.779998779296875,45.16999816894531,21698300
C,2020-05-22,35.53479766845703,44.099998474121094,45.04999923706055,43.689998626708984,44.77000045776367,22631700
C,2020-05-26,38.814300537109375,48.16999816894531,48.900001525878906,45.97999954223633,46.20000076293945,34429300
C,2020-05-27,42.10993194580078,52.2599983215332,52.38999938964844,49.86000061035156,51.68000030517578,43660500
C,2020-05-28,39.612030029296875,49.15999984741211,53.0099983215332,49.11000061035156,52.9900016784668,37972800
C,2020-05-29,38.604801177978516,47.90999984741211,49.47999954223633,47.560001373291016,48.02000045776367,35873400
C,2020-06-01,39.845706939697266,49.45000076293945,49.68000030517578,47.81999969482422,48.13999938964844,22860100
C,2020-06-02,40.96573257446289,50.84000015258789,51.290000915527344,50.15999984741211,50.709999084472656,27651300
C,2020-06-03,42.98017883300781,53.34000015258789,53.7599983215332,52.41999816894531,52.560001373291016,33341800
C,2020-06-04,44.841522216796875,55.650001525878906,55.689998626708984,52.61000061035156,53.29999923706055,33083500
C,2020-06-05,47.428077697753906,58.86000061035156,62.470001220703125,58.34000015258789,61.56999969482422,44648500
C,2020-06-08,49.345821380615234,61.2400016784668,61.33000183105469,59.77000045776367,60.65999984741211,32587100
C,2020-06-09,47.94377136230469,59.5,60.20000076293945,57.650001525878906,59.0,30422900
C,2020-06-10,45.010738372802734,55.86000061035156,59.13999938964844,55.86000061035156,58.900001525878906,36743700
C,2020-06-11,38.991573333740234,48.38999938964844,53.52000045776367,48.20000076293945,51.66999816894531,62098600
C,2020-06-12,42.10187530517578,52.25,52.45000076293945,49.79999923706055,51.400001525878906,39040000
C,2020-06-15,42.690101623535156,52.97999954223633,53.0,49.7400016784668,49.959999084472656,36592100
C,2020-06-16,43.87459945678711,54.45000076293945,56.400001525878906,52.31999969482422,56.29999923706055,37638700
C,2020-06-17,42.70622253417969,53.0,54.79999923706055,52.880001068115234,54.70000076293945,23727300
C,2020-06-18,42.73845672607422,53.040000915527344,53.650001525878906,52.029998779296875,52.66999816894531,22280600
C,2020-06-19,42.641754150390625,52.91999816894531,54.09000015258789,51.560001373291016,54.060001373291016,50379300
C,2020-06-22,41.94878005981445,52.060001373291016,52.56999969482422,51.52000045776367,51.849998474121094,22642100
C,2020-06-23,42.665924072265625,52.95000076293945,53.72999954223633,52.5,52.95000076293945,22092600
C,2020-06-24,40.941558837890625,50.810001373291016,51.84000015258789,50.15999984741211,51.66999816894531,27207700
C,2020-06-25,42.448368072509766,52.68000030517578,52.790000915527344,50.130001068115234,50.29999923706055,28112400
C,2020-06-26,39.95045852661133,49.58000183105469,52.34000015258789,49.470001220703125,52.34000015258789,35426200
C,2020-06-29,40.52255630493164,50.290000915527344,50.91999816894531,49.61000061035156,50.279998779296875,22578600
C,2020-06-30,41.17524337768555,51.099998474121094,51.54999923706055,49.650001525878906,49.810001373291016,23360400
C,2020-07-01,40.57090377807617,50.349998474121094,52.0,50.150001525878906,51.7599983215332,19206900
C,2020-07-02,40.732059478759766,50.54999923706055,52.459999084472656,50.279998779296875,52.119998931884766,22042700
C,2020-07-06,41.87626266479492,51.970001220703125,52.560001373291016,51.189998626708984,51.869998931884766,22613100
C,2020-07-07,40.546730041503906,50.31999969482422,51.36000061035156,50.09000015258789,51.25,21235300
C,2020-07-08,40.997982025146484,50.880001068115234,51.06999969482422,49.939998626708984,50.20000076293945,19115300
C,2020-07-09,39.845706939697266,49.45000076293945,51.08000183105469,49.029998779296875,50.72999954223633,24263900
C,2020-07-10,42.4241943359375,52.650001525878906,52.689998626708984,49.45000076293945,49.45000076293945,28027800
C,2020-07-13,42.061588287353516,52.20000076293945,53.599998474121094,51.86000061035156,53.33000183105469,27151800
C,2020-07-14,40.40974807739258,50.150001525878906,52.08000183105469,50.0099983215332,51.290000915527344,35814400
C,2020-07-15,41.77151870727539,51.84000015258789,52.11000061035156,50.68000030517578,51.900001525878906,27676300
C,2020-07-16,41.465309143066406,51.459999084472656,52.459999084472656,50.939998626708984,51.279998779296875,18824000
C,2020-07-17,40.466156005859375,50.220001220703125,51.47999954223633,50.20000076293945,51.220001220703125,19747400
C,2020-07-20,40.40169906616211,50.13999938964844,50.58000183105469,49.75,49.9900016784668,23472600
C,2020-07-21,41.68288040161133,51.72999954223633,51.81999969482422,50.66999816894531,50.900001525878906,21943200
C,2020-07-22,41.626468658447266,51.65999984741211,52.279998779296875,51.150001525878906,51.540000915527344,17873400
C,2020-07-23,41.964908599853516,52.08000183105469,52.22999954223633,51.130001068115234,51.45000076293945,17090400
C,2020-07-24,41.6345329284668,51.66999816894531,52.47999954223633,51.5,52.099998474121094,16258900
C,2020-07-27,41.328330993652344,51.290000915527344,51.459999084472656,50.61000061035156,51.459999084472656,13991400
C,2020-07-28,41.31221389770508,51.27000045776367,51.65999984741211,50.970001220703125,51.02000045776367,13121400
C,2020-07-29,42.31944274902344,52.52000045776367,52.59000015258789,50.9900016784668,51.16999816894531,16991000
C,2020-07-30,40.989906311035156,50.869998931884766,51.20000076293945,49.86000061035156,51.11000061035156,24154600
C,2020-07-31,40.70503616333008,50.0099983215332,50.310001373291016,49.369998931884766,50.2599983215332,22485800
C,2020-08-03,41.01432800292969,50.38999938964844,50.849998474121094,49.689998626708984,50.560001373291016,15856600
C,2020-08-04,40.810848236083984,50.13999938964844,50.31999969482422,49.849998474121094,50.22999954223633,16230800
C,2020-08-05,41.54338455200195,51.040000915527344,51.310001373291016,50.470001220703125,50.5,16412400
C,2020-08-06,41.42129898071289,50.88999938964844,51.290000915527344,50.58000183105469,50.75,11025000
C,2020-08-07,42.42243957519531,52.119998931884766,52.22999954223633,50.130001068115234,50.52000045776367,21499100
C,2020-08-10,43.024757385253906,52.86000061035156,53.209999084472656,52.25,52.290000915527344,16850400
C,2020-08-11,43.75728988647461,53.7599983215332,55.029998779296875,53.540000915527344,54.45000076293945,25256500
C,2020-08-12,43.423580169677734,53.349998474121094,55.02000045776367,52.75,54.939998626708984,19337900
C,2020-08-13,43.04916763305664,52.88999938964844,53.47999954223633,52.56999969482422,52.83000183105469,13815300
C,2020-08-14,43.08173370361328,52.93000030517578,53.349998474121094,52.36000061035156,52.45000076293945,13861300
C,2020-08-17,41.85267639160156,51.41999816894531,52.81999969482422,51.349998474121094,52.630001068115234,19788700
C,2020-08-18,40.973628997802734,50.34000015258789,51.529998779296875,50.279998779296875,51.52000045776367,17100800
C,2020-08-19,40.932926177978516,50.290000915527344,51.33000183105469,50.0,50.68000030517578,20837300
C,2020-08-20,40.355037689208984,49.58000183105469,50.02000045776367,49.22999954223633,49.529998779296875,15920900
C,2020-08-21,40.127132415771484,49.29999923706055,50.08000183105469,49.15999984741211,49.45000076293945,17416000
C,2020-08-24,41.55966567993164,51.060001373291016,51.130001068115234,49.45000076293945,49.900001525878906,19745100
C,2020-08-25,42.03989028930664,51.650001525878906,52.5099983215332,50.970001220703125,51.849998474121094,17244800
C,2020-08-26,41.388736724853516,50.849998474121094,51.790000915527344,50.81999969482422,51.65999984741211,14541600
C,2020-08-27,42.096866607666016,51.720001220703125,52.209999084472656,50.650001525878906,50.720001220703125,19393500
C,2020-08-28,42.552669525146484,52.279998779296875,52.369998931884766,51.529998779296875,52.06999969482422,16990300
C,2020-08-31,41.60850524902344,51.119998931884766,52.040000915527344,51.099998474121094,51.90999984741211,16280100
C,2020-09-01,41.673622131347656,51.20000076293945,51.56999969482422,50.540000915527344,50.880001068115234,16903400
C,2020-09-02,42.28407287597656,51.95000076293945,52.13999938964844,50.65999984741211,51.040000915527344,15348600
C,2020-09-03,41.917789459228516,51.5,53.63999938964844,51.22999954223633,52.439998626708984,25003200
C,2020-09-04,42.74802017211914,52.52000045776367,53.36000061035156,51.439998626708984,52.470001220703125,25124000
C,2020-09-08,41.54338455200195,51.040000915527344,52.09000015258789,50.65999984741211,51.91999816894531,28128600
C,2020-09-09,41.83640670776367,51.400001525878906,51.59000015258789,50.619998931884766,51.20000076293945,19193900
C,2020-09-10,41.47012710571289,50.95000076293945,52.5,50.70000076293945,51.720001220703125,22324400
C,2020-09-11,41.510833740234375,51.0,51.689998626708984,50.79999923706055,50.88999938964844,21033200
C,2020-09-14,39.19110870361328,48.150001525878906,52.08000183105469,47.900001525878906,51.4900016784668,58798300
C,2020-09-15,36.472557067871094,44.810001373291016,48.38999938964844,44.66999816894531,48.119998931884766,84689700
C,2020-09-16,37.45741271972656,46.02000045776367,46.7599983215332,44.619998931884766,45.209999084472656,45484600
C,2020-09-17,37.0585823059082,45.529998779296875,45.83000183105469,45.0099983215332,45.459999084472656,28741600
C,2020-09-18,36.513248443603516,44.86000061035156,45.959999084472656,44.7599983215332,45.52000045776367,33201700
C,2020-09-21,35.756290435791016,43.93000030517578,44.15999984741211,43.06999969482422,43.40999984741211,33469700
C,2020-09-22,35.23536682128906,43.290000915527344,44.130001068115234,43.08000183105469,43.790000915527344,25799200
C,2020-09-23,34.06330108642578,41.849998474121094,43.95000076293945,41.790000915527344,43.61000061035156,28780200
C,2020-09-24,34.34003829956055,42.189998626708984,42.599998474121094,41.290000915527344,41.849998474121094,31259200
C,2020-09-25,34.20166778564453,42.02000045776367,42.130001068115234,41.52000045776367,41.84000015258789,26917200
C,2020-09-28,35.27606964111328,43.34000015258789,43.880001068115234,42.88999938964844,42.91999816894531,21204600
C,2020-09-29,34.527244567871094,42.41999816894531,43.290000915527344,42.02000045776367,43.099998474121094,20694300
C,2020-09-30,35.08885955810547,43.11000061035156,43.59000015258789,42.5,42.58000183105469,22533400
C,2020-10-01,35.35745620727539,43.439998626708984,43.650001525878906,42.599998474121094,43.33000183105469,21900500
C,2020-10-02,35.53652572631836,43.65999984741211,43.869998931884766,42.52000045776367,42.540000915527344,23899200
C,2020-10-05,36.553951263427734,44.90999984741211,45.22999954223633,44.209999084472656,44.2599983215332,24170600
C,2020-10-06,36.14698791503906,44.40999984741211,46.060001373291016,44.15999984741211,45.47999954223633,29505900
C,2020-10-07,36.49697494506836,44.84000015258789,45.630001068115234,44.61000061035156,45.02000045776367,22135800
C,2020-10-08,36.39929962158203,44.720001220703125,45.16999816894531,44.279998779296875,44.90999984741211,28630700
C,2020-10-09,36.570220947265625,44.93000030517578,45.59000015258789,44.689998626708984,45.0099983215332,25595600
C,2020-10-12,37.34347152709961,45.880001068115234,45.9900016784668,44.95000076293945,45.09000015258789,24070200
C,2020-10-13,35.55281066894531,43.68000030517578,46.119998931884766,43.54999923706055,46.119998931884766,49899100
C,2020-10-14,35.023738861083984,43.029998779296875,44.2400016784668,43.0,43.52000045776367,30260500
C,2020-10-15,35.49581527709961,43.61000061035156,43.63999938964844,42.25,42.540000915527344,26408000
C,2020-10-16,35.153968811035156,43.189998626708984,43.880001068115234,43.08000183105469,43.68000030517578,25998000
C,2020-10-19,34.91793441772461,42.900001525878906,43.38999938964844,42.810001373291016,43.349998474121094,22793600
C,2020-10-20,35.422569274902344,43.52000045776367,44.08000183105469,43.34000015258789,43.369998931884766,21255900
C,2020-10-21,35.00746154785156,43.0099983215332,43.72999954223633,42.900001525878906,43.459999084472656,19816300
C,2020-10-22,35.77255630493164,43.95000076293945,43.9900016784668,42.65999984741211,42.88999938964844,21341200
C,2020-10-23,35.77255630493164,43.95000076293945,44.56999969482422,43.66999816894531,44.209999084472656,18486500
C,2020-10-26,35.2109375,43.2599983215332,43.400001525878906,42.810001373291016,43.36000061035156,24928100
C,2020-10-27,34.08771896362305,41.880001068115234,43.040000915527344,41.869998931884766,43.040000915527344,24251700
C,2020-10-28,33.477272033691406,41.130001068115234,41.59000015258789,40.7400016784668,40.970001220703125,27485000
C,2020-10-29,33.908653259277344,41.65999984741211,42.150001525878906,40.709999084472656,41.130001068115234,23351000
C,2020-10-30,34.131126403808594,41.41999816894531,41.540000915527344,40.4900016784668,41.029998779296875,26962800
C,2020-11-02,34.78211975097656,42.209999084472656,42.66999816894531,41.20000076293945,41.86000061035156,24310800
C,2020-11-03,35.86983108520508,43.529998779296875,44.02000045776367,43.060001373291016,43.29999923706055,29985200
C,2020-11-04,34.67499542236328,42.08000183105469,43.40999984741211,41.900001525878906,42.529998779296875,25956400
C,2020-11-05,35.490779876708984,43.06999969482422,43.58000183105469,42.18000030517578,42.34000015258789,24945100
C,2020-11-06,35.19413375854492,42.709999084472656,43.61000061035156,42.5,43.5099983215332,17705200
C,2020-11-09,39.256568908691406,47.63999938964844,48.779998779296875,46.2599983215332,46.869998931884766,56895200
C,2020-11-10,39.26480484008789,47.650001525878906,48.75,47.45000076293945,48.310001373291016,33275800
C,2020-11-11,40.31957244873047,48.93000030517578,49.290000915527344,47.68000030517578,47.900001525878906,29719600
C,2020-11-12,39.7839469909668,48.279998779296875,48.40999984741211,47.709999084472656,47.970001220703125,28457400
C,2020-11-13,40.097084045410156,48.65999984741211,49.06999969482422,48.400001525878906,48.650001525878906,18632500
C,2020-11-16,41.530887603759766,50.400001525878906,51.02000045776367,49.86000061035156,50.40999984741211,26699400
C,2020-11-17,41.80282211303711,50.72999954223633,50.93000030517578,49.47999954223633,49.84000015258789,18970000
C,2020-11-18,42.066505432128906,51.04999923706055,52.650001525878906,51.0099983215332,51.09000015258789,25824000
C,2020-11-19,42.96468734741211,52.13999938964844,52.31999969482422,50.95000076293945,51.599998474121094,20262400
C,2020-11-20,42.560916900634766,51.650001525878906,52.11000061035156,51.189998626708984,51.83000183105469,15471100
C,2020-11-23,43.92055130004883,53.29999923706055,53.630001068115234,52.290000915527344,52.5099983215332,28923200
C,2020-11-24,47.01890182495117,57.060001373291016,57.13999938964844,54.47999954223633,54.47999954223633,32890900
C,2020-11-25,47.01890182495117,57.060001373291016,57.15999984741211,55.33000183105469,56.27000045776367,28250500
C,2020-11-27,46.69752502441406,56.66999816894531,57.2400016784668,56.119998931884766,57.0,14267100
C,2020-11-30,45.379085540771484,55.06999969482422,56.540000915527344,55.0,56.13999938964844,23359300
C,2020-12-01,45.70869827270508,55.470001220703125,56.7400016784668,55.400001525878906,56.54999923706055,23497900
C,2020-12-02,47.1342658996582,57.20000076293945,57.41999816894531,55.25,55.36000061035156,26796800
C,2020-12-03,46.62335968017578,56.58000183105469,57.45000076293945,56.20000076293945,57.380001068115234,18776100
C,2020-12-04,48.30437088012695,58.619998931884766,58.81999969482422,57.310001373291016,57.560001373291016,24696000
C,2020-12-07,47.900604248046875,58.130001068115234,58.61000061035156,57.279998779296875,58.150001525878906,21280900
C,2020-12-08,48.09013366699219,58.36000061035156,58.400001525878906,57.36000061035156,57.47999954223633,15511700
C,2020-12-09,48.57630920410156,58.95000076293945,59.54999923706055,58.29999923706055,59.15999984741211,27278200
C,2020-12-10,49.85354232788086,60.5,60.790000915527344,58.0099983215332,58.040000915527344,25866600
C,2020-12-11,48.5598258972168,58.93000030517578,59.810001373291016,58.18000030517578,59.79999923706055,20960000
C,2020-12-14,48.403263092041016,58.7400016784668,60.2599983215332,58.72999954223633,60.0,19688300
C,2020-12-15,49.16960906982422,59.66999816894531,59.86000061035156,58.56999969482422,58.7400016784668,16044400
C,2020-12-16,49.23552322387695,59.75,60.13999938964844,59.36000061035156,60.06999969482422,14988300
C,2020-12-17,49.48273849487305,60.04999923706055,60.290000915527344,59.56999969482422,60.0,18229900
C,2020-12-18,48.66695022583008,59.060001373291016,60.29999923706055,58.709999084472656,60.29999923706055,28712700
C,2020-12-21,50.45508575439453,61.22999954223633,61.81999969482422,59.810001373291016,60.349998474121094,31906100
C,2020-12-22,48.831748962402344,59.2599983215332,61.13999938964844,59.15999984741211,61.099998474121094,17851600
C,2020-12-23,50.084266662597656,60.779998779296875,61.310001373291016,59.790000915527344,60.0,16579100
C,2020-12-24,49.911224365234375,60.56999969482422,61.09000015258789,59.880001068115234,60.93000030517578,6824400
C,2020-12-28,50.3726806640625,61.130001068115234,61.93000030517578,60.4900016784668,60.619998931884766,14414600
C,2020-12-29,50.1913948059082,60.90999984741211,61.400001525878906,60.54999923706055,61.150001525878906,10800400
C,2020-12-30,50.15019607543945,60.86000061035156,61.27000045776367,60.66999816894531,60.90999984741211,10770700
C,2020-12-31,50.809410095214844,61.65999984741211,61.849998474121094,60.529998779296875,60.66999816894531,12500700
C,2021-01-04,49.55689239501953,60.13999938964844,61.709999084472656,59.72999954223633,61.59000015258789,21286200
C,2021-01-05,50.84237289428711,61.70000076293945,62.0,60.02000045776367,60.349998474121094,20213100
C,2021-01-06,53.76765823364258,65.25,66.5999984741211,63.95000076293945,64.48999786376953,38106600
C,2021-01-07,54.40216827392578,66.0199966430664,68.0999984741211,66.01000213623047,67.06999969482422,24161000
C,2021-01-08,53.86655044555664,65.37000274658203,66.20999908447266,64.33999633789062,66.20999908447266,20747800
C,2021-01-11,54.748260498046875,66.44000244140625,66.62000274658203,64.33000183105469,64.58000183105469,20454000
C,2021-01-12,54.937774658203125,66.66999816894531,67.73999786376953,66.23999786376953,67.48999786376953,20162800
C,2021-01-13,55.094337463378906,66.86000061035156,67.22000122070312,65.98999786376953,67.0,18541900
C,2021-01-14,56.86600112915039,69.01000213623047,69.43000030517578,67.16999816894531,67.5199966430664,29108900
C,2021-01-15,52.92715835571289,64.2300033569336,67.6500015258789,64.08999633789062,67.37000274658203,38295300
C,2021-01-19,52.4821891784668,63.689998626708984,65.25,62.90999984741211,65.19999694824219,27022400
C,2021-01-20,52.119606018066406,63.25,63.81999969482422,62.84000015258789,63.75,17448900
C,2021-01-21,50.982460021972656,61.869998931884766,63.34000015258789,61.7400016784668,63.209999084472656,19394600
C,2021-01-22,50.53749084472656,61.33000183105469,61.83000183105469,60.189998626708984,60.939998626708984,24740400
C,2021-01-25,49.90298843383789,60.560001373291016,60.77000045776367,59.16999816894531,60.66999816894531,25754100
C,2021-01-26,50.1913948059082,60.90999984741211,61.2400016784668,60.09000015258789,61.20000076293945,18760900
C,2021-01-27,48.947113037109375,59.400001525878906,60.0,58.529998779296875,59.900001525878906,24657200
C,2021-01-28,49.72169876098633,60.34000015258789,61.060001373291016,59.630001068115234,60.150001525878906,19986200
C,2021-01-29,48.192569732666016,57.9900016784668,60.20000076293945,57.689998626708984,59.959999084472656,27078300
C,2021-02-01,48.558223724365234,58.43000030517578,58.66999816894531,57.400001525878906,58.65999984741211,16073000
C,2021-02-02,49.51394271850586,59.58000183105469,60.25,59.29999923706055,59.599998474121094,18693400
C,2021-02-03,50.777130126953125,61.099998474121094,61.150001525878906,59.31999969482422,59.40999984741211,18730600
C,2021-02-04,51.86581039428711,62.40999984741211,62.630001068115234,61.41999816894531,61.56999969482422,16612900
C,2021-02-05,52.007083892822266,62.58000183105469,63.08000183105469,62.06999969482422,62.9900016784668,13493800
C,2021-02-08,52.89631271362305,63.650001525878906,63.709999084472656,62.849998474121094,63.09000015258789,15055400
C,2021-02-09,52.455841064453125,63.119998931884766,63.869998931884766,62.52000045776367,63.70000076293945,12336900
C,2021-02-10,52.87137222290039,63.619998931884766,63.9900016784668,62.97999954223633,63.47999954223633,12680700
C,2021-02-11,52.522342681884766,63.20000076293945,63.869998931884766,61.93000030517578,63.599998474121094,12108300
C,2021-02-12,52.87968444824219,63.630001068115234,64.0199966430664,62.88999938964844,62.91999816894531,12174600
C,2021-02-16,53.28690719604492,64.12000274658203,65.06999969482422,63.84000015258789,64.91999816894531,19065400
C,2021-02-17,53.81877517700195,64.76000213623047,64.91000366210938,63.45000076293945,63.79999923706055,20279600
C,2021-02-18,52.75502395629883,63.47999954223633,64.55000305175781,63.09000015258789,64.30000305175781,14833200
C,2021-02-19,54.66644287109375,65.77999877929688,65.98999786376953,64.05000305175781,64.16000366210938,20456200
C,2021-02-22,54.45036697387695,65.5199966430664,66.9000015258789,65.29000091552734,65.4000015258789,23120700
C,2021-02-23,55.464256286621094,66.73999786376953,66.91999816894531,64.86000061035156,65.58999633789062,26712100
C,2021-02-24,57.00999450683594,68.5999984741211,68.68000030517578,67.0,67.16999816894531,20752900
C,2021-02-25,56.021053314208984,67.41000366210938,69.37999725341797,66.88999938964844,69.04000091552734,25206100
C,2021-02-26,54.749549865722656,65.87999725341797,67.5999984741211,65.54000091552734,66.77999877929688,24182200
C,2021-03-01,57.79119110107422,69.54000091552734,69.98999786376953,67.9800033569336,68.48999786376953,28054600
C,2021-03-02,57.26764678955078,68.91000366210938,69.98999786376953,68.8499984741211,69.19000244140625,19200600
C,2021-03-03,58.48927307128906,70.37999725341797,71.48999786376953,69.30000305175781,69.48999786376953,25157600
C,2021-03-04,58.015560150146484,69.80999755859375,71.77999877929688,67.88999938964844,70.18000030517578,28518400
C,2021-03-05,58.36461639404297,70.2300033569336,71.2699966430664,68.44000244140625,70.83999633789062,25406800
C,2021-03-08,60.018428802490234,72.22000122070312,72.83999633789062,70.86000061035156,71.06999969482422,27351100
C,2021-03-09,58.99622344970703,70.98999786376953,72.48999786376953,70.04000091552734,70.91000366210938,24194900
C,2021-03-10,61.289913177490234,73.75,73.87999725341797,71.19999694824219,71.29000091552734,21331100
C,2021-03-11,60.92424774169922,73.30999755859375,74.27999877929688,72.55000305175781,73.4800033569336,17499200
C,2021-03-12,62.478309631347656,75.18000030517578,75.25,74.0999984741211,74.41999816894531,17210600
C,2021-03-15,61.680519104003906,74.22000122070312,75.58999633789062,73.27999877929688,75.51000213623047,18918100
C,2021-03-16,60.94089126586914,73.33000183105469,73.62999725341797,72.31999969482422,73.5199966430664,15834800
C,2021-03-17,61.16525650024414,73.5999984741211,74.33999633789062,72.73999786376953,73.93000030517578,19337500
C,2021-03-18,61.36469650268555,73.83999633789062,76.12999725341797,73.44999694824219,74.43000030517578,23857900
C,2021-03-19,60.6749382019043,73.01000213623047,73.58000183105469,71.5199966430664,73.19999694824219,24079400
C,2021-03-22,59.802330017089844,71.95999908447266,72.5999984741211,71.63999938964844,72.29000091552734,15040000
C,2021-03-23,58.929718017578125,70.91000366210938,72.63999938964844,70.51000213623047,71.30000305175781,16238700
C,2021-03-24,58.23996353149414,70.08000183105469,72.4800033569336,70.05999755859375,71.69000244140625,17089600
C,2021-03-25,59.60287857055664,71.72000122070312,71.91999816894531,69.1500015258789,69.83000183105469,18357300
C,2021-03-26,60.68324279785156,73.0199966430664,73.23999786376953,72.0,72.56999969482422,15716600
C,2021-03-29,59.48653793334961,71.58000183105469,72.1500015258789,70.37000274658203,71.55000305175781,17822300
C,2021-03-30,60.63338088989258,72.95999908447266,73.22000122070312,72.0,72.0,15615900
C,2021-03-31,60.45884704589844,72.75,73.83000183105469,72.45999908447266,72.70999908447266,15224800
C,2021-04-01,60.782962799072266,73.13999938964844,73.29000091552734,72.22000122070312,72.22000122070312,15251300
C,2021-04-05,60.45884704589844,72.75,74.33999633789062,72.44000244140625,74.06999969482422,16128400
C,2021-04-06,60.33420944213867,72.5999984741211,73.06999969482422,72.05000305175781,72.36000061035156,12908400
C,2021-04-07,60.409000396728516,72.69000244140625,73.12000274658203,71.94999694824219,72.91999816894531,14081400
C,2021-04-08,60.109825134277344,72.33000183105469,72.52999877929688,71.08000183105469,72.1500015258789,13677100
C,2021-04-09,60.18460464477539,72.41999816894531,73.01000213623047,72.01000213623047,72.80999755859375,14586400
C,2021-04-12,60.409000396728516,72.69000244140625,72.80000305175781,72.13999938964844,72.62000274658203,12002400
C,2021-04-13,59.885433197021484,72.05999755859375,72.41999816894531,71.06999969482422,72.30000305175781,16150000
C,2021-04-14,60.591827392578125,72.91000366210938,73.29000091552734,71.37999725341797,71.73999786376953,19476600
C,2021-04-15,60.284332275390625,72.54000091552734,74.7300033569336,71.76000213623047,74.44999694824219,31333400
C,2021-04-16,60.209537506103516,72.44999694824219,73.56999969482422,71.69000244140625,73.31999969482422,28478400
C,2021-04-19,59.943599700927734,72.12999725341797,72.83000183105469,71.94999694824219,72.70999908447266,19964800
C,2021-04-20,57.99895095825195,69.79000091552734,71.55000305175781,69.2699966430664,71.55000305175781,22013000
C,2021-04-21,58.71365737915039,70.6500015258789,70.70999908447266,68.41000366210938,69.12999725341797,16334800
C,2021-04-22,58.015560150146484,69.80999755859375,70.75,69.66999816894531,70.43000030517578,16037600
C,2021-04-23,59.320316314697266,71.37999725341797,71.54000091552734,69.51000213623047,69.83999633789062,18876100
C,2021-04-26,60.00178527832031,72.19999694824219,72.80999755859375,71.61000061035156,71.7300033569336,13098600
C,2021-04-27,60.6583366394043,72.98999786376953,73.0999984741211,72.36000061035156,72.5,13357500
C,2021-04-28,60.591827392578125,72.91000366210938,73.63999938964844,72.7300033569336,73.37000274658203,14420400
C,2021-04-29,61.36469650268555,73.83999633789062,74.0199966430664,72.87999725341797,73.76000213623047,20628400
C,2021-04-30,59.615718841552734,71.23999786376953,72.73999786376953,71.08999633789062,72.69000244140625,23669300
C,2021-05-03,60.009037017822266,71.70999908447266,72.44000244140625,71.38999938964844,72.0199966430664,16026100
C,2021-05-04,60.52788543701172,72.33000183105469,72.4000015258789,70.62999725341797,71.23999786376953,23071400
C,2021-05-05,61.682701110839844,73.70999908447266,73.80999755859375,71.77999877929688,72.61000061035156,19427200
C,2021-05-06,62.57810974121094,74.77999877929688,74.94000244140625,73.41999816894531,73.63999938964844,19621800
C,2021-05-07,62.82915496826172,75.08000183105469,75.11000061035156,73.22000122070312,73.43000030517578,16937400
C,2021-05-10,62.87099838256836,75.12999725341797,76.83999633789062,75.11000061035156,75.36000061035156,19628200
C,2021-05-11,62.6534309387207,74.87000274658203,75.56999969482422,73.91000366210938,74.5,21534800
C,2021-05-12,62.11784744262695,74.2300033569336,76.4000015258789,73.9000015258789,75.94000244140625,19791300
C,2021-05-13,63.00489044189453,75.29000091552734,75.87999725341797,73.80000305175781,73.87999725341797,18622300
C,2021-05-14,64.06765747070312,76.55999755859375,76.7699966430664,75.66000366210938,75.68000030517578,14122700
C,2021-05-17,64.78734588623047,77.41999816894531,77.47000122070312,76.0999984741211,76.33000183105469,14676300
C,2021-05-18,64.11788177490234,76.62000274658203,77.69000244140625,76.56999969482422,77.37999725341797,13729600
C,2021-05-19,63.983970642089844,76.45999908447266,76.6500015258789,74.72000122070312,75.62000274658203,23283600
C,2021-05-20,63.76639175415039,76.19999694824219,76.63999938964844,75.36000061035156,76.16999816894531,15244300
C,2021-05-21,64.97980499267578,77.6500015258789,77.80999755859375,76.41000366210938,76.5,18544500
C,2021-05-24,65.29780578613281,78.02999877929688,78.36000061035156,77.47000122070312,77.83000183105469,16750200
C,2021-05-25,64.67017364501953,77.27999877929688,79.27999877929688,77.19000244140625,78.19999694824219,20015800
C,2021-05-26,64.87100982666016,77.5199966430664,77.9000015258789,76.68000030517578,77.20999908447266,15243400
C,2021-05-27,65.90869140625,78.76000213623047,79.11000061035156,77.94999694824219,78.5199966430664,17467000
C,2021-05-28,65.86683654785156,78.70999908447266,78.97000122070312,77.91000366210938,78.66000366210938,14392800
C,2021-06-01,66.74551391601562,79.76000213623047,80.08999633789062,79.33999633789062,79.48999786376953,15450500
C,2021-06-02,66.82920837402344,79.86000061035156,80.29000091552734,79.37999725341797,80.0999984741211,15285600
C,2021-06-03,66.6367416381836,79.62999725341797,80.29000091552734,79.41999816894531,79.70999908447266,22255800
C,2021-06-04,66.5195541381836,79.48999786376953,79.87000274658203,78.80999755859375,79.69000244140625,13807000
C,2021-06-07,66.36894226074219,79.30999755859375,79.6500015258789,79.0199966430664,79.62000274658203,12670100
C,2021-06-08,66.17647552490234,79.08000183105469,79.41999816894531,77.70999908447266,78.30000305175781,15399100
C,2021-06-09,65.38984680175781,78.13999938964844,78.77999877929688,77.76000213623047,78.66999816894531,13778400
C,2021-06-10,64.34381866455078,76.88999938964844,79.29000091552734,76.83000183105469,79.04000091552734,15277400
C,2021-06-11,64.00071716308594,76.4800033569336,77.19000244140625,76.0999984741211,77.0,18043500
C,2021-06-14,62.8961067199707,75.16000366210938,76.7699966430664,74.66999816894531,76.61000061035156,18304400
C,2021-06-15,61.77476119995117,73.81999969482422,75.33999633789062,73.25,75.05000305175781,25191700
C,2021-06-16,59.799835205078125,71.45999908447266,73.0,70.1500015258789,72.75,53319800
C,2021-06-17,57.62407302856445,68.86000061035156,72.61000061035156,68.16000366210938,72.58000183105469,48523000
C,2021-06-18,56.578041076660156,67.61000061035156,68.75,67.12999725341797,68.4800033569336,44582900
C,2021-06-21,57.28097152709961,68.44999694824219,69.08999633789062,67.87999725341797,68.44000244140625,30266600
C,2021-06-22,57.707759857177734,68.95999908447266,69.41000366210938,67.7699966430664,68.9000015258789,21564600
C,2021-06-23,58.28517532348633,69.6500015258789,70.05000305175781,69.08000183105469,69.36000061035156,19672700
C,2021-06-24,59.68266677856445,71.31999969482422,71.66999816894531,69.94999694824219,70.33000183105469,23900400
C,2021-06-25,59.87514877319336,71.55000305175781,71.8499984741211,69.86000061035156,71.44999694824219,26727400
C,2021-06-28,59.84166717529297,71.51000213623047,71.66999816894531,70.45999908447266,71.31999969482422,17660900
C,2021-06-29,58.31028366088867,69.68000030517578,71.5999984741211,69.58000183105469,70.13999938964844,28696900
C,2021-06-30,59.20568084716797,70.75,70.80999755859375,69.41999816894531,69.68000030517578,18502300
C,2021-07-01,59.42327117919922,71.01000213623047,71.20999908447266,70.44999694824219,71.08000183105469,12584800
C,2021-07-02,58.92116928100586,70.41000366210938,71.12000274658203,70.11000061035156,71.01000213623047,13222700
C,2021-07-06,57.08013916015625,68.20999908447266,70.19000244140625,67.86000061035156,70.11000061035156,24672200
C,2021-07-07,56.84583282470703,67.93000030517578,68.37000274658203,67.26000213623047,67.70999908447266,19342700
C,2021-07-08,55.84163284301758,66.7300033569336,67.13999938964844,65.75,66.4000015258789,24763600
C,2021-07-09,57.28097152709961,68.44999694824219,68.5199966430664,67.63999938964844,68.11000061035156,18872600
C,2021-07-12,58.109439849853516,69.44000244140625,69.58999633789062,67.30000305175781,67.66999816894531,19600600
C,2021-07-13,57.21403884887695,68.37000274658203,69.4800033569336,68.0199966430664,69.08000183105469,18962400
C,2021-07-14,57.046661376953125,68.16999816894531,70.77999877929688,67.44999694824219,69.98999786376953,36287800
C,2021-07-15,57.28097152709961,68.44999694824219,69.04000091552734,67.44000244140625,67.54000091552734,18897200
C,2021-07-16,55.983890533447266,66.9000015258789,68.76000213623047,66.41999816894531,68.70999908447266,19289000
C,2021-07-19,54.46085739135742,65.08000183105469,66.06999969482422,64.36000061035156,65.45999908447266,33318600
C,2021-07-20,55.47341537475586,66.29000091552734,66.77999877929688,64.77999877929688,65.18000030517578,20577900
C,2021-07-21,56.81235885620117,67.88999938964844,68.25,66.93000030517578,67.01000213623047,23393200
C,2021-07-22,56.00899124145508,66.93000030517578,67.79000091552734,66.41000366210938,67.75,16524900
C,2021-07-23,55.82490158081055,66.70999908447266,67.76000213623047,66.5199966430664,67.5,13443300
C,2021-07-26,56.71193313598633,67.7699966430664,67.83999633789062,66.45999908447266,66.45999908447266,16434000
C,2021-07-27,56.88766098022461,67.9800033569336,68.4000015258789,66.77999877929688,67.08000183105469,17127700
C,2021-07-28,56.98808288574219,68.0999984741211,68.61000061035156,67.48999786376953,68.31999969482422,20275900
C,2021-07-29,57.58222961425781,68.80999755859375,69.58000183105469,68.41000366210938,68.70999908447266,22261700
C,2021-07-30,57.008941650390625,67.62000274658203,68.5199966430664,67.23999786376953,67.91999816894531,18078200
C,2021-08-02,57.101688385009766,67.7300033569336,69.12000274658203,67.63999938964844,67.94999694824219,16616700
C,2021-08-03,58.07122039794922,68.87999725341797,69.08999633789062,66.88999938964844,68.25,21041500
C,2021-08-04,57.76771545410156,68.5199966430664,69.25,67.93000030517578,68.12000274658203,14416300
C,2021-08-05,58.75411605834961,69.69000244140625,69.7699966430664,68.7699966430664,68.83000183105469,14361600
C,2021-08-06,59.91756057739258,71.06999969482422,71.5,70.58000183105469,70.77999877929688,23915400
C,2021-08-09,60.296939849853516,71.5199966430664,72.0,70.45999908447266,70.94000244140625,15619800
C,2021-08-10,61.52783966064453,72.9800033569336,73.33999633789062,71.37999725341797,71.62000274658203,17920100
C,2021-08-11,62.64072036743164,74.30000305175781,74.33999633789062,72.93000030517578,73.30000305175781,18676100
C,2021-08-12,62.49737548828125,74.12999725341797,74.63999938964844,73.62999725341797,74.33000183105469,14181400
C,2021-08-13,61.637454986572266,73.11000061035156,74.62000274658203,72.91999816894531,74.19999694824219,13362800
C,2021-08-16,60.78593444824219,72.0999984741211,72.48999786376953,70.98999786376953,72.41000366210938,15532800
C,2021-08-17,60.38125228881836,71.62000274658203,72.36000061035156,70.68000030517578,71.33999633789062,14623000
C,2021-08-18,59.959712982177734,71.12000274658203,72.26000213623047,70.87999725341797,71.19999694824219,13970600
C,2021-08-19,58.88056945800781,69.83999633789062,70.73999786376953,69.43000030517578,70.54000091552734,21047300
C,2021-08-20,59.22624206542969,70.25,70.30000305175781,69.20999908447266,69.70999908447266,14028800
C,2021-08-23,59.76581573486328,70.88999938964844,71.26000213623047,70.55999755859375,70.76000213623047,13079500
C,2021-08-24,60.7353515625,72.04000091552734,72.19000244140625,71.02999877929688,71.13999938964844,12669300
C,2021-08-25,61.69645690917969,73.18000030517578,73.9000015258789,72.04000091552734,72.80000305175781,17766600
C,2021-08-26,61.07258987426758,72.44000244140625,73.9000015258789,72.27999877929688,73.47000122070312,14135600
C,2021-08-27,61.536277770996094,72.98999786376953,73.37000274658203,72.30000305175781,72.58000183105469,13669400
C,2021-08-30,60.42340850830078,71.66999816894531,73.01000213623047,71.22000122070312,73.0,12687400
C,2021-08-31,60.62574005126953,71.91000366210938,72.5,71.33000183105469,71.75,17285900
C,2021-09-01,60.11989974975586,71.30999755859375,72.36000061035156,71.20999908447266,72.36000061035156,15114800
C,2021-09-02,60.28007507324219,71.5,71.97000122070312,70.91999816894531,71.36000061035156,13533400
C,2021-09-03,60.00187683105469,71.16999816894531,71.7300033569336,70.6500015258789,71.62000274658203,13683300
C,2021-09-07,59.706783294677734,70.81999969482422,72.27999877929688,70.70999908447266,71.36000061035156,14663600
C,2021-09-08,59.04918670654297,70.04000091552734,71.22000122070312,69.87999725341797,70.87000274658203,14861800
C,2021-09-09,59.40329360961914,70.45999908447266,71.0999984741211,69.91000366210938,69.97000122070312,14212900
C,2021-09-10,58.6529426574707,69.56999969482422,70.98999786376953,69.5199966430664,70.93000030517578,15422800
C,2021-09-13,59.453861236572266,70.5199966430664,70.66000366210938,69.76000213623047,70.12000274658203,16337300
C,2021-09-14,57.986907958984375,68.77999877929688,71.37999725341797,68.5199966430664,70.83999633789062,26568900
C,2021-09-15,59.39484786987305,70.44999694824219,70.87000274658203,68.62000274658203,68.81999969482422,22392100
C,2021-09-16,59.01546859741211,70.0,71.18000030517578,69.98999786376953,71.02999877929688,19245400
C,2021-09-17,58.981754302978516,69.95999908447266,70.58000183105469,69.66000366210938,69.7699966430664,30768300
C,2021-09-20,56.73916244506836,67.30000305175781,68.16999816894531,65.97000122070312,68.05000305175781,36955400
C,2021-09-21,56.4356575012207,66.94000244140625,67.73999786376953,66.5199966430664,67.6500015258789,21169900
C,2021-09-22,57.531646728515625,68.23999786376953,69.16999816894531,67.79000091552734,67.88999938964844,21160200
C,2021-09-23,59.75737380981445,70.87999725341797,71.38999938964844,69.0,69.20999908447266,21451500
C,2021-09-24,60.010311126708984,71.18000030517578,71.58000183105469,70.70999908447266,70.70999908447266,15788400
C,2021-09-27,60.92082977294922,72.26000213623047,72.61000061035156,71.75,71.8499984741211,19857500
C,2021-09-28,60.17047882080078,71.37000274658203,73.27999877929688,71.23999786376953,72.47000122070312,20835000
C,2021-09-29,60.30536651611328,71.52999877929688,71.81999969482422,70.9800033569336,71.69000244140625,13683900
C,2021-09-30,59.167240142822266,70.18000030517578,71.69999694824219,69.94999694824219,71.62999725341797,22090900
C,2021-10-01,60.010311126708984,71.18000030517578,71.68000030517578,70.08999633789062,70.44000244140625,23701900
C,2021-10-04,60.10304641723633,71.29000091552734,72.9800033569336,70.8499984741211,71.08000183105469,18957200
C,2021-10-05,61.14846420288086,72.52999877929688,72.93000030517578,71.33000183105469,71.76000213623047,15587200
C,2021-10-06,61.05571746826172,72.41999816894531,72.61000061035156,71.0199966430664,71.91999816894531,15997200
C,2021-10-07,60.8618049621582,72.19000244140625,73.3499984741211,72.05000305175781,73.01000213623047,15349900
C,2021-10-08,60.99669647216797,72.3499984741211,72.80999755859375,71.51000213623047,71.8499984741211,11960700
C,2021-10-11,60.43183135986328,71.68000030517578,73.72000122070312,71.61000061035156,72.69999694824219,14985500
C,2021-10-12,59.55504608154297,70.63999938964844,71.94000244140625,70.44000244140625,71.54000091552734,17593400
C,2021-10-13,59.234676361083984,70.26000213623047,70.58000183105469,68.73999786376953,70.55000305175781,23451900
C,2021-10-14,59.68994140625,70.80000305175781,71.2699966430664,69.72000122070312,71.06999969482422,24707900
C,2021-10-15,60.946109771728516,72.29000091552734,73.22000122070312,71.51000213623047,71.81999969482422,21884500
C,2021-10-18,60.372825622558594,71.61000061035156,72.55000305175781,71.4000015258789,72.06999969482422,15026100
C,2021-10-19,60.499298095703125,71.76000213623047,72.5,71.26000213623047,72.25,15173900
C,2021-10-20,60.54987716674805,71.81999969482422,72.27999877929688,70.80999755859375,71.55999755859375,14350400
C,2021-10-21,59.445438385009766,70.51000213623047,71.83000183105469,70.01000213623047,71.26000213623047,18519000
C,2021-10-22,60.17047882080078,71.37000274658203,71.88999938964844,70.68000030517578,70.7699966430664,14625100
C,2021-10-25,59.71522521972656,70.83000183105469,71.8499984741211,70.70999908447266,71.58000183105469,15103000
C,2021-10-26,59.563472747802734,70.6500015258789,71.61000061035156,70.61000061035156,71.0,18647900
C,2021-10-27,59.276817321777344,70.30999755859375,70.70999908447266,69.30999755859375,70.51000213623047,25475900
C,2021-10-28,59.75737380981445,70.87999725341797,71.31999969482422,70.27999877929688,70.77999877929688,16367800
C,2021-10-29,58.7298583984375,69.16000366210938,70.61000061035156,68.97000122070312,70.4800033569336,22403000
C,2021-11-01,59.11198425292969,69.61000061035156,69.93000030517578,69.02999877929688,69.93000030517578,19106600
C,2021-11-02,58.254302978515625,68.5999984741211,69.62999725341797,68.54000091552734,69.52999877929688,25539000
C,2021-11-03,58.5939826965332,69.0,69.58000183105469,68.08999633789062,68.30000305175781,21755600
C,2021-11-04,56.89561080932617,67.0,68.7699966430664,66.5199966430664,68.75,32148900
C,2021-11-05,56.88711929321289,66.98999786376953,67.98999786376953,66.94999694824219,67.81999969482422,20902600
C,2021-11-08,58.12693405151367,68.44999694824219,69.0199966430664,67.37000274658203,67.88999938964844,25122000
C,2021-11-09,57.736305236816406,67.98999786376953,68.25,67.44000244140625,67.77999877929688,18513000
C,2021-11-10,57.923126220703125,68.20999908447266,68.44000244140625,67.70999908447266,68.12000274658203,19290200
C,2021-11-11,58.48360061645508,68.87000274658203,69.18000030517578,68.16999816894531,68.26000213623047,20296200
C,2021-11-12,58.7298583984375,69.16000366210938,69.16999816894531,68.30000305175781,69.0,13867400
C,2021-11-15,58.37320327758789,68.73999786376953,69.66999816894531,68.54000091552734,69.43000030517578,12965100
C,2021-11-16,57.52400207519531,67.73999786376953,68.77999877929688,67.30000305175781,68.77999877929688,19042800
C,2021-11-17,56.768226623535156,66.8499984741211,67.69000244140625,66.7699966430664,67.66000366210938,16468300
C,2021-11-18,56.9890251159668,67.11000061035156,67.1500015258789,66.19999694824219,66.70999908447266,14994700
C,2021-11-19,56.335140228271484,66.33999633789062,66.41999816894531,65.2300033569336,66.12000274658203,19766900
C,2021-11-22,56.9295768737793,67.04000091552734,68.11000061035156,66.80000305175781,67.95999908447266,24020500
C,2021-11-23,57.80425262451172,68.06999969482422,68.37000274658203,67.11000061035156,67.56999969482422,18142200
C,2021-11-24,57.13337326049805,67.27999877929688,68.05999755859375,67.2300033569336,68.0,14975500
C,2021-11-26,55.621826171875,65.5,65.73999786376953,63.810001373291016,65.01000213623047,24542000
C,2021-11-29,55.231201171875,65.04000091552734,66.29000091552734,64.45999908447266,65.98999786376953,24340700
C,2021-11-30,54.09328842163086,63.70000076293945,64.80999755859375,63.36000061035156,64.31999969482422,35574000
C,2021-12-01,53.091251373291016,62.52000045776367,65.08999633789062,62.5,64.66000366210938,27379200
C,2021-12-02,54.18670654296875,63.810001373291016,64.2699966430664,62.7599983215332,63.34000015258789,24890700
C,2021-12-03,53.29505157470703,62.7599983215332,64.12000274658203,62.43000030517578,63.7400016784668,25458700
C,2021-12-06,53.091251373291016,62.52000045776367,63.56999969482422,62.13999938964844,62.939998626708984,25105500
C,2021-12-07,53.4139404296875,62.900001525878906,63.349998474121094,62.31999969482422,62.95000076293945,28301200
C,2021-12-08,53.0402946472168,62.459999084472656,63.15999984741211,62.349998474121094,63.02000045776367,20697200
C,2021-12-09,52.7685546875,62.13999938964844,62.5,60.849998474121094,61.869998931884766,29960500
C,2021-12-10,51.55421829223633,60.709999084472656,62.2599983215332,60.20000076293945,61.68000030517578,39726500
C,2021-12-13,51.10414505004883,60.18000030517578,60.869998931884766,59.779998779296875,60.4900016784668,20489500
C,2021-12-14,51.49477767944336,60.63999938964844,61.31999969482422,60.380001068115234,60.45000076293945,19571100
C,2021-12-15,51.15509796142578,60.2400016784668,61.0099983215332,59.540000915527344,60.939998626708984,33861300
C,2021-12-16,51.859920501708984,61.06999969482422,61.90999984741211,60.81999969482422,61.099998474121094,25688300
C,2021-12-17,50.56066131591797,59.540000915527344,60.5,58.959999084472656,60.27000045776367,47383500
C,2021-12-20,49.49068832397461,58.279998779296875,58.72999954223633,57.59000015258789,58.599998474121094,31619600
C,2021-12-21,50.42479705810547,59.380001068115234,59.86000061035156,58.650001525878906,58.7400016784668,23175100
C,2021-12-22,50.61161422729492,59.599998474121094,59.939998626708984,59.099998474121094,59.310001373291016,14760600
C,2021-12-23,51.12962341308594,60.209999084472656,60.779998779296875,59.95000076293945,59.9900016784668,15223300
C,2021-12-27,51.503265380859375,60.650001525878906,60.939998626708984,60.0,60.400001525878906,14035400
C,2021-12-28,51.47779083251953,60.619998931884766,61.33000183105469,60.310001373291016,60.439998626708984,12697900
C,2021-12-29,51.409854888916016,60.540000915527344,60.97999954223633,60.27000045776367,60.810001373291016,13284000
C,2021-12-30,51.316444396972656,60.43000030517578,61.06999969482422,60.38999938964844,60.619998931884766,11380500
C,2021-12-31,51.2824821472168,60.38999938964844,60.7599983215332,60.119998931884766,60.43000030517578,12307200
C,2022-01-03,53.583778381347656,63.099998474121094,63.61000061035156,61.11000061035156,61.18000030517578,30508500
C,2022-01-04,53.999874114990234,63.59000015258789,64.7300033569336,63.540000915527344,64.05999755859375,30303600
C,2022-01-05,53.371482849121094,62.849998474121094,64.41000366210938,62.779998779296875,64.0999984741211,25149100
C,2022-01-06,55.120811462402344,64.91000366210938,65.30999755859375,63.5099983215332,64.22000122070312,33334200
C,2022-01-07,55.85959243774414,65.77999877929688,66.55000305175781,65.18000030517578,65.18000030517578,26548200
C,2022-01-10,56.071895599365234,66.02999877929688,66.9800033569336,65.22000122070312,66.45999908447266,28693700
C,2022-01-11,56.9890251159668,67.11000061035156,67.27999877929688,66.16999816894531,66.37999725341797,23453000
C,2022-01-12,57.13337326049805,67.27999877929688,68.6500015258789,66.91999816894531,67.77999877929688,27976200
C,2022-01-13,57.55797576904297,67.77999877929688,68.44000244140625,67.0199966430664,67.52999877929688,29222000
C,2022-01-14,56.83616638183594,66.93000030517578,67.08000183105469,65.08000183105469,65.36000061035156,35994400
C,2022-01-18,55.451988220214844,65.30000305175781,66.83999633789062,65.0999984741211,66.69000244140625,26353600
C,2022-01-19,54.551841735839844,64.23999786376953,65.66000366210938,63.970001220703125,65.66000366210938,22817100
C,2022-01-20,54.73867416381836,64.45999908447266,65.44999694824219,63.70000076293945,64.29000091552734,22794100
C,2022-01-21,53.72813415527344,63.27000045776367,64.44999694824219,62.75,63.9900016784668,28637900
C,2022-01-24,53.244110107421875,62.70000076293945,62.79999923706055,60.029998779296875,61.5099983215332,38601700
C,2022-01-25,54.44145202636719,64.11000061035156,64.45999908447266,61.130001068115234,61.970001220703125,34371100
C,2022-01-26,54.984947204589844,64.75,65.77999877929688,63.869998931884766,64.69999694824219,31803400
C,2022-01-27,54.47542190551758,64.1500015258789,65.8499984741211,63.900001525878906,65.22000122070312,24674000
C,2022-01-28,54.933990478515625,64.69000244140625,64.70999908447266,62.83000183105469,63.619998931884766,20953500
C,2022-01-31,55.299137115478516,65.12000274658203,65.25,63.599998474121094,64.01000213623047,23067400
C,2022-02-01,56.52197265625,66.55999755859375,66.69000244140625,65.04000091552734,65.44000244140625,26868400
C,2022-02-02,56.24174118041992,66.2300033569336,66.80000305175781,65.58000183105469,66.3499984741211,18194200
C,2022-02-03,55.41804122924805,65.26000213623047,66.37999725341797,65.02999877929688,66.26000213623047,18219100
C,2022-02-04,56.55634689331055,66.08000183105469,66.66000366210938,64.83999633789062,65.04000091552734,23267900
C,2022-02-07,56.79598617553711,66.36000061035156,66.79000091552734,65.5,66.08999633789062,20081600
C,2022-02-08,57.44645690917969,67.12000274658203,67.97000122070312,66.5999984741211,67.05999755859375,23191000
C,2022-02-09,58.06267547607422,67.83999633789062,68.19000244140625,67.13999938964844,67.41000366210938,20902700
C,2022-02-10,57.77167892456055,67.5,68.55000305175781,67.22000122070312,67.94999694824219,22522300
C,2022-02-11,57.47213363647461,67.1500015258789,69.11000061035156,66.5999984741211,67.25,27226700
C,2022-02-14,56.881568908691406,66.45999908447266,67.22000122070312,65.81999969482422,66.87000274658203,24544000
C,2022-02-15,57.34375,67.0,67.4800033569336,66.52999877929688,67.16000366210938,15487600
C,2022-02-16,57.300941467285156,66.94999694824219,67.43000030517578,66.43000030517578,66.54000091552734,13067400
C,2022-02-17,55.3837890625,64.70999908447266,66.63999938964844,64.20999908447266,66.33000183105469,23150000
C,2022-02-18,54.89593505859375,64.13999938964844,64.97000122070312,63.70000076293945,64.11000061035156,18114800
C,2022-02-22,54.68198013305664,63.88999938964844,64.36000061035156,63.06999969482422,63.06999969482422,19057000
C,2022-02-23,54.1085319519043,63.220001220703125,64.76000213623047,63.040000915527344,64.41999816894531,17563500
C,2022-02-24,51.92604064941406,60.66999816894531,61.060001373291016,58.369998931884766,60.4900016784668,46453500
C,2022-02-25,53.0472412109375,61.97999954223633,62.88999938964844,61.0099983215332,61.310001373291016,30518900
C,2022-02-28,50.693580627441406,59.22999954223633,60.41999816894531,58.400001525878906,59.93000030517578,48212900
C,2022-03-01,50.14582824707031,58.59000015258789,59.31999969482422,57.91999816894531,58.38999938964844,51389000
C,2022-03-02,50.97602462768555,59.560001373291016,59.86000061035156,55.93000030517578,56.970001220703125,60206500
C,2022-03-03,49.31562423706055,57.619998931884766,58.9900016784668,56.9900016784668,58.75,54027300
C,2022-03-04,48.43406677246094,56.59000015258789,56.65999984741211,55.189998626708984,55.90999984741211,54263000
C,2022-03-07,47.5439567565918,55.54999923706055,56.27000045776367,54.06999969482422,55.029998779296875,49710700
C,2022-03-08,46.96196365356445,54.869998931884766,57.290000915527344,54.7599983215332,56.560001373291016,43858100
C,2022-03-09,47.88630676269531,55.95000076293945,57.279998779296875,55.810001373291016,56.900001525878906,32757100
C,2022-03-10,46.97052001953125,54.880001068115234,55.369998931884766,53.95000076293945,55.02000045776367,31942500
C,2022-03-11,46.35429382324219,54.15999984741211,55.689998626708984,54.06999969482422,55.369998931884766,20550900
C,2022-03-14,46.4141960144043,54.22999954223633,55.27000045776367,53.83000183105469,54.70000076293945,25046000
C,2022-03-15,47.1673698425293,55.11000061035156,55.619998931884766,54.349998474121094,54.459999084472656,20747100
C,2022-03-16,48.613807678222656,56.79999923706055,57.540000915527344,55.970001220703125,56.02000045776367,31659800
C,2022-03-17,49.03318405151367,57.290000915527344,57.29999923706055,55.029998779296875,55.709999084472656,21432300
C,2022-03-18,49.08453369140625,57.349998474121094,57.630001068115234,56.72999954223633,56.939998626708984,30900500
C,2022-03-21,48.767860412597656,56.97999954223633,57.83000183105469,56.75,57.83000183105469,21661200
C,2022-03-22,49.212913513183594,57.5,58.25,57.310001373291016,57.81999969482422,23407400
C,2022-03-23,48.22864532470703,56.349998474121094,57.5,56.0,57.119998931884766,23070200
C,2022-03-24,48.28857421875,56.41999816894531,56.63999938964844,56.20000076293945,56.61000061035156,16770200
C,2022-03-25,48.56245422363281,56.7400016784668,57.22999954223633,56.439998626708984,56.529998779296875,21206300
C,2022-03-28,47.860633850097656,55.91999816894531,56.279998779296875,54.72999954223633,56.20000076293945,25546300
C,2022-03-29,48.331363677978516,56.470001220703125,57.400001525878906,56.130001068115234,57.279998779296875,21463500
C,2022-03-30,47.04754638671875,54.970001220703125,56.45000076293945,54.54999923706055,56.0099983215332,32222400
C,2022-03-31,45.70381546020508,53.400001525878906,54.86000061035156,53.36000061035156,54.5099983215332,29202400
C,2022-04-01,44.78802490234375,52.33000183105469,53.7400016784668,51.77000045776367,53.470001220703125,40073100
C,2022-04-04,45.190303802490234,52.79999923706055,53.0,51.65999984741211,52.25,29296200
C,2022-04-05,44.146121978759766,51.58000183105469,52.47999954223633,51.41999816894531,52.060001373291016,23065500
C,2022-04-06,43.247459411621094,50.529998779296875,51.09000015258789,50.400001525878906,51.0099983215332,25196600
C,2022-04-07,42.81951904296875,50.029998779296875,50.61000061035156,49.040000915527344,50.560001373291016,28689900
C,2022-04-08,43.54701232910156,50.880001068115234,51.29999923706055,49.83000183105469,49.84000015258789,26853300
C,2022-04-11,43.26457214355469,50.54999923706055,52.25,50.380001068115234,50.790000915527344,20895700
C,2022-04-12,43.084835052490234,50.34000015258789,51.119998931884766,50.04999923706055,50.599998474121094,18755500
C,2022-04-13,42.92222595214844,50.150001525878906,50.18000030517578,49.20000076293945,49.279998779296875,21194200
C,2022-04-14,43.58980941772461,50.93000030517578,51.900001525878906,50.279998779296875,50.65999984741211,34043100
C,2022-04-18,44.77091979980469,52.310001373291016,53.209999084472656,50.779998779296875,50.84000015258789,28396300
C,2022-04-19,45.292999267578125,52.91999816894531,53.18000030517578,52.5,52.72999954223633,19996800
C,2022-04-20,45.447052001953125,53.099998474121094,53.97999954223633,52.88999938964844,53.400001525878906,20532800
C,2022-04-21,45.044803619384766,52.630001068115234,53.77000045776367,52.52000045776367,53.540000915527344,15952900
C,2022-04-22,43.846561431884766,51.22999954223633,52.599998474121094,51.16999816894531,52.439998626708984,23073900
C,2022-04-25,43.760982513427734,51.130001068115234,51.2400016784668,49.68000030517578,50.779998779296875,22079300
C,2022-04-26,42.99069595336914,50.22999954223633,51.599998474121094,50.220001220703125,50.529998779296875,18335800
C,2022-04-27,42.451480865478516,49.599998474121094,50.619998931884766,49.540000915527344,49.7599983215332,24707500
C,2022-04-28,42.81096649169922,50.02000045776367,50.029998779296875,49.0099983215332,49.90999984741211,20112100
C,2022-04-29,41.68685531616211,48.209999084472656,49.90999984741211,48.04999923706055,49.65999984741211,21844900
C,2022-05-02,42.119205474853516,48.709999084472656,48.86000061035156,47.779998779296875,48.459999084472656,25904000
C,2022-05-03,43.321128845214844,50.099998474121094,50.810001373291016,49.08000183105469,49.33000183105469,25374500
C,2022-05-04,45.16291427612305,52.22999954223633,52.400001525878906,50.040000915527344,50.16999816894531,26643600
C,2022-05-05,44.367408752441406,51.310001373291016,52.130001068115234,50.689998626708984,51.439998626708984,25756000
C,2022-05-06,44.63546371459961,51.619998931884766,52.0,50.58000183105469,51.2400016784668,25912900
C,2022-05-09,43.1395378112793,49.88999938964844,51.220001220703125,49.59000015258789,50.9900016784668,28888400
C,2022-05-10,42.15379333496094,48.75,50.689998626708984,47.65999984741211,50.540000915527344,31054700
C,2022-05-11,41.211280822753906,47.65999984741211,49.939998626708984,47.560001373291016,48.95000076293945,30179000
C,2022-05-12,40.26011276245117,46.560001373291016,47.400001525878906,45.400001525878906,47.2599983215332,36301500
C,2022-05-13,41.19398498535156,47.63999938964844,47.849998474121094,46.810001373291016,46.810001373291016,21739400
C,2022-05-16,41.038326263427734,47.459999084472656,48.06999969482422,47.0,47.59000015258789,16919100
C,2022-05-17,44.142578125,51.04999923706055,51.61000061035156,49.70000076293945,49.84000015258789,46643400
C,2022-05-18,42.646663665771484,49.31999969482422,51.060001373291016,49.0099983215332,50.72999954223633,32181600
C,2022-05-19,43.0444221496582,49.779998779296875,50.29999923706055,48.59000015258789,48.65999984741211,27279400
C,2022-05-20,43.01848602294922,49.75,50.72999954223633,48.5099983215332,50.2599983215332,29025500
C,2022-05-23,45.62985610961914,52.77000045776367,53.599998474121094,51.150001525878906,51.349998474121094,35166800
C,2022-05-24,45.552040100097656,52.68000030517578,53.0099983215332,51.4900016784668,52.470001220703125,24344800
C,2022-05-25,45.569332122802734,52.70000076293945,53.119998931884766,52.02000045776367,52.560001373291016,23507900
C,2022-05-26,46.77125549316406,54.09000015258789,54.25,53.16999816894531,53.459999084472656,19140700
C,2022-05-27,46.364845275878906,53.619998931884766,54.0,53.040000915527344,54.0,19509300
C,2022-05-31,46.18326187133789,53.40999984741211,53.86000061035156,52.439998626708984,53.029998779296875,25805400
C,2022-06-01,45.3012809753418,52.38999938964844,53.7400016784668,51.72999954223633,53.5,23902000
C,2022-06-02,45.33584976196289,52.43000030517578,52.5,51.599998474121094,52.400001525878906,17473600
C,2022-06-03,44.384700775146484,51.33000183105469,52.33000183105469,51.220001220703125,52.06999969482422,16550000
C,2022-06-06,44.44522476196289,51.400001525878906,52.56999969482422,51.369998931884766,51.79999923706055,18473200
C,2022-06-07,45.05051040649414,52.099998474121094,52.22999954223633,50.83000183105469,51.029998779296875,15528800
C,2022-06-08,44.45387268066406,51.40999984741211,52.11000061035156,51.060001373291016,51.70000076293945,13207700
C,2022-06-09,43.208717346191406,49.970001220703125,51.599998474121094,49.959999084472656,51.540000915527344,14272900
C,2022-06-10,41.25450897216797,47.709999084472656,49.150001525878906,47.369998931884766,48.720001220703125,28910800
C,2022-06-13,39.507835388183594,45.689998626708984,47.0099983215332,45.400001525878906,46.65999984741211,30308400
C,2022-06-14,39.741294860839844,45.959999084472656,46.72999954223633,45.54999923706055,46.189998626708984,25223600
C,2022-06-15,41.1421012878418,47.58000183105469,48.18000030517578,46.45000076293945,46.470001220703125,30001500
C,2022-06-16,40.54546356201172,46.88999938964844,47.189998626708984,45.959999084472656,46.79999923706055,24744900
C,2022-06-17,40.225521087646484,46.52000045776367,47.290000915527344,45.9900016784668,47.119998931884766,35111400
C,2022-06-21,41.470680236816406,47.959999084472656,48.34000015258789,47.52000045776367,47.959999084472656,20289700
C,2022-06-22,40.813507080078125,47.20000076293945,47.9900016784668,46.939998626708984,47.33000183105469,19752800
C,2022-06-23,40.07852554321289,46.349998474121094,46.90999984741211,45.59000015258789,46.869998931884766,24137200
C,2022-06-24,41.384212493896484,47.86000061035156,48.2599983215332,45.529998779296875,45.560001373291016,27322600
C,2022-06-27,41.3582763671875,47.83000183105469,48.400001525878906,47.25,48.060001373291016,21198200
C,2022-06-28,40.82216262817383,47.209999084472656,49.11000061035156,46.939998626708984,48.400001525878906,21643600
C,2022-06-29,40.72705078125,47.099998474121094,47.79999923706055,46.630001068115234,47.2599983215332,20981000
C,2022-06-30,39.767242431640625,45.9900016784668,46.709999084472656,45.2599983215332,46.220001220703125,21207900
C,2022-07-01,40.528167724609375,46.869998931884766,47.040000915527344,45.34000015258789,45.7400016784668,16539600
C,2022-07-05,40.3033447265625,46.61000061035156,46.650001525878906,44.93000030517578,45.689998626708984,19156800
C,2022-07-06,39.90559387207031,46.150001525878906,46.68000030517578,45.459999084472656,46.29999923706055,14952800
C,2022-07-07,40.58005142211914,46.93000030517578,47.29999923706055,46.61000061035156,46.90999984741211,15598900
C,2022-07-08,40.48493194580078,46.81999969482422,47.560001373291016,46.58000183105469,47.2599983215332,11789900
C,2022-07-11,39.94017028808594,46.189998626708984,46.79999923706055,46.09000015258789,46.41999816894531,12778200
C,2022-07-12,39.8882942199707,46.130001068115234,46.93000030517578,45.5,45.58000183105469,16966700
C,2022-07-13,39.34352493286133,45.5,45.779998779296875,44.65999984741211,45.70000076293945,21793600
C,2022-07-14,38.16754913330078,44.13999938964844,44.47999954223633,43.439998626708984,44.47999954223633,27337600
C,2022-07-15,43.21736526489258,49.97999954223633,50.619998931884766,46.189998626708984,47.0,86566200
C,2022-07-18,43.29519271850586,50.06999969482422,51.5,49.72999954223633,50.65999984741211,26042500
C,2022-07-19,45.076454162597656,52.130001068115234,52.40999984741211,50.83000183105469,50.880001068115234,28113600
C,2022-07-20,45.3531494140625,52.45000076293945,52.45000076293945,51.45000076293945,51.5,24546500
C,2022-07-21,45.474220275878906,52.59000015258789,52.630001068115234,51.790000915527344,52.11000061035156,18261900
C,2022-07-22,44.88622283935547,51.90999984741211,53.02000045776367,51.4900016784668,52.52000045776367,14903400
C,2022-07-25,45.102394104003906,52.15999984741211,53.150001525878906,52.06999969482422,52.43000030517578,16794700
C,2022-07-26,44.44522476196289,51.400001525878906,52.79999923706055,51.2400016784668,51.77000045776367,18960800
C,2022-07-27,45.26668167114258,52.349998474121094,52.709999084472656,51.31999969482422,51.70000076293945,17087300
C,2022-07-28,45.16291427612305,52.22999954223633,52.720001220703125,51.310001373291016,52.09000015258789,12729200
C,2022-07-29,45.320106506347656,51.900001525878906,52.25,51.5,51.720001220703125,16783500
C,2022-08-01,45.337562561035156,51.91999816894531,52.209999084472656,51.13999938964844,51.4900016784668,13051800
C,2022-08-02,44.31590270996094,50.75,52.099998474121094,50.72999954223633,51.7599983215332,17378500
C,2022-08-03,45.06686782836914,51.61000061035156,51.779998779296875,50.83000183105469,51.2400016784668,13570600
C,2022-08-04,44.76123809814453,51.2599983215332,51.75,51.06999969482422,51.560001373291016,10152200
C,2022-08-05,45.110530853271484,51.65999984741211,52.34000015258789,50.90999984741211,51.119998931884766,13868800
C,2022-08-08,44.94462203979492,51.470001220703125,52.15999984741211,51.40999984741211,51.970001220703125,11594400
C,2022-08-09,45.48601531982422,52.09000015258789,52.11000061035156,51.41999816894531,51.63999938964844,9739300
C,2022-08-10,46.44655227661133,53.189998626708984,54.400001525878906,52.7400016784668,52.810001373291016,32416200
C,2022-08-11,47.153865814208984,54.0,54.470001220703125,53.75,53.900001525878906,13450300
C,2022-08-12,47.485679626464844,54.380001068115234,54.400001525878906,53.630001068115234,54.18000030517578,15493600
C,2022-08-15,47.21498107910156,54.06999969482422,54.189998626708984,53.470001220703125,53.75,11595200
C,2022-08-16,47.311038970947266,54.18000030517578,54.560001373291016,53.7400016784668,53.810001373291016,14708000
C,2022-08-17,46.94429016113281,53.7599983215332,54.02000045776367,53.29999923706055,53.41999816894531,13370800
C,2022-08-18,46.76091003417969,53.54999923706055,53.720001220703125,53.040000915527344,53.599998474121094,10573300
C,2022-08-19,45.94009017944336,52.61000061035156,53.40999984741211,52.369998931884766,53.150001525878906,14798800
C,2022-08-22,44.75251007080078,51.25,51.77000045776367,50.9900016784668,51.560001373291016,16749600
C,2022-08-23,44.490535736083984,50.95000076293945,51.68000030517578,50.86000061035156,51.2599983215332,11126100
C,2022-08-24,44.542938232421875,51.0099983215332,51.290000915527344,50.630001068115234,50.93000030517578,11159300
C,2022-08-25,45.45981216430664,52.060001373291016,52.25,51.06999969482422,51.209999084472656,12569000
C,2022-08-26,43.468875885009766,49.779998779296875,52.34000015258789,49.75,52.279998779296875,20049700
C,2022-08-29,43.11085510253906,49.369998931884766,49.720001220703125,49.029998779296875,49.66999816894531,15103100
C,2022-08-30,42.85762405395508,49.08000183105469,49.84000015258789,48.70000076293945,49.84000015258789,16735500
C,2022-08-31,42.621856689453125,48.810001373291016,49.54999923706055,48.66999816894531,49.279998779296875,16582100
C,2022-09-01,42.56946563720703,48.75,48.77000045776367,47.810001373291016,48.77000045776367,14470900
C,2022-09-02,42.64805221557617,48.84000015258789,50.150001525878906,48.619998931884766,49.310001373291016,15568100
C,2022-09-06,42.10663986206055,48.220001220703125,49.099998474121094,47.619998931884766,48.970001220703125,15544500
C,2022-09-07,42.46467208862305,48.630001068115234,48.7400016784668,47.599998474121094,47.7400016784668,15413900
C,2022-09-08,43.573673248291016,49.900001525878906,49.95000076293945,48.119998931884766,48.400001525878906,18088800
C,2022-09-09,44.24604034423828,50.66999816894531,51.0099983215332,50.25,50.310001373291016,18711800
C,2022-09-12,44.42068862915039,50.869998931884766,51.63999938964844,50.70000076293945,51.2599983215332,13506500
C,2022-09-13,42.78776931762695,49.0,50.20000076293945,48.56999969482422,49.900001525878906,22148200
C,2022-09-14,42.29003143310547,48.43000030517578,49.5099983215332,47.70000076293945,49.130001068115234,25701700
C,2022-09-15,42.298763275146484,48.439998626708984,49.25,48.279998779296875,48.36000061035156,16556900
C,2022-09-16,42.010597229003906,48.11000061035156,48.2400016784668,47.470001220703125,47.9900016784668,19995600
C,2022-09-19,42.12411117553711,48.2400016784668,48.47999954223633,47.439998626708984,47.4900016784668,14716100
C,2022-09-20,41.2596321105957,47.25,47.970001220703125,46.86000061035156,47.81999969482422,16650200
C,2022-09-21,40.45626449584961,46.33000183105469,47.72999954223633,46.310001373291016,47.25,18641800
C,2022-09-22,39.801353454589844,45.58000183105469,46.869998931884766,45.4900016784668,46.61000061035156,18443100
C,2022-09-23,38.64870071411133,44.2599983215332,45.11000061035156,43.29999923706055,44.97999954223633,30918000
C,2022-09-26,37.53971481323242,42.9900016784668,44.18000030517578,42.58000183105469,43.689998626708984,23684400
C,2022-09-27,37.190425872802734,42.59000015258789,43.38999938964844,42.08000183105469,43.22999954223633,21255500
C,2022-09-28,37.89773941040039,43.400001525878906,43.619998931884766,42.45000076293945,42.59000015258789,19818100
C,2022-09-29,37.015777587890625,42.38999938964844,43.08000183105469,42.0099983215332,42.900001525878906,20982200
C,2022-09-30,36.38706970214844,41.66999816894531,42.970001220703125,41.61000061035156,42.38999938964844,22266400
C,2022-10-03,37.16423416137695,42.560001373291016,42.91999816894531,41.060001373291016,41.54999923706055,22001000
C,2022-10-04,38.77968978881836,44.40999984741211,44.75,43.470001220703125,43.56999969482422,20660000
C,2022-10-05,38.281944274902344,43.84000015258789,44.0,43.11000061035156,43.7599983215332,15458500
C,2022-10-06,37.60084533691406,43.060001373291016,43.79999923706055,42.790000915527344,43.41999816894531,17738400
C,2022-10-07,36.84113693237305,42.189998626708984,42.790000915527344,41.939998626708984,42.70000076293945,18101300
C,2022-10-10,36.32593536376953,41.599998474121094,42.61000061035156,41.529998779296875,42.4900016784668,13768800
C,2022-10-11,35.32173156738281,40.45000076293945,41.560001373291016,40.41999816894531,41.27000045776367,20176100
C,2022-10-12,35.66229248046875,40.84000015258789,41.36000061035156,40.04999923706055,40.38999938964844,20862200
C,2022-10-13,37.504791259765625,42.95000076293945,43.18000030517578,40.0099983215332,40.20000076293945,27964900
C,2022-10-14,37.74928665161133,43.22999954223633,44.41999816894531,42.79999923706055,43.09000015258789,28885100
C,2022-10-17,38.06364440917969,43.59000015258789,44.43000030517578,43.189998626708984,44.310001373291016,20835400
C,2022-10-18,38.55265808105469,44.150001525878906,44.95000076293945,43.650001525878906,44.65999984741211,21302100
C,2022-10-19,37.8453483581543,43.34000015258789,44.099998474121094,42.88999938964844,43.83000183105469,15142800
C,2022-10-20,37.47859191894531,42.91999816894531,43.939998626708984,42.720001220703125,43.38999938964844,15421600
C,2022-10-21,38.64870071411133,44.2599983215332,44.31999969482422,42.68000030517578,42.939998626708984,18783600
C,2022-10-24,38.77968978881836,44.40999984741211,44.66999816894531,43.970001220703125,44.31999969482422,14392300
C,2022-10-25,39.57431411743164,45.31999969482422,45.59000015258789,43.90999984741211,44.04999923706055,20085700
C,2022-10-26,39.65290069580078,45.40999984741211,45.97999954223633,45.220001220703125,45.5,16516200
C,2022-10-27,39.67909622192383,45.439998626708984,46.13999938964844,45.349998474121094,45.869998931884766,15687900
C,2022-10-28,40.28162384033203,46.130001068115234,46.279998779296875,45.029998779296875,45.560001373291016,13457900
C,2022-10-31,40.045860290527344,45.86000061035156,46.220001220703125,45.56999969482422,45.709999084472656,15600400
C,2022-11-01,40.36021423339844,46.220001220703125,46.47999954223633,46.0,46.29999923706055,15505200
C,2022-11-02,39.77516174316406,45.54999923706055,47.0099983215332,45.540000915527344,46.130001068115234,20306800
C,2022-11-03,38.928131103515625,44.58000183105469,45.40999984741211,44.5099983215332,45.15999984741211,16025800
C,2022-11-04,39.86445236206055,45.130001068115234,45.45000076293945,44.27000045776367,44.61000061035156,15204100
C,2022-11-07,40.394447326660156,45.72999954223633,45.86000061035156,45.209999084472656,45.47999954223633,11792300
C,2022-11-08,40.73895263671875,46.119998931884766,46.529998779296875,45.630001068115234,45.79999923706055,16737100
C,2022-11-09,40.0676155090332,45.36000061035156,45.86000061035156,45.150001525878906,45.72999954223633,13299000
C,2022-11-10,42.77059555053711,48.41999816894531,48.7599983215332,46.560001373291016,46.709999084472656,27915500
C,2022-11-11,44.334075927734375,50.189998626708984,50.56999969482422,48.439998626708984,48.5,26009200
C,2022-11-14,43.300594329833984,49.02000045776367,49.97999954223633,49.02000045776367,49.939998626708984,19631600
C,2022-11-15,43.30942916870117,49.029998779296875,50.41999816894531,48.4900016784668,49.83000183105469,19839400
C,2022-11-16,42.726436614990234,48.369998931884766,48.959999084472656,48.13999938964844,48.880001068115234,18052100
C,2022-11-17,42.620426177978516,48.25,48.2599983215332,47.400001525878906,47.68000030517578,11962700
C,2022-11-18,42.982601165771484,48.65999984741211,49.06999969482422,48.15999984741211,48.72999954223633,12884300
C,2022-11-21,43.17693328857422,48.880001068115234,49.040000915527344,48.279998779296875,48.65999984741211,9884100
C,2022-11-22,43.57442092895508,49.33000183105469,49.68000030517578,49.130001068115234,49.13999938964844,13132000
C,2022-11-23,42.611595153808594,48.2400016784668,49.470001220703125,47.849998474121094,49.34000015258789,22863300
C,2022-11-25,42.65576934814453,48.290000915527344,48.529998779296875,48.130001068115234,48.20000076293945,6823600
C,2022-11-28,41.71943664550781,47.22999954223633,48.189998626708984,46.83000183105469,47.90999984741211,18987100
C,2022-11-29,42.019771575927734,47.56999969482422,47.900001525878906,47.209999084472656,47.22999954223633,12224700
C,2022-11-30,42.76176452636719,48.40999984741211,48.43000030517578,46.189998626708984,47.08000183105469,23993100
C,2022-12-01,42.205265045166016,47.779998779296875,48.66999816894531,47.349998474121094,48.279998779296875,19797600
C,2022-12-02,41.728275299072266,47.2400016784668,47.45000076293945,46.810001373291016,47.279998779296875,12745400
C,2022-12-05,40.31495666503906,45.63999938964844,47.119998931884766,45.380001068115234,46.939998626708984,20397500
C,2022-12-06,39.731956481933594,44.97999954223633,45.88999938964844,44.20000076293945,45.650001525878906,22160800
C,2022-12-07,39.4581298828125,44.66999816894531,45.45000076293945,44.310001373291016,44.63999938964844,20233400
C,2022-12-08,39.47579574584961,44.689998626708984,45.369998931884766,44.2599983215332,44.849998474121094,15622200
C,2022-12-09,39.62595748901367,44.86000061035156,45.189998626708984,44.54999923706055,44.599998474121094,14030600
C,2022-12-12,40.42979049682617,45.77000045776367,45.79999923706055,44.36000061035156,44.650001525878906,19045100
C,2022-12-13,41.154109954833984,46.59000015258789,47.849998474121094,46.2400016784668,46.84000015258789,25655400
C,2022-12-14,40.61528396606445,45.97999954223633,47.040000915527344,45.720001220703125,46.5099983215332,16587500
C,2022-12-15,39.41395568847656,44.619998931884766,45.2599983215332,44.130001068115234,45.09000015258789,20201900
C,2022-12-16,39.17546081542969,44.349998474121094,44.65999984741211,43.810001373291016,44.20000076293945,26955400
C,2022-12-19,38.80447006225586,43.93000030517578,44.47999954223633,43.47999954223633,44.36000061035156,18019100
C,2022-12-20,38.69846725463867,43.810001373291016,44.54999923706055,43.79999923706055,44.150001525878906,14412700
C,2022-12-21,39.581790924072266,44.810001373291016,44.88999938964844,44.16999816894531,44.209999084472656,22492300
C,2022-12-22,38.85747146606445,43.9900016784668,44.439998626708984,42.90999984741211,44.439998626708984,24476100
C,2022-12-23,39.09596633911133,44.2599983215332,44.36000061035156,43.880001068115234,44.0,15143800
C,2022-12-27,39.210792541503906,44.38999938964844,44.540000915527344,43.970001220703125,44.279998779296875,14777800
C,2022-12-28,39.41395568847656,44.619998931884766,44.869998931884766,44.189998626708984,44.43000030517578,12882200
C,2022-12-29,39.890953063964844,45.15999984741211,45.2400016784668,44.650001525878906,44.84000015258789,14124100
C,2022-12-30,39.95279312133789,45.22999954223633,45.279998779296875,44.7599983215332,44.93000030517578,11802800
C,2023-01-03,40.43861770629883,45.779998779296875,46.75,45.540000915527344,45.75,19564000
C,2023-01-04,41.48093795776367,46.959999084472656,47.540000915527344,46.34000015258789,46.540000915527344,21507200
C,2023-01-05,41.29544448852539,46.75,46.959999084472656,45.970001220703125,46.70000076293945,12314900
C,2023-01-06,41.790103912353516,47.310001373291016,47.689998626708984,46.61000061035156,47.060001373291016,16736300
C,2023-01-09,41.99327087402344,47.540000915527344,48.31999969482422,47.470001220703125,47.88999938964844,16745500
C,2023-01-10,42.56742477416992,48.189998626708984,48.209999084472656,47.20000076293945,47.560001373291016,12429900
C,2023-01-11,43.026763916015625,48.709999084472656,48.7400016784668,47.86000061035156,48.209999084472656,17143700
C,2023-01-12,43.3624267578125,49.09000015258789,49.47999954223633,48.54999923706055,49.060001373291016,16287800
C,2023-01-13,44.095577239990234,49.91999816894531,50.22999954223633,47.7400016784668,48.5099983215332,28037000
C,2023-01-17,44.44008255004883,50.310001373291016,50.7400016784668,49.7400016784668,49.86000061035156,28193500
C,2023-01-18,43.662750244140625,49.43000030517578,50.47999954223633,49.2400016784668,50.2400016784668,18952000
C,2023-01-19,43.6097526550293,49.369998931884766,49.599998474121094,48.470001220703125,48.650001525878906,14869100
C,2023-01-20,45.129066467285156,51.09000015258789,51.11000061035156,49.2599983215332,49.68000030517578,19957300
C,2023-01-23,45.91523742675781,51.97999954223633,52.290000915527344,50.880001068115234,51.04999923706055,18531200
C,2023-01-24,45.42057418823242,51.41999816894531,51.95000076293945,50.41999816894531,51.41999816894531,13303200
C,2023-01-25,45.84457015991211,51.900001525878906,51.939998626708984,50.849998474121094,50.849998474121094,20719000
C,2023-01-26,46.10072708129883,52.189998626708984,52.2599983215332,51.5099983215332,52.08000183105469,22393300
C,2023-01-27,45.809234619140625,51.86000061035156,52.189998626708984,51.65999984741211,51.959999084472656,18294000
C,2023-01-30,45.712074279785156,51.75,52.040000915527344,51.34000015258789,51.439998626708984,11126200
C,2023-01-31,46.127235412597656,52.220001220703125,52.220001220703125,51.630001068115234,51.86000061035156,34823400
C,2023-02-01,46.06539535522461,52.150001525878906,52.7400016784668,51.40999984741211,51.540000915527344,22111900
C,2023-02-02,46.127235412597656,52.220001220703125,53.22999954223633,51.72999954223633,52.58000183105469,22331700
C,2023-02-03,45.44927978515625,50.95000076293945,51.540000915527344,50.529998779296875,51.02000045776367,20050600
C,2023-02-06,45.36899948120117,50.86000061035156,50.9900016784668,49.90999984741211,50.400001525878906,16152000
C,2023-02-07,45.6098518371582,51.130001068115234,51.7599983215332,50.59000015258789,50.75,14361000
C,2023-02-08,45.627689361572266,51.150001525878906,51.5099983215332,50.599998474121094,50.77000045776367,13242300
C,2023-02-09,44.58401107788086,49.97999954223633,51.459999084472656,49.86000061035156,51.349998474121094,16794900
C,2023-02-10,44.699974060058594,50.11000061035156,50.189998626708984,49.150001525878906,49.81999969482422,16519900
C,2023-02-13,45.4938850402832,51.0,51.08000183105469,49.91999816894531,49.9900016784668,11626900
C,2023-02-14,46.03803634643555,51.61000061035156,51.75,50.4900016784668,50.93000030517578,16283300
C,2023-02-15,46.22536087036133,51.81999969482422,51.880001068115234,50.810001373291016,50.84000015258789,9216600
C,2023-02-16,45.90422058105469,51.459999084472656,51.83000183105469,51.099998474121094,51.349998474121094,9398000
C,2023-02-17,45.86854553222656,51.41999816894531,51.59000015258789,50.91999816894531,51.2599983215332,12297700
C,2023-02-21,44.45912170410156,49.84000015258789,50.90999984741211,49.43000030517578,50.7400016784668,22899200
C,2023-02-22,44.63752746582031,50.040000915527344,50.47999954223633,49.369998931884766,49.88999938964844,14431500
C,2023-02-23,44.940826416015625,50.380001068115234,50.619998931884766,49.70000076293945,50.34000015258789,12550700
C,2023-02-24,44.76241683959961,50.18000030517578,50.34000015258789,49.650001525878906,50.0,14547300
C,2023-02-27,45.0211067199707,50.470001220703125,51.189998626708984,50.38999938964844,50.5,14190200
C,2023-02-28,45.21735382080078,50.689998626708984,50.869998931884766,50.25,50.47999954223633,12932400
C,2023-03-01,45.93990707397461,51.5,51.540000915527344,50.29999923706055,50.459999084472656,15966000
C,2023-03-02,45.85070037841797,51.400001525878906,51.45000076293945,50.459999084472656,51.18000030517578,18104500
C,2023-03-03,46.69813537597656,52.349998474121094,52.38999938964844,51.47999954223633,51.47999954223633,15879900
C,2023-03-06,46.54648971557617,52.18000030517578,52.45000076293945,52.0099983215332,52.36000061035156,12693300
C,2023-03-07,45.56525421142578,51.08000183105469,52.130001068115234,50.72999954223633,51.79999923706055,30953800
C,2023-03-08,45.208438873291016,50.68000030517578,51.27000045776367,50.29999923706055,51.060001373291016,12847700
C,2023-03-09,43.35300064086914,48.599998474121094,50.83000183105469,48.40999984741211,50.58000183105469,29460100
C,2023-03-10,43.121063232421875,48.34000015258789,49.380001068115234,47.130001068115234,48.08000183105469,29770800
C,2023-03-13,39.90974044799805,44.7400016784668,47.2400016784668,44.599998474121094,47.0,50709200
C,2023-03-14,42.282554626464844,47.400001525878906,47.9900016784668,46.560001373291016,47.209999084472656,42165900
C,2023-03-15,39.98109436035156,44.81999969482422,45.5,44.099998474121094,45.439998626708984,41832800
C,2023-03-16,40.694725036621094,45.619998931884766,46.09000015258789,43.70000076293945,44.65999984741211,28877300
C,2023-03-17,39.47263717651367,44.25,44.97999954223633,43.81999969482422,44.97999954223633,37130200
C,2023-03-20,39.32991027832031,44.09000015258789,45.7400016784668,43.90999984741211,44.709999084472656,31899900
C,2023-03-21,40.204105377197266,45.06999969482422,46.02000045776367,44.95000076293945,45.56999969482422,29835600
C,2023-03-22,38.99094009399414,43.709999084472656,45.310001373291016,43.68000030517578,45.18000030517578,21672000
C,2023-03-23,38.759010314941406,43.45000076293945,44.849998474121094,43.11000061035156,44.310001373291016,24112600
C,2023-03-24,38.45572280883789,43.11000061035156,43.119998931884766,42.0099983215332,42.84000015258789,25453900
C,2023-03-27,39.94541549682617,44.779998779296875,45.0,43.880001068115234,44.060001373291016,29335200
C,2023-03-28,40.33790969848633,45.220001220703125,45.22999954223633,44.4900016784668,44.720001220703125,16206000
C,2023-03-29,40.98910903930664,45.95000076293945,46.0099983215332,45.459999084472656,45.59000015258789,15047000
C,2023-03-30,41.09614562988281,46.06999969482422,46.63999938964844,45.7400016784668,46.47999954223633,14226400
C,2023-03-31,41.82761001586914,46.88999938964844,46.970001220703125,46.33000183105469,46.599998474121094,16009200
C,2023-04-03,41.667049407958984,46.709999084472656,47.4900016784668,46.43000030517578,47.13999938964844,16633100
C,2023-04-04,41.11398696899414,46.09000015258789,47.02000045776367,45.650001525878906,46.900001525878906,15542400
C,2023-04-05,40.82853698730469,45.77000045776367,46.189998626708984,45.310001373291016,45.470001220703125,11739100
C,2023-04-06,40.90882110595703,45.86000061035156,46.209999084472656,45.52000045776367,45.79999923706055,11918100
C,2023-04-10,41.49755859375,46.52000045776367,46.7599983215332,45.77000045776367,45.790000915527344,11777100
C,2023-04-11,42.10414123535156,47.20000076293945,47.369998931884766,46.59000015258789,46.66999816894531,14177300
C,2023-04-12,41.854373931884766,46.91999816894531,47.63999938964844,46.52000045776367,47.47999954223633,14330900
C,2023-04-13,42.19334411621094,47.29999923706055,47.59000015258789,46.58000183105469,46.900001525878906,15578900
C,2023-04-14,44.2093505859375,49.560001373291016,49.88999938964844,48.02000045776367,48.16999816894531,33064500
C,2023-04-17,44.325321197509766,49.689998626708984,49.810001373291016,49.09000015258789,49.7599983215332,19590400
C,2023-04-18,44.6732177734375,50.08000183105469,50.29999923706055,49.45000076293945,49.93000030517578,16616200
C,2023-04-19,44.95866012573242,50.400001525878906,50.45000076293945,49.380001068115234,49.72999954223633,14894000
C,2023-04-20,44.06662368774414,49.400001525878906,50.04999923706055,49.099998474121094,49.810001373291016,20410200
C,2023-04-21,43.736576080322266,49.029998779296875,49.220001220703125,48.31999969482422,48.959999084472656,14377300
C,2023-04-24,43.736576080322266,49.029998779296875,49.310001373291016,48.75,49.029998779296875,11208800
C,2023-04-25,42.72857666015625,47.900001525878906,48.650001525878906,47.720001220703125,48.5,15374000
C,2023-04-26,41.80085754394531,46.86000061035156,47.86000061035156,46.38999938964844,47.79999923706055,16984600
C,2023-04-27,41.95249938964844,47.029998779296875,47.349998474121094,46.439998626708984,47.040000915527344,16541400
C,2023-04-28,42.4484977722168,47.06999969482422,47.33000183105469,46.040000915527344,46.189998626708984,15222100
C,2023-05-01,42.61082458496094,47.25,48.380001068115234,47.16999816894531,47.880001068115234,18314800
C,2023-05-02,41.483558654785156,46.0,47.060001373291016,45.560001373291016,46.81999969482422,19450100
C,2023-05-03,41.18595504760742,45.66999816894531,46.599998474121094,45.630001068115234,46.130001068115234,14533500
C,2023-05-04,40.49155807495117,44.900001525878906,45.400001525878906,44.08000183105469,45.040000915527344,20601800
C,2023-05-05,41.77214050292969,46.31999969482422,46.5,45.66999816894531,45.79999923706055,13384500
C,2023-05-08,41.80820846557617,46.36000061035156,47.150001525878906,46.27000045776367,46.880001068115234,8760900
C,2023-05-09,41.95249557495117,46.52000045776367,46.7599983215332,45.790000915527344,45.90999984741211,10188800
C,2023-05-10,41.81721878051758,46.369998931884766,47.189998626708984,45.59000015258789,47.150001525878906,11840000
C,2023-05-11,41.51061248779297,46.029998779296875,46.130001068115234,45.43000030517578,45.7400016784668,11222800
C,2023-05-12,40.987552642822266,45.45000076293945,46.380001068115234,45.06999969482422,46.33000183105469,12812800
C,2023-05-15,41.528648376464844,46.04999923706055,46.310001373291016,45.630001068115234,45.689998626708984,11911300
C,2023-05-16,40.83424758911133,45.279998779296875,46.15999984741211,45.2599983215332,45.93000030517578,9201200
C,2023-05-17,42.457523345947266,47.08000183105469,47.11000061035156,45.779998779296875,45.779998779296875,16359100
C,2023-05-18,41.83526611328125,46.38999938964844,46.97999954223633,45.86000061035156,46.97999954223633,17618000
C,2023-05-19,41.22202682495117,45.709999084472656,46.72999954223633,45.619998931884766,46.459999084472656,15416200
C,2023-05-22,41.29418182373047,45.790000915527344,46.099998474121094,45.45000076293945,45.970001220703125,14471000
C,2023-05-23,41.40239334106445,45.90999984741211,46.81999969482422,45.79999923706055,45.84000015258789,13797100
C,2023-05-24,40.12181854248047,44.4900016784668,45.2400016784668,44.209999084472656,45.15999984741211,23744900
C,2023-05-25,39.88734436035156,44.22999954223633,44.79999923706055,43.880001068115234,44.29999923706055,18109400
C,2023-05-26,40.22101593017578,44.599998474121094,44.650001525878906,43.9900016784668,44.459999084472656,11962600
C,2023-05-30,40.311195373535156,44.70000076293945,44.88999938964844,44.25,44.72999954223633,12431100
C,2023-05-31,39.968505859375,44.31999969482422,44.40999984741211,43.709999084472656,44.20000076293945,18154100
C,2023-06-01,40.43745422363281,44.84000015258789,45.349998474121094,44.310001373291016,44.68000030517578,15757100
C,2023-06-02,41.77214050292969,46.31999969482422,46.68000030517578,45.36000061035156,45.470001220703125,19455600
C,2023-06-05,41.699989318847656,46.2400016784668,46.47999954223633,45.810001373291016,46.36000061035156,11004700
C,2023-06-06,42.58377456665039,47.220001220703125,47.5099983215332,46.150001525878906,46.189998626708984,14189200
C,2023-06-07,43.29621505737305,48.0099983215332,48.18000030517578,47.15999984741211,47.470001220703125,15457400
C,2023-06-08,43.37736892700195,48.099998474121094,48.25,47.529998779296875,47.72999954223633,12058600
C,2023-06-09,43.55773162841797,48.29999923706055,48.56999969482422,47.90999984741211,48.099998474121094,11744000
C,2023-06-12,43.6930046081543,48.45000076293945,48.5,47.970001220703125,48.27000045776367,13801000
C,2023-06-13,43.909446716308594,48.689998626708984,49.41999816894531,48.45000076293945,48.45000076293945,14062700
C,2023-06-14,43.503623962402344,48.2400016784668,49.27000045776367,47.560001373291016,48.83000183105469,22053000
C,2023-06-15,43.79220962524414,48.560001373291016,48.59000015258789,47.58000183105469,48.130001068115234,14926100
C,2023-06-16,43.458534240722656,48.189998626708984,48.84000015258789,48.15999984741211,48.84000015258789,18223000
C,2023-06-20,42.935482025146484,47.61000061035156,47.90999984741211,47.08000183105469,47.90999984741211,12777700
C,2023-06-21,42.7551155090332,47.40999984741211,47.849998474121094,47.22999954223633,47.5,10550700
C,2023-06-22,42.05170440673828,46.630001068115234,47.2599983215332,46.43000030517578,47.220001220703125,11841900
C,2023-06-23,41.5015983581543,46.02000045776367,46.25,45.84000015258789,46.099998474121094,13249100
C,2023-06-26,41.699989318847656,46.2400016784668,46.689998626708984,46.0099983215332,46.119998931884766,13253900
C,2023-06-27,41.84428024291992,46.400001525878906,46.61000061035156,45.900001525878906,46.20000076293945,11863300
C,2023-06-28,41.69097137451172,46.22999954223633,46.38999938964844,45.81999969482422,46.369998931884766,13394900
C,2023-06-29,41.745079040527344,46.290000915527344,46.790000915527344,46.0099983215332,46.16999816894531,18840800
C,2023-06-30,41.51962661743164,46.040000915527344,46.79999923706055,46.029998779296875,46.779998779296875,15228200
C,2023-07-03,42.15090560913086,46.7400016784668,47.290000915527344,46.02000045776367,46.08000183105469,10159900
C,2023-07-05,42.205013275146484,46.79999923706055,47.04999923706055,46.40999984741211,46.709999084472656,11852900
C,2023-07-06,40.9244270324707,45.380001068115234,46.5,45.11000061035156,46.5,17431400
C,2023-07-07,41.24909210205078,45.7400016784668,46.349998474121094,45.209999084472656,45.22999954223633,13160700
C,2023-07-10,41.18595504760742,45.66999816894531,46.38999938964844,45.540000915527344,45.599998474121094,14307600
C,2023-07-11,41.961524963378906,46.529998779296875,46.61000061035156,45.630001068115234,45.79999923706055,14131700
C,2023-07-12,42.72806930541992,47.380001068115234,48.27000045776367,47.220001220703125,47.2599983215332,17960500
C,2023-07-13,42.99861145019531,47.68000030517578,47.849998474121094,47.13999938964844,47.560001373291016,26210700
C,2023-07-14,41.25810623168945,45.75,48.54999923706055,45.689998626708984,48.47999954223633,38634500
C,2023-07-17,41.71802520751953,46.2599983215332,46.619998931884766,45.720001220703125,45.810001373291016,18521400
C,2023-07-18,42.403411865234375,47.02000045776367,47.65999984741211,46.68000030517578,46.75,24678000
C,2023-07-19,42.85431671142578,47.52000045776367,47.84000015258789,46.619998931884766,47.08000183105469,15789100
C,2023-07-20,42.7551155090332,47.40999984741211,47.880001068115234,47.22999954223633,47.38999938964844,17647200
C,2023-07-21,42.43046951293945,47.04999923706055,47.599998474121094,46.81999969482422,47.540000915527344,18251600
C,2023-07-24,42.98057174682617,47.65999984741211,47.84000015258789,46.97999954223633,46.97999954223633,19006200
C,2023-07-25,42.46654510498047,47.09000015258789,47.779998779296875,47.060001373291016,47.4900016784668,14729900
C,2023-07-26,42.827266693115234,47.4900016784668,47.75,47.02000045776367,47.38999938964844,12267900
C,2023-07-27,43.17897415161133,47.880001068115234,49.119998931884766,47.439998626708984,47.599998474121094,25162700
C,2023-07-28,42.7551155090332,47.40999984741211,48.36000061035156,47.09000015258789,48.31999969482422,20871700
C,2023-07-31,42.98057174682617,47.65999984741211,48.04999923706055,47.36000061035156,47.59000015258789,14377200
C,2023-08-01,42.4484977722168,47.06999969482422,47.470001220703125,46.810001373291016,47.33000183105469,15219100
C,2023-08-02,41.763118743896484,46.310001373291016,46.68000030517578,45.95000076293945,46.41999816894531,13101100
C,2023-08-03,41.67293930053711,46.209999084472656,46.470001220703125,45.709999084472656,45.970001220703125,13467100
C,2023-08-04,41.7003059387207,45.709999084472656,46.689998626708984,45.560001373291016,45.72999954223633,18329500
C,2023-08-07,41.80978775024414,45.83000183105469,46.2400016784668,45.630001068115234,45.95000076293945,16972000
C,2023-08-08,41.19855880737305,45.15999984741211,45.22999954223633,44.13999938964844,45.02000045776367,18524500
C,2023-08-09,40.54170608520508,44.439998626708984,45.189998626708984,44.40999984741211,45.02000045776367,13957100
C,2023-08-10,40.45048141479492,44.34000015258789,44.9900016784668,44.25,44.709999084472656,12112300
C,2023-08-11,40.66030502319336,44.56999969482422,44.619998931884766,43.97999954223633,44.040000915527344,11973200
C,2023-08-14,40.231529235839844,44.099998474121094,44.40999984741211,43.97999954223633,44.08000183105469,14280300
C,2023-08-15,39.41960525512695,43.209999084472656,43.650001525878906,43.18000030517578,43.650001525878906,17125100
C,2023-08-16,38.89960861206055,42.63999938964844,43.15999984741211,42.56999969482422,43.02000045776367,13963600
C,2023-08-17,38.73539733886719,42.459999084472656,43.08000183105469,42.09000015258789,42.84000015258789,16123600
C,2023-08-18,38.54381561279297,42.25,42.79999923706055,42.09000015258789,42.150001525878906,12908700
C,2023-08-21,38.379615783691406,42.06999969482422,42.7599983215332,41.66999816894531,42.619998931884766,14486300
C,2023-08-22,37.42171096801758,41.02000045776367,42.380001068115234,40.970001220703125,42.310001373291016,20507900
C,2023-08-23,37.47645950317383,41.08000183105469,41.22999954223633,40.77000045776367,41.060001373291016,16214500
C,2023-08-24,37.47645950317383,41.08000183105469,41.66999816894531,40.720001220703125,41.02000045776367,15579600
C,2023-08-25,37.622413635253906,41.2400016784668,41.65999984741211,40.779998779296875,41.2599983215332,16881900
C,2023-08-28,37.695396423339844,41.31999969482422,41.86000061035156,41.150001525878906,41.47999954223633,14125900
C,2023-08-29,38.06031036376953,41.720001220703125,41.77000045776367,41.2599983215332,41.29999923706055,13199700
C,2023-08-30,37.74100875854492,41.369998931884766,41.84000015258789,41.34000015258789,41.689998626708984,18211400
C,2023-08-31,37.66802978515625,41.290000915527344,41.68000030517578,41.0099983215332,41.5099983215332,17795700
C,2023-09-01,37.941715240478516,41.59000015258789,41.81999969482422,41.380001068115234,41.59000015258789,12413500
C,2023-09-05,37.73189163208008,41.36000061035156,41.93000030517578,41.189998626708984,41.529998779296875,15843400
C,2023-09-06,37.74100875854492,41.369998931884766,41.4900016784668,40.90999984741211,41.02000045776367,13675200
C,2023-09-07,37.15715408325195,40.72999954223633,41.369998931884766,40.70000076293945,41.06999969482422,12406100
C,2023-09-08,37.02943420410156,40.59000015258789,40.689998626708984,40.279998779296875,40.61000061035156,15055400
C,2023-09-11,37.02943420410156,40.59000015258789,41.369998931884766,40.529998779296875,40.810001373291016,11404200
C,2023-09-12,38.02382278442383,41.68000030517578,42.060001373291016,40.560001373291016,40.56999969482422,24774700
C,2023-09-13,38.65328598022461,42.369998931884766,42.900001525878906,41.68000030517578,41.939998626708984,31031900
C,2023-09-14,39.355743408203125,43.13999938964844,43.439998626708984,42.72999954223633,42.790000915527344,19422800
C,2023-09-15,38.96346664428711,42.709999084472656,43.2400016784668,42.65999984741211,42.75,22983200
C,2023-09-18,38.89960861206055,42.63999938964844,42.779998779296875,42.400001525878906,42.599998474121094,10467400
C,2023-09-19,38.936100006103516,42.68000030517578,42.86000061035156,42.470001220703125,42.790000915527344,11031700
C,2023-09-20,38.58942794799805,42.29999923706055,43.130001068115234,42.27000045776367,42.95000076293945,11240700
C,2023-09-21,38.05118942260742,41.709999084472656,42.36000061035156,41.689998626708984,42.060001373291016,12260100
C,2023-09-22,37.330482482910156,40.91999816894531,41.86000061035156,40.86000061035156,41.75,15438200
C,2023-09-25,37.42171096801758,41.02000045776367,41.09000015258789,40.58000183105469,40.75,10866800
C,2023-09-26,36.69188690185547,40.220001220703125,41.040000915527344,40.060001373291016,40.66999816894531,21786500
C,2023-09-27,36.91083908081055,40.459999084472656,40.630001068115234,39.939998626708984,40.290000915527344,15083400
C,2023-09-28,37.58591842651367,41.20000076293945,41.349998474121094,40.40999984741211,40.47999954223633,14409800
C,2023-09-29,37.52206039428711,41.130001068115234,41.88999938964844,40.91999816894531,41.45000076293945,16916100
C,2023-10-02,36.947322845458984,40.5,41.04999923706055,40.290000915527344,40.9900016784668,16178900
C,2023-10-03,36.36347579956055,39.86000061035156,40.540000915527344,39.59000015258789,40.20000076293945,19283400
C,2023-10-04,36.31785583496094,39.810001373291016,39.93000030517578,39.13999938964844,39.689998626708984,23342000
C,2023-10-05,36.3817138671875,39.880001068115234,39.880001068115234,39.189998626708984,39.619998931884766,18734100
C,2023-10-06,37.011192321777344,40.56999969482422,40.849998474121094,39.5099983215332,39.68000030517578,17080000
C,2023-10-09,37.16627502441406,40.7400016784668,41.0099983215332,39.95000076293945,40.18000030517578,14859700
C,2023-10-10,37.80487060546875,41.439998626708984,41.7599983215332,41.13999938964844,41.13999938964844,18902100
C,2023-10-11,37.8869743347168,41.529998779296875,42.0,41.36000061035156,41.63999938964844,12763900
C,2023-10-12,37.8869743347168,41.529998779296875,41.790000915527344,41.119998931884766,41.400001525878906,18112500
C,2023-10-13,37.79574203491211,41.43000030517578,43.31999969482422,41.349998474121094,42.959999084472656,32082900
C,2023-10-16,37.357852935791016,40.95000076293945,42.0,40.529998779296875,41.95000076293945,25044200
C,2023-10-17,37.58591842651367,41.20000076293945,41.66999816894531,40.599998474121094,40.650001525878906,20258100
C,2023-10-18,36.919960021972656,40.470001220703125,40.939998626708984,40.16999816894531,40.939998626708984,23232600
C,2023-10-19,36.545928955078125,40.060001373291016,40.75,40.029998779296875,40.2599983215332,17483300
C,2023-10-20,36.199256896972656,39.68000030517578,40.2400016784668,39.560001373291016,39.970001220703125,21396500
C,2023-10-23,35.478553771972656,38.88999938964844,39.619998931884766,38.790000915527344,39.58000183105469,21333500
C,2023-10-24,35.515045166015625,38.93000030517578,39.29999923706055,38.7400016784668,38.91999816894531,17181000
C,2023-10-25,35.223121643066406,38.61000061035156,38.849998474121094,38.2599983215332,38.70000076293945,15570100
C,2023-10-26,35.88908386230469,39.34000015258789,39.75,38.470001220703125,38.5,25109600
C,2023-10-27,34.88557815551758,38.2400016784668,39.369998931884766,38.16999816894531,39.33000183105469,20654700
C,2023-10-30,35.515045166015625,38.93000030517578,38.970001220703125,38.40999984741211,38.54999923706055,21777500
C,2023-10-31,36.02592086791992,39.4900016784668,39.529998779296875,38.91999816894531,39.040000915527344,16373100
C,2023-11-01,36.126277923583984,39.599998474121094,39.84000015258789,39.279998779296875,39.540000915527344,16011000
C,2023-11-02,37.72276306152344,41.349998474121094,41.369998931884766,39.93000030517578,39.9900016784668,23283600
C,2023-11-03,39.053497314453125,42.2599983215332,42.470001220703125,41.540000915527344,41.560001373291016,20287700
C,2023-11-06,38.85020065307617,42.040000915527344,42.369998931884766,41.7599983215332,42.369998931884766,20843900
C,2023-11-07,38.776268005371094,41.959999084472656,42.15999984741211,41.650001525878906,41.70000076293945,11463200
C,2023-11-08,38.64688491821289,41.81999969482422,42.15999984741211,41.529998779296875,41.849998474121094,14761600
C,2023-11-09,38.35116958618164,41.5,42.279998779296875,41.290000915527344,42.08000183105469,19128400
C,2023-11-10,38.88716506958008,42.08000183105469,42.150001525878906,41.470001220703125,41.70000076293945,11912500
C,2023-11-13,39.46012496948242,42.70000076293945,42.90999984741211,41.93000030517578,41.959999084472656,16332100
C,2023-11-14,40.994171142578125,44.36000061035156,44.77000045776367,43.099998474121094,43.11000061035156,26218500
C,2023-11-15,41.474708557128906,44.880001068115234,45.220001220703125,44.47999954223633,44.47999954223633,18894900
C,2023-11-16,41.2806396484375,44.66999816894531,45.099998474121094,44.31999969482422,44.7599983215332,14744800
C,2023-11-17,41.91828918457031,45.36000061035156,45.38999938964844,44.650001525878906,44.939998626708984,15573100
C,2023-11-20,41.825870513916016,45.2599983215332,45.7400016784668,45.209999084472656,45.279998779296875,19670300
C,2023-11-21,41.66877746582031,45.09000015258789,45.33000183105469,44.70000076293945,45.119998931884766,14466700
C,2023-11-22,41.604087829589844,45.02000045776367,45.31999969482422,44.84000015258789,45.310001373291016,9441200
C,2023-11-24,41.79814910888672,45.22999954223633,45.52000045776367,44.84000015258789,44.88999938964844,5941000
C,2023-11-27,41.65953826904297,45.08000183105469,45.189998626708984,44.86000061035156,44.959999084472656,14679700
C,2023-11-28,41.45623016357422,44.86000061035156,45.040000915527344,44.560001373291016,45.029998779296875,14064700
C,2023-11-29,42.27870178222656,45.75,46.029998779296875,45.15999984741211,45.22999954223633,14027600
C,2023-11-30,42.60213851928711,46.099998474121094,46.16999816894531,45.58000183105469,45.790000915527344,16249000
C,2023-12-01,43.64640426635742,47.22999954223633,47.2599983215332,45.88999938964844,46.0,20053400
C,2023-12-04,43.775779724121094,47.369998931884766,47.47999954223633,46.70000076293945,46.790000915527344,19351000
C,2023-12-05,43.1566162109375,46.70000076293945,47.380001068115234,46.40999984741211,47.0099983215332,14813100
C,2023-12-06,44.228607177734375,47.86000061035156,49.119998931884766,47.779998779296875,47.79999923706055,33903400
C,2023-12-07,44.820037841796875,48.5,48.7599983215332,47.779998779296875,47.939998626708984,14896800
C,2023-12-08,45.18044662475586,48.88999938964844,49.16999816894531,48.41999816894531,48.5099983215332,17591600
C,2023-12-11,44.49660110473633,48.150001525878906,48.95000076293945,48.119998931884766,48.75,17666000
C,2023-12-12,44.413429260253906,48.060001373291016,48.11000061035156,47.709999084472656,48.0099983215332,14735600
C,2023-12-13,45.596317291259766,49.34000015258789,49.529998779296875,47.86000061035156,48.0,22212500
C,2023-12-14,46.428016662597656,50.2400016784668,51.54999923706055,50.0099983215332,50.0099983215332,51664900
C,2023-12-15,46.049129486083984,49.83000183105469,50.099998474121094,49.20000076293945,49.689998626708984,35156100
C,2023-12-18,45.892024993896484,49.65999984741211,50.560001373291016,49.54999923706055,50.15999984741211,17871400
C,2023-12-19,47.06566619873047,50.93000030517578,51.310001373291016,49.16999816894531,49.41999816894531,23161500
C,2023-12-20,46.27091979980469,50.06999969482422,51.09000015258789,49.869998931884766,50.70000076293945,17452100
C,2023-12-21,46.76070785522461,50.599998474121094,50.66999816894531,49.970001220703125,50.40999984741211,13089000
C,2023-12-22,47.0009765625,50.86000061035156,51.2599983215332,50.689998626708984,50.72999954223633,14440600
C,2023-12-26,47.444557189941406,51.34000015258789,51.529998779296875,50.790000915527344,50.880001068115234,11501500
C,2023-12-27,47.555450439453125,51.459999084472656,51.58000183105469,50.93000030517578,51.13999938964844,9901300
C,2023-12-28,47.610897064208984,51.52000045776367,51.79999923706055,51.400001525878906,51.400001525878906,10218500
C,2023-12-29,47.53696823120117,51.439998626708984,51.61000061035156,51.220001220703125,51.560001373291016,13149400
C,2024-01-02,49.01557159423828,53.040000915527344,53.150001525878906,51.189998626708984,51.29999923706055,24784900
C,2024-01-03,49.570045471191406,53.63999938964844,54.369998931884766,52.22999954223633,53.25,30897600
C,2024-01-04,49.69017791748047,53.77000045776367,54.75,53.65999984741211,53.91999816894531,23714300
C,2024-01-05,50.20769500732422,54.33000183105469,54.66999816894531,53.88999938964844,54.029998779296875,17782200
C,2024-01-08,49.91196823120117,54.0099983215332,54.09000015258789,53.02000045776367,53.9900016784668,17359500
C,2024-01-09,49.42218017578125,53.47999954223633,53.90999984741211,53.27000045776367,53.849998474121094,17237400
C,2024-01-10,48.997093200683594,53.02000045776367,53.220001220703125,52.61000061035156,53.04999923706055,16532700
C,2024-01-11,48.128414154052734,52.08000183105469,52.13999938964844,51.2599983215332,51.84000015258789,25444400
C,2024-01-12,48.627437591552734,52.619998931884766,53.849998474121094,51.27000045776367,52.29999923706055,37908000
C,2024-01-16,47.93434143066406,51.869998931884766,52.220001220703125,50.869998931884766,51.779998779296875,21209400
C,2024-01-17,47.46303176879883,51.36000061035156,51.689998626708984,51.0,51.11000061035156,17393500
C,2024-01-18,47.23200988769531,51.11000061035156,51.58000183105469,50.5099983215332,51.45000076293945,15788100
C,2024-01-19,47.610897064208984,51.52000045776367,51.68000030517578,50.619998931884766,51.119998931884766,18211000
C,2024-01-22,48.830745697021484,52.84000015258789,53.099998474121094,51.95000076293945,51.9900016784668,21573200
C,2024-01-23,49.25584030151367,53.29999923706055,53.40999984741211,52.59000015258789,52.90999984741211,12962500
C,2024-01-24,49.218875885009766,53.2599983215332,53.650001525878906,52.9900016784668,53.540000915527344,14402200
C,2024-01-25,49.65321731567383,53.72999954223633,53.77000045776367,53.040000915527344,53.400001525878906,15634000
C,2024-01-26,49.59775924682617,53.66999816894531,53.9900016784668,53.61000061035156,53.86000061035156,14041200
C,2024-01-29,50.00437545776367,54.11000061035156,54.22999954223633,53.439998626708984,53.470001220703125,12158300
C,2024-01-30,52.758270263671875,57.09000015258789,57.20000076293945,55.0099983215332,55.040000915527344,40086100
C,2024-01-31,51.90807342529297,56.16999816894531,57.95000076293945,56.13999938964844,56.7400016784668,28967800
C,2024-02-01,51.806427001953125,56.060001373291016,56.59000015258789,54.849998474121094,56.02000045776367,21178700
C,2024-02-02,51.81575393676758,55.540000915527344,55.97999954223633,54.9900016784668,55.599998474121094,19283100
C,2024-02-05,50.84548568725586,54.5,55.13999938964844,54.11000061035156,54.939998626708984,14040600
C,2024-02-06,50.705543518066406,54.349998474121094,54.970001220703125,54.11000061035156,54.380001068115234,14832700
C,2024-02-07,50.8828125,54.540000915527344,54.70000076293945,53.77000045776367,54.5,13383300
C,2024-02-08,50.64957046508789,54.290000915527344,54.4900016784668,53.59000015258789,54.18000030517578,15822200
C,2024-02-09,50.369686126708984,53.9900016784668,54.439998626708984,53.529998779296875,54.290000915527344,13843300
C,2024-02-12,50.30438232421875,53.91999816894531,54.540000915527344,53.0,53.56999969482422,17162300
C,2024-02-13,49.222164154052734,52.7599983215332,53.459999084472656,52.2400016784668,53.290000915527344,17672100
C,2024-02-14,50.36035919189453,53.97999954223633,54.099998474121094,53.59000015258789,53.63999938964844,14891900
C,2024-02-15,51.507877349853516,55.209999084472656,55.47999954223633,54.13999938964844,54.220001220703125,16865000
C,2024-02-16,51.172019958496094,54.849998474121094,55.20000076293945,54.54999923706055,54.959999084472656,11527500
C,2024-02-20,51.703800201416016,55.41999816894531,55.65999984741211,54.36000061035156,54.58000183105469,16537900
C,2024-02-21,51.619834899902344,55.33000183105469,55.459999084472656,54.97999954223633,55.2599983215332,9317200
C,2024-02-22,52.15161895751953,55.900001525878906,56.470001220703125,55.40999984741211,55.439998626708984,12904800
C,2024-02-23,52.17959976196289,55.93000030517578,56.34000015258789,55.75,55.9900016784668,11668900
C,2024-02-26,51.647823333740234,55.36000061035156,56.5099983215332,55.34000015258789,55.959999084472656,12307100
C,2024-02-27,51.9743537902832,55.709999084472656,55.91999816894531,55.220001220703125,55.68000030517578,11039300
C,2024-02-28,51.358612060546875,55.04999923706055,56.18000030517578,54.9900016784668,55.52000045776367,13448100
C,2024-02-29,51.76911163330078,55.4900016784668,55.650001525878906,54.63999938964844,55.5,23744600
C,2024-03-01,51.871726989746094,55.599998474121094,55.95000076293945,55.06999969482422,55.47999954223633,12922400
C,2024-03-04,52.375518798828125,56.13999938964844,56.56999969482422,55.290000915527344,55.40999984741211,14314700
C,2024-03-05,52.48747634887695,56.2599983215332,57.560001373291016,55.75,55.75,19653900
C,2024-03-06,53.44841003417969,57.290000915527344,57.54999923706055,56.0099983215332,57.06999969482422,17845000
C,2024-03-07,53.849571228027344,57.720001220703125,58.119998931884766,57.029998779296875,57.540000915527344,14720300
C,2024-03-08,53.65365219116211,57.5099983215332,58.38999938964844,57.2599983215332,58.040000915527344,13028000
C,2024-03-11,53.560359954833984,57.40999984741211,57.540000915527344,56.630001068115234,57.150001525878906,9176900
C,2024-03-12,53.59768295288086,57.45000076293945,57.93000030517578,57.08000183105469,57.5099983215332,10954000
C,2024-03-13,53.88688659667969,57.7599983215332,58.369998931884766,57.459999084472656,57.5,12982800
C,2024-03-14,53.26181411743164,57.09000015258789,58.66999816894531,56.63999938964844,58.33000183105469,18833600
C,2024-03-15,53.746952056884766,57.61000061035156,57.75,56.45000076293945,56.45000076293945,26164300
C,2024-03-18,54.698551177978516,58.630001068115234,58.65999984741211,57.560001373291016,57.849998474121094,13994600
C,2024-03-19,54.91313171386719,58.86000061035156,59.31999969482422,58.540000915527344,58.59000015258789,13455300
C,2024-03-20,56.09796142578125,60.130001068115234,60.34000015258789,58.459999084472656,58.4900016784668,20269900
C,2024-03-21,57.21750259399414,61.33000183105469,61.54999923706055,60.310001373291016,60.310001373291016,17892100
C,2024-03-22,56.74169921875,60.81999969482422,61.66999816894531,60.58000183105469,61.040000915527344,16206800
C,2024-03-25,56.86298751831055,60.95000076293945,61.52000045776367,60.58000183105469,60.88999938964844,12040300
C,2024-03-26,57.5253791809082,61.65999984741211,61.95000076293945,61.0,61.150001525878906,17947400
C,2024-03-27,58.54228591918945,62.75,62.7599983215332,61.720001220703125,62.029998779296875,16684400
C,2024-03-28,58.999427795410156,63.2400016784668,63.369998931884766,62.58000183105469,62.72999954223633,19012000
C,2024-04-01,59.204673767089844,63.459999084472656,63.900001525878906,63.02000045776367,63.599998474121094,14223900
C,2024-04-02,58.626243591308594,62.84000015258789,63.59000015258789,62.650001525878906,62.650001525878906,16062000
C,2024-04-03,57.55336380004883,61.689998626708984,63.38999938964844,61.52000045776367,62.86000061035156,18079900
C,2024-04-04,56.82566452026367,60.90999984741211,62.7400016784668,60.75,62.150001525878906,13401100
C,2024-04-05,57.469398498535156,61.599998474121094,62.040000915527344,60.41999816894531,60.81999969482422,12686300
C,2024-04-08,57.590675354003906,61.72999954223633,62.31999969482422,61.65999984741211,61.66999816894531,10708300
C,2024-04-09,57.5253791809082,61.65999984741211,62.09000015258789,60.90999984741211,61.75,10301200
C,2024-04-10,56.14461898803711,60.18000030517578,61.310001373291016,59.970001220703125,60.52000045776367,18088000
C,2024-04-11,56.639076232910156,60.709999084472656,60.88999938964844,59.5,60.349998474121094,18181900
C,2024-04-12,55.67814636230469,59.68000030517578,62.599998474121094,58.75,62.290000915527344,28561900
C,2024-04-15,54.63325119018555,58.560001373291016,60.90999984741211,58.189998626708984,60.18000030517578,19242300
C,2024-04-16,53.19651412963867,57.02000045776367,58.54999923706055,56.7400016784668,58.18000030517578,23211400
C,2024-04-17,54.26939392089844,58.16999816894531,58.88999938964844,57.36000061035156,57.4900016784668,15971600
C,2024-04-18,54.409339904785156,58.31999969482422,58.970001220703125,57.93000030517578,58.4900016784668,12272500
C,2024-04-19,55.17435073852539,59.13999938964844,59.439998626708984,58.22999954223633,58.22999954223633,13410100
C,2024-04-22,56.86298751831055,60.95000076293945,61.060001373291016,59.20000076293945,59.439998626708984,14513100
C,2024-04-23,58.467647552490234,62.66999816894531,62.77000045776367,61.02000045776367,61.08000183105469,17427800
C,2024-04-24,58.28105926513672,62.470001220703125,62.72999954223633,61.84000015258789,62.130001068115234,10123000
C,2024-04-25,57.64665222167969,61.790000915527344,62.43000030517578,61.099998474121094,61.84000015258789,13339100
C,2024-04-26,58.458316802978516,62.65999984741211,63.22999954223633,61.5099983215332,61.5099983215332,16364100
C,2024-04-29,58.08513641357422,62.2599983215332,63.36000061035156,61.959999084472656,62.7400016784668,10857100
C,2024-04-30,57.21750259399414,61.33000183105469,62.34000015258789,61.290000915527344,61.90999984741211,11163400
C,2024-05-01,57.23615264892578,61.349998474121094,62.27000045776367,60.880001068115234,61.47999954223633,14086600
C,2024-05-02,57.413421630859375,61.540000915527344,62.189998626708984,60.97999954223633,62.189998626708984,11292500
C,2024-05-03,57.89336013793945,61.52000045776367,62.150001525878906,61.40999984741211,61.5099983215332,11048900
C,2024-05-06,59.1073112487793,62.810001373291016,62.939998626708984,61.720001220703125,62.060001373291016,13386700
C,2024-05-07,58.34505844116211,62.0,63.15999984741211,61.970001220703125,62.81999969482422,10158200
C,2024-05-08,59.050846099853516,62.75,62.95000076293945,61.5099983215332,61.63999938964844,9755200
C,2024-05-09,59.58724594116211,63.31999969482422,63.43000030517578,62.290000915527344,62.380001068115234,11563000
C,2024-05-10,59.78486251831055,63.529998779296875,63.91999816894531,63.119998931884766,63.58000183105469,9548700
C,2024-05-13,59.662532806396484,63.400001525878906,63.95000076293945,63.369998931884766,63.619998931884766,6617900
C,2024-05-14,59.84132385253906,63.59000015258789,63.970001220703125,63.22999954223633,63.5099983215332,8322500
C,2024-05-15,60.453006744384766,64.23999786376953,64.38999938964844,63.599998474121094,63.630001068115234,9461300
C,2024-05-16,60.35890579223633,64.13999938964844,64.47000122070312,63.43000030517578,64.0999984741211,11682200
C,2024-05-17,60.29302978515625,64.06999969482422,64.55000305175781,63.900001525878906,64.37999725341797,8418400
C,2024-05-20,59.43667984008789,63.15999984741211,64.25,62.91999816894531,64.06999969482422,11792100
C,2024-05-21,60.92353439331055,64.73999786376953,64.87999725341797,63.20000076293945,63.2599983215332,11197200
C,2024-05-22,60.057769775390625,63.81999969482422,64.9800033569336,63.63999938964844,64.29000091552734,8855300
C,2024-05-23,59.30492401123047,63.02000045776367,64.02999877929688,62.5,63.79999923706055,11535000
C,2024-05-24,59.83191680908203,63.58000183105469,63.970001220703125,63.27000045776367,63.33000183105469,9424600
C,2024-05-28,58.768531799316406,62.45000076293945,63.56999969482422,62.349998474121094,63.22999954223633,8404400
C,2024-05-29,58.35447311401367,62.0099983215332,62.18000030517578,61.20000076293945,61.560001373291016,7224200
C,2024-05-30,58.2791862487793,61.93000030517578,62.47999954223633,61.61000061035156,62.099998474121094,10061500
C,2024-05-31,58.63678741455078,62.310001373291016,62.38999938964844,61.439998626708984,62.0,17351600
C,2024-06-03,58.269771575927734,61.91999816894531,63.0,61.31999969482422,62.91999816894531,11373900
C,2024-06-04,57.4322395324707,61.029998779296875,62.029998779296875,60.7599983215332,61.02000045776367,10424200
C,2024-06-05,58.12861633300781,61.77000045776367,61.86000061035156,60.93000030517578,61.279998779296875,8780700
C,2024-06-06,58.288597106933594,61.939998626708984,62.04999923706055,61.25,61.79999923706055,8537900
C,2024-06-07,58.13802719116211,61.779998779296875,62.59000015258789,61.58000183105469,61.599998474121094,8260800
C,2024-06-10,57.808658599853516,61.43000030517578,61.65999984741211,60.7400016784668,61.25,9302300
C,2024-06-11,55.653656005859375,59.13999938964844,60.790000915527344,58.900001525878906,60.77000045776367,16966800
C,2024-06-12,56.47236633300781,60.0099983215332,61.209999084472656,59.900001525878906,60.90999984741211,15398500
C,2024-06-13,56.67939758300781,60.22999954223633,60.369998931884766,59.150001525878906,59.75,9358200
C,2024-06-14,55.832462310791016,59.33000183105469,59.83000183105469,58.65999984741211,59.439998626708984,10511000
C,2024-06-17,56.51942443847656,60.060001373291016,60.529998779296875,58.849998474121094,59.220001220703125,15527500
C,2024-06-18,57.19697952270508,60.779998779296875,61.630001068115234,60.09000015258789,60.369998931884766,15768100
C,2024-06-20,57.04640579223633,60.619998931884766,61.02000045776367,60.349998474121094,60.41999816894531,9519200
C,2024-06-21,56.453548431396484,59.9900016784668,60.2599983215332,59.34000015258789,60.20000076293945,18976200
C,2024-06-24,57.723968505859375,61.34000015258789,61.779998779296875,59.84000015258789,60.099998474121094,13290500
C,2024-06-25,57.9498176574707,61.58000183105469,61.83000183105469,60.86000061035156,61.20000076293945,11643100
C,2024-06-26,57.6392707824707,61.25,61.40999984741211,60.560001373291016,61.22999954223633,12409300
C,2024-06-27,57.92158889770508,61.54999923706055,61.93000030517578,60.959999084472656,61.5,11285100
C,2024-06-28,59.718990325927734,63.459999084472656,63.58000183105469,61.810001373291016,62.029998779296875,20053200
C,2024-07-01,59.690757751464844,63.43000030517578,64.30000305175781,62.9900016784668,63.650001525878906,15334400
C,2024-07-02,60.8670768737793,64.68000030517578,64.70999908447266,63.279998779296875,63.290000915527344,10965600
C,2024-07-03,60.66004180908203,64.45999908447266,65.22000122070312,64.41000366210938,64.68000030517578,6574100
C,2024-07-05,60.2553825378418,64.02999877929688,64.55999755859375,63.75,64.5,7226200
C,2024-07-08,60.92353439331055,64.73999786376953,64.87000274658203,64.22000122070312,64.30000305175781,10349000
C,2024-07-09,62.62683868408203,66.55000305175781,66.76000213623047,64.73999786376953,64.80000305175781,16904300
C,2024-07-10,63.03148651123047,66.9800033569336,66.98999786376953,66.22000122070312,66.26000213623047,9817100
C,2024-07-11,61.83634567260742,65.70999908447266,66.5,65.30999755859375,66.19000244140625,20112300
C,2024-07-12,60.71650314331055,64.5199966430664,66.69000244140625,63.349998474121094,66.61000061035156,30125400
C,2024-07-15,61.299957275390625,65.13999938964844,65.55000305175781,63.880001068115234,64.68000030517578,16656600
C,2024-07-16,63.30438232421875,67.2699966430664,67.5199966430664,64.69999694824219,65.0,21170200
C,2024-07-17,63.62434768676758,67.61000061035156,67.80999755859375,66.62000274658203,66.83999633789062,17215300
C,2024-07-18,61.06468963623047,64.88999938964844,67.75,64.83999633789062,67.55000305175781,15796200
C,2024-07-19,61.299957275390625,65.13999938964844,65.9800033569336,64.55000305175781,64.93000030517578,8583100
C,2024-07-22,60.69768142700195,64.5,65.6500015258789,64.1500015258789,65.13999938964844,9925100
C,2024-07-23,60.8482551574707,64.66000366210938,65.04000091552734,64.27999877929688,64.51000213623047,6961200
C,2024-07-24,59.90719985961914,63.65999984741211,64.66999816894531,63.560001373291016,64.4000015258789,11591100
C,2024-07-25,60.575347900390625,64.37000274658203,65.6500015258789,63.34000015258789,63.810001373291016,12819700
C,2024-07-26,61.33759689331055,65.18000030517578,65.6500015258789,64.44000244140625,64.55000305175781,9661300
C,2024-07-29,60.50947570800781,64.30000305175781,65.33999633789062,64.13999938964844,65.30000305175781,7901900
C,2024-07-30,61.98691940307617,65.87000274658203,66.2300033569336,65.01000213623047,65.01000213623047,13554300
C,2024-07-31,61.05528259277344,64.87999725341797,66.02999877929688,64.83000183105469,65.91000366210938,15046500
C,2024-08-01,59.54960250854492,63.279998779296875,65.22000122070312,61.95000076293945,65.08000183105469,18052700
C,2024-08-02,55.29605484008789,58.7599983215332,60.599998474121094,58.400001525878906,59.66999816894531,30289300
C,2024-08-05,53.405357360839844,56.209999084472656,56.900001525878906,53.5099983215332,54.08000183105469,27977300
C,2024-08-06,53.73788833618164,56.560001373291016,57.65999984741211,56.09000015258789,56.38999938964844,16643100
C,2024-08-07,53.310340881347656,56.11000061035156,58.45000076293945,55.869998931884766,58.16999816894531,19221200
C,2024-08-08,55.10603713989258,58.0,58.36000061035156,56.810001373291016,56.849998474121094,17933300
C,2024-08-09,54.95402145385742,57.84000015258789,58.459999084472656,57.45000076293945,58.029998779296875,11421000
C,2024-08-12,54.95402145385742,57.84000015258789,58.68000030517578,57.72999954223633,58.29999923706055,15123500
C,2024-08-13,55.248558044433594,58.150001525878906,58.290000915527344,57.77000045776367,58.22999954223633,7478500
C,2024-08-14,56.32217025756836,59.279998779296875,59.529998779296875,58.279998779296875,58.369998931884766,12419500
C,2024-08-15,57.500301361083984,60.52000045776367,61.0099983215332,60.099998474121094,60.34000015258789,14159000
C,2024-08-16,58.336395263671875,61.400001525878906,61.52000045776367,60.33000183105469,60.33000183105469,9939700
C,2024-08-19,58.93495178222656,62.029998779296875,62.04999923706055,61.349998474121094,61.5,8882500
C,2024-08-20,58.25088119506836,61.310001373291016,61.70000076293945,61.09000015258789,61.59000015258789,8661300
C,2024-08-21,57.509803771972656,60.529998779296875,61.45000076293945,59.880001068115234,61.400001525878906,14414900
C,2024-08-22,57.4052848815918,60.41999816894531,60.75,60.11000061035156,60.75,7848500
C,2024-08-23,59.03946304321289,62.13999938964844,62.459999084472656,60.7400016784668,60.869998931884766,13299700
C,2024-08-26,58.706932067871094,61.790000915527344,62.599998474121094,61.56999969482422,62.36000061035156,9384200
C,2024-08-27,58.602420806884766,61.68000030517578,62.18000030517578,61.459999084472656,61.90999984741211,7294800
C,2024-08-28,58.50741195678711,61.58000183105469,61.9900016784668,61.150001525878906,61.349998474121094,7692900
C,2024-08-29,58.792442321777344,61.880001068115234,62.220001220703125,61.16999816894531,62.0099983215332,8368000
C,2024-08-30,59.5145149230957,62.63999938964844,62.70000076293945,61.65999984741211,61.95000076293945,10806500
C,2024-09-03,58.393402099609375,61.459999084472656,62.38999938964844,60.970001220703125,62.040000915527344,11055200
C,2024-09-04,57.91835021972656,60.959999084472656,62.06999969482422,60.40999984741211,61.56999969482422,11436800
C,2024-09-05,57.60481643676758,60.630001068115234,61.790000915527344,60.34000015258789,61.61000061035156,10243900
C,2024-09-06,56.14165115356445,59.09000015258789,61.08000183105469,58.79999923706055,60.70000076293945,14094000
C,2024-09-09,56.5692024230957,59.540000915527344,60.66999816894531,58.16999816894531,59.90999984741211,19811700
C,2024-09-10,55.058536529541016,57.95000076293945,59.88999938964844,56.689998626708984,59.88999938964844,22482300
C,2024-09-11,54.44096374511719,57.29999923706055,57.59000015258789,56.18000030517578,57.59000015258789,16569400
C,2024-09-12,54.46946716308594,57.33000183105469,57.86000061035156,56.83000183105469,57.369998931884766,12937800
C,2024-09-13,54.792503356933594,57.66999816894531,58.279998779296875,57.43000030517578,57.709999084472656,10379400
C,2024-09-16,55.47657775878906,58.38999938964844,58.790000915527344,57.93000030517578,57.93000030517578,9912700
C,2024-09-17,56.3316764831543,59.290000915527344,59.40999984741211,58.7599983215332,58.86000061035156,10630400
C,2024-09-18,56.91123580932617,59.900001525878906,60.880001068115234,59.290000915527344,59.75,13638700
C,2024-09-19,59.87556457519531,63.02000045776367,63.16999816894531,60.599998474121094,60.91999816894531,21860600
C,2024-09-20,59.03946304321289,62.13999938964844,62.650001525878906,61.68000030517578,62.52000045776367,18331800
C,2024-09-23,59.457515716552734,62.58000183105469,62.869998931884766,62.16999816894531,62.220001220703125,11508200
C,2024-09-24,58.307891845703125,61.369998931884766,62.900001525878906,61.119998931884766,62.68000030517578,12046200
C,2024-09-25,57.36728286743164,60.380001068115234,61.290000915527344,60.11000061035156,61.119998931884766,12763800
C,2024-09-26,58.630924224853516,61.709999084472656,62.0,60.86000061035156,61.04999923706055,12844500
C,2024-09-27,58.78294372558594,61.869998931884766,62.61000061035156,61.790000915527344,62.0099983215332,8144600
C,2024-09-30,59.47651290893555,62.599998474121094,62.63999938964844,61.2400016784668,61.68000030517578,11316400
C,2024-10-01,58.72593688964844,61.810001373291016,62.349998474121094,61.0099983215332,62.220001220703125,13550100
C,2024-10-02,58.93495178222656,62.029998779296875,62.529998779296875,61.310001373291016,61.70000076293945,7380800
C,2024-10-03,58.25088119506836,61.310001373291016,61.65999984741211,60.93000030517578,61.5,7939800
C,2024-10-04,59.5145149230957,62.63999938964844,62.93000030517578,61.810001373291016,62.470001220703125,10097900
C,2024-10-07,59.47651290893555,62.599998474121094,63.029998779296875,62.06999969482422,62.4900016784668,6954300
C,2024-10-08,60.084590911865234,63.2400016784668,63.36000061035156,62.4900016784668,62.900001525878906,8245700
C,2024-10-09,60.92068099975586,64.12000274658203,64.25,63.040000915527344,63.16999816894531,8636400
C,2024-10-10,60.3126106262207,63.47999954223633,64.11000061035156,63.11000061035156,64.0,8708600
C,2024-10-11,62.4598503112793,65.73999786376953,66.0999984741211,64.0999984741211,64.12000274658203,15512400
C,2024-10-14,62.716373443603516,66.01000213623047,66.43000030517578,65.6500015258789,65.80999755859375,14682900
C,2024-10-15,59.5145149230957,62.63999938964844,67.16000366210938,62.529998779296875,66.75,35348100
C,2024-10-16,61.044189453125,64.25,64.44000244140625,63.400001525878906,63.439998626708984,20208800
C,2024-10-17,60.778160095214844,63.970001220703125,65.16999816894531,63.77000045776367,64.7300033569336,13439600
C,2024-10-18,59.71403884887695,62.849998474121094,64.12000274658203,62.72999954223633,64.12000274658203,13841200
C,2024-10-21,58.74494171142578,61.83000183105469,62.90999984741211,61.72999954223633,62.790000915527344,12188500
C,2024-10-22,60.38861846923828,63.560001373291016,63.689998626708984,61.29999923706055,61.59000015258789,14347300
C,2024-10-23,59.95156478881836,63.099998474121094,63.630001068115234,62.619998931884766,63.18000030517578,8720500
C,2024-10-24,59.85655975341797,63.0,63.29999923706055,62.38999938964844,63.0099983215332,11420300
C,2024-10-25,58.67842102050781,61.7599983215332,63.7400016784668,61.689998626708984,63.650001525878906,9697800
C,2024-10-28,60.958683013916016,64.16000366210938,64.3499984741211,62.220001220703125,62.349998474121094,14637700
C,2024-10-29,61.46223831176758,64.69000244140625,64.93000030517578,63.83000183105469,64.06999969482422,13134100
C,2024-10-30,61.281707763671875,64.5,65.2300033569336,64.13999938964844,64.19999694824219,11717600
C,2024-10-31,60.968177795410156,64.16999816894531,65.0199966430664,64.08999633789062,64.55999755859375,10042800
C,2024-11-01,60.53113555908203,63.709999084472656,64.80999755859375,63.689998626708984,64.33000183105469,11557700
C,2024-11-04,59.76430892944336,62.349998474121094,63.630001068115234,62.22999954223633,62.9900016784668,9419600
C,2024-11-05,61.02956771850586,63.66999816894531,63.7400016784668,62.72999954223633,63.0,12649800
C,2024-11-06,66.16728973388672,69.02999877929688,70.08999633789062,68.29000091552734,68.4000015258789,41957700
C,2024-11-07,65.28545379638672,68.11000061035156,68.94999694824219,67.76000213623047,68.19999694824219,18582000
C,2024-11-08,65.78386688232422,68.62999725341797,69.12999725341797,68.08999633789062,68.72000122070312,14973300
C,2024-11-11,66.90535736083984,69.80000305175781,70.19999694824219,69.19999694824219,69.5,19173100
C,2024-11-12,66.15769958496094,69.0199966430664,69.98999786376953,68.87000274658203,69.52999877929688,15766500
C,2024-11-13,66.03309631347656,68.88999938964844,69.79000091552734,68.80999755859375,69.06999969482422,10525300
C,2024-11-14,65.32377624511719,68.1500015258789,69.30000305175781,67.47000122070312,69.30000305175781,15043500
C,2024-11-15,65.90849304199219,68.76000213623047,68.95999908447266,67.88999938964844,68.0,15372900
C,2024-11-18,66.1385269165039,69.0,69.27999877929688,68.37000274658203,68.68000030517578,11519000
C,2024-11-19,65.75511932373047,68.5999984741211,68.88999938964844,67.69999694824219,68.0,14428200
C,2024-11-20,65.4483871459961,68.27999877929688,69.48999786376953,68.0,69.13999938964844,10495600
C,2024-11-21,66.09060668945312,68.94999694824219,69.47000122070312,68.41000366210938,68.80000305175781,11390300
C,2024-11-22,66.94368743896484,69.83999633789062,70.19999694824219,68.44999694824219,68.91000366210938,16671600
C,2024-11-25,67.81595611572266,70.75,71.19000244140625,70.02999877929688,70.44000244140625,19558100
C,2024-11-26,66.85743713378906,69.75,70.4800033569336,69.33000183105469,70.36000061035156,11605200
C,2024-11-27,67.25042724609375,70.16000366210938,70.4000015258789,69.66000366210938,69.7699966430664,9736100
C,2024-11-29,67.93098449707031,70.87000274658203,71.08999633789062,70.22000122070312,70.2699966430664,8606500
C,2024-12-02,68.42941284179688,71.38999938964844,71.6500015258789,70.87999725341797,71.26000213623047,11932600
C,2024-12-03,68.45816040039062,71.41999816894531,72.80000305175781,71.2699966430664,72.19000244140625,17544200
C,2024-12-04,68.53484344482422,71.5,71.72000122070312,70.5,71.5,12331900
C,2024-12-05,69.23458099365234,72.2300033569336,72.8499984741211,71.63999938964844,71.83000183105469,14307600
C,2024-12-06,69.15789794921875,72.1500015258789,72.5999984741211,71.70999908447266,72.30999755859375,8781100
C,2024-12-09,68.87992858886719,71.86000061035156,72.80000305175781,71.83999633789062,72.30000305175781,11957500
C,2024-12-10,69.49337005615234,72.5,73.37999725341797,71.58000183105469,72.0,16833400
C,2024-12-11,68.97578430175781,71.95999908447266,73.26000213623047,71.2699966430664,73.0,22533600
C,2024-12-12,68.46776580810547,71.43000030517578,72.33000183105469,71.41000366210938,71.86000061035156,8893000
C,2024-12-13,68.06517028808594,71.01000213623047,71.91000366210938,70.76000213623047,71.70999908447266,9819900
C,2024-12-16,68.5252685546875,71.48999786376953,71.7699966430664,70.83000183105469,71.2699966430664,11833800
C,2024-12-17,68.17061614990234,71.12000274658203,71.3499984741211,70.80000305175781,70.9000015258789,12639000
C,2024-12-18,65.2950210571289,68.12000274658203,71.47000122070312,67.91999816894531,71.18000030517578,18028000
C,2024-12-19,65.58257293701172,68.41999816894531,69.83999633789062,68.31999969482422,69.20999908447266,13464300
C,2024-12-20,66.3206558227539,69.19000244140625,70.26000213623047,68.02999877929688,68.29000091552734,27720100
C,2024-12-23,66.87660217285156,69.7699966430664,69.87999725341797,68.87000274658203,69.36000061035156,8248000
C,2024-12-24,68.05559539794922,71.0,71.20999908447266,69.94000244140625,70.0999984741211,6544900
C,2024-12-26,68.39106750488281,71.3499984741211,71.47000122070312,70.51000213623047,70.54000091552734,6341700
C,2024-12-27,68.05559539794922,71.0,71.52999877929688,70.54000091552734,70.86000061035156,7743100
C,2024-12-30,67.47088623046875,70.38999938964844,70.83000183105469,69.79000091552734,70.18000030517578,6664400
C,2024-12-31,67.47088623046875,70.38999938964844,70.95999908447266,70.1500015258789,70.55000305175781,6393000
C,2025-01-02,67.03955841064453,69.94000244140625,71.16000366210938,69.6500015258789,70.94000244140625,9827400
C,2025-01-03,68.05559539794922,71.0,71.08999633789062,69.8499984741211,70.87999725341797,11342900
C,2025-01-06,69.72342681884766,72.73999786376953,73.98999786376953,71.87999725341797,72.2300033569336,19199700
C,2025-01-07,70.62445068359375,73.68000030517578,74.29000091552734,72.73999786376953,73.9000015258789,18309400
C,2025-01-08,70.22187042236328,73.26000213623047,73.47000122070312,72.69000244140625,73.44999694824219,13742800
C,2025-01-10,68.43901062011719,71.4000015258789,72.45999908447266,71.0199966430664,72.45999908447266,13217700
C,2025-01-13,69.75218200683594,72.7699966430664,73.0,70.9800033569336,70.9800033569336,16720600
C,2025-01-14,70.45191192626953,73.5,73.98999786376953,73.13999938964844,73.31999969482422,19576000
C,2025-01-15,75.02410125732422,78.2699966430664,79.25,75.86000061035156,76.19999694824219,44903000
C,2025-01-16,75.25414276123047,78.51000213623047,78.76000213623047,77.76000213623047,77.83000183105469,21463100
C,2025-01-17,76.67276763916016,79.98999786376953,80.44999694824219,78.16000366210938,78.55000305175781,22084800
C,2025-01-21,78.28309631347656,81.66999816894531,81.8499984741211,79.91999816894531,80.43000030517578,21297400
C,2025-01-22,78.3022689819336,81.69000244140625,82.27999877929688,81.2300033569336,81.47000122070312,14725700
C,2025-01-23,78.58025360107422,81.9800033569336,82.7699966430664,81.80000305175781,82.0,14435200
C,2025-01-24,78.1009750366211,81.4800033569336,82.12000274658203,81.33999633789062,81.48999786376953,16025200
C,2025-01-27,77.70796966552734,81.06999969482422,81.41000366210938,80.22000122070312,80.75,12782800
C,2025-01-28,76.62484741210938,79.94000244140625,81.4000015258789,79.4800033569336,81.22000122070312,16521700
C,2025-01-29,77.28622436523438,80.62999725341797,81.5999984741211,79.87999725341797,79.87999725341797,10573000
C,2025-01-30,78.4652099609375,81.86000061035156,82.62000274658203,80.98999786376953,81.29000091552734,10775500
C,2025-01-31,78.05304718017578,81.43000030517578,82.33999633789062,81.06999969482422,81.69000244140625,12818300
C,2025-02-03,76.83694458007812,79.61000061035156,79.91000366210938,76.88999938964844,78.5,20998500
C,2025-02-04,75.74629974365234,78.4800033569336,80.23999786376953,78.36000061035156,80.11000061035156,13417700
C,2025-02-05,76.69216918945312,79.45999908447266,79.5999984741211,78.20999908447266,79.04000091552734,10736100
C,2025-02-06,79.46219635009766,82.33000183105469,82.5,79.93000030517578,80.23999786376953,19545700
C,2025-02-07,78.87345123291016,81.72000122070312,82.91000366210938,81.3499984741211,82.43000030517578,10310300
C,2025-02-10,77.91792297363281,80.7300033569336,81.81999969482422,80.06999969482422,81.62999725341797,10681600
C,2025-02-11,78.28469848632812,81.11000061035156,81.52999877929688,80.22000122070312,80.45999908447266,9993800
C,2025-02-12,78.4391098022461,81.2699966430664,81.29000091552734,80.01000213623047,80.16999816894531,10448100
C,2025-02-13,79.24020385742188,82.0999984741211,82.12999725341797,80.77999877929688,81.4000015258789,11108400
C,2025-02-14,81.66278076171875,84.61000061035156,84.66999816894531,82.2300033569336,82.41000366210938,16035000
C,2025-02-18,81.68208312988281,84.62999725341797,84.73999786376953,83.55000305175781,83.94000244140625,17907000
C,2025-02-19,81.01611328125,83.94000244140625,84.2300033569336,83.44999694824219,84.05999755859375,9710800
C,2025-02-20,78.50668334960938,81.33999633789062,84.05999755859375,80.94000244140625,83.83999633789062,15160300
C,2025-02-21,76.87554931640625,79.6500015258789,81.91000366210938,79.61000061035156,81.80000305175781,14907800
C,2025-02-24,75.8042221069336,78.54000091552734,80.69000244140625,77.06999969482422,80.22000122070312,12830000
C,2025-02-25,75.41814422607422,78.13999938964844,79.56999969482422,76.45999908447266,79.18000030517578,14501400
C,2025-02-26,76.31574249267578,79.06999969482422,80.08999633789062,78.47000122070312,78.80000305175781,13115000
C,2025-02-27,76.12272644042969,78.87000274658203,80.37000274658203,78.66000366210938,79.55999755859375,8485900
C,2025-02-28,77.16509246826172,79.94999694824219,79.97000122070312,77.61000061035156,79.22000122070312,21233600
C,2025-03-03,74.48192596435547,77.16999816894531,80.43000030517578,76.25,80.0,20121100
C,2025-03-04,69.82981872558594,72.3499984741211,74.86000061035156,70.62999725341797,74.54000091552734,33983900
C,2025-03-05,70.4185791015625,72.95999908447266,73.52999877929688,71.69999694824219,72.5999984741211,17214200
C,2025-03-06,68.12149047851562,70.58000183105469,72.38999938964844,70.04000091552734,71.80999755859375,18550800
C,2025-03-07,68.00566101074219,70.45999908447266,70.73999786376953,68.06999969482422,70.18000030517578,18212900
C,2025-03-10,65.0619125366211,67.41000366210938,68.7300033569336,66.05000305175781,68.48999786376953,22378400
C,2025-03-11,65.14875793457031,67.5,68.47000122070312,66.16999816894531,67.29000091552734,21269200
C,2025-03-12,65.58309173583984,67.94999694824219,69.11000061035156,66.87000274658203,68.79000091552734,16131100
C,2025-03-13,64.88817596435547,67.2300033569336,69.13999938964844,66.7300033569336,68.4000015258789,17125200
C,2025-03-14,66.3841781616211,68.77999877929688,69.0,67.58000183105469,67.97000122070312,12727300
C,2025-03-17,67.5037841796875,69.94000244140625,70.36000061035156,68.68000030517578,68.88999938964844,12531700
C,2025-03-18,67.77403259277344,70.22000122070312,70.48999786376953,69.58999633789062,69.97000122070312,12289900
C,2025-03-19,68.95153045654297,71.44000244140625,72.18000030517578,69.66999816894531,70.36000061035156,14400600
C,2025-03-20,69.31829071044922,71.81999969482422,72.9800033569336,70.54000091552734,70.9800033569336,15315600
C,2025-03-21,69.47271728515625,71.9800033569336,72.25,70.7699966430664,71.27999877929688,21724000
C,2025-03-24,71.4609603881836,74.04000091552734,74.3499984741211,72.66999816894531,73.26000213623047,15310600
C,2025-03-25,71.87599182128906,74.47000122070312,74.80000305175781,73.72000122070312,74.3499984741211,10922200
C,2025-03-26,70.68882751464844,73.23999786376953,75.05999755859375,73.05999755859375,74.81999969482422,12345800
C,2025-03-27,69.34723663330078,71.8499984741211,72.98999786376953,71.76000213623047,72.98999786376953,13155800
C,2025-03-28,67.88018798828125,70.33000183105469,72.19999694824219,69.68000030517578,71.58999633789062,13630700
C,2025-03-31,68.51719665527344,70.98999786376953,71.19999694824219,68.41000366210938,69.5,15568400
C,2025-04-01,68.08287048339844,70.54000091552734,70.87999725341797,69.27999877929688,70.37999725341797,10957100
C,2025-04-02,69.2603759765625,71.76000213623047,71.95999908447266,69.5999984741211,69.66999816894531,9731700
C,2025-04-03,60.85377502441406,63.04999923706055,66.80000305175781,62.900001525878906,66.16999816894531,39469500
C,2025-04-04,56.10515213012695,58.130001068115234,60.41999816894531,56.310001373291016,60.25,51730500
C,2025-04-07,56.800071716308594,58.849998474121094,61.33000183105469,55.5099983215332,56.15999984741211,37487700
C,2025-04-08,56.722862243652344,58.77000045776367,62.65999984741211,57.56999969482422,61.2400016784668,30272300
C,2025-04-09,61.91545867919922,64.1500015258789,65.75,56.06999969482422,56.7599983215332,49437900
C,2025-04-10,59.444637298583984,61.59000015258789,62.5,59.08000183105469,62.09000015258789,25912800
C,2025-04-11,59.492889404296875,61.63999938964844,62.310001373291016,59.91999816894531,60.880001068115234,24776000
C,2025-04-14,61.017852783203125,63.220001220703125,64.43000030517578,62.70000076293945,63.349998474121094,20385900
C,2025-04-15,62.08919143676758,64.33000183105469,66.29000091552734,63.84000015258789,64.19000244140625,24738400
C,2025-04-16,59.936866760253906,62.099998474121094,63.81999969482422,61.29999923706055,63.060001373291016,21922600
C,2025-04-17,61.04680633544922,63.25,63.779998779296875,61.84000015258789,62.18000030517578,14656300
C,2025-04-21,60.50631332397461,62.689998626708984,63.13999938964844,61.95000076293945,62.75,15136000
C,2025-04-22,62.30152893066406,64.55000305175781,64.97000122070312,63.5099983215332,63.52000045776367,13252300
C,2025-04-23,63.99057388305664,66.30000305175781,68.81999969482422,66.16000366210938,66.47000122070312,17243900
C,2025-04-24,65.78578186035156,68.16000366210938,68.33999633789062,65.77999877929688,66.26000213623047,13672300
C,2025-04-25,66.04637145996094,68.43000030517578,68.70999908447266,67.76000213623047,67.86000061035156,12253400
C,2025-04-28,65.90159606933594,68.27999877929688,69.4000015258789,67.7699966430664,68.66000366210938,14304800
C,2025-04-29,66.48070526123047,68.87999725341797,69.11000061035156,67.97000122070312,68.02999877929688,8862800
C,2025-04-30,65.99812316894531,68.37999725341797,68.66000366210938,66.72000122070312,67.51000213623047,15756500
C,2025-05-01,65.76647186279297,68.13999938964844,68.9000015258789,67.88999938964844,68.20999908447266,9682300
C,2025-05-02,68.13113403320312,70.58999633789062,70.83000183105469,69.36000061035156,69.58000183105469,13291200
C,2025-05-05,68.33544158935547,70.23999786376953,70.94000244140625,69.23999786376953,69.27999877929688,10318500
C,2025-05-06,67.5863265991211,69.47000122070312,70.2699966430664,69.16999816894531,69.44999694824219,7744300
C,2025-05-07,68.34517669677734,70.25,70.69000244140625,69.6500015258789,69.75,11619200
C,2025-05-08,69.69747924804688,71.63999938964844,72.23999786376953,70.94999694824219,71.0,12698400
C,2025-05-09,69.51262664794922,71.44999694824219,72.26000213623047,71.29000091552734,72.04000091552734,8941900
C,2025-05-12,72.87882232666016,74.91000366210938,75.6500015258789,74.29000091552734,74.5999984741211,18464100
C,2025-05-13,73.52092742919922,75.56999969482422,76.2699966430664,75.02999877929688,75.12999725341797,12397800
C,2025-05-14,73.24850463867188,75.29000091552734,75.86000061035156,74.97000122070312,75.62999725341797,11372000
C,2025-05-15,73.90034484863281,75.95999908447266,76.16999816894531,74.47000122070312,74.58999633789062,12627700
C,2025-05-16,73.66685485839844,75.72000122070312,75.88999938964844,75.12000274658203,75.37999725341797,14008700
C,2025-05-19,74.06573486328125,76.12999725341797,76.31999969482422,74.79000091552734,75.0,12691700
C,2025-05-20,73.84196472167969,75.9000015258789,76.05000305175781,75.41999816894531,75.8499984741211,8930900
C,2025-05-21,71.42920684814453,73.41999816894531,75.41999816894531,73.19999694824219,74.9800033569336,17143800
C,2025-05-22,71.42920684814453,73.41999816894531,73.91000366210938,72.91999816894531,73.22000122070312,12067800
C,2025-05-23,71.108154296875,73.08999633789062,73.4000015258789,71.6500015258789,71.6500015258789,9851900
C,2025-05-27,73.42363739013672,75.47000122070312,75.55000305175781,73.48999786376953,74.16000366210938,12148500
C,2025-05-28,72.99555969238281,75.02999877929688,75.75,74.79000091552734,75.56999969482422,9993200
C,2025-05-29,73.48200225830078,75.52999877929688,75.72000122070312,74.68000030517578,75.5999984741211,11879200
C,2025-05-30,73.27769470214844,75.31999969482422,75.5199966430664,74.4800033569336,75.30999755859375,12512200
C,2025-06-02,73.74468231201172,75.80000305175781,75.9000015258789,74.30000305175781,75.16000366210938,9073400
C,2025-06-03,74.45488739013672,76.52999877929688,76.73999786376953,75.44000244140625,75.62999725341797,9802600
C,2025-06-04,74.32841491699219,76.4000015258789,77.58000183105469,76.3499984741211,76.5,10119600
C,2025-06-05,74.59107971191406,76.66999816894531,77.2699966430664,75.66000366210938,76.61000061035156,14760500
C,2025-06-06,76.13798522949219,78.26000213623047,78.41000366210938,77.4800033569336,77.70999908447266,11515200
C,2025-06-09,76.05042266845703,78.16999816894531,78.91000366210938,78.11000061035156,78.5999984741211,9288000
C,2025-06-10,75.91421508789062,78.02999877929688,78.31999969482422,77.5199966430664,77.83000183105469,10942400
C,2025-06-11,76.25472259521484,78.37999725341797,78.91999816894531,77.86000061035156,78.19999694824219,9030500
C,2025-06-12,76.10879516601562,78.2300033569336,78.26000213623047,77.33999633789062,77.80000305175781,6739700
C,2025-06-13,74.28949737548828,76.36000061035156,77.2300033569336,76.11000061035156,77.04000091552734,11987200
C,2025-06-16,75.95311737060547,78.06999969482422,78.30000305175781,76.94999694824219,77.12999725341797,10396600
C,2025-06-17,75.26239013671875,77.36000061035156,77.98999786376953,77.11000061035156,77.5,8078600
C,2025-06-18,76.22554016113281,78.3499984741211,78.97000122070312,77.26000213623047,77.4000015258789,14866100
C,2025-06-20,76.32282257080078,78.44999694824219,79.2699966430664,78.33000183105469,78.87999725341797,17336500
C,2025-06-23,77.2081527709961,79.36000061035156,79.44999694824219,77.51000213623047,78.37000274658203,12007200
C,2025-06-24,78.93988800048828,81.13999938964844,81.44999694824219,79.87999725341797,80.0,18393000
C,2025-06-25,80.38948822021484,82.62999725341797,82.70999908447266,81.08000183105469,81.13999938964844,13221900
C,2025-06-26,82.08230590820312,84.37000274658203,84.79000091552734,82.66999816894531,82.66999816894531,18600500
C,2025-06-27,82.09203338623047,84.37999725341797,84.56999969482422,83.80999755859375,84.48999786376953,21872400
C,2025-06-30,82.81197357177734,85.12000274658203,85.44000244140625,84.61000061035156,84.9000015258789,18035200
C,2025-07-01,83.93077850341797,86.2699966430664,86.4800033569336,84.7699966430664,85.0,17088900
C,2025-07-02,84.40750122070312,86.76000213623047,86.93000030517578,85.45999908447266,86.48999786376953,13420200
C,2025-07-03,86.3143539428711,88.72000122070312,88.80000305175781,86.8499984741211,87.12999725341797,13229900
C,2025-07-07,85.22471618652344,87.5999984741211,88.83000183105469,87.13999938964844,88.12999725341797,12407300
C,2025-07-08,83.24976348876953,85.56999969482422,87.79000091552734,85.4800033569336,87.61000061035156,18075600
C,2025-07-09,83.46380615234375,85.79000091552734,86.63999938964844,85.58999633789062,86.63999938964844,9929400
C,2025-07-10,84.71882629394531,87.08000183105469,87.08000183105469,85.76000213623047,85.83000183105469,9586100
C,2025-07-11,84.37831115722656,86.7300033569336,86.95999908447266,85.62000274658203,85.91999816894531,10256000
C,2025-07-14,85.12743377685547,87.5,87.52999877929688,86.22000122070312,86.4800033569336,13450800
C,2025-07-15,88.2601318359375,90.72000122070312,91.80000305175781,88.12000274658203,88.6500015258789,39270900
C,2025-07-16,87.5791015625,90.0199966430664,91.62000274658203,88.2300033569336,91.4800033569336,23321000
C,2025-07-17,90.56585693359375,93.08999633789062,93.19999694824219,89.87999725341797,90.12999725341797,23949200
C,2025-07-18,90.91609191894531,93.44999694824219,93.80000305175781,92.73999786376953,93.1500015258789,16603700
C,2025-07-21,90.13780212402344,92.6500015258789,94.08000183105469,92.52999877929688,93.58999633789062,11894500
C,2025-07-22,91.45117950439453,94.0,94.4800033569336,92.72000122070312,93.56999969482422,15282600
C,2025-07-23,93.3872299194336,95.98999786376953,95.98999786376953,94.4800033569336,94.5,22339800
C,2025-07-24,92.80349731445312,95.38999938964844,96.91000366210938,95.30000305175781,96.29000091552734,15644400
C,2025-07-25,93.4650650024414,96.06999969482422,96.19000244140625,94.43000030517578,95.38999938964844,13543400
C,2025-07-28,92.95915985107422,95.55000305175781,96.19999694824219,95.06999969482422,96.06999969482422,19370700
C,2025-07-29,91.91818237304688,94.4800033569336,96.11000061035156,94.36000061035156,96.0,13169900
C,2025-07-30,93.21210479736328,95.80999755859375,95.98999786376953,94.58000183105469,94.9000015258789,13998000
C,2025-07-31,91.15931701660156,93.69999694824219,96.1500015258789,93.55000305175781,95.47000122070312,14638800
C,2025-08-01,89.34002685546875,91.83000183105469,92.02999877929688,87.94000244140625,91.8499984741211,17725600
C,2025-08-04,90.17241668701172,92.08000183105469,92.81999969482422,91.52999877929688,91.75,11611400
C,2025-08-05,89.62400817871094,91.5199966430664,92.72000122070312,89.68000030517578,92.33000183105469,19836100
C,2025-08-06,90.3193130493164,92.2300033569336,92.62999725341797,91.61000061035156,91.87999725341797,13153600
C,2025-08-07,89.34002685546875,91.2300033569336,93.25,91.0999984741211,93.23999786376953,12964000
C,2025-08-08,90.8089599609375,92.7300033569336,93.29000091552734,91.33999633789062,91.97000122070312,10772600
C,2025-08-11,90.39765167236328,92.30999755859375,93.16999816894531,90.80000305175781,93.02999877929688,12133300
C,2025-08-12,93.756591796875,95.73999786376953,95.76000213623047,93.01000213623047,93.22000122070312,21046400
C,2025-08-13,92.68917846679688,94.6500015258789,96.19999694824219,94.58000183105469,96.0,16605000
C,2025-08-14,93.4823989868164,95.45999908447266,95.48999786376953,94.2300033569336,94.45999908447266,13288800
C,2025-08-15,91.74907684326172,93.69000244140625,95.5,93.58999633789062,95.45999908447266,12000400
C,2025-08-18,92.26808166503906,94.22000122070312,94.36000061035156,93.33000183105469,93.3499984741211,8780700
C,2025-08-19,91.79801940917969,93.73999786376953,94.3499984741211,93.43000030517578,93.97000122070312,11504400
C,2025-08-20,91.23983001708984,93.16999816894531,93.75,90.68000030517578,93.52999877929688,13447400
C,2025-08-21,90.6718521118164,92.58999633789062,92.86000061035156,91.45999908447266,92.8499984741211,17635200
C,2025-08-22,93.28653717041016,95.26000213623047,95.62000274658203,92.83999633789062,92.95999908447266,20124400
C,2025-08-25,93.03192138671875,95.0,95.44999694824219,94.87999725341797,95.2300033569336,8647000
C,2025-08-26,93.73701477050781,95.72000122070312,95.73999786376953,94.02999877929688,94.68000030517578,11031100
C,2025-08-27,94.86318969726562,96.87000274658203,97.44999694824219,95.08999633789062,95.1500015258789,11315600
C,2025-08-28,94.81421661376953,96.81999969482422,97.48999786376953,96.54000091552734,97.37000274658203,10878900
C,2025-08-29,94.56940460205078,96.56999969482422,96.98999786376953,96.05000305175781,96.6500015258789,8362600
C,2025-09-02,92.81648254394531,94.77999877929688,95.0199966430664,92.95999908447266,95.0199966430664,15128800
C,2025-09-03,93.0613021850586,95.02999877929688,95.23999786376953,93.4000015258789,94.88999938964844,14158800
C,2025-09-04,95.06883239746094,97.08000183105469,97.1500015258789,95.30000305175781,95.30000305175781,12900100
C,2025-09-05,93.42363739013672,95.4000015258789,97.9800033569336,94.1500015258789,97.37000274658203,17020800
C,2025-09-08,93.88390350341797,95.87000274658203,95.97000122070312,94.63999938964844,95.86000061035156,11398800
C,2025-09-09,95.32344818115234,97.33999633789062,98.13999938964844,95.44999694824219,95.5,18101600
C,2025-09-10,95.15696716308594,97.16999816894531,98.37999725341797,96.51000213623047,97.5,12238300
C,2025-09-11,96.77278900146484,98.81999969482422,99.04000091552734,96.88999938964844,97.3499984741211,13426500
C,2025-09-12,97.37993621826172,99.44000244140625,99.69999694824219,98.44000244140625,98.77999877929688,9502900
C,2025-09-15,97.72269439697266,99.79000091552734,100.16999816894531,99.4000015258789,99.80000305175781,10620100
C,2025-09-16,98.55509185791016,100.63999938964844,100.8499984741211,99.20999908447266,99.86000061035156,12350700
C,2025-09-17,99.65188598632812,101.76000213623047,102.20999908447266,100.41000366210938,100.48999786376953,14371600
C,2025-09-18,100.28842163085938,102.41000366210938,102.69999694824219,101.69000244140625,101.97000122070312,11677600
C,2025-09-19,100.55281829833984,102.68000030517578,103.12999725341797,101.87000274658203,102.54000091552734,24745700
C,2025-09-22,101.34603881835938,103.48999786376953,103.80999755859375,101.69999694824219,101.76000213623047,11474500
C,2025-09-23,100.86619567871094,103.0,105.58999633789062,102.41000366210938,103.52999877929688,15747900
C,2025-09-24,99.5441665649414,101.6500015258789,104.06999969482422,101.62000274658203,103.38999938964844,12272400
C,2025-09-25,99.99463653564453,102.11000061035156,102.26000213623047,100.1500015258789,101.02999877929688,11232900
C,2025-09-26,101.2774887084961,103.41999816894531,104.31999969482422,102.51000213623047,102.51000213623047,11296300
C,2025-09-29,101.02288818359375,103.16000366210938,104.38999938964844,102.87999725341797,104.1500015258789,10748700
C,2025-09-30,99.39727020263672,101.5,103.62000274658203,99.13999938964844,103.0999984741211,17789100
C,2025-10-01,96.66506958007812,98.70999908447266,101.13999938964844,98.62000274658203,100.94000244140625,13793300
C,2025-10-02,95.32344818115234,97.33999633789062,99.44999694824219,96.69999694824219,99.08000183105469,14511900
C,2025-10-03,95.71515655517578,97.73999786376953,98.58000183105469,97.30000305175781,97.33999633789062,13863600
C,2025-10-06,96.01874542236328,98.05000305175781,100.05999755859375,97.04000091552734,99.19999694824219,10398000
C,2025-10-07,95.77392578125,97.80000305175781,98.86000061035156,96.68000030517578,98.44999694824219,8519400
C,2025-10-08,94.69670104980469,96.69999694824219,98.19000244140625,96.58999633789062,98.19000244140625,8496000
C,2025-10-09,93.93286895751953,95.91999816894531,97.30000305175781,95.45999908447266,97.0199966430664,11300600
C,2025-10-10,91.98408508300781,93.93000030517578,97.9000015258789,93.66000366210938,96.19999694824219,18619500
C,2025-10-13,94.10913848876953,96.0999984741211,96.95999908447266,95.41000366210938,95.56999969482422,18463600
C,2025-10-14,97.77165985107422,99.83999633789062,101.22000122070312,95.04000091552734,95.37000274658203,33164600
C,2025-10-15,97.71290588378906,99.77999877929688,102.1500015258789,98.83999633789062,101.19000244140625,15730100
C,2025-10-16,94.26582336425781,96.26000213623047,100.69999694824219,95.23999786376953,100.20999908447266,20534000
C,2025-10-17,95.05904388427734,97.06999969482422,98.01000213623047,95.27999877929688,96.20999908447266,14007800
C,2025-10-20,97.24285125732422,99.30000305175781,99.5999984741211,97.12000274658203,97.47000122070312,11302700
C,2025-10-21,96.21459197998047,98.25,99.4000015258789,97.97000122070312,98.93000030517578,9150100
C,2025-10-22,94.30499267578125,96.30000305175781,98.4800033569336,95.0,98.19000244140625,14369200
C,2025-10-23,94.68692016601562,96.69000244140625,97.52999877929688,96.30000305175781,96.81999969482422,8189100
C,2025-10-24,96.73361206054688,98.77999877929688,99.51000213623047,97.3499984741211,97.38999938964844,11870700
C,2025-10-27,98.89781951904297,100.98999786376953,101.2300033569336,99.0999984741211,99.30000305175781,13214200
C,2025-10-28,99.28954315185547,101.38999938964844,101.52999877929688,100.12999725341797,101.0,8766400
C,2025-10-29,97.06658172607422,99.12000274658203,101.94000244140625,99.02999877929688,101.29000091552734,11878800
C,2025-10-30,98.14378356933594,100.22000122070312,101.45999908447266,98.30999755859375,98.62999725341797,9584000
C,2025-10-31,99.13286590576172,101.2300033569336,101.51000213623047,99.72000122070312,99.9000015258789,11190300
C,2025-11-03,100.09827423095703,101.61000061035156,101.63999938964844,99.05000305175781,100.72000122070312,10829100
C,2025-11-04,99.5072021484375,101.01000213623047,102.55000305175781,98.69000244140625,100.1500015258789,13449100
C,2025-11-05,100.17708587646484,101.69000244140625,102.27999877929688,99.01000213623047,101.25,9992400
C,2025-11-06,99.34957885742188,100.8499984741211,102.33999633789062,99.97000122070312,101.47000122070312,9282500
C,2025-11-07,99.29048156738281,100.79000091552734,100.83000183105469,97.37000274658203,100.01000213623047,14887100
C,2025-11-10,99.98006439208984,101.48999786376953,102.9000015258789,100.30999755859375,101.26000213623047,11270600
C,2025-11-11,99.26092529296875,100.76000213623047,102.08999633789062,100.30999755859375,101.63999938964844,9639500
C,2025-11-12,101.33953094482422,102.87000274658203,103.86000061035156,101.18000030517578,101.20999908447266,15069200
C,2025-11-13,99.1722640991211,100.66999816894531,103.56999969482422,100.47000122070312,102.44999694824219,11427000
C,2025-11-14,98.80776977539062,100.30000305175781,101.55000305175781,98.1500015258789,99.83000183105469,10134500
C,2025-11-17,96.72916412353516,98.19000244140625,100.27999877929688,97.22000122070312,100.08000183105469,11389600
C,2025-11-18,96.85723114013672,98.31999969482422,99.56999969482422,96.37999725341797,97.5,10463700
C,2025-11-19,98.34476470947266,99.83000183105469,100.58999633789062,98.08999633789062,98.16999816894531,8426800
C,2025-11-20,96.177490234375,97.62999725341797,102.86000061035156,97.45999908447266,101.06999969482422,12633700
C,2025-11-21,97.2315673828125,98.69999694824219,99.33000183105469,95.83000183105469,98.12999725341797,14404700
C,2025-11-24,98.20684814453125,99.69000244140625,100.62000274658203,98.5999984741211,98.72000122070312,17389200
C,2025-11-25,99.66482543945312,101.16999816894531,101.75,99.52999877929688,100.36000061035156,10881900
C,2025-11-26,100.97503662109375,102.5,103.30000305175781,101.45999908447266,101.72000122070312,11384100
C,2025-11-28,102.05867767333984,103.5999984741211,104.37000274658203,102.51000213623047,102.80000305175781,5865200
C,2025-12-01,101.15235900878906,102.68000030517578,104.3499984741211,102.41000366210938,103.0999984741211,9663700
C,2025-12-02,101.65477752685547,103.19000244140625,104.19999694824219,103.01000213623047,103.5999984741211,8056900
C,2025-12-03,105.13225555419922,106.72000122070312,106.98999786376953,103.0999984741211,103.0999984741211,14003600
C,2025-12-04,106.18633270263672,107.79000091552734,108.70999908447266,106.62999725341797,106.66000366210938,12811300
C,2025-12-05,107.26011657714844,108.87999725341797,109.37000274658203,107.51000213623047,107.66999816894531,14936300
C,2025-12-08,107.29952239990234,108.91999816894531,110.25,107.73999786376953,109.19999694824219,11394800
C,2025-12-09,107.80193328857422,109.43000030517578,109.8499984741211,107.01000213623047,108.80000305175781,15822700
C,2025-12-10,109.43724060058594,111.08999633789062,111.91000366210938,109.26000213623047,109.36000061035156,16584300
C,2025-12-11,110.07756805419922,111.73999786376953,112.33999633789062,111.11000061035156,111.2699966430664,10829700
C,2025-12-12,110.13668060302734,111.80000305175781,113.43000030517578,111.19000244140625,113.30000305175781,11227900
C,2025-12-15,111.1218032836914,112.80000305175781,113.5199966430664,112.22000122070312,112.44999694824219,10692100
C,2025-12-16,109.6244125366211,111.27999877929688,113.37999725341797,110.55000305175781,112.80000305175781,12418200
C,2025-12-17,109.80174255371094,111.45999908447266,113.01000213623047,110.95999908447266,111.88999938964844,9949700
C,2025-12-18,111.15135192871094,112.83000183105469,113.8499984741211,112.12000274658203,112.22000122070312,21155800
C,2025-12-19,113.15115356445312,114.86000061035156,115.61000061035156,113.05000305175781,113.19999694824219,37660800
C,2025-12-22,116.33309173583984,118.08999633789062,118.6500015258789,114.87000274658203,115.20999908447266,20178100
C,2025-12-23,117.62361145019531,119.4000015258789,120.2699966430664,118.06999969482422,118.16000366210938,16135000
C,2025-12-24,119.75147247314453,121.55999755859375,122.83999633789062,119.25,119.70999908447266,13529600
C,2025-12-26,118.62843322753906,120.41999816894531,122.04000091552734,119.66999816894531,121.6500015258789,10603700
C,2025-12-29,116.37249755859375,118.12999725341797,120.56999969482422,117.9800033569336,120.36000061035156,11000600
C,2025-12-30,115.4661865234375,117.20999908447266,118.41000366210938,116.52999877929688,118.29000091552734,8636100
C,2025-12-31,114.95392608642578,116.69000244140625,117.62000274658203,116.37000274658203,117.4000015258789,6203300
C,2026-01-02,116.93401336669922,118.69999694824219,118.72000122070312,116.58999633789062,117.20999908447266,9245400
C,2026-01-05,121.46558380126953,123.30000305175781,124.0999984741211,119.30000305175781,119.30999755859375,19993400
C,2026-01-06,120.67748260498047,122.5,124.16999816894531,122.20999908447266,123.68000030517578,11940100
C,2026-01-07,119.56430053710938,121.37000274658203,122.58000183105469,120.69999694824219,122.30999755859375,11595800
C,2026-01-08,118.80574798583984,120.5999984741211,122.41999816894531,120.16000366210938,120.87999725341797,14801500
C,2026-01-09,119.5150375366211,121.31999969482422,121.73999786376953,120.1500015258789,120.94000244140625,7565700
C,2026-01-12,115.94889068603516,117.69999694824219,118.73999786376953,116.66999816894531,116.9000015258789,19926900
C,2026-01-13,114.5697250366211,116.30000305175781,118.2300033569336,115.54000091552734,117.72000122070312,18332300
C,2026-01-14,110.73760223388672,112.41000366210938,118.75,110.47000122070312,117.91000366210938,27984600
C,2026-01-15,115.71246337890625,117.45999908447266,117.95999908447266,112.75,113.8499984741211,18719700
C,2026-01-16,116.28384399414062,118.04000091552734,119.3499984741211,117.0,117.80000305175781,17153800
C,2026-01-20,111.1218032836914,112.80000305175781,116.5199966430664,112.38999938964844,114.45999908447266,20451300
C,2026-01-21,112.16603088378906,113.86000061035156,115.58999633789062,113.13999938964844,113.13999938964844,14199900
C,2026-01-22,113.93925476074219,115.66000366210938,116.63999938964844,114.05000305175781,114.56999969482422,11271500
C,2026-01-23,111.90003967285156,113.58999633789062,115.62999725341797,113.19999694824219,114.97000122070312,12164400
C,2026-01-26,113.11174774169922,114.81999969482422,115.4800033569336,113.86000061035156,113.9000015258789,11728700
C,2026-01-27,113.08219909667969,114.79000091552734,115.97000122070312,113.69999694824219,114.9000015258789,11976800
C,2026-01-28,112.50096893310547,114.19999694824219,115.70999908447266,113.13999938964844,114.5999984741211,11378300
C,2026-01-29,113.48609161376953,115.19999694824219,116.36000061035156,113.4000015258789,114.83999633789062,14443200
C,2026-01-30,113.98851013183594,115.70999908447266,116.6500015258789,114.18000030517578,114.41999816894531,12396600
C,2026-02-02,115.09759521484375,116.2300033569336,116.9800033569336,114.5999984741211,114.95999908447266,11773700
C,2026-02-03,116.56317138671875,117.70999908447266,118.91999816894531,115.37999725341797,117.0,15332100
C,2026-02-04,116.28589630126953,117.43000030517578,119.94000244140625,116.93000030517578,117.77999877929688,12408300
C,2026-02-05,114.61236572265625,115.73999786376953,116.41000366210938,112.91999816894531,116.41000366210938,18704600
C,2026-02-06,121.49465942382812,122.69000244140625,122.97000122070312,117.36000061035156,117.36000061035156,15248800
C,2026-02-09,122.56413269042969,123.7699966430664,125.16000366210938,121.69000244140625,122.19000244140625,12887500
C,2026-02-10,120.95991516113281,122.1500015258789,125.0,119.5,123.72000122070312,12121300
C,2026-02-11,116.24629211425781,117.38999938964844,124.23999786376953,117.36000061035156,123.58999633789062,13771400
C,2026-02-12,110.06708526611328,111.1500015258789,119.18000030517578,110.94000244140625,118.04000091552734,19353300
C,2026-02-13,109.7799072265625,110.86000061035156,111.43000030517578,108.38999938964844,109.7699966430664,16665200
C,2026-02-17,112.67145538330078,113.77999877929688,114.51000213623047,111.98999786376953,112.30000305175781,12314600
C,2026-02-18,115.13719940185547,116.2699966430664,117.04000091552734,114.97000122070312,115.04000091552734,11678900
C,2026-02-19,114.42422485351562,115.55000305175781,115.91000366210938,114.18000030517578,114.98999786376953,8085300
C,2026-02-20,114.86982727050781,116.0,116.12999725341797,113.83999633789062,115.26000213623047,12986800
C,2026-02-23,109.67098236083984,110.75,116.91000366210938,108.86000061035156,115.33999633789062,17996400
C,2026-02-24,108.49256896972656,109.55999755859375,111.4000015258789,107.5,109.44999694824219,14981000
C,2026-02-25,113.22600555419922,114.33999633789062,114.51000213623047,110.83000183105469,111.31999969482422,13649100
C,2026-02-26,115.0579833984375,116.19000244140625,117.0,114.45999908447266,114.69999694824219,14759400
C,2026-02-27,109.11644744873047,110.19000244140625,113.18000030517578,108.66000366210938,113.18000030517578,29106900
C,2026-03-02,110.3641586303711,111.44999694824219,111.88999938964844,106.19999694824219,106.26000213623047,18976600
C,2026-03-03,109.68089294433594,110.76000213623047,112.37999725341797,106.75,107.43000030517578,15813300
C,2026-03-04,110.23542785644531,111.31999969482422,112.33000183105469,110.48999786376953,111.66999816894531,13042200
C,2026-03-05,107.88851928710938,108.94999694824219,111.5999984741211,107.88999938964844,110.56999969482422,15549100
C,2026-03-06,105.49209594726562,106.52999877929688,106.58999633789062,103.08999633789062,105.19000244140625,16586900
C,2026-03-09,105.551513671875,106.58999633789062,107.05000305175781,102.01000213623047,104.44999694824219,18525600
C,2026-03-10,107.9083251953125,108.97000122070312,110.91000366210938,107.37000274658203,108.41000366210938,17843900
C,2026-03-11,108.12619018554688,109.19000244140625,109.54000091552734,107.4800033569336,108.33999633789062,12958400
C,2026-03-12,104.47212982177734,105.5,107.0,104.63999938964844,106.36000061035156,17487000
C,2026-03-13,104.6602783203125,105.69000244140625,107.9000015258789,105.38999938964844,106.12000274658203,11406900
C,2026-03-16,106.30410766601562,107.3499984741211,108.69000244140625,106.61000061035156,107.30999755859375,11902600
C,2026-03-17,106.66059875488281,107.70999908447266,109.73999786376953,107.41999816894531,108.5,12758400
C,2026-03-18,107.61124420166016,108.66999816894531,109.55000305175781,107.11000061035156,107.11000061035156,12337200
C,2026-03-19,108.77974700927734,109.8499984741211,110.58000183105469,106.83000183105469,107.33000183105469,16714500
C,2026-03-20,108.45296478271484,109.5199966430664,111.20999908447266,108.86000061035156,109.5999984741211,29718400
C,2026-03-23,110.55230712890625,111.63999938964844,113.38999938964844,110.97000122070312,113.12999725341797,16883200
C,2026-03-24,112.63185119628906,113.73999786376953,114.80000305175781,109.48999786376953,110.16999816894531,14105700
C,2026-03-25,113.3646469116211,114.4800033569336,116.12999725341797,113.58999633789062,114.98999786376953,11314900
C,2026-03-26,111.3148193359375,112.41000366210938,114.79000091552734,111.56999969482422,114.05999755859375,12689900
C,2026-03-27,106.33381652832031,107.37999725341797,111.86000061035156,106.95999908447266,111.06999969482422,23143000
C,2026-03-30,106.22488403320312,107.2699966430664,109.41999816894531,106.5199966430664,108.45999908447266,20319300
C,2026-03-31,112.3050765991211,113.41000366210938,113.7699966430664,108.3499984741211,109.0999984741211,18267700
C,2026-04-01,114.17665100097656,115.30000305175781,116.79000091552734,114.06999969482422,115.47000122070312,13273700
C,2026-04-02,114.12714385986328,115.25,115.61000061035156,111.75,112.31999969482422,9833900
C,2026-04-06,116.21658325195312,117.36000061035156,117.69999694824219,115.80000305175781,115.80000305175781,13319700
C,2026-04-07,115.98882293701172,117.12999725341797,117.69999694824219,115.75,116.4800033569336,8450100
C,2026-04-08,122.28685760498047,123.48999786376953,124.48999786376953,121.7300033569336,121.94999694824219,16312000
C,2026-04-09,123.70292663574219,124.91999816894531,125.4800033569336,122.33000183105469,122.80999755859375,8835400
C,2026-04-10,123.17809295654297,124.38999938964844,125.47000122070312,123.61000061035156,125.23999786376953,8958000
C,2026-04-13,125.04967498779297,126.27999877929688,126.30999755859375,122.3499984741211,123.01000213623047,14416800
C,2026-04-14,128.31752014160156,129.5800018310547,130.99000549316406,126.8499984741211,128.07000732421875,17034700
C,2026-04-15,130.40696716308594,131.69000244140625,132.86000061035156,130.57000732421875,131.25,14738900
C,2026-04-16,128.07986450195312,129.33999633789062,132.77000427246094,129.22000122070312,131.24000549316406,9290300
C,2026-04-17,130.89218139648438,132.17999267578125,133.57000732421875,130.66000366210938,131.0800018310547,15929400
C,2026-04-20,131.75372314453125,133.0500030517578,133.44000244140625,131.64999389648438,131.97999572753906,10151800
C,2026-04-21,130.39706420898438,131.67999267578125,135.2899932861328,131.25999450683594,133.60000610351562,8081400
C,2026-04-22,128.46604919433594,129.72999572753906,132.47000122070312,129.39999389648438,132.41000366210938,10439100
C,2026-04-23,127.25794219970703,128.50999450683594,129.99000549316406,126.83999633789062,129.49000549316406,9084600
C,2026-04-24,126.73311614990234,127.9800033569336,129.05999755859375,127.5,128.27999877929688,6835000
C,2026-04-27,127.8818130493164,129.13999938964844,129.39999389648438,127.63999938964844,127.86000061035156,6155900
C,2026-04-28,127.27775573730469,128.52999877929688,131.30999755859375,128.00999450683594,130.4600067138672,9585300
C,2026-04-29,126.3667221069336,127.61000061035156,128.9199981689453,126.58000183105469,128.55999755859375,12796000
C,2026-04-30,126.73311614990234,127.9800033569336,128.9199981689453,126.55000305175781,127.69999694824219,12127700
C,2026-05-01,126.19837188720703,127.44000244140625,130.47999572753906,126.86000061035156,128.63999938964844,10616500
C,2026-05-04,124.99449157714844,125.62999725341797,127.05000305175781,124.5999984741211,126.86000061035156,15027900
C,2026-05-05,127.3624496459961,128.00999450683594,128.5800018310547,126.05000305175781,126.30999755859375,13566900
C,2026-05-06,126.95452880859375,127.5999984741211,131.5800018310547,127.47000122070312,130.49000549316406,13363800
C,2026-05-07,128.43699645996094,129.08999633789062,131.22999572753906,127.05999755859375,127.62000274658203,18802300
C,2026-05-08,124.91490173339844,125.55000305175781,131.9499969482422,125.22000122070312,130.19000244140625,17505500
C,2026-05-11,125.21338653564453,125.8499984741211,128.08999633789062,124.69000244140625,125.87000274658203,11377100
C,2026-05-12,125.80039978027344,126.44000244140625,126.55999755859375,123.25,126.06999969482422,9937100
C,2026-05-13,123.47223663330078,124.0999984741211,125.8499984741211,123.76000213623047,125.0,7207100
C,2026-05-14,124.18859100341797,124.81999969482422,126.3499984741211,123.4800033569336,125.08000183105469,8226300
C,2026-05-15,122.7956771850586,123.41999816894531,124.5,122.7300033569336,124.4800033569336,7762100
C,2026-05-18,121.79078674316406,122.41000366210938,124.44999694824219,121.80999755859375,123.30999755859375,8770600
C,2026-05-19,119.36312866210938,119.97000122070312,121.44999694824219,119.76000213623047,121.44999694824219,11092200
C,2026-05-20,124.18859100341797,124.81999969482422,125.27999877929688,119.88999938964844,120.97000122070312,11182000
C,2026-05-21,124.5865707397461,125.22000122070312,125.44999694824219,123.27999877929688,124.02999877929688,6834900
C,2026-05-22,124.45722198486328,125.08999633789062,126.48999786376953,124.87999725341797,125.98999786376953,6331000
C,2026-05-26,126.21827697753906,126.86000061035156,127.43000030517578,125.26000213623047,126.25,8966900
C,2026-05-27,124.7557144165039,125.38999938964844,127.7699966430664,124.45999908447266,127.08999633789062,8246300
C,2026-05-28,124.04930114746094,124.68000030517578,125.3499984741211,123.23999786376953,124.47000122070312,7933200
C,2026-05-29,125.26313018798828,125.9000015258789,126.8499984741211,123.5199966430664,124.6500015258789,17325700
C,2026-06-01,128.43699645996094,129.08999633789062,129.10000610351562,123.5999984741211,124.08000183105469,12543700
C,2026-06-02,130.59600830078125,131.25999450683594,132.4600067138672,128.69000244140625,128.69000244140625,13589300
C,2026-06-03,129.27273559570312,129.92999267578125,131.85000610351562,128.27000427246094,130.92999267578125,11146400
C,2026-06-04,134.46633911132812,135.14999389648438,135.6699981689453,130.8699951171875,131.27000427246094,11482600
C,2026-06-05,131.79989624023438,132.47000122070312,135.8300018310547,131.19000244140625,135.41000366210938,12557900
C,2026-06-08,132.60580444335938,133.27999877929688,134.8800048828125,132.97000122070312,133.39999389648438,11550500
C,2026-06-09,134.0484619140625,134.72999572753906,135.92999267578125,131.9199981689453,134.72999572753906,11663300
C,2026-06-10,132.70529174804688,133.3800048828125,137.1199951171875,132.55999755859375,134.19000244140625,15085500
C,2026-06-11,137.37158203125,138.07000732421875,138.22999572753906,133.80999755859375,134.39999389648438,12464200
C,2026-06-12,139.12266540527344,139.8300018310547,141.1199951171875,138.2100067138672,139.75,10359700
C,2026-06-15,140.49569702148438,141.2100067138672,143.55999755859375,140.8800048828125,142.42999267578125,12775600
C,2026-06-16,142.26669311523438,142.99000549316406,143.5,141.0500030517578,143.0399932861328,13234700
C,2026-06-17,143.0526885986328,143.77999877929688,146.5399932861328,143.0399932861328,143.1999969482422,13140300
C,2026-06-18,142.33631896972656,143.05999755859375,147.9600067138672,143.0399932861328,146.49000549316406,29331200
C,2026-06-22,144.93312072753906,145.6699981689453,146.3699951171875,144.47999572753906,144.7100067138672,14979400
C,2026-06-23,144.23666381835938,144.97000122070312,146.13999938964844,143.13999938964844,144.1300048828125,13297300
C,2026-06-24,142.8636474609375,143.58999633789062,145.9199981689453,143.17999267578125,144.99000549316406,13904300
C,2026-06-25,144.24661254882812,144.97999572753906,147.7899932861328,144.82000732421875,144.88999938964844,12155900
C,2026-06-26,141.0428924560547,141.75999450683594,145.10000610351562,140.75999450683594,144.6300048828125,17927100
C,2026-06-29,141.7692108154297,142.49000549316406,143.83999633789062,141.42999267578125,141.85000610351562,9526100
C,2026-06-30,139.25201416015625,139.9600067138672,141.89999389648438,139.3800048828125,141.0,22118600
C,2026-07-01,139.42115783691406,140.1300048828125,141.27999877929688,138.25999450683594,140.24000549316406,13702800
C,2026-07-02,139.261962890625,139.97000122070312,142.11000061035156,138.22000122070312,141.8800048828125,9500100
C,2026-07-06,143.1322784423828,143.86000061035156,143.88999938964844,141.55999755859375,141.8699951171875,14139700
C,2026-07-07,140.05792236328125,140.77000427246094,144.7100067138672,140.66000366210938,144.05999755859375,9737600
C,2026-07-08,136.69500732421875,137.38999938964844,140.24000549316406,137.14999389648438,140.13999938964844,9831400
C,2026-07-09,138.86398315429688,139.57000732421875,139.83999633789062,138.00999450683594,138.75999450683594,10269000
C,2026-07-10,140.0778045654297,140.7899932861328,141.44000244140625,139.75,141.38999938964844,10517800
C,2026-07-13,139.9982147216797,140.7100067138672,141.47000122070312,137.57000732421875,141.10000610351562,12439900
C,2026-07-14,132.59585571289062,133.27000427246094,144.2899932861328,132.16000366210938,137.74000549316406,32127800
C,2026-07-15,134.20765686035156,134.88999938964844,135.1199951171875,131.77000427246094,134.0800018310547,18092200
C,2026-07-16,131.0437469482422,131.7100067138672,135.0,131.2100067138672,134.72000122070312,13763500
C,2026-07-17,128.70562744140625,129.36000061035156,131.25,127.08000183105469,129.44000244140625,15691900
C,2026-07-20,128.06886291503906,128.72000122070312,131.27000427246094,128.44000244140625,129.55999755859375,10961300
C,2026-07-21,132.1680145263672,132.83999633789062,133.5399932861328,129.1699981689453,129.57000732421875,11224200
C,2026-07-22,131.5810089111328,132.25,133.91000366210938,132.10000610351562,132.72000122070312,10635500
C,2026-07-23,131.212890625,131.8800048828125,132.47000122070312,130.02000427246094,130.5,10724500
C,2026-07-24,131.5213165283203,132.19000244140625,133.27999877929688,131.39999389648438,132.24000549316406,10822000
C,2026-07-27,132.4267120361328,133.10000610351562,135.35000610351562,131.02000427246094,134.25,12451600
C,2026-07-28,131.79989624023438,132.47000122070312,133.0,130.75,132.77999877929688,9420800
C,2026-07-29,126.48690795898438,127.12999725341797,132.42999267578125,126.77999877929688,131.75999450683594,12942600
C,2026-07-30,131.65066528320312,132.32000732421875,132.5800018310547,128.8000030517578,128.97000122070312,10467700
C,2026-07-31,131.77999877929688,132.4499969482422,135.44000244140625,131.94000244140625,133.5500030517578,9604900
C,2026-08-03,133.57000732421875,133.57000732421875,133.6199951171875,131.17999267578125,132.47000122070312,8084100
C,2026-08-04,136.8699951171875,136.8699951171875,138.0500030517578,134.32000732421875,134.32000732421875,12152500
C,2026-08-05,137.63999938964844,137.63999938964844,139.1699981689453,137.13999938964844,137.3000030517578,12028300
C,2026-08-06,133.82000732421875,133.82000732421875,139.25999450683594,133.66000366210938,138.33999633789062,8882600
C,2026-08-07,135.0,135.0,135.24000549316406,132.52000427246094,133.82000732421875,10160300
C,2026-08-10,135.22000122070312,135.22000122070312,136.13999938964844,134.47000122070312,134.8699951171875,7077300
C,2026-08-11,135.77000427246094,135.77000427246094,137.14999389648438,135.33999633789062,135.91000366210938,5067500
C,2026-08-12,137.5800018310547,137.5800018310547,138.58999633789062,136.41000366210938,136.8699951171875,6060400
C,2026-08-13,138.72999572753906,138.72999572753906,139.05999755859375,137.10000610351562,138.2899932861328,9507100
C,2026-08-14,139.3300018310547,139.3300018310547,140.27999877929688,138.16000366210938,138.16000366210938,6829700
C,2026-08-17,138.50999450683594,138.50999450683594,140.8800048828125,137.80999755859375,139.25,8949800
C,2026-08-18,137.64999389648438,137.64999389648438,138.2100067138672,136.4499969482422,137.3000030517578,7079800
C,2026-08-19,132.88999938964844,132.88999938964844,137.7899932861328,132.35000610351562,137.74000549316406,10383200
C,2026-08-20,129.6699981689453,129.6699981689453,133.0800018310547,129.61000061035156,132.5,7830500
C,2026-08-21,131.64999389648438,131.64999389648438,132.25,130.33999633789062,131.22000122070312,11274100
C,2026-08-24,131.72000122070312,131.72000122070312,132.63999938964844,131.00999450683594,131.38999938964844,9324500
C,2026-08-25,133.25,133.25,133.67999267578125,131.5,132.77000427246094,6701300
C,2026-08-26,133.55999755859375,133.55999755859375,133.82000732421875,132.25,133.5399932861328,4543300
C,2026-08-27,132.67999267578125,132.67999267578125,133.9600067138672,131.77999877929688,132.9499969482422,11622100
C,2026-08-31,131.6199951171875,131.6199951171875,132.47999572753906,131.3300018310547,132.30999755859375,7553300
C,2026-09-01,132.5399932861328,132.5399932861328,134.61000061035156,130.1999969482422,131.07000732421875,6949500
