ticker,date,adj_close,close,high,low,open,volume
CAH,2010-01-04,21.52655601501465,32.529998779296875,32.65999984741211,31.899999618530273,32.2400016784668,3824400
CAH,2010-01-05,21.334653854370117,32.2400016784668,32.599998474121094,32.150001525878906,32.41999816894531,3023700
CAH,2010-01-06,20.98392677307129,31.709999084472656,32.380001068115234,31.579999923706055,32.380001068115234,3856700
CAH,2010-01-07,20.977312088012695,31.700000762939453,32.04999923706055,31.420000076293945,31.700000762939453,4737900
CAH,2010-01-08,20.9111385345459,31.600000381469727,31.860000610351562,31.479999542236328,31.709999084472656,3845300
CAH,2010-01-11,21.189069747924805,32.02000045776367,32.31999969482422,31.600000381469727,31.600000381469727,7568300
CAH,2010-01-12,21.063337326049805,31.829999923706055,32.060001373291016,31.670000076293945,32.060001373291016,3763900
CAH,2010-01-13,21.182453155517578,32.0099983215332,32.13999938964844,31.90999984741211,31.950000762939453,4807100
CAH,2010-01-14,21.586111068725586,32.619998931884766,32.66999816894531,31.889999389648438,32.11000061035156,5296300
CAH,2010-01-15,21.40083122253418,32.34000015258789,32.619998931884766,32.209999084472656,32.619998931884766,2658200
CAH,2010-01-19,21.890520095825195,33.08000183105469,33.15999984741211,32.439998626708984,32.45000076293945,2339500
CAH,2010-01-20,21.718461990356445,32.81999969482422,33.279998779296875,32.52000045776367,33.0,3379900
CAH,2010-01-21,21.195690155029297,32.029998779296875,32.79999923706055,31.610000610351562,32.7400016784668,4779800
CAH,2010-01-22,21.155977249145508,31.969999313354492,32.310001373291016,31.719999313354492,31.719999313354492,6572600
CAH,2010-01-25,21.31479835510254,32.209999084472656,32.58000183105469,32.130001068115234,32.279998779296875,4386700
CAH,2010-01-26,21.43391990661621,32.38999938964844,32.59000015258789,31.920000076293945,32.20000076293945,3512800
CAH,2010-01-27,20.719226837158203,31.309999465942383,32.40999984741211,31.299999237060547,32.40999984741211,7319900
CAH,2010-01-28,21.77801513671875,32.90999984741211,33.52000045776367,32.5,33.0,10174100
CAH,2010-01-29,21.88389778137207,33.06999969482422,33.79999923706055,33.029998779296875,33.709999084472656,5745500
CAH,2010-02-01,22.274328231811523,33.65999984741211,33.65999984741211,32.790000915527344,33.18000030517578,4374000
CAH,2010-02-02,22.664758682250977,34.25,34.41999816894531,33.66999816894531,33.77000045776367,5154800
CAH,2010-02-03,22.307416915893555,33.709999084472656,34.189998626708984,33.5,34.16999816894531,3034400
CAH,2010-02-04,21.572879791259766,32.599998474121094,33.689998626708984,32.54999923706055,33.689998626708984,5343600
CAH,2010-02-05,21.486854553222656,32.470001220703125,32.4900016784668,31.889999389648438,32.279998779296875,4211400
CAH,2010-02-08,21.34788703918457,32.2599983215332,32.63999938964844,32.209999084472656,32.369998931884766,2807400
CAH,2010-02-09,21.599349975585938,32.63999938964844,32.93000030517578,32.36000061035156,32.4900016784668,2386500
CAH,2010-02-10,21.281715393066406,32.15999984741211,32.59000015258789,32.02000045776367,32.540000915527344,2786500
CAH,2010-02-11,22.003007888793945,33.25,33.36000061035156,32.54999923706055,33.08000183105469,4564100
CAH,2010-02-12,22.089038848876953,33.380001068115234,33.459999084472656,32.70000076293945,33.060001373291016,3679300
CAH,2010-02-16,22.19491958618164,33.540000915527344,33.66999816894531,33.189998626708984,33.61000061035156,3826700
CAH,2010-02-17,22.333887100219727,33.75,33.79999923706055,33.209999084472656,33.689998626708984,3148300
CAH,2010-02-18,22.347118377685547,33.77000045776367,33.970001220703125,33.650001525878906,33.7400016784668,2594800
CAH,2010-02-19,22.386838912963867,33.83000183105469,33.869998931884766,33.400001525878906,33.650001525878906,3120100
CAH,2010-02-22,22.28094482421875,33.66999816894531,33.95000076293945,33.41999816894531,33.95000076293945,2610100
CAH,2010-02-23,21.830965042114258,32.9900016784668,33.619998931884766,32.91999816894531,33.529998779296875,3072900
CAH,2010-02-24,22.00963020324707,33.2599983215332,33.43000030517578,33.0,33.209999084472656,3648300
CAH,2010-02-25,22.24124526977539,33.61000061035156,33.68000030517578,32.77000045776367,33.029998779296875,4928100
CAH,2010-02-26,22.479469299316406,33.970001220703125,34.20000076293945,33.650001525878906,33.689998626708984,4734400
CAH,2010-03-01,23.207393646240234,35.06999969482422,35.08000183105469,33.970001220703125,34.04999923706055,5589000
CAH,2010-03-02,23.5250301361084,35.54999923706055,35.720001220703125,35.150001525878906,35.150001525878906,5199600
CAH,2010-03-03,23.266950607299805,35.15999984741211,35.689998626708984,35.0,35.58000183105469,4602600
CAH,2010-03-04,23.31988525390625,35.2400016784668,35.45000076293945,35.040000915527344,35.22999954223633,2886000
CAH,2010-03-05,23.491933822631836,35.5,35.63999938964844,35.29999923706055,35.38999938964844,3365000
CAH,2010-03-08,23.35959243774414,35.29999923706055,35.61000061035156,35.2400016784668,35.540000915527344,2136600
CAH,2010-03-09,23.293418884277344,35.20000076293945,35.40999984741211,35.06999969482422,35.40999984741211,2150700
CAH,2010-03-10,23.174304962158203,35.02000045776367,35.2599983215332,34.849998474121094,35.15999984741211,3478900
CAH,2010-03-11,23.154447555541992,34.9900016784668,35.11000061035156,34.650001525878906,35.0099983215332,4465700
CAH,2010-03-12,23.101512908935547,34.90999984741211,35.279998779296875,34.75,35.13999938964844,2339300
CAH,2010-03-15,23.44562530517578,35.43000030517578,35.459999084472656,34.7599983215332,34.7599983215332,2743600
CAH,2010-03-16,23.372827529907227,35.31999969482422,35.54999923706055,35.2599983215332,35.43000030517578,2983100
CAH,2010-03-17,23.485328674316406,35.4900016784668,35.61000061035156,35.31999969482422,35.5,2664300
CAH,2010-03-18,23.5250301361084,35.54999923706055,36.0,35.31999969482422,35.77000045776367,4137800
CAH,2010-03-19,23.723548889160156,35.849998474121094,36.0,35.58000183105469,35.849998474121094,5030700
CAH,2010-03-22,23.94854164123535,36.189998626708984,36.349998474121094,35.529998779296875,35.54999923706055,2730400
CAH,2010-03-23,23.99486541748047,36.2599983215332,36.33000183105469,35.959999084472656,36.29999923706055,2451600
CAH,2010-03-24,23.683839797973633,35.790000915527344,36.34000015258789,35.77000045776367,36.20000076293945,2840400
CAH,2010-03-25,23.657379150390625,35.75,36.2400016784668,35.75,36.130001068115234,2736000
CAH,2010-03-26,23.439002990722656,35.41999816894531,36.0,35.290000915527344,35.79999923706055,2577400
CAH,2010-03-29,23.869131088256836,36.06999969482422,36.15999984741211,35.47999954223633,35.54999923706055,1988900
CAH,2010-03-30,24.23819923400879,36.45000076293945,36.54999923706055,35.95000076293945,36.02000045776367,2668600
CAH,2010-03-31,23.958906173706055,36.029998779296875,36.45000076293945,35.95000076293945,36.41999816894531,3133500
CAH,2010-04-01,24.125144958496094,36.279998779296875,36.290000915527344,35.970001220703125,36.130001068115234,2865600
CAH,2010-04-05,24.15839385986328,36.33000183105469,36.59000015258789,36.27000045776367,36.47999954223633,1981400
CAH,2010-04-06,24.005447387695312,36.099998474121094,36.310001373291016,35.81999969482422,36.2400016784668,2251400
CAH,2010-04-07,23.726160049438477,35.68000030517578,35.9900016784668,35.4900016784668,35.970001220703125,2388700
CAH,2010-04-08,23.88575553894043,35.91999816894531,36.029998779296875,35.5099983215332,35.56999969482422,2840800
CAH,2010-04-09,24.23819923400879,36.45000076293945,36.470001220703125,35.93000030517578,35.97999954223633,2240700
CAH,2010-04-12,23.912351608276367,35.959999084472656,36.58000183105469,35.77000045776367,36.58000183105469,2856500
CAH,2010-04-13,23.89240837097168,35.93000030517578,35.939998626708984,35.630001068115234,35.810001373291016,2814000
CAH,2010-04-14,23.65301513671875,35.56999969482422,35.869998931884766,35.41999816894531,35.869998931884766,2354100
CAH,2010-04-15,23.726160049438477,35.68000030517578,35.93000030517578,35.47999954223633,35.59000015258789,2044600
CAH,2010-04-16,23.320537567138672,35.06999969482422,35.41999816894531,34.779998779296875,35.130001068115234,4344500
CAH,2010-04-19,23.36707878112793,35.13999938964844,35.209999084472656,34.86000061035156,35.0099983215332,2742700
CAH,2010-04-20,23.852508544921875,35.869998931884766,35.970001220703125,35.34000015258789,35.34000015258789,2371500
CAH,2010-04-21,23.65301513671875,35.56999969482422,35.939998626708984,35.470001220703125,35.900001525878906,2812700
CAH,2010-04-22,23.899063110351562,35.939998626708984,36.040000915527344,35.310001373291016,35.43000030517578,3653200
CAH,2010-04-23,24.071956634521484,36.20000076293945,36.290000915527344,35.70000076293945,35.9900016784668,2325900
CAH,2010-04-26,24.10519790649414,36.25,36.65999984741211,36.06999969482422,36.189998626708984,2856300
CAH,2010-04-27,23.739469528198242,35.70000076293945,36.540000915527344,35.630001068115234,36.04999923706055,3382500
CAH,2010-04-28,24.13180160522461,36.290000915527344,36.400001525878906,35.540000915527344,35.880001068115234,5370100
CAH,2010-04-29,23.706214904785156,35.650001525878906,36.38999938964844,35.5,36.119998931884766,5164200
CAH,2010-04-30,23.06783676147461,34.689998626708984,35.790000915527344,34.599998474121094,35.65999984741211,5017500
CAH,2010-05-03,23.500083923339844,35.34000015258789,35.36000061035156,34.560001373291016,34.689998626708984,3671000
CAH,2010-05-04,23.187536239624023,34.869998931884766,35.369998931884766,34.689998626708984,34.9900016784668,2977700
CAH,2010-05-05,23.79266929626465,35.779998779296875,35.79999923706055,34.619998931884766,34.619998931884766,5171800
CAH,2010-05-06,22.88829803466797,34.41999816894531,35.790000915527344,32.36000061035156,35.7400016784668,4634200
CAH,2010-05-07,22.469371795654297,33.790000915527344,34.5099983215332,33.2400016784668,34.5099983215332,4205000
CAH,2010-05-10,23.247398376464844,34.959999084472656,35.58000183105469,34.59000015258789,35.29999923706055,3766400
CAH,2010-05-11,23.293935775756836,35.029998779296875,35.38999938964844,34.630001068115234,34.68000030517578,3041200
CAH,2010-05-12,23.50672721862793,35.349998474121094,35.349998474121094,34.77000045776367,35.040000915527344,2705300
CAH,2010-05-13,23.047901153564453,34.65999984741211,35.40999984741211,34.63999938964844,35.18000030517578,4936600
CAH,2010-05-14,22.48932456970215,33.81999969482422,34.77000045776367,33.68000030517578,34.54999923706055,4802800
CAH,2010-05-17,22.68880844116211,34.119998931884766,34.209999084472656,33.439998626708984,33.849998474121094,3474400
CAH,2010-05-18,22.828454971313477,34.33000183105469,34.77000045776367,34.119998931884766,34.2599983215332,3923000
CAH,2010-05-19,22.702106475830078,34.13999938964844,34.45000076293945,33.849998474121094,34.22999954223633,2962400
CAH,2010-05-20,21.89749526977539,32.93000030517578,33.630001068115234,32.900001525878906,33.47999954223633,3204200
CAH,2010-05-21,22.083681106567383,33.209999084472656,33.459999084472656,32.150001525878906,32.5,5476400
CAH,2010-05-24,21.864255905151367,32.880001068115234,33.310001373291016,32.650001525878906,32.970001220703125,2883800
CAH,2010-05-25,21.817703247070312,32.810001373291016,32.83000183105469,31.770000457763672,32.27000045776367,4753800
CAH,2010-05-26,21.81104278564453,32.79999923706055,33.369998931884766,32.689998626708984,32.869998931884766,3109800
CAH,2010-05-27,22.382923126220703,33.65999984741211,33.65999984741211,33.06999969482422,33.31999969482422,2287800
CAH,2010-05-28,22.934858322143555,34.4900016784668,34.779998779296875,33.61000061035156,33.619998931884766,5076900
CAH,2010-06-01,22.549171447753906,33.90999984741211,34.650001525878906,33.79999923706055,34.209999084472656,4334100
CAH,2010-06-02,23.27399253845215,35.0,35.02000045776367,33.900001525878906,33.9900016784668,5578800
CAH,2010-06-03,23.739469528198242,35.70000076293945,35.90999984741211,35.029998779296875,35.029998779296875,3563600
CAH,2010-06-04,22.76861000061035,34.2400016784668,35.290000915527344,34.15999984741211,34.970001220703125,4660100
CAH,2010-06-07,22.52922248840332,33.880001068115234,34.540000915527344,33.86000061035156,34.310001373291016,4868400
CAH,2010-06-08,22.44942283630371,33.7599983215332,34.06999969482422,33.36000061035156,33.779998779296875,4623400
CAH,2010-06-09,22.48932456970215,33.81999969482422,34.470001220703125,33.689998626708984,34.04999923706055,6057100
CAH,2010-06-10,23.127695083618164,34.779998779296875,34.86000061035156,34.16999816894531,34.33000183105469,4009900
CAH,2010-06-11,23.320537567138672,35.06999969482422,35.06999969482422,34.400001525878906,34.41999816894531,3182500
CAH,2010-06-14,23.300580978393555,35.040000915527344,35.34000015258789,34.9900016784668,35.220001220703125,2631500
CAH,2010-06-15,23.746118545532227,35.709999084472656,35.720001220703125,35.13999938964844,35.369998931884766,3605100
CAH,2010-06-16,23.75940704345703,35.72999954223633,35.810001373291016,35.38999938964844,35.439998626708984,4528200
CAH,2010-06-17,24.058652877807617,36.18000030517578,36.209999084472656,35.72999954223633,35.72999954223633,4163600
CAH,2010-06-18,23.786006927490234,35.77000045776367,36.27000045776367,35.619998931884766,36.060001373291016,2883900
CAH,2010-06-21,23.64636993408203,35.560001373291016,36.209999084472656,35.400001525878906,36.04999923706055,2475800
CAH,2010-06-22,23.194194793701172,34.880001068115234,35.7400016784668,34.81999969482422,35.560001373291016,3443500
CAH,2010-06-23,23.014646530151367,34.61000061035156,34.93000030517578,34.25,34.779998779296875,3556800
CAH,2010-06-24,22.702106475830078,34.13999938964844,34.529998779296875,34.0,34.45000076293945,3594200
CAH,2010-06-25,22.76861000061035,34.2400016784668,34.29999923706055,33.810001373291016,34.13999938964844,5652800
CAH,2010-06-28,22.96809959411621,34.540000915527344,34.720001220703125,33.9900016784668,34.36000061035156,3617800
CAH,2010-06-29,22.650447845458984,33.869998931884766,34.150001525878906,33.66999816894531,34.11000061035156,4433100
CAH,2010-06-30,22.476564407348633,33.61000061035156,34.15999984741211,33.52000045776367,33.75,4741100
CAH,2010-07-01,22.463193893432617,33.59000015258789,33.68000030517578,32.779998779296875,33.63999938964844,4880100
CAH,2010-07-02,22.74407196044922,34.0099983215332,34.2599983215332,33.540000915527344,33.58000183105469,4521500
CAH,2010-07-06,22.871129989624023,34.20000076293945,34.5099983215332,33.880001068115234,34.25,5700100
CAH,2010-07-07,23.272380828857422,34.79999923706055,34.970001220703125,33.9900016784668,34.189998626708984,6093700
CAH,2010-07-08,23.065074920654297,34.4900016784668,35.150001525878906,34.29999923706055,35.060001373291016,5950100
CAH,2010-07-09,23.145313262939453,34.61000061035156,34.630001068115234,34.29999923706055,34.58000183105469,3745700
CAH,2010-07-12,23.02494239807129,34.43000030517578,34.66999816894531,34.369998931884766,34.540000915527344,3121100
CAH,2010-07-13,23.640195846557617,35.349998474121094,35.52000045776367,34.689998626708984,34.689998626708984,5019100
CAH,2010-07-14,23.867557525634766,35.689998626708984,35.83000183105469,34.939998626708984,35.31999969482422,4311900
CAH,2010-07-15,23.99462127685547,35.880001068115234,36.040000915527344,35.599998474121094,35.75,4280400
CAH,2010-07-16,23.506446838378906,35.150001525878906,35.90999984741211,35.130001068115234,35.630001068115234,3181000
CAH,2010-07-19,23.546567916870117,35.209999084472656,35.43000030517578,34.91999816894531,35.33000183105469,2262100
CAH,2010-07-20,23.586688995361328,35.27000045776367,35.310001373291016,34.560001373291016,34.81999969482422,2723100
CAH,2010-07-21,23.23893928527832,34.75,35.5,34.54999923706055,35.5,2886900
CAH,2010-07-22,22.24250602722168,33.2599983215332,35.529998779296875,33.04999923706055,35.040000915527344,9738200
CAH,2010-07-23,22.362878799438477,33.439998626708984,33.900001525878906,33.06999969482422,33.290000915527344,7326000
CAH,2010-07-26,22.596939086914062,33.790000915527344,33.93000030517578,33.47999954223633,33.5,3616200
CAH,2010-07-27,22.27594566345215,33.310001373291016,33.970001220703125,32.68000030517578,33.970001220703125,6816200
CAH,2010-07-28,21.78108024597168,32.56999969482422,33.54999923706055,32.459999084472656,33.220001220703125,4437700
CAH,2010-07-29,21.607202529907227,32.310001373291016,33.029998779296875,31.989999771118164,32.84000015258789,4440800
CAH,2010-07-30,21.58045196533203,32.27000045776367,32.529998779296875,31.420000076293945,32.119998931884766,4859400
CAH,2010-08-02,22.008445739746094,32.90999984741211,32.90999984741211,32.36000061035156,32.630001068115234,3438300
CAH,2010-08-03,21.981693267822266,32.869998931884766,33.15999984741211,32.59000015258789,32.779998779296875,3730900
CAH,2010-08-04,22.389633178710938,33.47999954223633,33.5099983215332,32.790000915527344,32.9900016784668,3118400
CAH,2010-08-05,22.021821975708008,32.93000030517578,33.209999084472656,32.2599983215332,32.54999923706055,4437800
CAH,2010-08-06,22.13550567626953,33.099998474121094,33.31999969482422,32.45000076293945,32.720001220703125,3137200
CAH,2010-08-09,22.08869171142578,33.029998779296875,33.22999954223633,32.7400016784668,33.13999938964844,3149200
CAH,2010-08-10,21.761014938354492,32.540000915527344,32.959999084472656,32.38999938964844,32.7400016784668,2798600
CAH,2010-08-11,20.985267639160156,31.3799991607666,32.2599983215332,31.31999969482422,32.2599983215332,4133100
CAH,2010-08-12,21.145763397216797,31.6200008392334,31.700000762939453,30.989999771118164,31.059999465942383,2307400
CAH,2010-08-13,20.971893310546875,31.360000610351562,31.549999237060547,31.18000030517578,31.450000762939453,2118500
CAH,2010-08-16,20.69101905822754,30.940000534057617,31.290000915527344,30.600000381469727,30.829999923706055,2638000
CAH,2010-08-17,20.958515167236328,31.34000015258789,31.549999237060547,30.93000030517578,31.209999084472656,2736800
CAH,2010-08-18,21.045454025268555,31.469999313354492,31.65999984741211,31.139999389648438,31.3700008392334,3150900
CAH,2010-08-19,20.818078994750977,31.1299991607666,31.3799991607666,30.799999237060547,31.309999465942383,3636900
CAH,2010-08-20,20.82476806640625,31.139999389648438,31.209999084472656,30.799999237060547,30.90999984741211,3073700
CAH,2010-08-23,20.791330337524414,31.09000015258789,31.549999237060547,31.09000015258789,31.1200008392334,2753300
CAH,2010-08-24,20.109216690063477,30.06999969482422,30.829999923706055,29.959999084472656,30.760000228881836,4382400
CAH,2010-08-25,20.78464126586914,31.079999923706055,31.219999313354492,29.809999465942383,29.889999389648438,5267500
CAH,2010-08-26,20.48370933532715,30.6299991607666,31.190000534057617,30.469999313354492,31.100000381469727,2790300
CAH,2010-08-27,20.61077880859375,30.81999969482422,30.84000015258789,30.170000076293945,30.770000457763672,2148800
CAH,2010-08-30,20.20283317565918,30.209999084472656,30.860000610351562,30.190000534057617,30.729999542236328,1982200
CAH,2010-08-31,20.035642623901367,29.959999084472656,30.190000534057617,29.690000534057617,29.950000762939453,3741700
CAH,2010-09-01,20.436891555786133,30.559999465942383,31.049999237060547,30.299999237060547,30.299999237060547,3035800
CAH,2010-09-02,20.69101905822754,30.940000534057617,31.0,30.5,30.639999389648438,1774100
CAH,2010-09-03,20.92508316040039,31.290000915527344,31.389999389648438,30.84000015258789,31.059999465942383,1942800
CAH,2010-09-07,20.89832878112793,31.25,31.25,30.790000915527344,31.1200008392334,3389000
CAH,2010-09-08,21.11901092529297,31.579999923706055,31.639999389648438,31.149999618530273,31.270000457763672,3862600
CAH,2010-09-09,21.266141891479492,31.799999237060547,31.920000076293945,31.719999313354492,31.719999313354492,2066300
CAH,2010-09-10,21.132394790649414,31.600000381469727,31.84000015258789,31.510000228881836,31.84000015258789,1859900
CAH,2010-09-13,21.132394790649414,31.600000381469727,32.0,31.459999084472656,31.899999618530273,1483100
CAH,2010-09-14,21.259449005126953,31.790000915527344,31.959999084472656,31.450000762939453,31.59000015258789,1656600
CAH,2010-09-15,22.055265426635742,32.97999954223633,33.029998779296875,31.600000381469727,31.639999389648438,5305200
CAH,2010-09-16,21.774389266967773,32.560001373291016,32.900001525878906,32.119998931884766,32.83000183105469,3218000
CAH,2010-09-17,21.8278865814209,32.63999938964844,32.84000015258789,32.290000915527344,32.689998626708984,3356500
CAH,2010-09-20,22.142202377319336,33.11000061035156,33.18000030517578,32.54999923706055,32.65999984741211,1341100
CAH,2010-09-21,22.142202377319336,33.11000061035156,33.27000045776367,32.869998931884766,33.0099983215332,2079600
CAH,2010-09-22,21.934890747070312,32.79999923706055,33.119998931884766,32.65999984741211,32.95000076293945,1767000
CAH,2010-09-23,21.754335403442383,32.529998779296875,33.119998931884766,32.459999084472656,32.54999923706055,3349600
CAH,2010-09-24,22.369577407836914,33.45000076293945,33.54999923706055,32.75,32.849998474121094,2242800
CAH,2010-09-27,21.96832275390625,32.849998474121094,33.34000015258789,32.790000915527344,33.34000015258789,1913400
CAH,2010-09-28,22.2023868560791,33.20000076293945,33.290000915527344,32.5,32.97999954223633,1509100
CAH,2010-09-29,22.299938201904297,33.150001525878906,33.400001525878906,32.709999084472656,32.91999816894531,2088700
CAH,2010-09-30,22.22593116760254,33.040000915527344,33.41999816894531,32.75,33.41999816894531,2853800
CAH,2010-10-01,22.098115921020508,32.849998474121094,33.310001373291016,32.70000076293945,33.279998779296875,1541900
CAH,2010-10-04,21.647411346435547,32.18000030517578,32.81999969482422,31.8799991607666,32.68000030517578,2498800
CAH,2010-10-05,22.165393829345703,32.95000076293945,33.130001068115234,32.400001525878906,32.470001220703125,2506800
CAH,2010-10-06,21.835763931274414,32.459999084472656,32.9900016784668,32.43000030517578,32.790000915527344,3711400
CAH,2010-10-07,22.044300079345703,32.77000045776367,33.029998779296875,32.529998779296875,32.630001068115234,1959200
CAH,2010-10-08,21.936670303344727,32.61000061035156,32.88999938964844,32.54999923706055,32.88999938964844,1699600
CAH,2010-10-11,21.970300674438477,32.65999984741211,32.779998779296875,32.560001373291016,32.58000183105469,1118800
CAH,2010-10-12,22.09139060974121,32.84000015258789,32.93000030517578,32.540000915527344,32.65999984741211,2646200
CAH,2010-10-13,22.320110321044922,33.18000030517578,33.36000061035156,32.849998474121094,32.970001220703125,1992200
CAH,2010-10-14,22.407554626464844,33.310001373291016,33.41999816894531,32.97999954223633,33.20000076293945,3683100
CAH,2010-10-15,22.347021102905273,33.220001220703125,33.689998626708984,33.040000915527344,33.560001373291016,2245800
CAH,2010-10-18,22.394115447998047,33.290000915527344,33.43000030517578,32.95000076293945,33.15999984741211,2016400
CAH,2010-10-19,21.64068031311035,32.16999816894531,33.0099983215332,32.040000915527344,32.90999984741211,3719900
CAH,2010-10-20,21.64068031311035,32.16999816894531,32.52000045776367,32.130001068115234,32.209999084472656,2324500
CAH,2010-10-21,21.526321411132812,32.0,32.41999816894531,31.829999923706055,32.2599983215332,2914000
CAH,2010-10-22,21.519590377807617,31.989999771118164,32.150001525878906,31.90999984741211,31.989999771118164,2699800
CAH,2010-10-25,21.80213165283203,32.40999984741211,32.77000045776367,32.040000915527344,32.119998931884766,3618700
CAH,2010-10-26,22.185565948486328,32.97999954223633,34.22999954223633,32.08000183105469,32.2400016784668,12988500
CAH,2010-10-27,22.474830627441406,33.40999984741211,33.61000061035156,32.849998474121094,33.16999816894531,5068100
CAH,2010-10-28,23.093711853027344,34.33000183105469,34.75,33.470001220703125,33.619998931884766,5055300
CAH,2010-10-29,23.33587646484375,34.689998626708984,34.90999984741211,34.22999954223633,34.2400016784668,4012200
CAH,2010-11-01,23.463699340820312,34.880001068115234,35.5,34.470001220703125,34.939998626708984,3031000
CAH,2010-11-02,23.793315887451172,35.369998931884766,35.66999816894531,35.08000183105469,35.16999816894531,3682400
CAH,2010-11-03,23.773141860961914,35.34000015258789,35.470001220703125,34.75,35.470001220703125,3561500
CAH,2010-11-04,24.008575439453125,35.689998626708984,35.7400016784668,35.31999969482422,35.56999969482422,4147700
CAH,2010-11-05,23.685684204101562,35.209999084472656,35.70000076293945,35.060001373291016,35.689998626708984,2500200
CAH,2010-11-08,23.69242286682129,35.220001220703125,35.43000030517578,35.09000015258789,35.209999084472656,1840200
CAH,2010-11-09,23.961496353149414,35.619998931884766,35.95000076293945,35.20000076293945,35.220001220703125,3911100
CAH,2010-11-10,23.726051330566406,35.27000045776367,35.529998779296875,35.0,35.5099983215332,2851800
CAH,2010-11-11,23.813491821289062,35.400001525878906,35.45000076293945,34.97999954223633,35.189998626708984,1659200
CAH,2010-11-12,23.55787467956543,35.02000045776367,35.27000045776367,34.810001373291016,35.099998474121094,1571700
CAH,2010-11-15,23.470420837402344,34.88999938964844,35.18000030517578,34.810001373291016,35.13999938964844,1596400
CAH,2010-11-16,23.147518157958984,34.40999984741211,34.959999084472656,34.220001220703125,34.7400016784668,2750400
CAH,2010-11-17,23.187889099121094,34.470001220703125,34.529998779296875,34.099998474121094,34.47999954223633,1443700
CAH,2010-11-18,24.593828201293945,36.560001373291016,36.790000915527344,35.02000045776367,35.130001068115234,6803500
CAH,2010-11-19,24.351661682128906,36.20000076293945,36.61000061035156,35.95000076293945,36.61000061035156,3173500
CAH,2010-11-22,24.33819580078125,36.18000030517578,36.41999816894531,35.709999084472656,36.41999816894531,1684300
CAH,2010-11-23,24.170024871826172,35.93000030517578,36.0099983215332,35.599998474121094,35.75,2788900
CAH,2010-11-24,24.32474136352539,36.15999984741211,36.380001068115234,35.79999923706055,36.16999816894531,1259300
CAH,2010-11-26,24.136388778686523,35.880001068115234,35.939998626708984,35.63999938964844,35.81999969482422,596400
CAH,2010-11-29,23.981674194335938,35.650001525878906,35.810001373291016,35.06999969482422,35.47999954223633,2675200
CAH,2010-11-30,23.934587478637695,35.58000183105469,36.2599983215332,35.310001373291016,35.65999984741211,3860100
CAH,2010-12-01,24.63418197631836,36.619998931884766,36.95000076293945,35.9900016784668,36.0,2689800
CAH,2010-12-02,25.13199234008789,37.36000061035156,37.5099983215332,36.540000915527344,36.560001373291016,3050100
CAH,2010-12-03,25.051267623901367,37.2400016784668,37.349998474121094,36.81999969482422,37.33000183105469,2124400
CAH,2010-12-06,25.004167556762695,37.16999816894531,37.2599983215332,36.97999954223633,37.029998779296875,1380400
CAH,2010-12-07,25.165616989135742,37.40999984741211,38.0,37.34000015258789,37.560001373291016,5071500
CAH,2010-12-08,24.728363037109375,36.7599983215332,37.599998474121094,36.47999954223633,37.52000045776367,5422700
CAH,2010-12-09,24.614013671875,36.59000015258789,36.970001220703125,36.400001525878906,36.869998931884766,3348100
CAH,2010-12-10,24.990720748901367,37.150001525878906,37.20000076293945,36.56999969482422,36.599998474121094,2459100
CAH,2010-12-13,24.889808654785156,37.0,37.38999938964844,36.70000076293945,37.38999938964844,2376800
CAH,2010-12-14,25.064706802368164,37.2599983215332,37.45000076293945,37.040000915527344,37.20000076293945,2064600
CAH,2010-12-15,24.943632125854492,37.08000183105469,37.38999938964844,36.86000061035156,37.130001068115234,2742200
CAH,2010-12-16,25.549057006835938,37.97999954223633,38.40999984741211,36.779998779296875,37.20000076293945,3943700
CAH,2010-12-17,26.040117263793945,38.709999084472656,38.7599983215332,37.970001220703125,37.9900016784668,4604600
CAH,2010-12-20,25.91902732849121,38.529998779296875,38.939998626708984,38.310001373291016,38.84000015258789,3217800
CAH,2010-12-21,26.033401489257812,38.70000076293945,38.84000015258789,38.400001525878906,38.72999954223633,2734700
CAH,2010-12-22,26.30921173095703,39.11000061035156,39.16999816894531,38.650001525878906,38.7599983215332,2836700
CAH,2010-12-23,26.194843292236328,38.939998626708984,39.290000915527344,38.880001068115234,39.119998931884766,2179500
CAH,2010-12-27,26.114120483398438,38.81999969482422,38.95000076293945,38.650001525878906,38.88999938964844,1171800
CAH,2010-12-28,26.067020416259766,38.75,38.970001220703125,38.599998474121094,38.849998474121094,1539000
CAH,2010-12-29,26.070415496826172,38.560001373291016,38.869998931884766,38.54999923706055,38.61000061035156,1564600
CAH,2010-12-30,26.036611557006836,38.5099983215332,38.63999938964844,38.36000061035156,38.400001525878906,1608300
CAH,2010-12-31,25.90139389038086,38.310001373291016,38.59000015258789,38.25,38.400001525878906,1122300
CAH,2011-01-03,26.279998779296875,38.869998931884766,39.13999938964844,38.63999938964844,38.63999938964844,2113200
CAH,2011-01-04,26.083940505981445,38.58000183105469,39.060001373291016,38.47999954223633,38.959999084472656,2888900
CAH,2011-01-05,26.286771774291992,38.880001068115234,39.0099983215332,38.279998779296875,38.54999923706055,2850500
CAH,2011-01-06,26.604522705078125,39.349998474121094,39.40999984741211,38.880001068115234,38.95000076293945,2225400
CAH,2011-01-07,26.23267364501953,38.79999923706055,39.529998779296875,38.75,39.400001525878906,4855800
CAH,2011-01-10,26.53015899658203,39.2400016784668,39.29999923706055,38.5099983215332,38.720001220703125,2454200
CAH,2011-01-11,26.976383209228516,39.900001525878906,40.27000045776367,39.2400016784668,39.38999938964844,3975200
CAH,2011-01-12,27.2130184173584,40.25,40.310001373291016,39.84000015258789,40.130001068115234,2631600
CAH,2011-01-13,27.469940185546875,40.630001068115234,40.86000061035156,40.25,40.25,3013600
CAH,2011-01-14,27.44290542602539,40.59000015258789,40.65999984741211,40.130001068115234,40.599998474121094,3119000
CAH,2011-01-18,27.95673179626465,41.349998474121094,41.540000915527344,40.5,40.65999984741211,3824200
CAH,2011-01-19,27.60515785217285,40.83000183105469,41.619998931884766,40.61000061035156,41.470001220703125,2836700
CAH,2011-01-20,27.348241806030273,40.45000076293945,40.790000915527344,39.88999938964844,40.72999954223633,4525800
CAH,2011-01-21,27.922931671142578,41.29999923706055,41.40999984741211,40.779998779296875,40.9900016784668,4347300
CAH,2011-01-24,28.037860870361328,41.470001220703125,41.599998474121094,41.27000045776367,41.279998779296875,3173700
CAH,2011-01-25,27.92967414855957,41.310001373291016,41.779998779296875,41.04999923706055,41.33000183105469,2646300
CAH,2011-01-26,28.274492263793945,41.81999969482422,41.939998626708984,41.349998474121094,41.470001220703125,2517400
CAH,2011-01-27,28.375913619995117,41.970001220703125,42.20000076293945,41.290000915527344,41.7400016784668,3586700
CAH,2011-01-28,27.767427444458008,41.06999969482422,42.029998779296875,40.93000030517578,42.029998779296875,2890000
CAH,2011-01-31,28.064903259277344,41.5099983215332,41.599998474121094,40.810001373291016,41.189998626708984,3251200
CAH,2011-02-01,28.36239242553711,41.95000076293945,42.369998931884766,41.849998474121094,41.95000076293945,2709700
CAH,2011-02-02,28.18660545349121,41.689998626708984,42.0,41.41999816894531,41.90999984741211,2848500
CAH,2011-02-03,28.60578727722168,42.310001373291016,43.0,40.38999938964844,42.75,4406400
CAH,2011-02-04,28.301536560058594,41.86000061035156,42.099998474121094,40.95000076293945,42.08000183105469,3243700
CAH,2011-02-07,28.220413208007812,41.7400016784668,42.09000015258789,41.5,41.9900016784668,3025700
CAH,2011-02-08,28.1392879486084,41.619998931884766,41.83000183105469,41.38999938964844,41.630001068115234,2616700
CAH,2011-02-09,27.997291564941406,41.40999984741211,41.59000015258789,41.08000183105469,41.47999954223633,2144100
CAH,2011-02-10,27.868839263916016,41.220001220703125,41.47999954223633,40.95000076293945,41.290000915527344,2218900
CAH,2011-02-11,28.105472564697266,41.56999969482422,41.630001068115234,40.81999969482422,41.099998474121094,2202700
CAH,2011-02-14,28.375913619995117,41.970001220703125,42.15999984741211,41.66999816894531,41.869998931884766,2253500
CAH,2011-02-15,28.288028717041016,41.84000015258789,42.029998779296875,41.41999816894531,41.689998626708984,2274700
CAH,2011-02-16,28.220413208007812,41.7400016784668,42.13999938964844,41.52000045776367,41.90999984741211,1693500
CAH,2011-02-17,28.301536560058594,41.86000061035156,41.95000076293945,41.459999084472656,41.709999084472656,1956100
CAH,2011-02-18,28.49085807800293,42.13999938964844,42.13999938964844,41.7599983215332,41.88999938964844,2040900
CAH,2011-02-22,27.75389862060547,41.04999923706055,41.869998931884766,40.9900016784668,41.689998626708984,1785000
CAH,2011-02-23,27.361764907836914,40.470001220703125,41.150001525878906,40.25,40.95000076293945,2518600
CAH,2011-02-24,27.375274658203125,40.4900016784668,40.63999938964844,40.130001068115234,40.400001525878906,2409400
CAH,2011-02-25,27.895877838134766,41.2599983215332,41.29999923706055,40.5,40.59000015258789,1902900
CAH,2011-02-28,28.15279197692871,41.63999938964844,41.75,41.2400016784668,41.459999084472656,2154700
CAH,2011-03-01,27.970252990722656,41.369998931884766,41.97999954223633,41.369998931884766,41.689998626708984,2959800
CAH,2011-03-02,27.814748764038086,41.13999938964844,41.45000076293945,41.04999923706055,41.310001373291016,2004300
CAH,2011-03-03,28.964126586914062,42.84000015258789,42.93000030517578,41.47999954223633,41.58000183105469,3675100
CAH,2011-03-04,28.75452995300293,42.529998779296875,42.81999969482422,42.16999816894531,42.810001373291016,2594900
CAH,2011-03-07,28.375913619995117,41.970001220703125,42.88999938964844,41.77000045776367,42.599998474121094,2124700
CAH,2011-03-08,28.538177490234375,42.209999084472656,42.5099983215332,41.959999084472656,42.060001373291016,1517400
CAH,2011-03-09,28.659879684448242,42.38999938964844,42.5,42.0,42.06999969482422,1577300
CAH,2011-03-10,27.83502960205078,41.16999816894531,42.040000915527344,41.060001373291016,41.90999984741211,3442600
CAH,2011-03-11,27.469940185546875,40.630001068115234,41.43000030517578,40.52000045776367,41.08000183105469,2270100
CAH,2011-03-14,27.24005889892578,40.290000915527344,40.779998779296875,40.13999938964844,40.31999969482422,2160000
CAH,2011-03-15,27.11160659790039,40.099998474121094,40.38999938964844,39.09000015258789,39.13999938964844,3889200
CAH,2011-03-16,26.55721092224121,39.279998779296875,40.02000045776367,38.91999816894531,39.95000076293945,3669500
CAH,2011-03-17,27.226533889770508,40.27000045776367,40.33000183105469,39.77000045776367,39.779998779296875,3079600
CAH,2011-03-18,27.348241806030273,40.45000076293945,41.13999938964844,40.18000030517578,40.689998626708984,2989400
CAH,2011-03-21,27.652475357055664,40.900001525878906,41.66999816894531,40.81999969482422,40.91999816894531,1802100
CAH,2011-03-22,27.632213592529297,40.869998931884766,41.060001373291016,40.720001220703125,40.90999984741211,2524600
CAH,2011-03-23,27.118366241455078,40.11000061035156,40.79999923706055,39.970001220703125,40.70000076293945,3316300
CAH,2011-03-24,27.530790328979492,40.720001220703125,40.810001373291016,40.20000076293945,40.27000045776367,1541400
CAH,2011-03-25,27.936450958251953,41.31999969482422,41.41999816894531,40.81999969482422,40.900001525878906,2516100
CAH,2011-03-28,28.051382064819336,41.4900016784668,41.720001220703125,41.15999984741211,41.34000015258789,2438700
CAH,2011-03-29,28.11899757385254,41.59000015258789,41.689998626708984,41.34000015258789,41.40999984741211,1792400
CAH,2011-03-30,28.224294662475586,41.54999923706055,41.7400016784668,41.470001220703125,41.65999984741211,1792200
CAH,2011-03-31,27.938980102539062,41.130001068115234,41.58000183105469,41.02000045776367,41.349998474121094,2650200
CAH,2011-04-01,28.672607421875,42.209999084472656,42.2599983215332,41.279998779296875,41.279998779296875,3231900
CAH,2011-04-04,28.570722579956055,42.060001373291016,42.47999954223633,42.0099983215332,42.2599983215332,1882900
CAH,2011-04-05,28.434865951538086,41.86000061035156,42.0099983215332,41.599998474121094,41.900001525878906,1982100
CAH,2011-04-06,28.679401397705078,42.220001220703125,42.25,41.90999984741211,41.939998626708984,1834500
CAH,2011-04-07,28.69298553466797,42.2400016784668,42.43000030517578,41.7599983215332,42.02000045776367,1855700
CAH,2011-04-08,28.652233123779297,42.18000030517578,42.689998626708984,42.029998779296875,42.45000076293945,2366600
CAH,2011-04-11,28.51637077331543,41.97999954223633,42.5,41.83000183105469,42.18000030517578,1802600
CAH,2011-04-12,27.9797420501709,41.189998626708984,42.029998779296875,41.130001068115234,41.810001373291016,2595900
CAH,2011-04-13,27.905017852783203,41.08000183105469,41.47999954223633,40.84000015258789,41.40999984741211,2663100
CAH,2011-04-14,27.612926483154297,40.650001525878906,41.02000045776367,40.52000045776367,40.959999084472656,3308100
CAH,2011-04-15,27.830299377441406,40.970001220703125,41.2400016784668,40.56999969482422,40.84000015258789,4496200
CAH,2011-04-18,28.02729606628418,41.2599983215332,41.369998931884766,40.310001373291016,40.4900016784668,3093800
CAH,2011-04-19,28.51637077331543,41.97999954223633,42.08000183105469,41.29999923706055,41.36000061035156,3222800
CAH,2011-04-20,28.93754005432129,42.599998474121094,42.93000030517578,42.380001068115234,42.5,2418700
CAH,2011-04-21,29.182071685791016,42.959999084472656,42.9900016784668,42.560001373291016,42.79999923706055,1979500
CAH,2011-04-25,29.13453483581543,42.88999938964844,42.959999084472656,42.599998474121094,42.779998779296875,1918900
CAH,2011-04-26,29.372278213500977,43.2400016784668,43.34000015258789,42.83000183105469,43.0,2000000
CAH,2011-04-27,29.963247299194336,44.11000061035156,44.150001525878906,43.16999816894531,43.2400016784668,2373800
CAH,2011-04-28,29.542095184326172,43.4900016784668,44.61000061035156,42.7599983215332,44.0,4434800
CAH,2011-04-29,29.677953720092773,43.689998626708984,43.720001220703125,43.290000915527344,43.599998474121094,2879700
CAH,2011-05-02,30.10590934753418,44.31999969482422,44.33000183105469,43.79999923706055,43.79999923706055,2606600
CAH,2011-05-03,30.23496437072754,44.5099983215332,44.52000045776367,43.970001220703125,44.18000030517578,2927600
CAH,2011-05-04,30.2689266204834,44.560001373291016,44.619998931884766,44.09000015258789,44.380001068115234,2742300
CAH,2011-05-05,30.32326316833496,44.63999938964844,45.08000183105469,44.27000045776367,44.38999938964844,3060400
CAH,2011-05-06,30.28251838684082,44.58000183105469,45.4900016784668,44.540000915527344,45.08000183105469,3767500
CAH,2011-05-09,30.77159881591797,45.29999923706055,45.38999938964844,44.650001525878906,44.65999984741211,2781100
CAH,2011-05-10,30.812360763549805,45.36000061035156,45.599998474121094,44.75,45.43000030517578,2504300
CAH,2011-05-11,30.47951316833496,44.869998931884766,45.400001525878906,44.63999938964844,45.22999954223633,2131800
CAH,2011-05-12,30.486312866210938,44.880001068115234,45.060001373291016,44.560001373291016,44.77000045776367,2216500
CAH,2011-05-13,30.19420623779297,44.45000076293945,45.09000015258789,44.25,45.0099983215332,2708600
CAH,2011-05-16,30.52707290649414,44.939998626708984,45.08000183105469,44.20000076293945,44.25,2857300
CAH,2011-05-17,30.418359756469727,44.779998779296875,44.779998779296875,44.310001373291016,44.7599983215332,2141300
CAH,2011-05-18,30.93463134765625,45.540000915527344,45.61000061035156,44.65999984741211,44.81999969482422,2638300
CAH,2011-05-19,30.737648010253906,45.25,45.68000030517578,45.06999969482422,45.34000015258789,1620000
CAH,2011-05-20,30.513477325439453,44.91999816894531,45.2599983215332,44.63999938964844,45.209999084472656,1649400
CAH,2011-05-23,30.180631637573242,44.43000030517578,44.4900016784668,43.790000915527344,44.4900016784668,2379700
CAH,2011-05-24,30.377620697021484,44.720001220703125,44.75,44.2400016784668,44.459999084472656,2160100
CAH,2011-05-25,30.594982147216797,45.040000915527344,45.06999969482422,44.54999923706055,44.63999938964844,2029300
CAH,2011-05-26,30.812360763549805,45.36000061035156,45.41999816894531,44.470001220703125,44.83000183105469,2746100
CAH,2011-05-27,30.80556297302246,45.349998474121094,45.54999923706055,44.90999984741211,45.290000915527344,1682900
CAH,2011-05-31,30.853118896484375,45.41999816894531,45.72999954223633,44.93000030517578,45.689998626708984,1919100
CAH,2011-06-01,30.23496437072754,44.5099983215332,45.40999984741211,44.459999084472656,45.33000183105469,2030800
CAH,2011-06-02,30.167041778564453,44.40999984741211,44.599998474121094,44.04999923706055,44.5099983215332,2023200
CAH,2011-06-03,29.922494888305664,44.04999923706055,44.220001220703125,43.779998779296875,43.959999084472656,2436700
CAH,2011-06-06,29.97005844116211,44.119998931884766,44.279998779296875,43.970001220703125,44.04999923706055,2032900
CAH,2011-06-07,29.922494888305664,44.04999923706055,44.45000076293945,43.959999084472656,44.349998474121094,1371700
CAH,2011-06-08,29.874950408935547,43.97999954223633,44.13999938964844,43.7400016784668,43.97999954223633,2363500
CAH,2011-06-09,30.18742561340332,44.439998626708984,44.790000915527344,43.959999084472656,44.08000183105469,1798200
CAH,2011-06-10,29.38585662841797,43.2599983215332,44.310001373291016,43.220001220703125,44.310001373291016,2596600
CAH,2011-06-13,29.657573699951172,43.65999984741211,43.95000076293945,43.400001525878906,43.41999816894531,2033400
CAH,2011-06-14,29.82061195373535,43.900001525878906,44.310001373291016,43.86000061035156,44.08000183105469,2305300
CAH,2011-06-15,29.596439361572266,43.56999969482422,44.130001068115234,43.38999938964844,43.599998474121094,1672600
CAH,2011-06-16,29.521728515625,43.459999084472656,43.560001373291016,43.0,43.470001220703125,2072500
CAH,2011-06-17,29.807022094726562,43.880001068115234,44.16999816894531,43.7400016784668,43.7400016784668,2450900
CAH,2011-06-20,30.201004028320312,44.459999084472656,44.5099983215332,43.650001525878906,43.650001525878906,1637900
CAH,2011-06-21,30.615367889404297,45.06999969482422,45.2599983215332,44.5099983215332,44.75,3186300
CAH,2011-06-22,30.23496437072754,44.5099983215332,45.16999816894531,44.5,44.9900016784668,2824900
CAH,2011-06-23,30.099103927612305,44.310001373291016,44.38999938964844,43.470001220703125,44.08000183105469,2626600
CAH,2011-06-24,29.888540267944336,44.0,44.5,43.869998931884766,44.29999923706055,3045800
CAH,2011-06-27,29.847774505615234,43.939998626708984,44.369998931884766,43.70000076293945,44.060001373291016,3177100
CAH,2011-06-28,30.581398010253906,45.02000045776367,45.02000045776367,44.060001373291016,44.130001068115234,1998200
CAH,2011-06-29,30.721330642700195,45.0099983215332,45.13999938964844,44.56999969482422,45.06999969482422,2653400
CAH,2011-06-30,31.001171112060547,45.41999816894531,45.47999954223633,44.970001220703125,45.209999084472656,4361600
CAH,2011-07-01,31.61546516418457,46.31999969482422,46.40999984741211,45.459999084472656,45.5,2919900
CAH,2011-07-05,31.656423568725586,46.380001068115234,46.5099983215332,46.040000915527344,46.220001220703125,2274300
CAH,2011-07-06,31.895286560058594,46.72999954223633,46.95000076293945,46.15999984741211,46.22999954223633,2351600
CAH,2011-07-07,31.963550567626953,46.83000183105469,47.060001373291016,46.66999816894531,47.0,2657600
CAH,2011-07-08,31.704185485839844,46.45000076293945,46.59000015258789,46.18000030517578,46.43000030517578,2406200
CAH,2011-07-11,31.199111938476562,45.709999084472656,46.290000915527344,45.619998931884766,45.95000076293945,2598600
CAH,2011-07-12,31.554027557373047,46.22999954223633,46.779998779296875,45.709999084472656,45.709999084472656,3576800
CAH,2011-07-13,31.66324234008789,46.38999938964844,47.0099983215332,46.25,46.439998626708984,2542500
CAH,2011-07-14,31.519906997680664,46.18000030517578,46.779998779296875,45.83000183105469,46.43000030517578,2901000
CAH,2011-07-15,31.58814239501953,46.279998779296875,46.58000183105469,45.81999969482422,46.40999984741211,2715500
CAH,2011-07-18,31.199111938476562,45.709999084472656,46.529998779296875,45.40999984741211,46.13999938964844,2094100
CAH,2011-07-19,31.267364501953125,45.810001373291016,45.9900016784668,45.43000030517578,45.91999816894531,2667200
CAH,2011-07-20,31.069416046142578,45.52000045776367,45.83000183105469,45.38999938964844,45.83000183105469,2683600
CAH,2011-07-21,31.39022445678711,45.9900016784668,46.970001220703125,44.79999923706055,46.18000030517578,7104300
CAH,2011-07-22,31.42435646057129,46.040000915527344,46.2599983215332,45.83000183105469,45.9900016784668,2381200
CAH,2011-07-25,30.98068618774414,45.38999938964844,45.90999984741211,45.34000015258789,45.68000030517578,1758900
CAH,2011-07-26,30.461963653564453,44.630001068115234,45.349998474121094,44.61000061035156,45.34000015258789,2181600
CAH,2011-07-27,29.82036781311035,43.689998626708984,44.66999816894531,43.619998931884766,44.470001220703125,3556000
CAH,2011-07-28,29.636072158813477,43.41999816894531,44.4900016784668,43.369998931884766,43.720001220703125,3696600
CAH,2011-07-29,29.868144989013672,43.7599983215332,44.04999923706055,42.869998931884766,43.119998931884766,4294700
CAH,2011-08-01,29.19925308227539,42.779998779296875,44.130001068115234,42.119998931884766,44.060001373291016,3628200
CAH,2011-08-02,28.762418746948242,42.13999938964844,42.90999984741211,42.11000061035156,42.56999969482422,3549600
CAH,2011-08-03,28.79654884338379,42.189998626708984,42.5099983215332,41.25,42.349998474121094,3900800
CAH,2011-08-04,27.50653839111328,40.29999923706055,41.459999084472656,40.119998931884766,40.79999923706055,5884100
CAH,2011-08-05,27.390504837036133,40.130001068115234,40.90999984741211,39.189998626708984,40.70000076293945,5907200
CAH,2011-08-08,25.929868698120117,37.9900016784668,39.63999938964844,37.97999954223633,38.97999954223633,6466900
CAH,2011-08-09,27.15161895751953,39.779998779296875,39.86000061035156,37.529998779296875,38.38999938964844,8780600
CAH,2011-08-10,26.25748634338379,38.470001220703125,40.599998474121094,38.369998931884766,39.83000183105469,8671400
CAH,2011-08-11,27.629392623901367,40.47999954223633,40.97999954223633,38.43000030517578,38.5099983215332,5140500
CAH,2011-08-12,27.89558982849121,40.869998931884766,41.5,40.439998626708984,40.70000076293945,3816800
CAH,2011-08-15,28.393840789794922,41.599998474121094,41.619998931884766,40.709999084472656,41.27000045776367,3090900
CAH,2011-08-16,28.31195068359375,41.47999954223633,41.77000045776367,40.7400016784668,41.040000915527344,3187100
CAH,2011-08-17,28.584962844848633,41.880001068115234,42.27000045776367,41.349998474121094,41.61000061035156,3637800
CAH,2011-08-18,27.533828735351562,40.34000015258789,41.04999923706055,39.90999984741211,40.81999969482422,4317700
CAH,2011-08-19,27.288124084472656,39.97999954223633,40.790000915527344,39.709999084472656,39.79999923706055,3375500
CAH,2011-08-22,27.19257354736328,39.84000015258789,40.959999084472656,39.72999954223633,40.79999923706055,2768700
CAH,2011-08-23,28.032100677490234,41.06999969482422,41.06999969482422,39.70000076293945,39.91999816894531,2303800
CAH,2011-08-24,27.970670700073242,40.97999954223633,41.369998931884766,40.599998474121094,40.939998626708984,3430100
CAH,2011-08-25,27.45876121520996,40.22999954223633,41.2400016784668,40.099998474121094,41.099998474121094,2289800
CAH,2011-08-26,28.011634826660156,41.040000915527344,41.27000045776367,39.27000045776367,40.06999969482422,3312300
CAH,2011-08-29,28.70782470703125,42.060001373291016,42.06999969482422,41.41999816894531,41.45000076293945,1941400
CAH,2011-08-30,28.803363800048828,42.20000076293945,42.470001220703125,41.540000915527344,42.11000061035156,3162700
CAH,2011-08-31,29.00813865661621,42.5,43.040000915527344,42.20000076293945,42.5,2399700
CAH,2011-09-01,28.789722442626953,42.18000030517578,43.2599983215332,42.02000045776367,42.45000076293945,2530000
CAH,2011-09-02,28.26418113708496,41.40999984741211,42.119998931884766,41.369998931884766,41.4900016784668,2027500
CAH,2011-09-06,28.134479522705078,41.220001220703125,41.310001373291016,40.09000015258789,40.279998779296875,2249900
CAH,2011-09-07,29.090036392211914,42.619998931884766,42.619998931884766,41.560001373291016,41.93000030517578,2170100
CAH,2011-09-08,28.46891975402832,41.709999084472656,42.779998779296875,41.689998626708984,42.43000030517578,2746000
CAH,2011-09-09,27.424636840820312,40.18000030517578,41.33000183105469,39.91999816894531,41.25,3727200
CAH,2011-09-12,27.253986358642578,39.93000030517578,40.18000030517578,39.29999923706055,39.83000183105469,3500200
CAH,2011-09-13,27.827341079711914,40.77000045776367,40.869998931884766,39.86000061035156,40.09000015258789,4083800
CAH,2011-09-14,28.380191802978516,41.58000183105469,42.04999923706055,40.52000045776367,40.81999969482422,2725300
CAH,2011-09-15,28.243682861328125,41.380001068115234,41.9900016784668,40.27000045776367,41.880001068115234,4003100
CAH,2011-09-16,29.431324005126953,43.119998931884766,43.400001525878906,41.5099983215332,41.65999984741211,5991000
CAH,2011-09-19,29.506399154663086,43.22999954223633,43.45000076293945,42.5,42.650001525878906,2988100
CAH,2011-09-20,30.03195571899414,44.0,44.45000076293945,43.150001525878906,43.4900016784668,3745400
CAH,2011-09-21,29.110532760620117,42.650001525878906,44.13999938964844,42.650001525878906,44.08000183105469,3142000
CAH,2011-09-22,28.48941421508789,41.7400016784668,42.13999938964844,41.33000183105469,41.59000015258789,3895100
CAH,2011-09-23,28.475751876831055,41.720001220703125,42.290000915527344,41.189998626708984,41.56999969482422,4048000
CAH,2011-09-26,29.588298797607422,43.349998474121094,43.369998931884766,41.61000061035156,42.22999954223633,3814600
CAH,2011-09-27,30.072912216186523,44.060001373291016,44.599998474121094,43.81999969482422,44.15999984741211,3734500
CAH,2011-09-28,29.56877326965332,43.11000061035156,44.33000183105469,43.0,43.93000030517578,3152000
CAH,2011-09-29,29.520769119262695,43.040000915527344,44.439998626708984,42.40999984741211,43.84000015258789,3075100
CAH,2011-09-30,28.725135803222656,41.880001068115234,42.810001373291016,41.880001068115234,42.619998931884766,3671600
CAH,2011-10-03,27.353343963623047,39.880001068115234,42.36000061035156,39.880001068115234,41.560001373291016,5641600
CAH,2011-10-04,27.50423812866211,40.099998474121094,40.150001525878906,38.61000061035156,39.36000061035156,3800000
CAH,2011-10-05,27.74430274963379,40.45000076293945,40.709999084472656,39.959999084472656,40.15999984741211,2749400
CAH,2011-10-06,27.42193031311035,39.97999954223633,40.2400016784668,38.560001373291016,40.09000015258789,5434400
CAH,2011-10-07,27.613985061645508,40.2599983215332,40.79999923706055,39.7400016784668,40.349998474121094,5072000
CAH,2011-10-10,28.334177017211914,41.310001373291016,41.33000183105469,40.599998474121094,40.84000015258789,2148800
CAH,2011-10-11,28.286169052124023,41.2400016784668,41.380001068115234,40.900001525878906,41.060001373291016,1726800
CAH,2011-10-12,28.47134780883789,41.5099983215332,42.029998779296875,41.279998779296875,41.41999816894531,2403400
CAH,2011-10-13,28.47820281982422,41.52000045776367,41.56999969482422,40.81999969482422,41.22999954223633,2061200
CAH,2011-10-14,28.869169235229492,42.09000015258789,42.25,41.779998779296875,41.93000030517578,1663700
CAH,2011-10-17,28.341033935546875,41.31999969482422,41.86000061035156,41.2599983215332,41.75,2208400
CAH,2011-10-18,28.807432174682617,42.0,42.400001525878906,41.060001373291016,41.29999923706055,2761000
CAH,2011-10-19,28.98577308654785,42.2599983215332,42.70000076293945,41.86000061035156,42.0,2333000
CAH,2011-10-20,29.09551239013672,42.41999816894531,42.88999938964844,41.939998626708984,42.459999084472656,2926200
CAH,2011-10-21,30.179218292236328,44.0,44.209999084472656,42.790000915527344,42.790000915527344,3779700
CAH,2011-10-24,30.213512420654297,44.04999923706055,44.150001525878906,43.79999923706055,43.95000076293945,1952800
CAH,2011-10-25,29.51390266418457,43.029998779296875,44.279998779296875,42.95000076293945,44.279998779296875,2841300
CAH,2011-10-26,30.261526107788086,44.119998931884766,44.95000076293945,43.5,44.18000030517578,4322200
CAH,2011-10-27,30.830812454223633,44.95000076293945,45.15999984741211,42.18000030517578,42.529998779296875,3431800
CAH,2011-10-28,31.201200485229492,45.4900016784668,46.22999954223633,44.58000183105469,44.58000183105469,3660800
CAH,2011-10-31,30.36441421508789,44.27000045776367,45.08000183105469,44.2400016784668,44.25,2599500
CAH,2011-11-01,29.589357376098633,43.13999938964844,43.61000061035156,42.79999923706055,42.91999816894531,3079700
CAH,2011-11-02,30.055755615234375,43.81999969482422,44.11000061035156,43.36000061035156,43.810001373291016,2117000
CAH,2011-11-03,30.350690841674805,44.25,44.66999816894531,43.959999084472656,44.369998931884766,1875200
CAH,2011-11-04,30.007741928100586,43.75,44.369998931884766,43.45000076293945,44.08000183105469,1480500
CAH,2011-11-07,30.28896713256836,44.15999984741211,44.16999816894531,43.380001068115234,43.72999954223633,1491500
CAH,2011-11-08,30.275239944458008,44.13999938964844,44.349998474121094,43.650001525878906,44.349998474121094,2625900
CAH,2011-11-09,29.41101837158203,42.880001068115234,43.52000045776367,42.619998931884766,43.349998474121094,2400000
CAH,2011-11-10,29.6304931640625,43.20000076293945,43.58000183105469,42.72999954223633,43.20000076293945,1787000
CAH,2011-11-11,30.803373336791992,44.90999984741211,44.939998626708984,43.75,43.779998779296875,2650100
CAH,2011-11-14,30.41928482055664,44.349998474121094,44.880001068115234,44.25,44.58000183105469,1953300
CAH,2011-11-15,30.405567169189453,44.33000183105469,44.47999954223633,43.790000915527344,44.130001068115234,1779500
CAH,2011-11-16,29.424755096435547,42.900001525878906,44.0,42.849998474121094,43.869998931884766,1998800
CAH,2011-11-17,28.972049713134766,42.2400016784668,43.15999984741211,42.029998779296875,42.810001373291016,2096600
CAH,2011-11-18,28.725135803222656,41.880001068115234,42.599998474121094,41.86000061035156,42.56999969482422,2254300
CAH,2011-11-21,27.881488800048828,40.650001525878906,41.45000076293945,40.400001525878906,41.15999984741211,3422300
CAH,2011-11-22,27.799179077148438,40.529998779296875,40.970001220703125,40.290000915527344,40.5,2699800
CAH,2011-11-23,28.018665313720703,40.849998474121094,41.18000030517578,39.810001373291016,40.15999984741211,3623600
CAH,2011-11-25,27.634567260742188,40.290000915527344,40.84000015258789,40.290000915527344,40.70000076293945,900200
CAH,2011-11-28,28.560518264770508,41.63999938964844,41.65999984741211,41.150001525878906,41.43000030517578,2502900
CAH,2011-11-29,28.052949905395508,40.900001525878906,41.81999969482422,40.709999084472656,41.81999969482422,3298800
CAH,2011-11-30,29.12293815612793,42.459999084472656,42.47999954223633,41.59000015258789,42.0,2649800
CAH,2011-12-01,29.061220169067383,42.369998931884766,42.939998626708984,42.290000915527344,42.470001220703125,1675400
CAH,2011-12-02,28.423330307006836,41.439998626708984,42.619998931884766,40.93000030517578,42.61000061035156,5160300
CAH,2011-12-05,28.128402709960938,41.0099983215332,42.189998626708984,40.84000015258789,42.08000183105469,3838400
CAH,2011-12-06,28.14211654663086,41.029998779296875,41.529998779296875,40.939998626708984,41.18000030517578,2740300
CAH,2011-12-07,28.67711639404297,41.810001373291016,42.18000030517578,40.65999984741211,41.0099983215332,5433000
CAH,2011-12-08,28.32045555114746,41.290000915527344,41.779998779296875,41.189998626708984,41.599998474121094,3106000
CAH,2011-12-09,28.731979370117188,41.88999938964844,42.15999984741211,41.33000183105469,41.45000076293945,1838700
CAH,2011-12-12,28.217565536499023,41.13999938964844,41.59000015258789,40.880001068115234,41.5,1642200
CAH,2011-12-13,28.100963592529297,40.970001220703125,41.650001525878906,40.72999954223633,41.27000045776367,2079100
CAH,2011-12-14,27.83346939086914,40.58000183105469,41.16999816894531,40.540000915527344,40.939998626708984,2289000
CAH,2011-12-15,28.14211654663086,41.029998779296875,41.22999954223633,40.779998779296875,41.040000915527344,1486800
CAH,2011-12-16,28.08039665222168,40.939998626708984,41.630001068115234,40.939998626708984,41.369998931884766,2970000
CAH,2011-12-19,27.66885757446289,40.34000015258789,41.20000076293945,40.220001220703125,41.08000183105469,2548600
CAH,2011-12-20,28.004947662353516,40.83000183105469,41.150001525878906,40.75,40.900001525878906,2948000
CAH,2011-12-21,27.8746280670166,40.63999938964844,40.93000030517578,40.45000076293945,40.72999954223633,1976200
CAH,2011-12-22,28.046091079711914,40.88999938964844,40.959999084472656,40.52000045776367,40.790000915527344,1427400
CAH,2011-12-23,28.0941104888916,40.959999084472656,41.029998779296875,40.790000915527344,41.0,1291300
CAH,2011-12-27,28.03238296508789,40.869998931884766,41.02000045776367,40.58000183105469,40.939998626708984,1395200
CAH,2011-12-28,27.622112274169922,40.060001373291016,40.869998931884766,40.0099983215332,40.650001525878906,1190300
CAH,2011-12-29,28.022037506103516,40.63999938964844,40.68000030517578,40.0099983215332,40.040000915527344,1222800
CAH,2011-12-30,28.001346588134766,40.61000061035156,40.93000030517578,40.45000076293945,40.529998779296875,870100
CAH,2012-01-03,28.601232528686523,41.47999954223633,41.75,41.209999084472656,41.22999954223633,2079900
CAH,2012-01-04,28.408170700073242,41.20000076293945,41.470001220703125,40.93000030517578,41.349998474121094,1645900
CAH,2012-01-05,28.20130729675293,40.900001525878906,41.15999984741211,40.619998931884766,40.93000030517578,2438600
CAH,2012-01-06,28.65639877319336,41.560001373291016,41.72999954223633,40.79999923706055,40.88999938964844,2079400
CAH,2012-01-09,28.435754776000977,41.2400016784668,41.470001220703125,40.88999938964844,41.22999954223633,2075500
CAH,2012-01-10,28.54606819152832,41.400001525878906,41.959999084472656,41.380001068115234,41.619998931884766,1991000
CAH,2012-01-11,28.670185089111328,41.58000183105469,41.61000061035156,41.220001220703125,41.400001525878906,1581700
CAH,2012-01-12,28.86324691772461,41.86000061035156,41.86000061035156,41.380001068115234,41.599998474121094,2239900
CAH,2012-01-13,28.442636489868164,41.25,41.650001525878906,41.150001525878906,41.529998779296875,2328200
CAH,2012-01-17,28.78740692138672,41.75,41.9900016784668,41.56999969482422,41.63999938964844,1608600
CAH,2012-01-18,29.159744262695312,42.290000915527344,42.56999969482422,41.849998474121094,41.95000076293945,3310400
CAH,2012-01-19,29.449338912963867,42.709999084472656,42.79999923706055,41.97999954223633,42.279998779296875,1945400
CAH,2012-01-20,29.401073455810547,42.63999938964844,43.11000061035156,42.4900016784668,42.720001220703125,2761900
CAH,2012-01-23,28.959779739379883,42.0,42.7599983215332,41.939998626708984,42.7599983215332,2381500
CAH,2012-01-24,28.856361389160156,41.849998474121094,42.18000030517578,41.619998931884766,41.77000045776367,2631700
CAH,2012-01-25,29.01494598388672,42.08000183105469,42.150001525878906,41.349998474121094,41.70000076293945,2143200
CAH,2012-01-26,29.04252815246582,42.119998931884766,42.189998626708984,41.29999923706055,42.130001068115234,2221100
CAH,2012-01-27,29.194215774536133,42.34000015258789,42.560001373291016,42.0,42.04999923706055,1503000
CAH,2012-01-30,29.373491287231445,42.599998474121094,42.720001220703125,41.83000183105469,41.93000030517578,2105400
CAH,2012-01-31,29.669979095458984,43.029998779296875,44.4900016784668,42.79999923706055,43.38999938964844,4163000
CAH,2012-02-01,29.704463958740234,43.08000183105469,43.68000030517578,43.08000183105469,43.22999954223633,3040500
CAH,2012-02-02,29.11147689819336,42.220001220703125,44.02000045776367,42.09000015258789,44.02000045776367,4564700
CAH,2012-02-03,28.994251251220703,42.04999923706055,42.81999969482422,40.93000030517578,42.560001373291016,8352500
CAH,2012-02-06,28.821876525878906,41.79999923706055,42.220001220703125,41.619998931884766,41.97999954223633,3537800
CAH,2012-02-07,29.242483139038086,42.40999984741211,42.470001220703125,41.709999084472656,41.810001373291016,2581000
CAH,2012-02-08,29.31143569946289,42.5099983215332,42.65999984741211,42.220001220703125,42.349998474121094,2206300
CAH,2012-02-09,29.049427032470703,42.130001068115234,42.619998931884766,42.08000183105469,42.619998931884766,2216000
CAH,2012-02-10,28.877046585083008,41.880001068115234,41.9900016784668,41.63999938964844,41.900001525878906,2121400
CAH,2012-02-13,29.21491050720215,42.369998931884766,42.400001525878906,41.9900016784668,42.150001525878906,2455800
CAH,2012-02-14,29.00114631652832,42.060001373291016,42.529998779296875,41.83000183105469,42.18000030517578,2340700
CAH,2012-02-15,28.61502456665039,41.5,42.5099983215332,41.380001068115234,42.5099983215332,1981200
CAH,2012-02-16,28.821876525878906,41.79999923706055,41.83000183105469,41.470001220703125,41.5,1643200
CAH,2012-02-17,28.62881088256836,41.52000045776367,41.97999954223633,41.220001220703125,41.86000061035156,2759600
CAH,2012-02-21,28.477115631103516,41.29999923706055,41.75,41.150001525878906,41.68000030517578,1302300
CAH,2012-02-22,28.325424194335938,41.08000183105469,41.470001220703125,40.939998626708984,41.150001525878906,1278800
CAH,2012-02-23,28.642601013183594,41.540000915527344,41.58000183105469,41.029998779296875,41.119998931884766,1700500
CAH,2012-02-24,28.994251251220703,42.04999923706055,42.130001068115234,41.400001525878906,41.54999923706055,2311500
CAH,2012-02-27,28.842565536499023,41.83000183105469,42.119998931884766,41.61000061035156,41.75,1496900
CAH,2012-02-28,29.028738021850586,42.099998474121094,42.130001068115234,41.779998779296875,41.95000076293945,1368400
CAH,2012-02-29,28.649492263793945,41.54999923706055,42.16999816894531,41.5,42.09000015258789,2322000
CAH,2012-03-01,28.677074432373047,41.59000015258789,41.84000015258789,41.369998931884766,41.54999923706055,1820000
CAH,2012-03-02,28.297853469848633,41.040000915527344,41.70000076293945,40.970001220703125,41.5,1679100
CAH,2012-03-05,28.552978515625,41.40999984741211,41.439998626708984,40.81999969482422,40.880001068115234,2087300
CAH,2012-03-06,28.54606819152832,41.400001525878906,41.400001525878906,40.7400016784668,40.97999954223633,4319200
CAH,2012-03-07,28.304733276367188,41.04999923706055,41.41999816894531,40.869998931884766,41.38999938964844,2584600
CAH,2012-03-08,28.78740692138672,41.75,41.79999923706055,41.119998931884766,41.130001068115234,2404800
CAH,2012-03-09,29.11147689819336,42.220001220703125,42.5,41.7599983215332,41.7599983215332,2400800
CAH,2012-03-12,28.828773498535156,41.810001373291016,42.27000045776367,41.75,42.099998474121094,1943800
CAH,2012-03-13,28.842565536499023,41.83000183105469,42.0,41.4900016784668,41.880001068115234,2153000
CAH,2012-03-14,28.663301467895508,41.56999969482422,41.9900016784668,41.459999084472656,41.66999816894531,2078000
CAH,2012-03-15,28.7529239654541,41.70000076293945,41.7400016784668,41.349998474121094,41.61000061035156,1231800
CAH,2012-03-16,28.677074432373047,41.59000015258789,41.95000076293945,41.4900016784668,41.75,2149900
CAH,2012-03-19,28.428855895996094,41.22999954223633,41.66999816894531,41.20000076293945,41.5,1446000
CAH,2012-03-20,28.146154403686523,40.81999969482422,41.18000030517578,40.779998779296875,41.029998779296875,2077800
CAH,2012-03-21,28.552978515625,41.40999984741211,41.5099983215332,40.54999923706055,40.75,3904600
CAH,2012-03-22,28.635709762573242,41.529998779296875,41.58000183105469,41.029998779296875,41.099998474121094,1897100
CAH,2012-03-23,29.083904266357422,42.18000030517578,42.59000015258789,41.43000030517578,41.459999084472656,4906700
CAH,2012-03-26,29.84236717224121,43.279998779296875,43.36000061035156,42.369998931884766,42.5,2683700
CAH,2012-03-27,29.86304473876953,43.310001373291016,43.38999938964844,43.08000183105469,43.369998931884766,2825500
CAH,2012-03-28,29.741785049438477,42.91999816894531,43.310001373291016,42.68000030517578,43.130001068115234,2269800
CAH,2012-03-29,29.866519927978516,43.099998474121094,43.130001068115234,42.650001525878906,42.65999984741211,1678600
CAH,2012-03-30,29.87344741821289,43.11000061035156,43.29999923706055,42.900001525878906,43.16999816894531,2030000
CAH,2012-04-02,29.63090705871582,42.7599983215332,43.29999923706055,42.7599983215332,43.08000183105469,2111500
CAH,2012-04-03,29.2567195892334,42.220001220703125,42.97999954223633,41.90999984741211,42.79999923706055,2861800
CAH,2012-04-04,29.367578506469727,42.380001068115234,42.5,41.95000076293945,41.95000076293945,2845400
CAH,2012-04-05,28.94488525390625,41.77000045776367,42.47999954223633,41.5099983215332,41.77000045776367,3719700
CAH,2012-04-09,28.84787368774414,41.630001068115234,42.04999923706055,41.220001220703125,41.220001220703125,2867900
CAH,2012-04-10,28.404375076293945,40.9900016784668,41.58000183105469,40.9900016784668,41.349998474121094,2666300
CAH,2012-04-11,28.59146499633789,41.2599983215332,41.4900016784668,40.97999954223633,41.31999969482422,1957900
CAH,2012-04-12,28.619192123413086,41.29999923706055,42.380001068115234,41.22999954223633,42.189998626708984,4570400
CAH,2012-04-13,28.085620880126953,40.529998779296875,41.34000015258789,40.4900016784668,41.09000015258789,3105900
CAH,2012-04-16,28.120258331298828,40.58000183105469,40.91999816894531,40.439998626708984,40.65999984741211,2775200
CAH,2012-04-17,28.89637565612793,41.70000076293945,41.81999969482422,40.709999084472656,40.709999084472656,3058800
CAH,2012-04-18,28.52910804748535,41.16999816894531,41.47999954223633,41.099998474121094,41.459999084472656,2107000
CAH,2012-04-19,28.52910804748535,41.16999816894531,41.4900016784668,40.849998474121094,41.16999816894531,2842300
CAH,2012-04-20,28.79242706298828,41.54999923706055,41.619998931884766,41.099998474121094,41.2400016784668,2881000
CAH,2012-04-23,28.68848419189453,41.400001525878906,41.56999969482422,40.900001525878906,41.189998626708984,2278700
CAH,2012-04-24,28.577625274658203,41.2400016784668,41.58000183105469,41.189998626708984,41.400001525878906,2078700
CAH,2012-04-25,28.83401870727539,41.61000061035156,41.709999084472656,41.2599983215332,41.400001525878906,1387900
CAH,2012-04-26,29.041889190673828,41.90999984741211,42.119998931884766,41.08000183105469,41.400001525878906,1988700
CAH,2012-04-27,29.31907844543457,42.310001373291016,42.459999084472656,41.77000045776367,41.9900016784668,2563500
CAH,2012-04-30,29.291358947753906,42.27000045776367,42.4900016784668,41.9900016784668,42.13999938964844,2331400
CAH,2012-05-01,29.41609764099121,42.45000076293945,42.65999984741211,42.029998779296875,42.13999938964844,1848500
CAH,2012-05-02,29.39530372619629,42.41999816894531,42.470001220703125,42.04999923706055,42.34000015258789,2123100
CAH,2012-05-03,30.025903701782227,43.33000183105469,43.33000183105469,42.650001525878906,42.709999084472656,3828700
CAH,2012-05-04,29.589338302612305,42.70000076293945,43.52000045776367,42.70000076293945,43.15999984741211,3644700
CAH,2012-05-07,29.70021629333496,42.86000061035156,43.11000061035156,42.599998474121094,42.630001068115234,2345600
CAH,2012-05-08,29.811092376708984,43.02000045776367,43.08000183105469,42.380001068115234,42.72999954223633,2946100
CAH,2012-05-09,29.26364517211914,42.22999954223633,42.72999954223633,42.11000061035156,42.61000061035156,2876700
CAH,2012-05-10,29.270578384399414,42.2400016784668,42.61000061035156,42.13999938964844,42.400001525878906,2717300
CAH,2012-05-11,29.443801879882812,42.4900016784668,42.689998626708984,42.0,42.099998474121094,2025700
CAH,2012-05-14,29.63090705871582,42.7599983215332,42.83000183105469,42.0,42.20000076293945,2030000
CAH,2012-05-15,29.26364517211914,42.22999954223633,42.81999969482422,42.08000183105469,42.63999938964844,2391400
CAH,2012-05-16,29.187421798706055,42.119998931884766,42.439998626708984,42.040000915527344,42.40999984741211,1355800
CAH,2012-05-17,28.764713287353516,41.5099983215332,42.22999954223633,41.5099983215332,42.119998931884766,1417300
CAH,2012-05-18,28.38358497619629,40.959999084472656,41.81999969482422,40.86000061035156,41.720001220703125,2096200
CAH,2012-05-21,28.653846740722656,41.349998474121094,41.41999816894531,40.880001068115234,41.06999969482422,1700200
CAH,2012-05-22,28.58454132080078,41.25,41.66999816894531,41.08000183105469,41.470001220703125,1587800
CAH,2012-05-23,28.41129493713379,41.0,41.310001373291016,40.61000061035156,41.119998931884766,2268500
CAH,2012-05-24,28.736988067626953,41.470001220703125,41.560001373291016,41.04999923706055,41.08000183105469,1502400
CAH,2012-05-25,28.875581741333008,41.66999816894531,41.970001220703125,41.5,41.529998779296875,1270800
CAH,2012-05-29,28.89637565612793,41.70000076293945,42.27000045776367,41.63999938964844,42.0,2287400
CAH,2012-05-30,28.522188186645508,41.15999984741211,41.54999923706055,41.029998779296875,41.470001220703125,2323100
CAH,2012-05-31,28.674633026123047,41.380001068115234,41.68000030517578,41.040000915527344,41.08000183105469,2305400
CAH,2012-06-01,28.085620880126953,40.529998779296875,41.290000915527344,40.310001373291016,40.9900016784668,2585800
CAH,2012-06-04,28.0925350189209,40.540000915527344,40.81999969482422,40.22999954223633,40.529998779296875,2050100
CAH,2012-06-05,28.439029693603516,41.040000915527344,41.11000061035156,40.27000045776367,40.400001525878906,2401600
CAH,2012-06-06,28.74392318725586,41.47999954223633,41.5099983215332,41.0099983215332,41.130001068115234,1665900
CAH,2012-06-07,28.910226821899414,41.720001220703125,41.97999954223633,41.619998931884766,41.880001068115234,1785600
CAH,2012-06-08,29.034975051879883,41.900001525878906,41.9900016784668,41.459999084472656,41.560001373291016,1349300
CAH,2012-06-11,28.74392318725586,41.47999954223633,42.16999816894531,41.41999816894531,42.09000015258789,1488400
CAH,2012-06-12,28.958742141723633,41.790000915527344,41.880001068115234,41.369998931884766,41.47999954223633,1804200
CAH,2012-06-13,28.785497665405273,41.540000915527344,41.95000076293945,41.400001525878906,41.72999954223633,1470400
CAH,2012-06-14,28.979530334472656,41.81999969482422,41.939998626708984,41.599998474121094,41.66999816894531,1421800
CAH,2012-06-15,29.429956436157227,42.470001220703125,42.630001068115234,41.93000030517578,41.97999954223633,2313500
CAH,2012-06-18,29.499252319335938,42.56999969482422,42.720001220703125,42.2599983215332,42.310001373291016,1262800
CAH,2012-06-19,29.52696990966797,42.61000061035156,42.9900016784668,42.54999923706055,42.56999969482422,1784200
CAH,2012-06-20,29.235925674438477,42.189998626708984,42.689998626708984,42.0,42.61000061035156,1951200
CAH,2012-06-21,28.785497665405273,41.540000915527344,42.43000030517578,41.529998779296875,42.369998931884766,1918100
CAH,2012-06-22,28.882526397705078,41.68000030517578,41.810001373291016,41.22999954223633,41.650001525878906,1932700
CAH,2012-06-25,28.182628631591797,40.66999816894531,41.33000183105469,40.66999816894531,41.22999954223633,2969200
CAH,2012-06-26,28.182628631591797,40.66999816894531,41.0099983215332,40.66999816894531,40.83000183105469,2020000
CAH,2012-06-27,28.111530303955078,40.33000183105469,40.790000915527344,40.33000183105469,40.66999816894531,2890400
CAH,2012-06-28,28.550661087036133,40.959999084472656,41.13999938964844,40.189998626708984,40.20000076293945,3162500
CAH,2012-06-29,29.275575637817383,42.0,42.0,41.15999984741211,41.63999938964844,3293800
CAH,2012-07-02,29.554410934448242,42.400001525878906,42.540000915527344,41.939998626708984,42.0,3203400
CAH,2012-07-03,29.89596176147461,42.88999938964844,42.88999938964844,42.349998474121094,42.43000030517578,1151300
CAH,2012-07-05,29.672897338867188,42.56999969482422,42.90999984741211,42.4900016784668,42.7400016784668,1543700
CAH,2012-07-06,29.115270614624023,41.77000045776367,42.4900016784668,41.7400016784668,42.369998931884766,2320900
CAH,2012-07-09,29.679868698120117,42.58000183105469,42.61000061035156,41.72999954223633,41.75,2759700
CAH,2012-07-10,29.74957275390625,42.68000030517578,42.97999954223633,42.43000030517578,42.68000030517578,3168700
CAH,2012-07-11,29.512569427490234,42.34000015258789,42.83000183105469,42.22999954223633,42.58000183105469,2364500
CAH,2012-07-12,29.28255844116211,42.0099983215332,42.38999938964844,41.75,42.150001525878906,2476000
CAH,2012-07-13,29.63107681274414,42.5099983215332,42.65999984741211,41.97999954223633,42.099998474121094,1715600
CAH,2012-07-16,29.477725982666016,42.290000915527344,42.66999816894531,42.13999938964844,42.5099983215332,1717400
CAH,2012-07-17,29.791393280029297,42.7400016784668,42.86000061035156,42.16999816894531,42.43000030517578,2404900
CAH,2012-07-18,30.014434814453125,43.060001373291016,43.15999984741211,42.45000076293945,42.540000915527344,2804700
CAH,2012-07-19,30.321147918701172,43.5,43.810001373291016,43.09000015258789,43.20000076293945,3698700
CAH,2012-07-20,30.042325973510742,43.099998474121094,43.2599983215332,42.84000015258789,43.18000030517578,6609900
CAH,2012-07-23,29.610164642333984,42.47999954223633,42.650001525878906,42.189998626708984,42.58000183105469,1846100
CAH,2012-07-24,29.387109756469727,42.15999984741211,42.68000030517578,41.84000015258789,42.63999938964844,2941000
CAH,2012-07-25,29.366199493408203,42.130001068115234,42.38999938964844,41.709999084472656,42.31999969482422,1580900
CAH,2012-07-26,29.324382781982422,42.06999969482422,42.79999923706055,41.619998931884766,42.56999969482422,2564400
CAH,2012-07-27,29.512569427490234,42.34000015258789,42.529998779296875,42.0099983215332,42.08000183105469,3399400
CAH,2012-07-30,30.188697814941406,43.310001373291016,43.459999084472656,42.29999923706055,42.400001525878906,2866600
CAH,2012-07-31,30.03536605834961,43.09000015258789,43.83000183105469,42.099998474121094,42.33000183105469,4382100
CAH,2012-08-01,29.645008087158203,42.529998779296875,43.380001068115234,42.43000030517578,43.34000015258789,2733500
CAH,2012-08-02,28.50186538696289,40.88999938964844,42.15999984741211,40.7599983215332,42.04999923706055,4869100
CAH,2012-08-03,27.35175323486328,39.2400016784668,41.45000076293945,39.06999969482422,41.38999938964844,8225200
CAH,2012-08-06,27.268108367919922,39.119998931884766,39.310001373291016,38.849998474121094,39.29999923706055,3539900
CAH,2012-08-07,27.644512176513672,39.65999984741211,39.72999954223633,39.040000915527344,39.06999969482422,4397100
CAH,2012-08-08,27.707242965698242,39.75,40.0099983215332,39.189998626708984,39.54999923706055,3742700
CAH,2012-08-09,28.020919799804688,40.20000076293945,40.54999923706055,39.54999923706055,39.7400016784668,4174800
CAH,2012-08-10,28.069705963134766,40.27000045776367,40.290000915527344,39.9900016784668,40.16999816894531,1573500
CAH,2012-08-13,27.867565155029297,39.97999954223633,40.11000061035156,39.810001373291016,40.11000061035156,1616300
CAH,2012-08-14,27.72119140625,39.77000045776367,40.150001525878906,39.689998626708984,40.13999938964844,2309900
CAH,2012-08-15,27.749082565307617,39.810001373291016,39.97999954223633,39.599998474121094,39.790000915527344,1316500
CAH,2012-08-16,27.790903091430664,39.869998931884766,39.93000030517578,39.34000015258789,39.720001220703125,2451800
CAH,2012-08-17,27.672407150268555,39.70000076293945,39.959999084472656,39.54999923706055,39.959999084472656,1881700
CAH,2012-08-20,27.92332649230957,40.060001373291016,40.060001373291016,39.599998474121094,39.61000061035156,1992500
CAH,2012-08-21,27.783916473388672,39.86000061035156,40.13999938964844,39.779998779296875,40.06999969482422,2530700
CAH,2012-08-22,27.616634368896484,39.619998931884766,39.79999923706055,39.47999954223633,39.63999938964844,2393500
CAH,2012-08-23,27.567842483520508,39.54999923706055,39.72999954223633,39.33000183105469,39.54999923706055,3257900
CAH,2012-08-24,27.686338424682617,39.720001220703125,39.83000183105469,39.290000915527344,39.560001373291016,2123400
CAH,2012-08-27,27.735136032104492,39.790000915527344,40.029998779296875,39.529998779296875,39.72999954223633,2049000
CAH,2012-08-28,27.59571647644043,39.59000015258789,39.810001373291016,39.45000076293945,39.66999816894531,1717600
CAH,2012-08-29,27.902423858642578,40.029998779296875,40.08000183105469,39.61000061035156,39.68000030517578,2005300
CAH,2012-08-30,27.581787109375,39.56999969482422,39.939998626708984,39.52000045776367,39.869998931884766,1970600
CAH,2012-08-31,27.567842483520508,39.54999923706055,39.88999938964844,39.40999984741211,39.7400016784668,2036900
CAH,2012-09-04,27.665430068969727,39.689998626708984,39.880001068115234,39.47999954223633,39.599998474121094,1984200
CAH,2012-09-05,27.1705265045166,38.97999954223633,39.45000076293945,38.880001068115234,39.029998779296875,3227700
CAH,2012-09-06,27.316913604736328,39.189998626708984,39.40999984741211,38.959999084472656,39.15999984741211,3538800
CAH,2012-09-07,26.703514099121094,38.310001373291016,39.41999816894531,38.279998779296875,39.38999938964844,5912400
CAH,2012-09-10,26.66169548034668,38.25,38.5,38.209999084472656,38.400001525878906,2867000
CAH,2012-09-11,26.564111709594727,38.11000061035156,38.369998931884766,38.11000061035156,38.29999923706055,3176000
CAH,2012-09-12,26.31316566467285,37.75,38.29999923706055,37.650001525878906,38.2599983215332,3547600
CAH,2012-09-13,26.34105110168457,37.790000915527344,38.04999923706055,37.290000915527344,37.58000183105469,6772400
CAH,2012-09-14,26.745342254638672,38.369998931884766,38.369998931884766,37.7599983215332,37.77000045776367,7973800
CAH,2012-09-17,26.647754669189453,38.22999954223633,38.43000030517578,38.099998474121094,38.22999954223633,2856900
CAH,2012-09-18,26.905649185180664,38.599998474121094,38.7400016784668,37.95000076293945,38.150001525878906,2780100
CAH,2012-09-19,26.682600021362305,38.279998779296875,38.619998931884766,38.16999816894531,38.540000915527344,3164600
CAH,2012-09-20,26.870803833007812,38.54999923706055,38.58000183105469,36.90999984741211,37.439998626708984,5813700
CAH,2012-09-21,26.912635803222656,38.61000061035156,38.86000061035156,38.470001220703125,38.65999984741211,2836200
CAH,2012-09-24,27.11476707458496,38.900001525878906,38.959999084472656,38.470001220703125,38.59000015258789,2070900
CAH,2012-09-25,27.219322204589844,39.04999923706055,39.060001373291016,38.599998474121094,38.91999816894531,4829100
CAH,2012-09-26,27.309938430786133,39.18000030517578,39.630001068115234,39.0,39.04999923706055,5227100
CAH,2012-09-27,27.79242706298828,39.630001068115234,39.84000015258789,38.7400016784668,39.08000183105469,5902800
CAH,2012-09-28,27.329580307006836,38.970001220703125,39.56999969482422,38.86000061035156,39.47999954223633,4259500
CAH,2012-10-01,27.70126724243164,39.5,39.63999938964844,39.029998779296875,39.08000183105469,2817800
CAH,2012-10-02,27.799436569213867,39.63999938964844,39.720001220703125,39.27000045776367,39.56999969482422,2414100
CAH,2012-10-03,27.939706802368164,39.84000015258789,39.9900016784668,39.47999954223633,39.779998779296875,2476000
CAH,2012-10-04,28.507753372192383,40.650001525878906,40.65999984741211,39.7400016784668,39.97999954223633,3553100
CAH,2012-10-05,28.41658592224121,40.52000045776367,40.75,40.310001373291016,40.7400016784668,2157800
CAH,2012-10-08,28.64801597595215,40.849998474121094,40.97999954223633,40.34000015258789,40.41999816894531,2384100
CAH,2012-10-09,28.795299530029297,41.060001373291016,41.2400016784668,40.560001373291016,41.09000015258789,4066200
CAH,2012-10-10,28.612953186035156,40.79999923706055,41.119998931884766,40.529998779296875,41.119998931884766,2394700
CAH,2012-10-11,28.690093994140625,40.90999984741211,41.099998474121094,40.790000915527344,40.93000030517578,2211300
CAH,2012-10-12,28.676055908203125,40.88999938964844,41.220001220703125,40.81999969482422,41.060001373291016,3113700
CAH,2012-10-15,29.181005477905273,41.61000061035156,41.61000061035156,41.040000915527344,41.06999969482422,2507400
CAH,2012-10-16,29.489566802978516,42.04999923706055,42.060001373291016,41.689998626708984,41.790000915527344,1851600
CAH,2012-10-17,29.19503402709961,41.630001068115234,42.130001068115234,41.52000045776367,42.099998474121094,2464800
CAH,2012-10-18,29.27217674255371,41.7400016784668,41.90999984741211,41.47999954223633,41.63999938964844,1957600
CAH,2012-10-19,28.935537338256836,41.2599983215332,41.529998779296875,41.06999969482422,41.529998779296875,3876600
CAH,2012-10-22,29.1529541015625,41.56999969482422,41.56999969482422,41.20000076293945,41.27000045776367,3092500
CAH,2012-10-23,28.570859909057617,40.7400016784668,41.27000045776367,40.619998931884766,41.2400016784668,2018200
CAH,2012-10-24,28.52878189086914,40.68000030517578,41.099998474121094,40.65999984741211,40.88999938964844,1992400
CAH,2012-10-25,28.676055908203125,40.88999938964844,41.20000076293945,40.45000076293945,41.09000015258789,3475100
CAH,2012-10-26,28.35346794128418,40.43000030517578,41.04999923706055,40.369998931884766,40.970001220703125,2495100
CAH,2012-10-31,28.844377517700195,41.130001068115234,41.27000045776367,40.5099983215332,40.689998626708984,3214900
CAH,2012-11-01,28.963592529296875,41.29999923706055,41.45000076293945,40.97999954223633,41.02000045776367,4331800
CAH,2012-11-02,28.82332992553711,41.099998474121094,41.68000030517578,41.08000183105469,41.59000015258789,2566200
CAH,2012-11-05,28.388534545898438,40.47999954223633,41.09000015258789,40.290000915527344,40.93000030517578,3005500
CAH,2012-11-06,28.40255355834961,40.5,40.75,40.34000015258789,40.5099983215332,2304100
CAH,2012-11-07,28.54983139038086,40.709999084472656,40.93000030517578,40.09000015258789,40.09000015258789,4034700
CAH,2012-11-08,28.09398651123047,40.060001373291016,40.790000915527344,40.04999923706055,40.77000045776367,2406600
CAH,2012-11-09,28.051912307739258,40.0,40.279998779296875,39.81999969482422,40.04999923706055,1816900
CAH,2012-11-12,27.981794357299805,39.900001525878906,40.02000045776367,39.709999084472656,39.91999816894531,1553100
CAH,2012-11-13,27.918672561645508,39.810001373291016,40.150001525878906,39.630001068115234,39.7400016784668,1627000
CAH,2012-11-14,27.553991317749023,39.290000915527344,39.869998931884766,39.18000030517578,39.83000183105469,2024800
CAH,2012-11-15,27.603084564208984,39.36000061035156,39.58000183105469,39.09000015258789,39.349998474121094,1997600
CAH,2012-11-16,27.61009979248047,39.369998931884766,39.709999084472656,39.18000030517578,39.33000183105469,4020100
CAH,2012-11-19,27.79242706298828,39.630001068115234,39.869998931884766,39.540000915527344,39.68000030517578,4102000
CAH,2012-11-20,27.568010330200195,39.310001373291016,39.439998626708984,38.7599983215332,39.25,3941600
CAH,2012-11-21,27.79242706298828,39.630001068115234,39.72999954223633,39.189998626708984,39.2599983215332,1676700
CAH,2012-11-23,28.04490089416504,39.9900016784668,39.9900016784668,39.61000061035156,39.77000045776367,677200
CAH,2012-11-26,27.841533660888672,39.70000076293945,39.95000076293945,39.65999984741211,39.86000061035156,2655200
CAH,2012-11-27,27.729318618774414,39.540000915527344,39.81999969482422,39.38999938964844,39.58000183105469,2390100
CAH,2012-11-28,27.96775245666504,39.880001068115234,39.88999938964844,39.15999984741211,39.45000076293945,1538900
CAH,2012-11-29,28.262306213378906,40.29999923706055,40.43000030517578,39.88999938964844,39.959999084472656,2356800
CAH,2012-11-30,28.367496490478516,40.45000076293945,40.529998779296875,40.22999954223633,40.29999923706055,1875500
CAH,2012-12-03,28.40255355834961,40.5,40.88999938964844,40.439998626708984,40.61000061035156,1370500
CAH,2012-12-04,28.332427978515625,40.400001525878906,40.599998474121094,40.34000015258789,40.34000015258789,1772800
CAH,2012-12-05,28.32541847229004,40.38999938964844,40.630001068115234,40.220001220703125,40.4900016784668,1731900
CAH,2012-12-06,28.36048126220703,40.439998626708984,40.560001373291016,40.22999954223633,40.41999816894531,1777200
CAH,2012-12-07,28.683074951171875,40.900001525878906,40.90999984741211,40.349998474121094,40.47999954223633,1621100
CAH,2012-12-10,28.963592529296875,41.29999923706055,41.40999984741211,40.810001373291016,40.810001373291016,2036000
CAH,2012-12-11,29.454498291015625,42.0,42.0,41.27000045776367,41.38999938964844,2322000
CAH,2012-12-12,29.370361328125,41.880001068115234,42.380001068115234,41.849998474121094,42.0,2735800
CAH,2012-12-13,29.391382217407227,41.90999984741211,42.0099983215332,41.72999954223633,41.86000061035156,1716800
CAH,2012-12-14,29.67892837524414,42.31999969482422,42.41999816894531,41.83000183105469,41.83000183105469,2652800
CAH,2012-12-17,29.67892837524414,42.31999969482422,42.439998626708984,42.119998931884766,42.31999969482422,1618400
CAH,2012-12-18,29.910350799560547,42.650001525878906,42.7400016784668,41.970001220703125,42.470001220703125,3460800
CAH,2012-12-19,29.46152114868164,42.0099983215332,42.650001525878906,42.0,42.650001525878906,2339600
CAH,2012-12-20,29.671913146972656,42.310001373291016,42.310001373291016,41.869998931884766,42.0099983215332,1901600
CAH,2012-12-21,29.47554588317871,42.029998779296875,42.29999923706055,41.7400016784668,42.290000915527344,3778900
CAH,2012-12-24,29.293212890625,41.77000045776367,42.130001068115234,41.56999969482422,41.93000030517578,533600
CAH,2012-12-26,29.216062545776367,41.65999984741211,41.880001068115234,41.470001220703125,41.79999923706055,1175800
CAH,2012-12-27,28.99867057800293,41.349998474121094,41.709999084472656,40.880001068115234,41.650001525878906,1820800
CAH,2012-12-28,28.74803924560547,40.720001220703125,41.29999923706055,40.709999084472656,41.06999969482422,1288200
CAH,2012-12-31,29.07279396057129,41.18000030517578,41.189998626708984,40.4900016784668,40.66999816894531,1941900
CAH,2013-01-02,29.432844161987305,41.689998626708984,41.7400016784668,41.060001373291016,41.5099983215332,2756400
CAH,2013-01-03,29.503446578979492,41.790000915527344,41.810001373291016,41.41999816894531,41.619998931884766,1760800
CAH,2013-01-04,29.969404220581055,42.45000076293945,42.619998931884766,42.04999923706055,42.04999923706055,2363300
CAH,2013-01-07,29.955276489257812,42.43000030517578,42.54999923706055,42.0,42.45000076293945,2209000
CAH,2013-01-08,29.955276489257812,42.43000030517578,42.7400016784668,42.2400016784668,42.349998474121094,1968200
CAH,2013-01-09,30.103546142578125,42.63999938964844,42.849998474121094,42.36000061035156,42.459999084472656,1372600
CAH,2013-01-10,30.350635528564453,42.9900016784668,43.029998779296875,42.66999816894531,42.7400016784668,1648100
CAH,2013-01-11,30.400068283081055,43.060001373291016,43.119998931884766,42.81999969482422,43.060001373291016,2362700
CAH,2013-01-14,30.49182891845703,43.189998626708984,43.31999969482422,42.959999084472656,43.029998779296875,1299100
CAH,2013-01-15,30.703636169433594,43.4900016784668,43.619998931884766,43.0099983215332,43.11000061035156,1926500
CAH,2013-01-16,30.873069763183594,43.72999954223633,44.029998779296875,43.29999923706055,43.349998474121094,2719700
CAH,2013-01-17,31.176654815673828,44.15999984741211,44.540000915527344,43.779998779296875,43.84000015258789,3146700
CAH,2013-01-18,31.51553726196289,44.63999938964844,44.63999938964844,44.029998779296875,44.2400016784668,3904400
CAH,2013-01-22,31.46609878540039,44.56999969482422,44.68000030517578,44.220001220703125,44.599998474121094,2186500
CAH,2013-01-23,31.812044143676758,45.060001373291016,45.22999954223633,44.41999816894531,44.4900016784668,3470500
CAH,2013-01-24,31.57906723022461,44.72999954223633,45.11000061035156,44.630001068115234,45.11000061035156,4091200
CAH,2013-01-25,31.699092864990234,44.900001525878906,45.0099983215332,44.619998931884766,44.81999969482422,2184100
CAH,2013-01-28,31.51553726196289,44.63999938964844,44.90999984741211,44.529998779296875,44.90999984741211,2689100
CAH,2013-01-29,31.755558013916016,44.97999954223633,45.04999923706055,44.560001373291016,44.630001068115234,2244900
CAH,2013-01-30,31.54376220703125,44.68000030517578,44.970001220703125,44.61000061035156,44.88999938964844,1769600
CAH,2013-01-31,30.92955207824707,43.810001373291016,44.689998626708984,43.599998474121094,44.65999984741211,5326100
CAH,2013-02-01,30.978988647460938,43.880001068115234,44.29999923706055,43.709999084472656,44.130001068115234,4279300
CAH,2013-02-04,30.82365608215332,43.65999984741211,43.959999084472656,43.52000045776367,43.880001068115234,3145300
CAH,2013-02-05,31.54376220703125,44.68000030517578,45.95000076293945,44.119998931884766,44.810001373291016,3930800
CAH,2013-02-06,31.20488739013672,44.20000076293945,44.72999954223633,44.09000015258789,44.70000076293945,3369000
CAH,2013-02-07,31.621431350708008,44.790000915527344,44.83000183105469,44.27000045776367,44.279998779296875,4027700
CAH,2013-02-08,31.896764755249023,45.18000030517578,45.18000030517578,44.79999923706055,44.900001525878906,1877900
CAH,2013-02-11,31.924997329711914,45.220001220703125,45.380001068115234,45.02000045776367,45.13999938964844,1616800
CAH,2013-02-12,32.15091323852539,45.540000915527344,45.68000030517578,45.150001525878906,45.29999923706055,2351500
CAH,2013-02-13,32.080318450927734,45.439998626708984,45.95000076293945,45.27000045776367,45.720001220703125,2776800
CAH,2013-02-14,32.47568130493164,46.0,46.75,45.599998474121094,46.720001220703125,4641600
CAH,2013-02-15,32.969886779785156,46.70000076293945,46.70000076293945,46.0099983215332,46.04999923706055,5181100
CAH,2013-02-19,32.800437927246094,46.459999084472656,46.869998931884766,46.34000015258789,46.54999923706055,2971500
CAH,2013-02-20,32.52509689331055,46.06999969482422,46.630001068115234,46.0,46.5,1842800
CAH,2013-02-21,32.10856628417969,45.47999954223633,46.279998779296875,45.29999923706055,46.11000061035156,2767200
CAH,2013-02-22,32.1650390625,45.560001373291016,45.650001525878906,45.31999969482422,45.540000915527344,2078400
CAH,2013-02-25,31.924997329711914,45.220001220703125,46.13999938964844,45.220001220703125,45.7400016784668,2378800
CAH,2013-02-26,32.25682067871094,45.689998626708984,45.7599983215332,45.29999923706055,45.439998626708984,2048600
CAH,2013-02-27,32.659244537353516,46.2599983215332,46.369998931884766,45.59000015258789,45.72999954223633,1899200
CAH,2013-02-28,32.62392044067383,46.209999084472656,46.5,46.16999816894531,46.209999084472656,1786100
CAH,2013-03-01,32.835731506347656,46.5099983215332,46.5099983215332,45.869998931884766,46.16999816894531,1425400
CAH,2013-03-04,32.65217208862305,46.25,46.470001220703125,45.97999954223633,46.36000061035156,1906700
CAH,2013-03-05,32.6733512878418,46.279998779296875,46.5099983215332,46.2400016784668,46.34000015258789,1988800
CAH,2013-03-06,32.560394287109375,46.119998931884766,46.5099983215332,46.060001373291016,46.349998474121094,1814900
CAH,2013-03-07,32.39801788330078,45.88999938964844,46.470001220703125,45.849998474121094,46.2400016784668,2677800
CAH,2013-03-08,32.6733512878418,46.279998779296875,46.29999923706055,45.91999816894531,46.0,1903700
CAH,2013-03-11,33.0263557434082,46.779998779296875,46.880001068115234,46.25,46.2599983215332,1718400
CAH,2013-03-12,33.0616569519043,46.83000183105469,47.22999954223633,46.540000915527344,46.79999923706055,1912900
CAH,2013-03-13,33.0687141418457,46.84000015258789,47.02000045776367,46.70000076293945,46.810001373291016,2453600
CAH,2013-03-14,33.245201110839844,47.09000015258789,47.099998474121094,46.7400016784668,46.869998931884766,2555700
CAH,2013-03-15,32.88516616821289,46.58000183105469,47.0,46.470001220703125,46.900001525878906,2481700
CAH,2013-03-18,32.56745529174805,46.130001068115234,46.41999816894531,45.959999084472656,46.310001373291016,2374200
CAH,2013-03-19,29.898799896240234,42.349998474121094,43.61000061035156,42.31999969482422,42.939998626708984,18457600
CAH,2013-03-20,29.75054931640625,42.13999938964844,42.56999969482422,41.41999816894531,42.33000183105469,7252100
CAH,2013-03-21,29.630516052246094,41.970001220703125,42.41999816894531,41.81999969482422,41.9900016784668,8533200
CAH,2013-03-22,29.71525001525879,42.09000015258789,42.36000061035156,41.709999084472656,41.970001220703125,7759800
CAH,2013-03-25,29.687007904052734,42.04999923706055,42.29999923706055,41.810001373291016,42.09000015258789,6005900
CAH,2013-03-26,29.778789520263672,42.18000030517578,42.349998474121094,41.90999984741211,42.31999969482422,5047100
CAH,2013-03-27,29.640216827392578,41.709999084472656,42.029998779296875,41.540000915527344,41.709999084472656,6042600
CAH,2013-03-28,29.576257705688477,41.619998931884766,41.79999923706055,41.54999923706055,41.75,6387700
CAH,2013-04-01,29.73970603942871,41.849998474121094,42.060001373291016,41.650001525878906,41.689998626708984,3285600
CAH,2013-04-02,29.88182830810547,42.04999923706055,42.15999984741211,41.83000183105469,42.040000915527344,4994200
CAH,2013-04-03,30.1163272857666,42.380001068115234,42.560001373291016,42.11000061035156,42.16999816894531,6604100
CAH,2013-04-04,30.22293472290039,42.529998779296875,42.709999084472656,42.29999923706055,42.5099983215332,4477900
CAH,2013-04-05,30.16608238220215,42.45000076293945,42.5,42.09000015258789,42.27000045776367,5293800
CAH,2013-04-08,30.393476486206055,42.77000045776367,42.86000061035156,42.27000045776367,42.43000030517578,3167300
CAH,2013-04-09,30.471643447875977,42.880001068115234,43.02000045776367,42.689998626708984,42.880001068115234,2796800
CAH,2013-04-10,30.521398544311523,42.95000076293945,43.29999923706055,42.83000183105469,43.0099983215332,3227900
CAH,2013-04-11,30.9122257232666,43.5,43.709999084472656,42.9900016784668,43.08000183105469,2701300
CAH,2013-04-12,30.748788833618164,43.27000045776367,43.470001220703125,43.189998626708984,43.36000061035156,1587700
CAH,2013-04-15,30.564022064208984,43.0099983215332,43.619998931884766,42.9900016784668,43.41999816894531,3087800
CAH,2013-04-16,30.64220428466797,43.119998931884766,43.2599983215332,42.68000030517578,43.18000030517578,2857600
CAH,2013-04-17,30.26556968688965,42.59000015258789,43.06999969482422,42.47999954223633,43.0,1958800
CAH,2013-04-18,30.34372901916504,42.70000076293945,42.81999969482422,42.400001525878906,42.58000183105469,2052900
CAH,2013-04-19,30.606670379638672,43.06999969482422,43.08000183105469,42.5,42.81999969482422,3347100
CAH,2013-04-22,30.82695770263672,43.380001068115234,43.61000061035156,42.790000915527344,43.150001525878906,2187200
CAH,2013-04-23,31.125429153442383,43.79999923706055,44.060001373291016,43.45000076293945,43.56999969482422,2494800
CAH,2013-04-24,31.544689178466797,44.38999938964844,44.43000030517578,43.91999816894531,43.91999816894531,2942500
CAH,2013-04-25,31.42388153076172,44.220001220703125,45.91999816894531,44.130001068115234,45.560001373291016,7001700
CAH,2013-04-26,31.253341674804688,43.97999954223633,44.27000045776367,43.540000915527344,44.209999084472656,3721700
CAH,2013-04-29,31.267547607421875,44.0,44.22999954223633,43.83000183105469,44.02000045776367,1981800
CAH,2013-04-30,31.42388153076172,44.220001220703125,44.36000061035156,43.619998931884766,44.08000183105469,3740900
CAH,2013-05-01,31.224910736083984,43.939998626708984,44.86000061035156,43.900001525878906,44.220001220703125,4496200
CAH,2013-05-02,32.80249786376953,46.15999984741211,46.2400016784668,44.5,44.5,5095900
CAH,2013-05-03,32.96595764160156,46.38999938964844,46.81999969482422,46.22999954223633,46.38999938964844,2763900
CAH,2013-05-06,32.66036605834961,45.959999084472656,46.34000015258789,45.900001525878906,46.04999923706055,2824800
CAH,2013-05-07,33.008575439453125,46.45000076293945,46.470001220703125,45.93000030517578,45.970001220703125,2258200
CAH,2013-05-08,32.951717376708984,46.369998931884766,46.65999984741211,46.040000915527344,46.369998931884766,4293200
CAH,2013-05-09,32.71012496948242,46.029998779296875,46.459999084472656,45.939998626708984,46.41999816894531,2176400
CAH,2013-05-10,32.94461441040039,46.36000061035156,46.439998626708984,46.029998779296875,46.029998779296875,1707600
CAH,2013-05-13,32.80249786376953,46.15999984741211,46.459999084472656,46.130001068115234,46.459999084472656,1257900
CAH,2013-05-14,32.873558044433594,46.2599983215332,46.560001373291016,46.099998474121094,46.099998474121094,2676600
CAH,2013-05-15,33.23598861694336,46.77000045776367,47.04999923706055,46.290000915527344,46.31999969482422,2388600
CAH,2013-05-16,33.399410247802734,47.0,47.25,46.83000183105469,46.869998931884766,5242400
CAH,2013-05-17,33.960819244384766,47.790000915527344,47.790000915527344,47.029998779296875,47.029998779296875,5085200
CAH,2013-05-20,34.1242790222168,48.02000045776367,48.400001525878906,47.68000030517578,47.70000076293945,2409300
CAH,2013-05-21,34.08162307739258,47.959999084472656,48.29999923706055,47.7400016784668,48.09000015258789,3428500
CAH,2013-05-22,33.81869888305664,47.59000015258789,48.220001220703125,47.459999084472656,48.0,3866200
CAH,2013-05-23,33.52021408081055,47.16999816894531,47.52000045776367,46.939998626708984,47.310001373291016,2660300
CAH,2013-05-24,33.52021408081055,47.16999816894531,47.369998931884766,46.599998474121094,47.099998474121094,1744800
CAH,2013-05-28,33.598392486572266,47.279998779296875,47.86000061035156,47.18000030517578,47.470001220703125,1513200
CAH,2013-05-29,33.46337127685547,47.09000015258789,47.20000076293945,46.58000183105469,47.04999923706055,1972200
CAH,2013-05-30,33.875545501708984,47.66999816894531,47.83000183105469,47.029998779296875,47.099998474121094,1707200
CAH,2013-05-31,33.37099838256836,46.959999084472656,47.86000061035156,46.959999084472656,47.52000045776367,3253200
CAH,2013-06-03,33.562870025634766,47.22999954223633,47.2599983215332,46.810001373291016,47.06999969482422,1812400
CAH,2013-06-04,33.03700637817383,46.4900016784668,47.4900016784668,46.15999984741211,47.13999938964844,3008900
CAH,2013-06-05,32.70301818847656,46.02000045776367,46.720001220703125,45.959999084472656,46.369998931884766,2436500
CAH,2013-06-06,32.78118896484375,46.130001068115234,46.34000015258789,45.59000015258789,46.2599983215332,2294100
CAH,2013-06-07,33.32835388183594,46.900001525878906,46.900001525878906,46.400001525878906,46.47999954223633,2444600
CAH,2013-06-10,33.28572082519531,46.84000015258789,47.189998626708984,46.540000915527344,46.9900016784668,1945600
CAH,2013-06-11,33.39232635498047,46.9900016784668,47.41999816894531,46.439998626708984,46.470001220703125,3169500
CAH,2013-06-12,33.513126373291016,47.15999984741211,47.560001373291016,47.130001068115234,47.25,2822800
CAH,2013-06-13,34.03898620605469,47.900001525878906,47.95000076293945,46.849998474121094,47.130001068115234,2224100
CAH,2013-06-14,33.98924255371094,47.83000183105469,48.369998931884766,47.689998626708984,47.810001373291016,1866300
CAH,2013-06-17,34.2877082824707,48.25,48.43000030517578,47.95000076293945,48.09000015258789,2221900
CAH,2013-06-18,34.6501350402832,48.7599983215332,48.790000915527344,48.209999084472656,48.369998931884766,2490200
CAH,2013-06-19,34.372989654541016,48.369998931884766,48.9900016784668,48.18000030517578,48.810001373291016,3433500
CAH,2013-06-20,33.44916915893555,47.06999969482422,48.08000183105469,46.90999984741211,48.02000045776367,3393500
CAH,2013-06-21,33.562870025634766,47.22999954223633,48.380001068115234,47.209999084472656,47.779998779296875,4281800
CAH,2013-06-24,33.10097885131836,46.58000183105469,47.13999938964844,46.41999816894531,47.029998779296875,2769800
CAH,2013-06-25,33.143592834472656,46.63999938964844,47.0,46.31999969482422,46.959999084472656,2564000
CAH,2013-06-26,34.06031799316406,47.93000030517578,48.130001068115234,46.70000076293945,47.02000045776367,3187800
CAH,2013-06-27,34.12609100341797,47.720001220703125,48.150001525878906,47.65999984741211,47.77000045776367,1900700
CAH,2013-06-28,33.754234313964844,47.20000076293945,47.939998626708984,47.20000076293945,47.709999084472656,6540100
CAH,2013-07-01,34.03313446044922,47.59000015258789,47.900001525878906,47.099998474121094,47.540000915527344,1974500
CAH,2013-07-02,33.62551498413086,47.02000045776367,47.68000030517578,46.65999984741211,47.58000183105469,2376900
CAH,2013-07-03,33.82574462890625,47.29999923706055,47.43000030517578,46.52000045776367,46.84000015258789,950600
CAH,2013-07-05,34.02599334716797,47.58000183105469,47.779998779296875,47.060001373291016,47.61000061035156,879100
CAH,2013-07-08,33.99738311767578,47.540000915527344,47.900001525878906,47.47999954223633,47.81999969482422,2005000
CAH,2013-07-09,34.33349609375,48.0099983215332,48.18000030517578,47.70000076293945,47.75,1987500
CAH,2013-07-10,34.89128875732422,48.790000915527344,48.93000030517578,48.0099983215332,48.029998779296875,2391600
CAH,2013-07-11,35.42762756347656,49.540000915527344,49.58000183105469,48.720001220703125,49.0099983215332,2235900
CAH,2013-07-12,35.47769546508789,49.61000061035156,49.630001068115234,49.220001220703125,49.59000015258789,1863700
CAH,2013-07-15,35.57066345214844,49.7400016784668,49.9900016784668,49.56999969482422,49.59000015258789,1228600
CAH,2013-07-16,35.19880294799805,49.220001220703125,49.790000915527344,49.20000076293945,49.70000076293945,1635900
CAH,2013-07-17,35.434791564941406,49.54999923706055,49.72999954223633,49.209999084472656,49.4900016784668,1474600
CAH,2013-07-18,35.871028900146484,50.15999984741211,50.16999816894531,49.63999938964844,49.63999938964844,2153700
CAH,2013-07-19,36.12846374511719,50.52000045776367,50.529998779296875,49.7400016784668,50.15999984741211,4001200
CAH,2013-07-22,36.12846374511719,50.52000045776367,50.59000015258789,50.099998474121094,50.470001220703125,1289600
CAH,2013-07-23,35.885311126708984,50.18000030517578,50.63999938964844,50.150001525878906,50.56999969482422,1249300
CAH,2013-07-24,35.65647506713867,49.86000061035156,50.41999816894531,49.720001220703125,50.310001373291016,1153600
CAH,2013-07-25,35.52061462402344,49.66999816894531,49.849998474121094,49.33000183105469,49.66999816894531,1630700
CAH,2013-07-26,36.514644622802734,51.060001373291016,51.09000015258789,49.68000030517578,49.720001220703125,2196700
CAH,2013-07-29,36.1713752746582,50.58000183105469,50.790000915527344,50.04999923706055,50.779998779296875,1560000
CAH,2013-07-30,35.93540573120117,50.25,50.77000045776367,50.2400016784668,50.77000045776367,1692300
CAH,2013-07-31,35.820960998535156,50.09000015258789,50.7599983215332,49.880001068115234,50.400001525878906,3140700
CAH,2013-08-01,36.536094665527344,51.09000015258789,51.33000183105469,50.310001373291016,50.72999954223633,2509700
CAH,2013-08-02,36.55039978027344,51.11000061035156,51.29999923706055,50.91999816894531,51.09000015258789,1952800
CAH,2013-08-05,36.85790252685547,51.540000915527344,51.59000015258789,50.900001525878906,51.0,1745400
CAH,2013-08-06,36.78639602661133,51.439998626708984,51.540000915527344,50.86000061035156,51.41999816894531,2076700
CAH,2013-08-07,36.57185745239258,51.13999938964844,51.40999984741211,51.11000061035156,51.40999984741211,1369200
CAH,2013-08-08,36.84360885620117,51.52000045776367,51.560001373291016,51.040000915527344,51.310001373291016,1513800
CAH,2013-08-09,36.879364013671875,51.56999969482422,51.779998779296875,51.25,51.41999816894531,1879600
CAH,2013-08-12,36.90081024169922,51.599998474121094,51.650001525878906,51.22999954223633,51.33000183105469,1651200
CAH,2013-08-13,37.322731018066406,52.189998626708984,52.25,51.66999816894531,51.790000915527344,3163700
CAH,2013-08-14,37.35134506225586,52.22999954223633,52.4900016784668,52.119998931884766,52.189998626708984,2401700
CAH,2013-08-15,36.8221435546875,51.4900016784668,51.93000030517578,51.16999816894531,51.88999938964844,2302200
CAH,2013-08-16,36.70058059692383,51.31999969482422,51.540000915527344,51.20000076293945,51.2599983215332,2514900
CAH,2013-08-19,36.56470489501953,51.130001068115234,51.4900016784668,51.04999923706055,51.099998474121094,1421200
CAH,2013-08-20,36.52178192138672,51.06999969482422,51.25,50.86000061035156,51.08000183105469,1264800
CAH,2013-08-21,35.95684051513672,50.279998779296875,51.119998931884766,50.189998626708984,51.06999969482422,2230700
CAH,2013-08-22,36.18568420410156,50.599998474121094,50.779998779296875,50.02000045776367,50.2599983215332,1311200
CAH,2013-08-23,36.64336395263672,51.2400016784668,51.29999923706055,50.40999984741211,50.68000030517578,1730400
CAH,2013-08-26,36.45028305053711,50.970001220703125,51.400001525878906,50.959999084472656,51.2400016784668,1156600
CAH,2013-08-27,35.7780647277832,50.029998779296875,50.65999984741211,49.86000061035156,50.56999969482422,1670500
CAH,2013-08-28,35.770896911621094,50.02000045776367,50.279998779296875,49.880001068115234,50.06999969482422,1402900
CAH,2013-08-29,35.95684051513672,50.279998779296875,50.54999923706055,49.900001525878906,50.0,1242800
CAH,2013-08-30,35.95684051513672,50.279998779296875,50.43000030517578,50.060001373291016,50.43000030517578,1196400
CAH,2013-09-03,35.91392517089844,50.220001220703125,51.04999923706055,50.02000045776367,50.81999969482422,1781200
CAH,2013-09-04,35.92823028564453,50.2400016784668,50.689998626708984,50.15999984741211,50.220001220703125,1867700
CAH,2013-09-05,35.878170013427734,50.16999816894531,50.779998779296875,50.130001068115234,50.16999816894531,1970900
CAH,2013-09-06,36.03550720214844,50.38999938964844,50.66999816894531,49.650001525878906,50.209999084472656,1502400
CAH,2013-09-09,36.32870101928711,50.79999923706055,51.08000183105469,50.43000030517578,50.59000015258789,1165200
CAH,2013-09-10,36.56470489501953,51.130001068115234,51.45000076293945,51.0099983215332,51.0099983215332,1379700
CAH,2013-09-11,37.32989501953125,52.20000076293945,52.27000045776367,51.13999938964844,51.25,2119300
CAH,2013-09-12,37.79472732543945,52.849998474121094,53.0,52.189998626708984,52.25,2928900
CAH,2013-09-13,37.91630172729492,53.02000045776367,53.279998779296875,52.599998474121094,52.77000045776367,1856000
CAH,2013-09-16,38.08078384399414,53.25,53.59000015258789,53.18000030517578,53.47999954223633,1498800
CAH,2013-09-17,38.30961608886719,53.56999969482422,53.7599983215332,53.09000015258789,53.25,1570500
CAH,2013-09-18,38.130836486816406,53.31999969482422,53.720001220703125,52.630001068115234,53.599998474121094,2363700
CAH,2013-09-19,38.223819732666016,53.45000076293945,53.91999816894531,53.150001525878906,53.22999954223633,2336100
CAH,2013-09-20,38.2166633605957,53.439998626708984,53.790000915527344,53.099998474121094,53.41999816894531,2631100
CAH,2013-09-23,38.08078384399414,53.25,53.4900016784668,52.83000183105469,53.290000915527344,1677500
CAH,2013-09-24,37.472923278808594,52.400001525878906,53.349998474121094,52.380001068115234,53.279998779296875,2239400
CAH,2013-09-25,37.472923278808594,52.400001525878906,52.959999084472656,52.38999938964844,52.599998474121094,1946900
CAH,2013-09-26,37.415706634521484,52.31999969482422,52.81999969482422,52.0,52.630001068115234,1534400
CAH,2013-09-27,37.60489273071289,52.279998779296875,52.33000183105469,51.63999938964844,51.97999954223633,1335000
CAH,2013-09-30,37.51137924194336,52.150001525878906,52.22999954223633,51.790000915527344,52.0,1861500
CAH,2013-10-01,38.180335998535156,53.08000183105469,53.189998626708984,52.04999923706055,52.290000915527344,2143600
CAH,2013-10-02,38.27383041381836,53.209999084472656,53.33000183105469,52.650001525878906,52.81999969482422,3181500
CAH,2013-10-03,38.4824333190918,53.5,53.61000061035156,52.720001220703125,52.91999816894531,3854500
CAH,2013-10-04,38.73417663574219,53.849998474121094,53.959999084472656,53.189998626708984,53.439998626708984,3097800
CAH,2013-10-07,38.74137878417969,53.86000061035156,54.130001068115234,53.529998779296875,53.63999938964844,2020200
CAH,2013-10-08,38.26663589477539,53.20000076293945,54.29999923706055,52.95000076293945,54.18000030517578,3934300
CAH,2013-10-09,38.08680725097656,52.95000076293945,53.439998626708984,52.91999816894531,53.209999084472656,2570900
CAH,2013-10-10,39.345584869384766,54.70000076293945,54.970001220703125,53.33000183105469,53.38999938964844,2612300
CAH,2013-10-11,39.32400131225586,54.66999816894531,54.88999938964844,54.40999984741211,54.72999954223633,1592900
CAH,2013-10-14,39.47505569458008,54.880001068115234,54.880001068115234,54.22999954223633,54.439998626708984,1006600
CAH,2013-10-15,39.25927734375,54.58000183105469,55.060001373291016,54.4900016784668,54.7400016784668,1342900
CAH,2013-10-16,39.94981002807617,55.540000915527344,55.560001373291016,54.7599983215332,54.9900016784668,1636300
CAH,2013-10-17,40.70507049560547,56.59000015258789,56.619998931884766,55.22999954223633,55.22999954223633,1695600
CAH,2013-10-18,40.22312927246094,55.91999816894531,56.779998779296875,55.7400016784668,56.65999984741211,3912000
CAH,2013-10-21,39.978572845458984,55.58000183105469,56.16999816894531,55.400001525878906,56.119998931884766,1842300
CAH,2013-10-22,39.503841400146484,54.91999816894531,56.060001373291016,54.83000183105469,55.849998474121094,3828200
CAH,2013-10-23,39.424705505371094,54.810001373291016,55.209999084472656,54.34000015258789,54.90999984741211,3283800
CAH,2013-10-24,39.57575607299805,55.02000045776367,56.08000183105469,54.900001525878906,55.83000183105469,5545200
CAH,2013-10-25,39.525413513183594,54.95000076293945,55.13999938964844,54.81999969482422,55.0099983215332,2747300
CAH,2013-10-28,39.95697784423828,55.54999923706055,56.63999938964844,55.38999938964844,56.150001525878906,5461000
CAH,2013-10-29,40.388572692871094,56.150001525878906,56.349998474121094,55.77000045776367,55.97999954223633,4523200
CAH,2013-10-30,40.050498962402344,55.68000030517578,56.25,55.38999938964844,56.150001525878906,3299200
CAH,2013-10-31,42.194000244140625,58.65999984741211,59.099998474121094,56.0,57.0,6708500
CAH,2013-11-01,43.33768081665039,60.25,61.18000030517578,58.220001220703125,58.34000015258789,6458900
CAH,2013-11-04,44.45260238647461,61.79999923706055,61.869998931884766,60.33000183105469,60.34000015258789,5468800
CAH,2013-11-05,43.560665130615234,60.560001373291016,61.75,60.029998779296875,61.619998931884766,6926400
CAH,2013-11-06,44.0569953918457,61.25,61.91999816894531,60.86000061035156,61.470001220703125,5952700
CAH,2013-11-07,43.747684478759766,60.81999969482422,61.65999984741211,60.630001068115234,61.31999969482422,3988800
CAH,2013-11-08,44.81224060058594,62.29999923706055,62.29999923706055,60.720001220703125,60.81999969482422,3222700
CAH,2013-11-11,45.286991119384766,62.959999084472656,62.97999954223633,62.11000061035156,62.150001525878906,3044500
CAH,2013-11-12,45.315757751464844,63.0,63.13999938964844,62.63999938964844,62.63999938964844,3249700
CAH,2013-11-13,45.98469924926758,63.93000030517578,63.959999084472656,62.56999969482422,62.68000030517578,3274100
CAH,2013-11-14,46.401893615722656,64.51000213623047,64.56999969482422,63.400001525878906,63.900001525878906,2939400
CAH,2013-11-15,46.63926315307617,64.83999633789062,64.86000061035156,64.12999725341797,64.37999725341797,3350500
CAH,2013-11-18,46.56013870239258,64.7300033569336,65.16999816894531,64.5199966430664,64.8499984741211,2658300
CAH,2013-11-19,46.711204528808594,64.94000244140625,65.0,64.37999725341797,64.56999969482422,2670100
CAH,2013-11-20,46.596107482910156,64.77999877929688,65.26000213623047,64.73999786376953,65.0,2605800
CAH,2013-11-21,47.00609588623047,65.3499984741211,65.37999725341797,64.62999725341797,64.9000015258789,2453000
CAH,2013-11-22,46.76874923706055,65.0199966430664,65.44999694824219,64.7300033569336,65.31999969482422,3281600
CAH,2013-11-25,46.833473205566406,65.11000061035156,65.44999694824219,65.01000213623047,65.44999694824219,2028800
CAH,2013-11-26,46.68242263793945,64.9000015258789,65.38999938964844,64.83000183105469,65.13999938964844,2513000
CAH,2013-11-27,46.37312698364258,64.47000122070312,65.29000091552734,63.97999954223633,64.95999908447266,2442300
CAH,2013-11-29,46.46662521362305,64.5999984741211,65.19000244140625,64.47000122070312,64.68000030517578,833600
CAH,2013-12-02,46.48102951049805,64.62000274658203,65.0,64.04000091552734,64.36000061035156,1776300
CAH,2013-12-03,46.56013870239258,64.7300033569336,64.80000305175781,64.0,64.2699966430664,2300600
CAH,2013-12-04,45.45961380004883,63.20000076293945,64.93000030517578,63.13999938964844,64.69000244140625,4243100
CAH,2013-12-05,45.265403747558594,62.93000030517578,63.540000915527344,62.54999923706055,63.08000183105469,4879100
CAH,2013-12-06,45.98469924926758,63.93000030517578,64.18000030517578,63.58000183105469,63.7400016784668,2593200
CAH,2013-12-09,46.22926330566406,64.2699966430664,64.66000366210938,63.79999923706055,64.13999938964844,1903800
CAH,2013-12-10,47.63189697265625,66.22000122070312,67.75,63.7400016784668,64.05999755859375,8438400
CAH,2013-12-11,47.63908004760742,66.2300033569336,67.5999984741211,66.06999969482422,66.80999755859375,4465600
CAH,2013-12-12,47.59592056274414,66.16999816894531,66.69000244140625,66.0,66.05000305175781,2969400
CAH,2013-12-13,47.24348068237305,65.68000030517578,66.43000030517578,65.56999969482422,66.16999816894531,1995200
CAH,2013-12-16,47.200313568115234,65.62000274658203,66.19000244140625,65.41000366210938,66.08999633789062,2262300
CAH,2013-12-17,47.02767562866211,65.37999725341797,65.76000213623047,64.62000274658203,65.76000213623047,2953700
CAH,2013-12-18,48.02751541137695,66.7699966430664,66.83000183105469,65.11000061035156,65.54000091552734,2646100
CAH,2013-12-19,48.02751541137695,66.7699966430664,66.83000183105469,66.2699966430664,66.69999694824219,2129900
CAH,2013-12-20,47.87644577026367,66.55999755859375,66.93000030517578,66.41999816894531,66.62000274658203,3408800
CAH,2013-12-23,48.18574523925781,66.98999786376953,67.12999725341797,66.43000030517578,67.0,1694300
CAH,2013-12-24,48.27926254272461,67.12000274658203,67.30999755859375,66.76000213623047,67.08999633789062,412700
CAH,2013-12-26,48.5382194519043,67.4800033569336,67.6500015258789,67.12000274658203,67.12999725341797,914700
CAH,2013-12-27,48.29364013671875,67.13999938964844,67.7300033569336,66.97000122070312,67.52999877929688,638800
CAH,2013-12-30,48.46200180053711,67.06999969482422,67.20999908447266,66.5199966430664,66.94999694824219,970100
CAH,2013-12-31,48.274139404296875,66.80999755859375,67.33999633789062,66.55999755859375,67.16999816894531,1232500
CAH,2014-01-02,47.78281021118164,66.12999725341797,66.6500015258789,65.91000366210938,66.44999694824219,1608500
CAH,2014-01-03,48.259681701660156,66.79000091552734,66.91000366210938,66.23999786376953,66.25,1301100
CAH,2014-01-06,48.216339111328125,66.7300033569336,67.4000015258789,66.37999725341797,66.8499984741211,2214000
CAH,2014-01-07,48.8088264465332,67.55000305175781,67.83999633789062,66.76000213623047,66.83000183105469,2251600
CAH,2014-01-08,48.43309783935547,67.02999877929688,67.16999816894531,65.94999694824219,66.16000366210938,3602800
CAH,2014-01-09,49.26404571533203,68.18000030517578,68.86000061035156,67.02999877929688,67.36000061035156,3823500
CAH,2014-01-10,50.0877571105957,69.31999969482422,69.33999633789062,67.8499984741211,68.37999725341797,3432900
CAH,2014-01-13,49.09784698486328,67.94999694824219,69.51000213623047,67.6500015258789,69.51000213623047,2660600
CAH,2014-01-14,49.27848815917969,68.19999694824219,68.30000305175781,67.5999984741211,68.01000213623047,1985400
CAH,2014-01-15,49.068965911865234,67.91000366210938,68.30000305175781,67.55999755859375,68.25,2316000
CAH,2014-01-16,49.090614318847656,67.94000244140625,68.16999816894531,67.73999786376953,67.91000366210938,1586200
CAH,2014-01-17,48.90275192260742,67.68000030517578,68.19999694824219,67.63999938964844,68.08000183105469,3781700
CAH,2014-01-21,49.13399124145508,68.0,68.55000305175781,67.58999633789062,68.47000122070312,2199400
CAH,2014-01-22,49.09784698486328,67.94999694824219,68.2300033569336,67.26000213623047,68.19999694824219,3116700
CAH,2014-01-23,48.38252258300781,66.95999908447266,67.83999633789062,66.70999908447266,67.55000305175781,2632100
CAH,2014-01-24,47.26978302001953,65.41999816894531,66.87999725341797,65.36000061035156,66.62999725341797,2869300
CAH,2014-01-27,47.154178619384766,65.26000213623047,65.9800033569336,65.11000061035156,65.44000244140625,2608100
CAH,2014-01-28,48.6932258605957,67.38999938964844,67.44999694824219,65.45999908447266,65.45999908447266,3021600
CAH,2014-01-29,48.014007568359375,66.44999694824219,67.25,66.05999755859375,66.76000213623047,2646300
CAH,2014-01-30,49.8276481628418,68.95999908447266,69.38999938964844,67.52999877929688,68.75,3887200
CAH,2014-01-31,49.1484375,68.0199966430664,68.54000091552734,67.47000122070312,68.5199966430664,2546100
CAH,2014-02-03,47.51546096801758,65.76000213623047,68.0199966430664,65.62000274658203,67.95999908447266,3835000
CAH,2014-02-04,47.37093734741211,65.55999755859375,66.37999725341797,65.23999786376953,66.12999725341797,2076500
CAH,2014-02-05,47.23365783691406,65.37000274658203,65.97000122070312,64.77999877929688,65.37999725341797,2599200
CAH,2014-02-06,47.883968353271484,66.2699966430664,66.56999969482422,65.25,65.55999755859375,2235500
CAH,2014-02-07,48.80160903930664,67.54000091552734,67.58999633789062,66.30999755859375,66.54000091552734,2074600
CAH,2014-02-10,48.1657600402832,66.66000366210938,67.4800033569336,66.08999633789062,67.30000305175781,3884300
CAH,2014-02-11,50.26117706298828,69.55999755859375,69.88999938964844,66.55000305175781,66.6500015258789,5032100
CAH,2014-02-12,50.196144104003906,69.47000122070312,70.95999908447266,69.41000366210938,69.80999755859375,3257100
CAH,2014-02-13,50.52128982543945,69.91999816894531,70.36000061035156,68.68000030517578,69.16000366210938,2132500
CAH,2014-02-14,50.77420425415039,70.2699966430664,70.44999694824219,69.51000213623047,69.75,1487000
CAH,2014-02-18,51.15715026855469,70.80000305175781,71.23999786376953,70.0,70.11000061035156,1900300
CAH,2014-02-19,51.2583122253418,70.94000244140625,71.87000274658203,70.41000366210938,70.79000091552734,2574600
CAH,2014-02-20,51.67015838623047,71.51000213623047,71.80999755859375,70.58000183105469,70.9800033569336,1720600
CAH,2014-02-21,51.843597412109375,71.75,72.04000091552734,71.5199966430664,71.83000183105469,2140900
CAH,2014-02-24,51.85801315307617,71.7699966430664,72.4800033569336,71.76000213623047,71.87000274658203,1837700
CAH,2014-02-25,52.02421951293945,72.0,72.43000030517578,71.51000213623047,71.66999816894531,1979200
CAH,2014-02-26,51.7424201965332,71.61000061035156,72.56999969482422,71.3499984741211,71.98999786376953,1685700
CAH,2014-02-27,51.90137481689453,71.83000183105469,72.04000091552734,71.0199966430664,71.4800033569336,2095600
CAH,2014-02-28,51.68461227416992,71.52999877929688,72.2300033569336,70.95999908447266,72.05000305175781,1799700
CAH,2014-03-03,51.648502349853516,71.4800033569336,71.7300033569336,70.9800033569336,71.06999969482422,1505900
CAH,2014-03-04,53.136940002441406,73.54000091552734,73.63999938964844,72.2300033569336,72.2300033569336,2214000
CAH,2014-03-05,52.89129638671875,73.19999694824219,74.4000015258789,73.0199966430664,73.08999633789062,2105700
CAH,2014-03-06,52.428855895996094,72.55999755859375,73.66999816894531,72.5,73.55999755859375,1755700
CAH,2014-03-07,52.240989685058594,72.30000305175781,72.7699966430664,71.87999725341797,72.62999725341797,2110400
CAH,2014-03-10,52.36383056640625,72.47000122070312,72.62999725341797,71.69999694824219,72.2300033569336,1703800
CAH,2014-03-11,52.41440200805664,72.54000091552734,73.13999938964844,72.30000305175781,72.58000183105469,1050100
CAH,2014-03-12,52.41440200805664,72.54000091552734,73.19999694824219,72.0999984741211,72.25,1180000
CAH,2014-03-13,52.371036529541016,72.4800033569336,73.25,72.36000061035156,72.9000015258789,1985100
CAH,2014-03-14,52.2337760925293,72.29000091552734,72.77999877929688,72.11000061035156,72.26000213623047,1463700
CAH,2014-03-17,52.522789001464844,72.69000244140625,73.0999984741211,72.4000015258789,72.56999969482422,1311000
CAH,2014-03-18,53.07191848754883,73.44999694824219,73.47000122070312,72.70999908447266,72.79000091552734,1313700
CAH,2014-03-19,52.118141174316406,72.12999725341797,73.5,71.69999694824219,73.3499984741211,1586100
CAH,2014-03-20,51.843597412109375,71.75,72.12000274658203,71.5,72.06999969482422,2118600
CAH,2014-03-21,50.75251770019531,70.23999786376953,72.91000366210938,70.11000061035156,72.3499984741211,4115300
CAH,2014-03-24,50.68026351928711,70.13999938964844,71.0999984741211,69.79000091552734,70.72000122070312,2883100
CAH,2014-03-25,51.40281295776367,71.13999938964844,71.30000305175781,70.33999633789062,70.38999938964844,2259000
CAH,2014-03-26,50.81032943725586,70.31999969482422,71.75,70.30000305175781,71.45999908447266,2564700
CAH,2014-03-27,49.95769500732422,69.13999938964844,70.52999877929688,68.94999694824219,70.33999633789062,2182300
CAH,2014-03-28,50.56949996948242,69.68000030517578,70.30000305175781,69.1500015258789,69.36000061035156,1456500
CAH,2014-03-31,50.787208557128906,69.9800033569336,70.62999725341797,69.70999908447266,70.2300033569336,3300300
CAH,2014-04-01,50.60578155517578,69.7300033569336,70.69000244140625,69.37999725341797,70.30000305175781,2523400
CAH,2014-04-02,51.004947662353516,70.27999877929688,70.37000274658203,69.68000030517578,69.83000183105469,2503500
CAH,2014-04-03,51.75246047973633,71.30999755859375,71.45999908447266,70.13999938964844,70.30000305175781,2465700
CAH,2014-04-04,50.083229064941406,69.01000213623047,72.1500015258789,69.0,71.9800033569336,2309000
CAH,2014-04-07,49.37202835083008,68.02999877929688,69.12000274658203,67.55999755859375,68.87999725341797,2171200
CAH,2014-04-08,49.11802291870117,67.68000030517578,68.22000122070312,66.94000244140625,67.91999816894531,1965300
CAH,2014-04-09,50.40257263183594,69.44999694824219,69.48999786376953,67.93000030517578,68.05000305175781,1815000
CAH,2014-04-10,48.762428283691406,67.19000244140625,69.73999786376953,67.18000030517578,69.54000091552734,2834100
CAH,2014-04-11,48.00038146972656,66.13999938964844,67.19000244140625,65.52999877929688,66.69999694824219,3381600
CAH,2014-04-14,48.42131042480469,66.72000122070312,66.95999908447266,65.88999938964844,66.63999938964844,2248400
CAH,2014-04-15,48.776912689208984,67.20999908447266,67.37000274658203,65.7699966430664,66.91000366210938,2619900
CAH,2014-04-16,49.36477279663086,68.0199966430664,68.27999877929688,67.12999725341797,67.87000274658203,1369500
CAH,2014-04-17,49.44460678100586,68.12999725341797,68.61000061035156,67.5999984741211,67.93000030517578,1419800
CAH,2014-04-21,49.821998596191406,68.6500015258789,68.75,67.69999694824219,68.01000213623047,965400
CAH,2014-04-22,49.97439193725586,68.86000061035156,69.31999969482422,68.27999877929688,68.6500015258789,1424600
CAH,2014-04-23,50.039695739746094,68.94999694824219,69.29000091552734,68.52999877929688,68.97000122070312,1214800
CAH,2014-04-24,49.79294967651367,68.61000061035156,69.81999969482422,68.54000091552734,69.4800033569336,1752500
CAH,2014-04-25,48.76966857910156,67.19999694824219,68.72000122070312,67.08999633789062,68.58999633789062,1759000
CAH,2014-04-28,49.749427795410156,68.55000305175781,68.69000244140625,67.36000061035156,67.79000091552734,2102700
CAH,2014-04-29,50.67110824584961,69.81999969482422,69.83999633789062,68.56999969482422,68.87000274658203,2482100
CAH,2014-04-30,50.446109771728516,69.51000213623047,69.66000366210938,69.0199966430664,69.55000305175781,2155300
CAH,2014-05-01,47.2601203918457,65.12000274658203,66.80000305175781,64.33000183105469,66.7699966430664,5540300
CAH,2014-05-02,46.30215072631836,63.79999923706055,65.23999786376953,63.529998779296875,65.0999984741211,5255400
CAH,2014-05-05,46.43278884887695,63.97999954223633,64.22000122070312,63.060001373291016,63.439998626708984,3441300
CAH,2014-05-06,46.60697555541992,64.22000122070312,64.61000061035156,63.459999084472656,63.77000045776367,3063300
CAH,2014-05-07,46.32392501831055,63.83000183105469,64.37999725341797,63.4900016784668,64.2699966430664,2357300
CAH,2014-05-08,46.37472915649414,63.900001525878906,65.13999938964844,63.5099983215332,63.970001220703125,2637100
CAH,2014-05-09,46.74485778808594,64.41000366210938,64.44999694824219,63.40999984741211,63.959999084472656,2001100
CAH,2014-05-12,47.18755340576172,65.0199966430664,65.44999694824219,64.66000366210938,64.69000244140625,1973000
CAH,2014-05-13,48.01490020751953,66.16000366210938,66.5,64.94000244140625,65.30000305175781,2636500
CAH,2014-05-14,47.33271026611328,65.22000122070312,66.26000213623047,65.19000244140625,66.18000030517578,1525400
CAH,2014-05-15,47.12223815917969,64.93000030517578,65.18000030517578,64.6500015258789,64.97000122070312,1513700
CAH,2014-05-16,47.717350006103516,65.75,65.75,64.81999969482422,64.9000015258789,2407600
CAH,2014-05-19,48.297950744628906,66.55000305175781,66.75,65.26000213623047,65.43000030517578,1780000
CAH,2014-05-20,48.0439338684082,66.19999694824219,66.87999725341797,65.80999755859375,66.41000366210938,1660700
CAH,2014-05-21,48.90755081176758,67.38999938964844,67.6500015258789,66.20999908447266,66.38999938964844,1955300
CAH,2014-05-22,49.19059753417969,67.77999877929688,68.31999969482422,67.31999969482422,67.36000061035156,1478000
CAH,2014-05-23,49.7421760559082,68.54000091552734,68.62999725341797,67.79000091552734,67.97000122070312,1474400
CAH,2014-05-27,50.21387481689453,69.19000244140625,69.30999755859375,68.61000061035156,68.73999786376953,1435400
CAH,2014-05-28,50.40257263183594,69.44999694824219,69.66000366210938,68.80999755859375,68.80999755859375,1891400
CAH,2014-05-29,51.60730743408203,71.11000061035156,71.2699966430664,69.37999725341797,69.48999786376953,2602100
CAH,2014-05-30,51.258941650390625,70.62999725341797,71.08000183105469,70.36000061035156,70.86000061035156,2247600
CAH,2014-06-02,51.20088195800781,70.55000305175781,71.0,70.0999984741211,70.70999908447266,1943000
CAH,2014-06-03,51.60004425048828,71.0999984741211,71.31999969482422,70.1500015258789,70.41000366210938,1982300
CAH,2014-06-04,51.56376266479492,71.05000305175781,71.12000274658203,70.47000122070312,70.94999694824219,1491200
CAH,2014-06-05,51.32426452636719,70.72000122070312,71.54000091552734,70.6500015258789,71.0,1776400
CAH,2014-06-06,51.360538482666016,70.7699966430664,71.16000366210938,70.55999755859375,70.80999755859375,1636300
CAH,2014-06-09,51.317012786865234,70.70999908447266,71.13999938964844,70.52999877929688,70.7300033569336,1063600
CAH,2014-06-10,50.82350158691406,70.02999877929688,70.63999938964844,69.69999694824219,70.30999755859375,1967000
CAH,2014-06-11,50.75094223022461,69.93000030517578,70.06999969482422,69.45999908447266,69.66000366210938,2559100
CAH,2014-06-12,49.292198181152344,67.91999816894531,69.76000213623047,67.69999694824219,69.66999816894531,4137000
CAH,2014-06-13,49.16883850097656,67.75,67.97000122070312,67.2699966430664,67.94000244140625,2841700
CAH,2014-06-16,49.06721115112305,67.61000061035156,68.63999938964844,67.58999633789062,67.76000213623047,3075900
CAH,2014-06-17,49.50990676879883,68.22000122070312,68.44000244140625,67.44999694824219,67.5,2978100
CAH,2014-06-18,49.88731002807617,68.73999786376953,68.80000305175781,67.91000366210938,68.19000244140625,2429900
CAH,2014-06-19,49.85826873779297,68.69999694824219,69.26000213623047,68.55999755859375,68.97000122070312,1205500
CAH,2014-06-20,50.170318603515625,69.12999725341797,69.33999633789062,68.37999725341797,68.83999633789062,2697600
CAH,2014-06-23,49.952632904052734,68.83000183105469,69.22000122070312,68.66000366210938,68.94000244140625,1247700
CAH,2014-06-24,49.79294967651367,68.61000061035156,69.43000030517578,68.33999633789062,68.75,1474200
CAH,2014-06-25,50.47515869140625,69.55000305175781,69.66999816894531,68.83999633789062,68.83999633789062,1676600
CAH,2014-06-26,50.24291229248047,69.2300033569336,69.62000274658203,69.05999755859375,69.54000091552734,1208700
CAH,2014-06-27,50.442054748535156,69.16000366210938,69.31999969482422,68.91000366210938,68.91000366210938,1796900
CAH,2014-06-30,50.004417419433594,68.55999755859375,69.37999725341797,68.44000244140625,69.3499984741211,1578000
CAH,2014-07-01,50.77754211425781,69.62000274658203,69.9800033569336,68.79000091552734,68.79000091552734,2215400
CAH,2014-07-02,50.75566101074219,69.58999633789062,70.19000244140625,69.41000366210938,69.4800033569336,1581800
CAH,2014-07-03,51.353729248046875,70.41000366210938,70.5199966430664,69.6500015258789,69.77999877929688,1241000
CAH,2014-07-07,51.331844329833984,70.37999725341797,70.44000244140625,69.51000213623047,70.0,1655700
CAH,2014-07-08,50.8869514465332,69.7699966430664,70.05000305175781,69.0999984741211,69.94999694824219,1683500
CAH,2014-07-09,51.22974395751953,70.23999786376953,70.48999786376953,69.7300033569336,69.9800033569336,1308400
CAH,2014-07-10,51.426658630371094,70.51000213623047,70.72000122070312,69.52999877929688,69.62000274658203,1258800
CAH,2014-07-11,51.404781341552734,70.4800033569336,70.54000091552734,69.66999816894531,70.37000274658203,1103600
CAH,2014-07-14,51.52147674560547,70.63999938964844,70.8499984741211,70.31999969482422,70.8499984741211,1294100
CAH,2014-07-15,51.79133224487305,71.01000213623047,71.55000305175781,70.48999786376953,70.63999938964844,2982500
CAH,2014-07-16,51.78404235839844,71.0,71.2300033569336,70.05000305175781,71.22000122070312,2260300
CAH,2014-07-17,51.47771453857422,70.58000183105469,71.33999633789062,70.3499984741211,70.55999755859375,1841300
CAH,2014-07-18,51.82780075073242,71.05999755859375,71.0999984741211,70.2699966430664,70.80999755859375,1953700
CAH,2014-07-21,51.105735778808594,70.06999969482422,70.68000030517578,69.68000030517578,70.62000274658203,1927300
CAH,2014-07-22,51.57981491088867,70.72000122070312,70.98999786376953,70.31999969482422,70.36000061035156,1529100
CAH,2014-07-23,52.11225509643555,71.44999694824219,72.0,70.8499984741211,70.97000122070312,2575800
CAH,2014-07-24,52.8270149230957,72.43000030517578,73.75,71.93000030517578,72.13999938964844,3435900
CAH,2014-07-25,52.67384719848633,72.22000122070312,72.41000366210938,71.75,72.19000244140625,1363400
CAH,2014-07-28,52.90723419189453,72.54000091552734,72.91999816894531,71.98999786376953,72.18000030517578,1622700
CAH,2014-07-29,52.73219299316406,72.30000305175781,72.62000274658203,72.13999938964844,72.5999984741211,1842900
CAH,2014-07-30,53.060420989990234,72.75,72.83999633789062,72.05999755859375,72.5,1431800
CAH,2014-07-31,52.25813674926758,71.6500015258789,72.69999694824219,71.48999786376953,72.25,2628700
CAH,2014-08-01,52.78325653076172,72.37000274658203,73.1500015258789,71.56999969482422,71.62999725341797,3147900
CAH,2014-08-04,51.25890350341797,70.27999877929688,70.9000015258789,68.54000091552734,70.4000015258789,5459700
CAH,2014-08-05,51.54336166381836,70.66999816894531,71.83000183105469,69.91999816894531,70.19999694824219,2437300
CAH,2014-08-06,51.309967041015625,70.3499984741211,71.01000213623047,70.0,70.2300033569336,1095500
CAH,2014-08-07,51.0546760559082,70.0,70.87999725341797,69.68000030517578,70.87999725341797,2154300
CAH,2014-08-08,51.74028396606445,70.94000244140625,70.95999908447266,69.66000366210938,69.93000030517578,1249000
CAH,2014-08-11,51.95908737182617,71.23999786376953,72.0,71.1500015258789,71.4000015258789,1526200
CAH,2014-08-12,51.79862594604492,71.0199966430664,71.52999877929688,70.54000091552734,71.08999633789062,1810900
CAH,2014-08-13,52.425865173339844,71.87999725341797,72.13999938964844,71.56999969482422,71.73999786376953,1080900
CAH,2014-08-14,52.60820007324219,72.12999725341797,72.37999725341797,71.8499984741211,72.11000061035156,945400
CAH,2014-08-15,52.09765625,71.43000030517578,72.31999969482422,71.16999816894531,72.20999908447266,3010500
CAH,2014-08-18,52.66657638549805,72.20999908447266,72.41000366210938,71.43000030517578,71.52999877929688,1514000
CAH,2014-08-19,52.95100021362305,72.5999984741211,72.93000030517578,72.04000091552734,72.25,1824200
CAH,2014-08-20,52.86347198486328,72.4800033569336,72.5999984741211,72.1500015258789,72.44999694824219,1687500
CAH,2014-08-21,53.315673828125,73.0999984741211,73.44999694824219,72.44000244140625,72.5,1617300
CAH,2014-08-22,53.191688537597656,72.93000030517578,73.33999633789062,72.91000366210938,73.0999984741211,1329200
CAH,2014-08-25,53.570945739746094,73.44999694824219,73.68000030517578,73.0199966430664,73.1500015258789,1005800
CAH,2014-08-26,53.47614669799805,73.31999969482422,73.69999694824219,73.12999725341797,73.4000015258789,979800
CAH,2014-08-27,53.002044677734375,72.66999816894531,73.58000183105469,72.5999984741211,73.05000305175781,1539700
CAH,2014-08-28,53.4396858215332,73.2699966430664,73.51000213623047,72.44999694824219,72.54000091552734,1218000
CAH,2014-08-29,53.753292083740234,73.69999694824219,73.7699966430664,72.94999694824219,73.4000015258789,1207100
CAH,2014-09-02,53.84811019897461,73.83000183105469,73.86000061035156,73.30999755859375,73.72000122070312,2433900
CAH,2014-09-03,54.2419548034668,74.37000274658203,74.69999694824219,73.66000366210938,73.9000015258789,1955500
CAH,2014-09-04,54.1909065246582,74.30000305175781,75.0,73.97000122070312,74.43000030517578,1938600
CAH,2014-09-05,54.93486785888672,75.31999969482422,75.44999694824219,74.19999694824219,74.29000091552734,1943900
CAH,2014-09-08,55.00049591064453,75.41000366210938,75.70999908447266,75.11000061035156,75.2699966430664,1381700
CAH,2014-09-09,54.912967681884766,75.29000091552734,75.69000244140625,75.19000244140625,75.51000213623047,1726100
CAH,2014-09-10,55.05154800415039,75.4800033569336,75.80999755859375,75.22000122070312,75.5999984741211,1328700
CAH,2014-09-11,54.891082763671875,75.26000213623047,75.66999816894531,75.0199966430664,75.02999877929688,1353200
CAH,2014-09-12,54.98589324951172,75.38999938964844,75.5199966430664,74.87000274658203,75.26000213623047,1950500
CAH,2014-09-15,54.67229461669922,74.95999908447266,75.52999877929688,74.80000305175781,75.27999877929688,1339300
CAH,2014-09-16,55.10260009765625,75.55000305175781,75.87000274658203,74.87999725341797,74.94000244140625,1607400
CAH,2014-09-17,54.67229461669922,74.95999908447266,75.73999786376953,74.69000244140625,75.73999786376953,2139800
CAH,2014-09-18,55.00779724121094,75.41999816894531,75.5999984741211,74.91000366210938,75.16000366210938,1632900
CAH,2014-09-19,55.49644470214844,76.08999633789062,76.31999969482422,75.80999755859375,75.9000015258789,2330400
CAH,2014-09-22,55.335975646972656,75.87000274658203,76.08999633789062,75.48999786376953,75.80000305175781,1345100
CAH,2014-09-23,55.32868576049805,75.86000061035156,76.16999816894531,75.5,75.72000122070312,1565800
CAH,2014-09-24,56.64155197143555,77.66000366210938,77.73999786376953,75.76000213623047,75.91999816894531,2081600
CAH,2014-09-25,55.54750442504883,76.16000366210938,77.69000244140625,76.08999633789062,77.29000091552734,1747100
CAH,2014-09-26,55.19741439819336,75.68000030517578,76.41000366210938,75.18000030517578,76.16999816894531,1381400
CAH,2014-09-29,55.41207504272461,75.62999725341797,75.93000030517578,74.81999969482422,74.91000366210938,1372200
CAH,2014-09-30,54.89187240600586,74.91999816894531,75.95999908447266,74.9000015258789,75.80999755859375,1567800
CAH,2014-10-01,54.64278030395508,74.58000183105469,75.2300033569336,74.16999816894531,75.0199966430664,2624000
CAH,2014-10-02,54.98712921142578,75.05000305175781,75.61000061035156,74.31999969482422,74.77999877929688,2713400
CAH,2014-10-03,55.8004035949707,76.16000366210938,76.56999969482422,75.5999984741211,75.72000122070312,2334700
CAH,2014-10-06,55.54396438598633,75.80999755859375,76.94999694824219,75.30000305175781,76.66000366210938,1697700
CAH,2014-10-07,54.576847076416016,74.48999786376953,75.56999969482422,74.47000122070312,75.43000030517578,2940100
CAH,2014-10-08,56.166744232177734,76.66000366210938,76.69000244140625,74.5199966430664,74.7300033569336,2089600
CAH,2014-10-09,55.243568420410156,75.4000015258789,76.66999816894531,75.37999725341797,76.51000213623047,1457200
CAH,2014-10-10,55.33150100708008,75.5199966430664,76.38999938964844,75.51000213623047,75.62000274658203,2701300
CAH,2014-10-13,54.151878356933594,73.91000366210938,75.47000122070312,73.8499984741211,75.41999816894531,2369300
CAH,2014-10-14,54.64278030395508,74.58000183105469,75.52999877929688,74.06999969482422,74.30000305175781,2779000
CAH,2014-10-15,53.65367889404297,73.2300033569336,74.01000213623047,71.72000122070312,73.69999694824219,3758400
CAH,2014-10-16,52.84771728515625,72.12999725341797,73.23999786376953,71.76000213623047,71.83000183105469,3166900
CAH,2014-10-17,53.939414978027344,73.62000274658203,74.22000122070312,72.7300033569336,72.80000305175781,2799300
CAH,2014-10-20,54.29841232299805,74.11000061035156,74.2699966430664,72.9000015258789,73.30999755859375,2476800
CAH,2014-10-21,55.55861282348633,75.83000183105469,75.91000366210938,74.68000030517578,74.73999786376953,1761500
CAH,2014-10-22,55.68318176269531,76.0,76.75,75.80999755859375,76.12999725341797,1740600
CAH,2014-10-23,56.012874603271484,76.44999694824219,77.12999725341797,76.33000183105469,76.87000274658203,1685900
CAH,2014-10-24,56.489131927490234,77.0999984741211,77.19999694824219,76.33999633789062,76.45999908447266,1787900
CAH,2014-10-27,57.44889450073242,78.41000366210938,78.68000030517578,77.13999938964844,77.23999786376953,2371600
CAH,2014-10-28,57.50752639770508,78.48999786376953,78.70999908447266,77.88999938964844,78.56999969482422,1684100
CAH,2014-10-29,57.20711898803711,78.08000183105469,78.87000274658203,77.70999908447266,78.2300033569336,1909700
CAH,2014-10-30,57.28773498535156,78.19000244140625,78.5999984741211,77.33999633789062,77.93000030517578,3194500
CAH,2014-10-31,57.50019454956055,78.4800033569336,79.12999725341797,78.20999908447266,78.87000274658203,3228200
CAH,2014-11-03,57.57346725463867,78.58000183105469,78.91999816894531,78.37000274658203,78.66000366210938,1626100
CAH,2014-11-04,58.25486755371094,79.51000213623047,79.7300033569336,78.4800033569336,78.9000015258789,2221600
CAH,2014-11-05,57.81523895263672,78.91000366210938,79.98999786376953,78.51000213623047,79.80999755859375,1605800
CAH,2014-11-06,58.320804595947266,79.5999984741211,79.80999755859375,78.86000061035156,79.2699966430664,1544900
CAH,2014-11-07,57.346317291259766,78.2699966430664,79.80999755859375,77.9800033569336,79.76000213623047,2255100
CAH,2014-11-10,57.94712448120117,79.08999633789062,79.11000061035156,78.1500015258789,78.44999694824219,2082300
CAH,2014-11-11,58.320804595947266,79.5999984741211,80.05999755859375,79.12000274658203,79.12000274658203,1485400
CAH,2014-11-12,58.789703369140625,80.23999786376953,80.41000366210938,79.30000305175781,79.31999969482422,2618700
CAH,2014-11-13,59.0974235534668,80.66000366210938,81.01000213623047,80.27999877929688,80.37000274658203,2233800
CAH,2014-11-14,58.870304107666016,80.3499984741211,80.97000122070312,80.19999694824219,80.66000366210938,1622900
CAH,2014-11-17,58.877628326416016,80.36000061035156,80.86000061035156,80.11000061035156,80.41999816894531,1555000
CAH,2014-11-18,59.353858947753906,81.01000213623047,81.2300033569336,80.11000061035156,80.29000091552734,1219600
CAH,2014-11-19,58.41603469848633,79.7300033569336,81.04000091552734,79.62000274658203,81.02999877929688,1836600
CAH,2014-11-20,57.78593826293945,78.87000274658203,79.48999786376953,78.58000183105469,79.30000305175781,2319600
CAH,2014-11-21,58.284175872802734,79.55000305175781,80.0,79.30000305175781,79.80999755859375,1809100
CAH,2014-11-24,59.32456588745117,80.97000122070312,81.06999969482422,79.68000030517578,80.0199966430664,1842000
CAH,2014-11-25,59.33189010620117,80.9800033569336,81.16999816894531,80.26000213623047,80.94000244140625,1531200
CAH,2014-11-26,59.712886810302734,81.5,81.69999694824219,80.80000305175781,81.20999908447266,1231100
CAH,2014-11-28,60.218421936035156,82.19000244140625,82.68000030517578,81.70999908447266,81.76000213623047,642500
CAH,2014-12-01,60.07920837402344,82.0,82.19999694824219,81.43000030517578,81.80999755859375,1492200
CAH,2014-12-02,60.17445373535156,82.12999725341797,82.4000015258789,81.80999755859375,82.0,1577900
CAH,2014-12-03,60.04258346557617,81.94999694824219,82.4800033569336,81.79000091552734,82.16999816894531,1161600
CAH,2014-12-04,60.24773406982422,82.2300033569336,82.26000213623047,81.37000274658203,82.01000213623047,1182500
CAH,2014-12-05,60.24773406982422,82.2300033569336,82.56999969482422,81.98999786376953,82.1500015258789,819800
CAH,2014-12-08,60.438236236572266,82.48999786376953,83.36000061035156,82.18000030517578,82.25,1523300
CAH,2014-12-09,59.55903244018555,81.29000091552734,82.48999786376953,81.01000213623047,81.56999969482422,1527200
CAH,2014-12-10,58.96558380126953,80.4800033569336,81.87000274658203,80.36000061035156,81.38999938964844,1733500
CAH,2014-12-11,58.95820999145508,80.47000122070312,81.79000091552734,80.30000305175781,80.83999633789062,1427100
CAH,2014-12-12,58.100990295410156,79.30000305175781,80.72000122070312,79.27999877929688,80.1500015258789,1119500
CAH,2014-12-15,58.298831939697266,79.56999969482422,80.52999877929688,79.19000244140625,80.52999877929688,1706900
CAH,2014-12-16,57.95444869995117,79.0999984741211,81.41999816894531,79.08999633789062,79.63999938964844,1978500
CAH,2014-12-17,59.0900993347168,80.6500015258789,80.88999938964844,79.02999877929688,79.36000061035156,1705000
CAH,2014-12-18,60.379608154296875,82.41000366210938,82.41000366210938,80.8499984741211,81.22000122070312,1642300
CAH,2014-12-19,60.84120559692383,83.04000091552734,83.37999725341797,82.20999908447266,82.80999755859375,2586700
CAH,2014-12-22,60.81187438964844,83.0,83.4000015258789,82.72000122070312,82.91999816894531,1216300
CAH,2014-12-23,60.020572662353516,81.91999816894531,83.19999694824219,81.54000091552734,83.18000030517578,1346700
CAH,2014-12-24,60.1304931640625,82.06999969482422,82.58999633789062,81.8499984741211,82.11000061035156,478400
CAH,2014-12-26,59.96195983886719,81.83999633789062,82.51000213623047,81.55999755859375,82.37000274658203,1408000
CAH,2014-12-29,59.45644760131836,81.1500015258789,81.91999816894531,81.02999877929688,81.58999633789062,2066700
CAH,2014-12-30,60.201786041259766,81.81999969482422,81.91000366210938,81.05000305175781,81.05000305175781,1264800
CAH,2014-12-31,59.3997688293457,80.7300033569336,82.41999816894531,80.66000366210938,82.1500015258789,787600
CAH,2015-01-02,59.23789596557617,80.51000213623047,81.61000061035156,79.87000274658203,81.18000030517578,1015800
CAH,2015-01-05,58.899452209472656,80.05000305175781,80.91999816894531,79.77999877929688,80.19000244140625,1346000
CAH,2015-01-06,58.26667022705078,79.19000244140625,80.77999877929688,78.41000366210938,80.33000183105469,2105700
CAH,2015-01-07,60.35630798339844,82.02999877929688,82.12999725341797,79.5199966430664,80.05000305175781,2024500
CAH,2015-01-08,62.21783447265625,84.55999755859375,84.58999633789062,82.72000122070312,82.75,2737800
CAH,2015-01-09,61.688079833984375,83.83999633789062,84.4800033569336,83.62999725341797,84.44000244140625,1770300
CAH,2015-01-12,60.930213928222656,82.80999755859375,84.5999984741211,82.7300033569336,84.04000091552734,1353100
CAH,2015-01-13,60.70211410522461,82.5,84.38999938964844,81.93000030517578,83.66999816894531,1723600
CAH,2015-01-14,60.29743576049805,81.94999694824219,82.3499984741211,81.47000122070312,81.75,1359000
CAH,2015-01-15,59.488067626953125,80.8499984741211,82.45999908447266,80.77999877929688,82.08000183105469,1223600
CAH,2015-01-16,60.52553176879883,82.26000213623047,82.33000183105469,80.55999755859375,80.58000183105469,1317900
CAH,2015-01-20,60.142913818359375,81.73999786376953,83.12000274658203,80.81999969482422,82.54000091552734,2003500
CAH,2015-01-21,60.29008483886719,81.94000244140625,82.4800033569336,81.37999725341797,81.80999755859375,2004400
CAH,2015-01-22,61.746917724609375,83.91999816894531,83.94999694824219,81.44999694824219,82.43000030517578,2321800
CAH,2015-01-23,61.41582107543945,83.47000122070312,84.18000030517578,83.37999725341797,83.94999694824219,1177800
CAH,2015-01-26,62.357643127441406,84.75,84.79000091552734,83.1500015258789,83.41999816894531,1515500
CAH,2015-01-27,62.320831298828125,84.69999694824219,85.12999725341797,83.56999969482422,83.94000244140625,1632300
CAH,2015-01-28,62.82854461669922,85.38999938964844,87.33000183105469,85.04000091552734,85.79000091552734,4157200
CAH,2015-01-29,62.40913772583008,84.81999969482422,85.3499984741211,82.76000213623047,83.7300033569336,2927300
CAH,2015-01-30,61.209800720214844,83.19000244140625,85.52999877929688,83.05999755859375,84.58999633789062,3039300
CAH,2015-02-02,60.937591552734375,82.81999969482422,82.91000366210938,81.31999969482422,81.37000274658203,3086200
CAH,2015-02-03,61.37904739379883,83.41999816894531,83.80000305175781,82.76000213623047,83.37999725341797,2167200
CAH,2015-02-04,61.710121154785156,83.87000274658203,85.0,83.0999984741211,83.0999984741211,2653100
CAH,2015-02-05,62.12218475341797,84.43000030517578,84.91999816894531,83.88999938964844,84.2300033569336,2228100
CAH,2015-02-06,62.88740921020508,85.47000122070312,86.31999969482422,84.47000122070312,84.61000061035156,1936900
CAH,2015-02-09,61.96766662597656,84.22000122070312,85.4000015258789,83.87999725341797,85.36000061035156,1514200
CAH,2015-02-10,62.62986373901367,85.12000274658203,85.18000030517578,84.4800033569336,84.9000015258789,2124200
CAH,2015-02-11,63.34357833862305,86.08999633789062,86.41999816894531,85.05000305175781,85.30999755859375,1930300
CAH,2015-02-12,63.30680847167969,86.04000091552734,86.68000030517578,85.23999786376953,86.63999938964844,1533800
CAH,2015-02-13,63.336219787597656,86.08000183105469,86.11000061035156,85.33999633789062,86.04000091552734,1253200
CAH,2015-02-17,63.579044342041016,86.41000366210938,86.72000122070312,85.75,86.0999984741211,1309000
CAH,2015-02-18,63.43924331665039,86.22000122070312,86.47000122070312,85.66000366210938,86.33000183105469,1420200
CAH,2015-02-19,63.40242385864258,86.16999816894531,86.54000091552734,85.87000274658203,86.26000213623047,833300
CAH,2015-02-20,64.05730438232422,87.05999755859375,87.05999755859375,85.6500015258789,85.95999908447266,1212700
CAH,2015-02-23,64.822509765625,88.0999984741211,88.1500015258789,86.95999908447266,87.1500015258789,1894500
CAH,2015-02-24,65.66863250732422,89.25,89.30999755859375,87.77999877929688,88.11000061035156,2442700
CAH,2015-02-25,64.96964263916016,88.30000305175781,89.43000030517578,88.22000122070312,88.91000366210938,1678100
CAH,2015-02-26,64.87403106689453,88.16999816894531,88.81999969482422,87.7300033569336,88.16000366210938,1145100
CAH,2015-02-27,64.74158477783203,87.98999786376953,88.75,87.88999938964844,88.05999755859375,1502300
CAH,2015-03-02,65.86731719970703,89.5199966430664,90.48999786376953,87.98999786376953,87.98999786376953,3820300
CAH,2015-03-03,65.06532287597656,88.43000030517578,89.93000030517578,87.62000274658203,89.93000030517578,1942300
CAH,2015-03-04,65.50679779052734,89.02999877929688,89.0999984741211,87.4800033569336,88.08999633789062,1620700
CAH,2015-03-05,65.44792175292969,88.94999694824219,89.62999725341797,88.5999984741211,89.20999908447266,1504200
CAH,2015-03-06,64.02051544189453,87.01000213623047,88.72000122070312,86.75,88.72000122070312,1501400
CAH,2015-03-09,64.73419189453125,87.9800033569336,88.1500015258789,87.02999877929688,87.26000213623047,1244100
CAH,2015-03-10,63.96900939941406,86.94000244140625,87.33000183105469,85.94000244140625,87.02999877929688,1784500
CAH,2015-03-11,64.21179962158203,87.2699966430664,87.62999725341797,86.5,87.18000030517578,1172100
CAH,2015-03-12,65.10208892822266,88.4800033569336,88.70999908447266,87.73999786376953,87.73999786376953,1197800
CAH,2015-03-13,64.83721923828125,88.12000274658203,88.56999969482422,87.33000183105469,88.22000122070312,1172400
CAH,2015-03-16,66.20578002929688,89.9800033569336,90.0,88.63999938964844,88.7300033569336,1368100
CAH,2015-03-17,65.88939666748047,89.55000305175781,89.72000122070312,88.94000244140625,89.45999908447266,1342700
CAH,2015-03-18,66.50008392333984,90.37999725341797,90.62999725341797,88.5999984741211,89.33000183105469,1896900
CAH,2015-03-19,66.16162109375,89.91999816894531,90.4000015258789,89.2699966430664,90.4000015258789,1627400
CAH,2015-03-20,67.14024353027344,91.25,91.44999694824219,90.19999694824219,90.31999969482422,2488200
CAH,2015-03-23,66.45594024658203,90.31999969482422,91.58999633789062,90.29000091552734,91.41999816894531,1904500
CAH,2015-03-24,65.81583404541016,89.44999694824219,90.68000030517578,89.37999725341797,90.41999816894531,1705800
CAH,2015-03-25,65.49205780029297,89.01000213623047,90.63999938964844,88.86000061035156,89.7300033569336,2177900
CAH,2015-03-26,65.58771514892578,89.13999938964844,90.06999969482422,88.11000061035156,88.75,1611600
CAH,2015-03-27,66.28670501708984,90.08999633789062,90.20999908447266,89.06999969482422,89.19999694824219,1672700
CAH,2015-03-30,67.06444549560547,90.80000305175781,91.0199966430664,89.80999755859375,89.95999908447266,1416600
CAH,2015-03-31,66.67301177978516,90.2699966430664,91.41999816894531,90.16000366210938,90.56999969482422,2290100
CAH,2015-04-01,65.62421417236328,88.8499984741211,90.23999786376953,88.16000366210938,90.20999908447266,2131000
CAH,2015-04-02,66.17813873291016,89.5999984741211,89.83000183105469,88.43000030517578,89.25,1256300
CAH,2015-04-06,66.42185974121094,89.93000030517578,90.47000122070312,88.73999786376953,88.97000122070312,1400900
CAH,2015-04-07,66.42925262451172,89.94000244140625,90.5199966430664,89.88999938964844,89.9000015258789,1180300
CAH,2015-04-08,66.61394500732422,90.19000244140625,90.43000030517578,89.54000091552734,90.08999633789062,1623100
CAH,2015-04-09,66.39232635498047,89.88999938964844,90.61000061035156,89.4800033569336,89.9000015258789,1490800
CAH,2015-04-10,66.85762786865234,90.5199966430664,90.5999984741211,89.51000213623047,89.76000213623047,1908500
CAH,2015-04-13,66.19291687011719,89.62000274658203,91.23999786376953,89.37999725341797,90.4800033569336,1822900
CAH,2015-04-14,66.69514465332031,90.30000305175781,90.5199966430664,89.0,90.29000091552734,1368800
CAH,2015-04-15,66.58434295654297,90.1500015258789,91.12000274658203,90.08999633789062,90.55999755859375,1502900
CAH,2015-04-16,66.22245788574219,89.66000366210938,90.16000366210938,89.43000030517578,90.1500015258789,1151100
CAH,2015-04-17,66.14120483398438,89.55000305175781,89.7300033569336,88.58999633789062,89.16000366210938,1460400
CAH,2015-04-20,66.57699584960938,90.13999938964844,90.83000183105469,89.61000061035156,89.93000030517578,1425900
CAH,2015-04-21,66.73209381103516,90.3499984741211,90.9000015258789,90.16999816894531,90.4000015258789,1000900
CAH,2015-04-22,67.58147430419922,91.5,91.62000274658203,90.30999755859375,90.45999908447266,1787900
CAH,2015-04-23,67.58147430419922,91.5,91.88999938964844,90.68000030517578,91.08999633789062,1488600
CAH,2015-04-24,67.49284362792969,91.37999725341797,91.77999877929688,90.9000015258789,91.41000366210938,1317600
CAH,2015-04-27,66.12644958496094,89.52999877929688,91.91000366210938,89.44000244140625,91.72000122070312,1943300
CAH,2015-04-28,66.8281021118164,90.4800033569336,90.56999969482422,88.5199966430664,89.27999877929688,2224800
CAH,2015-04-29,65.6611328125,88.9000015258789,90.36000061035156,88.23999786376953,89.86000061035156,2618100
CAH,2015-04-30,62.29313278198242,84.33999633789062,88.9000015258789,83.8499984741211,88.9000015258789,5378100
CAH,2015-05-01,63.186851501464844,85.55000305175781,85.7699966430664,84.08999633789062,84.52999877929688,2945100
CAH,2015-05-04,63.24591827392578,85.62999725341797,86.2300033569336,85.19000244140625,85.7699966430664,2065300
CAH,2015-05-05,62.4630126953125,84.56999969482422,86.0,84.33999633789062,85.69999694824219,1989900
CAH,2015-05-06,62.603336334228516,84.76000213623047,85.26000213623047,84.2300033569336,84.98999786376953,2190500
CAH,2015-05-07,62.77323532104492,84.98999786376953,85.62999725341797,84.72000122070312,84.80000305175781,2153400
CAH,2015-05-08,63.999271392822266,86.6500015258789,86.94999694824219,85.73999786376953,85.87000274658203,1657600
CAH,2015-05-11,63.78509521484375,86.36000061035156,86.88999938964844,86.0999984741211,86.58999633789062,1754100
CAH,2015-05-12,63.63737869262695,86.16000366210938,86.44000244140625,85.7699966430664,86.11000061035156,1826600
CAH,2015-05-13,63.873741149902344,86.4800033569336,87.19000244140625,86.16000366210938,86.51000213623047,1996100
CAH,2015-05-14,64.99639129638672,88.0,88.05999755859375,86.80999755859375,87.06999969482422,1653200
CAH,2015-05-15,64.66400909423828,87.55000305175781,88.33999633789062,87.18000030517578,87.94999694824219,2295400
CAH,2015-05-18,64.8856430053711,87.8499984741211,88.43000030517578,87.37000274658203,87.56999969482422,2255000
CAH,2015-05-19,64.47935485839844,87.30000305175781,88.9800033569336,87.25,88.05999755859375,3311100
CAH,2015-05-20,65.0480728149414,88.06999969482422,88.52999877929688,86.95999908447266,87.37000274658203,2699800
CAH,2015-05-21,65.4838638305664,88.66000366210938,88.79000091552734,87.87000274658203,87.95999908447266,1871800
CAH,2015-05-22,65.36567687988281,88.5,88.83999633789062,88.2699966430664,88.47000122070312,1296200
CAH,2015-05-26,64.69358825683594,87.58999633789062,88.80999755859375,87.58999633789062,88.4800033569336,1756600
CAH,2015-05-27,65.5060043334961,88.69000244140625,88.7699966430664,87.29000091552734,87.5999984741211,1340300
CAH,2015-05-28,65.07762145996094,88.11000061035156,89.62999725341797,88.08000183105469,88.68000030517578,2031800
CAH,2015-05-29,65.1219711303711,88.16999816894531,88.91000366210938,87.80999755859375,88.16000366210938,2113800
CAH,2015-06-01,65.30661010742188,88.41999816894531,88.72000122070312,87.62000274658203,88.33000183105469,1549400
CAH,2015-06-02,65.01854705810547,88.02999877929688,88.48999786376953,87.68000030517578,88.0199966430664,1274500
CAH,2015-06-03,65.01116943359375,88.0199966430664,88.41999816894531,87.7300033569336,88.19999694824219,1114900
CAH,2015-06-04,64.7083511352539,87.61000061035156,88.08999633789062,87.12000274658203,87.2300033569336,1458100
CAH,2015-06-05,65.02593994140625,88.04000091552734,88.16999816894531,86.16999816894531,87.08999633789062,2805900
CAH,2015-06-08,64.98900604248047,87.98999786376953,88.75,87.91000366210938,88.2699966430664,2639600
CAH,2015-06-09,64.74527740478516,87.66000366210938,88.98999786376953,87.51000213623047,88.5999984741211,2223300
CAH,2015-06-10,65.56510162353516,88.7699966430664,88.9800033569336,87.69999694824219,88.11000061035156,1902900
CAH,2015-06-11,66.22984313964844,89.66999816894531,90.11000061035156,88.75,89.2300033569336,2654300
CAH,2015-06-12,65.6463394165039,88.87999725341797,89.37000274658203,88.68000030517578,89.20999908447266,1654900
CAH,2015-06-15,65.19581604003906,88.2699966430664,88.91999816894531,88.08000183105469,88.52999877929688,2268200
CAH,2015-06-16,65.8236083984375,89.12000274658203,89.44999694824219,88.1500015258789,88.43000030517578,2310200
CAH,2015-06-17,66.4661865234375,89.98999786376953,90.29000091552734,89.2699966430664,89.41999816894531,2236700
CAH,2015-06-18,66.36280059814453,89.8499984741211,90.66000366210938,89.83999633789062,90.04000091552734,2603200
CAH,2015-06-19,66.37757110595703,89.87000274658203,90.56999969482422,89.69999694824219,89.83999633789062,2513000
CAH,2015-06-22,66.37016296386719,89.86000061035156,90.73999786376953,89.77999877929688,90.55999755859375,2252900
CAH,2015-06-23,65.90486907958984,89.2300033569336,90.30999755859375,89.1500015258789,90.26000213623047,2355400
CAH,2015-06-24,64.27993774414062,87.02999877929688,89.37000274658203,87.01000213623047,89.2300033569336,3406800
CAH,2015-06-25,64.01407623291016,86.66999816894531,87.44000244140625,85.8499984741211,87.44000244140625,3811100
CAH,2015-06-26,63.541358947753906,86.02999877929688,87.0199966430664,85.63999938964844,87.0199966430664,9080900
CAH,2015-06-29,62.129451751708984,83.73999786376953,85.61000061035156,83.62999725341797,85.12999725341797,3795600
CAH,2015-06-30,62.06269836425781,83.6500015258789,84.87000274658203,83.56999969482422,84.62999725341797,4071800
CAH,2015-07-01,63.02720260620117,84.94999694824219,85.12999725341797,84.18000030517578,84.29000091552734,3395000
CAH,2015-07-02,62.69333267211914,84.5,85.45999908447266,84.13999938964844,85.25,1556800
CAH,2015-07-06,62.72300338745117,84.54000091552734,84.87999725341797,83.62999725341797,83.69000244140625,2679300
CAH,2015-07-07,63.064292907714844,85.0,85.3499984741211,83.80000305175781,84.76000213623047,2312300
CAH,2015-07-08,61.87720489501953,83.4000015258789,85.19000244140625,83.29000091552734,84.5,2597100
CAH,2015-07-09,62.44108963012695,84.16000366210938,84.9000015258789,83.81999969482422,84.6500015258789,2459700
CAH,2015-07-10,63.42041778564453,85.4800033569336,85.69000244140625,84.86000061035156,85.02999877929688,1457300
CAH,2015-07-13,63.895267486572266,86.12000274658203,86.3499984741211,85.44000244140625,86.12999725341797,1376200
CAH,2015-07-14,63.93233108520508,86.16999816894531,86.56999969482422,85.36000061035156,85.76000213623047,3056800
CAH,2015-07-15,64.25138092041016,86.5999984741211,86.9800033569336,85.77999877929688,86.11000061035156,2223900
CAH,2015-07-16,64.56298828125,87.0199966430664,87.23999786376953,86.48999786376953,87.22000122070312,1488300
CAH,2015-07-17,64.37010192871094,86.76000213623047,87.37000274658203,86.47000122070312,87.13999938964844,1916700
CAH,2015-07-20,64.2365493774414,86.58000183105469,87.04000091552734,86.47000122070312,86.72000122070312,1177200
CAH,2015-07-21,63.947208404541016,86.19000244140625,86.93000030517578,85.7300033569336,86.55999755859375,1526200
CAH,2015-07-22,64.41460418701172,86.81999969482422,86.88999938964844,86.08000183105469,86.08999633789062,1756900
CAH,2015-07-23,62.522708892822266,84.2699966430664,87.08999633789062,84.04000091552734,86.91000366210938,3063600
CAH,2015-07-24,61.79558563232422,83.29000091552734,84.12999725341797,83.04000091552734,84.02999877929688,2232800
CAH,2015-07-27,61.05364990234375,82.29000091552734,83.16000366210938,82.12999725341797,82.98999786376953,2744100
CAH,2015-07-28,62.084922790527344,83.68000030517578,83.77999877929688,82.08999633789062,82.38999938964844,2187400
CAH,2015-07-29,62.5820426940918,84.3499984741211,84.43000030517578,83.41999816894531,83.8499984741211,3110600
CAH,2015-07-30,61.83266830444336,83.33999633789062,86.47000122070312,80.05000305175781,84.5199966430664,7631800
CAH,2015-07-31,63.0494499206543,84.9800033569336,85.19999694824219,83.16000366210938,83.31999969482422,4519600
CAH,2015-08-03,63.672672271728516,85.81999969482422,86.12999725341797,84.55999755859375,84.55999755859375,2602900
CAH,2015-08-04,63.620758056640625,85.75,86.63999938964844,85.55000305175781,86.16000366210938,2373100
CAH,2015-08-05,64.00655364990234,86.2699966430664,86.55000305175781,85.66999816894531,86.5,1780600
CAH,2015-08-06,62.90104675292969,84.77999877929688,86.58999633789062,84.62000274658203,86.41000366210938,2038200
CAH,2015-08-07,63.12364959716797,85.08000183105469,85.12999725341797,84.01000213623047,85.0,2125700
CAH,2015-08-10,63.60588073730469,85.7300033569336,86.41000366210938,85.62000274658203,85.66000366210938,1638700
CAH,2015-08-11,63.72461700439453,85.88999938964844,86.06999969482422,85.01000213623047,85.26000213623047,1939700
CAH,2015-08-12,63.10136032104492,85.05000305175781,85.19999694824219,83.98999786376953,85.01000213623047,2202900
CAH,2015-08-13,62.470726013183594,84.19999694824219,85.23999786376953,84.16999816894531,85.0999984741211,1572000
CAH,2015-08-14,62.522708892822266,84.2699966430664,84.47000122070312,83.77999877929688,83.97000122070312,1955600
CAH,2015-08-17,62.57461166381836,84.33999633789062,84.44999694824219,82.91000366210938,83.72000122070312,1817400
CAH,2015-08-18,62.91591262817383,84.80000305175781,84.93000030517578,84.04000091552734,84.19999694824219,1563300
CAH,2015-08-19,63.26460647583008,85.2699966430664,85.9000015258789,83.76000213623047,84.0199966430664,2473100
CAH,2015-08-20,61.03139877319336,82.26000213623047,85.04000091552734,82.19000244140625,84.4800033569336,2544200
CAH,2015-08-21,59.79978561401367,80.5999984741211,82.41999816894531,80.55999755859375,81.7300033569336,3033600
CAH,2015-08-24,58.59786605834961,78.9800033569336,80.4000015258789,74.76000213623047,76.6500015258789,6632800
CAH,2015-08-25,58.92433166503906,79.41999816894531,81.81999969482422,79.33999633789062,80.80000305175781,5448800
CAH,2015-08-26,61.98851013183594,83.55000305175781,83.66999816894531,79.79000091552734,81.2300033569336,4654600
CAH,2015-08-27,62.09235382080078,83.69000244140625,85.2699966430664,82.29000091552734,84.1500015258789,4646800
CAH,2015-08-28,61.86979675292969,83.38999938964844,83.56999969482422,82.88999938964844,83.55000305175781,2596800
CAH,2015-08-31,61.03879165649414,82.2699966430664,84.19000244140625,82.08000183105469,83.20999908447266,1902600
CAH,2015-09-01,59.5252685546875,80.2300033569336,81.41999816894531,79.68000030517578,80.45999908447266,3119400
CAH,2015-09-02,60.578834533691406,81.6500015258789,81.75,80.55000305175781,81.2300033569336,2093900
CAH,2015-09-03,60.20785903930664,81.1500015258789,82.55999755859375,80.8499984741211,82.05000305175781,1614800
CAH,2015-09-04,59.76270294189453,80.55000305175781,80.91999816894531,79.72000122070312,79.9800033569336,2087100
CAH,2015-09-08,61.02400588989258,82.25,82.31999969482422,81.05999755859375,81.87000274658203,2014200
CAH,2015-09-09,60.2746467590332,81.23999786376953,83.26000213623047,81.0199966430664,83.06999969482422,2378600
CAH,2015-09-10,61.58784103393555,83.01000213623047,83.33000183105469,80.83000183105469,81.16999816894531,2617700
CAH,2015-09-11,63.07173156738281,85.01000213623047,85.04000091552734,82.5199966430664,82.79000091552734,3073500
CAH,2015-09-14,62.552364349365234,84.30999755859375,85.22000122070312,84.01000213623047,85.08999633789062,1953800
CAH,2015-09-15,63.12364959716797,85.08000183105469,85.37999725341797,84.16999816894531,84.4800033569336,1895600
CAH,2015-09-16,63.33137893676758,85.36000061035156,85.55999755859375,84.62999725341797,85.12000274658203,2220900
CAH,2015-09-17,62.893653869628906,84.7699966430664,85.77999877929688,84.51000213623047,85.51000213623047,2101800
CAH,2015-09-18,62.0478515625,83.62999725341797,84.43000030517578,83.33999633789062,83.94999694824219,2708300
CAH,2015-09-21,61.58041763305664,83.0,84.88999938964844,82.80999755859375,84.25,2066000
CAH,2015-09-22,60.46751403808594,81.5,82.18000030517578,80.44000244140625,82.18000030517578,2445000
CAH,2015-09-23,60.868160247802734,82.04000091552734,82.62000274658203,81.5,81.93000030517578,1754500
CAH,2015-09-24,60.41559600830078,81.43000030517578,81.66999816894531,80.2699966430664,81.52999877929688,2125600
CAH,2015-09-25,58.991085052490234,79.51000213623047,82.1500015258789,79.0,82.1500015258789,1893500
CAH,2015-09-28,57.21786880493164,77.12000274658203,79.66999816894531,76.27999877929688,79.36000061035156,2622700
CAH,2015-09-29,57.20818328857422,76.72000122070312,78.36000061035156,76.25,76.94999694824219,2796200
CAH,2015-09-30,57.282737731933594,76.81999969482422,78.16000366210938,76.11000061035156,77.62999725341797,2106800
CAH,2015-10-01,57.50645065307617,77.12000274658203,77.2300033569336,75.81999969482422,77.02999877929688,2212700
CAH,2015-10-02,58.62494659423828,78.62000274658203,78.6500015258789,75.5199966430664,76.12000274658203,2742100
CAH,2015-10-05,59.31840515136719,79.55000305175781,79.69000244140625,78.33999633789062,79.44000244140625,3372000
CAH,2015-10-06,58.244659423828125,78.11000061035156,79.7699966430664,77.37999725341797,79.48999786376953,2085500
CAH,2015-10-07,57.82707595825195,77.55000305175781,78.62999725341797,77.2699966430664,78.41999816894531,3044600
CAH,2015-10-08,57.938926696777344,77.69999694824219,78.22000122070312,76.94000244140625,77.52999877929688,2467200
CAH,2015-10-09,58.6622428894043,78.66999816894531,78.80999755859375,77.5,77.79000091552734,2615200
CAH,2015-10-12,59.713626861572266,80.08000183105469,80.08999633789062,78.58999633789062,78.58999633789062,1779600
CAH,2015-10-13,59.713626861572266,80.08000183105469,81.04000091552734,79.61000061035156,79.91000366210938,2887600
CAH,2015-10-14,58.61749267578125,78.61000061035156,80.51000213623047,78.5199966430664,79.94999694824219,1780700
CAH,2015-10-15,59.0127067565918,79.13999938964844,79.26000213623047,78.16999816894531,78.79000091552734,2928600
CAH,2015-10-16,59.75092315673828,80.12999725341797,80.30000305175781,79.16999816894531,79.22000122070312,2679700
CAH,2015-10-19,59.803123474121094,80.19999694824219,80.36000061035156,79.55000305175781,80.04000091552734,1566900
CAH,2015-10-20,58.706993103027344,78.7300033569336,80.41000366210938,78.62999725341797,80.12000274658203,1748800
CAH,2015-10-21,58.18501663208008,78.02999877929688,79.4800033569336,77.27999877929688,79.25,3416100
CAH,2015-10-22,57.9762077331543,77.75,78.9000015258789,76.70999908447266,78.3499984741211,3137400
CAH,2015-10-23,59.75837707519531,80.13999938964844,80.54000091552734,78.25,78.25,2323500
CAH,2015-10-26,60.25796890258789,80.80999755859375,81.11000061035156,79.33999633789062,79.98999786376953,2147000
CAH,2015-10-27,61.21245193481445,82.08999633789062,82.12999725341797,80.3499984741211,80.69999694824219,3167500
CAH,2015-10-28,61.76425552368164,82.83000183105469,82.8499984741211,81.29000091552734,82.05000305175781,2028600
CAH,2015-10-29,61.89847183227539,83.01000213623047,83.31999969482422,81.80000305175781,82.80000305175781,2369500
CAH,2015-10-30,61.294464111328125,82.19999694824219,83.54000091552734,82.16999816894531,82.97000122070312,2599900
CAH,2015-11-02,64.2398681640625,86.1500015258789,86.73999786376953,84.95999908447266,86.26000213623047,4097300
CAH,2015-11-03,64.4039306640625,86.37000274658203,86.41000366210938,84.80000305175781,85.79000091552734,2422600
CAH,2015-11-04,64.56053161621094,86.58000183105469,86.80000305175781,85.58000183105469,86.68000030517578,2362300
CAH,2015-11-05,65.76852416992188,88.19999694824219,88.31999969482422,86.41999816894531,86.75,2396600
CAH,2015-11-06,65.99222564697266,88.5,88.5199966430664,87.19999694824219,88.04000091552734,2128700
CAH,2015-11-09,65.3733139038086,87.66999816894531,88.3499984741211,86.7300033569336,88.08999633789062,2044700
CAH,2015-11-10,65.64175415039062,88.02999877929688,88.16999816894531,87.25,87.66999816894531,1564900
CAH,2015-11-11,65.03776550292969,87.22000122070312,88.13999938964844,86.86000061035156,88.13999938964844,1955400
CAH,2015-11-12,63.74775314331055,85.48999786376953,86.95999908447266,85.41000366210938,86.95999908447266,1610600
CAH,2015-11-13,63.75518035888672,85.5,86.0,85.0,85.36000061035156,2321300
CAH,2015-11-16,64.26970672607422,86.19000244140625,86.23999786376953,85.18000030517578,85.4000015258789,2168300
CAH,2015-11-17,64.66490936279297,86.72000122070312,87.0199966430664,86.19000244140625,86.29000091552734,1554900
CAH,2015-11-18,66.06678009033203,88.5999984741211,88.69000244140625,86.7300033569336,87.01000213623047,1834100
CAH,2015-11-19,65.14215087890625,87.36000061035156,88.62000274658203,87.06999969482422,88.58999633789062,1630000
CAH,2015-11-20,65.31364440917969,87.58999633789062,88.06999969482422,87.2300033569336,87.81999969482422,2400100
CAH,2015-11-23,65.11978912353516,87.33000183105469,88.20999908447266,87.05999755859375,87.73999786376953,1129200
CAH,2015-11-24,64.69475555419922,86.76000213623047,87.3499984741211,86.5999984741211,86.91000366210938,1481600
CAH,2015-11-25,64.85881042480469,86.9800033569336,87.18000030517578,86.55999755859375,86.98999786376953,1458000
CAH,2015-11-27,65.08992767333984,87.29000091552734,87.69999694824219,86.73999786376953,87.06999969482422,517900
CAH,2015-11-30,64.76185607910156,86.8499984741211,87.87999725341797,86.80000305175781,87.38999938964844,1929200
CAH,2015-12-01,66.2979507446289,88.91000366210938,88.94000244140625,87.26000213623047,87.38999938964844,2345600
CAH,2015-12-02,65.08992767333984,87.29000091552734,88.87999725341797,86.87000274658203,88.5999984741211,2037800
CAH,2015-12-03,64.35174560546875,86.30000305175781,87.61000061035156,85.63999938964844,87.45999908447266,2408900
CAH,2015-12-04,65.94750213623047,88.44000244140625,88.55999755859375,86.7300033569336,86.76000213623047,1589500
CAH,2015-12-07,66.17118072509766,88.73999786376953,88.86000061035156,88.08000183105469,88.29000091552734,1761100
CAH,2015-12-08,66.02948760986328,88.55000305175781,88.79000091552734,87.68000030517578,88.08999633789062,1377900
CAH,2015-12-09,65.25399780273438,87.51000213623047,88.83999633789062,86.91000366210938,87.95999908447266,1586700
CAH,2015-12-10,64.97808837890625,87.13999938964844,88.05000305175781,86.87000274658203,87.66000366210938,1858900
CAH,2015-12-11,64.0534439086914,85.9000015258789,86.97000122070312,85.88999938964844,86.13999938964844,2527900
CAH,2015-12-14,64.51580047607422,86.5199966430664,86.56999969482422,85.33999633789062,86.05999755859375,1987600
CAH,2015-12-15,64.63508605957031,86.68000030517578,88.08999633789062,86.45999908447266,87.01000213623047,1974100
CAH,2015-12-16,65.78341674804688,88.22000122070312,88.30999755859375,86.7300033569336,87.47000122070312,1447000
CAH,2015-12-17,65.58956909179688,87.95999908447266,89.55000305175781,87.94000244140625,88.98999786376953,1647600
CAH,2015-12-18,64.58287811279297,86.61000061035156,87.93000030517578,86.61000061035156,87.54000091552734,2641700
CAH,2015-12-21,65.65666961669922,88.05000305175781,88.08999633789062,86.75,87.30999755859375,1309800
CAH,2015-12-22,66.26810455322266,88.87000274658203,89.08000183105469,87.55000305175781,88.5,1112000
CAH,2015-12-23,66.84973907470703,89.6500015258789,89.94000244140625,89.08000183105469,89.31999969482422,1348000
CAH,2015-12-24,66.89447784423828,89.70999908447266,90.0,89.2699966430664,89.4800033569336,453900
CAH,2015-12-28,67.47611236572266,90.48999786376953,90.80999755859375,89.23999786376953,89.44000244140625,1532100
CAH,2015-12-29,67.74455261230469,90.8499984741211,91.2300033569336,90.62999725341797,90.69999694824219,1193400
CAH,2015-12-30,67.80223083496094,90.54000091552734,90.80999755859375,90.19000244140625,90.47000122070312,1021200
CAH,2015-12-31,66.85115051269531,89.2699966430664,90.55000305175781,89.25,89.41999816894531,1059900
CAH,2016-01-04,65.8626708984375,87.94999694824219,88.06999969482422,87.19999694824219,87.7300033569336,1675500
CAH,2016-01-05,67.1582260131836,89.68000030517578,89.97000122070312,88.19000244140625,88.37999725341797,2366700
CAH,2016-01-06,65.3309555053711,87.23999786376953,88.58000183105469,86.7699966430664,87.94000244140625,2324900
CAH,2016-01-07,63.65350341796875,85.0,86.76000213623047,84.69000244140625,85.95999908447266,2502600
CAH,2016-01-08,62.79979705810547,83.86000061035156,85.76000213623047,83.56999969482422,85.36000061035156,1777300
CAH,2016-01-11,59.362491607666016,79.2699966430664,83.3499984741211,78.2300033569336,82.30999755859375,5879200
CAH,2016-01-12,59.82678985595703,79.88999938964844,81.56999969482422,79.02999877929688,81.2699966430664,3727400
CAH,2016-01-13,58.53875732421875,78.16999816894531,80.55000305175781,77.77999877929688,79.98999786376953,2884200
CAH,2016-01-14,61.24217987060547,81.77999877929688,82.04000091552734,78.16000366210938,78.30000305175781,3642000
CAH,2016-01-15,60.83778381347656,81.23999786376953,81.58999633789062,79.69999694824219,80.0,3844700
CAH,2016-01-19,61.09238815307617,81.58000183105469,82.27999877929688,80.37000274658203,82.19999694824219,2561200
CAH,2016-01-20,60.118865966796875,80.27999877929688,81.0199966430664,77.80000305175781,80.31999969482422,3022900
CAH,2016-01-21,59.969093322753906,80.08000183105469,81.52999877929688,79.38999938964844,80.31999969482422,2161200
CAH,2016-01-22,61.09988784790039,81.58999633789062,81.91999816894531,81.01000213623047,81.38999938964844,1539400
CAH,2016-01-25,60.807823181152344,81.19999694824219,82.29000091552734,81.0,81.7300033569336,2113300
CAH,2016-01-26,61.9385986328125,82.70999908447266,82.83999633789062,80.7699966430664,81.5,1893400
CAH,2016-01-27,61.21969985961914,81.75,83.52999877929688,81.3499984741211,82.63999938964844,1922700
CAH,2016-01-28,59.16033172607422,79.0,82.31999969482422,78.55999755859375,82.31999969482422,3530100
CAH,2016-01-29,60.93511962890625,81.37000274658203,81.41999816894531,78.88999938964844,79.7300033569336,3719000
CAH,2016-02-01,59.759422302246094,79.80000305175781,80.75,76.2300033569336,76.5,4195500
CAH,2016-02-02,58.20927429199219,77.7300033569336,79.94999694824219,77.37999725341797,79.45999908447266,2818600
CAH,2016-02-03,57.90971374511719,77.33000183105469,78.58000183105469,75.72000122070312,78.43000030517578,2327200
CAH,2016-02-04,57.36306381225586,76.5999984741211,78.73999786376953,75.8499984741211,76.88999938964844,2546500
CAH,2016-02-05,57.37054443359375,76.61000061035156,77.36000061035156,75.91000366210938,76.26000213623047,2918800
CAH,2016-02-08,57.03355407714844,76.16000366210938,76.5999984741211,74.7300033569336,75.95999908447266,2527500
CAH,2016-02-09,57.400489807128906,76.6500015258789,77.33000183105469,75.36000061035156,75.38999938964844,2653800
CAH,2016-02-10,58.57621383666992,78.22000122070312,79.0199966430664,76.19999694824219,76.83999633789062,2187700
CAH,2016-02-11,57.75246810913086,77.12000274658203,78.2300033569336,76.2300033569336,76.69999694824219,2786900
CAH,2016-02-12,59.04800033569336,78.8499984741211,78.9000015258789,76.91000366210938,77.5999984741211,2168300
CAH,2016-02-16,59.736934661865234,79.7699966430664,80.3499984741211,78.86000061035156,79.55999755859375,2382100
CAH,2016-02-17,60.64305114746094,80.9800033569336,81.41999816894531,79.51000213623047,79.76000213623047,1716700
CAH,2016-02-18,60.65803146362305,81.0,81.80999755859375,80.72000122070312,81.12999725341797,1801000
CAH,2016-02-19,60.530723571777344,80.83000183105469,81.08999633789062,80.25,81.04000091552734,2446800
CAH,2016-02-22,61.00252914428711,81.45999908447266,82.0,80.81999969482422,80.83000183105469,1283000
CAH,2016-02-23,60.807823181152344,81.19999694824219,81.7300033569336,80.19999694824219,81.20999908447266,2273700
CAH,2016-02-24,61.511756896972656,82.13999938964844,82.41000366210938,80.2300033569336,80.33999633789062,1877500
CAH,2016-02-25,61.90864562988281,82.66999816894531,82.80999755859375,81.62000274658203,82.2300033569336,1315600
CAH,2016-02-26,62.17823028564453,83.02999877929688,83.56999969482422,82.87999725341797,83.0,1225000
CAH,2016-02-29,61.1822395324707,81.69999694824219,83.06999969482422,81.69999694824219,82.75,1776700
CAH,2016-03-01,62.0659065246582,82.87999725341797,82.9000015258789,81.58000183105469,82.5199966430664,1817000
CAH,2016-03-02,62.275596618652344,83.16000366210938,83.63999938964844,82.36000061035156,82.58000183105469,1956400
CAH,2016-03-03,62.61259078979492,83.61000061035156,83.69999694824219,82.2699966430664,82.80000305175781,1353700
CAH,2016-03-04,62.537696838378906,83.51000213623047,84.0,82.86000061035156,83.41000366210938,1101300
CAH,2016-03-07,63.01698303222656,84.1500015258789,84.44000244140625,83.5,84.01000213623047,1285300
CAH,2016-03-08,61.9385986328125,82.70999908447266,83.66000366210938,82.66000366210938,83.4800033569336,1478000
CAH,2016-03-09,62.29056930541992,83.18000030517578,83.44999694824219,82.79000091552734,83.12999725341797,1334700
CAH,2016-03-10,61.64655685424805,82.31999969482422,84.0,81.47000122070312,83.6500015258789,1831700
CAH,2016-03-11,62.81475067138672,83.87999725341797,84.05000305175781,82.62999725341797,83.08000183105469,1581500
CAH,2016-03-14,62.61259078979492,83.61000061035156,84.5,83.44000244140625,84.0,1287400
CAH,2016-03-15,60.2311897277832,80.43000030517578,82.83999633789062,80.19000244140625,82.4000015258789,2859300
CAH,2016-03-16,60.73291778564453,81.0999984741211,81.77999877929688,80.13999938964844,80.30000305175781,1859400
CAH,2016-03-17,59.714500427246094,79.73999786376953,81.30999755859375,79.20999908447266,81.16000366210938,2304900
CAH,2016-03-18,60.5532112121582,80.86000061035156,81.04000091552734,79.80999755859375,80.06999969482422,2442100
CAH,2016-03-21,60.54572296142578,80.8499984741211,81.43000030517578,80.18000030517578,80.94000244140625,1592900
CAH,2016-03-22,60.77787399291992,81.16000366210938,81.8499984741211,80.56999969482422,80.80000305175781,1434700
CAH,2016-03-23,60.86773681640625,81.27999877929688,82.19999694824219,81.02999877929688,81.3499984741211,1731200
CAH,2016-03-24,61.01749801635742,81.4800033569336,82.12999725341797,80.58999633789062,80.91999816894531,1729000
CAH,2016-03-28,60.48581314086914,80.7699966430664,81.70999908447266,80.27999877929688,81.55000305175781,1563100
CAH,2016-03-29,61.272117614746094,81.81999969482422,81.88999938964844,80.29000091552734,80.80999755859375,1904200
CAH,2016-03-30,61.53322219848633,81.77999877929688,82.45999908447266,81.58000183105469,82.23999786376953,1151500
CAH,2016-03-31,61.66112518310547,81.94999694824219,82.43000030517578,81.45999908447266,81.77999877929688,1663000
CAH,2016-04-01,61.81912612915039,82.16000366210938,82.27999877929688,81.33000183105469,81.68000030517578,1765700
CAH,2016-04-04,62.54898452758789,83.12999725341797,83.2699966430664,82.29000091552734,82.29000091552734,1793000
CAH,2016-04-05,61.1795654296875,81.30999755859375,82.86000061035156,81.19000244140625,82.54000091552734,1883300
CAH,2016-04-06,63.24871826171875,84.05999755859375,84.12000274658203,81.62000274658203,81.62000274658203,2460000
CAH,2016-04-07,63.02301788330078,83.76000213623047,84.70999908447266,83.33999633789062,83.66000366210938,1858900
CAH,2016-04-08,62.45115661621094,83.0,84.62999725341797,82.63999938964844,84.11000061035156,1408100
CAH,2016-04-11,61.84920883178711,82.19999694824219,83.2699966430664,82.01000213623047,83.11000061035156,1185800
CAH,2016-04-12,62.12008285522461,82.55999755859375,82.86000061035156,81.91999816894531,82.33000183105469,1405000
CAH,2016-04-13,63.10576248168945,83.87000274658203,83.91999816894531,82.66999816894531,83.04000091552734,1238800
CAH,2016-04-14,63.13584899902344,83.91000366210938,84.37999725341797,83.44000244140625,83.87000274658203,1181000
CAH,2016-04-15,63.39169692993164,84.25,84.33999633789062,83.44999694824219,83.72000122070312,1216600
CAH,2016-04-18,63.63249206542969,84.56999969482422,84.63999938964844,83.58000183105469,83.79000091552734,946600
CAH,2016-04-19,64.39993286132812,85.58999633789062,86.16999816894531,85.0199966430664,85.20999908447266,1495600
CAH,2016-04-20,65.611328125,87.19999694824219,87.76000213623047,85.44999694824219,85.44999694824219,2165000
CAH,2016-04-21,65.32539367675781,86.81999969482422,87.8499984741211,86.5,87.11000061035156,1990800
CAH,2016-04-22,65.39312744140625,86.91000366210938,87.33000183105469,86.0999984741211,86.9000015258789,1371900
CAH,2016-04-25,64.9718017578125,86.3499984741211,86.91000366210938,85.72000122070312,86.55999755859375,1157200
CAH,2016-04-26,65.14485931396484,86.58000183105469,86.91000366210938,86.27999877929688,86.48999786376953,1135200
CAH,2016-04-27,65.11473846435547,86.54000091552734,87.16000366210938,86.37000274658203,86.88999938964844,1907200
CAH,2016-04-28,59.07279586791992,78.51000213623047,83.91000366210938,78.12999725341797,82.81999969482422,7081400
CAH,2016-04-29,59.03517532348633,78.45999908447266,80.0199966430664,76.54000091552734,78.0199966430664,6334900
CAH,2016-05-02,59.81766891479492,79.5,79.5999984741211,77.13999938964844,77.5,3795100
CAH,2016-05-03,59.622039794921875,79.23999786376953,79.83999633789062,78.48999786376953,79.1500015258789,2777200
CAH,2016-05-04,58.32035446166992,77.51000213623047,79.43000030517578,77.36000061035156,79.08999633789062,3899400
CAH,2016-05-05,59.10285949707031,78.55000305175781,79.06999969482422,75.5,76.5,5766300
CAH,2016-05-06,57.823753356933594,76.8499984741211,78.81999969482422,76.5999984741211,78.55000305175781,3745600
CAH,2016-05-09,59.042694091796875,78.47000122070312,78.7300033569336,76.91000366210938,77.05000305175781,2785000
CAH,2016-05-10,59.042694091796875,78.47000122070312,79.23999786376953,78.27999877929688,78.66999816894531,2568000
CAH,2016-05-11,57.906532287597656,76.95999908447266,78.77999877929688,76.91999816894531,78.5999984741211,3106200
CAH,2016-05-12,57.9366455078125,77.0,77.45999908447266,76.61000061035156,77.30999755859375,2850200
CAH,2016-05-13,57.3723258972168,76.25,77.30999755859375,76.18000030517578,77.04000091552734,2173700
CAH,2016-05-16,58.23007583618164,77.38999938964844,77.45999908447266,76.22000122070312,76.33999633789062,1704100
CAH,2016-05-17,58.01185607910156,77.0999984741211,77.69000244140625,76.69000244140625,77.38999938964844,2864400
CAH,2016-05-18,58.56114196777344,77.83000183105469,78.23999786376953,76.73999786376953,77.08000183105469,2437800
CAH,2016-05-19,58.18492126464844,77.33000183105469,78.19999694824219,76.70999908447266,77.19000244140625,1692500
CAH,2016-05-20,58.2451171875,77.41000366210938,77.87000274658203,77.06999969482422,77.81999969482422,2707500
CAH,2016-05-23,57.740997314453125,76.73999786376953,77.62000274658203,76.7300033569336,77.2699966430664,2032500
CAH,2016-05-24,58.282737731933594,77.45999908447266,77.66000366210938,76.91999816894531,77.06999969482422,1674500
CAH,2016-05-25,57.73347091674805,76.7300033569336,77.98999786376953,76.69000244140625,77.77999877929688,3011000
CAH,2016-05-26,58.15481948852539,77.29000091552734,77.45999908447266,76.4000015258789,76.6500015258789,2036500
CAH,2016-05-27,58.8018798828125,78.1500015258789,78.36000061035156,77.44999694824219,77.55000305175781,1857200
CAH,2016-05-31,59.403846740722656,78.94999694824219,79.16999816894531,78.1500015258789,78.16000366210938,3613000
CAH,2016-06-01,59.230804443359375,78.72000122070312,79.05000305175781,78.44000244140625,78.58000183105469,2595700
CAH,2016-06-02,60.111106872558594,79.88999938964844,79.88999938964844,78.61000061035156,78.69999694824219,2361100
CAH,2016-06-03,60.035911560058594,79.79000091552734,79.98999786376953,79.20999908447266,79.72000122070312,1988000
CAH,2016-06-06,60.50990295410156,80.41999816894531,80.5199966430664,79.37000274658203,79.72000122070312,2021800
CAH,2016-06-07,60.193885803222656,80.0,80.41000366210938,79.72000122070312,80.0999984741211,2142200
CAH,2016-06-08,59.93806076049805,79.66000366210938,80.12999725341797,79.5,79.8499984741211,3437900
CAH,2016-06-09,59.65967559814453,79.29000091552734,79.95999908447266,79.11000061035156,79.55999755859375,3082300
CAH,2016-06-10,59.087833404541016,78.52999877929688,79.05999755859375,78.05000305175781,79.0,2714500
CAH,2016-06-13,58.83953857421875,78.19999694824219,78.79000091552734,78.1500015258789,78.52999877929688,2034300
CAH,2016-06-14,58.6363639831543,77.93000030517578,78.31999969482422,77.56999969482422,78.01000213623047,1707400
CAH,2016-06-15,57.69584655761719,76.68000030517578,78.08000183105469,76.61000061035156,78.0199966430664,3548700
CAH,2016-06-16,57.59050369262695,76.54000091552734,76.5999984741211,75.43000030517578,76.4000015258789,3228300
CAH,2016-06-17,56.81551742553711,75.51000213623047,76.56999969482422,75.37000274658203,76.55999755859375,2897500
CAH,2016-06-20,57.545387268066406,76.4800033569336,77.05999755859375,76.2300033569336,76.4000015258789,2193800
CAH,2016-06-21,57.853858947753906,76.88999938964844,77.05999755859375,76.30999755859375,76.81999969482422,1855000
CAH,2016-06-22,57.96670913696289,77.04000091552734,77.69000244140625,76.80000305175781,76.9000015258789,2148500
CAH,2016-06-23,58.77934646606445,78.12000274658203,78.13999938964844,77.44000244140625,77.9800033569336,1279300
CAH,2016-06-24,56.60484313964844,75.2300033569336,76.25,75.04000091552734,75.63999938964844,3282000
CAH,2016-06-27,55.446109771728516,73.69000244140625,75.1500015258789,73.25,74.83999633789062,2078500
CAH,2016-06-28,56.75532150268555,75.43000030517578,75.44000244140625,73.9800033569336,75.16000366210938,2888300
CAH,2016-06-29,58.50307083129883,77.29000091552734,77.44999694824219,75.69000244140625,75.97000122070312,2305800
CAH,2016-06-30,59.048057556152344,78.01000213623047,78.16999816894531,76.97000122070312,77.36000061035156,2992900
CAH,2016-07-01,59.25999450683594,78.29000091552734,78.37999725341797,77.62999725341797,77.91999816894531,2303000
CAH,2016-07-05,59.21457290649414,78.2300033569336,78.69000244140625,77.72000122070312,77.91000366210938,2576200
CAH,2016-07-06,60.546775817871094,79.98999786376953,80.47000122070312,77.7699966430664,78.18000030517578,2853000
CAH,2016-07-07,60.13046646118164,79.44000244140625,80.18000030517578,78.68000030517578,79.08000183105469,3949600
CAH,2016-07-08,60.841983795166016,80.37999725341797,80.44000244140625,79.33999633789062,79.55000305175781,2900400
CAH,2016-07-11,61.356689453125,81.05999755859375,81.44999694824219,80.37999725341797,80.5,1818400
CAH,2016-07-12,61.89411163330078,81.7699966430664,82.0,81.12000274658203,81.1500015258789,2668700
CAH,2016-07-13,62.280174255371094,82.27999877929688,82.87000274658203,81.97000122070312,82.13999938964844,1942600
CAH,2016-07-14,62.80241394042969,82.97000122070312,83.41999816894531,82.54000091552734,82.76000213623047,1742800
CAH,2016-07-15,62.340694427490234,82.36000061035156,83.27999877929688,82.12000274658203,83.0199966430664,2379200
CAH,2016-07-18,62.984066009521484,83.20999908447266,83.31999969482422,82.29000091552734,82.5,1587700
CAH,2016-07-19,62.68889617919922,82.81999969482422,83.5,82.37999725341797,82.94000244140625,1739100
CAH,2016-07-20,63.044647216796875,83.29000091552734,83.54000091552734,82.56999969482422,82.93000030517578,1300800
CAH,2016-07-21,62.529930114746094,82.61000061035156,83.55000305175781,82.2699966430664,83.23999786376953,1772100
CAH,2016-07-22,62.81757354736328,82.98999786376953,83.13999938964844,82.56999969482422,82.91000366210938,1253300
CAH,2016-07-25,62.71916961669922,82.86000061035156,82.98999786376953,82.04000091552734,82.8499984741211,1336800
CAH,2016-07-26,63.30957794189453,83.63999938964844,83.66000366210938,82.68000030517578,82.80999755859375,1510000
CAH,2016-07-27,63.08249282836914,83.33999633789062,83.63999938964844,82.87999725341797,83.5,1688700
CAH,2016-07-28,62.492061614990234,82.55999755859375,83.2300033569336,82.18000030517578,83.12000274658203,3311700
CAH,2016-07-29,63.279273986816406,83.5999984741211,83.73999786376953,82.44999694824219,82.5999984741211,2727100
CAH,2016-08-01,62.37853240966797,82.41000366210938,83.88999938964844,82.0999984741211,83.20999908447266,4588000
CAH,2016-08-02,64.27843475341797,84.91999816894531,85.5199966430664,82.01000213623047,83.04000091552734,4813800
CAH,2016-08-03,64.06649017333984,84.63999938964844,84.9000015258789,83.23999786376953,84.73999786376953,2616500
CAH,2016-08-04,63.264163970947266,83.58000183105469,84.80000305175781,83.51000213623047,84.5199966430664,1793500
CAH,2016-08-05,63.85454559326172,84.36000061035156,84.73999786376953,83.69000244140625,84.0,1492800
CAH,2016-08-08,63.41554641723633,83.77999877929688,84.69999694824219,83.61000061035156,84.63999938964844,1214600
CAH,2016-08-09,63.43064880371094,83.80000305175781,84.05000305175781,83.55999755859375,83.91000366210938,1354700
CAH,2016-08-10,63.241451263427734,83.55000305175781,83.9800033569336,83.23999786376953,83.80000305175781,2212300
CAH,2016-08-11,63.28687286376953,83.61000061035156,83.7300033569336,82.6500015258789,83.69000244140625,1176000
CAH,2016-08-12,63.279273986816406,83.5999984741211,83.66000366210938,83.12000274658203,83.55000305175781,1025600
CAH,2016-08-15,62.96893310546875,83.19000244140625,83.48999786376953,83.05000305175781,83.25,1392900
CAH,2016-08-16,62.58290100097656,82.68000030517578,83.18000030517578,82.6500015258789,83.0,1059700
CAH,2016-08-17,62.658599853515625,82.77999877929688,82.98999786376953,82.12000274658203,82.87999725341797,1491900
CAH,2016-08-18,62.38611602783203,82.41999816894531,82.93000030517578,82.33999633789062,82.61000061035156,1541100
CAH,2016-08-19,61.85626983642578,81.72000122070312,82.36000061035156,81.55999755859375,82.12000274658203,2054800
CAH,2016-08-22,62.18174362182617,82.1500015258789,82.26000213623047,81.55999755859375,81.7300033569336,1349900
CAH,2016-08-23,62.083343505859375,82.0199966430664,82.55999755859375,82.0,82.38999938964844,899300
CAH,2016-08-24,61.37184143066406,81.08000183105469,82.01000213623047,80.87000274658203,81.8499984741211,1262100
CAH,2016-08-25,60.06990432739258,79.36000061035156,80.87999725341797,79.2699966430664,80.7699966430664,2097000
CAH,2016-08-26,60.06234359741211,79.3499984741211,79.76000213623047,78.76000213623047,79.6500015258789,1743700
CAH,2016-08-29,60.3802490234375,79.7699966430664,79.88999938964844,79.23999786376953,79.37999725341797,1427000
CAH,2016-08-30,60.34238815307617,79.72000122070312,79.87999725341797,79.38999938964844,79.7699966430664,858300
CAH,2016-08-31,60.30455017089844,79.66999816894531,79.98999786376953,79.11000061035156,79.70999908447266,1657800
CAH,2016-09-01,60.327266693115234,79.69999694824219,80.08000183105469,79.16000366210938,79.9000015258789,1638000
CAH,2016-09-02,60.34999084472656,79.7300033569336,80.13999938964844,79.52999877929688,80.0999984741211,1310000
CAH,2016-09-06,61.16743850708008,80.80999755859375,80.87000274658203,79.75,79.95999908447266,2161700
CAH,2016-09-07,61.43238830566406,81.16000366210938,81.47000122070312,80.43000030517578,80.62000274658203,1438000
CAH,2016-09-08,61.091766357421875,80.70999908447266,81.0999984741211,80.5199966430664,81.0,1157900
CAH,2016-09-09,59.653587341308594,78.80999755859375,80.12000274658203,78.80999755859375,80.12000274658203,1869600
CAH,2016-09-12,60.5391845703125,79.9800033569336,80.22000122070312,78.4000015258789,78.48999786376953,1371200
CAH,2016-09-13,59.10860061645508,78.08999633789062,79.31999969482422,77.62999725341797,79.19000244140625,2458800
CAH,2016-09-14,56.96651077270508,75.26000213623047,78.06999969482422,75.04000091552734,78.06999969482422,7329800
CAH,2016-09-15,57.980796813964844,76.5999984741211,76.8499984741211,74.41000366210938,75.0999984741211,4224700
CAH,2016-09-16,58.28356170654297,77.0,77.05000305175781,75.52999877929688,76.12000274658203,5941700
CAH,2016-09-19,57.958072662353516,76.56999969482422,77.62999725341797,76.54000091552734,77.05999755859375,3089100
CAH,2016-09-20,57.49634552001953,75.95999908447266,76.8499984741211,75.94000244140625,76.77999877929688,2539900
CAH,2016-09-21,58.170013427734375,76.8499984741211,76.98999786376953,75.72000122070312,76.05000305175781,1885700
CAH,2016-09-22,58.70741653442383,77.55999755859375,77.75,77.13999938964844,77.37000274658203,2467700
CAH,2016-09-23,58.78315734863281,77.66000366210938,77.97000122070312,77.33000183105469,77.5199966430664,2098500
CAH,2016-09-26,58.1927375793457,76.87999725341797,77.43000030517578,76.66999816894531,77.19999694824219,1700600
CAH,2016-09-27,59.14643096923828,78.13999938964844,78.18000030517578,76.62000274658203,76.70999908447266,2649100
CAH,2016-09-28,59.237281799316406,78.26000213623047,78.37999725341797,77.61000061035156,78.08999633789062,2482100
CAH,2016-09-29,58.54372787475586,76.9000015258789,77.8499984741211,76.80000305175781,77.48999786376953,2676800
CAH,2016-09-30,59.15277099609375,77.69999694824219,78.0,76.77999877929688,77.11000061035156,2614000
CAH,2016-10-03,57.698699951171875,75.79000091552734,77.54000091552734,75.69000244140625,77.4000015258789,2471600
CAH,2016-10-04,57.62260437011719,75.69000244140625,76.33999633789062,75.2699966430664,76.05000305175781,1933900
CAH,2016-10-05,57.76721954345703,75.87999725341797,76.55000305175781,75.68000030517578,75.97000122070312,1864700
CAH,2016-10-06,58.399105072021484,76.70999908447266,76.72000122070312,75.0999984741211,75.43000030517578,2068700
CAH,2016-10-07,58.1630744934082,76.4000015258789,77.12000274658203,75.86000061035156,76.87000274658203,2442400
CAH,2016-10-10,58.216392517089844,76.47000122070312,76.79000091552734,75.91000366210938,76.37000274658203,1238800
CAH,2016-10-11,57.34090042114258,75.31999969482422,76.30000305175781,75.12000274658203,76.23999786376953,1620900
CAH,2016-10-12,57.698699951171875,75.79000091552734,76.20999908447266,75.1500015258789,75.5199966430664,1237400
CAH,2016-10-13,57.356117248535156,75.33999633789062,75.5999984741211,74.69000244140625,75.36000061035156,1344000
CAH,2016-10-14,57.30282974243164,75.2699966430664,75.8499984741211,75.06999969482422,75.66000366210938,1469100
CAH,2016-10-17,57.066837310791016,74.95999908447266,75.51000213623047,74.91000366210938,75.2699966430664,1050100
CAH,2016-10-18,57.65302276611328,75.7300033569336,75.8499984741211,75.13999938964844,75.52999877929688,1296000
CAH,2016-10-19,57.25715255737305,75.20999908447266,75.87999725341797,75.13999938964844,75.73999786376953,1697200
CAH,2016-10-20,57.5388298034668,75.58000183105469,75.7300033569336,75.05000305175781,75.23999786376953,1209100
CAH,2016-10-21,57.211490631103516,75.1500015258789,75.20999908447266,74.54000091552734,75.1500015258789,1689600
CAH,2016-10-24,57.56169509887695,75.61000061035156,76.3499984741211,75.55000305175781,75.58000183105469,1427700
CAH,2016-10-25,57.028770446777344,74.91000366210938,75.33000183105469,74.33999633789062,75.33000183105469,2252200
CAH,2016-10-26,56.64051055908203,74.4000015258789,74.87000274658203,73.5,74.55999755859375,2151600
CAH,2016-10-27,56.94502258300781,74.80000305175781,75.18000030517578,74.30000305175781,74.69000244140625,1757000
CAH,2016-10-28,51.38754653930664,67.5,68.9000015258789,63.2599983215332,65.06999969482422,13666700
CAH,2016-10-31,52.29348373413086,68.69000244140625,71.12999725341797,67.83999633789062,68.52999877929688,7407200
CAH,2016-11-01,50.92315673828125,66.88999938964844,68.9000015258789,66.33000183105469,68.52999877929688,6047400
CAH,2016-11-02,52.270652770996094,68.66000366210938,68.94999694824219,66.91999816894531,67.08999633789062,4877800
CAH,2016-11-03,49.77359390258789,65.37999725341797,69.55000305175781,65.0199966430664,69.01000213623047,5542100
CAH,2016-11-04,49.61372375488281,65.16999816894531,66.01000213623047,64.7699966430664,65.58000183105469,5803600
CAH,2016-11-07,50.24560546875,66.0,66.38999938964844,65.37999725341797,66.2300033569336,3356900
CAH,2016-11-08,49.750762939453125,65.3499984741211,65.63999938964844,62.70000076293945,64.45999908447266,5774700
CAH,2016-11-09,52.71982192993164,69.25,71.72000122070312,65.72000122070312,68.52999877929688,6758500
CAH,2016-11-10,54.6002197265625,71.72000122070312,71.97000122070312,69.76000213623047,69.76000213623047,5995300
CAH,2016-11-11,54.33375930786133,71.37000274658203,71.86000061035156,70.38999938964844,71.41999816894531,3162400
CAH,2016-11-14,55.07984161376953,72.3499984741211,72.80999755859375,71.16000366210938,71.44999694824219,3144400
CAH,2016-11-15,54.348995208740234,71.38999938964844,72.81999969482422,71.19999694824219,72.52999877929688,4890400
CAH,2016-11-16,53.92266082763672,70.83000183105469,71.95999908447266,70.66999816894531,71.12999725341797,2491300
CAH,2016-11-17,54.539329528808594,71.63999938964844,72.08999633789062,70.98999786376953,71.19000244140625,2355800
CAH,2016-11-18,53.87697982788086,70.7699966430664,71.58999633789062,70.6500015258789,71.52999877929688,2653000
CAH,2016-11-21,53.48112487792969,70.25,71.16999816894531,69.94999694824219,70.8499984741211,3712800
CAH,2016-11-22,53.38976287841797,70.12999725341797,70.41000366210938,69.3499984741211,70.16000366210938,2747600
CAH,2016-11-23,53.70949935913086,70.55000305175781,70.58000183105469,69.63999938964844,69.79000091552734,1806400
CAH,2016-11-25,54.13584899902344,71.11000061035156,71.83999633789062,70.37000274658203,70.95999908447266,1035100
CAH,2016-11-28,54.48603057861328,71.56999969482422,71.94999694824219,70.9000015258789,71.33000183105469,3038700
CAH,2016-11-29,54.04446792602539,70.98999786376953,71.77999877929688,70.44000244140625,71.51000213623047,4099200
CAH,2016-11-30,54.05971145629883,71.01000213623047,71.56999969482422,70.7699966430664,71.0199966430664,4885600
CAH,2016-12-01,53.99879837036133,70.93000030517578,71.88999938964844,70.66000366210938,70.94000244140625,3332200
CAH,2016-12-02,53.92266082763672,70.83000183105469,71.68000030517578,70.73999786376953,71.19000244140625,2362700
CAH,2016-12-05,54.88951873779297,72.0999984741211,72.1500015258789,70.73999786376953,70.95999908447266,3302600
CAH,2016-12-06,54.3718376159668,71.41999816894531,72.16000366210938,70.72000122070312,72.01000213623047,2726200
CAH,2016-12-07,53.671443939208984,70.5,70.62999725341797,68.5999984741211,70.19999694824219,5534500
CAH,2016-12-08,54.13584899902344,71.11000061035156,71.37000274658203,70.05999755859375,70.56999969482422,2362300
CAH,2016-12-09,55.60515213012695,73.04000091552734,73.29000091552734,71.0999984741211,71.12999725341797,3048200
CAH,2016-12-12,55.94011306762695,73.4800033569336,73.69999694824219,72.62000274658203,72.9000015258789,2447600
CAH,2016-12-13,56.14565658569336,73.75,74.08999633789062,73.25,73.61000061035156,2548900
CAH,2016-12-14,55.17121124267578,72.47000122070312,73.93000030517578,72.12999725341797,73.73999786376953,2523700
CAH,2016-12-15,55.57468795776367,73.0,73.20999908447266,71.97000122070312,72.5,3210000
CAH,2016-12-16,56.15327072143555,73.76000213623047,73.87000274658203,72.94999694824219,73.29000091552734,3726900
CAH,2016-12-19,56.10761260986328,73.69999694824219,74.31999969482422,73.11000061035156,73.7699966430664,2936500
CAH,2016-12-20,55.84113693237305,73.3499984741211,74.27999877929688,72.97000122070312,73.87000274658203,2397300
CAH,2016-12-21,55.285400390625,72.62000274658203,72.9800033569336,71.81999969482422,72.48999786376953,3206800
CAH,2016-12-22,54.89712905883789,72.11000061035156,72.98999786376953,71.87000274658203,72.66000366210938,1612600
CAH,2016-12-23,55.48332977294922,72.87999725341797,73.4000015258789,72.0999984741211,72.36000061035156,995700
CAH,2016-12-27,55.62797927856445,73.06999969482422,73.6500015258789,72.88999938964844,72.91999816894531,1500900
CAH,2016-12-28,55.232120513916016,72.55000305175781,73.69000244140625,72.5199966430664,73.12999725341797,1514800
CAH,2016-12-29,55.42284393310547,72.3499984741211,73.1500015258789,72.2300033569336,72.30999755859375,1728400
CAH,2016-12-30,55.13174819946289,71.97000122070312,72.61000061035156,71.72000122070312,72.33000183105469,1613100
CAH,2017-01-03,57.05451583862305,74.4800033569336,74.75,71.9000015258789,71.98999786376953,4459400
CAH,2017-01-04,57.93544006347656,75.62999725341797,75.69000244140625,74.5,74.5,2461500
CAH,2017-01-05,57.069828033447266,74.5,75.58999633789062,74.30999755859375,75.33000183105469,1921000
CAH,2017-01-06,57.70563507080078,75.33000183105469,75.41000366210938,74.16999816894531,74.62000274658203,2306900
CAH,2017-01-09,57.26898956298828,74.76000213623047,75.5999984741211,74.75,75.02999877929688,1985600
CAH,2017-01-10,57.62138366699219,75.22000122070312,75.97000122070312,74.5199966430664,74.58000183105469,2420400
CAH,2017-01-11,56.472320556640625,73.72000122070312,75.62999725341797,72.8499984741211,75.1500015258789,3049400
CAH,2017-01-12,56.83234786987305,74.19000244140625,74.2699966430664,73.29000091552734,73.4000015258789,1998600
CAH,2017-01-13,57.452857971191406,75.0,75.13999938964844,74.26000213623047,74.4800033569336,1443700
CAH,2017-01-17,57.59074401855469,75.18000030517578,75.86000061035156,74.37000274658203,74.61000061035156,1523700
CAH,2017-01-18,58.06566619873047,75.80000305175781,75.8499984741211,75.02999877929688,75.6500015258789,1768600
CAH,2017-01-19,57.87415313720703,75.55000305175781,75.76000213623047,75.25,75.5999984741211,2240100
CAH,2017-01-20,57.4758186340332,75.02999877929688,75.77999877929688,74.93000030517578,75.55000305175781,2389700
CAH,2017-01-23,57.238365173339844,74.72000122070312,75.12000274658203,74.2699966430664,74.9000015258789,2180900
CAH,2017-01-24,57.184730529785156,74.6500015258789,74.8499984741211,74.30000305175781,74.7699966430664,1060600
CAH,2017-01-25,58.11930847167969,75.87000274658203,75.95999908447266,74.66999816894531,75.01000213623047,1556700
CAH,2017-01-26,55.98969650268555,73.08999633789062,74.13999938964844,72.43000030517578,73.33999633789062,3866300
CAH,2017-01-27,55.514766693115234,72.47000122070312,73.58000183105469,71.98999786376953,73.58000183105469,3023700
CAH,2017-01-30,56.06631088256836,73.19000244140625,73.30999755859375,72.11000061035156,72.52999877929688,1645500
CAH,2017-01-31,57.42218780517578,74.95999908447266,75.05000305175781,72.87999725341797,73.88999938964844,3543400
CAH,2017-02-01,57.72096252441406,75.3499984741211,75.38999938964844,74.16000366210938,74.43000030517578,2569300
CAH,2017-02-02,57.023860931396484,74.44000244140625,75.19999694824219,73.79000091552734,74.91000366210938,2428300
CAH,2017-02-03,57.35327911376953,74.87000274658203,75.08999633789062,74.41000366210938,74.69000244140625,1581000
CAH,2017-02-06,58.19590759277344,75.97000122070312,76.05999755859375,74.8499984741211,74.8499984741211,2951800
CAH,2017-02-07,59.56708526611328,77.76000213623047,79.69000244140625,75.0,75.5,6390700
CAH,2017-02-08,59.60540771484375,77.80999755859375,77.8499984741211,76.66999816894531,77.4000015258789,2465000
CAH,2017-02-09,59.329627990722656,77.44999694824219,77.9000015258789,77.04000091552734,77.80999755859375,2053600
CAH,2017-02-10,59.29134750366211,77.4000015258789,77.7300033569336,76.77999877929688,77.5,1688200
CAH,2017-02-13,59.8045768737793,78.06999969482422,78.4000015258789,77.25,77.80999755859375,1522800
CAH,2017-02-14,60.425071716308594,78.87999725341797,79.05000305175781,77.37999725341797,77.58999633789062,1777400
CAH,2017-02-15,61.604766845703125,80.41999816894531,80.48999786376953,78.01000213623047,78.97000122070312,2732600
CAH,2017-02-16,61.46689224243164,80.23999786376953,80.4800033569336,79.2300033569336,80.25,1802000
CAH,2017-02-17,61.82693099975586,80.70999908447266,80.77999877929688,79.55999755859375,80.0,2499000
CAH,2017-02-21,62.30953598022461,81.33999633789062,81.51000213623047,80.27999877929688,80.5,2170300
CAH,2017-02-22,62.110347747802734,81.08000183105469,81.56999969482422,80.87000274658203,81.19000244140625,1545300
CAH,2017-02-23,62.608314514160156,81.7300033569336,81.8499984741211,80.91999816894531,81.30000305175781,1795400
CAH,2017-02-24,62.92235565185547,82.13999938964844,82.1500015258789,80.91000366210938,81.54000091552734,1331500
CAH,2017-02-27,63.190494537353516,82.48999786376953,82.62000274658203,81.9000015258789,82.13999938964844,1400600
CAH,2017-02-28,62.332496643066406,81.37000274658203,82.31999969482422,81.29000091552734,82.01000213623047,1938800
CAH,2017-03-01,62.8534049987793,82.05000305175781,82.51000213623047,81.72000122070312,82.18000030517578,1919700
CAH,2017-03-02,62.65424728393555,81.79000091552734,82.5,81.58000183105469,81.93000030517578,2065300
CAH,2017-03-03,63.46623229980469,82.8499984741211,83.0,81.7300033569336,82.23999786376953,1886600
CAH,2017-03-06,62.58529281616211,81.69999694824219,82.83999633789062,81.68000030517578,82.44999694824219,2330500
CAH,2017-03-07,62.209930419921875,81.20999908447266,81.58999633789062,80.7699966430664,81.08999633789062,2144400
CAH,2017-03-08,62.20227813720703,81.19999694824219,81.94000244140625,81.13999938964844,81.30000305175781,2634000
CAH,2017-03-09,62.76914596557617,81.94000244140625,82.11000061035156,81.12000274658203,81.47000122070312,2018500
CAH,2017-03-10,62.84574508666992,82.04000091552734,82.41999816894531,81.7699966430664,82.27999877929688,1714400
CAH,2017-03-13,63.236446380615234,82.55000305175781,82.69999694824219,81.70999908447266,82.13999938964844,1690000
CAH,2017-03-14,63.27473449707031,82.5999984741211,84.87999725341797,81.86000061035156,82.25,1704300
CAH,2017-03-15,64.19397735595703,83.80000305175781,84.12999725341797,82.66000366210938,82.7300033569336,3092000
CAH,2017-03-16,63.45091247558594,82.83000183105469,83.73999786376953,82.44999694824219,83.69000244140625,1985900
CAH,2017-03-17,63.66542053222656,83.11000061035156,83.22000122070312,82.51000213623047,83.04000091552734,2624400
CAH,2017-03-20,63.09855651855469,82.37000274658203,83.18000030517578,82.19999694824219,83.1500015258789,1169200
CAH,2017-03-21,62.3938102722168,81.44999694824219,82.87999725341797,81.23999786376953,82.41999816894531,1344000
CAH,2017-03-22,62.53934097290039,81.63999938964844,81.86000061035156,81.06999969482422,81.73999786376953,1209500
CAH,2017-03-23,62.12567138671875,81.0999984741211,82.05000305175781,80.97000122070312,81.62000274658203,1397100
CAH,2017-03-24,62.22525405883789,81.2300033569336,81.58000183105469,80.83000183105469,81.0999984741211,1700600
CAH,2017-03-27,63.006622314453125,82.25,82.30999755859375,80.88999938964844,80.93000030517578,1368700
CAH,2017-03-28,62.96831130981445,82.19999694824219,82.29000091552734,81.61000061035156,81.94999694824219,1406700
CAH,2017-03-29,62.8534049987793,82.05000305175781,82.23999786376953,81.47000122070312,82.23999786376953,1521800
CAH,2017-03-30,62.90658187866211,81.66999816894531,81.97000122070312,81.04000091552734,81.69000244140625,1312100
CAH,2017-03-31,62.81414031982422,81.55000305175781,81.97000122070312,81.22000122070312,81.51000213623047,1735500
CAH,2017-04-03,62.359676361083984,80.95999908447266,82.26000213623047,80.70999908447266,81.7300033569336,1973800
CAH,2017-04-04,61.94374465942383,80.41999816894531,80.76000213623047,80.16999816894531,80.75,1205500
CAH,2017-04-05,62.028480529785156,80.52999877929688,81.61000061035156,80.31999969482422,80.68000030517578,1113000
CAH,2017-04-06,63.7076416015625,82.70999908447266,82.75,80.86000061035156,81.4000015258789,2369100
CAH,2017-04-07,63.430355072021484,82.3499984741211,82.80000305175781,81.8499984741211,82.30000305175781,1803800
CAH,2017-04-10,63.47655487060547,82.41000366210938,82.80000305175781,82.16999816894531,82.37000274658203,1140100
CAH,2017-04-11,63.391841888427734,82.30000305175781,82.5999984741211,81.87000274658203,82.37000274658203,1056800
CAH,2017-04-12,62.9373664855957,81.70999908447266,81.9800033569336,81.04000091552734,81.70999908447266,1273300
CAH,2017-04-13,62.72169876098633,81.43000030517578,81.9800033569336,81.37999725341797,81.55999755859375,1084400
CAH,2017-04-17,63.0297966003418,81.83000183105469,81.91000366210938,81.19000244140625,81.4800033569336,928100
CAH,2017-04-18,55.75861358642578,72.38999938964844,74.0,71.94999694824219,72.6500015258789,13338100
CAH,2017-04-19,55.85874938964844,72.5199966430664,72.8499984741211,71.29000091552734,72.5999984741211,5473800
CAH,2017-04-20,56.467262268066406,73.30999755859375,73.87999725341797,71.87999725341797,72.76000213623047,4581900
CAH,2017-04-21,55.84334182739258,72.5,73.23999786376953,72.0199966430664,73.11000061035156,2908200
CAH,2017-04-24,55.82794952392578,72.4800033569336,73.44999694824219,72.31999969482422,73.20999908447266,3077500
CAH,2017-04-25,55.73550033569336,72.36000061035156,72.70999908447266,72.0999984741211,72.16000366210938,2026900
CAH,2017-04-26,55.696998596191406,72.30999755859375,72.81999969482422,72.25,72.70999908447266,2570900
CAH,2017-04-27,56.336307525634766,73.13999938964844,73.26000213623047,72.44000244140625,72.7699966430664,1858400
CAH,2017-04-28,55.91267776489258,72.58999633789062,73.20999908447266,72.12999725341797,73.16999816894531,3348100
CAH,2017-05-01,55.60455322265625,72.19000244140625,73.0,71.0999984741211,71.48999786376953,3438100
CAH,2017-05-02,56.220760345458984,72.98999786376953,73.05999755859375,71.83000183105469,72.55000305175781,3548400
CAH,2017-05-03,55.87415313720703,72.54000091552734,72.88999938964844,72.0999984741211,72.87999725341797,2700700
CAH,2017-05-04,56.028194427490234,72.73999786376953,73.87000274658203,72.55999755859375,72.77999877929688,2384400
CAH,2017-05-05,55.82022476196289,72.47000122070312,73.19999694824219,71.9000015258789,73.01000213623047,1906300
CAH,2017-05-08,55.465919494628906,72.01000213623047,72.66000366210938,71.83000183105469,72.66000366210938,1688400
CAH,2017-05-09,55.75861358642578,72.38999938964844,72.54000091552734,72.02999877929688,72.27999877929688,1712600
CAH,2017-05-10,55.45820617675781,72.0,72.27999877929688,71.7699966430664,72.16999816894531,2459400
CAH,2017-05-11,56.059024810791016,72.77999877929688,72.95999908447266,71.81999969482422,72.05999755859375,2548500
CAH,2017-05-12,56.151451110839844,72.9000015258789,73.01000213623047,72.5199966430664,72.77999877929688,1649200
CAH,2017-05-15,56.19766616821289,72.95999908447266,73.44000244140625,72.51000213623047,72.7699966430664,1441700
CAH,2017-05-16,55.9434814453125,72.62999725341797,73.0999984741211,72.18000030517578,73.05000305175781,1867700
CAH,2017-05-17,55.150115966796875,71.5999984741211,72.62999725341797,71.5,72.62999725341797,2978000
CAH,2017-05-18,55.60455322265625,72.19000244140625,72.58999633789062,71.80000305175781,71.80000305175781,2075700
CAH,2017-05-19,56.613609313964844,73.5,74.19999694824219,72.55000305175781,72.7300033569336,2652900
CAH,2017-05-22,56.297794342041016,73.08999633789062,73.97000122070312,73.0,73.19999694824219,1750600
CAH,2017-05-23,56.19766616821289,72.95999908447266,73.31999969482422,72.83000183105469,73.0999984741211,1400000
CAH,2017-05-24,56.30549621582031,73.0999984741211,73.31999969482422,72.83000183105469,73.0999984741211,1196500
CAH,2017-05-25,56.5673828125,73.44000244140625,73.6500015258789,73.13999938964844,73.2300033569336,1499900
CAH,2017-05-26,56.30549621582031,73.0999984741211,73.56999969482422,72.94999694824219,73.29000091552734,1245300
CAH,2017-05-30,56.65210723876953,73.55000305175781,73.61000061035156,72.55999755859375,72.80000305175781,1374600
CAH,2017-05-31,57.222110748291016,74.29000091552734,74.30999755859375,73.30999755859375,73.7300033569336,2811200
CAH,2017-06-01,57.807498931884766,75.05000305175781,75.36000061035156,73.23999786376953,74.22000122070312,2065900
CAH,2017-06-02,58.377471923828125,75.79000091552734,76.41999816894531,75.0199966430664,75.22000122070312,3086600
CAH,2017-06-05,58.11559295654297,75.44999694824219,75.83000183105469,74.79000091552734,75.72000122070312,1534400
CAH,2017-06-06,56.95252227783203,73.94000244140625,75.22000122070312,73.4800033569336,75.22000122070312,1524700
CAH,2017-06-07,57.029541015625,74.04000091552734,74.12999725341797,73.5999984741211,74.06999969482422,1305800
CAH,2017-06-08,57.360740661621094,74.47000122070312,75.0,74.04000091552734,74.04000091552734,1330800
CAH,2017-06-09,57.92301559448242,75.19999694824219,75.27999877929688,74.30000305175781,74.43000030517578,1366400
CAH,2017-06-12,57.83060073852539,75.08000183105469,75.87999725341797,74.77999877929688,75.19999694824219,1711800
CAH,2017-06-13,57.699649810791016,74.91000366210938,75.22000122070312,74.51000213623047,75.20999908447266,1580300
CAH,2017-06-14,58.23881530761719,75.61000061035156,75.97000122070312,75.0,75.36000061035156,1385200
CAH,2017-06-15,58.49302673339844,75.94000244140625,75.94999694824219,74.7699966430664,75.37000274658203,1488200
CAH,2017-06-16,57.76126480102539,74.98999786376953,76.0999984741211,74.1500015258789,75.97000122070312,2494100
CAH,2017-06-19,58.70097351074219,76.20999908447266,76.48999786376953,74.77999877929688,75.05999755859375,1878100
CAH,2017-06-20,58.77799987792969,76.30999755859375,77.1500015258789,75.88999938964844,76.05000305175781,2230800
CAH,2017-06-21,59.6792106628418,77.4800033569336,77.72000122070312,76.30000305175781,76.3499984741211,1712200
CAH,2017-06-22,60.65742874145508,78.75,79.75,77.66000366210938,77.66999816894531,2758400
CAH,2017-06-23,61.373779296875,79.68000030517578,79.79000091552734,78.52999877929688,78.91000366210938,9340800
CAH,2017-06-26,61.211997985839844,79.47000122070312,79.94000244140625,79.30000305175781,79.63999938964844,2042800
CAH,2017-06-27,61.042545318603516,79.25,80.37000274658203,79.08000183105469,79.58000183105469,1793600
CAH,2017-06-28,60.91161346435547,79.08000183105469,80.11000061035156,79.05000305175781,79.70999908447266,2118100
CAH,2017-06-29,60.62650680541992,78.25,79.27999877929688,77.94000244140625,78.68000030517578,1411900
CAH,2017-06-30,60.37080764770508,77.91999816894531,78.66999816894531,77.7300033569336,78.66999816894531,1929500
CAH,2017-07-03,60.65749740600586,78.29000091552734,78.7699966430664,78.08999633789062,78.08999633789062,704300
CAH,2017-07-05,60.96739959716797,78.69000244140625,78.88999938964844,77.95999908447266,78.30000305175781,1655800
CAH,2017-07-06,59.57276153564453,76.88999938964844,78.54000091552734,76.75,78.2699966430664,1840200
CAH,2017-07-07,59.80521011352539,77.19000244140625,77.26000213623047,76.69999694824219,77.12999725341797,1182600
CAH,2017-07-10,59.410091400146484,76.68000030517578,77.4000015258789,76.55999755859375,76.93000030517578,1256800
CAH,2017-07-11,59.394596099853516,76.66000366210938,76.7699966430664,75.95999908447266,76.62000274658203,1233100
CAH,2017-07-12,59.89817810058594,77.30999755859375,77.73999786376953,77.06999969482422,77.29000091552734,1425800
CAH,2017-07-13,60.09189224243164,77.55999755859375,77.9000015258789,77.08000183105469,77.41999816894531,1357500
CAH,2017-07-14,60.51801681518555,78.11000061035156,78.16999816894531,77.4000015258789,77.62000274658203,933400
CAH,2017-07-17,60.50252151489258,78.08999633789062,78.77999877929688,77.9800033569336,78.27999877929688,1459100
CAH,2017-07-18,59.63478469848633,76.97000122070312,78.08999633789062,76.66999816894531,77.80999755859375,1982500
CAH,2017-07-19,59.65802001953125,77.0,77.27999877929688,76.30999755859375,77.20999908447266,1809700
CAH,2017-07-20,59.905948638916016,77.31999969482422,77.94000244140625,77.01000213623047,77.19000244140625,1603500
CAH,2017-07-21,59.107913970947266,76.29000091552734,77.55999755859375,76.04000091552734,77.20999908447266,2052700
CAH,2017-07-24,59.71225357055664,77.06999969482422,77.37000274658203,76.20999908447266,76.20999908447266,1912900
CAH,2017-07-25,60.19261169433594,77.69000244140625,77.9000015258789,77.05000305175781,77.37999725341797,1126800
CAH,2017-07-26,60.1771125793457,77.66999816894531,78.0,77.38999938964844,77.51000213623047,1345500
CAH,2017-07-27,59.34811019897461,76.5999984741211,77.80000305175781,75.76000213623047,77.4800033569336,1640600
CAH,2017-07-28,60.13063049316406,77.61000061035156,77.79000091552734,76.16000366210938,76.70999908447266,1296700
CAH,2017-07-31,59.859466552734375,77.26000213623047,78.31999969482422,77.23999786376953,77.80000305175781,2165900
CAH,2017-08-01,59.9136848449707,77.33000183105469,77.94000244140625,77.0999984741211,77.72000122070312,1938000
CAH,2017-08-02,55.0015869140625,70.98999786376953,72.37000274658203,69.58000183105469,71.05999755859375,7309800
CAH,2017-08-03,53.73870086669922,69.36000061035156,70.48999786376953,68.33000183105469,70.16000366210938,4095800
CAH,2017-08-04,53.56824493408203,69.13999938964844,69.70999908447266,68.52999877929688,69.70999908447266,2407000
CAH,2017-08-07,53.64573287963867,69.23999786376953,69.5,68.86000061035156,69.1500015258789,2929000
CAH,2017-08-08,53.723201751708984,69.33999633789062,70.19000244140625,68.94000244140625,69.23999786376953,2082000
CAH,2017-08-09,52.86320877075195,68.2300033569336,69.22000122070312,67.76000213623047,69.16000366210938,2945200
CAH,2017-08-10,52.150390625,67.30999755859375,68.5,67.2300033569336,68.04000091552734,2295200
CAH,2017-08-11,51.89472198486328,66.9800033569336,67.56999969482422,66.81999969482422,67.56999969482422,1750300
CAH,2017-08-14,51.72426986694336,66.76000213623047,67.81999969482422,66.69999694824219,67.3499984741211,2046900
CAH,2017-08-15,51.46860122680664,66.43000030517578,67.48999786376953,66.41000366210938,67.0999984741211,2004000
CAH,2017-08-16,51.143192291259766,66.01000213623047,66.91999816894531,65.5999984741211,66.72000122070312,2600200
CAH,2017-08-17,50.484622955322266,65.16000366210938,66.4000015258789,65.1500015258789,65.86000061035156,2461000
CAH,2017-08-18,49.88029098510742,64.37999725341797,65.22000122070312,64.3499984741211,64.98999786376953,1428300
CAH,2017-08-21,49.86480712890625,64.36000061035156,64.62000274658203,64.05999755859375,64.30000305175781,1341200
CAH,2017-08-22,50.68606185913086,65.41999816894531,65.6500015258789,64.38999938964844,64.4000015258789,1745700
CAH,2017-08-23,50.84877395629883,65.62999725341797,65.8499984741211,64.95999908447266,65.16999816894531,2296900
CAH,2017-08-24,51.21292495727539,66.0999984741211,66.7300033569336,65.81999969482422,65.93000030517578,2282800
CAH,2017-08-25,51.19743347167969,66.08000183105469,66.38999938964844,65.95999908447266,66.1500015258789,1332900
CAH,2017-08-28,51.43761444091797,66.38999938964844,66.54000091552734,65.87000274658203,66.37999725341797,1198900
CAH,2017-08-29,51.44534683227539,66.4000015258789,66.73999786376953,66.02999877929688,66.13999938964844,1779400
CAH,2017-08-30,51.515079498291016,66.48999786376953,66.73999786376953,66.20999908447266,66.33999633789062,1696100
CAH,2017-08-31,52.26662063598633,67.45999908447266,68.04000091552734,66.47000122070312,66.47000122070312,2667900
CAH,2017-09-01,52.54554748535156,67.81999969482422,68.13999938964844,67.51000213623047,67.69000244140625,1536200
CAH,2017-09-05,52.31309509277344,67.5199966430664,68.01000213623047,67.05000305175781,67.55999755859375,2040800
CAH,2017-09-06,53.15762710571289,68.61000061035156,68.61000061035156,67.55999755859375,67.7300033569336,2881600
CAH,2017-09-07,53.506263732910156,69.05999755859375,69.08999633789062,68.30999755859375,68.48999786376953,2108300
CAH,2017-09-08,52.96392059326172,68.36000061035156,69.4000015258789,68.2300033569336,68.9800033569336,1843600
CAH,2017-09-11,54.02536392211914,69.7300033569336,69.98999786376953,68.69000244140625,68.81999969482422,2246800
CAH,2017-09-12,53.800689697265625,69.44000244140625,69.79000091552734,68.68000030517578,69.7300033569336,2049400
CAH,2017-09-13,53.6844596862793,69.29000091552734,69.55999755859375,68.75,69.06999969482422,1362500
CAH,2017-09-14,52.26662063598633,67.45999908447266,68.86000061035156,67.26000213623047,68.86000061035156,2661200
CAH,2017-09-15,52.29761505126953,67.5,67.9000015258789,67.11000061035156,67.56999969482422,4676900
CAH,2017-09-18,51.96445846557617,67.06999969482422,67.9800033569336,66.9800033569336,67.75,1592700
CAH,2017-09-19,51.3369026184082,66.26000213623047,67.27999877929688,65.94999694824219,67.01000213623047,1878700
CAH,2017-09-20,51.68553924560547,66.70999908447266,66.94000244140625,66.01000213623047,66.33000183105469,1639700
CAH,2017-09-21,51.73201370239258,66.7699966430664,67.44000244140625,66.63999938964844,66.72000122070312,1452300
CAH,2017-09-22,51.64678955078125,66.66000366210938,67.08999633789062,66.23999786376953,66.9000015258789,2181100
CAH,2017-09-25,52.17364501953125,67.33999633789062,67.5,66.41000366210938,66.43000030517578,1482400
CAH,2017-09-26,52.54554748535156,67.81999969482422,68.05999755859375,67.43000030517578,67.43000030517578,1358500
CAH,2017-09-27,52.7934684753418,68.13999938964844,68.22000122070312,67.38999938964844,67.95999908447266,1245800
CAH,2017-09-28,51.886962890625,66.97000122070312,68.0999984741211,66.93000030517578,67.83999633789062,2323900
CAH,2017-09-29,52.208412170410156,66.91999816894531,67.5999984741211,66.56999969482422,66.76000213623047,2800400
CAH,2017-10-02,53.23821258544922,68.23999786376953,68.38999938964844,67.12000274658203,67.22000122070312,2134200
CAH,2017-10-03,52.73891067504883,67.5999984741211,68.37999725341797,67.44000244140625,68.25,1531000
CAH,2017-10-04,52.67649459838867,67.5199966430664,68.19000244140625,67.33999633789062,67.5999984741211,2333600
CAH,2017-10-05,52.770111083984375,67.63999938964844,67.93000030517578,67.31999969482422,67.62999725341797,1754700
CAH,2017-10-06,51.39702606201172,65.87999725341797,67.88999938964844,65.5999984741211,67.5999984741211,3661800
CAH,2017-10-09,50.64807891845703,64.91999816894531,65.87999725341797,64.2300033569336,65.83000183105469,3508000
CAH,2017-10-10,51.31900405883789,65.77999877929688,65.9000015258789,65.25,65.37999725341797,1607700
CAH,2017-10-11,51.3502311706543,65.81999969482422,66.04000091552734,65.54000091552734,65.70999908447266,2213500
CAH,2017-10-12,51.74811553955078,66.33000183105469,66.80000305175781,65.56999969482422,65.77999877929688,3122200
CAH,2017-10-13,50.67927932739258,64.95999908447266,66.3499984741211,63.849998474121094,66.1500015258789,3742000
CAH,2017-10-16,50.421836853027344,64.62999725341797,65.91999816894531,64.41999816894531,64.79000091552734,2449600
CAH,2017-10-17,50.77290344238281,65.08000183105469,65.22000122070312,64.0999984741211,64.48999786376953,2278700
CAH,2017-10-18,50.4764518737793,64.69999694824219,65.8499984741211,64.48999786376953,65.18000030517578,2756400
CAH,2017-10-19,51.60767364501953,66.1500015258789,66.2300033569336,64.5999984741211,64.5999984741211,1937900
CAH,2017-10-20,52.044586181640625,66.70999908447266,66.95999908447266,66.38999938964844,66.44000244140625,1493200
CAH,2017-10-23,51.997764587402344,66.6500015258789,67.18000030517578,66.51000213623047,66.7699966430664,1846600
CAH,2017-10-24,51.83393478393555,66.44000244140625,66.86000061035156,65.81999969482422,66.4000015258789,2187000
CAH,2017-10-25,52.30982971191406,67.05000305175781,67.18000030517578,66.52999877929688,66.58000183105469,2185800
CAH,2017-10-26,50.51544952392578,64.75,69.33999633789062,64.19999694824219,68.5,8325000
CAH,2017-10-27,48.3778190612793,62.0099983215332,64.62999725341797,61.63999938964844,64.48999786376953,7873500
CAH,2017-10-30,48.135955810546875,61.70000076293945,62.599998474121094,61.529998779296875,61.75,3727800
CAH,2017-10-31,48.291996002197266,61.900001525878906,63.0099983215332,60.689998626708984,61.810001373291016,5444800
CAH,2017-11-01,48.51043701171875,62.18000030517578,62.599998474121094,60.79999923706055,60.810001373291016,3484500
CAH,2017-11-02,47.64446258544922,61.06999969482422,62.90999984741211,60.33000183105469,62.470001220703125,3899500
CAH,2017-11-03,47.886314392089844,61.380001068115234,61.75,60.5099983215332,60.619998931884766,4167100
CAH,2017-11-06,47.00473403930664,60.25,60.75,57.54999923706055,60.189998626708984,4789600
CAH,2017-11-07,47.02033233642578,60.27000045776367,61.650001525878906,59.9900016784668,60.349998474121094,2385200
CAH,2017-11-08,47.58205032348633,60.9900016784668,61.06999969482422,60.060001373291016,60.27000045776367,2481500
CAH,2017-11-09,47.246578216552734,60.560001373291016,61.630001068115234,60.470001220703125,60.880001068115234,2515400
CAH,2017-11-10,45.67844772338867,58.54999923706055,60.400001525878906,58.31999969482422,60.22999954223633,8061600
CAH,2017-11-13,45.5068244934082,58.33000183105469,59.349998474121094,57.650001525878906,58.599998474121094,5398500
CAH,2017-11-14,44.52381896972656,57.06999969482422,58.43000030517578,56.689998626708984,58.31999969482422,3453800
CAH,2017-11-15,44.336578369140625,56.83000183105469,57.779998779296875,55.689998626708984,56.18000030517578,6217400
CAH,2017-11-16,44.7968635559082,57.41999816894531,57.83000183105469,56.22999954223633,56.83000183105469,4960000
CAH,2017-11-17,44.86708068847656,57.5099983215332,58.0099983215332,56.83000183105469,57.040000915527344,3800400
CAH,2017-11-20,42.908878326416016,55.0,56.599998474121094,54.65999984741211,55.959999084472656,5543600
CAH,2017-11-21,43.4705924987793,55.720001220703125,56.220001220703125,54.84000015258789,55.060001373291016,4136400
CAH,2017-11-22,44.44579315185547,56.970001220703125,57.59000015258789,55.86000061035156,55.900001525878906,4503300
CAH,2017-11-24,43.97770690917969,56.369998931884766,57.119998931884766,56.119998931884766,57.0099983215332,743100
CAH,2017-11-27,43.60322952270508,55.88999938964844,56.630001068115234,55.4900016784668,56.41999816894531,2987500
CAH,2017-11-28,44.906097412109375,57.560001373291016,57.650001525878906,55.5,55.939998626708984,2972300
CAH,2017-11-29,46.115352630615234,59.11000061035156,59.7400016784668,57.7599983215332,57.81999969482422,4802200
CAH,2017-11-30,46.177757263183594,59.189998626708984,60.099998474121094,58.380001068115234,59.29999923706055,4086300
CAH,2017-12-01,45.95150375366211,58.900001525878906,59.150001525878906,57.400001525878906,58.95000076293945,4462400
CAH,2017-12-04,47.60545349121094,61.02000045776367,61.13999938964844,59.040000915527344,59.310001373291016,6033400
CAH,2017-12-05,47.08274459838867,60.349998474121094,61.349998474121094,59.68000030517578,60.9900016784668,4211300
CAH,2017-12-06,46.59124755859375,59.720001220703125,60.939998626708984,59.439998626708984,60.40999984741211,2768500
CAH,2017-12-07,45.63944625854492,58.5,60.16999816894531,58.45000076293945,59.790000915527344,2527200
CAH,2017-12-08,45.943702697753906,58.88999938964844,59.459999084472656,58.459999084472656,58.58000183105469,2987000
CAH,2017-12-11,46.9969367980957,60.2400016784668,60.45000076293945,58.880001068115234,59.15999984741211,2966100
CAH,2017-12-12,47.01252746582031,60.2599983215332,60.7599983215332,59.68000030517578,60.290000915527344,2924400
CAH,2017-12-13,47.25437927246094,60.56999969482422,60.900001525878906,60.04999923706055,60.119998931884766,2376700
CAH,2017-12-14,47.08274459838867,60.349998474121094,62.09000015258789,60.34000015258789,60.61000061035156,3249100
CAH,2017-12-15,49.29841232299805,63.189998626708984,63.790000915527344,60.65999984741211,61.0,9027400
CAH,2017-12-18,48.67426681518555,62.38999938964844,63.0,62.04999923706055,62.939998626708984,4362800
CAH,2017-12-19,49.15796661376953,63.0099983215332,63.349998474121094,62.13999938964844,62.25,3956600
CAH,2017-12-20,49.50904846191406,63.459999084472656,63.779998779296875,63.11000061035156,63.11000061035156,3152500
CAH,2017-12-21,48.9005126953125,62.68000030517578,63.75,62.5099983215332,63.4900016784668,2017000
CAH,2017-12-22,48.75228500366211,62.4900016784668,63.20000076293945,62.29999923706055,62.95000076293945,2284900
CAH,2017-12-26,48.89271545410156,62.66999816894531,63.310001373291016,62.380001068115234,62.4900016784668,1540500
CAH,2017-12-27,48.60404968261719,62.29999923706055,62.84000015258789,62.099998474121094,62.810001373291016,1191600
CAH,2017-12-28,48.47922134399414,62.13999938964844,62.41999816894531,61.58000183105469,62.2599983215332,1207100
CAH,2017-12-29,48.15855026245117,61.27000045776367,62.119998931884766,61.2599983215332,61.93000030517578,1508800
CAH,2018-01-02,49.69911193847656,63.22999954223633,63.34000015258789,61.619998931884766,61.70000076293945,2410000
CAH,2018-01-03,49.408287048339844,62.86000061035156,63.310001373291016,62.5,63.0099983215332,1785000
CAH,2018-01-04,50.03709411621094,63.65999984741211,63.900001525878906,62.29999923706055,62.970001220703125,2728700
CAH,2018-01-05,49.69124984741211,63.220001220703125,63.91999816894531,62.709999084472656,63.56999969482422,3149900
CAH,2018-01-08,51.26325988769531,65.22000122070312,65.62000274658203,63.0,63.40999984741211,3546100
CAH,2018-01-09,52.74094009399414,67.0999984741211,67.44000244140625,64.75,65.18000030517578,5314200
CAH,2018-01-10,53.49551773071289,68.05999755859375,68.16000366210938,65.69000244140625,66.8499984741211,4363900
CAH,2018-01-11,54.320838928222656,69.11000061035156,69.16999816894531,67.77999877929688,68.19000244140625,2565800
CAH,2018-01-12,56.1915168762207,71.48999786376953,71.5199966430664,68.77999877929688,69.44000244140625,4045700
CAH,2018-01-16,57.04826354980469,72.58000183105469,73.16999816894531,71.55999755859375,71.5999984741211,4519600
CAH,2018-01-17,57.1032829284668,72.6500015258789,73.16000366210938,71.5999984741211,72.0,3370000
CAH,2018-01-18,56.36442565917969,71.70999908447266,72.72000122070312,70.88999938964844,72.30000305175781,3828400
CAH,2018-01-19,56.52164077758789,71.91000366210938,72.55000305175781,71.22000122070312,72.02999877929688,2868400
CAH,2018-01-22,57.77925109863281,73.51000213623047,73.97000122070312,72.0199966430664,72.05000305175781,3313800
CAH,2018-01-23,57.54343032836914,73.20999908447266,73.93000030517578,72.56999969482422,73.5,2217100
CAH,2018-01-24,58.70673751831055,74.69000244140625,75.3499984741211,73.58999633789062,73.9800033569336,2770700
CAH,2018-01-25,58.15652847290039,73.98999786376953,74.76000213623047,73.33000183105469,74.45999908447266,2426800
CAH,2018-01-26,58.926815032958984,74.97000122070312,75.0199966430664,74.08999633789062,74.27999877929688,1403700
CAH,2018-01-29,59.13116455078125,75.2300033569336,75.75,74.5199966430664,74.72000122070312,2457900
CAH,2018-01-30,58.06221389770508,73.87000274658203,74.73999786376953,71.68000030517578,71.94000244140625,3450000
CAH,2018-01-31,56.42732620239258,71.79000091552734,74.08999633789062,71.33000183105469,74.05000305175781,4209800
CAH,2018-02-01,54.28152084350586,69.05999755859375,70.68000030517578,67.88999938964844,70.61000061035156,4670800
CAH,2018-02-02,53.0239143371582,67.45999908447266,69.0199966430664,67.29000091552734,68.69999694824219,3430400
CAH,2018-02-05,50.57157516479492,64.33999633789062,67.31999969482422,64.33000183105469,67.0,3656100
CAH,2018-02-06,51.43619155883789,65.44000244140625,66.0,62.400001525878906,63.31999969482422,4527600
CAH,2018-02-07,51.200382232666016,65.13999938964844,66.30999755859375,64.5199966430664,65.13999938964844,3391400
CAH,2018-02-08,52.37153244018555,66.62999725341797,68.93000030517578,65.5,67.36000061035156,5093600
CAH,2018-02-09,52.4422721862793,66.72000122070312,67.73999786376953,64.2300033569336,67.36000061035156,4354600
CAH,2018-02-12,53.4719352722168,68.02999877929688,68.80999755859375,66.86000061035156,67.12000274658203,3319400
CAH,2018-02-13,51.63269805908203,65.69000244140625,66.16999816894531,63.79999923706055,65.08000183105469,4062600
CAH,2018-02-14,52.929588317871094,67.33999633789062,67.44999694824219,65.36000061035156,65.45999908447266,2423700
CAH,2018-02-15,53.526947021484375,68.0999984741211,68.94000244140625,67.5199966430664,68.04000091552734,2899200
CAH,2018-02-16,54.5015983581543,69.33999633789062,70.44000244140625,67.66000366210938,67.9000015258789,2558100
CAH,2018-02-20,54.10860824584961,68.83999633789062,69.30000305175781,67.91000366210938,69.06999969482422,2361800
CAH,2018-02-21,54.08502197265625,68.80999755859375,69.7300033569336,68.37999725341797,68.77999877929688,2618200
CAH,2018-02-22,53.31473922729492,67.83000183105469,69.73999786376953,67.5999984741211,69.0,2149000
CAH,2018-02-23,54.478023529052734,69.30999755859375,69.62000274658203,68.08999633789062,68.20999908447266,1660800
CAH,2018-02-26,55.468387603759766,70.56999969482422,71.0199966430664,69.18000030517578,69.38999938964844,1541500
CAH,2018-02-27,55.05180740356445,70.04000091552734,71.05999755859375,69.58999633789062,70.30999755859375,3179200
CAH,2018-02-28,54.399410247802734,69.20999908447266,70.55000305175781,69.19999694824219,70.01000213623047,1947800
CAH,2018-03-01,53.66843032836914,68.27999877929688,69.7699966430664,67.55000305175781,69.2699966430664,2408100
CAH,2018-03-02,54.18720245361328,68.94000244140625,69.12000274658203,67.72000122070312,67.76000213623047,1725300
CAH,2018-03-05,55.334781646728516,70.4000015258789,70.58999633789062,68.66000366210938,68.66000366210938,3180600
CAH,2018-03-06,54.957481384277344,69.91999816894531,70.87999725341797,69.5999984741211,70.45999908447266,1859700
CAH,2018-03-07,55.05180740356445,70.04000091552734,70.25,69.27999877929688,69.41000366210938,1725000
CAH,2018-03-08,55.35047912597656,70.41999816894531,70.87000274658203,69.93000030517578,70.22000122070312,1983700
CAH,2018-03-09,55.93214797973633,71.16000366210938,71.43000030517578,70.51000213623047,70.51000213623047,1827600
CAH,2018-03-12,56.87534713745117,72.36000061035156,72.54000091552734,71.19000244140625,71.19000244140625,2687900
CAH,2018-03-13,56.804588317871094,72.2699966430664,73.2300033569336,72.05000305175781,72.6500015258789,2675900
CAH,2018-03-14,56.623817443847656,72.04000091552734,73.13999938964844,71.44999694824219,72.56999969482422,2231100
CAH,2018-03-15,55.57057189941406,70.69999694824219,72.66000366210938,70.58000183105469,72.05000305175781,4093700
CAH,2018-03-16,55.76707458496094,70.94999694824219,71.58000183105469,70.58000183105469,70.95999908447266,6794200
CAH,2018-03-19,55.012516021728516,69.98999786376953,71.0999984741211,69.66999816894531,71.01000213623047,2677300
CAH,2018-03-20,51.41261291503906,65.41000366210938,70.31999969482422,65.16000366210938,70.05000305175781,7260600
CAH,2018-03-21,51.63269805908203,65.69000244140625,66.37999725341797,65.30000305175781,65.38999938964844,2171900
CAH,2018-03-22,50.194297790527344,63.86000061035156,65.55999755859375,63.72999954223633,65.18000030517578,1927100
CAH,2018-03-23,48.5043830871582,61.709999084472656,64.16000366210938,61.54999923706055,64.16000366210938,2525000
CAH,2018-03-26,48.8109245300293,62.099998474121094,62.45000076293945,60.7599983215332,62.380001068115234,3248200
CAH,2018-03-27,48.119232177734375,61.220001220703125,62.400001525878906,60.81999969482422,62.099998474121094,2605600
CAH,2018-03-28,49.17249298095703,62.560001373291016,63.150001525878906,61.470001220703125,61.52000045776367,3564400
CAH,2018-03-29,49.633338928222656,62.68000030517578,62.95000076293945,61.869998931884766,62.459999084472656,2238800
CAH,2018-04-02,48.31095504760742,61.0099983215332,64.44000244140625,60.0,63.25,2908500
CAH,2018-04-03,48.52474594116211,61.279998779296875,61.880001068115234,59.91999816894531,61.400001525878906,2053500
CAH,2018-04-04,49.83924102783203,62.939998626708984,63.34000015258789,60.630001068115234,60.79999923706055,2176800
CAH,2018-04-05,50.55189895629883,63.84000015258789,64.26000213623047,62.689998626708984,63.25,2061300
CAH,2018-04-06,49.40371322631836,62.38999938964844,63.83000183105469,61.810001373291016,63.29999923706055,1779100
CAH,2018-04-09,49.490814208984375,62.5,63.5,62.029998779296875,62.75,1261500
CAH,2018-04-10,50.947818756103516,64.33999633789062,64.80000305175781,62.880001068115234,63.0099983215332,2029200
CAH,2018-04-11,50.654842376708984,63.970001220703125,64.86000061035156,63.630001068115234,63.84000015258789,2158000
CAH,2018-04-12,49.300758361816406,62.2599983215332,64.66999816894531,61.939998626708984,64.22000122070312,3676200
CAH,2018-04-13,47.843753814697266,60.41999816894531,62.65999984741211,59.65999984741211,62.33000183105469,5102000
CAH,2018-04-16,49.32451629638672,62.290000915527344,64.27999877929688,59.540000915527344,60.290000915527344,5553500
CAH,2018-04-17,50.03719711303711,63.189998626708984,63.33000183105469,62.36000061035156,62.68000030517578,1653600
CAH,2018-04-18,50.591495513916016,63.88999938964844,64.68000030517578,62.9900016784668,63.4900016784668,2279500
CAH,2018-04-19,49.34036636352539,62.310001373291016,63.400001525878906,61.900001525878906,63.38999938964844,1758800
CAH,2018-04-20,49.15031814575195,62.06999969482422,62.7400016784668,61.18000030517578,62.41999816894531,2696500
CAH,2018-04-23,49.26909637451172,62.220001220703125,62.900001525878906,61.849998474121094,62.29999923706055,2323700
CAH,2018-04-24,49.37995147705078,62.36000061035156,64.88999938964844,61.849998474121094,63.68000030517578,3131900
CAH,2018-04-25,50.33808898925781,63.56999969482422,63.84000015258789,62.04999923706055,62.04999923706055,3073100
CAH,2018-04-26,50.829044342041016,64.19000244140625,64.37999725341797,63.150001525878906,64.0199966430664,2055100
CAH,2018-04-27,52.11977005004883,65.81999969482422,65.98999786376953,64.13999938964844,64.13999938964844,1909300
CAH,2018-04-30,50.81320571899414,64.16999816894531,65.80000305175781,64.16000366210938,65.7300033569336,2393400
CAH,2018-05-01,50.36185073852539,63.599998474121094,64.08999633789062,62.709999084472656,63.66999816894531,1811400
CAH,2018-05-02,51.19329071044922,64.6500015258789,66.44999694824219,63.29999923706055,63.540000915527344,4818800
CAH,2018-05-03,40.22614288330078,50.79999923706055,55.59000015258789,50.790000915527344,53.88999938964844,15594300
CAH,2018-05-04,41.97613525390625,53.0099983215332,53.369998931884766,51.0,51.0099983215332,7400500
CAH,2018-05-07,41.78608322143555,52.77000045776367,53.70000076293945,52.470001220703125,53.02000045776367,4856600
CAH,2018-05-08,41.572288513183594,52.5,52.90999984741211,51.709999084472656,52.630001068115234,3978400
CAH,2018-05-09,41.77816390991211,52.7599983215332,53.5099983215332,52.349998474121094,52.70000076293945,4046600
CAH,2018-05-10,43.34603500366211,54.7400016784668,55.93000030517578,53.029998779296875,53.130001068115234,4934900
CAH,2018-05-11,43.789466857910156,55.29999923706055,55.7400016784668,53.72999954223633,54.56999969482422,3948200
CAH,2018-05-14,43.678611755371094,55.15999984741211,55.75,54.560001373291016,55.439998626708984,2923200
CAH,2018-05-15,42.77589797973633,54.02000045776367,55.15999984741211,53.900001525878906,54.91999816894531,2837200
CAH,2018-05-16,43.163902282714844,54.5099983215332,54.939998626708984,54.08000183105469,54.209999084472656,2123800
CAH,2018-05-17,43.0213737487793,54.33000183105469,54.61000061035156,53.56999969482422,54.47999954223633,2368700
CAH,2018-05-18,42.22953414916992,53.33000183105469,54.56999969482422,53.22999954223633,54.47999954223633,3907700
CAH,2018-05-21,42.07115173339844,53.130001068115234,54.06999969482422,53.029998779296875,53.61000061035156,3235900
CAH,2018-05-22,41.833595275878906,52.83000183105469,53.43000030517578,52.56999969482422,53.119998931884766,3066800
CAH,2018-05-23,41.72273635864258,52.689998626708984,53.02000045776367,52.34000015258789,52.79999923706055,2631800
CAH,2018-05-24,41.5247802734375,52.439998626708984,53.189998626708984,51.400001525878906,52.41999816894531,3562600
CAH,2018-05-25,41.5247802734375,52.439998626708984,53.220001220703125,52.099998474121094,52.36000061035156,2750200
CAH,2018-05-29,40.9783935546875,51.75,52.470001220703125,51.08000183105469,52.209999084472656,2632200
CAH,2018-05-30,41.54061508178711,52.459999084472656,52.630001068115234,51.54999923706055,51.93000030517578,3012200
CAH,2018-05-31,41.24763107299805,52.09000015258789,52.61000061035156,51.97999954223633,52.540000915527344,4457400
CAH,2018-06-01,41.698978424072266,52.65999984741211,53.380001068115234,52.31999969482422,53.02000045776367,2490900
CAH,2018-06-04,41.68315124511719,52.63999938964844,53.029998779296875,52.38999938964844,52.72999954223633,2038100
CAH,2018-06-05,41.81776809692383,52.810001373291016,53.31999969482422,52.5,52.83000183105469,2683200
CAH,2018-06-06,42.39581298828125,53.540000915527344,53.650001525878906,52.72999954223633,53.0,1819400
CAH,2018-06-07,41.92861557006836,52.95000076293945,53.77000045776367,52.72999954223633,53.54999923706055,3851000
CAH,2018-06-08,42.24534225463867,53.349998474121094,53.38999938964844,52.630001068115234,52.90999984741211,1939300
CAH,2018-06-11,42.609615325927734,53.810001373291016,54.20000076293945,53.08000183105469,53.310001373291016,1067100
CAH,2018-06-12,42.403724670410156,53.54999923706055,53.970001220703125,53.279998779296875,53.86000061035156,3187600
CAH,2018-06-13,42.918434143066406,54.20000076293945,54.91999816894531,54.04999923706055,54.54999923706055,3141800
CAH,2018-06-14,43.25102615356445,54.619998931884766,55.02000045776367,53.779998779296875,54.25,3350400
CAH,2018-06-15,43.353939056396484,54.75,55.08000183105469,54.33000183105469,54.540000915527344,5362800
CAH,2018-06-18,41.96820068359375,53.0,54.61000061035156,52.63999938964844,54.38999938964844,4831000
CAH,2018-06-19,42.839237213134766,54.099998474121094,54.400001525878906,52.65999984741211,52.65999984741211,3819000
CAH,2018-06-20,42.9580192565918,54.25,54.439998626708984,53.529998779296875,54.119998931884766,1828800
CAH,2018-06-21,42.39581298828125,53.540000915527344,54.41999816894531,53.41999816894531,54.380001068115234,1745500
CAH,2018-06-22,42.744224548339844,53.97999954223633,54.40999984741211,53.779998779296875,53.900001525878906,2937800
CAH,2018-06-25,42.237449645996094,53.34000015258789,54.290000915527344,52.900001525878906,53.88999938964844,1693300
CAH,2018-06-26,42.22161102294922,53.31999969482422,53.689998626708984,52.720001220703125,53.400001525878906,1779300
CAH,2018-06-27,41.91279220581055,52.93000030517578,53.709999084472656,52.599998474121094,53.13999938964844,2028300
CAH,2018-06-28,39.88563919067383,50.369998931884766,51.0,48.279998779296875,50.599998474121094,6511700
CAH,2018-06-29,39.03507995605469,48.83000183105469,49.900001525878906,48.779998779296875,49.84000015258789,3545100
CAH,2018-07-02,39.29088592529297,49.150001525878906,49.66999816894531,48.599998474121094,48.900001525878906,3679400
CAH,2018-07-03,39.57067108154297,49.5,50.25,49.15999984741211,49.22999954223633,1857800
CAH,2018-07-05,40.002349853515625,50.040000915527344,50.45000076293945,49.56999969482422,49.86000061035156,3663000
CAH,2018-07-06,39.92240524291992,49.939998626708984,50.400001525878906,49.540000915527344,50.099998474121094,4756000
CAH,2018-07-09,40.17821502685547,50.2599983215332,51.0099983215332,50.06999969482422,50.36000061035156,3849900
CAH,2018-07-10,40.10626220703125,50.16999816894531,50.72999954223633,49.88999938964844,50.540000915527344,3704200
CAH,2018-07-11,39.93839645385742,49.959999084472656,50.22999954223633,48.849998474121094,49.5,3478900
CAH,2018-07-12,40.17821502685547,50.2599983215332,50.529998779296875,49.7599983215332,50.27000045776367,3528200
CAH,2018-07-13,40.60990524291992,50.79999923706055,51.630001068115234,49.849998474121094,49.959999084472656,3035400
CAH,2018-07-16,40.537960052490234,50.709999084472656,51.25,50.52000045776367,50.9900016784668,1568600
CAH,2018-07-17,39.94638442993164,49.970001220703125,50.81999969482422,49.93000030517578,50.7400016784668,2280900
CAH,2018-07-18,39.562686920166016,49.4900016784668,50.189998626708984,49.4900016784668,49.939998626708984,2235900
CAH,2018-07-19,39.17097091674805,49.0,49.849998474121094,48.13999938964844,49.400001525878906,4400000
CAH,2018-07-20,39.011085510253906,48.79999923706055,49.29999923706055,48.220001220703125,48.65999984741211,3092400
CAH,2018-07-23,39.29887008666992,49.15999984741211,49.77000045776367,48.31999969482422,48.79999923706055,3571400
CAH,2018-07-24,39.322853088378906,49.189998626708984,49.70000076293945,49.04999923706055,49.45000076293945,2911800
CAH,2018-07-25,39.506717681884766,49.41999816894531,49.7400016784668,49.060001373291016,49.349998474121094,3673000
CAH,2018-07-26,39.39479446411133,49.279998779296875,49.95000076293945,49.0,49.41999816894531,4540500
CAH,2018-07-27,39.4267692565918,49.31999969482422,49.88999938964844,48.97999954223633,49.310001373291016,5052200
CAH,2018-07-30,40.09828567504883,50.15999984741211,50.27000045776367,49.130001068115234,49.36000061035156,4419700
CAH,2018-07-31,39.93040084838867,49.95000076293945,50.970001220703125,49.77000045776367,50.220001220703125,9292800
CAH,2018-08-01,40.002349853515625,50.040000915527344,50.529998779296875,49.83000183105469,49.959999084472656,3096700
CAH,2018-08-02,39.95438003540039,49.97999954223633,50.119998931884766,49.369998931884766,49.83000183105469,4006800
CAH,2018-08-03,40.2101936340332,50.29999923706055,50.9900016784668,50.0,50.0,4835900
CAH,2018-08-06,40.010345458984375,50.04999923706055,51.540000915527344,49.09000015258789,49.2400016784668,7838500
CAH,2018-08-07,40.60990524291992,50.79999923706055,50.88999938964844,49.27000045776367,49.88999938964844,5324300
CAH,2018-08-08,39.13899230957031,48.959999084472656,51.13999938964844,48.77000045776367,51.13999938964844,4275600
CAH,2018-08-09,39.466732025146484,49.369998931884766,49.540000915527344,48.81999969482422,48.81999969482422,3378000
CAH,2018-08-10,38.69133758544922,48.400001525878906,49.439998626708984,48.290000915527344,49.38999938964844,3071200
CAH,2018-08-13,39.218936920166016,49.060001373291016,49.099998474121094,48.349998474121094,48.349998474121094,2743000
CAH,2018-08-14,40.10626220703125,50.16999816894531,50.41999816894531,49.060001373291016,49.08000183105469,2790400
CAH,2018-08-15,40.170223236083984,50.25,50.31999969482422,49.060001373291016,49.79999923706055,3104400
CAH,2018-08-16,40.33011245727539,50.45000076293945,50.95000076293945,50.189998626708984,50.47999954223633,5151700
CAH,2018-08-17,41.48924255371094,51.900001525878906,52.13999938964844,50.349998474121094,50.349998474121094,4880700
CAH,2018-08-20,41.36933135986328,51.75,52.11000061035156,51.189998626708984,51.84000015258789,3605800
CAH,2018-08-21,41.29738998413086,51.65999984741211,51.97999954223633,51.59000015258789,51.84000015258789,2831300
CAH,2018-08-22,40.977630615234375,51.2599983215332,51.650001525878906,51.060001373291016,51.529998779296875,2379500
CAH,2018-08-23,41.03359603881836,51.33000183105469,51.75,51.20000076293945,51.33000183105469,2707600
CAH,2018-08-24,41.43328094482422,51.83000183105469,52.060001373291016,51.439998626708984,51.5099983215332,2670100
CAH,2018-08-27,41.94491958618164,52.470001220703125,52.95000076293945,51.95000076293945,51.95000076293945,3027300
CAH,2018-08-28,41.76903533935547,52.25,52.619998931884766,52.040000915527344,52.599998474121094,2672500
CAH,2018-08-29,41.793025970458984,52.279998779296875,52.650001525878906,52.04999923706055,52.25,2977500
CAH,2018-08-30,41.928916931152344,52.45000076293945,52.86000061035156,51.77000045776367,52.099998474121094,2184300
CAH,2018-08-31,41.721073150634766,52.189998626708984,52.58000183105469,51.810001373291016,52.130001068115234,2038500
CAH,2018-09-04,40.95363998413086,51.22999954223633,52.16999816894531,50.790000915527344,52.0,2940500
CAH,2018-09-05,41.85698318481445,52.36000061035156,52.36000061035156,51.0,51.060001373291016,4424600
CAH,2018-09-06,41.657127380371094,52.11000061035156,52.689998626708984,51.86000061035156,52.38999938964844,2195300
CAH,2018-09-07,42.064815521240234,52.619998931884766,52.68000030517578,51.869998931884766,51.9900016784668,2500900
CAH,2018-09-10,42.27267074584961,52.880001068115234,53.40999984741211,52.630001068115234,52.630001068115234,2948300
CAH,2018-09-11,41.67311096191406,52.130001068115234,52.7400016784668,51.86000061035156,52.5099983215332,3221200
CAH,2018-09-12,42.32063293457031,52.939998626708984,53.08000183105469,52.150001525878906,52.150001525878906,1703900
CAH,2018-09-13,42.32063293457031,52.939998626708984,53.630001068115234,52.86000061035156,53.189998626708984,3027700
CAH,2018-09-14,41.64912414550781,52.099998474121094,53.369998931884766,52.09000015258789,53.09000015258789,3501500
CAH,2018-09-17,42.048831939697266,52.599998474121094,52.9900016784668,51.56999969482422,52.06999969482422,4230200
CAH,2018-09-18,42.84823989868164,53.599998474121094,53.86000061035156,52.58000183105469,52.58000183105469,2586100
CAH,2018-09-19,43.12004470825195,53.939998626708984,54.380001068115234,53.66999816894531,53.66999816894531,3127300
CAH,2018-09-20,44.10330581665039,55.16999816894531,55.47999954223633,54.029998779296875,54.029998779296875,4796100
CAH,2018-09-21,43.91944885253906,54.939998626708984,55.36000061035156,54.689998626708984,55.220001220703125,4570400
CAH,2018-09-24,43.09605407714844,53.90999984741211,55.150001525878906,53.47999954223633,54.91999816894531,4961500
CAH,2018-09-25,42.632408142089844,53.33000183105469,54.0,53.11000061035156,53.779998779296875,2995200
CAH,2018-09-26,42.87224197387695,53.630001068115234,54.279998779296875,53.38999938964844,53.38999938964844,2548600
CAH,2018-09-27,43.21596908569336,54.060001373291016,54.529998779296875,53.56999969482422,53.630001068115234,2044500
CAH,2018-09-28,43.551483154296875,54.0,54.11000061035156,53.43000030517578,53.650001525878906,3178600
CAH,2018-10-01,43.50308609008789,53.939998626708984,54.38999938964844,53.75,54.11000061035156,2236000
CAH,2018-10-02,43.535343170166016,53.97999954223633,54.45000076293945,53.68000030517578,53.970001220703125,1800600
CAH,2018-10-03,43.527278900146484,53.970001220703125,54.529998779296875,53.939998626708984,54.15999984741211,3172300
CAH,2018-10-04,43.22080993652344,53.59000015258789,54.290000915527344,53.369998931884766,53.70000076293945,2908600
CAH,2018-10-05,43.382102966308594,53.790000915527344,54.369998931884766,53.59000015258789,53.59000015258789,2068900
CAH,2018-10-08,43.906341552734375,54.439998626708984,54.63999938964844,53.720001220703125,53.720001220703125,1807200
CAH,2018-10-09,43.85794448852539,54.380001068115234,54.54999923706055,53.36000061035156,54.310001373291016,1834900
CAH,2018-10-10,43.72891616821289,54.220001220703125,55.630001068115234,54.150001525878906,54.459999084472656,3516900
CAH,2018-10-11,41.559391021728516,51.529998779296875,54.279998779296875,51.41999816894531,54.119998931884766,6872100
CAH,2018-10-12,41.640045166015625,51.630001068115234,51.9900016784668,51.060001373291016,51.959999084472656,3971200
CAH,2018-10-15,41.559391021728516,51.529998779296875,52.15999984741211,51.5,51.56999969482422,2725400
CAH,2018-10-16,42.46268844604492,52.650001525878906,52.880001068115234,51.560001373291016,51.86000061035156,4878800
CAH,2018-10-17,43.16435241699219,53.52000045776367,54.540000915527344,52.56999969482422,52.650001525878906,4351700
CAH,2018-10-18,43.083702087402344,53.41999816894531,54.0,53.150001525878906,53.54999923706055,3574500
CAH,2018-10-19,42.898197174072266,53.189998626708984,54.58000183105469,52.93000030517578,53.41999816894531,3004400
CAH,2018-10-22,41.94651794433594,52.0099983215332,53.52000045776367,51.790000915527344,53.189998626708984,3684300
CAH,2018-10-23,41.80134582519531,51.83000183105469,52.150001525878906,50.93000030517578,51.5099983215332,3209200
CAH,2018-10-24,40.00283432006836,49.599998474121094,52.290000915527344,49.5099983215332,51.65999984741211,6826600
CAH,2018-10-25,40.84160614013672,50.63999938964844,51.16999816894531,48.90999984741211,49.88999938964844,4279600
CAH,2018-10-26,40.260921478271484,49.91999816894531,50.34000015258789,48.970001220703125,50.029998779296875,4413100
CAH,2018-10-29,40.51900863647461,50.2400016784668,51.439998626708984,49.599998474121094,50.61000061035156,2742300
CAH,2018-10-30,41.59165954589844,51.56999969482422,51.61000061035156,50.0,50.380001068115234,4245500
CAH,2018-10-31,40.80934524536133,50.599998474121094,51.790000915527344,50.130001068115234,51.70000076293945,4698900
CAH,2018-11-01,42.43042755126953,52.61000061035156,52.70000076293945,50.540000915527344,50.599998474121094,3318600
CAH,2018-11-02,41.48681640625,51.439998626708984,53.119998931884766,51.130001068115234,52.90999984741211,2383800
CAH,2018-11-05,42.01103591918945,52.09000015258789,52.27000045776367,51.56999969482422,51.58000183105469,1958000
CAH,2018-11-06,42.365901947021484,52.529998779296875,52.59000015258789,50.90999984741211,51.31999969482422,2952700
CAH,2018-11-07,43.269195556640625,53.650001525878906,53.70000076293945,52.59000015258789,52.79999923706055,2911000
CAH,2018-11-08,45.26933288574219,56.130001068115234,56.20000076293945,51.209999084472656,52.95000076293945,7442300
CAH,2018-11-09,44.607994079589844,55.310001373291016,56.599998474121094,54.459999084472656,56.459999084472656,4201200
CAH,2018-11-12,45.108036041259766,55.93000030517578,56.290000915527344,54.97999954223633,55.33000183105469,2782900
CAH,2018-11-13,45.75325393676758,56.72999954223633,57.36000061035156,55.939998626708984,56.04999923706055,2666800
CAH,2018-11-14,46.22102355957031,57.310001373291016,58.310001373291016,56.29999923706055,57.02000045776367,4346100
CAH,2018-11-15,46.47909927368164,57.630001068115234,57.63999938964844,55.619998931884766,56.900001525878906,3770000
CAH,2018-11-16,44.72898864746094,55.459999084472656,57.150001525878906,55.29999923706055,56.849998474121094,6444800
CAH,2018-11-19,44.01118850708008,54.56999969482422,56.15999984741211,54.33000183105469,55.40999984741211,5103200
CAH,2018-11-20,42.672386169433594,52.90999984741211,54.58000183105469,52.40999984741211,54.40999984741211,4419900
CAH,2018-11-21,42.833675384521484,53.11000061035156,53.459999084472656,52.40999984741211,52.790000915527344,4799200
CAH,2018-11-23,42.648189544677734,52.880001068115234,53.150001525878906,52.25,53.0,975100
CAH,2018-11-26,43.05143737792969,53.380001068115234,54.099998474121094,52.93000030517578,53.5,5349800
CAH,2018-11-27,43.81761932373047,54.33000183105469,54.4900016784668,53.279998779296875,53.380001068115234,4923300
CAH,2018-11-28,44.26120376586914,54.880001068115234,54.88999938964844,53.86000061035156,54.369998931884766,5282300
CAH,2018-11-29,44.374122619628906,55.02000045776367,55.54999923706055,54.560001373291016,54.810001373291016,2855800
CAH,2018-11-30,44.22087860107422,54.83000183105469,55.22999954223633,54.11000061035156,55.22999954223633,4442700
CAH,2018-12-03,45.3258056640625,56.20000076293945,56.52000045776367,54.91999816894531,55.0,7001200
CAH,2018-12-04,44.41443634033203,55.06999969482422,56.38999938964844,54.40999984741211,56.0,5149800
CAH,2018-12-06,44.20475387573242,54.810001373291016,54.810001373291016,52.16999816894531,54.4900016784668,4844900
CAH,2018-12-07,43.478885650634766,53.90999984741211,55.439998626708984,53.779998779296875,54.459999084472656,4184700
CAH,2018-12-10,42.7852897644043,53.04999923706055,53.93000030517578,51.52000045776367,53.90999984741211,3681600
CAH,2018-12-11,43.18048858642578,53.540000915527344,54.41999816894531,52.849998474121094,53.56999969482422,2382800
CAH,2018-12-12,43.333709716796875,53.72999954223633,54.9900016784668,53.70000076293945,53.880001068115234,2231000
CAH,2018-12-13,42.25300216674805,52.38999938964844,53.779998779296875,51.93000030517578,53.779998779296875,2950300
CAH,2018-12-14,40.37383270263672,50.060001373291016,52.130001068115234,49.91999816894531,51.7400016784668,3554700
CAH,2018-12-17,38.655982971191406,47.93000030517578,49.369998931884766,47.65999984741211,49.22999954223633,3643000
CAH,2018-12-18,37.94623947143555,47.04999923706055,48.630001068115234,46.58000183105469,48.54999923706055,3369000
CAH,2018-12-19,37.20425796508789,46.130001068115234,47.560001373291016,45.84000015258789,47.04999923706055,4142700
CAH,2018-12-20,36.53485107421875,45.29999923706055,46.709999084472656,44.599998474121094,46.08000183105469,4603600
CAH,2018-12-21,35.841251373291016,44.439998626708984,46.290000915527344,44.150001525878906,45.29999923706055,6035200
CAH,2018-12-24,34.62343215942383,42.93000030517578,44.38999938964844,42.900001525878906,44.33000183105469,1903100
CAH,2018-12-26,35.94609832763672,44.56999969482422,44.59000015258789,42.16999816894531,43.11000061035156,3365300
CAH,2018-12-27,35.954166412353516,44.58000183105469,44.58000183105469,42.900001525878906,44.0,2743100
CAH,2018-12-28,35.954166412353516,44.58000183105469,45.27000045776367,44.099998474121094,44.75,4077500
CAH,2018-12-31,36.358524322509766,44.599998474121094,44.849998474121094,43.95000076293945,44.279998779296875,2482400
CAH,2019-01-02,36.74166488647461,45.06999969482422,45.599998474121094,43.95000076293945,44.119998931884766,3311900
CAH,2019-01-03,35.999813079833984,44.15999984741211,44.900001525878906,43.81999969482422,44.56999969482422,4258800
CAH,2019-01-04,36.61937713623047,44.91999816894531,45.06999969482422,44.209999084472656,44.619998931884766,3077200
CAH,2019-01-07,37.336761474609375,45.79999923706055,46.380001068115234,44.66999816894531,44.91999816894531,2670600
CAH,2019-01-08,37.90742492675781,46.5,46.869998931884766,45.97999954223633,46.040000915527344,3064700
CAH,2019-01-09,37.97262954711914,46.58000183105469,47.16999816894531,46.380001068115234,46.79999923706055,3580900
CAH,2019-01-10,38.795997619628906,47.59000015258789,48.040000915527344,46.75,46.869998931884766,2760700
CAH,2019-01-11,38.795997619628906,47.59000015258789,47.61000061035156,46.970001220703125,47.349998474121094,1703500
CAH,2019-01-14,38.543277740478516,47.279998779296875,47.58000183105469,47.18000030517578,47.20000076293945,2557800
CAH,2019-01-15,38.82861328125,47.630001068115234,47.66999816894531,47.04999923706055,47.41999816894531,2632800
CAH,2019-01-16,39.47262191772461,48.41999816894531,48.75,47.65999984741211,47.7400016784668,3136600
CAH,2019-01-17,39.26881408691406,48.16999816894531,48.7400016784668,47.689998626708984,48.189998626708984,2532800
CAH,2019-01-18,39.98621368408203,49.04999923706055,49.16999816894531,48.61000061035156,48.619998931884766,2720300
CAH,2019-01-22,39.660125732421875,48.650001525878906,48.900001525878906,48.310001373291016,48.7599983215332,2234300
CAH,2019-01-23,39.839473724365234,48.869998931884766,49.09000015258789,48.15999984741211,48.720001220703125,1539200
CAH,2019-01-24,39.55414962768555,48.52000045776367,49.130001068115234,48.2599983215332,48.79999923706055,1976100
CAH,2019-01-25,40.230770111083984,49.349998474121094,49.599998474121094,48.900001525878906,48.900001525878906,4750900
CAH,2019-01-28,40.0595703125,49.13999938964844,49.43000030517578,48.47999954223633,49.15999984741211,1956300
CAH,2019-01-29,40.222625732421875,49.34000015258789,49.5,48.959999084472656,49.29999923706055,2568600
CAH,2019-01-30,39.74980163574219,48.7599983215332,49.459999084472656,48.310001373291016,49.38999938964844,5037000
CAH,2019-01-31,40.7362060546875,49.970001220703125,50.630001068115234,48.61000061035156,48.66999816894531,5287800
CAH,2019-02-01,40.222625732421875,49.34000015258789,49.75,48.310001373291016,49.16999816894531,3090700
CAH,2019-02-04,40.687286376953125,49.90999984741211,49.93000030517578,49.029998779296875,49.380001068115234,3855800
CAH,2019-02-05,40.92371368408203,50.20000076293945,50.70000076293945,49.790000915527344,49.9900016784668,2450100
CAH,2019-02-06,41.404685974121094,50.790000915527344,51.06999969482422,50.0,50.0,3308300
CAH,2019-02-07,44.22531509399414,54.25,54.70000076293945,52.75,53.5,8144800
CAH,2019-02-08,42.937294006347656,52.66999816894531,54.52000045776367,52.060001373291016,54.470001220703125,4727200
CAH,2019-02-11,43.361183166503906,53.189998626708984,53.22999954223633,52.119998931884766,52.84000015258789,2661100
CAH,2019-02-12,44.453575134277344,54.529998779296875,54.65999984741211,53.380001068115234,53.61000061035156,3662900
CAH,2019-02-13,44.877479553222656,55.04999923706055,55.189998626708984,54.06999969482422,54.650001525878906,2724700
CAH,2019-02-14,45.24434280395508,55.5,55.650001525878906,54.459999084472656,54.90999984741211,3608600
CAH,2019-02-15,45.22802734375,55.47999954223633,55.97999954223633,55.36000061035156,55.900001525878906,3650600
CAH,2019-02-19,46.29596710205078,56.790000915527344,56.880001068115234,55.130001068115234,55.310001373291016,2795700
CAH,2019-02-20,45.578575134277344,55.90999984741211,56.4900016784668,55.540000915527344,56.220001220703125,2715900
CAH,2019-02-21,44.6329231262207,54.75,55.900001525878906,54.369998931884766,55.79999923706055,2590400
CAH,2019-02-22,44.755218505859375,54.900001525878906,55.0099983215332,54.2599983215332,54.70000076293945,2317200
CAH,2019-02-25,44.49433898925781,54.58000183105469,55.439998626708984,54.529998779296875,55.439998626708984,2278700
CAH,2019-02-26,43.6954345703125,53.599998474121094,54.689998626708984,53.560001373291016,54.52000045776367,2166600
CAH,2019-02-27,43.71989059448242,53.630001068115234,53.88999938964844,52.959999084472656,53.290000915527344,2818000
CAH,2019-02-28,44.29868698120117,54.34000015258789,54.36000061035156,53.380001068115234,53.650001525878906,4113000
CAH,2019-03-01,43.24706268310547,53.04999923706055,54.970001220703125,52.939998626708984,54.65999984741211,3598700
CAH,2019-03-04,41.49435043334961,50.900001525878906,53.0099983215332,50.63999938964844,53.0099983215332,4399500
CAH,2019-03-05,40.64653396606445,49.86000061035156,51.0,49.810001373291016,50.79999923706055,2962500
CAH,2019-03-06,39.31773376464844,48.22999954223633,49.90999984741211,48.20000076293945,49.849998474121094,2663300
CAH,2019-03-07,38.72262954711914,47.5,48.310001373291016,47.459999084472656,48.06999969482422,3240500
CAH,2019-03-08,38.88566207885742,47.70000076293945,48.09000015258789,47.040000915527344,47.220001220703125,3175400
CAH,2019-03-11,39.82316589355469,48.849998474121094,48.869998931884766,47.459999084472656,47.93000030517578,2864700
CAH,2019-03-12,40.21446990966797,49.33000183105469,49.790000915527344,48.91999816894531,48.970001220703125,2809800
CAH,2019-03-13,41.29055404663086,50.650001525878906,51.06999969482422,49.45000076293945,49.720001220703125,4979000
CAH,2019-03-14,41.41283416748047,50.79999923706055,50.869998931884766,50.18000030517578,50.7599983215332,4233800
CAH,2019-03-15,40.980770111083984,50.27000045776367,51.02000045776367,50.099998474121094,50.810001373291016,5657500
CAH,2019-03-18,40.7362060546875,49.970001220703125,50.689998626708984,49.470001220703125,50.349998474121094,4008400
CAH,2019-03-19,41.20903396606445,50.54999923706055,50.880001068115234,50.040000915527344,50.040000915527344,4430700
CAH,2019-03-20,40.23891830444336,49.36000061035156,50.41999816894531,48.970001220703125,50.40999984741211,2633600
CAH,2019-03-21,40.89109802246094,50.15999984741211,50.2599983215332,49.130001068115234,49.220001220703125,2285400
CAH,2019-03-22,39.651973724365234,48.63999938964844,50.279998779296875,48.619998931884766,50.0,2414000
CAH,2019-03-25,38.771541595458984,47.560001373291016,48.65999984741211,47.150001525878906,48.650001525878906,3459600
CAH,2019-03-26,38.95904541015625,47.790000915527344,48.529998779296875,47.529998779296875,47.79999923706055,2797300
CAH,2019-03-27,39.17914581298828,48.060001373291016,48.380001068115234,47.47999954223633,47.77000045776367,3600500
CAH,2019-03-28,39.06501770019531,47.91999816894531,48.540000915527344,47.65999984741211,48.099998474121094,3042400
CAH,2019-03-29,39.646339416503906,48.150001525878906,48.18000030517578,47.54999923706055,47.88999938964844,3029500
CAH,2019-04-01,40.445030212402344,49.119998931884766,49.189998626708984,48.43000030517578,48.66999816894531,2249300
CAH,2019-04-02,38.8311767578125,47.15999984741211,48.5,47.11000061035156,48.09000015258789,3544000
CAH,2019-04-03,38.76530456542969,47.08000183105469,48.22999954223633,46.58000183105469,47.52000045776367,3481200
CAH,2019-04-04,38.59238052368164,46.869998931884766,47.18000030517578,46.36000061035156,47.040000915527344,2218500
CAH,2019-04-05,39.10289764404297,47.4900016784668,48.040000915527344,47.02000045776367,47.06999969482422,2827000
CAH,2019-04-08,39.15230178833008,47.54999923706055,47.77000045776367,46.91999816894531,47.41999816894531,2005300
CAH,2019-04-09,38.97938537597656,47.34000015258789,47.599998474121094,46.9900016784668,47.34000015258789,1799700
CAH,2019-04-10,38.6500244140625,46.939998626708984,47.43000030517578,46.09000015258789,47.43000030517578,3097500
CAH,2019-04-11,38.18893051147461,46.380001068115234,47.209999084472656,46.20000076293945,47.130001068115234,2208900
CAH,2019-04-12,38.52653121948242,46.790000915527344,47.29999923706055,46.5,46.70000076293945,2524300
CAH,2019-04-15,38.76530456542969,47.08000183105469,47.65999984741211,46.779998779296875,46.9900016784668,2920700
CAH,2019-04-16,38.49358367919922,46.75,47.40999984741211,46.220001220703125,47.380001068115234,2422200
CAH,2019-04-17,36.95383834838867,44.880001068115234,46.970001220703125,44.5,46.88999938964844,3433000
CAH,2019-04-18,37.87603759765625,46.0,46.18000030517578,44.88999938964844,44.91999816894531,3975600
CAH,2019-04-22,37.26673126220703,45.2599983215332,46.36000061035156,45.09000015258789,45.93000030517578,2781200
CAH,2019-04-23,37.9419059753418,46.08000183105469,46.529998779296875,45.25,45.38999938964844,2828800
CAH,2019-04-24,38.35361099243164,46.58000183105469,46.88999938964844,45.939998626708984,46.130001068115234,3255200
CAH,2019-04-25,38.575931549072266,46.849998474121094,47.08000183105469,45.93000030517578,46.400001525878906,2348700
CAH,2019-04-26,39.119361877441406,47.5099983215332,47.66999816894531,46.9900016784668,47.04999923706055,1746700
CAH,2019-04-29,39.061729431152344,47.439998626708984,47.810001373291016,47.09000015258789,47.5099983215332,1789000
CAH,2019-04-30,40.1074333190918,48.709999084472656,48.7599983215332,47.2599983215332,48.0,6961700
CAH,2019-05-01,39.19347381591797,47.599998474121094,48.720001220703125,47.47999954223633,48.70000076293945,3044500
CAH,2019-05-02,40.13213348388672,48.7400016784668,48.90999984741211,47.75,47.75,2707400
CAH,2019-05-03,40.80732345581055,49.560001373291016,49.88999938964844,48.810001373291016,48.86000061035156,3512100
CAH,2019-05-06,40.708499908447266,49.439998626708984,49.529998779296875,48.16999816894531,48.790000915527344,3188100
CAH,2019-05-07,40.296817779541016,48.939998626708984,49.630001068115234,48.65999984741211,49.13999938964844,4987300
CAH,2019-05-08,40.93082809448242,49.709999084472656,50.02000045776367,48.41999816894531,49.13999938964844,3866600
CAH,2019-05-09,41.284881591796875,50.13999938964844,50.400001525878906,47.2400016784668,48.04999923706055,5154300
CAH,2019-05-10,40.22270965576172,48.849998474121094,50.77000045776367,47.93000030517578,50.2400016784668,3291100
CAH,2019-05-13,37.933685302734375,46.06999969482422,48.0,45.91999816894531,48.0,4349100
CAH,2019-05-14,37.958377838134766,46.099998474121094,46.7400016784668,45.959999084472656,46.209999084472656,3479400
CAH,2019-05-15,38.02425003051758,46.18000030517578,46.34000015258789,45.20000076293945,45.84000015258789,2170900
CAH,2019-05-16,37.24202346801758,45.22999954223633,46.56999969482422,45.06999969482422,46.20000076293945,2880100
CAH,2019-05-17,37.07734680175781,45.029998779296875,46.209999084472656,44.79999923706055,44.91999816894531,3068100
CAH,2019-05-20,37.85957336425781,45.97999954223633,46.08000183105469,44.709999084472656,44.81999969482422,3667100
CAH,2019-05-21,38.61709976196289,46.900001525878906,47.36000061035156,46.20000076293945,46.2599983215332,3570200
CAH,2019-05-22,38.56769943237305,46.84000015258789,46.939998626708984,46.290000915527344,46.790000915527344,1986700
CAH,2019-05-23,37.80192947387695,45.90999984741211,46.54999923706055,45.630001068115234,46.470001220703125,2021100
CAH,2019-05-24,37.834877014160156,45.95000076293945,46.380001068115234,45.59000015258789,45.9900016784668,1173400
CAH,2019-05-28,37.4478759765625,45.47999954223633,46.5099983215332,45.43000030517578,45.939998626708984,1727200
CAH,2019-05-29,35.96576690673828,43.68000030517578,45.38999938964844,43.5099983215332,45.38999938964844,3058800
CAH,2019-05-30,35.34821701049805,42.93000030517578,43.84000015258789,42.470001220703125,43.56999969482422,2552700
CAH,2019-05-31,34.64010238647461,42.06999969482422,42.709999084472656,42.02000045776367,42.459999084472656,3134200
CAH,2019-06-03,35.33999252319336,42.91999816894531,43.189998626708984,42.0099983215332,42.08000183105469,2531800
CAH,2019-06-04,36.18809127807617,43.95000076293945,44.15999984741211,43.36000061035156,43.54999923706055,2728500
CAH,2019-06-05,35.65287780761719,43.29999923706055,44.43000030517578,43.18000030517578,44.369998931884766,2639100
CAH,2019-06-06,35.23295593261719,42.790000915527344,43.27000045776367,42.380001068115234,43.20000076293945,2748900
CAH,2019-06-07,36.10573959350586,43.849998474121094,44.11000061035156,42.95000076293945,43.150001525878906,2290900
CAH,2019-06-10,36.22926330566406,44.0,44.79999923706055,43.7599983215332,43.939998626708984,2310100
CAH,2019-06-11,36.756221771240234,44.63999938964844,45.31999969482422,44.34000015258789,44.52000045776367,2914800
CAH,2019-06-12,36.41040802001953,44.220001220703125,44.72999954223633,43.970001220703125,44.439998626708984,1705500
CAH,2019-06-13,37.274967193603516,45.27000045776367,45.29999923706055,44.209999084472656,44.220001220703125,2029000
CAH,2019-06-14,36.361000061035156,44.15999984741211,45.25,44.099998474121094,45.25,1732500
CAH,2019-06-17,36.6080207824707,44.459999084472656,44.7400016784668,43.97999954223633,44.40999984741211,2183700
CAH,2019-06-18,36.67388153076172,44.540000915527344,45.31999969482422,44.36000061035156,44.779998779296875,2254000
CAH,2019-06-19,37.08558654785156,45.040000915527344,45.4900016784668,44.79999923706055,44.810001373291016,2121300
CAH,2019-06-20,36.863258361816406,44.77000045776367,45.810001373291016,44.349998474121094,45.70000076293945,2082800
CAH,2019-06-21,36.805633544921875,44.70000076293945,44.9900016784668,44.36000061035156,44.7599983215332,4091800
CAH,2019-06-24,37.06087875366211,45.0099983215332,45.02000045776367,44.2599983215332,44.79999923706055,2642100
CAH,2019-06-25,37.67020034790039,45.75,46.119998931884766,44.83000183105469,45.209999084472656,2753100
CAH,2019-06-26,37.571380615234375,45.630001068115234,45.900001525878906,45.15999984741211,45.779998779296875,2738100
CAH,2019-06-27,38.3783073425293,46.61000061035156,46.66999816894531,45.540000915527344,45.630001068115234,2649400
CAH,2019-06-28,39.186153411865234,47.099998474121094,47.16999816894531,46.0099983215332,46.290000915527344,2720500
CAH,2019-07-01,39.568878173828125,47.560001373291016,47.939998626708984,47.130001068115234,47.43000030517578,2980400
CAH,2019-07-02,39.2443962097168,47.16999816894531,47.5,46.689998626708984,47.5,1795400
CAH,2019-07-03,39.934940338134766,48.0,48.900001525878906,47.439998626708984,47.66999816894531,1949800
CAH,2019-07-05,40.12630081176758,48.22999954223633,48.880001068115234,47.540000915527344,47.7400016784668,2244600
CAH,2019-07-08,39.5106315612793,47.4900016784668,47.7599983215332,46.29999923706055,47.75,3798800
CAH,2019-07-09,39.26935577392578,47.20000076293945,47.77000045776367,46.84000015258789,47.16999816894531,1970700
CAH,2019-07-10,39.485660552978516,47.459999084472656,47.650001525878906,46.869998931884766,47.43000030517578,1882100
CAH,2019-07-11,40.1512565612793,48.2599983215332,49.970001220703125,47.869998931884766,49.04999923706055,2952500
CAH,2019-07-12,39.59383010864258,47.59000015258789,48.310001373291016,47.060001373291016,48.08000183105469,2413100
CAH,2019-07-15,39.51894760131836,47.5,47.810001373291016,47.06999969482422,47.59000015258789,2114800
CAH,2019-07-16,38.92825698852539,46.790000915527344,47.25,46.09000015258789,47.18000030517578,3525200
CAH,2019-07-17,37.49724578857422,45.06999969482422,46.5,44.91999816894531,46.5,3211500
CAH,2019-07-18,37.597084045410156,45.189998626708984,45.380001068115234,44.40999984741211,44.79999923706055,1998000
CAH,2019-07-19,37.430686950683594,44.9900016784668,45.349998474121094,44.72999954223633,45.25,1385700
CAH,2019-07-22,37.047977447509766,44.529998779296875,45.400001525878906,44.38999938964844,45.13999938964844,1663100
CAH,2019-07-23,36.9398193359375,44.400001525878906,44.720001220703125,43.97999954223633,44.65999984741211,2678100
CAH,2019-07-24,37.23100662231445,44.75,44.88999938964844,44.209999084472656,44.4900016784668,4842700
CAH,2019-07-25,37.3641242980957,44.90999984741211,45.79999923706055,44.65999984741211,44.84000015258789,2888700
CAH,2019-07-26,37.53883361816406,45.119998931884766,45.310001373291016,44.880001068115234,45.06999969482422,1472200
CAH,2019-07-29,38.1129035949707,45.810001373291016,45.880001068115234,45.119998931884766,45.189998626708984,1825600
CAH,2019-07-30,38.61208724975586,46.40999984741211,46.77000045776367,45.09000015258789,45.43000030517578,2797300
CAH,2019-07-31,38.046348571777344,45.72999954223633,46.529998779296875,45.290000915527344,46.310001373291016,6371200
CAH,2019-08-01,38.82840347290039,46.66999816894531,47.5,46.349998474121094,46.5,4735400
CAH,2019-08-02,38.36250686645508,46.11000061035156,46.83000183105469,45.2599983215332,46.439998626708984,2157900
CAH,2019-08-05,37.89659881591797,45.54999923706055,46.630001068115234,45.220001220703125,45.75,3769100
CAH,2019-08-06,35.70848846435547,42.91999816894531,46.18000030517578,42.04999923706055,45.47999954223633,5465300
CAH,2019-08-07,35.56705093383789,42.75,42.84000015258789,41.029998779296875,42.380001068115234,6580500
CAH,2019-08-08,36.515506744384766,43.88999938964844,44.27000045776367,42.349998474121094,43.63999938964844,4805500
CAH,2019-08-09,36.898216247558594,44.349998474121094,44.68000030517578,43.5099983215332,43.91999816894531,2061700
CAH,2019-08-12,36.42398452758789,43.779998779296875,44.540000915527344,43.630001068115234,44.20000076293945,1813900
CAH,2019-08-13,37.164459228515625,44.66999816894531,45.31999969482422,43.560001373291016,43.970001220703125,2161800
CAH,2019-08-14,35.2841796875,42.40999984741211,44.18000030517578,42.380001068115234,44.099998474121094,3352500
CAH,2019-08-15,34.94306182861328,42.0,42.7400016784668,41.90999984741211,42.540000915527344,2113400
CAH,2019-08-16,35.93312072753906,43.189998626708984,43.31999969482422,42.130001068115234,42.209999084472656,1924600
CAH,2019-08-19,36.174400329589844,43.47999954223633,44.040000915527344,43.36000061035156,43.63999938964844,1661400
CAH,2019-08-20,36.4073486328125,43.7599983215332,44.5099983215332,43.650001525878906,44.08000183105469,2541900
CAH,2019-08-21,36.24928665161133,43.56999969482422,44.310001373291016,43.20000076293945,43.41999816894531,2140300
CAH,2019-08-22,36.4073486328125,43.7599983215332,44.4900016784668,43.709999084472656,43.869998931884766,2637600
CAH,2019-08-23,35.60033416748047,42.790000915527344,44.349998474121094,42.54999923706055,43.540000915527344,2863200
CAH,2019-08-26,36.46559524536133,43.83000183105469,44.099998474121094,43.220001220703125,43.220001220703125,2280400
CAH,2019-08-27,34.884830474853516,41.93000030517578,43.79999923706055,41.83000183105469,43.36000061035156,4308600
CAH,2019-08-28,34.72677230834961,41.7400016784668,42.08000183105469,41.25,41.7400016784668,3283800
CAH,2019-08-29,35.167701721191406,42.27000045776367,42.58000183105469,41.849998474121094,42.18000030517578,2957200
CAH,2019-08-30,35.883201599121094,43.130001068115234,43.47999954223633,42.43000030517578,42.43000030517578,3234300
CAH,2019-09-03,36.02463912963867,43.29999923706055,43.400001525878906,42.130001068115234,42.7599983215332,3418700
CAH,2019-09-04,36.898216247558594,44.349998474121094,44.38999938964844,43.529998779296875,43.84000015258789,2606500
CAH,2019-09-05,36.92318344116211,44.380001068115234,45.310001373291016,44.29999923706055,44.790000915527344,3069100
CAH,2019-09-06,37.796756744384766,45.43000030517578,45.54999923706055,44.439998626708984,44.5099983215332,1908300
CAH,2019-09-09,38.95319747924805,46.81999969482422,46.900001525878906,45.31999969482422,45.31999969482422,3392600
CAH,2019-09-10,39.89333724975586,47.95000076293945,48.02000045776367,46.36000061035156,46.650001525878906,3966000
CAH,2019-09-11,40.667083740234375,48.880001068115234,48.91999816894531,47.41999816894531,48.040000915527344,3009800
CAH,2019-09-12,40.334293365478516,48.47999954223633,49.189998626708984,47.90999984741211,49.0,2486400
CAH,2019-09-13,40.11796951293945,48.220001220703125,49.060001373291016,47.83000183105469,48.65999984741211,2077000
CAH,2019-09-16,40.69204330444336,48.90999984741211,48.97999954223633,47.349998474121094,47.5,1989500
CAH,2019-09-17,40.1512565612793,48.2599983215332,49.099998474121094,48.220001220703125,49.04999923706055,2215600
CAH,2019-09-18,39.83509063720703,47.880001068115234,48.20000076293945,47.61000061035156,48.16999816894531,2460800
CAH,2019-09-19,39.95158767700195,48.02000045776367,48.310001373291016,47.72999954223633,48.04999923706055,1976400
CAH,2019-09-20,39.843421936035156,47.88999938964844,49.09000015258789,47.619998931884766,48.2400016784668,5779500
CAH,2019-09-23,39.2443962097168,47.16999816894531,47.88999938964844,46.560001373291016,47.70000076293945,2337600
CAH,2019-09-24,39.15288162231445,47.060001373291016,47.779998779296875,46.75,47.310001373291016,2417200
CAH,2019-09-25,39.66038131713867,47.66999816894531,47.880001068115234,46.68000030517578,46.959999084472656,2559000
CAH,2019-09-26,39.35255432128906,47.29999923706055,48.18000030517578,46.5099983215332,47.65999984741211,2017200
CAH,2019-09-27,39.577178955078125,47.56999969482422,47.70000076293945,46.900001525878906,47.54999923706055,3159300
CAH,2019-09-30,39.66207504272461,47.189998626708984,47.41999816894531,46.959999084472656,47.0,2461100
CAH,2019-10-01,39.73772048950195,47.279998779296875,48.38999938964844,47.060001373291016,47.5099983215332,2496000
CAH,2019-10-02,38.46018600463867,45.7599983215332,47.06999969482422,45.65999984741211,46.88999938964844,3253500
CAH,2019-10-03,38.502220153808594,45.810001373291016,45.900001525878906,44.79999923706055,45.59000015258789,2503400
CAH,2019-10-04,38.72075653076172,46.06999969482422,46.18000030517578,45.34000015258789,45.880001068115234,1859600
CAH,2019-10-07,38.325721740722656,45.599998474121094,46.119998931884766,45.400001525878906,46.09000015258789,1845900
CAH,2019-10-08,37.787811279296875,44.959999084472656,45.47999954223633,44.68000030517578,45.27000045776367,1962200
CAH,2019-10-09,38.07357406616211,45.29999923706055,45.5099983215332,45.15999984741211,45.2599983215332,1940900
CAH,2019-10-10,38.70392990112305,46.04999923706055,46.709999084472656,45.29999923706055,45.29999923706055,2431400
CAH,2019-10-11,39.43514633178711,46.91999816894531,47.54999923706055,46.720001220703125,46.720001220703125,2043800
CAH,2019-10-14,39.31747817993164,46.779998779296875,46.9900016784668,46.47999954223633,46.7599983215332,1458700
CAH,2019-10-15,40.25881576538086,47.900001525878906,47.970001220703125,47.029998779296875,47.25,1807000
CAH,2019-10-16,41.24216842651367,49.06999969482422,50.9900016784668,48.29999923706055,49.11000061035156,5924900
CAH,2019-10-17,43.040794372558594,51.209999084472656,51.36000061035156,49.189998626708984,49.189998626708984,4493600
CAH,2019-10-18,43.318145751953125,51.540000915527344,51.66999816894531,50.7400016784668,51.06999969482422,3655700
CAH,2019-10-21,42.368412017822266,50.40999984741211,51.47999954223633,49.150001525878906,51.130001068115234,4647200
CAH,2019-10-22,42.64576721191406,50.7400016784668,50.779998779296875,49.72999954223633,50.4900016784668,1950400
CAH,2019-10-23,42.04062271118164,50.02000045776367,50.720001220703125,49.709999084472656,50.43000030517578,2091900
CAH,2019-10-24,41.763267517089844,49.689998626708984,50.25,49.13999938964844,50.16999816894531,2007500
CAH,2019-10-25,42.06583786010742,50.04999923706055,50.20000076293945,49.150001525878906,49.70000076293945,1933400
CAH,2019-10-28,42.25914764404297,50.279998779296875,50.56999969482422,49.970001220703125,50.040000915527344,1382700
CAH,2019-10-29,43.05759811401367,51.22999954223633,51.5099983215332,49.81999969482422,50.13999938964844,2313400
CAH,2019-10-30,42.15829086303711,50.15999984741211,50.779998779296875,49.369998931884766,50.47999954223633,2807700
CAH,2019-10-31,41.561553955078125,49.45000076293945,50.15999984741211,49.06999969482422,49.880001068115234,3952900
CAH,2019-11-01,42.393619537353516,50.439998626708984,50.900001525878906,49.459999084472656,49.75,2035500
CAH,2019-11-04,43.48624038696289,51.7400016784668,51.88999938964844,50.5,50.650001525878906,2398300
CAH,2019-11-05,43.28452682495117,51.5,52.720001220703125,51.470001220703125,52.0,3111900
CAH,2019-11-06,43.2256965637207,51.43000030517578,51.959999084472656,51.0099983215332,51.4900016784668,3042500
CAH,2019-11-07,44.71333694458008,53.20000076293945,54.7599983215332,52.689998626708984,54.2400016784668,4773500
CAH,2019-11-08,45.175601959228516,53.75,53.86000061035156,52.29999923706055,52.95000076293945,3366200
CAH,2019-11-11,45.116764068603516,53.68000030517578,53.720001220703125,52.81999969482422,53.20000076293945,3544800
CAH,2019-11-12,45.41093063354492,54.029998779296875,54.189998626708984,53.529998779296875,53.63999938964844,3432900
CAH,2019-11-13,46.04970932006836,54.790000915527344,54.939998626708984,53.540000915527344,53.810001373291016,3378300
CAH,2019-11-14,46.016082763671875,54.75,55.33000183105469,54.59000015258789,54.849998474121094,4312300
CAH,2019-11-15,47.26838684082031,56.2400016784668,56.27000045776367,54.75,54.93000030517578,3373300
CAH,2019-11-18,47.0750732421875,56.0099983215332,56.689998626708984,55.810001373291016,56.13999938964844,2719900
CAH,2019-11-19,46.79771423339844,55.68000030517578,56.369998931884766,55.650001525878906,56.2400016784668,2137000
CAH,2019-11-20,46.5707893371582,55.40999984741211,55.810001373291016,55.09000015258789,55.310001373291016,2686400
CAH,2019-11-21,46.36906433105469,55.16999816894531,55.619998931884766,54.86000061035156,55.41999816894531,2301300
CAH,2019-11-22,46.806129455566406,55.689998626708984,55.9900016784668,55.25,55.33000183105469,2061900
CAH,2019-11-25,47.360836029052734,56.349998474121094,56.4900016784668,55.619998931884766,55.9900016784668,2111100
CAH,2019-11-26,45.562217712402344,54.209999084472656,56.2400016784668,53.7599983215332,56.2400016784668,5571600
CAH,2019-11-27,46.411094665527344,55.220001220703125,55.2599983215332,54.150001525878906,54.209999084472656,1988800
CAH,2019-11-29,46.25141143798828,55.029998779296875,55.27000045776367,54.75,54.91999816894531,833400
CAH,2019-12-02,45.92362976074219,54.63999938964844,55.06999969482422,54.5099983215332,55.029998779296875,1622200
CAH,2019-12-03,45.83116912841797,54.529998779296875,54.599998474121094,53.83000183105469,54.27000045776367,1900100
CAH,2019-12-04,46.04128646850586,54.779998779296875,55.06999969482422,54.45000076293945,54.7400016784668,1753800
CAH,2019-12-05,45.5958366394043,54.25,55.029998779296875,54.220001220703125,54.869998931884766,1924800
CAH,2019-12-06,46.11693572998047,54.869998931884766,55.09000015258789,54.5,54.61000061035156,1525900
CAH,2019-12-09,45.67148208618164,54.34000015258789,54.810001373291016,54.029998779296875,54.709999084472656,1581800
CAH,2019-12-10,45.23443603515625,53.81999969482422,54.220001220703125,53.45000076293945,54.209999084472656,1823200
CAH,2019-12-11,45.62104034423828,54.279998779296875,54.349998474121094,53.70000076293945,53.709999084472656,1691100
CAH,2019-12-12,45.94043731689453,54.65999984741211,55.02000045776367,54.11000061035156,54.380001068115234,1533200
CAH,2019-12-13,45.09995651245117,53.65999984741211,54.7599983215332,53.59000015258789,54.470001220703125,1568600
CAH,2019-12-16,45.13357162475586,53.70000076293945,53.97999954223633,52.630001068115234,53.2599983215332,2872500
CAH,2019-12-17,43.34336471557617,51.56999969482422,53.599998474121094,51.0,53.56999969482422,3657100
CAH,2019-12-18,42.94833755493164,51.099998474121094,51.58000183105469,50.83000183105469,51.2400016784668,2624300
CAH,2019-12-19,42.5364990234375,50.61000061035156,51.459999084472656,50.5,51.349998474121094,1920900
CAH,2019-12-20,43.53667449951172,51.79999923706055,52.029998779296875,50.5099983215332,51.09000015258789,4939500
CAH,2019-12-23,42.973548889160156,51.130001068115234,51.939998626708984,51.11000061035156,51.810001373291016,1402200
CAH,2019-12-24,43.1080322265625,51.290000915527344,51.77000045776367,51.08000183105469,51.369998931884766,535400
CAH,2019-12-26,43.007164001464844,51.16999816894531,51.45000076293945,50.91999816894531,51.349998474121094,839600
CAH,2019-12-27,43.28452682495117,51.5,51.61000061035156,50.75,51.13999938964844,1427100
CAH,2019-12-30,42.67098617553711,50.77000045776367,51.65999984741211,50.70000076293945,51.470001220703125,1648900
CAH,2019-12-31,42.91789245605469,50.58000183105469,50.900001525878906,50.099998474121094,50.130001068115234,1908300
CAH,2020-01-02,42.50212097167969,50.09000015258789,51.0099983215332,49.47999954223633,50.91999816894531,2824600
CAH,2020-01-03,41.8827018737793,49.36000061035156,49.79999923706055,49.13999938964844,49.31999969482422,1876300
CAH,2020-01-06,42.2306022644043,49.77000045776367,49.81999969482422,48.93000030517578,49.2599983215332,2410200
CAH,2020-01-07,42.24756622314453,49.790000915527344,49.9900016784668,49.33000183105469,49.61000061035156,1818700
CAH,2020-01-08,42.4766731262207,50.060001373291016,50.310001373291016,49.2599983215332,49.68000030517578,1727100
CAH,2020-01-09,42.68031692504883,50.29999923706055,50.439998626708984,49.66999816894531,50.20000076293945,1747000
CAH,2020-01-10,42.9603271484375,50.630001068115234,50.720001220703125,49.880001068115234,50.400001525878906,2298200
CAH,2020-01-13,42.799102783203125,50.439998626708984,50.560001373291016,49.79999923706055,50.529998779296875,2526500
CAH,2020-01-14,44.50461959838867,52.45000076293945,52.459999084472656,50.939998626708984,50.939998626708984,3186300
CAH,2020-01-15,45.65860366821289,53.810001373291016,54.119998931884766,52.040000915527344,52.27000045776367,4023200
CAH,2020-01-16,46.17619323730469,54.41999816894531,54.52000045776367,53.61000061035156,54.16999816894531,2710300
CAH,2020-01-17,45.76042938232422,53.93000030517578,54.63999938964844,53.630001068115234,54.529998779296875,2566400
CAH,2020-01-21,45.82829666137695,54.0099983215332,54.400001525878906,53.5,53.88999938964844,1874000
CAH,2020-01-22,46.93986129760742,55.31999969482422,55.4900016784668,54.220001220703125,54.369998931884766,3059800
CAH,2020-01-23,46.55802536010742,54.869998931884766,55.220001220703125,54.540000915527344,55.209999084472656,3333100
CAH,2020-01-24,45.66709518432617,53.81999969482422,54.95000076293945,52.75,54.95000076293945,2107200
CAH,2020-01-27,45.29374694824219,53.380001068115234,53.59000015258789,52.02000045776367,52.849998474121094,2511400
CAH,2020-01-28,45.650108337402344,53.79999923706055,54.08000183105469,53.150001525878906,53.7599983215332,2089200
CAH,2020-01-29,45.599205017089844,53.7400016784668,54.400001525878906,53.40999984741211,53.93000030517578,1748600
CAH,2020-01-30,45.217384338378906,53.290000915527344,53.869998931884766,52.5099983215332,53.4900016784668,1919500
CAH,2020-01-31,43.45246887207031,51.209999084472656,53.16999816894531,50.900001525878906,53.0,7692100
CAH,2020-02-03,43.49488830566406,51.2599983215332,52.18000030517578,51.09000015258789,51.43000030517578,1905500
CAH,2020-02-04,43.774898529052734,51.59000015258789,52.68000030517578,51.540000915527344,52.060001373291016,3443800
CAH,2020-02-05,44.69978332519531,52.68000030517578,53.45000076293945,52.040000915527344,52.09000015258789,5655600
CAH,2020-02-06,49.43449783325195,58.2599983215332,59.79999923706055,56.84000015258789,57.54999923706055,6735000
CAH,2020-02-07,49.41753387451172,58.2400016784668,60.47999954223633,57.7400016784668,59.09000015258789,4384700
CAH,2020-02-10,50.22362518310547,59.189998626708984,59.70000076293945,58.0,58.25,3616600
CAH,2020-02-11,50.41028594970703,59.40999984741211,59.470001220703125,58.349998474121094,59.25,2611300
CAH,2020-02-12,51.021217346191406,60.130001068115234,60.689998626708984,59.689998626708984,60.0,2290600
CAH,2020-02-13,50.401798248291016,59.400001525878906,60.31999969482422,59.369998931884766,59.540000915527344,1953300
CAH,2020-02-14,50.58847427368164,59.619998931884766,59.790000915527344,57.61000061035156,59.189998626708984,3284900
CAH,2020-02-18,50.07087326049805,59.0099983215332,59.9900016784668,58.779998779296875,59.599998474121094,2276300
CAH,2020-02-19,50.359371185302734,59.349998474121094,59.369998931884766,58.65999984741211,58.900001525878906,1896900
CAH,2020-02-20,51.26728439331055,60.41999816894531,60.529998779296875,58.7599983215332,59.09000015258789,2688000
CAH,2020-02-21,50.67333221435547,59.720001220703125,60.38999938964844,59.5,60.16999816894531,2275400
CAH,2020-02-24,49.332672119140625,58.13999938964844,58.939998626708984,57.90999984741211,58.209999084472656,2105300
CAH,2020-02-25,47.04167175292969,55.439998626708984,58.79999923706055,55.2599983215332,58.5,2764400
CAH,2020-02-26,46.676815032958984,55.0099983215332,56.75,54.9900016784668,55.45000076293945,3160700
CAH,2020-02-27,44.33491897583008,52.25,55.380001068115234,52.2400016784668,54.2400016784668,4825700
CAH,2020-02-28,44.224613189697266,52.119998931884766,52.150001525878906,49.4900016784668,50.58000183105469,6367000
CAH,2020-03-02,45.836795806884766,54.02000045776367,54.02000045776367,51.77000045776367,52.310001373291016,4630300
CAH,2020-03-03,44.9373664855957,52.959999084472656,54.88999938964844,51.5099983215332,53.97999954223633,3434500
CAH,2020-03-04,46.3543815612793,54.630001068115234,56.09000015258789,53.22999954223633,54.790000915527344,4431300
CAH,2020-03-05,44.53008270263672,52.47999954223633,54.15999984741211,51.81999969482422,53.209999084472656,3369700
CAH,2020-03-06,43.503387451171875,51.27000045776367,52.16999816894531,50.029998779296875,50.86000061035156,2889200
CAH,2020-03-09,40.669334411621094,47.93000030517578,49.7400016784668,47.11000061035156,48.0,4876900
CAH,2020-03-10,42.17969512939453,49.709999084472656,49.81999969482422,46.900001525878906,49.20000076293945,3013700
CAH,2020-03-11,41.280269622802734,48.650001525878906,49.33000183105469,47.61000061035156,48.459999084472656,3576300
CAH,2020-03-12,35.96855926513672,42.38999938964844,46.0,42.36000061035156,45.75,4218300
CAH,2020-03-13,40.40629577636719,47.619998931884766,47.75,42.560001373291016,44.380001068115234,4410300
CAH,2020-03-16,37.521331787109375,44.220001220703125,46.869998931884766,42.15999984741211,42.59000015258789,3499900
CAH,2020-03-17,40.52509307861328,47.7599983215332,48.54999923706055,43.599998474121094,44.91999816894531,3982900
CAH,2020-03-18,38.77715301513672,45.70000076293945,49.189998626708984,41.5,45.099998474121094,3776200
CAH,2020-03-19,37.156490325927734,43.790000915527344,46.33000183105469,42.119998931884766,45.15999984741211,2538300
CAH,2020-03-20,36.76616287231445,43.33000183105469,46.06999969482422,42.29999923706055,44.83000183105469,3900000
CAH,2020-03-23,34.78912353515625,41.0,43.0,39.04999923706055,42.900001525878906,3344700
CAH,2020-03-24,36.94435501098633,43.540000915527344,44.18000030517578,40.970001220703125,41.79999923706055,3275000
CAH,2020-03-25,35.84976577758789,42.25,46.189998626708984,41.93000030517578,43.65999984741211,3625900
CAH,2020-03-26,38.5225944519043,45.400001525878906,45.66999816894531,41.810001373291016,42.619998931884766,3516200
CAH,2020-03-27,37.6571044921875,44.380001068115234,45.54999923706055,43.15999984741211,44.0,3046600
CAH,2020-03-30,41.10207748413086,48.439998626708984,48.66999816894531,45.86000061035156,46.25,3754800
CAH,2020-03-31,41.085792541503906,47.939998626708984,50.189998626708984,46.9900016784668,48.83000183105469,6194700
CAH,2020-04-01,40.88866424560547,47.709999084472656,48.11000061035156,46.0,46.150001525878906,3426400
CAH,2020-04-02,39.78310775756836,46.41999816894531,47.54999923706055,44.58000183105469,46.939998626708984,3265600
CAH,2020-04-03,39.945945739746094,46.61000061035156,47.18000030517578,45.58000183105469,45.790000915527344,2567900
CAH,2020-04-06,42.294193267822266,49.349998474121094,49.7400016784668,47.36000061035156,48.400001525878906,3545500
CAH,2020-04-07,41.03437042236328,47.880001068115234,50.77000045776367,47.790000915527344,50.470001220703125,2407300
CAH,2020-04-08,42.3370475769043,49.400001525878906,49.83000183105469,47.38999938964844,48.36000061035156,2659300
CAH,2020-04-09,43.21978759765625,50.43000030517578,50.790000915527344,49.22999954223633,49.22999954223633,2012600
CAH,2020-04-13,42.01994323730469,49.029998779296875,50.33000183105469,48.650001525878906,50.33000183105469,1775300
CAH,2020-04-14,43.44261169433594,50.689998626708984,50.97999954223633,49.31999969482422,50.150001525878906,1917200
CAH,2020-04-15,42.9112663269043,50.06999969482422,50.400001525878906,48.95000076293945,49.83000183105469,2265200
CAH,2020-04-16,42.90269088745117,50.060001373291016,50.63999938964844,49.11000061035156,50.15999984741211,1724900
CAH,2020-04-17,43.90540313720703,51.22999954223633,51.40999984741211,49.849998474121094,51.0,2143800
CAH,2020-04-20,43.4854621887207,50.7400016784668,52.33000183105469,50.119998931884766,50.7599983215332,1901600
CAH,2020-04-21,41.368614196777344,48.27000045776367,50.20000076293945,48.02000045776367,50.04999923706055,1857200
CAH,2020-04-22,42.028526306152344,49.040000915527344,49.439998626708984,48.540000915527344,49.15999984741211,1740500
CAH,2020-04-23,42.26848602294922,49.31999969482422,50.06999969482422,48.849998474121094,49.2400016784668,1942100
CAH,2020-04-24,43.125526428222656,50.31999969482422,50.59000015258789,48.9900016784668,49.599998474121094,1963800
CAH,2020-04-27,44.50532150268555,51.93000030517578,53.04999923706055,50.619998931884766,50.7400016784668,2208800
CAH,2020-04-28,44.093955993652344,51.45000076293945,52.650001525878906,51.13999938964844,52.52000045776367,1903300
CAH,2020-04-29,44.01682662963867,51.36000061035156,52.06999969482422,50.83000183105469,51.95000076293945,2540000
CAH,2020-04-30,42.405609130859375,49.47999954223633,51.25,49.040000915527344,50.93000030517578,7132100
CAH,2020-05-01,40.64014434814453,47.41999816894531,49.0,47.189998626708984,49.0,2235600
CAH,2020-05-04,40.29733657836914,47.02000045776367,47.470001220703125,46.34000015258789,47.290000915527344,2546000
CAH,2020-05-05,40.66585922241211,47.45000076293945,48.29999923706055,47.150001525878906,47.540000915527344,2137900
CAH,2020-05-06,40.62300491333008,47.400001525878906,48.529998779296875,47.38999938964844,47.81999969482422,3022100
CAH,2020-05-07,41.58287048339844,48.52000045776367,49.029998779296875,48.0,48.060001373291016,3117800
CAH,2020-05-08,42.74843215942383,49.880001068115234,50.2400016784668,48.15999984741211,49.310001373291016,2767800
CAH,2020-05-11,45.628028869628906,53.2400016784668,54.20000076293945,52.11000061035156,53.09000015258789,5884400
CAH,2020-05-12,42.93696975708008,50.099998474121094,54.33000183105469,50.04999923706055,53.459999084472656,2421400
CAH,2020-05-13,40.79440689086914,47.599998474121094,50.20000076293945,47.27000045776367,50.029998779296875,2340700
CAH,2020-05-14,40.53730010986328,47.29999923706055,47.36000061035156,45.7599983215332,46.650001525878906,2640600
CAH,2020-05-15,41.951393127441406,48.95000076293945,49.0,47.7599983215332,48.29999923706055,2548600
CAH,2020-05-18,44.74528884887695,52.209999084472656,52.45000076293945,50.06999969482422,50.06999969482422,2710200
CAH,2020-05-19,44.188232421875,51.560001373291016,52.72999954223633,51.52000045776367,51.900001525878906,2086800
CAH,2020-05-20,45.37948989868164,52.95000076293945,53.7599983215332,51.040000915527344,52.02000045776367,2745900
CAH,2020-05-21,45.57661437988281,53.18000030517578,53.459999084472656,52.279998779296875,52.70000076293945,1410400
CAH,2020-05-22,45.9279899597168,53.59000015258789,53.70000076293945,52.63999938964844,53.04999923706055,1364400
CAH,2020-05-26,45.079532623291016,52.599998474121094,55.06999969482422,52.439998626708984,54.77000045776367,2524700
CAH,2020-05-27,46.06511306762695,53.75,53.75,51.689998626708984,52.7599983215332,1911400
CAH,2020-05-28,46.59647750854492,54.369998931884766,55.290000915527344,53.810001373291016,54.310001373291016,1656000
CAH,2020-05-29,46.87071228027344,54.689998626708984,55.029998779296875,53.720001220703125,54.5,4376800
CAH,2020-06-01,46.87928009033203,54.70000076293945,55.06999969482422,54.13999938964844,54.47999954223633,1247800
CAH,2020-06-02,47.79631042480469,55.77000045776367,55.9900016784668,54.0099983215332,54.52000045776367,2941900
CAH,2020-06-03,48.52477264404297,56.619998931884766,57.130001068115234,55.81999969482422,55.9900016784668,2163400
CAH,2020-06-04,48.41335678100586,56.4900016784668,57.08000183105469,55.81999969482422,56.16999816894531,2077600
CAH,2020-06-05,49.08184814453125,57.27000045776367,58.4900016784668,57.0,57.060001373291016,1856700
CAH,2020-06-08,50.830177307128906,59.310001373291016,59.459999084472656,56.900001525878906,57.060001373291016,2562200
CAH,2020-06-09,49.40751266479492,57.650001525878906,58.90999984741211,57.08000183105469,58.68000030517578,1458600
CAH,2020-06-10,47.53919219970703,55.470001220703125,58.029998779296875,55.380001068115234,57.91999816894531,2206700
CAH,2020-06-11,44.985260009765625,52.4900016784668,54.47999954223633,52.119998931884766,54.099998474121094,1888400
CAH,2020-06-12,45.32806396484375,52.88999938964844,54.400001525878906,51.5,54.0,1747700
CAH,2020-06-15,45.81657409667969,53.459999084472656,53.93000030517578,51.25,51.83000183105469,1946500
CAH,2020-06-16,46.70787811279297,54.5,55.040000915527344,53.61000061035156,54.79999923706055,2564700
CAH,2020-06-17,45.98798751831055,53.65999984741211,54.630001068115234,53.5,54.5099983215332,2102300
CAH,2020-06-18,45.51661682128906,53.11000061035156,53.650001525878906,52.65999984741211,53.5,2023700
CAH,2020-06-19,46.11653137207031,53.810001373291016,54.779998779296875,53.31999969482422,54.13999938964844,4682600
CAH,2020-06-22,46.125099182128906,53.81999969482422,53.95000076293945,52.939998626708984,53.689998626708984,1285000
CAH,2020-06-23,45.833709716796875,53.47999954223633,54.540000915527344,53.40999984741211,54.290000915527344,1589500
CAH,2020-06-24,44.573875427246094,52.0099983215332,53.58000183105469,51.58000183105469,53.0,2300100
CAH,2020-06-25,44.453895568847656,51.869998931884766,52.310001373291016,51.16999816894531,51.65999984741211,2493800
CAH,2020-06-26,43.322635650634766,50.54999923706055,52.33000183105469,50.43000030517578,51.7599983215332,8788300
CAH,2020-06-29,44.53960418701172,51.970001220703125,51.970001220703125,50.93000030517578,50.959999084472656,1604400
CAH,2020-06-30,45.15037536621094,52.189998626708984,52.56999969482422,50.83000183105469,51.279998779296875,2559800
CAH,2020-07-01,44.70916748046875,51.68000030517578,52.58000183105469,51.459999084472656,52.31999969482422,1633700
CAH,2020-07-02,44.8129768371582,51.79999923706055,52.75,51.540000915527344,52.31999969482422,2371500
CAH,2020-07-06,44.761070251464844,51.7400016784668,52.459999084472656,51.29999923706055,52.220001220703125,2284100
CAH,2020-07-07,43.44610595703125,50.220001220703125,51.31999969482422,50.16999816894531,51.0099983215332,1619300
CAH,2020-07-08,43.50666809082031,50.290000915527344,50.529998779296875,49.400001525878906,50.31999969482422,1975200
CAH,2020-07-09,42.28684616088867,48.880001068115234,50.27000045776367,48.38999938964844,50.189998626708984,1575900
CAH,2020-07-10,42.702091217041016,49.36000061035156,49.540000915527344,48.25,48.7599983215332,1841200
CAH,2020-07-13,43.14331817626953,49.869998931884766,50.65999984741211,49.2599983215332,49.61000061035156,2143700
CAH,2020-07-14,44.060333251953125,50.93000030517578,51.0,49.5099983215332,49.630001068115234,1669800
CAH,2020-07-15,45.06386184692383,52.09000015258789,52.279998779296875,51.189998626708984,51.4900016784668,1642800
CAH,2020-07-16,45.34934997558594,52.41999816894531,52.720001220703125,51.58000183105469,51.91999816894531,1387500
CAH,2020-07-17,45.963592529296875,53.130001068115234,53.349998474121094,52.380001068115234,52.599998474121094,1139900
CAH,2020-07-20,45.98088836669922,53.150001525878906,53.41999816894531,52.52000045776367,53.2599983215332,2959600
CAH,2020-07-21,48.43782043457031,55.9900016784668,56.04999923706055,53.540000915527344,53.540000915527344,2661300
CAH,2020-07-22,48.58488464355469,56.15999984741211,56.33000183105469,55.52000045776367,56.0,1531700
CAH,2020-07-23,48.922279357910156,56.54999923706055,57.04999923706055,56.040000915527344,56.27000045776367,1685200
CAH,2020-07-24,48.87902069091797,56.5,57.630001068115234,56.13999938964844,56.75,1504400
CAH,2020-07-27,49.726844787597656,57.47999954223633,57.52000045776367,55.7400016784668,56.27000045776367,1704600
CAH,2020-07-28,48.948238372802734,56.58000183105469,57.59000015258789,56.4900016784668,57.34000015258789,1524300
CAH,2020-07-29,49.91716003417969,57.70000076293945,57.9900016784668,56.529998779296875,56.880001068115234,1894100
CAH,2020-07-30,48.86172103881836,56.47999954223633,57.0,55.599998474121094,56.810001373291016,2437400
CAH,2020-07-31,47.25261688232422,54.619998931884766,56.5,53.90999984741211,56.43000030517578,4732100
CAH,2020-08-03,50.2113151550293,58.040000915527344,58.310001373291016,55.540000915527344,55.54999923706055,2856100
CAH,2020-08-04,50.02963638305664,57.83000183105469,58.34000015258789,57.029998779296875,57.7599983215332,1890000
CAH,2020-08-05,49.830650329589844,57.599998474121094,58.970001220703125,57.09000015258789,58.63999938964844,2764200
CAH,2020-08-06,45.946285247802734,53.11000061035156,55.45000076293945,52.11000061035156,52.5,5229100
CAH,2020-08-07,45.48777770996094,52.58000183105469,52.7400016784668,51.61000061035156,52.619998931884766,2844700
CAH,2020-08-10,45.90303039550781,53.060001373291016,53.810001373291016,52.349998474121094,52.58000183105469,2161700
CAH,2020-08-11,45.88572692871094,53.040000915527344,53.91999816894531,52.849998474121094,53.36000061035156,1782400
CAH,2020-08-12,46.56051254272461,53.81999969482422,54.16999816894531,53.2599983215332,53.47999954223633,1635200
CAH,2020-08-13,45.358009338378906,52.43000030517578,53.650001525878906,52.2599983215332,53.41999816894531,2608900
CAH,2020-08-14,46.43939971923828,53.68000030517578,53.70000076293945,51.91999816894531,52.20000076293945,1985500
CAH,2020-08-17,45.61753845214844,52.72999954223633,53.779998779296875,52.599998474121094,53.70000076293945,1616700
CAH,2020-08-18,45.02925491333008,52.04999923706055,53.290000915527344,51.93000030517578,52.70000076293945,1723800
CAH,2020-08-19,44.674564361572266,51.63999938964844,52.630001068115234,51.5099983215332,51.97999954223633,1358700
CAH,2020-08-20,43.39419174194336,50.15999984741211,51.529998779296875,50.04999923706055,51.369998931884766,1729300
CAH,2020-08-21,43.12601089477539,49.849998474121094,50.31999969482422,49.59000015258789,49.95000076293945,1629000
CAH,2020-08-24,43.08274841308594,49.79999923706055,50.27000045776367,49.439998626708984,50.22999954223633,1365900
CAH,2020-08-25,43.74024200439453,50.560001373291016,50.599998474121094,49.459999084472656,49.849998474121094,1781100
CAH,2020-08-26,44.077640533447266,50.95000076293945,51.099998474121094,49.939998626708984,50.209999084472656,2038300
CAH,2020-08-27,43.83540725708008,50.66999816894531,51.459999084472656,50.2599983215332,51.189998626708984,1932000
CAH,2020-08-28,43.688323974609375,50.5,50.790000915527344,49.97999954223633,50.599998474121094,1119800
CAH,2020-08-31,43.91325759887695,50.7599983215332,51.22999954223633,50.220001220703125,50.25,2279000
CAH,2020-09-01,42.68479537963867,49.34000015258789,50.7400016784668,48.56999969482422,50.52000045776367,2032400
CAH,2020-09-02,44.112239837646484,50.9900016784668,51.279998779296875,49.33000183105469,49.619998931884766,2355400
CAH,2020-09-03,43.27307891845703,50.02000045776367,51.900001525878906,49.459999084472656,51.349998474121094,3189700
CAH,2020-09-04,43.013545989990234,49.720001220703125,50.209999084472656,49.0,50.16999816894531,2368900
CAH,2020-09-08,42.624244689941406,49.27000045776367,49.93000030517578,48.81999969482422,49.66999816894531,2825900
CAH,2020-09-09,42.85783004760742,49.540000915527344,50.040000915527344,48.959999084472656,49.560001373291016,1560300
CAH,2020-09-10,41.992706298828125,48.540000915527344,49.54999923706055,48.5099983215332,49.310001373291016,2394000
CAH,2020-09-11,41.85428237915039,48.380001068115234,48.84000015258789,47.86000061035156,48.84000015258789,1481000
CAH,2020-09-14,40.70368194580078,47.04999923706055,48.9900016784668,46.93000030517578,48.61000061035156,4552100
CAH,2020-09-15,40.27112579345703,46.54999923706055,47.77000045776367,46.529998779296875,47.439998626708984,2600000
CAH,2020-09-16,40.84211349487305,47.209999084472656,47.70000076293945,46.70000076293945,46.7400016784668,4038200
CAH,2020-09-17,40.91996383666992,47.29999923706055,47.36000061035156,45.88999938964844,46.70000076293945,3926700
CAH,2020-09-18,41.24870681762695,47.68000030517578,48.33000183105469,47.22999954223633,47.29999923706055,4227400
CAH,2020-09-21,40.746925354003906,47.099998474121094,47.36000061035156,46.47999954223633,47.029998779296875,2632400
CAH,2020-09-22,40.7296257019043,47.08000183105469,47.529998779296875,46.83000183105469,47.099998474121094,2423400
CAH,2020-09-23,39.1464729309082,45.25,47.209999084472656,45.2400016784668,47.20000076293945,2526000
CAH,2020-09-24,39.63094711303711,45.810001373291016,46.22999954223633,44.650001525878906,45.5,2880500
CAH,2020-09-25,41.03243637084961,47.43000030517578,47.68000030517578,46.279998779296875,46.70000076293945,2944800
CAH,2020-09-28,41.13624572753906,47.54999923706055,48.540000915527344,47.459999084472656,47.970001220703125,1837200
CAH,2020-09-29,40.56526565551758,46.88999938964844,47.68000030517578,46.7400016784668,47.630001068115234,1545100
CAH,2020-09-30,41.042572021484375,46.95000076293945,47.40999984741211,46.34000015258789,46.59000015258789,3221900
CAH,2020-10-01,40.282047271728516,46.08000183105469,47.20000076293945,45.810001373291016,47.189998626708984,2115000
CAH,2020-10-02,40.47434997558594,46.29999923706055,46.77000045776367,45.290000915527344,45.52000045776367,1747200
CAH,2020-10-05,41.217411041259766,47.150001525878906,47.43000030517578,46.06999969482422,46.5,2820700
CAH,2020-10-06,40.622955322265625,46.470001220703125,47.79999923706055,46.31999969482422,47.59000015258789,1854300
CAH,2020-10-07,41.217411041259766,47.150001525878906,47.43000030517578,46.540000915527344,46.54999923706055,1758700
CAH,2020-10-08,42.554893493652344,48.68000030517578,48.72999954223633,46.79999923706055,47.290000915527344,1774800
CAH,2020-10-09,41.986671447753906,48.029998779296875,48.93000030517578,47.810001373291016,48.91999816894531,2002500
CAH,2020-10-12,42.24019241333008,48.31999969482422,48.5099983215332,47.880001068115234,48.22999954223633,1138300
CAH,2020-10-13,41.8905143737793,47.91999816894531,48.34000015258789,47.68000030517578,47.79999923706055,1256500
CAH,2020-10-14,42.283897399902344,48.369998931884766,48.900001525878906,47.72999954223633,48.0,1240600
CAH,2020-10-15,42.76469421386719,48.91999816894531,48.95000076293945,47.47999954223633,47.7400016784668,1180000
CAH,2020-10-16,42.651058197021484,48.790000915527344,49.349998474121094,48.36000061035156,48.88999938964844,1284400
CAH,2020-10-19,41.87303161621094,47.900001525878906,49.2400016784668,47.79999923706055,48.779998779296875,1791500
CAH,2020-10-20,41.70692825317383,47.709999084472656,48.459999084472656,47.689998626708984,48.22999954223633,1678600
CAH,2020-10-21,41.81183624267578,47.83000183105469,48.2599983215332,47.310001373291016,47.470001220703125,1294400
CAH,2020-10-22,42.633567810058594,48.77000045776367,48.900001525878906,47.900001525878906,47.900001525878906,1396500
CAH,2020-10-23,43.1318473815918,49.34000015258789,49.54999923706055,48.75,49.11000061035156,1290000
CAH,2020-10-26,41.986671447753906,48.029998779296875,49.130001068115234,47.689998626708984,48.880001068115234,1643100
CAH,2020-10-27,41.505882263183594,47.47999954223633,48.38999938964844,47.470001220703125,47.849998474121094,1473200
CAH,2020-10-28,40.17713165283203,45.959999084472656,47.0099983215332,45.880001068115234,46.54999923706055,1698100
CAH,2020-10-29,39.87116241455078,45.61000061035156,46.150001525878906,44.91999816894531,45.83000183105469,1894100
CAH,2020-10-30,40.02852249145508,45.790000915527344,46.2599983215332,45.150001525878906,45.4900016784668,4173800
CAH,2020-11-02,41.54084396362305,47.52000045776367,47.84000015258789,46.2599983215332,46.79999923706055,2496400
CAH,2020-11-03,42.651058197021484,48.790000915527344,49.40999984741211,48.439998626708984,48.529998779296875,2180100
CAH,2020-11-04,43.21927261352539,49.439998626708984,50.84000015258789,49.29999923706055,50.0,2901700
CAH,2020-11-05,46.383785247802734,53.060001373291016,54.279998779296875,51.5,51.5099983215332,4443900
CAH,2020-11-06,46.01662826538086,52.63999938964844,53.54999923706055,52.2400016784668,53.22999954223633,2255600
CAH,2020-11-09,48.43809127807617,55.40999984741211,56.29999923706055,54.029998779296875,55.5,3043300
CAH,2020-11-10,50.15147399902344,57.369998931884766,57.83000183105469,55.209999084472656,55.599998474121094,3553200
CAH,2020-11-11,49.154911041259766,56.22999954223633,57.689998626708984,55.880001068115234,57.540000915527344,1899400
CAH,2020-11-12,48.953861236572266,56.0,56.4900016784668,55.20000076293945,55.63999938964844,1612100
CAH,2020-11-13,50.20393371582031,57.43000030517578,57.59000015258789,55.9900016784668,56.36000061035156,1435100
CAH,2020-11-16,51.11307144165039,58.470001220703125,59.189998626708984,58.02000045776367,58.5,2167200
CAH,2020-11-17,47.79995346069336,54.68000030517578,55.34000015258789,53.20000076293945,55.0,3749700
CAH,2020-11-18,46.61106491088867,53.31999969482422,55.95000076293945,53.189998626708984,55.11000061035156,2497300
CAH,2020-11-19,45.710662841796875,52.290000915527344,52.97999954223633,51.5099983215332,52.97999954223633,2834000
CAH,2020-11-20,45.334754943847656,51.86000061035156,52.54999923706055,51.27000045776367,52.08000183105469,2449100
CAH,2020-11-23,45.710662841796875,52.290000915527344,52.75,51.70000076293945,52.349998474121094,1982500
CAH,2020-11-24,47.17927551269531,53.970001220703125,54.130001068115234,52.400001525878906,52.88999938964844,2287600
CAH,2020-11-25,47.00444412231445,53.77000045776367,54.130001068115234,53.20000076293945,54.029998779296875,1908800
CAH,2020-11-27,47.013187408447266,53.779998779296875,54.25,53.4900016784668,53.59000015258789,788100
CAH,2020-11-30,47.721275329589844,54.59000015258789,54.79999923706055,53.5,53.900001525878906,5380600
CAH,2020-12-01,47.231727600097656,54.029998779296875,55.439998626708984,53.869998931884766,55.400001525878906,2231400
CAH,2020-12-02,48.64789962768555,55.650001525878906,55.86000061035156,53.79999923706055,53.869998931884766,3001500
CAH,2020-12-03,48.4555778503418,55.43000030517578,56.18000030517578,54.900001525878906,55.720001220703125,3345200
CAH,2020-12-04,49.81929397583008,56.9900016784668,56.9900016784668,55.06999969482422,55.720001220703125,2223700
CAH,2020-12-07,48.429344177246094,55.400001525878906,56.630001068115234,55.060001373291016,56.630001068115234,2778200
CAH,2020-12-08,49.364723205566406,56.470001220703125,56.630001068115234,55.13999938964844,55.290000915527344,1487400
CAH,2020-12-09,49.084983825683594,56.150001525878906,56.689998626708984,55.41999816894531,56.459999084472656,1245600
CAH,2020-12-10,48.473060607910156,55.45000076293945,56.04999923706055,55.22999954223633,55.709999084472656,1649700
CAH,2020-12-11,47.45027160644531,54.279998779296875,55.130001068115234,53.93000030517578,55.09000015258789,2268000
CAH,2020-12-14,46.81211853027344,53.54999923706055,55.02000045776367,53.36000061035156,54.90999984741211,1953800
CAH,2020-12-15,48.009742736816406,54.91999816894531,55.220001220703125,54.0,54.04999923706055,1494300
CAH,2020-12-16,47.41530227661133,54.2400016784668,54.86000061035156,54.119998931884766,54.709999084472656,1139100
CAH,2020-12-17,47.397823333740234,54.220001220703125,54.65999984741211,53.65999984741211,54.61000061035156,3102600
CAH,2020-12-18,48.04471206665039,54.959999084472656,55.029998779296875,53.81999969482422,54.18000030517578,2925400
CAH,2020-12-21,47.222991943359375,54.02000045776367,54.439998626708984,53.29999923706055,54.0,1740500
CAH,2020-12-22,46.88206481933594,53.630001068115234,54.41999816894531,53.54999923706055,54.099998474121094,1171800
CAH,2020-12-23,47.08312225341797,53.86000061035156,54.290000915527344,53.63999938964844,53.77000045776367,925200
CAH,2020-12-24,47.03067398071289,53.79999923706055,54.06999969482422,53.310001373291016,53.93000030517578,349600
CAH,2020-12-28,46.90829086303711,53.65999984741211,54.43000030517578,53.310001373291016,54.09000015258789,975300
CAH,2020-12-29,46.7684211730957,53.5,54.09000015258789,53.13999938964844,53.880001068115234,925300
CAH,2020-12-30,46.75967025756836,53.4900016784668,53.84000015258789,53.119998931884766,53.56999969482422,1122200
CAH,2020-12-31,47.25017547607422,53.560001373291016,53.630001068115234,52.63999938964844,52.95000076293945,1251800
CAH,2021-01-04,46.694393157958984,52.93000030517578,54.040000915527344,52.11000061035156,53.880001068115234,2861000
CAH,2021-01-05,46.86200714111328,53.119998931884766,53.650001525878906,51.93000030517578,53.06999969482422,1846300
CAH,2021-01-06,48.573463439941406,55.060001373291016,55.20000076293945,53.22999954223633,53.38999938964844,2775800
CAH,2021-01-07,49.676212310791016,56.310001373291016,56.560001373291016,55.060001373291016,55.209999084472656,3344600
CAH,2021-01-08,49.323333740234375,55.90999984741211,56.9900016784668,55.54999923706055,56.650001525878906,2137500
CAH,2021-01-11,49.1733512878418,55.7400016784668,56.33000183105469,55.470001220703125,55.599998474121094,1271500
CAH,2021-01-12,49.39390182495117,55.9900016784668,56.2400016784668,55.470001220703125,55.900001525878906,1277900
CAH,2021-01-13,48.87340545654297,55.400001525878906,56.2400016784668,55.38999938964844,55.90999984741211,994000
CAH,2021-01-14,48.864585876464844,55.38999938964844,55.90999984741211,54.7599983215332,55.34000015258789,1681300
CAH,2021-01-15,48.908695220947266,55.439998626708984,55.58000183105469,54.20000076293945,55.33000183105469,1257700
CAH,2021-01-19,48.35291290283203,54.810001373291016,55.72999954223633,54.540000915527344,55.630001068115234,1674900
CAH,2021-01-20,48.158836364746094,54.59000015258789,55.029998779296875,54.189998626708984,54.81999969482422,1605900
CAH,2021-01-21,48.5822868347168,55.06999969482422,55.310001373291016,53.150001525878906,54.45000076293945,1995100
CAH,2021-01-22,48.864585876464844,55.38999938964844,55.72999954223633,54.70000076293945,54.880001068115234,1326200
CAH,2021-01-25,48.547000885009766,55.029998779296875,55.29999923706055,54.380001068115234,54.939998626708984,1429800
CAH,2021-01-26,48.9439811706543,55.47999954223633,55.849998474121094,54.939998626708984,55.150001525878906,893600
CAH,2021-01-27,48.7763671875,55.290000915527344,55.619998931884766,54.709999084472656,54.97999954223633,2733800
CAH,2021-01-28,49.023380279541016,55.56999969482422,56.31999969482422,55.25,55.45000076293945,1856000
CAH,2021-01-29,47.40015411376953,53.72999954223633,55.810001373291016,53.220001220703125,55.630001068115234,2622100
CAH,2021-02-01,48.06180191040039,54.47999954223633,54.880001068115234,53.81999969482422,53.93000030517578,1593100
CAH,2021-02-02,48.114723205566406,54.540000915527344,56.27000045776367,54.470001220703125,55.79999923706055,1571600
CAH,2021-02-03,47.99121856689453,54.400001525878906,54.56999969482422,53.709999084472656,54.189998626708984,1312400
CAH,2021-02-04,49.38507843017578,55.97999954223633,56.470001220703125,54.36000061035156,54.709999084472656,2823600
CAH,2021-02-05,47.867706298828125,54.2599983215332,55.75,53.0099983215332,55.20000076293945,3019000
CAH,2021-02-08,46.6767578125,52.90999984741211,54.5,51.810001373291016,54.349998474121094,4018600
CAH,2021-02-09,46.7120361328125,52.95000076293945,53.47999954223633,52.2400016784668,53.150001525878906,2216900
CAH,2021-02-10,46.80908203125,53.060001373291016,53.5099983215332,52.83000183105469,53.20000076293945,1797800
CAH,2021-02-11,46.235652923583984,52.40999984741211,53.18000030517578,51.849998474121094,53.119998931884766,1754500
CAH,2021-02-12,45.75043869018555,51.86000061035156,52.40999984741211,51.540000915527344,52.0,1983500
CAH,2021-02-16,45.65341567993164,51.75,52.189998626708984,51.459999084472656,52.130001068115234,2043100
CAH,2021-02-17,45.62694549560547,51.720001220703125,52.11000061035156,50.779998779296875,51.5,2137900
CAH,2021-02-18,45.318180084228516,51.369998931884766,51.66999816894531,51.099998474121094,51.5,2042200
CAH,2021-02-19,45.87396240234375,52.0,52.130001068115234,51.27000045776367,51.34000015258789,2368100
CAH,2021-02-22,45.988651275634766,52.130001068115234,52.34000015258789,51.529998779296875,52.02000045776367,1741000
CAH,2021-02-23,45.85630798339844,51.97999954223633,52.599998474121094,51.5099983215332,52.34000015258789,2201600
CAH,2021-02-24,46.35916519165039,52.54999923706055,53.15999984741211,51.95000076293945,52.04999923706055,2366700
CAH,2021-02-25,45.997467041015625,52.13999938964844,53.439998626708984,51.880001068115234,52.72999954223633,2040300
CAH,2021-02-26,45.450504302978516,51.52000045776367,52.220001220703125,51.380001068115234,52.150001525878906,2850400
CAH,2021-03-01,46.53560256958008,52.75,53.040000915527344,51.83000183105469,51.939998626708984,1887000
CAH,2021-03-02,46.72969055175781,52.970001220703125,53.34000015258789,52.7599983215332,53.060001373291016,1984100
CAH,2021-03-03,46.9766960144043,53.25,53.47999954223633,52.47999954223633,52.779998779296875,2180000
CAH,2021-03-04,46.05039596557617,52.20000076293945,53.349998474121094,51.630001068115234,53.02000045776367,2486800
CAH,2021-03-05,47.188419342041016,53.4900016784668,53.68000030517578,51.93000030517578,52.5,2485400
CAH,2021-03-08,48.25587463378906,54.70000076293945,55.16999816894531,53.619998931884766,54.060001373291016,1744300
CAH,2021-03-09,47.91181564331055,54.310001373291016,55.540000915527344,54.29999923706055,54.7599983215332,1839600
CAH,2021-03-10,49.55269241333008,56.16999816894531,56.41999816894531,54.13999938964844,54.779998779296875,1840600
CAH,2021-03-11,49.15570831298828,55.720001220703125,56.58000183105469,55.380001068115234,56.16999816894531,2276100
CAH,2021-03-12,50.59368133544922,57.349998474121094,57.68000030517578,55.90999984741211,56.16999816894531,2233200
CAH,2021-03-15,51.167110443115234,58.0,58.08000183105469,57.119998931884766,57.2599983215332,1523100
CAH,2021-03-16,50.523101806640625,57.27000045776367,58.08000183105469,57.27000045776367,57.849998474121094,1516900
CAH,2021-03-17,51.11417770385742,57.939998626708984,58.400001525878906,57.40999984741211,57.630001068115234,1797600
CAH,2021-03-18,51.414119720458984,58.279998779296875,58.88999938964844,57.810001373291016,57.810001373291016,1606500
CAH,2021-03-19,51.76699447631836,58.68000030517578,59.38999938964844,58.0099983215332,58.09000015258789,3672100
CAH,2021-03-22,52.17280578613281,59.13999938964844,59.220001220703125,58.130001068115234,58.5099983215332,2037000
CAH,2021-03-23,50.90244674682617,57.70000076293945,59.189998626708984,57.54999923706055,59.02000045776367,1900500
CAH,2021-03-24,52.146339416503906,59.11000061035156,60.150001525878906,57.72999954223633,57.810001373291016,2048900
CAH,2021-03-25,53.275543212890625,60.38999938964844,60.65999984741211,58.61000061035156,59.31999969482422,1816500
CAH,2021-03-26,54.572364807128906,61.86000061035156,61.900001525878906,60.849998474121094,61.0,1926200
CAH,2021-03-29,55.101680755615234,62.459999084472656,62.7599983215332,61.54999923706055,61.709999084472656,1989300
CAH,2021-03-30,54.9428825378418,62.279998779296875,62.959999084472656,61.95000076293945,62.5099983215332,1550200
CAH,2021-03-31,54.01463317871094,60.75,62.06999969482422,60.72999954223633,61.79999923706055,2311800
CAH,2021-04-01,54.130218505859375,60.880001068115234,60.93000030517578,59.40999984741211,60.58000183105469,1610400
CAH,2021-04-05,53.827919006347656,60.540000915527344,61.209999084472656,60.06999969482422,61.04999923706055,1871400
CAH,2021-04-06,53.561180114746094,60.2400016784668,61.08000183105469,60.16999816894531,60.790000915527344,1410500
CAH,2021-04-07,53.97017288208008,60.70000076293945,60.779998779296875,60.13999938964844,60.36000061035156,1288100
CAH,2021-04-08,52.68094253540039,59.25,60.59000015258789,58.81999969482422,60.290000915527344,1708900
CAH,2021-04-09,53.39225387573242,60.04999923706055,60.04999923706055,59.34000015258789,59.43000030517578,1284200
CAH,2021-04-12,54.11244583129883,60.86000061035156,61.15999984741211,60.04999923706055,60.04999923706055,1645300
CAH,2021-04-13,53.472259521484375,60.13999938964844,60.72999954223633,59.380001068115234,60.72999954223633,1824500
CAH,2021-04-14,54.076873779296875,60.81999969482422,61.119998931884766,59.959999084472656,59.970001220703125,1343200
CAH,2021-04-15,54.121337890625,60.869998931884766,61.09000015258789,60.40999984741211,60.54999923706055,1776900
CAH,2021-04-16,54.51255798339844,61.310001373291016,61.459999084472656,60.43000030517578,61.04999923706055,1660300
CAH,2021-04-19,54.44142150878906,61.22999954223633,61.77000045776367,60.88999938964844,61.58000183105469,1480500
CAH,2021-04-20,54.281368255615234,61.04999923706055,61.29999923706055,60.40999984741211,60.5,1198000
CAH,2021-04-21,54.868194580078125,61.709999084472656,62.11000061035156,61.33000183105469,61.529998779296875,1413900
CAH,2021-04-22,53.96128845214844,60.689998626708984,61.95000076293945,60.599998474121094,61.720001220703125,1867800
CAH,2021-04-23,54.60145950317383,61.40999984741211,61.56999969482422,60.189998626708984,60.70000076293945,1350900
CAH,2021-04-26,53.774574279785156,60.47999954223633,61.56999969482422,60.290000915527344,61.56999969482422,1527600
CAH,2021-04-27,53.13439178466797,59.7599983215332,60.2599983215332,59.41999816894531,60.2599983215332,1742400
CAH,2021-04-28,53.418922424316406,60.08000183105469,60.790000915527344,59.560001373291016,59.59000015258789,1418800
CAH,2021-04-29,53.93461227416992,60.65999984741211,60.72999954223633,60.290000915527344,60.29999923706055,1279700
CAH,2021-04-30,53.650089263916016,60.34000015258789,60.90999984741211,60.119998931884766,60.880001068115234,2070900
CAH,2021-05-03,54.7259407043457,61.54999923706055,61.86000061035156,60.54999923706055,60.900001525878906,2192300
CAH,2021-05-04,55.14383316040039,62.02000045776367,62.040000915527344,61.27000045776367,61.599998474121094,1909900
CAH,2021-05-05,54.08576583862305,60.83000183105469,61.40999984741211,59.45000076293945,61.400001525878906,2991400
CAH,2021-05-06,50.271392822265625,56.540000915527344,56.650001525878906,54.130001068115234,55.689998626708984,7120500
CAH,2021-05-07,51.7117919921875,58.15999984741211,58.72999954223633,56.54999923706055,56.54999923706055,3158300
CAH,2021-05-10,51.86293411254883,58.33000183105469,59.52000045776367,56.86000061035156,56.86000061035156,3285000
CAH,2021-05-11,49.942413330078125,56.16999816894531,58.189998626708984,55.95000076293945,58.0,2441300
CAH,2021-05-12,49.62232971191406,55.810001373291016,56.81999969482422,55.54999923706055,56.369998931884766,2666700
CAH,2021-05-13,49.88017654418945,56.099998474121094,56.59000015258789,55.599998474121094,55.79999923706055,2565900
CAH,2021-05-14,50.093570709228516,56.34000015258789,56.439998626708984,55.90999984741211,56.25,2137100
CAH,2021-05-17,50.191375732421875,56.45000076293945,56.810001373291016,55.77000045776367,56.18000030517578,1964200
CAH,2021-05-18,50.03133010864258,56.27000045776367,56.54999923706055,55.650001525878906,56.27000045776367,1782200
CAH,2021-05-19,49.7379264831543,55.939998626708984,56.459999084472656,55.2400016784668,55.95000076293945,3432500
CAH,2021-05-20,50.724849700927734,57.04999923706055,57.45000076293945,55.7599983215332,55.97999954223633,2246700
CAH,2021-05-21,50.98270034790039,57.34000015258789,58.279998779296875,57.189998626708984,57.36000061035156,1697900
CAH,2021-05-24,50.351417541503906,56.630001068115234,57.63999938964844,56.619998931884766,57.63999938964844,1260500
CAH,2021-05-25,49.453399658203125,55.619998931884766,56.68000030517578,55.529998779296875,56.40999984741211,2077000
CAH,2021-05-26,49.86240005493164,56.08000183105469,56.22999954223633,54.77000045776367,55.58000183105469,2531200
CAH,2021-05-27,49.85349655151367,56.06999969482422,56.63999938964844,55.959999084472656,56.40999984741211,3727200
CAH,2021-05-28,49.85349655151367,56.06999969482422,56.38999938964844,55.90999984741211,56.349998474121094,1612900
CAH,2021-06-01,49.40005111694336,55.560001373291016,56.2599983215332,55.279998779296875,56.099998474121094,1808700
CAH,2021-06-02,49.960201263427734,56.189998626708984,56.459999084472656,55.439998626708984,55.93000030517578,2220400
CAH,2021-06-03,50.10245895385742,56.349998474121094,56.619998931884766,55.88999938964844,55.88999938964844,1373300
CAH,2021-06-04,50.2891845703125,56.560001373291016,56.63999938964844,56.220001220703125,56.58000183105469,1789700
CAH,2021-06-07,52.36974334716797,58.900001525878906,59.09000015258789,56.7400016784668,56.869998931884766,3846000
CAH,2021-06-08,52.31638717651367,58.84000015258789,59.4900016784668,58.13999938964844,58.95000076293945,3566700
CAH,2021-06-09,52.06743621826172,58.560001373291016,59.369998931884766,58.5099983215332,59.04999923706055,1735500
CAH,2021-06-10,53.35667419433594,60.0099983215332,60.15999984741211,58.540000915527344,58.849998474121094,2860200
CAH,2021-06-11,52.734291076660156,59.310001373291016,60.380001068115234,59.119998931884766,60.31999969482422,3762500
CAH,2021-06-14,51.86293411254883,58.33000183105469,59.33000183105469,57.72999954223633,59.09000015258789,2781200
CAH,2021-06-15,51.80959701538086,58.27000045776367,58.630001068115234,57.95000076293945,58.380001068115234,1812300
CAH,2021-06-16,51.124961853027344,57.5,58.560001373291016,57.33000183105469,58.2599983215332,2118600
CAH,2021-06-17,51.02716064453125,57.38999938964844,57.83000183105469,56.310001373291016,57.83000183105469,2345900
CAH,2021-06-18,49.835723876953125,56.04999923706055,57.0099983215332,55.939998626708984,56.7599983215332,4153000
CAH,2021-06-21,50.39588165283203,56.68000030517578,56.90999984741211,56.13999938964844,56.29999923706055,2025800
CAH,2021-06-22,50.40477752685547,56.689998626708984,56.84000015258789,56.029998779296875,56.650001525878906,2349400
CAH,2021-06-23,50.04022216796875,56.279998779296875,56.83000183105469,55.630001068115234,56.81999969482422,2425300
CAH,2021-06-24,49.960201263427734,56.189998626708984,56.5099983215332,55.90999984741211,56.380001068115234,1421800
CAH,2021-06-25,50.92935562133789,57.279998779296875,57.599998474121094,55.90999984741211,56.209999084472656,5591700
CAH,2021-06-28,50.90267562866211,57.25,57.5099983215332,56.70000076293945,57.279998779296875,1705500
CAH,2021-06-29,51.03605270385742,57.400001525878906,58.150001525878906,57.2599983215332,57.459999084472656,2040500
CAH,2021-06-30,51.1983642578125,57.09000015258789,57.209999084472656,56.56999969482422,57.0,2120300
CAH,2021-07-01,51.96065139770508,57.939998626708984,58.400001525878906,57.13999938964844,57.13999938964844,1628500
CAH,2021-07-02,51.90684127807617,57.880001068115234,58.0099983215332,57.189998626708984,57.81999969482422,1436700
CAH,2021-07-06,51.072818756103516,56.95000076293945,57.689998626708984,56.25,57.630001068115234,2097700
CAH,2021-07-07,51.13560485839844,57.02000045776367,57.43000030517578,56.65999984741211,56.900001525878906,1859700
CAH,2021-07-08,50.77687072753906,56.619998931884766,56.869998931884766,55.939998626708984,56.56999969482422,2203200
CAH,2021-07-09,51.279083251953125,57.18000030517578,57.4900016784668,56.939998626708984,57.130001068115234,1299700
CAH,2021-07-12,51.512245178222656,57.439998626708984,57.70000076293945,56.7400016784668,56.939998626708984,1296100
CAH,2021-07-13,51.20733642578125,57.099998474121094,57.689998626708984,56.86000061035156,57.349998474121094,1347400
CAH,2021-07-14,51.18043518066406,57.06999969482422,57.36000061035156,56.7400016784668,57.13999938964844,1189400
CAH,2021-07-15,50.91139221191406,56.77000045776367,57.16999816894531,56.709999084472656,56.709999084472656,975000
CAH,2021-07-16,50.95622634887695,56.81999969482422,57.290000915527344,56.439998626708984,56.779998779296875,1332700
CAH,2021-07-19,50.23878860473633,56.02000045776367,56.75,55.5,56.400001525878906,1718300
CAH,2021-07-20,51.7364501953125,57.689998626708984,59.869998931884766,57.41999816894531,57.880001068115234,4505900
CAH,2021-07-21,52.55253601074219,58.599998474121094,58.619998931884766,57.65999984741211,57.93000030517578,4156900
CAH,2021-07-22,52.93815612792969,59.029998779296875,59.13999938964844,58.119998931884766,58.45000076293945,2037400
CAH,2021-07-23,53.09061813354492,59.20000076293945,59.709999084472656,59.08000183105469,59.45000076293945,1466100
CAH,2021-07-26,52.8933219909668,58.97999954223633,59.939998626708984,58.75,59.22999954223633,1556100
CAH,2021-07-27,53.28791809082031,59.41999816894531,59.779998779296875,58.38999938964844,58.79999923706055,1498600
CAH,2021-07-28,53.494171142578125,59.650001525878906,59.959999084472656,59.060001373291016,59.36000061035156,1614300
CAH,2021-07-29,53.7990837097168,59.9900016784668,60.2400016784668,59.7400016784668,60.0,1185400
CAH,2021-07-30,53.252044677734375,59.380001068115234,60.380001068115234,59.150001525878906,59.9900016784668,4612000
CAH,2021-08-02,53.42243194580078,59.56999969482422,59.93000030517578,59.09000015258789,59.43000030517578,2136400
CAH,2021-08-03,53.47624588012695,59.630001068115234,59.790000915527344,58.650001525878906,59.5099983215332,3234400
CAH,2021-08-04,52.8933219909668,58.97999954223633,59.93000030517578,58.90999984741211,59.16999816894531,2574900
CAH,2021-08-05,45.35123062133789,50.56999969482422,55.20000076293945,50.52000045776367,54.90999984741211,9623800
CAH,2021-08-06,45.72788619995117,50.9900016784668,51.619998931884766,50.18000030517578,50.459999084472656,4583100
CAH,2021-08-09,45.467811584472656,50.70000076293945,52.209999084472656,50.38999938964844,50.97999954223633,3165600
CAH,2021-08-10,45.74582290649414,51.0099983215332,51.060001373291016,49.369998931884766,50.45000076293945,4340300
CAH,2021-08-11,46.35564041137695,51.689998626708984,52.040000915527344,50.880001068115234,51.20000076293945,3448900
CAH,2021-08-12,46.70539474487305,52.08000183105469,52.09000015258789,50.9900016784668,51.599998474121094,1807500
CAH,2021-08-13,46.36461639404297,51.70000076293945,52.290000915527344,51.63999938964844,52.08000183105469,1835600
CAH,2021-08-16,47.0192756652832,52.43000030517578,52.54999923706055,51.41999816894531,51.70000076293945,2395800
CAH,2021-08-17,47.180694580078125,52.61000061035156,52.66999816894531,51.70000076293945,52.29999923706055,1701700
CAH,2021-08-18,46.212154388427734,51.529998779296875,52.54999923706055,51.52000045776367,52.54999923706055,1796000
CAH,2021-08-19,46.02383041381836,51.31999969482422,52.040000915527344,50.9900016784668,51.310001373291016,2251200
CAH,2021-08-20,46.08659744262695,51.38999938964844,51.880001068115234,50.849998474121094,51.09000015258789,2980400
CAH,2021-08-23,46.79507827758789,52.18000030517578,52.38999938964844,51.4900016784668,51.619998931884766,2216200
CAH,2021-08-24,46.42739486694336,51.77000045776367,52.209999084472656,51.4900016784668,52.189998626708984,2122900
CAH,2021-08-25,46.42739486694336,51.77000045776367,52.04999923706055,51.0,51.7599983215332,1899300
CAH,2021-08-26,46.005889892578125,51.29999923706055,51.7400016784668,50.91999816894531,51.59000015258789,2169600
CAH,2021-08-27,46.400474548339844,51.7400016784668,52.08000183105469,51.29999923706055,51.470001220703125,1786600
CAH,2021-08-30,46.1942138671875,51.5099983215332,51.959999084472656,51.5,51.75,1725700
CAH,2021-08-31,47.073081970214844,52.4900016784668,52.560001373291016,51.34000015258789,51.380001068115234,2920300
CAH,2021-09-01,46.99237060546875,52.400001525878906,52.470001220703125,51.52000045776367,52.400001525878906,2801300
CAH,2021-09-02,48.0416259765625,53.56999969482422,53.689998626708984,52.400001525878906,52.400001525878906,2025800
CAH,2021-09-03,48.10440444946289,53.63999938964844,53.86000061035156,53.369998931884766,53.560001373291016,1629600
CAH,2021-09-07,48.1761474609375,53.720001220703125,53.959999084472656,53.13999938964844,53.599998474121094,2133000
CAH,2021-09-08,47.969879150390625,53.4900016784668,53.880001068115234,53.209999084472656,53.54999923706055,1663200
CAH,2021-09-09,47.790523529052734,53.290000915527344,53.72999954223633,53.130001068115234,53.470001220703125,1626400
CAH,2021-09-10,47.369022369384766,52.81999969482422,53.529998779296875,52.540000915527344,53.400001525878906,2330700
CAH,2021-09-13,47.48561096191406,52.95000076293945,53.5,52.779998779296875,53.0,2460200
CAH,2021-09-14,46.750244140625,52.130001068115234,53.349998474121094,52.040000915527344,53.06999969482422,3163600
CAH,2021-09-15,47.54838943481445,53.02000045776367,53.099998474121094,51.689998626708984,52.0099983215332,2591600
CAH,2021-09-16,47.28831481933594,52.72999954223633,53.38999938964844,52.43000030517578,53.130001068115234,2703700
CAH,2021-09-17,47.144832611083984,52.56999969482422,53.470001220703125,52.349998474121094,52.59000015258789,7119400
CAH,2021-09-20,46.23009490966797,51.54999923706055,52.31999969482422,51.0099983215332,52.0,3503400
CAH,2021-09-21,45.772727966308594,51.040000915527344,52.189998626708984,50.849998474121094,51.849998474121094,2935300
CAH,2021-09-22,45.74582290649414,51.0099983215332,51.72999954223633,50.9900016784668,51.41999816894531,2271800
CAH,2021-09-23,46.059696197509766,51.36000061035156,51.95000076293945,51.04999923706055,51.130001068115234,1964300
CAH,2021-09-24,45.9072380065918,51.189998626708984,51.81999969482422,51.15999984741211,51.369998931884766,2031300
CAH,2021-09-27,46.18525314331055,51.5,51.88999938964844,51.209999084472656,51.209999084472656,3299600
CAH,2021-09-28,45.88930130004883,51.16999816894531,51.84000015258789,50.959999084472656,51.5,5819400
CAH,2021-09-29,46.26597213745117,51.59000015258789,51.790000915527344,51.11000061035156,51.439998626708984,6371400
CAH,2021-09-30,44.781982421875,49.459999084472656,51.619998931884766,49.439998626708984,51.5,6558400
CAH,2021-10-01,45.27995681762695,50.0099983215332,50.18000030517578,48.84000015258789,49.68000030517578,7010300
CAH,2021-10-04,44.845359802246094,49.529998779296875,50.790000915527344,49.189998626708984,49.810001373291016,7179600
CAH,2021-10-05,44.52846908569336,49.18000030517578,49.93000030517578,48.90999984741211,49.56999969482422,4246800
CAH,2021-10-06,44.057647705078125,48.65999984741211,49.02000045776367,47.75,48.86000061035156,4004200
CAH,2021-10-07,44.3654899597168,49.0,49.7599983215332,48.849998474121094,48.880001068115234,2773800
CAH,2021-10-08,44.10292053222656,48.709999084472656,49.31999969482422,48.68000030517578,48.959999084472656,2257900
CAH,2021-10-11,44.111976623535156,48.720001220703125,49.25,48.599998474121094,48.61000061035156,2738400
CAH,2021-10-12,43.514400482177734,48.060001373291016,48.84000015258789,47.9900016784668,48.7599983215332,3006100
CAH,2021-10-13,43.22466278076172,47.7400016784668,48.150001525878906,47.20000076293945,47.939998626708984,3613200
CAH,2021-10-14,44.030487060546875,48.630001068115234,48.689998626708984,48.0,48.380001068115234,3027300
CAH,2021-10-15,43.94899368286133,48.540000915527344,49.2599983215332,48.529998779296875,48.869998931884766,2014200
CAH,2021-10-18,43.12507629394531,47.630001068115234,48.279998779296875,47.33000183105469,48.279998779296875,2818200
CAH,2021-10-19,44.030487060546875,48.630001068115234,48.7599983215332,47.86000061035156,47.93000030517578,3783100
CAH,2021-10-20,44.60090255737305,49.2599983215332,49.560001373291016,48.720001220703125,48.72999954223633,5149900
CAH,2021-10-21,44.41981506347656,49.060001373291016,49.41999816894531,48.529998779296875,49.279998779296875,3644400
CAH,2021-10-22,44.88157653808594,49.56999969482422,49.599998474121094,49.0099983215332,49.11000061035156,2198200
CAH,2021-10-25,44.121028900146484,48.72999954223633,49.72999954223633,48.68000030517578,49.72999954223633,2409800
CAH,2021-10-26,44.093875885009766,48.70000076293945,49.0,48.279998779296875,48.97999954223633,2417100
CAH,2021-10-27,42.953041076660156,47.439998626708984,48.93000030517578,47.40999984741211,48.93000030517578,3435000
CAH,2021-10-28,43.20655822753906,47.720001220703125,48.029998779296875,47.150001525878906,47.58000183105469,4778600
CAH,2021-10-29,43.288047790527344,47.810001373291016,48.09000015258789,47.47999954223633,47.5,8410500
CAH,2021-11-01,44.02143096923828,48.619998931884766,48.75,47.529998779296875,47.709999084472656,4073700
CAH,2021-11-02,44.265899658203125,48.88999938964844,49.90999984741211,48.40999984741211,49.29999923706055,4505000
CAH,2021-11-03,45.63308334350586,50.400001525878906,50.529998779296875,48.709999084472656,48.88999938964844,4167700
CAH,2021-11-04,44.51036071777344,49.15999984741211,50.349998474121094,48.90999984741211,50.290000915527344,2798900
CAH,2021-11-05,44.85441970825195,49.540000915527344,50.25,49.20000076293945,49.459999084472656,2707100
CAH,2021-11-08,44.9359130859375,49.630001068115234,50.150001525878906,49.540000915527344,49.540000915527344,3651900
CAH,2021-11-09,44.65522384643555,49.31999969482422,50.54999923706055,48.709999084472656,50.470001220703125,3696600
CAH,2021-11-10,45.54253005981445,50.29999923706055,50.400001525878906,49.22999954223633,49.22999954223633,3367800
CAH,2021-11-11,45.16226577758789,49.880001068115234,50.31999969482422,49.5099983215332,50.11000061035156,3614900
CAH,2021-11-12,46.5747184753418,51.439998626708984,51.47999954223633,50.209999084472656,50.349998474121094,3776400
CAH,2021-11-15,45.687400817871094,50.459999084472656,51.47999954223633,50.349998474121094,51.40999984741211,2539900
CAH,2021-11-16,45.307125091552734,50.040000915527344,50.81999969482422,50.02000045776367,50.5,2274400
CAH,2021-11-17,45.026451110839844,49.72999954223633,50.2400016784668,49.720001220703125,49.9900016784668,2000900
CAH,2021-11-18,44.664276123046875,49.33000183105469,49.77000045776367,49.08000183105469,49.77000045776367,2254800
CAH,2021-11-19,43.858455657958984,48.439998626708984,49.90999984741211,48.43000030517578,49.349998474121094,3982500
CAH,2021-11-22,43.722652435302734,48.290000915527344,48.939998626708984,47.7599983215332,48.40999984741211,3304700
CAH,2021-11-23,44.49225997924805,49.13999938964844,49.33000183105469,48.16999816894531,48.220001220703125,3642400
CAH,2021-11-24,44.16630172729492,48.779998779296875,49.70000076293945,48.619998931884766,49.13999938964844,2478700
CAH,2021-11-26,43.09791564941406,47.599998474121094,48.25,47.13999938964844,48.20000076293945,2473600
CAH,2021-11-29,42.98020553588867,47.470001220703125,48.25,47.279998779296875,47.7599983215332,3151900
CAH,2021-11-30,41.85748291015625,46.22999954223633,47.56999969482422,46.20000076293945,47.099998474121094,7108300
CAH,2021-12-01,41.53153991699219,45.869998931884766,47.11000061035156,45.849998474121094,46.90999984741211,3842800
CAH,2021-12-02,42.38262939453125,46.810001373291016,47.25,46.279998779296875,46.369998931884766,3424400
CAH,2021-12-03,42.572757720947266,47.02000045776367,47.709999084472656,46.790000915527344,46.9900016784668,2664900
CAH,2021-12-06,43.188446044921875,47.70000076293945,48.36000061035156,47.5099983215332,47.709999084472656,3106000
CAH,2021-12-07,43.55062484741211,48.099998474121094,48.400001525878906,47.540000915527344,47.79999923706055,3773600
CAH,2021-12-08,43.686431884765625,48.25,48.709999084472656,47.970001220703125,48.290000915527344,3112600
CAH,2021-12-09,43.894676208496094,48.47999954223633,48.84000015258789,48.08000183105469,48.2599983215332,2103100
CAH,2021-12-10,43.90373229980469,48.4900016784668,48.83000183105469,48.02000045776367,48.709999084472656,2087800
CAH,2021-12-13,43.858455657958984,48.439998626708984,48.790000915527344,48.0099983215332,48.34000015258789,2404600
CAH,2021-12-14,44.302120208740234,48.93000030517578,49.470001220703125,48.34000015258789,48.369998931884766,3750500
CAH,2021-12-15,44.555625915527344,49.209999084472656,49.400001525878906,48.75,49.06999969482422,2891400
CAH,2021-12-16,44.76388168334961,49.439998626708984,50.06999969482422,49.279998779296875,49.310001373291016,2870100
CAH,2021-12-17,44.95402145385742,49.650001525878906,49.88999938964844,48.91999816894531,49.59000015258789,6852700
CAH,2021-12-20,44.48320007324219,49.130001068115234,49.470001220703125,48.40999984741211,49.40999984741211,4162900
CAH,2021-12-21,45.01739501953125,49.720001220703125,50.2599983215332,49.47999954223633,49.5,3221700
CAH,2021-12-22,45.43389129638672,50.18000030517578,50.25,49.290000915527344,49.79999923706055,2545600
CAH,2021-12-23,45.949974060058594,50.75,51.22999954223633,50.209999084472656,50.380001068115234,2051000
CAH,2021-12-27,46.50227737426758,51.36000061035156,51.40999984741211,50.709999084472656,50.79999923706055,1419500
CAH,2021-12-28,46.82823944091797,51.720001220703125,51.880001068115234,51.220001220703125,51.220001220703125,1405600
CAH,2021-12-29,47.127017974853516,52.04999923706055,52.220001220703125,51.66999816894531,51.66999816894531,1430700
CAH,2021-12-30,47.23566818237305,52.16999816894531,52.47999954223633,52.099998474121094,52.34000015258789,1639900
CAH,2021-12-31,47.06291580200195,51.4900016784668,52.0099983215332,51.4900016784668,51.779998779296875,1727200
CAH,2022-01-03,47.5382080078125,52.0099983215332,52.040000915527344,51.22999954223633,51.52000045776367,2378800
CAH,2022-01-04,48.077484130859375,52.599998474121094,52.869998931884766,52.029998779296875,52.040000915527344,3477400
CAH,2022-01-05,48.73557662963867,53.31999969482422,54.45000076293945,52.619998931884766,52.619998931884766,5112400
CAH,2022-01-06,47.995216369628906,52.5099983215332,53.790000915527344,52.43000030517578,53.65999984741211,2894900
CAH,2022-01-07,49.57646942138672,54.2400016784668,54.38999938964844,52.56999969482422,52.619998931884766,3665500
CAH,2022-01-10,46.64247512817383,51.029998779296875,51.27000045776367,48.41999816894531,50.880001068115234,8772300
CAH,2022-01-11,48.17802429199219,52.709999084472656,52.77000045776367,50.2400016784668,50.95000076293945,4485400
CAH,2022-01-12,47.2365837097168,51.68000030517578,52.58000183105469,51.15999984741211,52.58000183105469,4126600
CAH,2022-01-13,47.748435974121094,52.2400016784668,52.45000076293945,51.45000076293945,51.63999938964844,2977300
CAH,2022-01-14,48.525352478027344,53.09000015258789,53.11000061035156,51.869998931884766,52.189998626708984,2343600
CAH,2022-01-18,48.06834030151367,52.59000015258789,53.310001373291016,52.33000183105469,53.11000061035156,2751300
CAH,2022-01-19,47.59304428100586,52.06999969482422,52.90999984741211,52.02000045776367,52.38999938964844,1977800
CAH,2022-01-20,47.172603607177734,51.61000061035156,52.77000045776367,51.58000183105469,52.09000015258789,2525300
CAH,2022-01-21,46.21287536621094,50.560001373291016,51.7599983215332,50.369998931884766,51.439998626708984,3230200
CAH,2022-01-24,46.44139099121094,50.810001373291016,50.95000076293945,49.09000015258789,50.0099983215332,3532200
CAH,2022-01-25,46.38654327392578,50.75,51.029998779296875,49.470001220703125,50.5,2249200
CAH,2022-01-26,46.43224334716797,50.79999923706055,51.68000030517578,50.4900016784668,50.84000015258789,2671400
CAH,2022-01-27,47.81241226196289,52.310001373291016,52.36000061035156,51.189998626708984,51.20000076293945,3317800
CAH,2022-01-28,48.10490036010742,52.630001068115234,52.65999984741211,51.439998626708984,52.279998779296875,2241500
CAH,2022-01-31,47.13603591918945,51.56999969482422,52.029998779296875,50.790000915527344,52.029998779296875,4975700
CAH,2022-02-01,46.91667175292969,51.33000183105469,51.63999938964844,50.869998931884766,51.40999984741211,4598400
CAH,2022-02-02,47.1634635925293,51.599998474121094,51.970001220703125,50.9900016784668,51.11000061035156,3880000
CAH,2022-02-03,47.008079528808594,51.43000030517578,52.7400016784668,51.11000061035156,51.58000183105469,3115600
CAH,2022-02-04,47.49250030517578,51.959999084472656,52.25,50.810001373291016,50.9900016784668,2935500
CAH,2022-02-07,48.10490036010742,52.630001068115234,53.040000915527344,51.29999923706055,52.16999816894531,2660900
CAH,2022-02-08,49.494205474853516,54.150001525878906,54.290000915527344,52.65999984741211,52.849998474121094,3370400
CAH,2022-02-09,49.329681396484375,53.970001220703125,54.25,53.75,54.220001220703125,1868500
CAH,2022-02-10,48.26941680908203,52.810001373291016,53.91999816894531,52.58000183105469,53.650001525878906,2334300
CAH,2022-02-11,48.03177261352539,52.54999923706055,53.0,52.349998474121094,52.66999816894531,2884200
CAH,2022-02-14,47.79413604736328,52.290000915527344,52.619998931884766,51.41999816894531,52.54999923706055,2497800
CAH,2022-02-15,48.92750930786133,53.529998779296875,53.779998779296875,52.70000076293945,52.810001373291016,2037600
CAH,2022-02-16,49.85068130493164,54.540000915527344,54.65999984741211,53.18000030517578,53.2400016784668,3045000
CAH,2022-02-17,49.823265075683594,54.5099983215332,54.9900016784668,54.060001373291016,54.25,3240000
CAH,2022-02-18,49.521636962890625,54.18000030517578,55.5099983215332,54.06999969482422,54.5,2610400
CAH,2022-02-22,49.28398895263672,53.91999816894531,54.529998779296875,53.630001068115234,54.40999984741211,2223900
CAH,2022-02-23,48.854400634765625,53.45000076293945,54.33000183105469,53.349998474121094,54.25,2325500
CAH,2022-02-24,47.96779251098633,52.47999954223633,52.709999084472656,51.31999969482422,52.709999084472656,2743400
CAH,2022-02-25,49.539913177490234,54.20000076293945,54.380001068115234,52.849998474121094,52.97999954223633,2512900
CAH,2022-02-28,49.36624526977539,54.0099983215332,54.16999816894531,52.900001525878906,53.310001373291016,3847200
CAH,2022-03-01,48.28770446777344,52.83000183105469,54.0,52.25,54.0,2702000
CAH,2022-03-02,48.8635368347168,53.459999084472656,53.689998626708984,52.84000015258789,53.08000183105469,2018700
CAH,2022-03-03,49.18344497680664,53.810001373291016,54.08000183105469,53.189998626708984,53.529998779296875,2240600
CAH,2022-03-04,49.35710906982422,54.0,54.029998779296875,52.63999938964844,52.91999816894531,2464900
CAH,2022-03-07,47.92210006713867,52.43000030517578,53.689998626708984,52.380001068115234,53.689998626708984,3123500
CAH,2022-03-08,47.92210006713867,52.43000030517578,53.29999923706055,52.04999923706055,52.52000045776367,2437800
CAH,2022-03-09,48.61675262451172,53.189998626708984,53.84000015258789,53.09000015258789,53.4900016784668,1576800
CAH,2022-03-10,48.59846496582031,53.16999816894531,53.31999969482422,52.5099983215332,52.779998779296875,1595700
CAH,2022-03-11,48.05005645751953,52.56999969482422,53.40999984741211,52.529998779296875,52.95000076293945,1649400
CAH,2022-03-14,48.08662033081055,52.61000061035156,53.290000915527344,51.9900016784668,53.150001525878906,2295100
CAH,2022-03-15,49.293128967285156,53.93000030517578,53.9900016784668,52.61000061035156,52.84000015258789,2442400
CAH,2022-03-16,49.14688491821289,53.77000045776367,54.439998626708984,52.72999954223633,54.220001220703125,3224100
CAH,2022-03-17,52.272830963134766,57.189998626708984,57.189998626708984,53.16999816894531,53.45000076293945,6567100
CAH,2022-03-18,52.364234924316406,57.290000915527344,57.369998931884766,56.18000030517578,57.279998779296875,6505000
CAH,2022-03-21,52.6475830078125,57.599998474121094,58.470001220703125,57.220001220703125,57.4900016784668,3284600
CAH,2022-03-22,52.78468322753906,57.75,58.439998626708984,57.439998626708984,58.099998474121094,2714500
CAH,2022-03-23,51.87980270385742,56.7599983215332,58.130001068115234,56.709999084472656,57.79999923706055,2480300
CAH,2022-03-24,52.34595489501953,57.27000045776367,57.560001373291016,56.40999984741211,56.72999954223633,1819000
CAH,2022-03-25,52.976627349853516,57.959999084472656,57.97999954223633,57.06999969482422,57.38999938964844,1725100
CAH,2022-03-28,52.830387115478516,57.79999923706055,57.849998474121094,56.84000015258789,57.75,1797600
CAH,2022-03-29,52.65671920776367,57.61000061035156,58.15999984741211,56.900001525878906,58.0,1942900
CAH,2022-03-30,52.67499923706055,57.630001068115234,58.34000015258789,57.25,57.72999954223633,1971700
CAH,2022-03-31,52.27029800415039,56.70000076293945,57.380001068115234,56.68000030517578,57.0,1952900
CAH,2022-04-01,53.0999870300293,57.599998474121094,57.61000061035156,56.59000015258789,56.7400016784668,1998400
CAH,2022-04-04,52.27029800415039,56.70000076293945,57.56999969482422,56.349998474121094,57.279998779296875,2560200
CAH,2022-04-05,52.3901481628418,56.83000183105469,57.689998626708984,56.66999816894531,56.66999816894531,2037900
CAH,2022-04-06,52.92482376098633,57.40999984741211,57.63999938964844,56.66999816894531,56.779998779296875,2095800
CAH,2022-04-07,54.740928649902344,59.380001068115234,59.41999816894531,57.20000076293945,57.29999923706055,4154900
CAH,2022-04-08,57.06405258178711,61.900001525878906,62.150001525878906,59.58000183105469,59.880001068115234,4910800
CAH,2022-04-11,56.58467483520508,61.380001068115234,62.75,61.15999984741211,61.95000076293945,3036400
CAH,2022-04-12,58.354671478271484,63.29999923706055,63.5099983215332,61.880001068115234,62.2599983215332,4212400
CAH,2022-04-13,58.10576248168945,63.029998779296875,63.61000061035156,62.130001068115234,63.08000183105469,2744500
CAH,2022-04-14,58.04124069213867,62.959999084472656,64.12000274658203,62.90999984741211,63.400001525878906,2924900
CAH,2022-04-18,58.05966567993164,62.97999954223633,63.66999816894531,62.54999923706055,62.54999923706055,1546400
CAH,2022-04-19,57.81999206542969,62.720001220703125,63.45000076293945,62.40999984741211,63.099998474121094,1807800
CAH,2022-04-20,58.87092208862305,63.86000061035156,64.20999908447266,62.880001068115234,62.880001068115234,1900000
CAH,2022-04-21,58.76951217651367,63.75,64.52999877929688,63.41999816894531,64.04000091552734,2738500
CAH,2022-04-22,56.75983810424805,61.56999969482422,63.099998474121094,61.5,62.93000030517578,2360700
CAH,2022-04-25,56.45560836791992,61.2400016784668,61.630001068115234,59.81999969482422,61.25,2661200
CAH,2022-04-26,55.893272399902344,60.630001068115234,62.060001373291016,60.599998474121094,60.880001068115234,1950700
CAH,2022-04-27,55.15576934814453,59.83000183105469,60.7400016784668,59.61000061035156,60.630001068115234,2678400
CAH,2022-04-28,55.14655303955078,59.81999969482422,60.41999816894531,58.970001220703125,60.119998931884766,2146700
CAH,2022-04-29,53.51483154296875,58.04999923706055,59.54999923706055,57.88999938964844,59.54999923706055,7224500
CAH,2022-05-02,53.54248046875,58.08000183105469,59.0099983215332,57.20000076293945,58.779998779296875,3049200
CAH,2022-05-03,54.19701385498047,58.790000915527344,59.630001068115234,58.470001220703125,58.470001220703125,2295800
CAH,2022-05-04,55.76420593261719,60.4900016784668,60.91999816894531,58.52000045776367,59.45000076293945,3889600
CAH,2022-05-05,53.348899841308594,57.869998931884766,59.20000076293945,54.40999984741211,55.040000915527344,6228900
CAH,2022-05-06,53.71764373779297,58.27000045776367,58.599998474121094,57.08000183105469,57.27000045776367,2969700
CAH,2022-05-09,52.51920700073242,56.970001220703125,57.88999938964844,56.529998779296875,57.77000045776367,3340800
CAH,2022-05-10,51.67108154296875,56.04999923706055,57.43000030517578,55.119998931884766,57.18000030517578,3113100
CAH,2022-05-11,51.532798767089844,55.900001525878906,57.790000915527344,55.84000015258789,56.439998626708984,2742400
CAH,2022-05-12,50.68468475341797,54.97999954223633,55.52000045776367,53.75,55.5,2749300
CAH,2022-05-13,51.26545715332031,55.61000061035156,55.849998474121094,54.790000915527344,55.220001220703125,2235000
CAH,2022-05-16,51.75404739379883,56.13999938964844,56.88999938964844,55.65999984741211,55.939998626708984,2689900
CAH,2022-05-17,52.27029800415039,56.70000076293945,56.77000045776367,55.880001068115234,56.5,2038600
CAH,2022-05-18,51.32999038696289,55.68000030517578,57.91999816894531,55.47999954223633,57.66999816894531,2452100
CAH,2022-05-19,51.46827697753906,55.83000183105469,56.15999984741211,54.4900016784668,55.0,2549800
CAH,2022-05-20,51.44061279296875,55.79999923706055,56.15999984741211,54.66999816894531,55.869998931884766,2259400
CAH,2022-05-23,52.509986877441406,56.959999084472656,57.45000076293945,55.9900016784668,56.54999923706055,2083400
CAH,2022-05-24,52.64826583862305,57.11000061035156,57.29999923706055,55.68000030517578,57.0099983215332,1482700
CAH,2022-05-25,53.22904968261719,57.7400016784668,57.970001220703125,56.599998474121094,56.939998626708984,1947700
CAH,2022-05-26,53.4871711730957,58.02000045776367,58.560001373291016,56.380001068115234,56.79999923706055,2207500
CAH,2022-05-27,53.192169189453125,57.70000076293945,58.310001373291016,57.599998474121094,57.90999984741211,1645200
CAH,2022-05-31,51.919986724853516,56.31999969482422,57.11000061035156,55.91999816894531,56.790000915527344,3702100
CAH,2022-06-01,51.099517822265625,55.43000030517578,56.959999084472656,54.52000045776367,56.709999084472656,1985400
CAH,2022-06-02,50.24217224121094,54.5,55.470001220703125,53.630001068115234,55.45000076293945,2261000
CAH,2022-06-03,49.61530685424805,53.81999969482422,54.5,53.720001220703125,54.43000030517578,1722400
CAH,2022-06-06,49.54155731201172,53.7400016784668,54.150001525878906,53.29999923706055,53.65999984741211,1683400
CAH,2022-06-07,49.698272705078125,53.90999984741211,54.029998779296875,53.209999084472656,53.7599983215332,1296500
CAH,2022-06-08,49.36640167236328,53.54999923706055,54.13999938964844,53.459999084472656,53.619998931884766,1289600
CAH,2022-06-09,48.2601432800293,52.349998474121094,53.34000015258789,52.310001373291016,53.150001525878906,1994500
CAH,2022-06-10,49.28342056274414,53.459999084472656,53.970001220703125,51.560001373291016,51.779998779296875,2400700
CAH,2022-06-13,47.46733093261719,51.4900016784668,53.150001525878906,51.09000015258789,52.56999969482422,1881400
CAH,2022-06-14,47.11701965332031,51.11000061035156,51.91999816894531,50.599998474121094,51.369998931884766,2284700
CAH,2022-06-15,47.052490234375,51.040000915527344,51.86000061035156,50.4900016784668,51.290000915527344,2255100
CAH,2022-06-16,46.5362434387207,50.47999954223633,50.779998779296875,49.70000076293945,50.720001220703125,2231500
CAH,2022-06-17,46.73905944824219,50.70000076293945,51.400001525878906,50.400001525878906,50.65999984741211,4222900
CAH,2022-06-21,47.46733093261719,51.4900016784668,51.869998931884766,50.65999984741211,51.38999938964844,2090100
CAH,2022-06-22,48.48139572143555,52.59000015258789,52.779998779296875,50.939998626708984,51.20000076293945,2197100
CAH,2022-06-23,48.8777961730957,53.02000045776367,53.540000915527344,52.54999923706055,52.81999969482422,1607300
CAH,2022-06-24,50.19608688354492,54.45000076293945,54.9900016784668,52.849998474121094,53.459999084472656,5742000
CAH,2022-06-27,50.57405471801758,54.86000061035156,54.90999984741211,53.7599983215332,54.54999923706055,1944900
CAH,2022-06-28,49.61530685424805,53.81999969482422,55.380001068115234,53.61000061035156,55.0,1381600
CAH,2022-06-29,49.49545669555664,53.689998626708984,54.470001220703125,53.470001220703125,54.310001373291016,1627400
CAH,2022-06-30,48.635704040527344,52.27000045776367,52.95000076293945,51.959999084472656,52.86000061035156,2041900
CAH,2022-07-01,49.407997131347656,53.099998474121094,53.18000030517578,51.84000015258789,52.47999954223633,1930800
CAH,2022-07-05,48.617095947265625,52.25,52.90999984741211,51.31999969482422,52.83000183105469,1703500
CAH,2022-07-06,48.97997283935547,52.63999938964844,53.2599983215332,51.91999816894531,52.22999954223633,2970200
CAH,2022-07-07,49.08232879638672,52.75,52.959999084472656,52.130001068115234,52.540000915527344,2191900
CAH,2022-07-08,49.24050521850586,52.91999816894531,53.81999969482422,52.7400016784668,52.91999816894531,1399000
CAH,2022-07-11,49.305641174316406,52.9900016784668,53.31999969482422,52.58000183105469,52.75,1239100
CAH,2022-07-12,49.50104904174805,53.20000076293945,53.90999984741211,52.779998779296875,52.9900016784668,2154000
CAH,2022-07-13,49.22190475463867,52.900001525878906,53.27000045776367,52.59000015258789,52.720001220703125,2068900
CAH,2022-07-14,50.29193878173828,54.04999923706055,54.29999923706055,51.95000076293945,52.38999938964844,2627100
CAH,2022-07-15,51.37129211425781,55.209999084472656,55.22999954223633,54.27000045776367,54.790000915527344,2011800
CAH,2022-07-18,50.93396759033203,54.7400016784668,55.5099983215332,54.4900016784668,55.5099983215332,2546000
CAH,2022-07-19,51.80860900878906,55.68000030517578,55.939998626708984,54.77000045776367,55.09000015258789,1679400
CAH,2022-07-20,51.817909240722656,55.689998626708984,56.04999923706055,55.18000030517578,55.86000061035156,2136600
CAH,2022-07-21,52.22732162475586,56.130001068115234,56.15999984741211,55.29999923706055,55.529998779296875,1973400
CAH,2022-07-22,53.02752685546875,56.9900016784668,57.369998931884766,56.2599983215332,56.630001068115234,2222500
CAH,2022-07-25,53.29736328125,57.279998779296875,57.88999938964844,57.0099983215332,57.09000015258789,1951600
CAH,2022-07-26,53.781211853027344,57.79999923706055,57.9900016784668,57.279998779296875,57.540000915527344,1734600
CAH,2022-07-27,54.06965255737305,58.11000061035156,58.33000183105469,57.2599983215332,57.560001373291016,2006800
CAH,2022-07-28,54.78610610961914,58.880001068115234,58.9900016784668,57.29999923706055,58.130001068115234,2196600
CAH,2022-07-29,55.41883087158203,59.560001373291016,59.7400016784668,58.720001220703125,58.900001525878906,4198400
CAH,2022-08-01,56.1259880065918,60.31999969482422,60.650001525878906,59.22999954223633,59.4900016784668,3096200
CAH,2022-08-02,55.60492706298828,59.7599983215332,60.540000915527344,59.04999923706055,60.5099983215332,3591600
CAH,2022-08-03,55.98642349243164,60.16999816894531,60.40999984741211,59.36000061035156,60.16999816894531,2867900
CAH,2022-08-04,56.05155563354492,60.2400016784668,61.16999816894531,60.150001525878906,60.400001525878906,2072700
CAH,2022-08-05,57.23324966430664,61.5099983215332,61.529998779296875,60.0,60.060001373291016,1947200
CAH,2022-08-08,57.214656829833984,61.4900016784668,62.22999954223633,61.2599983215332,61.689998626708984,2706800
CAH,2022-08-09,57.475181579589844,61.77000045776367,62.22999954223633,61.5,61.68000030517578,2004600
CAH,2022-08-10,58.38703918457031,62.75,62.7599983215332,61.900001525878906,62.15999984741211,2954200
CAH,2022-08-11,61.411067962646484,66.0,66.19999694824219,60.529998779296875,60.61000061035156,6881300
CAH,2022-08-12,64.5002212524414,69.31999969482422,69.55000305175781,65.81999969482422,65.81999969482422,5356600
CAH,2022-08-15,65.10502624511719,69.97000122070312,71.44999694824219,67.08999633789062,68.83999633789062,10335400
CAH,2022-08-16,65.26322937011719,70.13999938964844,71.11000061035156,69.0199966430664,69.8499984741211,3552100
CAH,2022-08-17,64.30484008789062,69.11000061035156,69.8499984741211,68.72000122070312,69.37000274658203,2061800
CAH,2022-08-18,64.0163803100586,68.80000305175781,69.66000366210938,68.30000305175781,69.36000061035156,1983800
CAH,2022-08-19,64.4164810180664,69.2300033569336,69.62000274658203,68.68000030517578,68.79000091552734,2907200
CAH,2022-08-22,63.18828582763672,67.91000366210938,69.20999908447266,67.8499984741211,69.06999969482422,1639200
CAH,2022-08-23,63.25341033935547,67.9800033569336,68.38999938964844,67.80000305175781,67.97000122070312,2181800
CAH,2022-08-24,63.9698600769043,68.75,68.94000244140625,67.81999969482422,68.02999877929688,1743000
CAH,2022-08-25,64.2955093383789,69.0999984741211,69.18000030517578,68.45999908447266,68.79000091552734,1563900
CAH,2022-08-26,62.89982604980469,67.5999984741211,69.37999725341797,67.58000183105469,69.08999633789062,1853400
CAH,2022-08-29,64.84449768066406,69.69000244140625,69.98999786376953,66.79000091552734,67.19999694824219,2150600
CAH,2022-08-30,64.98407745361328,69.83999633789062,70.56999969482422,69.22000122070312,69.87000274658203,2855100
CAH,2022-08-31,65.80288696289062,70.72000122070312,70.86000061035156,69.68000030517578,70.0,3479900
CAH,2022-09-01,66.36117553710938,71.31999969482422,71.55000305175781,70.29000091552734,70.41999816894531,2233900
CAH,2022-09-02,66.0541000366211,70.98999786376953,72.27999877929688,70.7699966430664,71.51000213623047,2133800
CAH,2022-09-06,64.67701721191406,69.51000213623047,71.41999816894531,68.7300033569336,71.19999694824219,3302900
CAH,2022-09-07,66.03550720214844,70.97000122070312,71.08999633789062,69.05000305175781,69.5,3105000
CAH,2022-09-08,65.7191390991211,70.62999725341797,71.19999694824219,69.7300033569336,70.97000122070312,2468200
CAH,2022-09-09,65.03058624267578,69.88999938964844,70.83999633789062,69.87000274658203,70.81999969482422,2077000
CAH,2022-09-12,64.23039245605469,69.02999877929688,70.12999725341797,68.83000183105469,69.87999725341797,2392700
CAH,2022-09-13,62.183349609375,66.83000183105469,68.6500015258789,66.6500015258789,68.58999633789062,3422300
CAH,2022-09-14,62.099605560302734,66.73999786376953,67.37999725341797,66.11000061035156,66.97000122070312,4396800
CAH,2022-09-15,61.77394485473633,66.38999938964844,67.36000061035156,66.26000213623047,66.94000244140625,3542800
CAH,2022-09-16,62.21126937866211,66.86000061035156,67.02999877929688,65.9000015258789,66.13999938964844,7319400
CAH,2022-09-19,63.458099365234375,68.19999694824219,68.2300033569336,66.16999816894531,66.29000091552734,2746400
CAH,2022-09-20,63.07662582397461,67.79000091552734,68.30999755859375,67.30000305175781,67.94000244140625,3500700
CAH,2022-09-21,62.82537841796875,67.5199966430664,69.23999786376953,67.5,68.5999984741211,2049500
CAH,2022-09-22,62.5927619934082,67.2699966430664,67.77999877929688,66.70999908447266,67.61000061035156,1990600
CAH,2022-09-23,61.45759201049805,66.05000305175781,66.95999908447266,64.98999786376953,66.77999877929688,2140500
CAH,2022-09-26,61.19704818725586,65.7699966430664,66.48999786376953,65.43000030517578,65.7300033569336,2682500
CAH,2022-09-27,61.60647201538086,66.20999908447266,67.31999969482422,65.52999877929688,66.3499984741211,3325300
CAH,2022-09-28,64.4723129272461,69.29000091552734,69.5999984741211,67.55000305175781,69.16000366210938,4236600
CAH,2022-09-29,63.07662582397461,67.79000091552734,69.3499984741211,67.23999786376953,69.2300033569336,2924800
CAH,2022-09-30,62.5010871887207,66.68000030517578,67.94999694824219,66.54000091552734,67.61000061035156,3368000
CAH,2022-10-03,63.71024703979492,67.97000122070312,68.30999755859375,66.05000305175781,66.79000091552734,2618200
CAH,2022-10-04,65.44430541992188,69.81999969482422,69.83999633789062,68.13999938964844,68.54000091552734,3700500
CAH,2022-10-05,65.04125213623047,69.38999938964844,70.1500015258789,68.58999633789062,69.27999877929688,2505800
CAH,2022-10-06,65.0881118774414,69.44000244140625,69.93000030517578,69.01000213623047,69.20999908447266,2314200
CAH,2022-10-07,63.944576263427734,68.22000122070312,69.27999877929688,67.7300033569336,68.80000305175781,2669100
CAH,2022-10-10,64.469482421875,68.77999877929688,69.05000305175781,68.13999938964844,68.27999877929688,2158500
CAH,2022-10-11,65.9223403930664,70.33000183105469,71.12000274658203,68.47000122070312,69.0,3185500
CAH,2022-10-12,63.60714340209961,67.86000061035156,70.4000015258789,67.86000061035156,70.08999633789062,3763000
CAH,2022-10-13,64.55384063720703,68.87000274658203,69.30000305175781,66.91999816894531,67.18000030517578,3322300
CAH,2022-10-14,63.81333923339844,68.08000183105469,69.70999908447266,67.68000030517578,69.36000061035156,2200700
CAH,2022-10-17,63.944576263427734,68.22000122070312,69.37999725341797,68.01000213623047,69.01000213623047,3685500
CAH,2022-10-18,66.23165893554688,70.66000366210938,70.68000030517578,69.0999984741211,69.18000030517578,3354600
CAH,2022-10-19,66.36287689208984,70.80000305175781,71.9000015258789,70.29000091552734,70.73999786376953,2035600
CAH,2022-10-20,66.33476257324219,70.7699966430664,70.94000244140625,69.80000305175781,70.72000122070312,2688500
CAH,2022-10-21,68.453125,73.02999877929688,73.16999816894531,70.72000122070312,70.8499984741211,3086600
CAH,2022-10-24,69.17487335205078,73.80000305175781,74.5199966430664,73.1500015258789,73.66999816894531,2286300
CAH,2022-10-25,69.09988403320312,73.72000122070312,74.30999755859375,72.73999786376953,73.0,3451500
CAH,2022-10-26,70.2153091430664,74.91000366210938,75.44999694824219,74.0999984741211,74.55000305175781,2431700
CAH,2022-10-27,70.61835479736328,75.33999633789062,76.0999984741211,75.04000091552734,75.37999725341797,2187700
CAH,2022-10-28,72.3055648803711,77.13999938964844,77.19000244140625,75.61000061035156,75.68000030517578,2137000
CAH,2022-10-31,71.14326477050781,75.9000015258789,77.0,75.83000183105469,76.95999908447266,7830900
CAH,2022-11-01,70.66522979736328,75.38999938964844,76.5,74.7300033569336,75.98999786376953,3287100
CAH,2022-11-02,70.34651947021484,75.05000305175781,76.80999755859375,75.02999877929688,75.41999816894531,3093600
CAH,2022-11-03,70.92767333984375,75.66999816894531,76.18000030517578,74.0199966430664,74.61000061035156,3478900
CAH,2022-11-04,74.53639221191406,79.5199966430664,79.9000015258789,77.02999877929688,77.75,5580400
CAH,2022-11-07,75.9049072265625,80.9800033569336,81.56999969482422,78.04000091552734,79.30000305175781,3667500
CAH,2022-11-08,75.08940887451172,80.11000061035156,80.97000122070312,79.0,80.13999938964844,3612200
CAH,2022-11-09,75.1456527709961,80.16999816894531,81.20999908447266,79.61000061035156,80.0,2320300
CAH,2022-11-10,73.04603576660156,77.93000030517578,81.51000213623047,76.04000091552734,81.4000015258789,4865800
CAH,2022-11-11,70.55274200439453,75.2699966430664,78.25,73.08000183105469,78.06999969482422,6354000
CAH,2022-11-14,70.4964828491211,75.20999908447266,76.94000244140625,75.08999633789062,75.55000305175781,2932600
CAH,2022-11-15,69.66227722167969,74.31999969482422,76.13999938964844,74.01000213623047,75.33999633789062,3267400
CAH,2022-11-16,70.4683837890625,75.18000030517578,75.69000244140625,74.33999633789062,74.55999755859375,2145700
CAH,2022-11-17,71.78065490722656,76.58000183105469,76.69000244140625,74.4000015258789,75.12000274658203,3750500
CAH,2022-11-18,72.81170654296875,77.68000030517578,78.12999725341797,76.88999938964844,77.11000061035156,2478600
CAH,2022-11-21,72.84919738769531,77.72000122070312,78.43000030517578,77.19999694824219,77.41999816894531,3273500
CAH,2022-11-22,73.94587707519531,78.88999938964844,79.5,78.37999725341797,78.55999755859375,1883400
CAH,2022-11-23,73.52407836914062,78.44000244140625,79.4000015258789,77.97000122070312,78.87999725341797,2045900
CAH,2022-11-25,74.00210571289062,78.94999694824219,79.72000122070312,78.5,79.01000213623047,1118700
CAH,2022-11-28,73.5428237915039,78.45999908447266,79.55999755859375,78.0999984741211,78.62000274658203,2587800
CAH,2022-11-29,73.72091674804688,78.6500015258789,79.3499984741211,78.0999984741211,78.37999725341797,2522800
CAH,2022-11-30,75.1456527709961,80.16999816894531,80.22000122070312,77.91999816894531,78.48999786376953,6069300
CAH,2022-12-01,74.29268646240234,79.26000213623047,80.33000183105469,78.55000305175781,80.30000305175781,3337500
CAH,2022-12-02,75.81114959716797,80.87999725341797,81.4800033569336,78.62999725341797,79.18000030517578,2834700
CAH,2022-12-05,74.49891662597656,79.4800033569336,80.4000015258789,79.18000030517578,80.05999755859375,2115100
CAH,2022-12-06,74.42391204833984,79.4000015258789,79.94999694824219,78.61000061035156,79.30999755859375,3043600
CAH,2022-12-07,75.1269302368164,80.1500015258789,80.38999938964844,79.30000305175781,79.6500015258789,3502700
CAH,2022-12-08,75.7174301147461,80.77999877929688,81.2699966430664,79.98999786376953,80.1500015258789,2249000
CAH,2022-12-09,72.68984985351562,77.55000305175781,80.77999877929688,77.31999969482422,80.4800033569336,3839200
CAH,2022-12-12,74.53639221191406,79.5199966430664,79.5199966430664,77.29000091552734,77.9000015258789,2098600
CAH,2022-12-13,73.3553466796875,78.26000213623047,79.62000274658203,78.02999877929688,79.62000274658203,4000700
CAH,2022-12-14,73.62718963623047,78.55000305175781,78.97000122070312,77.61000061035156,78.56999969482422,2722100
CAH,2022-12-15,73.64593505859375,78.56999969482422,78.80999755859375,77.61000061035156,78.05000305175781,3130900
CAH,2022-12-16,74.31143188476562,79.27999877929688,79.38999938964844,77.83999633789062,77.95999908447266,8088300
CAH,2022-12-19,74.36768341064453,79.33999633789062,80.12999725341797,78.93000030517578,79.4000015258789,2428000
CAH,2022-12-20,74.59263610839844,79.58000183105469,80.41999816894531,79.02999877929688,79.5199966430664,2359600
CAH,2022-12-21,74.98632049560547,80.0,80.69000244140625,79.66000366210938,80.02999877929688,1869200
CAH,2022-12-22,75.5112075805664,80.55999755859375,80.9000015258789,79.62000274658203,80.0,2024300
CAH,2022-12-23,75.03317260742188,80.05000305175781,80.75,79.62999725341797,80.44999694824219,1397100
CAH,2022-12-27,74.1895980834961,79.1500015258789,80.05000305175781,79.06999969482422,80.0,1903900
CAH,2022-12-28,73.67405700683594,78.5999984741211,79.5999984741211,78.52999877929688,79.31999969482422,1670900
CAH,2022-12-29,72.84919738769531,77.72000122070312,79.05000305175781,77.48999786376953,79.05000305175781,2003700
CAH,2022-12-30,72.5152359008789,76.87000274658203,77.2699966430664,76.02999877929688,77.05999755859375,2415700
CAH,2023-01-03,72.38318634033203,76.7300033569336,76.75,75.33999633789062,76.45999908447266,4060000
CAH,2023-01-04,72.63788604736328,77.0,77.05000305175781,75.94999694824219,76.70999908447266,2265800
CAH,2023-01-05,72.27941131591797,76.62000274658203,77.0,76.4000015258789,76.79000091552734,2726000
CAH,2023-01-06,74.18498229980469,78.63999938964844,78.66000366210938,76.98999786376953,77.27999877929688,2534500
CAH,2023-01-09,73.17559814453125,77.56999969482422,79.11000061035156,77.47000122070312,78.66000366210938,3070200
CAH,2023-01-10,73.70386505126953,78.12999725341797,78.3499984741211,77.1500015258789,77.94999694824219,1500700
CAH,2023-01-11,72.18508911132812,76.5199966430664,78.3499984741211,76.5,78.19000244140625,2227600
CAH,2023-01-12,72.18508911132812,76.5199966430664,77.04000091552734,75.88999938964844,76.37000274658203,1478300
CAH,2023-01-13,72.5152359008789,76.87000274658203,77.23999786376953,76.26000213623047,76.30999755859375,2920400
CAH,2023-01-17,72.09074401855469,76.41999816894531,77.58000183105469,76.27999877929688,76.72000122070312,2225700
CAH,2023-01-18,72.1379165649414,76.47000122070312,77.26000213623047,76.13999938964844,76.20999908447266,2142100
CAH,2023-01-19,71.20401000976562,75.4800033569336,76.77999877929688,75.26000213623047,76.54000091552734,1949200
CAH,2023-01-20,71.52474212646484,75.81999969482422,76.62999725341797,74.72000122070312,75.9000015258789,1950100
CAH,2023-01-23,71.20401000976562,75.4800033569336,76.16999816894531,75.27999877929688,75.95999908447266,1520900
CAH,2023-01-24,70.60968780517578,74.8499984741211,75.4000015258789,73.86000061035156,75.05000305175781,1340700
CAH,2023-01-25,71.4398422241211,75.7300033569336,75.80999755859375,74.5,74.75,2329700
CAH,2023-01-26,73.46803283691406,77.87999725341797,77.94999694824219,75.58999633789062,75.94000244140625,2276100
CAH,2023-01-27,72.14735412597656,76.4800033569336,78.55000305175781,76.37000274658203,78.12000274658203,2214100
CAH,2023-01-30,72.86428833007812,77.23999786376953,77.52999877929688,76.5,76.83000183105469,2436800
CAH,2023-01-31,72.87372589111328,77.25,77.73999786376953,76.2300033569336,77.48999786376953,7345900
CAH,2023-02-01,71.43040466308594,75.72000122070312,77.44000244140625,75.66999816894531,77.0,3328000
CAH,2023-02-02,71.95869445800781,76.27999877929688,78.97000122070312,74.58999633789062,77.25,6160600
CAH,2023-02-03,74.21327209472656,78.66999816894531,80.44000244140625,77.22000122070312,79.37000274658203,3588600
CAH,2023-02-06,72.66619110107422,77.02999877929688,79.2300033569336,76.7300033569336,78.79000091552734,2184800
CAH,2023-02-07,74.15668487548828,78.61000061035156,78.75,76.61000061035156,77.05000305175781,3556200
CAH,2023-02-08,75.39247131347656,79.91999816894531,80.36000061035156,78.41000366210938,78.41000366210938,2386100
CAH,2023-02-09,73.82649993896484,78.26000213623047,80.38999938964844,77.94000244140625,80.11000061035156,2106300
CAH,2023-02-10,75.30756378173828,79.83000183105469,80.18000030517578,78.43000030517578,78.69000244140625,1352800
CAH,2023-02-13,74.95852661132812,79.45999908447266,80.20999908447266,79.01000213623047,79.80000305175781,2050400
CAH,2023-02-14,74.28874969482422,78.75,79.73999786376953,78.70999908447266,79.33000183105469,2459500
CAH,2023-02-15,74.12838745117188,78.58000183105469,78.79000091552734,77.94999694824219,78.48999786376953,1574300
CAH,2023-02-16,74.18498229980469,78.63999938964844,79.12000274658203,77.72000122070312,78.2300033569336,1424700
CAH,2023-02-17,74.31705474853516,78.77999877929688,79.70999908447266,78.41999816894531,78.72000122070312,5193500
CAH,2023-02-21,73.74160766601562,78.16999816894531,78.69000244140625,77.79000091552734,78.5,2305700
CAH,2023-02-22,73.12841796875,77.5199966430664,78.4000015258789,77.41000366210938,78.30000305175781,1815800
CAH,2023-02-23,73.2982406616211,77.69999694824219,78.43000030517578,77.33999633789062,77.5199966430664,2456000
CAH,2023-02-24,73.17559814453125,77.56999969482422,77.91999816894531,77.12999725341797,77.70999908447266,1838800
CAH,2023-02-27,73.024658203125,77.41000366210938,78.04000091552734,77.08999633789062,77.77999877929688,2569300
CAH,2023-02-28,71.42095947265625,75.70999908447266,77.0199966430664,75.66999816894531,76.75,5323100
CAH,2023-03-01,71.67567443847656,75.9800033569336,76.12999725341797,75.20999908447266,75.44999694824219,1902000
CAH,2023-03-02,70.47762298583984,74.70999908447266,76.12000274658203,74.52999877929688,75.91999816894531,2250000
CAH,2023-03-03,70.9398422241211,75.19999694824219,75.23999786376953,74.16999816894531,75.06999969482422,1665100
CAH,2023-03-06,70.4304428100586,74.66000366210938,75.36000061035156,74.08000183105469,75.0999984741211,3206500
CAH,2023-03-07,68.83619689941406,72.97000122070312,74.95999908447266,72.94000244140625,74.79000091552734,2640300
CAH,2023-03-08,68.5343246459961,72.6500015258789,73.26000213623047,71.94999694824219,72.94000244140625,2804500
CAH,2023-03-09,67.2513656616211,71.29000091552734,72.95999908447266,70.88999938964844,72.95999908447266,2954600
CAH,2023-03-10,67.15702819824219,71.19000244140625,72.33999633789062,71.05000305175781,71.29000091552734,2167100
CAH,2023-03-13,66.1287841796875,70.0999984741211,71.45999908447266,70.01000213623047,70.44999694824219,3455500
CAH,2023-03-14,66.7136459350586,70.72000122070312,71.02999877929688,69.4000015258789,70.94000244140625,2521600
CAH,2023-03-15,65.86463928222656,69.81999969482422,70.01000213623047,68.95999908447266,69.87000274658203,2264900
CAH,2023-03-16,66.51555633544922,70.51000213623047,70.62999725341797,69.16999816894531,69.16999816894531,1606100
CAH,2023-03-17,65.67597961425781,69.62000274658203,70.48999786376953,68.83999633789062,70.48999786376953,4479100
CAH,2023-03-20,67.10985565185547,71.13999938964844,71.55000305175781,69.87000274658203,70.06999969482422,2255600
CAH,2023-03-21,68.16641998291016,72.26000213623047,72.37999725341797,71.29000091552734,71.79000091552734,2544500
CAH,2023-03-22,65.97784423828125,69.94000244140625,72.47000122070312,69.91999816894531,72.01000213623047,1925100
CAH,2023-03-23,65.10054016113281,69.01000213623047,70.01000213623047,68.69000244140625,69.8499984741211,1985700
CAH,2023-03-24,66.38348388671875,70.37000274658203,70.51000213623047,68.52999877929688,68.69999694824219,1994700
CAH,2023-03-27,67.2042007446289,71.23999786376953,71.56999969482422,70.56999969482422,71.41999816894531,2212000
CAH,2023-03-28,68.36450958251953,72.47000122070312,73.06999969482422,71.29000091552734,71.41999816894531,2623400
CAH,2023-03-29,70.37384796142578,74.5999984741211,74.75,72.5199966430664,72.69999694824219,3158100
CAH,2023-03-30,71.08134460449219,75.3499984741211,75.44000244140625,74.69000244140625,74.98999786376953,1696300
CAH,2023-03-31,71.69480895996094,75.5,75.80000305175781,74.87999725341797,75.2699966430664,2318300
CAH,2023-04-03,72.84381866455078,76.70999908447266,76.95999908447266,75.48999786376953,75.79000091552734,1786800
CAH,2023-04-04,72.79633331298828,76.66000366210938,77.06999969482422,76.20999908447266,76.70999908447266,2624300
CAH,2023-04-05,75.41722869873047,79.41999816894531,79.5,76.93000030517578,77.04000091552734,2948800
CAH,2023-04-06,75.23683166503906,79.2300033569336,80.61000061035156,78.97000122070312,79.7699966430664,1855300
CAH,2023-04-10,75.6071548461914,79.62000274658203,79.6500015258789,78.94000244140625,79.16000366210938,1658400
CAH,2023-04-11,75.9205322265625,79.94999694824219,80.33000183105469,79.4000015258789,79.9000015258789,1570400
CAH,2023-04-12,75.16085052490234,79.1500015258789,79.88999938964844,78.47000122070312,79.62000274658203,1631100
CAH,2023-04-13,76.65172576904297,80.72000122070312,81.19000244140625,79.36000061035156,79.51000213623047,3776900
CAH,2023-04-14,76.56624603271484,80.62999725341797,80.8499984741211,80.11000061035156,80.68000030517578,1524300
CAH,2023-04-17,76.02497100830078,80.05999755859375,80.79000091552734,79.16999816894531,80.73999786376953,1887400
CAH,2023-04-18,75.44572448730469,79.44999694824219,80.37999725341797,79.27999877929688,80.36000061035156,1317700
CAH,2023-04-19,75.0089111328125,78.98999786376953,80.05000305175781,78.5199966430664,79.98999786376953,1432300
CAH,2023-04-20,76.053466796875,80.08999633789062,80.08999633789062,78.80000305175781,79.0199966430664,1709200
CAH,2023-04-21,76.04398345947266,80.08000183105469,80.5999984741211,79.66000366210938,80.5,1691700
CAH,2023-04-24,76.9176025390625,81.0,81.11000061035156,79.69000244140625,79.98999786376953,1394300
CAH,2023-04-25,76.80365753173828,80.87999725341797,81.1500015258789,80.18000030517578,81.08999633789062,1371700
CAH,2023-04-26,76.33834838867188,80.38999938964844,80.98999786376953,79.6500015258789,80.43000030517578,1982300
CAH,2023-04-27,77.94316864013672,82.08000183105469,82.11000061035156,80.18000030517578,80.18000030517578,1658200
CAH,2023-04-28,77.962158203125,82.0999984741211,82.44000244140625,81.66999816894531,81.66999816894531,2535000
CAH,2023-05-01,78.10460662841797,82.25,82.30999755859375,81.13999938964844,82.18000030517578,2021500
CAH,2023-05-02,78.20906829833984,82.36000061035156,82.63999938964844,81.13999938964844,82.05999755859375,2014100
CAH,2023-05-03,77.52535247802734,81.63999938964844,83.01000213623047,81.48999786376953,82.87999725341797,2166000
CAH,2023-05-04,76.75616455078125,80.83000183105469,81.44000244140625,77.55999755859375,79.04000091552734,3309300
CAH,2023-05-05,79.0067367553711,83.19999694824219,83.7699966430664,80.97000122070312,81.05000305175781,2739200
CAH,2023-05-08,79.90885162353516,84.1500015258789,84.29000091552734,82.7699966430664,83.38999938964844,1779200
CAH,2023-05-09,80.09876251220703,84.3499984741211,85.93000030517578,84.19000244140625,84.73999786376953,2105100
CAH,2023-05-10,80.8869400024414,85.18000030517578,85.29000091552734,84.05000305175781,84.44000244140625,1996900
CAH,2023-05-11,80.56407165527344,84.83999633789062,85.4000015258789,84.55000305175781,85.19999694824219,1626500
CAH,2023-05-12,80.49759674072266,84.7699966430664,85.06999969482422,84.30999755859375,84.86000061035156,1185800
CAH,2023-05-15,81.01988983154297,85.31999969482422,85.4000015258789,84.19000244140625,84.72000122070312,1575800
CAH,2023-05-16,81.4756851196289,85.80000305175781,86.19999694824219,85.20999908447266,85.41999816894531,1557400
CAH,2023-05-17,82.19738006591797,86.55999755859375,87.02999877929688,85.7699966430664,86.29000091552734,2466800
CAH,2023-05-18,81.24779510498047,85.55999755859375,86.45999908447266,84.69999694824219,86.45999908447266,2945700
CAH,2023-05-19,81.59913635253906,85.93000030517578,86.45999908447266,85.52999877929688,85.87000274658203,1552500
CAH,2023-05-22,81.64661407470703,85.9800033569336,86.51000213623047,85.20999908447266,85.98999786376953,1795800
CAH,2023-05-23,80.51659393310547,84.79000091552734,86.06999969482422,84.68000030517578,85.77999877929688,1516900
CAH,2023-05-24,80.67802429199219,84.95999908447266,85.5,84.1500015258789,84.88999938964844,1424100
CAH,2023-05-25,80.43112182617188,84.69999694824219,85.11000061035156,83.76000213623047,84.55999755859375,1878600
CAH,2023-05-26,78.65536499023438,82.83000183105469,85.0199966430664,82.5999984741211,84.69999694824219,1936500
CAH,2023-05-30,77.23097229003906,81.33000183105469,82.72000122070312,81.0999984741211,82.18000030517578,2422700
CAH,2023-05-31,78.152099609375,82.30000305175781,82.80999755859375,80.9000015258789,80.9000015258789,6129700
CAH,2023-06-01,79.21563720703125,83.41999816894531,84.45999908447266,82.75,82.83999633789062,3013900
CAH,2023-06-02,80.32666778564453,84.58999633789062,84.72000122070312,83.2699966430664,83.63999938964844,2447100
CAH,2023-06-05,80.48810577392578,84.76000213623047,85.06999969482422,84.37000274658203,84.66999816894531,1469900
CAH,2023-06-06,80.08926391601562,84.33999633789062,85.11000061035156,83.19000244140625,84.79000091552734,2300700
CAH,2023-06-07,79.07320404052734,83.2699966430664,84.33999633789062,83.06999969482422,84.33999633789062,2240400
CAH,2023-06-08,81.02937316894531,85.33000183105469,86.12999725341797,83.77999877929688,84.36000061035156,3092600
CAH,2023-06-09,82.39678955078125,86.7699966430664,87.12999725341797,85.5199966430664,86.43000030517578,3026200
CAH,2023-06-12,82.7861328125,87.18000030517578,87.37000274658203,86.30999755859375,86.7300033569336,1988700
CAH,2023-06-13,83.58379364013672,88.0199966430664,88.58999633789062,87.0199966430664,87.36000061035156,3133000
CAH,2023-06-14,82.58671569824219,86.97000122070312,87.93000030517578,86.0999984741211,87.52999877929688,2837500
CAH,2023-06-15,84.66635131835938,89.16000366210938,89.44999694824219,86.97000122070312,87.29000091552734,2498700
CAH,2023-06-16,86.65100860595703,91.25,91.2699966430664,89.63999938964844,89.91000366210938,5134000
CAH,2023-06-20,86.6415023803711,91.23999786376953,92.08999633789062,90.9000015258789,91.13999938964844,2530400
CAH,2023-06-21,87.35370635986328,91.98999786376953,92.33999633789062,91.12999725341797,91.75,2398200
CAH,2023-06-22,87.85699462890625,92.5199966430664,92.56999969482422,91.41999816894531,91.93000030517578,1991800
CAH,2023-06-23,87.09732055664062,91.72000122070312,92.88999938964844,91.5999984741211,92.31999969482422,5393800
CAH,2023-06-26,87.63858032226562,92.29000091552734,92.5999984741211,91.45999908447266,91.7300033569336,3133100
CAH,2023-06-27,88.39826202392578,93.08999633789062,93.30999755859375,90.0199966430664,90.80999755859375,2003000
CAH,2023-06-28,89.08198547363281,93.80999755859375,94.30999755859375,92.93000030517578,93.18000030517578,2262400
CAH,2023-06-29,89.18643951416016,93.91999816894531,94.30000305175781,93.4000015258789,93.83999633789062,1696000
CAH,2023-06-30,90.28530883789062,94.56999969482422,95.0999984741211,93.58999633789062,93.80000305175781,2384800
CAH,2023-07-03,90.30438232421875,94.58999633789062,94.80000305175781,93.41999816894531,93.83000183105469,1029700
CAH,2023-07-05,90.34256744384766,94.62999725341797,94.66999816894531,94.06999969482422,94.52999877929688,1892300
CAH,2023-07-06,89.97978210449219,94.25,94.55000305175781,93.91000366210938,94.41999816894531,3613500
CAH,2023-07-07,89.71247100830078,93.97000122070312,94.37999725341797,93.61000061035156,94.08000183105469,2549000
CAH,2023-07-10,89.4451675415039,93.69000244140625,93.80999755859375,92.7300033569336,93.16000366210938,2678500
CAH,2023-07-11,90.08479309082031,94.36000061035156,94.48999786376953,93.44999694824219,93.72000122070312,1495200
CAH,2023-07-12,89.3305892944336,93.56999969482422,94.1500015258789,93.18000030517578,94.0199966430664,1706400
CAH,2023-07-13,89.1874008178711,93.41999816894531,94.25,93.37000274658203,93.5999984741211,1340600
CAH,2023-07-14,88.92008209228516,93.13999938964844,94.41000366210938,92.88999938964844,93.87000274658203,1735500
CAH,2023-07-17,89.2351303100586,93.47000122070312,93.83000183105469,92.9000015258789,93.05000305175781,1131000
CAH,2023-07-18,88.96782684326172,93.19000244140625,93.86000061035156,92.87000274658203,93.33999633789062,1560200
CAH,2023-07-19,87.97492980957031,92.1500015258789,93.45999908447266,91.33000183105469,93.12000274658203,2543700
CAH,2023-07-20,89.8365707397461,94.0999984741211,94.12000274658203,92.68000030517578,92.91000366210938,1915600
CAH,2023-07-21,88.96782684326172,93.19000244140625,94.66000366210938,93.16000366210938,94.30000305175781,1780300
CAH,2023-07-24,88.83416748046875,93.05000305175781,93.93000030517578,92.72000122070312,93.19999694824219,1514400
CAH,2023-07-25,89.48334503173828,93.7300033569336,93.80000305175781,92.58999633789062,92.94999694824219,1521400
CAH,2023-07-26,88.09905242919922,92.27999877929688,93.5,92.06999969482422,93.05999755859375,2650700
CAH,2023-07-27,88.24224090576172,92.43000030517578,92.9800033569336,92.19999694824219,92.27999877929688,1618800
CAH,2023-07-28,87.53577423095703,91.69000244140625,92.66999816894531,91.56999969482422,92.5199966430664,1807700
CAH,2023-07-31,87.32575988769531,91.47000122070312,92.19000244140625,90.91999816894531,92.19000244140625,1992800
CAH,2023-08-01,87.488037109375,91.63999938964844,91.94999694824219,91.12000274658203,91.30999755859375,1528500
CAH,2023-08-02,88.8723373413086,93.08999633789062,93.19000244140625,91.41000366210938,91.58999633789062,2344500
CAH,2023-08-03,89.52153778076172,93.7699966430664,94.19000244140625,93.0,93.19000244140625,1725700
CAH,2023-08-04,87.1156997680664,91.25,93.91000366210938,91.2300033569336,93.58000183105469,2503700
CAH,2023-08-07,88.04177856445312,92.22000122070312,92.88999938964844,91.7300033569336,91.75,1502400
CAH,2023-08-08,87.60260009765625,91.76000213623047,92.98999786376953,91.5,92.52999877929688,2059000
CAH,2023-08-09,87.80308532714844,91.97000122070312,92.94000244140625,91.79000091552734,92.55000305175781,1945500
CAH,2023-08-10,88.15631866455078,92.33999633789062,93.02999877929688,91.93000030517578,91.97000122070312,1609300
CAH,2023-08-11,88.19451904296875,92.37999725341797,92.88999938964844,92.19000244140625,92.4800033569336,1539700
CAH,2023-08-14,88.77687072753906,92.98999786376953,93.12999725341797,92.16999816894531,92.7300033569336,2156600
CAH,2023-08-15,86.46652221679688,90.56999969482422,95.44999694824219,90.48999786376953,94.25,4357600
CAH,2023-08-16,86.30421447753906,90.4000015258789,91.16000366210938,90.08999633789062,90.55999755859375,2984500
CAH,2023-08-17,82.47589874267578,86.38999938964844,88.75,85.69999694824219,88.69000244140625,5412400
CAH,2023-08-18,81.96037292480469,85.8499984741211,86.80999755859375,85.61000061035156,86.4800033569336,5215200
CAH,2023-08-21,83.00098419189453,86.94000244140625,87.3499984741211,85.69999694824219,85.88999938964844,2964400
CAH,2023-08-22,81.64531707763672,85.5199966430664,87.23999786376953,85.45999908447266,87.0,2129400
CAH,2023-08-23,81.50211334228516,85.37000274658203,86.1500015258789,85.12000274658203,85.58000183105469,1662300
CAH,2023-08-24,82.265869140625,86.16999816894531,86.79000091552734,85.44000244140625,85.44000244140625,2206900
CAH,2023-08-25,83.65972137451172,87.62999725341797,87.93000030517578,86.37000274658203,86.61000061035156,2165900
CAH,2023-08-28,85.67413330078125,89.73999786376953,90.08999633789062,87.62999725341797,87.63999938964844,3420100
CAH,2023-08-29,85.76004791259766,89.83000183105469,90.0,88.41999816894531,89.73999786376953,2046100
CAH,2023-08-30,84.05115509033203,88.04000091552734,90.44000244140625,88.01000213623047,90.0999984741211,2208300
CAH,2023-08-31,83.3733139038086,87.33000183105469,88.55000305175781,87.23999786376953,88.25,2386600
CAH,2023-09-01,83.61198425292969,87.58000183105469,88.1500015258789,87.37999725341797,87.61000061035156,1454300
CAH,2023-09-05,82.97234344482422,86.91000366210938,87.58999633789062,86.55999755859375,87.45999908447266,2110800
CAH,2023-09-06,83.29693603515625,87.25,87.37999725341797,86.62000274658203,86.69000244140625,1352800
CAH,2023-09-07,84.57622528076172,88.58999633789062,89.08999633789062,87.61000061035156,87.9000015258789,2410400
CAH,2023-09-08,84.75759887695312,88.77999877929688,89.25,88.4800033569336,88.4800033569336,1524600
CAH,2023-09-11,85.6645736694336,89.7300033569336,89.80000305175781,88.6500015258789,88.7699966430664,1878000
CAH,2023-09-12,84.90082550048828,88.93000030517578,89.80000305175781,88.66000366210938,89.41000366210938,1773400
CAH,2023-09-13,83.9652099609375,87.94999694824219,89.38999938964844,87.8499984741211,89.08000183105469,2031100
CAH,2023-09-14,83.72655487060547,87.69999694824219,88.44000244140625,87.0199966430664,88.0999984741211,2084200
CAH,2023-09-15,83.77427673339844,87.75,87.80999755859375,87.19999694824219,87.2300033569336,4155900
CAH,2023-09-18,84.17525482177734,88.16999816894531,88.72000122070312,87.7699966430664,88.11000061035156,1954100
CAH,2023-09-19,84.26118469238281,88.26000213623047,88.69999694824219,87.91000366210938,88.16999816894531,1278600
CAH,2023-09-20,85.32087707519531,89.37000274658203,89.73999786376953,88.41000366210938,88.7300033569336,1728500
CAH,2023-09-21,85.06311798095703,89.0999984741211,89.91999816894531,88.98999786376953,89.31999969482422,2006100
CAH,2023-09-22,84.92945861816406,88.95999908447266,89.61000061035156,88.7300033569336,88.83000183105469,1541500
CAH,2023-09-25,85.16813659667969,89.20999908447266,89.7300033569336,88.01000213623047,88.0999984741211,1388500
CAH,2023-09-26,84.65259552001953,88.66999816894531,89.47000122070312,88.41999816894531,88.79000091552734,1444800
CAH,2023-09-27,84.05115509033203,88.04000091552734,89.05999755859375,87.18000030517578,88.80000305175781,1951000
CAH,2023-09-28,83.82201385498047,87.80000305175781,88.58999633789062,87.63999938964844,88.30999755859375,1477600
CAH,2023-09-29,82.88642120361328,86.81999969482422,87.80000305175781,86.72000122070312,87.5199966430664,2318600
CAH,2023-10-02,82.94498443603516,86.37999725341797,87.05000305175781,85.81999969482422,85.9800033569336,2742200
CAH,2023-10-03,83.37710571289062,86.83000183105469,87.08000183105469,86.23999786376953,86.30000305175781,2555500
CAH,2023-10-04,85.3743896484375,88.91000366210938,88.93000030517578,86.69999694824219,86.95999908447266,3267000
CAH,2023-10-05,86.24819946289062,89.81999969482422,90.06999969482422,89.0199966430664,89.23999786376953,1951100
CAH,2023-10-06,86.35382080078125,89.93000030517578,90.2300033569336,89.0,89.83000183105469,1844200
CAH,2023-10-09,87.12202453613281,90.7300033569336,90.98999786376953,89.38999938964844,89.62000274658203,1303500
CAH,2023-10-10,87.96702575683594,91.61000061035156,91.83999633789062,90.38999938964844,90.47000122070312,1413600
CAH,2023-10-11,88.03423309326172,91.68000030517578,91.91999816894531,90.19000244140625,91.44999694824219,1974100
CAH,2023-10-12,88.22626495361328,91.87999725341797,92.36000061035156,91.26000213623047,91.77999877929688,1906000
CAH,2023-10-13,89.51300811767578,93.22000122070312,93.5199966430664,92.33999633789062,92.3499984741211,1919900
CAH,2023-10-16,88.97526550292969,92.66000366210938,93.94000244140625,92.61000061035156,93.58999633789062,1576200
CAH,2023-10-17,89.34014892578125,93.04000091552734,93.30999755859375,92.55999755859375,92.73999786376953,1951800
CAH,2023-10-18,90.0699462890625,93.80000305175781,94.37000274658203,92.91000366210938,93.30000305175781,2118900
CAH,2023-10-19,89.10009002685547,92.79000091552734,93.95999908447266,92.20999908447266,93.63999938964844,1913500
CAH,2023-10-20,88.7063980102539,92.37999725341797,93.16999816894531,92.06999969482422,93.06999969482422,1890900
CAH,2023-10-23,88.33189392089844,91.98999786376953,92.54000091552734,91.19000244140625,91.94000244140625,1591600
CAH,2023-10-24,89.70504760742188,93.41999816894531,93.44999694824219,92.30000305175781,92.30000305175781,1535900
CAH,2023-10-25,89.8106689453125,93.52999877929688,94.19000244140625,93.0,93.73999786376953,1384200
CAH,2023-10-26,88.86962890625,92.55000305175781,93.4000015258789,92.47000122070312,93.06999969482422,1616800
CAH,2023-10-27,87.75576782226562,91.38999938964844,92.86000061035156,90.98999786376953,92.26000213623047,1512400
CAH,2023-10-30,87.41968536376953,91.04000091552734,92.05999755859375,90.58999633789062,91.7300033569336,1636000
CAH,2023-10-31,87.38128662109375,91.0,91.44000244140625,90.19000244140625,91.41999816894531,3349200
CAH,2023-11-01,89.85868072509766,93.58000183105469,93.5999984741211,91.04000091552734,91.06999969482422,3341600
CAH,2023-11-02,90.05072021484375,93.77999877929688,93.87000274658203,91.1500015258789,92.93000030517578,2827500
CAH,2023-11-03,96.22502136230469,100.20999908447266,102.45999908447266,96.11000061035156,96.2699966430664,5293100
CAH,2023-11-06,97.61737823486328,101.66000366210938,102.0999984741211,98.79000091552734,99.5,2612100
CAH,2023-11-07,98.90408325195312,103.0,103.30000305175781,101.31999969482422,101.75,2808400
CAH,2023-11-08,98.20310974121094,102.2699966430664,103.5,101.62999725341797,103.0199966430664,2153900
CAH,2023-11-09,98.72163391113281,102.80999755859375,103.4000015258789,101.95999908447266,102.18000030517578,1898800
CAH,2023-11-10,99.97954559326172,104.12000274658203,104.58999633789062,103.02999877929688,103.08000183105469,1752900
CAH,2023-11-13,100.76693725585938,104.94000244140625,105.5,104.1500015258789,104.58000183105469,1751000
CAH,2023-11-14,98.80805969238281,102.9000015258789,104.5999984741211,102.02999877929688,104.33999633789062,2839700
CAH,2023-11-15,97.7518081665039,101.80000305175781,103.47000122070312,100.91999816894531,102.8499984741211,3692400
CAH,2023-11-16,99.19214630126953,103.30000305175781,104.25,102.2300033569336,102.33999633789062,1595600
CAH,2023-11-17,99.27857971191406,103.38999938964844,103.94999694824219,102.94000244140625,103.72000122070312,2693100
CAH,2023-11-20,101.07421112060547,105.26000213623047,105.80999755859375,102.91000366210938,102.91000366210938,2086100
CAH,2023-11-21,101.32386016845703,105.5199966430664,106.22000122070312,104.73999786376953,105.33000183105469,2158600
CAH,2023-11-22,101.66954040527344,105.87999725341797,106.3499984741211,105.25,105.79000091552734,1374500
CAH,2023-11-24,102.04405212402344,106.2699966430664,106.41999816894531,105.69999694824219,105.8499984741211,531500
CAH,2023-11-27,102.40895080566406,106.6500015258789,106.9000015258789,106.0999984741211,106.2699966430664,1512400
CAH,2023-11-28,101.93840789794922,106.16000366210938,107.1500015258789,105.97000122070312,106.75,1034800
CAH,2023-11-29,101.11262512207031,105.30000305175781,106.0999984741211,104.93000030517578,105.98999786376953,1463700
CAH,2023-11-30,102.82183074951172,107.08000183105469,107.16000366210938,104.8499984741211,105.01000213623047,2944400
CAH,2023-12-01,102.89865112304688,107.16000366210938,107.86000061035156,106.97000122070312,107.01000213623047,1617500
CAH,2023-12-04,103.18672180175781,107.45999908447266,107.55999755859375,106.5,106.69000244140625,1775000
CAH,2023-12-05,102.87943267822266,107.13999938964844,108.02999877929688,106.79000091552734,107.31999969482422,1601100
CAH,2023-12-06,101.65995025634766,105.87000274658203,106.94000244140625,104.91000366210938,106.94000244140625,1460500
CAH,2023-12-07,102.14967346191406,106.37999725341797,106.4000015258789,105.22000122070312,106.0999984741211,1749800
CAH,2023-12-08,102.5817642211914,106.83000183105469,107.02999877929688,105.66999816894531,106.69000244140625,1245000
CAH,2023-12-11,102.7162094116211,106.97000122070312,107.70999908447266,106.51000213623047,107.27999877929688,1372600
CAH,2023-12-12,103.6380386352539,107.93000030517578,108.41000366210938,106.7300033569336,107.2699966430664,1519100
CAH,2023-12-13,103.75325775146484,108.05000305175781,108.8499984741211,107.33999633789062,107.80000305175781,2294100
CAH,2023-12-14,98.6064224243164,102.69000244140625,104.20999908447266,100.55999755859375,104.0,5262200
CAH,2023-12-15,96.49390411376953,100.48999786376953,102.22000122070312,98.33999633789062,102.05000305175781,7262100
CAH,2023-12-18,97.09883880615234,101.12000274658203,102.30000305175781,100.51000213623047,101.62999725341797,2301700
CAH,2023-12-19,97.12765502929688,101.1500015258789,101.70999908447266,100.7699966430664,101.44000244140625,2178100
CAH,2023-12-20,95.1783676147461,99.12000274658203,101.16999816894531,99.02999877929688,101.16999816894531,2344500
CAH,2023-12-21,97.21407318115234,101.23999786376953,101.4800033569336,99.5999984741211,99.7699966430664,1578400
CAH,2023-12-22,97.30049133300781,101.33000183105469,101.98999786376953,100.70999908447266,101.55999755859375,1115800
CAH,2023-12-26,97.1180419921875,101.13999938964844,101.5199966430664,100.30000305175781,101.0999984741211,1339100
CAH,2023-12-27,96.94519805908203,100.95999908447266,101.13999938964844,100.26000213623047,100.87999725341797,1538200
CAH,2023-12-28,96.292236328125,100.27999877929688,101.43000030517578,100.02999877929688,101.06999969482422,1644100
CAH,2023-12-29,97.2775650024414,100.80000305175781,101.23999786376953,100.16000366210938,100.37999725341797,1508900
CAH,2024-01-02,99.0339584350586,102.62000274658203,102.87999725341797,100.56999969482422,100.68000030517578,1704500
CAH,2024-01-03,101.07023620605469,104.7300033569336,104.87000274658203,102.93000030517578,103.4000015258789,2393000
CAH,2024-01-04,101.87123107910156,105.55999755859375,106.23999786376953,103.80999755859375,103.9000015258789,2573300
CAH,2024-01-05,102.02564239501953,105.72000122070312,106.43000030517578,105.0999984741211,106.37000274658203,1636600
CAH,2024-01-08,101.4948501586914,105.16999816894531,106.25,104.33000183105469,106.25,1529100
CAH,2024-01-09,99.75775909423828,103.37000274658203,103.54000091552734,100.36000061035156,103.0,3096900
CAH,2024-01-10,100.5490951538086,104.19000244140625,105.30000305175781,103.4000015258789,104.23999786376953,2243600
CAH,2024-01-11,102.03529357910156,105.7300033569336,105.9000015258789,104.3499984741211,104.41999816894531,2298000
CAH,2024-01-12,102.09320068359375,105.79000091552734,106.05999755859375,104.8499984741211,105.72000122070312,2033200
CAH,2024-01-16,102.66255950927734,106.37999725341797,106.76000213623047,105.31999969482422,106.11000061035156,1848200
CAH,2024-01-17,101.77473449707031,105.45999908447266,108.38999938964844,105.0199966430664,106.76000213623047,1653600
CAH,2024-01-18,102.6722183227539,106.38999938964844,106.43000030517578,104.02999877929688,104.77999877929688,1279600
CAH,2024-01-19,101.79402923583984,105.4800033569336,107.2699966430664,105.18000030517578,106.68000030517578,1646700
CAH,2024-01-22,101.65890502929688,105.33999633789062,106.36000061035156,105.26000213623047,105.6500015258789,1544900
CAH,2024-01-23,100.88687133789062,104.54000091552734,104.87999725341797,103.76000213623047,104.54000091552734,1066200
CAH,2024-01-24,100.71316528320312,104.36000061035156,105.43000030517578,104.1500015258789,104.73999786376953,1758200
CAH,2024-01-25,102.0159912109375,105.70999908447266,105.83000183105469,103.94999694824219,104.93000030517578,2101900
CAH,2024-01-26,102.00633239746094,105.69999694824219,106.37999725341797,104.9800033569336,106.18000030517578,1897500
CAH,2024-01-29,102.5660629272461,106.27999877929688,106.7300033569336,105.41000366210938,105.72000122070312,2082300
CAH,2024-01-30,103.31880187988281,107.05999755859375,107.11000061035156,105.16000366210938,106.33000183105469,2135600
CAH,2024-01-31,105.37437438964844,109.19000244140625,111.4000015258789,107.6500015258789,109.0,5675100
CAH,2024-02-01,101.42729949951172,105.0999984741211,105.16999816894531,101.7699966430664,104.0,4648400
CAH,2024-02-02,99.8446044921875,103.45999908447266,106.63999938964844,103.0199966430664,105.80000305175781,3845000
CAH,2024-02-05,100.0086669921875,103.62999725341797,105.26000213623047,102.25,104.88999938964844,2524400
CAH,2024-02-06,100.43328094482422,104.06999969482422,104.94999694824219,103.55000305175781,104.45999908447266,2267400
CAH,2024-02-07,101.97738647460938,105.66999816894531,106.20999908447266,104.19999694824219,104.30999755859375,2054800
CAH,2024-02-08,99.14013671875,102.7300033569336,105.88999938964844,101.2699966430664,105.3499984741211,2454400
CAH,2024-02-09,101.28253936767578,104.94999694824219,105.41999816894531,103.23999786376953,103.5199966430664,2614600
CAH,2024-02-12,99.9990234375,103.62000274658203,104.69999694824219,102.38999938964844,104.66999816894531,2387900
CAH,2024-02-13,100.71316528320312,104.36000061035156,104.91000366210938,103.18000030517578,104.36000061035156,1854200
CAH,2024-02-14,99.93147277832031,103.55000305175781,104.77999877929688,103.19999694824219,104.68000030517578,1471100
CAH,2024-02-15,101.27289581298828,104.94000244140625,105.12000274658203,103.73999786376953,103.86000061035156,1509100
CAH,2024-02-16,100.80001068115234,104.44999694824219,105.5999984741211,104.36000061035156,104.98999786376953,2341300
CAH,2024-02-20,101.6878662109375,105.37000274658203,105.95999908447266,104.44999694824219,104.44999694824219,1873400
CAH,2024-02-21,101.8905258178711,105.58000183105469,106.02999877929688,104.7300033569336,105.91999816894531,1626800
CAH,2024-02-22,103.4056625366211,107.1500015258789,107.87000274658203,105.30000305175781,105.4800033569336,1417800
CAH,2024-02-23,104.31281280517578,108.08999633789062,108.0999984741211,107.16999816894531,107.52999877929688,974200
CAH,2024-02-26,106.4166488647461,110.2699966430664,111.0,109.31999969482422,109.62000274658203,5922800
CAH,2024-02-27,105.77970123291016,109.61000061035156,110.44999694824219,109.05999755859375,109.86000061035156,2777100
CAH,2024-02-28,107.75806427001953,111.66000366210938,111.72000122070312,108.83999633789062,109.5999984741211,2414700
CAH,2024-02-29,108.06687927246094,111.9800033569336,112.19999694824219,110.68000030517578,111.69000244140625,6327800
CAH,2024-03-01,109.40831756591797,113.37000274658203,114.87999725341797,112.26000213623047,114.44999694824219,2989900
CAH,2024-03-04,108.70381927490234,112.63999938964844,115.33000183105469,112.47000122070312,113.4800033569336,3370300
CAH,2024-03-05,108.9740219116211,112.91999816894531,113.58000183105469,111.91999816894531,112.91999816894531,1804400
CAH,2024-03-06,106.75440216064453,110.62000274658203,113.91999816894531,110.54000091552734,113.43000030517578,2432800
CAH,2024-03-07,109.69781494140625,113.66999816894531,113.75,110.6500015258789,111.43000030517578,1978700
CAH,2024-03-08,111.14541625976562,115.16999816894531,115.37999725341797,113.12000274658203,113.87999725341797,1800400
CAH,2024-03-11,111.44457244873047,115.4800033569336,115.80000305175781,113.87999725341797,114.7300033569336,2310600
CAH,2024-03-12,111.57969665527344,115.62000274658203,115.95999908447266,114.13999938964844,115.4800033569336,1963300
CAH,2024-03-13,107.1983413696289,111.08000183105469,116.04000091552734,110.48999786376953,116.0,4522800
CAH,2024-03-14,106.08850860595703,109.93000030517578,111.1500015258789,108.98999786376953,110.66999816894531,3348800
CAH,2024-03-15,106.7447509765625,110.61000061035156,110.61000061035156,108.58999633789062,109.0,4425300
CAH,2024-03-18,106.31049346923828,110.16000366210938,111.3499984741211,109.4800033569336,110.41000366210938,3650100
CAH,2024-03-19,108.9064712524414,112.8499984741211,113.0,109.37000274658203,110.22000122070312,2771300
CAH,2024-03-20,107.98003387451172,111.88999938964844,113.13999938964844,111.66000366210938,112.87999725341797,2350100
CAH,2024-03-21,108.59766387939453,112.52999877929688,112.69999694824219,110.94999694824219,111.9000015258789,2159100
CAH,2024-03-22,107.13078308105469,111.01000213623047,113.04000091552734,110.26000213623047,113.04000091552734,1760500
CAH,2024-03-25,107.13078308105469,111.01000213623047,111.87000274658203,110.41000366210938,111.02999877929688,1671300
CAH,2024-03-26,107.70015716552734,111.5999984741211,112.0,110.69000244140625,111.0,1480100
CAH,2024-03-27,108.6073226928711,112.54000091552734,112.58000183105469,110.69999694824219,112.11000061035156,1235400
CAH,2024-03-28,108.47257995605469,111.9000015258789,112.52999877929688,111.2300033569336,112.26000213623047,1655400
CAH,2024-04-01,108.6276626586914,112.05999755859375,112.2300033569336,110.45999908447266,111.69999694824219,1379500
CAH,2024-04-02,107.84248352050781,111.25,112.08999633789062,110.47000122070312,111.58000183105469,1620200
CAH,2024-04-03,107.53227233886719,110.93000030517578,112.37000274658203,110.55999755859375,111.77999877929688,1254300
CAH,2024-04-04,106.7470932006836,110.12000274658203,111.94999694824219,110.01000213623047,111.38999938964844,1377700
CAH,2024-04-05,106.55320739746094,109.91999816894531,110.95999908447266,109.86000061035156,110.05000305175781,1443700
CAH,2024-04-08,106.11700439453125,109.47000122070312,110.0999984741211,109.19999694824219,109.61000061035156,1958200
CAH,2024-04-09,104.75988006591797,108.06999969482422,109.87999725341797,106.33999633789062,109.73999786376953,1543400
CAH,2024-04-10,104.63387298583984,107.94000244140625,108.56999969482422,107.22000122070312,107.52999877929688,1178200
CAH,2024-04-11,103.1604232788086,106.41999816894531,108.30999755859375,106.3499984741211,107.83000183105469,1229000
CAH,2024-04-12,101.88084411621094,105.0999984741211,106.2300033569336,104.91999816894531,105.5,1535200
CAH,2024-04-15,103.7517318725586,107.02999877929688,108.2699966430664,106.44999694824219,106.79000091552734,1969100
CAH,2024-04-16,103.88744354248047,107.16999816894531,108.01000213623047,106.9000015258789,107.44000244140625,1515800
CAH,2024-04-17,103.25735473632812,106.5199966430664,108.0,106.26000213623047,108.0,1618300
CAH,2024-04-18,102.7532730102539,106.0,107.44000244140625,105.52999877929688,107.06999969482422,1540900
CAH,2024-04-19,104.87621307373047,108.19000244140625,108.41999816894531,106.27999877929688,106.37000274658203,1486100
CAH,2024-04-22,99.68038940429688,102.83000183105469,104.5,101.2300033569336,103.8499984741211,5287300
CAH,2024-04-23,100.2038345336914,103.37000274658203,103.75,101.58999633789062,102.66999816894531,2477400
CAH,2024-04-24,100.36863708496094,103.54000091552734,103.94999694824219,102.43000030517578,103.18000030517578,2057500
CAH,2024-04-25,100.63035583496094,103.80999755859375,104.87000274658203,103.58000183105469,103.7699966430664,1642700
CAH,2024-04-26,100.04874420166016,103.20999908447266,103.94000244140625,102.93000030517578,103.19999694824219,1399900
CAH,2024-04-29,99.75794219970703,102.91000366210938,103.68000030517578,102.18000030517578,103.0199966430664,1584600
CAH,2024-04-30,99.88395690917969,103.04000091552734,103.33999633789062,102.37999725341797,102.91000366210938,2456100
CAH,2024-05-01,99.04059600830078,102.16999816894531,103.0999984741211,100.55999755859375,102.25,2858800
CAH,2024-05-02,99.82579040527344,102.9800033569336,106.68000030517578,100.0,100.0,3684800
CAH,2024-05-03,95.88044738769531,98.91000366210938,102.26000213623047,98.23999786376953,101.68000030517578,3446200
CAH,2024-05-06,95.57024383544922,98.58999633789062,99.69999694824219,98.33000183105469,99.41999816894531,1889700
CAH,2024-05-07,96.66563415527344,99.72000122070312,99.91000366210938,98.7300033569336,98.7699966430664,2307800
CAH,2024-05-08,94.45549011230469,97.44000244140625,100.08999633789062,97.30999755859375,99.83999633789062,2280600
CAH,2024-05-09,95.05647277832031,98.05999755859375,98.87000274658203,97.36000061035156,97.36000061035156,1822300
CAH,2024-05-10,96.48145294189453,99.52999877929688,100.08000183105469,98.22000122070312,98.22000122070312,1726400
CAH,2024-05-13,95.03709411621094,98.04000091552734,99.86000061035156,97.9000015258789,99.61000061035156,1392200
CAH,2024-05-14,94.4457778930664,97.43000030517578,98.6500015258789,96.94999694824219,98.33000183105469,1338600
CAH,2024-05-15,94.13557434082031,97.11000061035156,98.12999725341797,96.87999725341797,97.2300033569336,1671400
CAH,2024-05-16,95.67687225341797,98.69999694824219,99.06999969482422,97.2699966430664,97.55999755859375,2024000
CAH,2024-05-17,96.04523468017578,99.08000183105469,99.4000015258789,98.3499984741211,99.2699966430664,1308000
CAH,2024-05-20,95.44422912597656,98.45999908447266,99.27999877929688,97.86000061035156,99.27999877929688,1399900
CAH,2024-05-21,93.06927490234375,96.01000213623047,98.55999755859375,95.76000213623047,98.2699966430664,2178600
CAH,2024-05-22,93.36975860595703,96.31999969482422,97.12999725341797,95.5,95.87999725341797,1814300
CAH,2024-05-23,93.10804748535156,96.05000305175781,96.94999694824219,95.9000015258789,96.23999786376953,2059000
CAH,2024-05-24,93.4376220703125,96.38999938964844,96.75,95.66000366210938,96.41000366210938,1207000
CAH,2024-05-28,91.84786987304688,94.75,95.87999725341797,94.20999908447266,95.83000183105469,1782900
CAH,2024-05-29,93.19529724121094,96.13999938964844,96.25,94.04000091552734,94.61000061035156,1721600
CAH,2024-05-30,94.71720123291016,97.70999908447266,98.0999984741211,96.0199966430664,96.26000213623047,2153300
CAH,2024-05-31,96.22941589355469,99.2699966430664,99.44000244140625,97.05999755859375,97.7300033569336,4182700
CAH,2024-06-03,96.4620590209961,99.51000213623047,99.73999786376953,98.30999755859375,98.56999969482422,1774000
CAH,2024-06-04,95.30851745605469,98.31999969482422,99.83999633789062,97.55000305175781,99.2300033569336,1823600
CAH,2024-06-05,94.95953369140625,97.95999908447266,98.45999908447266,97.0199966430664,98.45999908447266,1373000
CAH,2024-06-06,95.77381134033203,98.80000305175781,98.94999694824219,97.37999725341797,97.79000091552734,1719800
CAH,2024-06-07,95.49270629882812,98.51000213623047,99.31999969482422,98.33999633789062,99.06999969482422,1651000
CAH,2024-06-10,95.81259155273438,98.83999633789062,98.94999694824219,97.16000366210938,98.18000030517578,1404500
CAH,2024-06-11,95.97737884521484,99.01000213623047,99.41999816894531,98.04000091552734,98.69000244140625,1694900
CAH,2024-06-12,95.96768951416016,99.0,99.19000244140625,97.12999725341797,99.0,1897900
CAH,2024-06-13,97.52838134765625,100.61000061035156,101.16999816894531,97.72000122070312,98.75,2121500
CAH,2024-06-14,97.13092803955078,100.19999694824219,100.95999908447266,99.68000030517578,100.58999633789062,1442600
CAH,2024-06-17,97.85796356201172,100.94999694824219,101.0,98.87999725341797,99.91999816894531,2377400
CAH,2024-06-18,100.90177917480469,104.08999633789062,105.05000305175781,100.81999969482422,101.16999816894531,2797800
CAH,2024-06-20,101.17321014404297,104.37000274658203,105.31999969482422,103.94999694824219,104.16000366210938,2952100
CAH,2024-06-21,101.42523956298828,104.62999725341797,105.13999938964844,103.12000274658203,104.52999877929688,4356400
CAH,2024-06-24,101.6869888305664,104.9000015258789,105.72000122070312,104.45999908447266,104.93000030517578,2285000
CAH,2024-06-25,99.97119140625,103.12999725341797,105.7300033569336,103.12000274658203,105.6500015258789,1713300
CAH,2024-06-26,98.00336456298828,101.0999984741211,102.87999725341797,100.44999694824219,102.62000274658203,2106000
CAH,2024-06-27,96.56871795654297,99.62000274658203,101.4000015258789,98.19999694824219,100.95999908447266,2352200
CAH,2024-06-28,95.30851745605469,98.31999969482422,100.5999984741211,98.08000183105469,100.04000091552734,4055700
CAH,2024-07-01,95.25589752197266,97.76000213623047,99.5199966430664,97.41000366210938,98.16999816894531,1793700
CAH,2024-07-02,94.06714630126953,96.54000091552734,97.7699966430664,96.08999633789062,97.76000213623047,1940300
CAH,2024-07-03,93.24864959716797,95.69999694824219,96.95999908447266,95.12999725341797,96.66999816894531,1121300
CAH,2024-07-05,93.43379211425781,95.88999938964844,96.2699966430664,94.4000015258789,95.58000183105469,2069000
CAH,2024-07-08,94.3984375,96.87999725341797,97.31999969482422,95.98999786376953,95.98999786376953,2293300
CAH,2024-07-09,93.55073547363281,96.01000213623047,97.2699966430664,95.3499984741211,97.2699966430664,1766700
CAH,2024-07-10,93.1414794921875,95.58999633789062,96.31999969482422,95.3499984741211,96.02999877929688,1612600
CAH,2024-07-11,92.04043579101562,94.45999908447266,95.27999877929688,93.5199966430664,95.13999938964844,2710500
CAH,2024-07-12,91.68965148925781,94.0999984741211,95.54000091552734,94.0199966430664,94.98999786376953,1891000
CAH,2024-07-15,91.33887481689453,93.73999786376953,95.98999786376953,93.16999816894531,94.86000061035156,2346800
CAH,2024-07-16,92.96609497070312,95.41000366210938,95.5,93.98999786376953,94.0,1647200
CAH,2024-07-17,93.51174926757812,95.97000122070312,96.94999694824219,95.47000122070312,95.81999969482422,1685600
CAH,2024-07-18,92.8589096069336,95.30000305175781,96.76000213623047,94.98999786376953,95.66999816894531,1379900
CAH,2024-07-19,92.59581756591797,95.02999877929688,96.36000061035156,94.29000091552734,96.36000061035156,1614800
CAH,2024-07-22,92.97583770751953,95.41999816894531,96.69999694824219,94.98999786376953,95.47000122070312,1534700
CAH,2024-07-23,93.38507843017578,95.83999633789062,96.16999816894531,94.8499984741211,95.66999816894531,1169300
CAH,2024-07-24,94.23279571533203,96.70999908447266,96.8499984741211,95.12999725341797,96.19000244140625,1693400
CAH,2024-07-25,94.42766571044922,96.91000366210938,98.9000015258789,96.8499984741211,97.04000091552734,1577200
CAH,2024-07-26,95.8307876586914,98.3499984741211,98.83999633789062,97.18000030517578,97.18000030517578,1383500
CAH,2024-07-29,95.6651382446289,98.18000030517578,98.97000122070312,97.41999816894531,98.41000366210938,1160700
CAH,2024-07-30,97.69186401367188,100.26000213623047,100.29000091552734,97.9800033569336,97.9800033569336,1524000
CAH,2024-07-31,98.24726867675781,100.83000183105469,101.55000305175781,99.83999633789062,100.12999725341797,3007800
CAH,2024-08-01,100.74169921875,103.38999938964844,103.44999694824219,101.08999633789062,101.29000091552734,1740000
CAH,2024-08-02,98.9975357055664,101.5999984741211,105.08000183105469,99.55000305175781,104.0,2613300
CAH,2024-08-05,95.84053039550781,98.36000061035156,102.05999755859375,97.83000183105469,101.37999725341797,2318600
CAH,2024-08-06,96.9708023071289,99.5199966430664,100.76000213623047,98.19999694824219,98.36000061035156,1935000
CAH,2024-08-07,97.15595245361328,99.70999908447266,100.75,98.75,99.36000061035156,1558500
CAH,2024-08-08,96.38618469238281,98.91999816894531,99.19000244140625,96.05000305175781,98.5,1727100
CAH,2024-08-09,98.09136199951172,100.66999816894531,101.06999969482422,98.06999969482422,99.0,1193000
CAH,2024-08-12,98.08161926269531,100.66000366210938,102.11000061035156,100.06999969482422,100.44999694824219,1338900
CAH,2024-08-13,99.95243835449219,102.58000183105469,102.80999755859375,100.80000305175781,100.80999755859375,1970700
CAH,2024-08-14,103.63561248779297,106.36000061035156,109.0,105.01000213623047,109.0,4314700
CAH,2024-08-15,105.14591217041016,107.91000366210938,108.08000183105469,105.01000213623047,105.01000213623047,3140900
CAH,2024-08-16,107.03621673583984,109.8499984741211,110.0,107.55000305175781,108.04000091552734,2452200
CAH,2024-08-19,106.97775268554688,109.79000091552734,109.9000015258789,108.58000183105469,109.55000305175781,1301700
CAH,2024-08-20,106.091064453125,108.87999725341797,109.79000091552734,107.94000244140625,109.69000244140625,1548300
CAH,2024-08-21,106.84135437011719,109.6500015258789,110.19999694824219,109.16000366210938,109.2300033569336,1327200
CAH,2024-08-22,107.60136413574219,110.43000030517578,110.5999984741211,109.66999816894531,109.98999786376953,1346600
CAH,2024-08-23,106.63671875,109.44000244140625,110.81999969482422,109.25,110.72000122070312,1315800
CAH,2024-08-26,106.8023681640625,109.61000061035156,109.95999908447266,108.77999877929688,109.30999755859375,1161600
CAH,2024-08-27,107.26032257080078,110.08000183105469,110.69000244140625,109.33999633789062,109.83999633789062,1284500
CAH,2024-08-28,108.19573974609375,111.04000091552734,111.5999984741211,110.31999969482422,110.31999969482422,1544800
CAH,2024-08-29,109.3260269165039,112.19999694824219,112.37000274658203,111.01000213623047,111.48999786376953,1919400
CAH,2024-08-30,109.83270263671875,112.72000122070312,113.13999938964844,111.87999725341797,112.2300033569336,1836600
CAH,2024-09-03,111.72300720214844,114.66000366210938,116.05000305175781,113.01000213623047,113.01000213623047,2566200
CAH,2024-09-04,110.99221801757812,113.91000366210938,115.81999969482422,112.83999633789062,115.0,1742700
CAH,2024-09-05,108.90704345703125,111.7699966430664,113.66000366210938,111.25,113.4000015258789,2801500
CAH,2024-09-06,108.90704345703125,111.7699966430664,112.87000274658203,111.19999694824219,111.93000030517578,3016200
CAH,2024-09-09,109.91065979003906,112.80000305175781,113.66999816894531,112.06999969482422,112.5,1866200
CAH,2024-09-10,111.44043731689453,114.37000274658203,115.18000030517578,112.37000274658203,112.97000122070312,2287500
CAH,2024-09-11,110.44657135009766,113.3499984741211,113.88999938964844,112.31999969482422,113.75,1940700
CAH,2024-09-12,109.51114654541016,112.38999938964844,113.55000305175781,112.30000305175781,113.27999877929688,1457000
CAH,2024-09-13,110.27117919921875,113.16999816894531,113.83000183105469,112.04000091552734,112.5,1065500
CAH,2024-09-16,110.37835693359375,113.27999877929688,114.69000244140625,113.04000091552734,113.87999725341797,1294800
CAH,2024-09-17,108.46855926513672,111.31999969482422,113.22000122070312,111.02999877929688,112.81999969482422,1807100
CAH,2024-09-18,108.55626678466797,111.41000366210938,112.05999755859375,110.7699966430664,110.7699966430664,1260900
CAH,2024-09-19,107.92290496826172,110.76000213623047,112.3499984741211,110.3499984741211,111.47000122070312,1696600
CAH,2024-09-20,108.97525024414062,111.83999633789062,111.87000274658203,110.30000305175781,110.47000122070312,3291100
CAH,2024-09-23,108.97525024414062,111.83999633789062,112.79000091552734,110.63999938964844,112.19999694824219,2009100
CAH,2024-09-24,107.36750030517578,110.19000244140625,111.23999786376953,109.80999755859375,111.13999938964844,3198100
CAH,2024-09-25,106.03260040283203,108.81999969482422,110.6500015258789,106.54000091552734,110.0999984741211,3035000
CAH,2024-09-26,106.43209075927734,109.2300033569336,109.7699966430664,108.0999984741211,108.36000061035156,2559600
CAH,2024-09-27,106.97775268554688,109.79000091552734,110.30000305175781,109.22000122070312,109.22000122070312,1684000
CAH,2024-09-30,107.68904876708984,110.5199966430664,110.81999969482422,110.04000091552734,110.04000091552734,1992900
CAH,2024-10-01,107.99836730957031,110.33000183105469,110.55999755859375,109.43000030517578,110.45999908447266,1755700
CAH,2024-10-02,107.88091278076172,110.20999908447266,110.51000213623047,109.56999969482422,110.33999633789062,1678900
CAH,2024-10-03,108.01795959472656,110.3499984741211,110.51000213623047,109.75,110.37999725341797,2468900
CAH,2024-10-04,109.6135025024414,111.9800033569336,112.06999969482422,110.0999984741211,110.55000305175781,1490500
CAH,2024-10-07,109.39816284179688,111.76000213623047,112.01000213623047,111.37000274658203,111.70999908447266,1243700
CAH,2024-10-08,110.23998260498047,112.62000274658203,112.87999725341797,111.77999877929688,112.31999969482422,2085200
CAH,2024-10-09,112.11940002441406,114.54000091552734,114.68000030517578,112.29000091552734,112.6500015258789,1372400
CAH,2024-10-10,111.43419647216797,113.83999633789062,115.13999938964844,113.75,114.9000015258789,1442300
CAH,2024-10-11,110.13230895996094,112.51000213623047,114.68000030517578,111.93000030517578,114.16000366210938,1908300
CAH,2024-10-14,109.55477142333984,111.91999816894531,112.62000274658203,111.69999694824219,112.62000274658203,2267700
CAH,2024-10-15,109.6135025024414,111.9800033569336,113.41000366210938,111.05000305175781,111.41999816894531,2050400
CAH,2024-10-16,110.17146301269531,112.55000305175781,113.25,111.55000305175781,111.56999969482422,1405400
CAH,2024-10-17,109.5645751953125,111.93000030517578,112.29000091552734,110.91999816894531,111.27999877929688,1359300
CAH,2024-10-18,110.03441619873047,112.41000366210938,112.55999755859375,111.04000091552734,111.88999938964844,1369600
CAH,2024-10-21,109.94631958007812,112.31999969482422,113.19000244140625,111.8499984741211,112.70999908447266,1401900
CAH,2024-10-22,109.85822296142578,112.2300033569336,112.76000213623047,111.6500015258789,112.16000366210938,1104400
CAH,2024-10-23,109.55477142333984,111.91999816894531,112.9000015258789,111.41999816894531,112.37000274658203,988800
CAH,2024-10-24,109.78971099853516,112.16000366210938,112.70999908447266,111.48999786376953,111.76000213623047,1040900
CAH,2024-10-25,108.5465316772461,110.88999938964844,111.98999786376953,110.5199966430664,111.80999755859375,1315200
CAH,2024-10-28,108.52696990966797,110.87000274658203,111.66000366210938,110.30000305175781,111.3499984741211,1227100
CAH,2024-10-29,107.73408508300781,110.05999755859375,111.68000030517578,109.95999908447266,110.83000183105469,2098900
CAH,2024-10-30,105.60993957519531,107.88999938964844,109.9000015258789,106.9800033569336,109.69999694824219,2105200
CAH,2024-10-31,106.22661590576172,108.5199966430664,109.02999877929688,107.11000061035156,107.66000366210938,2877500
CAH,2024-11-01,113.67579650878906,116.12999725341797,119.12999725341797,112.87000274658203,112.87000274658203,3876400
CAH,2024-11-04,109.53519439697266,111.9000015258789,117.06999969482422,111.8499984741211,117.06999969482422,4392700
CAH,2024-11-05,110.78814697265625,113.18000030517578,114.05000305175781,110.62999725341797,112.22000122070312,1774200
CAH,2024-11-06,113.1374282836914,115.58000183105469,116.54000091552734,113.6500015258789,116.0999984741211,2006700
CAH,2024-11-07,115.72162628173828,118.22000122070312,119.58000183105469,116.0,116.08000183105469,2904900
CAH,2024-11-08,118.01217651367188,120.55999755859375,121.79000091552734,117.81999969482422,118.55999755859375,2790900
CAH,2024-11-11,119.06936645507812,121.63999938964844,123.18000030517578,120.7300033569336,121.38999938964844,2137300
CAH,2024-11-12,120.89983367919922,123.51000213623047,125.41000366210938,121.69000244140625,121.93000030517578,3262300
CAH,2024-11-13,122.68138885498047,125.33000183105469,126.13999938964844,122.37000274658203,123.43000030517578,4785100
CAH,2024-11-14,118.72675323486328,121.29000091552734,124.7300033569336,120.95999908447266,124.69000244140625,3171500
CAH,2024-11-15,116.26980590820312,118.77999877929688,122.7300033569336,118.69000244140625,122.16000366210938,2241200
CAH,2024-11-18,117.49337768554688,120.02999877929688,120.4000015258789,118.4800033569336,118.76000213623047,1702400
CAH,2024-11-19,115.82930755615234,118.33000183105469,120.44999694824219,118.19000244140625,119.5199966430664,2608100
CAH,2024-11-20,117.79682922363281,120.33999633789062,120.41000366210938,118.02999877929688,118.36000061035156,2023100
CAH,2024-11-21,120.8117446899414,123.41999816894531,123.51000213623047,119.4000015258789,120.0999984741211,2008200
CAH,2024-11-22,119.26512908935547,121.83999633789062,124.06999969482422,121.79000091552734,123.4000015258789,2264500
CAH,2024-11-25,119.19660949707031,121.7699966430664,122.5,120.5999984741211,121.77999877929688,3582200
CAH,2024-11-26,119.85246276855469,122.44000244140625,122.98999786376953,120.55999755859375,122.9000015258789,1684700
CAH,2024-11-27,120.03843688964844,122.62999725341797,123.48999786376953,121.5199966430664,122.01000213623047,1041500
CAH,2024-11-29,119.65667724609375,122.23999786376953,123.62999725341797,122.0,122.81999969482422,878200
CAH,2024-12-02,119.88182830810547,122.47000122070312,123.16999816894531,121.63999938964844,122.9000015258789,2391600
CAH,2024-12-03,120.66490173339844,123.2699966430664,123.69999694824219,122.1500015258789,123.18000030517578,1451000
CAH,2024-12-04,122.59326934814453,125.23999786376953,126.2300033569336,123.30999755859375,123.69999694824219,1641200
CAH,2024-12-05,120.24398803710938,122.83999633789062,125.23999786376953,121.1500015258789,124.5999984741211,2585100
CAH,2024-12-06,120.16569519042969,122.76000213623047,123.87000274658203,122.18000030517578,123.38999938964844,1583900
CAH,2024-12-09,119.0106201171875,121.58000183105469,123.63999938964844,119.7300033569336,122.7699966430664,2087100
CAH,2024-12-10,117.87515258789062,120.41999816894531,121.58000183105469,119.41999816894531,121.58000183105469,1307000
CAH,2024-12-11,114.93853759765625,117.41999816894531,121.05999755859375,116.73999786376953,120.95999908447266,2013200
CAH,2024-12-12,114.97769927978516,117.45999908447266,119.2699966430664,117.31999969482422,117.87999725341797,2998600
CAH,2024-12-13,115.60417175292969,118.0999984741211,118.91000366210938,117.06999969482422,118.80999755859375,1413600
CAH,2024-12-16,114.08692932128906,116.55000305175781,118.77999877929688,116.2699966430664,118.12999725341797,1939700
CAH,2024-12-17,113.37236022949219,115.81999969482422,116.56999969482422,114.5999984741211,115.87000274658203,1874800
CAH,2024-12-18,113.46045684814453,115.91000366210938,117.29000091552734,115.18000030517578,116.12000274658203,2203400
CAH,2024-12-19,114.52741241455078,117.0,117.63999938964844,115.0,115.72000122070312,2597300
CAH,2024-12-20,115.78036499023438,118.27999877929688,118.86000061035156,116.02999877929688,117.01000213623047,9313100
CAH,2024-12-23,115.84888458251953,118.3499984741211,118.77999877929688,116.69000244140625,118.27999877929688,1514200
CAH,2024-12-24,116.31874084472656,118.83000183105469,119.3499984741211,117.81999969482422,117.87999725341797,623500
CAH,2024-12-26,116.68091583251953,119.19999694824219,119.58999633789062,118.62999725341797,118.86000061035156,904200
CAH,2024-12-27,116.62218475341797,119.13999938964844,119.55000305175781,118.3499984741211,118.7300033569336,1215300
CAH,2024-12-30,115.42797088623047,117.91999816894531,118.63999938964844,117.52999877929688,118.30000305175781,1121800
CAH,2024-12-31,115.77056884765625,118.2699966430664,119.30999755859375,117.76000213623047,118.11000061035156,1199900
CAH,2025-01-02,116.02224731445312,118.0199966430664,119.13999938964844,117.52999877929688,118.29000091552734,1478500
CAH,2025-01-03,117.28057861328125,119.30000305175781,120.31999969482422,118.44000244140625,118.83999633789062,1717500
CAH,2025-01-06,117.60498809814453,119.62999725341797,121.94999694824219,119.0,121.41000366210938,2777700
CAH,2025-01-07,119.34503173828125,121.4000015258789,122.0,119.11000061035156,120.66999816894531,3394600
CAH,2025-01-08,120.4559097290039,122.52999877929688,122.83000183105469,120.87999725341797,122.6500015258789,2261900
CAH,2025-01-10,119.51216125488281,121.56999969482422,122.75,121.11000061035156,121.81999969482422,1974300
CAH,2025-01-13,118.81417846679688,120.86000061035156,121.2699966430664,119.25,121.08000183105469,1644300
CAH,2025-01-14,121.93050384521484,124.02999877929688,124.30999755859375,119.91999816894531,120.87000274658203,2375500
CAH,2025-01-15,122.59900665283203,124.70999908447266,124.77999877929688,122.48999786376953,124.38999938964844,2144100
CAH,2025-01-16,124.8797378540039,127.02999877929688,127.08000183105469,124.37000274658203,124.69999694824219,1927200
CAH,2025-01-17,124.1325912475586,126.2699966430664,127.2699966430664,125.16999816894531,127.19999694824219,1717600
CAH,2025-01-21,125.66618347167969,127.83000183105469,127.88999938964844,126.51000213623047,126.95999908447266,1589000
CAH,2025-01-22,126.57061767578125,128.75,129.36000061035156,126.41000366210938,127.8499984741211,1627100
CAH,2025-01-23,127.11131286621094,129.3000030517578,129.67999267578125,127.30999755859375,129.4199981689453,1531300
CAH,2025-01-24,126.64926147460938,128.8300018310547,129.47000122070312,128.52999877929688,129.47000122070312,1595300
CAH,2025-01-27,128.51708984375,130.72999572753906,131.0,128.8699951171875,129.3800048828125,2191100
CAH,2025-01-28,125.5678939819336,127.7300033569336,131.2899932861328,127.5,130.83999633789062,2024500
CAH,2025-01-29,125.59738159179688,127.76000213623047,128.52999877929688,126.94999694824219,128.5,3901200
CAH,2025-01-30,126.08890533447266,128.25999450683594,132.83999633789062,125.0,127.16000366210938,3837100
CAH,2025-01-31,121.5667724609375,123.66000366210938,127.9800033569336,122.86000061035156,126.80000305175781,6025700
CAH,2025-02-03,123.20851135253906,125.33000183105469,126.47000122070312,123.0,123.91999816894531,3039800
CAH,2025-02-04,123.05121612548828,125.16999816894531,127.47000122070312,123.56999969482422,123.56999969482422,2588600
CAH,2025-02-05,125.29261779785156,127.44999694824219,128.55999755859375,126.33000183105469,127.0199966430664,2358700
CAH,2025-02-06,124.89939880371094,127.05000305175781,127.19000244140625,125.73999786376953,126.7300033569336,2454800
CAH,2025-02-07,125.21397399902344,127.37000274658203,128.4499969482422,126.62000274658203,126.77999877929688,1797500
CAH,2025-02-10,125.04684448242188,127.19999694824219,127.79000091552734,126.19000244140625,127.3499984741211,1870500
CAH,2025-02-11,126.21670532226562,128.38999938964844,128.80999755859375,126.95999908447266,127.30999755859375,2357200
CAH,2025-02-12,124.90921783447266,127.05999755859375,130.52999877929688,127.02999877929688,128.35000610351562,2771600
CAH,2025-02-13,124.63395690917969,126.77999877929688,128.50999450683594,125.2699966430664,127.61000061035156,2390500
CAH,2025-02-14,124.07362365722656,126.20999908447266,127.9000015258789,126.16000366210938,127.0,1620300
CAH,2025-02-18,124.1129379272461,126.25,126.5199966430664,123.94000244140625,125.80000305175781,1973400
CAH,2025-02-19,124.6044692993164,126.75,127.13999938964844,125.62000274658203,125.77999877929688,2290700
CAH,2025-02-20,125.22380828857422,127.37999725341797,127.62000274658203,126.01000213623047,126.19000244140625,2057600
CAH,2025-02-21,124.90921783447266,127.05999755859375,127.97000122070312,126.5,126.91000366210938,2354600
CAH,2025-02-24,125.39093017578125,127.55000305175781,128.6300048828125,126.08000183105469,126.58999633789062,2007300
CAH,2025-02-25,125.64653015136719,127.80999755859375,128.27000427246094,126.12999725341797,127.8499984741211,2775200
CAH,2025-02-26,125.02719116210938,127.18000030517578,128.92999267578125,127.13999938964844,127.52999877929688,2921400
CAH,2025-02-27,125.31228637695312,127.47000122070312,128.6699981689453,127.08000183105469,127.58000183105469,1710000
CAH,2025-02-28,127.28825378417969,129.47999572753906,129.75999450683594,126.9800033569336,127.87999725341797,3852100
CAH,2025-03-03,126.99333190917969,129.17999267578125,131.47000122070312,128.60000610351562,129.33999633789062,2760500
CAH,2025-03-04,124.17192077636719,126.30999755859375,129.82000732421875,126.16999816894531,129.25999450683594,2545100
CAH,2025-03-05,125.26313018798828,127.41999816894531,128.6199951171875,125.75,126.0,2373100
CAH,2025-03-06,124.86006927490234,127.01000213623047,127.76000213623047,125.66000366210938,126.76000213623047,3649100
CAH,2025-03-07,124.35869598388672,126.5,128.17999267578125,125.47000122070312,126.19000244140625,2615100
CAH,2025-03-10,121.83222198486328,123.93000030517578,128.17999267578125,122.26000213623047,125.69999694824219,4447100
CAH,2025-03-11,122.0681381225586,124.16999816894531,125.58999633789062,122.86000061035156,123.62000274658203,2582200
CAH,2025-03-12,124.68310546875,126.83000183105469,127.83000183105469,124.16999816894531,124.58000183105469,2761800
CAH,2025-03-13,124.1325912475586,126.2699966430664,127.37999725341797,125.3499984741211,127.0999984741211,1664600
CAH,2025-03-14,125.83331298828125,128.0,128.3699951171875,125.13999938964844,126.27999877929688,1863200
CAH,2025-03-17,127.82894897460938,130.02999877929688,130.05999755859375,127.58999633789062,127.58999633789062,1834700
CAH,2025-03-18,129.23475646972656,131.4600067138672,131.83999633789062,129.49000549316406,130.0,1529600
CAH,2025-03-19,129.88357543945312,132.1199951171875,132.47999572753906,130.4600067138672,131.4600067138672,1364400
CAH,2025-03-20,130.82733154296875,133.0800018310547,133.11000061035156,131.41000366210938,132.14999389648438,1788600
CAH,2025-03-21,129.657470703125,131.88999938964844,133.6699981689453,131.4199981689453,133.2100067138672,5709500
CAH,2025-03-24,130.95513916015625,133.2100067138672,133.55999755859375,131.6699981689453,132.8699951171875,2153200
CAH,2025-03-25,130.50291442871094,132.75,133.67999267578125,131.69000244140625,133.5500030517578,2122600
CAH,2025-03-26,131.71206665039062,133.97999572753906,134.75999450683594,132.8699951171875,133.22999572753906,1232100
CAH,2025-03-27,134.33688354492188,136.64999389648438,137.05999755859375,133.64999389648438,134.80999755859375,2751300
CAH,2025-03-28,134.13046264648438,136.44000244140625,137.17999267578125,135.92999267578125,136.92999267578125,1873300
CAH,2025-03-31,135.4379425048828,137.77000427246094,138.6199951171875,136.00999450683594,136.33999633789062,2472700
CAH,2025-04-01,135.30572509765625,137.1300048828125,137.91000366210938,136.17999267578125,137.55999755859375,2358100
CAH,2025-04-02,136.82522583007812,138.6699981689453,139.14999389648438,136.52000427246094,136.77999877929688,1399100
CAH,2025-04-03,135.26626586914062,137.08999633789062,139.5,135.3000030517578,138.6300048828125,4062500
CAH,2025-04-04,127.9054946899414,129.6300048828125,136.2100067138672,128.77000427246094,134.47999572753906,3779400
CAH,2025-04-07,124.0080337524414,125.68000030517578,129.0,120.72000122070312,125.37999725341797,5505200
CAH,2025-04-08,123.33708190917969,125.0,130.27000427246094,123.6500015258789,129.33999633789062,4782300
CAH,2025-04-09,128.71458435058594,130.4499969482422,130.7899932861328,121.16999816894531,123.69999694824219,4287300
CAH,2025-04-10,127.16547393798828,128.8800048828125,130.27999877929688,124.7300033569336,128.82000732421875,3180900
CAH,2025-04-11,130.0170135498047,131.77000427246094,132.75,128.44000244140625,128.61000061035156,2168100
CAH,2025-04-14,132.98696899414062,134.77999877929688,135.0,131.4600067138672,132.64999389648438,2417900
CAH,2025-04-15,132.4640350341797,134.25,135.85000610351562,132.8000030517578,135.55999755859375,2277700
CAH,2025-04-16,132.57257080078125,134.36000061035156,136.3300018310547,133.50999450683594,134.35000610351562,3167900
CAH,2025-04-17,132.91790771484375,134.7100067138672,136.5399932861328,133.63999938964844,133.66000366210938,2350100
CAH,2025-04-21,129.4250030517578,131.1699981689453,135.7899932861328,129.52000427246094,135.52000427246094,2826000
CAH,2025-04-22,131.91148376464844,133.69000244140625,134.13999938964844,130.52000427246094,132.47999572753906,1700700
CAH,2025-04-23,132.64163208007812,134.42999267578125,136.22999572753906,133.25999450683594,134.10000610351562,2196600
CAH,2025-04-24,134.0328826904297,135.83999633789062,136.27000427246094,133.47999572753906,133.97000122070312,1588300
CAH,2025-04-25,135.72999572753906,137.55999755859375,137.7899932861328,134.75999450683594,135.92999267578125,1804000
CAH,2025-04-28,136.4009552001953,138.24000549316406,138.91000366210938,136.9499969482422,138.0,1766200
CAH,2025-04-29,137.9796600341797,139.83999633789062,140.5,137.35000610351562,138.24000549316406,2103200
CAH,2025-04-30,139.41036987304688,141.2899932861328,141.72999572753906,138.58999633789062,140.0800018310547,3469000
CAH,2025-05-01,143.59396362304688,145.52999877929688,147.27000427246094,136.7100067138672,140.00999450683594,4035700
CAH,2025-05-02,147.54075622558594,149.52999877929688,150.1199951171875,146.35000610351562,147.27999877929688,3365900
CAH,2025-05-05,149.968017578125,151.99000549316406,152.97999572753906,150.2100067138672,150.69000244140625,3160000
CAH,2025-05-06,149.67201232910156,151.69000244140625,152.6699981689453,150.6699981689453,151.25999450683594,2265600
CAH,2025-05-07,151.4381866455078,153.47999572753906,153.74000549316406,151.52999877929688,151.80999755859375,2309700
CAH,2025-05-08,145.31082153320312,147.27000427246094,154.07000732421875,146.6300048828125,153.8699951171875,4363900
CAH,2025-05-09,146.2481689453125,148.22000122070312,149.74000549316406,147.17999267578125,147.86000061035156,3241400
CAH,2025-05-12,146.6428680419922,148.6199951171875,148.9199981689453,142.94000244140625,148.39999389648438,3997800
CAH,2025-05-13,146.28765869140625,148.25999450683594,149.2100067138672,147.4499969482422,148.16000366210938,2293100
CAH,2025-05-14,146.4356689453125,148.41000366210938,149.52000427246094,147.74000549316406,148.8699951171875,1978900
CAH,2025-05-15,149.92857360839844,151.9499969482422,151.9600067138672,148.0,148.9199981689453,1948100
CAH,2025-05-16,152.1979522705078,154.25,154.32000732421875,151.25,151.8800048828125,2804900
CAH,2025-05-19,151.81314086914062,153.86000061035156,154.6300048828125,153.25999450683594,154.1300048828125,1578900
CAH,2025-05-20,152.7110595703125,154.77000427246094,156.44000244140625,152.5500030517578,154.61000061035156,1928800
CAH,2025-05-21,151.27044677734375,153.30999755859375,154.74000549316406,152.8000030517578,154.11000061035156,1811600
CAH,2025-05-22,150.4613800048828,152.49000549316406,153.6699981689453,151.92999267578125,152.75999450683594,1129300
CAH,2025-05-23,150.71791076660156,152.75,153.14999389648438,150.75999450683594,152.14999389648438,1856600
CAH,2025-05-27,152.6222381591797,154.67999267578125,154.72999572753906,153.11000061035156,153.52999877929688,1901100
CAH,2025-05-28,151.09288024902344,153.1300048828125,154.72000122070312,152.91000366210938,154.5,1408000
CAH,2025-05-29,151.94143676757812,153.99000549316406,154.0500030517578,152.47000122070312,153.0,1234000
CAH,2025-05-30,152.3854217529297,154.44000244140625,155.27999877929688,153.1199951171875,153.52000427246094,2759500
CAH,2025-06-02,153.1846466064453,155.25,155.4600067138672,153.32000732421875,154.2100067138672,1595400
CAH,2025-06-03,153.41159057617188,155.47999572753906,157.82000732421875,153.47999572753906,156.8000030517578,1560800
CAH,2025-06-04,152.02037048339844,154.07000732421875,155.72000122070312,154.0399932861328,155.44000244140625,1346500
CAH,2025-06-05,152.0697021484375,154.1199951171875,155.0,153.35000610351562,154.60000610351562,2257300
CAH,2025-06-06,152.65185546875,154.7100067138672,154.83999633789062,153.4199981689453,153.5399932861328,959400
CAH,2025-06-09,151.57632446289062,153.6199951171875,154.27000427246094,151.85000610351562,153.9600067138672,1392000
CAH,2025-06-10,151.0435333251953,153.0800018310547,155.0,151.6300048828125,153.7899932861328,2258900
CAH,2025-06-11,151.48753356933594,153.52999877929688,153.85000610351562,152.05999755859375,152.63999938964844,2163900
CAH,2025-06-12,158.38455200195312,160.52000427246094,161.07000732421875,152.0800018310547,155.10000610351562,2968800
CAH,2025-06-13,159.26271057128906,161.41000366210938,162.94000244140625,160.19000244140625,161.32000732421875,2722200
CAH,2025-06-16,160.24940490722656,162.41000366210938,162.8699951171875,160.66000366210938,161.0,2029800
CAH,2025-06-17,162.7161407470703,164.91000366210938,165.11000061035156,162.24000549316406,162.50999450683594,2177500
CAH,2025-06-18,163.19961547851562,165.39999389648438,166.02999877929688,164.32000732421875,165.19000244140625,2598100
CAH,2025-06-20,161.22622680664062,163.39999389648438,166.32000732421875,162.35000610351562,165.83999633789062,4642700
CAH,2025-06-23,161.8083953857422,163.99000549316406,164.91000366210938,162.92999267578125,164.0399932861328,2944500
CAH,2025-06-24,162.0254669189453,164.2100067138672,165.0,161.57000732421875,164.69000244140625,4188900
CAH,2025-06-25,161.5715789794922,163.75,164.8800048828125,162.14999389648438,164.8800048828125,2693600
CAH,2025-06-26,163.4068145751953,165.61000061035156,166.24000549316406,163.7899932861328,164.50999450683594,1552500
CAH,2025-06-27,164.9559326171875,167.17999267578125,168.1699981689453,164.60000610351562,165.08999633789062,2603400
CAH,2025-06-30,165.76504516601562,168.0,168.39999389648438,166.5800018310547,167.2100067138672,3398100
CAH,2025-07-01,162.7078399658203,164.39999389648438,168.44000244140625,162.10000610351562,167.5500030517578,2785400
CAH,2025-07-02,160.312744140625,161.97999572753906,164.25,161.64999389648438,163.35000610351562,3129500
CAH,2025-07-03,163.2323760986328,164.92999267578125,164.92999267578125,161.0,161.8000030517578,1234100
CAH,2025-07-07,165.90460205078125,167.6300048828125,167.74000549316406,164.3699951171875,165.02999877929688,1910500
CAH,2025-07-08,162.75732421875,164.4499969482422,168.07000732421875,163.55999755859375,166.82000732421875,2066900
CAH,2025-07-09,162.5692596435547,164.25999450683594,165.86000061035156,162.0500030517578,165.86000061035156,1492800
CAH,2025-07-10,160.50079345703125,162.1699981689453,164.41000366210938,160.94000244140625,164.22999572753906,2223600
CAH,2025-07-11,159.3131561279297,160.97000122070312,162.0,160.66000366210938,161.4600067138672,1314200
CAH,2025-07-14,160.02574157714844,161.69000244140625,162.25,160.27000427246094,160.80999755859375,1410400
CAH,2025-07-15,159.36264038085938,161.02000427246094,161.85000610351562,160.11000061035156,161.25,1922900
CAH,2025-07-16,159.4517059326172,161.11000061035156,161.82000732421875,160.1999969482422,161.44000244140625,1350700
CAH,2025-07-17,157.81869506835938,159.4600067138672,160.97000122070312,158.61000061035156,160.69000244140625,1253500
CAH,2025-07-18,157.91763305664062,159.55999755859375,160.4600067138672,157.80999755859375,159.24000549316406,2035300
CAH,2025-07-21,156.94773864746094,158.5800018310547,159.67999267578125,157.0399932861328,158.97000122070312,1323800
CAH,2025-07-22,155.48297119140625,157.10000610351562,159.5,156.3699951171875,158.4499969482422,1980100
CAH,2025-07-23,156.13616943359375,157.75999450683594,157.97000122070312,156.08999633789062,157.47999572753906,1772500
CAH,2025-07-24,156.6508331298828,158.27999877929688,158.9199981689453,157.02999877929688,158.3000030517578,1935300
CAH,2025-07-25,155.5225830078125,157.13999938964844,159.25,157.0399932861328,158.2899932861328,1213900
CAH,2025-07-28,154.72091674804688,156.3300018310547,157.11000061035156,155.10000610351562,157.11000061035156,1832500
CAH,2025-07-29,155.76998901367188,157.38999938964844,158.24000549316406,156.38999938964844,157.02999877929688,1199400
CAH,2025-07-30,156.2747344970703,157.89999389648438,158.02999877929688,155.75,156.35000610351562,1284500
CAH,2025-07-31,153.62232971191406,155.22000122070312,158.72999572753906,152.58999633789062,157.5500030517578,3114100
CAH,2025-08-01,154.394287109375,156.0,157.41000366210938,153.27000427246094,154.7100067138672,1592800
CAH,2025-08-04,156.98733520507812,158.6199951171875,158.69000244140625,155.89999389648438,156.1999969482422,1639500
CAH,2025-08-05,156.6112518310547,158.24000549316406,159.63999938964844,157.97000122070312,158.5,2305800
CAH,2025-08-06,154.98812866210938,156.60000610351562,158.1699981689453,153.80999755859375,157.75,1709500
CAH,2025-08-07,151.83096313476562,153.41000366210938,156.75999450683594,151.4199981689453,156.41000366210938,3229100
CAH,2025-08-08,155.789794921875,157.41000366210938,157.52999877929688,153.6699981689453,153.89999389648438,1634300
CAH,2025-08-11,156.03721618652344,157.66000366210938,159.41000366210938,156.5,157.02000427246094,3111700
CAH,2025-08-12,144.7941436767578,146.3000030517578,148.27999877929688,137.75,141.0,7842600
CAH,2025-08-13,146.59539794921875,148.1199951171875,148.75999450683594,145.47000122070312,147.6300048828125,3479400
CAH,2025-08-14,148.67379760742188,150.22000122070312,151.49000549316406,147.69000244140625,147.69000244140625,2787300
CAH,2025-08-15,148.070068359375,149.61000061035156,151.5500030517578,149.25,150.35000610351562,2571800
CAH,2025-08-18,148.1888427734375,149.72999572753906,151.1999969482422,148.52000427246094,149.0500030517578,2062900
CAH,2025-08-19,147.4861602783203,149.02000427246094,149.64999389648438,147.3000030517578,148.0,2076600
CAH,2025-08-20,151.37570190429688,152.9499969482422,152.99000549316406,148.83999633789062,149.3800048828125,2523400
CAH,2025-08-21,150.00990295410156,151.57000732421875,153.6999969482422,151.55999755859375,152.5,3325400
CAH,2025-08-22,146.5756072998047,148.10000610351562,152.75,147.2100067138672,151.83999633789062,2686000
CAH,2025-08-25,144.5368194580078,146.0399932861328,148.8000030517578,145.9600067138672,148.08999633789062,1674900
CAH,2025-08-26,145.97190856933594,147.49000549316406,147.77999877929688,146.0399932861328,146.3800048828125,2982200
CAH,2025-08-27,147.70388793945312,149.24000549316406,149.44000244140625,147.00999450683594,147.91000366210938,2302100
CAH,2025-08-28,147.97109985351562,149.50999450683594,151.0,148.27999877929688,148.9199981689453,3290800
CAH,2025-08-29,147.2486114501953,148.77999877929688,150.50999450683594,148.16000366210938,149.72000122070312,2723200
CAH,2025-09-02,148.0106964111328,149.5500030517578,150.4499969482422,147.27000427246094,147.8699951171875,1767300
CAH,2025-09-03,149.0102996826172,150.55999755859375,150.5800018310547,148.8699951171875,149.5500030517578,1652600
CAH,2025-09-04,147.80284118652344,149.33999633789062,151.3800048828125,146.22000122070312,150.6199951171875,2366700
CAH,2025-09-05,148.0205841064453,149.55999755859375,149.60000610351562,148.1199951171875,149.02000427246094,1715400
CAH,2025-09-08,148.73316955566406,150.27999877929688,150.49000549316406,148.38999938964844,149.67999267578125,2771500
CAH,2025-09-09,149.38638305664062,150.94000244140625,151.4499969482422,148.77000427246094,150.00999450683594,1306400
CAH,2025-09-10,147.7533721923828,149.2899932861328,152.50999450683594,149.25,150.57000732421875,1962400
CAH,2025-09-11,150.90061950683594,152.47000122070312,152.77000427246094,149.35000610351562,150.08999633789062,1790600
CAH,2025-09-12,150.67300415039062,152.24000549316406,153.88999938964844,151.82000732421875,152.3699951171875,1162600
CAH,2025-09-15,148.7232666015625,150.27000427246094,152.38999938964844,150.22999572753906,152.22000122070312,1207400
CAH,2025-09-16,146.84283447265625,148.3699951171875,151.02000427246094,148.25999450683594,151.02000427246094,2852700
CAH,2025-09-17,147.14964294433594,148.67999267578125,149.75,147.47999572753906,149.35000610351562,2011600
CAH,2025-09-18,148.49563598632812,150.0399932861328,150.22999572753906,147.63999938964844,148.52999877929688,1170000
CAH,2025-09-19,148.0601806640625,149.60000610351562,150.6999969482422,148.9600067138672,150.1199951171875,3661900
CAH,2025-09-22,145.9521026611328,147.47000122070312,150.1199951171875,146.91000366210938,149.89999389648438,1987500
CAH,2025-09-23,153.0284881591797,154.6199951171875,154.6699981689453,147.8300018310547,148.58999633789062,4205700
CAH,2025-09-24,152.98890686035156,154.5800018310547,157.00999450683594,153.85000610351562,154.1300048828125,2655400
CAH,2025-09-25,147.4267578125,148.9600067138672,154.92999267578125,145.8699951171875,154.69000244140625,3164900
CAH,2025-09-26,152.12786865234375,153.7100067138672,153.92999267578125,149.60000610351562,149.85000610351562,1706900
CAH,2025-09-29,152.97901916503906,154.57000732421875,155.74000549316406,152.8300018310547,153.1699981689453,3199400
CAH,2025-09-30,155.34442138671875,156.9600067138672,157.6999969482422,153.02999877929688,154.33999633789062,3050700
CAH,2025-10-01,156.81495666503906,157.92999267578125,158.82000732421875,155.39999389648438,155.80999755859375,3714800
CAH,2025-10-02,157.3412322998047,158.4600067138672,158.72000122070312,156.0,156.3300018310547,3219100
CAH,2025-10-03,153.3694610595703,154.4600067138672,159.24000549316406,150.77999877929688,158.22000122070312,6613500
CAH,2025-10-06,154.09429931640625,155.19000244140625,156.14999389648438,152.1300048828125,153.27000427246094,1425200
CAH,2025-10-07,155.54400634765625,156.64999389648438,156.67999267578125,153.30999755859375,155.19000244140625,1316200
CAH,2025-10-08,156.65609741210938,157.77000427246094,157.99000549316406,155.6699981689453,156.75,1292600
CAH,2025-10-09,156.1000518798828,157.2100067138672,158.4499969482422,156.32000732421875,157.77000427246094,1584300
CAH,2025-10-10,155.7723846435547,156.8800048828125,158.38999938964844,156.6999969482422,157.83999633789062,1602100
CAH,2025-10-13,153.2205352783203,154.30999755859375,157.35000610351562,154.2100067138672,156.3000030517578,1757700
CAH,2025-10-14,153.10137939453125,154.19000244140625,154.4499969482422,151.8699951171875,154.33999633789062,2316400
CAH,2025-10-15,154.57090759277344,155.6699981689453,156.55999755859375,154.17999267578125,154.17999267578125,1491900
CAH,2025-10-16,152.18788146972656,153.27000427246094,157.63999938964844,153.11000061035156,155.35000610351562,1760400
CAH,2025-10-17,155.30569458007812,156.41000366210938,156.4499969482422,152.4600067138672,152.55999755859375,1931000
CAH,2025-10-20,156.1596221923828,157.27000427246094,158.22999572753906,155.83999633789062,157.1199951171875,1154400
CAH,2025-10-21,157.55966186523438,158.67999267578125,158.92999267578125,156.80999755859375,157.9600067138672,1776800
CAH,2025-10-22,158.39373779296875,159.52000427246094,160.5,157.7899932861328,159.3000030517578,2247500
CAH,2025-10-23,158.03628540039062,159.16000366210938,162.0,158.92999267578125,159.85000610351562,1414800
CAH,2025-10-24,160.74700927734375,161.88999938964844,162.19000244140625,158.6999969482422,159.13999938964844,1823200
CAH,2025-10-27,162.64352416992188,163.8000030517578,163.8300018310547,161.36000061035156,163.05999755859375,1796900
CAH,2025-10-28,161.64065551757812,162.7899932861328,164.07000732421875,161.97000122070312,163.5,2067500
CAH,2025-10-29,163.30877685546875,164.47000122070312,164.7100067138672,161.63999938964844,163.22999572753906,2816500
CAH,2025-10-30,188.49966430664062,189.83999633789062,195.14999389648438,181.44000244140625,181.44000244140625,7173500
CAH,2025-10-31,189.42311096191406,190.77000427246094,197.6699981689453,190.24000549316406,192.07000732421875,4080700
CAH,2025-11-03,188.87698364257812,190.22000122070312,192.47000122070312,188.14999389648438,191.07000732421875,2503700
CAH,2025-11-04,193.96083068847656,195.33999633789062,196.9600067138672,189.6999969482422,190.42999267578125,3906600
CAH,2025-11-05,195.40060424804688,196.7899932861328,200.13999938964844,194.14999389648438,196.5,2608800
CAH,2025-11-06,196.59213256835938,197.99000549316406,198.3000030517578,194.80999755859375,197.6199951171875,2571700
CAH,2025-11-07,202.2320098876953,203.6699981689453,203.6699981689453,197.19000244140625,199.91000366210938,5013900
CAH,2025-11-10,203.97959899902344,205.42999267578125,205.47999572753906,199.89999389648438,200.89999389648438,2111100
CAH,2025-11-11,203.36398315429688,204.80999755859375,207.47000122070312,203.77000427246094,204.9600067138672,1966200
CAH,2025-11-12,202.87744140625,204.32000732421875,204.9600067138672,202.33999633789062,203.9499969482422,2513700
CAH,2025-11-13,204.60513305664062,206.05999755859375,207.0500030517578,201.60000610351562,202.9600067138672,2182100
CAH,2025-11-14,203.92001342773438,205.3699951171875,208.32000732421875,204.69000244140625,206.85000610351562,2524100
CAH,2025-11-17,204.72430419921875,206.17999267578125,208.17999267578125,204.13999938964844,205.39999389648438,2026900
CAH,2025-11-18,205.5087127685547,206.97000122070312,207.75999450683594,203.83999633789062,207.0500030517578,2079200
CAH,2025-11-19,206.05484008789062,207.52000427246094,209.57000732421875,205.52000427246094,206.3300018310547,2751800
CAH,2025-11-20,206.43214416503906,207.89999389648438,209.57000732421875,206.10000610351562,207.91000366210938,2588900
CAH,2025-11-21,208.00099182128906,209.47999572753906,210.3300018310547,207.39999389648438,208.02000427246094,3095000
CAH,2025-11-24,209.7088623046875,211.1999969482422,213.02999877929688,208.3000030517578,209.27000427246094,3438100
CAH,2025-11-25,212.2209930419922,213.72999572753906,214.6199951171875,212.49000549316406,212.49000549316406,1343900
CAH,2025-11-26,211.63516235351562,213.13999938964844,214.92999267578125,212.5399932861328,213.6999969482422,1808700
CAH,2025-11-28,210.7613525390625,212.25999450683594,214.0800018310547,212.02999877929688,213.32000732421875,817800
CAH,2025-12-01,206.5314483642578,208.0,213.5399932861328,207.86000061035156,212.8800048828125,1830300
CAH,2025-12-02,203.6817169189453,205.1300048828125,208.97999572753906,203.25999450683594,208.0,3610100
CAH,2025-12-03,198.29998779296875,199.7100067138672,206.6999969482422,198.75,205.5500030517578,5171300
CAH,2025-12-04,197.78366088867188,199.19000244140625,200.67999267578125,197.80999755859375,199.63999938964844,2810100
CAH,2025-12-05,197.4261932373047,198.8300018310547,200.25999450683594,198.10000610351562,199.75999450683594,1738600
CAH,2025-12-08,197.47584533691406,198.8800048828125,199.69000244140625,198.1699981689453,199.00999450683594,2198800
CAH,2025-12-09,196.60205078125,198.0,202.22000122070312,197.8000030517578,200.7100067138672,2143100
CAH,2025-12-10,196.81057739257812,198.2100067138672,199.75999450683594,197.36000061035156,198.86000061035156,1397400
CAH,2025-12-11,196.9197998046875,198.32000732421875,199.3000030517578,197.4600067138672,197.92999267578125,1086700
CAH,2025-12-12,196.78077697753906,198.17999267578125,199.0800018310547,197.4600067138672,198.25999450683594,2746300
CAH,2025-12-15,198.5482177734375,199.9600067138672,200.8300018310547,198.10000610351562,198.80999755859375,3004000
CAH,2025-12-16,196.49282836914062,197.88999938964844,199.6699981689453,195.5399932861328,199.24000549316406,2250100
CAH,2025-12-17,197.0389404296875,198.44000244140625,199.3699951171875,196.5399932861328,198.19000244140625,2581300
CAH,2025-12-18,197.6942901611328,199.10000610351562,200.89999389648438,197.55999755859375,198.8300018310547,2488700
CAH,2025-12-19,201.51710510253906,202.9499969482422,202.9499969482422,200.3800048828125,200.74000549316406,4172800
CAH,2025-12-22,203.75120544433594,205.1999969482422,205.44000244140625,202.0,203.30999755859375,1916600
CAH,2025-12-23,205.90589904785156,207.3699951171875,207.89999389648438,204.3000030517578,204.58999633789062,1300200
CAH,2025-12-24,206.07469177246094,207.5399932861328,209.07000732421875,207.25999450683594,207.3800048828125,704200
CAH,2025-12-26,206.8194122314453,208.2899932861328,208.44000244140625,207.11000061035156,207.6999969482422,591000
CAH,2025-12-29,205.91583251953125,207.3800048828125,208.50999450683594,207.1300048828125,208.02999877929688,808000
CAH,2025-12-30,205.7470245361328,207.2100067138672,208.88999938964844,207.19000244140625,207.94000244140625,1225700
CAH,2025-12-31,204.04910278320312,205.5,208.13999938964844,205.49000549316406,207.47999572753906,1094200
CAH,2026-01-02,204.77674865722656,205.72000122070312,205.75999450683594,203.02000427246094,204.57000732421875,1165700
CAH,2026-01-05,204.50799560546875,205.4499969482422,206.38999938964844,201.02000427246094,203.80999755859375,2743400
CAH,2026-01-06,207.52410888671875,208.47999572753906,209.4499969482422,205.05999755859375,205.47000122070312,1513500
CAH,2026-01-07,206.24002075195312,207.19000244140625,211.77000427246094,206.22000122070312,208.08999633789062,2035300
CAH,2026-01-08,201.5615692138672,202.49000549316406,209.77000427246094,201.6699981689453,207.89999389648438,1585600
CAH,2026-01-09,200.18789672851562,201.11000061035156,204.33999633789062,200.5500030517578,203.7899932861328,1285000
CAH,2026-01-12,201.5914306640625,202.52000427246094,203.3300018310547,199.9499969482422,202.0,1511400
CAH,2026-01-13,207.30511474609375,208.25999450683594,212.3000030517578,205.64999389648438,210.10000610351562,1913500
CAH,2026-01-14,212.58079528808594,213.55999755859375,213.6300048828125,207.85000610351562,208.52999877929688,1598800
CAH,2026-01-15,212.4812774658203,213.4600067138672,215.47999572753906,212.9199981689453,213.64999389648438,1785400
CAH,2026-01-16,211.47589111328125,212.4499969482422,214.52000427246094,212.0,213.6199951171875,1331400
CAH,2026-01-20,209.4054412841797,210.3699951171875,213.3800048828125,209.27999877929688,210.47999572753906,1654100
CAH,2026-01-21,207.51414489746094,208.47000122070312,210.7899932861328,206.32000732421875,209.22000122070312,1849900
CAH,2026-01-22,205.94139099121094,206.88999938964844,209.83999633789062,206.27000427246094,209.0,1742700
CAH,2026-01-23,207.37478637695312,208.3300018310547,210.75,206.6699981689453,207.0399932861328,2159900
CAH,2026-01-26,209.96286010742188,210.92999267578125,212.1699981689453,208.86000061035156,208.86000061035156,1824100
CAH,2026-01-27,213.05860900878906,214.0399932861328,214.58999633789062,210.00999450683594,210.60000610351562,1771700
CAH,2026-01-28,209.42535400390625,210.38999938964844,214.3300018310547,208.4600067138672,212.6199951171875,1507900
CAH,2026-01-29,210.26148986816406,211.22999572753906,216.50999450683594,210.2899932861328,212.4600067138672,1306900
CAH,2026-01-30,213.89476013183594,214.8800048828125,214.9199981689453,210.00999450683594,210.9499969482422,2454000
CAH,2026-02-02,217.92617797851562,218.92999267578125,218.92999267578125,214.5,215.85000610351562,1644900
CAH,2026-02-03,217.0004425048828,218.0,220.27000427246094,217.16000366210938,218.6999969482422,1890100
CAH,2026-02-04,205.90159606933594,206.85000610351562,217.75999450683594,205.8699951171875,215.52000427246094,2504400
CAH,2026-02-05,226.13836669921875,227.17999267578125,229.75999450683594,212.02999877929688,217.0,3583600
CAH,2026-02-06,225.28231811523438,226.32000732421875,230.80999755859375,226.16000366210938,226.2100067138672,2250300
CAH,2026-02-09,224.72486877441406,225.75999450683594,228.1699981689453,225.27999877929688,226.55999755859375,1420000
CAH,2026-02-10,219.26004028320312,220.27000427246094,227.0500030517578,219.5800018310547,226.0,1445300
CAH,2026-02-11,223.2218017578125,224.25,225.8699951171875,219.72000122070312,220.9600067138672,1313500
CAH,2026-02-12,214.0739288330078,215.05999755859375,229.14999389648438,213.75,225.1699981689453,3167300
CAH,2026-02-13,219.77764892578125,220.7899932861328,221.72000122070312,216.39999389648438,216.39999389648438,1116900
CAH,2026-02-17,224.5457000732422,225.5800018310547,225.91000366210938,221.7100067138672,221.7100067138672,1696600
CAH,2026-02-18,223.95840454101562,224.99000549316406,225.89999389648438,222.58999633789062,225.33999633789062,1050300
CAH,2026-02-19,221.73863220214844,222.75999450683594,225.55999755859375,221.25,224.97999572753906,884900
CAH,2026-02-20,223.4109344482422,224.44000244140625,224.49000549316406,220.50999450683594,222.97000122070312,1072600
CAH,2026-02-23,223.78919982910156,224.82000732421875,228.0399932861328,224.0,224.41000366210938,1351800
CAH,2026-02-24,224.9339141845703,225.97000122070312,226.0500030517578,220.88999938964844,224.52000427246094,1434800
CAH,2026-02-25,225.1429443359375,226.17999267578125,226.99000549316406,225.0399932861328,226.0500030517578,878600
CAH,2026-02-26,226.08860778808594,227.1300048828125,229.5,226.5,226.5,1167100
CAH,2026-02-27,228.178955078125,229.22999572753906,230.1999969482422,226.92999267578125,227.94000244140625,2066800
CAH,2026-03-02,228.82598876953125,229.8800048828125,233.60000610351562,228.0800018310547,232.0399932861328,1751100
CAH,2026-03-03,225.3121795654297,226.35000610351562,228.97999572753906,222.3000030517578,228.0,2398000
CAH,2026-03-04,222.1566925048828,223.17999267578125,226.33999633789062,221.74000549316406,226.33999633789062,1701700
CAH,2026-03-05,215.02952575683594,216.02000427246094,222.38999938964844,215.88999938964844,222.10000610351562,2847100
CAH,2026-03-06,216.78146362304688,217.77999877929688,220.22000122070312,213.5800018310547,216.0,2090300
CAH,2026-03-09,221.2608184814453,222.27999877929688,222.3800048828125,214.89999389648438,217.39999389648438,2555200
CAH,2026-03-10,216.0448455810547,217.0399932861328,222.6199951171875,216.42999267578125,221.1300048828125,1568000
CAH,2026-03-11,214.43228149414062,215.4199981689453,217.00999450683594,214.42999267578125,216.0800018310547,1124700
CAH,2026-03-12,218.08544921875,219.08999633789062,221.27999877929688,215.72999572753906,217.17999267578125,2053700
CAH,2026-03-13,216.0846710205078,217.0800018310547,222.5800018310547,216.1699981689453,219.6199951171875,1422400
CAH,2026-03-16,216.5923309326172,217.58999633789062,220.22999572753906,216.88999938964844,218.6699981689453,1731400
CAH,2026-03-17,215.36798095703125,216.36000061035156,218.8699951171875,211.1300048828125,217.94000244140625,1772400
CAH,2026-03-18,210.8985595703125,211.8699951171875,216.2100067138672,210.4499969482422,215.72999572753906,1756800
CAH,2026-03-19,209.95291137695312,210.9199981689453,214.5,210.27999877929688,212.22999572753906,1424500
CAH,2026-03-20,206.87709045410156,207.8300018310547,212.1199951171875,206.6999969482422,211.11000061035156,4250700
CAH,2026-03-23,205.45364379882812,206.39999389648438,211.11000061035156,205.77999877929688,209.97999572753906,2579200
CAH,2026-03-24,206.27981567382812,207.22999572753906,208.72000122070312,203.86000061035156,206.91000366210938,1983600
CAH,2026-03-25,210.34112548828125,211.30999755859375,212.22000122070312,207.9199981689453,208.0,1836900
CAH,2026-03-26,206.7476806640625,207.6999969482422,211.97000122070312,207.19000244140625,210.22999572753906,1599700
CAH,2026-03-27,205.6328125,206.5800018310547,208.17999267578125,205.35000610351562,207.86000061035156,1307100
CAH,2026-03-30,205.36404418945312,206.30999755859375,209.9600067138672,205.7100067138672,209.10000610351562,1513700
CAH,2026-03-31,210.34112548828125,211.30999755859375,211.72000122070312,207.2899932861328,208.39999389648438,1587100
CAH,2026-04-01,211.55947875976562,212.02000427246094,213.4199981689453,210.0800018310547,211.36000061035156,1462800
CAH,2026-04-02,213.58506774902344,214.0500030517578,214.55999755859375,210.4499969482422,211.50999450683594,1503700
CAH,2026-04-06,212.1581573486328,212.6199951171875,213.5500030517578,210.99000549316406,213.1300048828125,1171900
CAH,2026-04-07,212.30784606933594,212.77000427246094,214.13999938964844,210.38999938964844,211.3699951171875,1449900
CAH,2026-04-08,214.6627197265625,215.1300048828125,216.4499969482422,211.66000366210938,213.19000244140625,1265300
CAH,2026-04-09,215.33126831054688,215.8000030517578,217.77000427246094,214.3300018310547,214.74000549316406,1051300
CAH,2026-04-10,215.05186462402344,215.52000427246094,216.10000610351562,211.85000610351562,215.02999877929688,1292200
CAH,2026-04-13,213.7147674560547,214.17999267578125,217.47000122070312,212.64999389648438,215.92999267578125,1394600
CAH,2026-04-14,214.4831085205078,214.9499969482422,216.4600067138672,212.6999969482422,213.02000427246094,1407200
CAH,2026-04-15,211.36988830566406,211.8300018310547,214.22999572753906,211.02999877929688,213.69000244140625,1337400
CAH,2026-04-16,212.6371307373047,213.10000610351562,214.02000427246094,210.50999450683594,211.00999450683594,1163600
CAH,2026-04-17,213.5251922607422,213.99000549316406,214.58999633789062,210.08999633789062,212.1199951171875,1962300
CAH,2026-04-20,210.72128295898438,211.17999267578125,215.0,210.47999572753906,213.25,1368700
CAH,2026-04-21,204.47488403320312,204.9199981689453,211.02999877929688,204.5800018310547,210.5,1564000
CAH,2026-04-22,200.1143798828125,200.5500030517578,205.4499969482422,197.05999755859375,205.0,2518500
CAH,2026-04-23,204.27532958984375,204.72000122070312,205.6199951171875,200.00999450683594,200.8300018310547,1428900
CAH,2026-04-24,199.41590881347656,199.85000610351562,203.9499969482422,198.55999755859375,203.77999877929688,1402400
CAH,2026-04-27,201.90049743652344,202.33999633789062,203.58999633789062,199.44000244140625,199.44000244140625,2129000
CAH,2026-04-28,205.16339111328125,205.61000061035156,206.61000061035156,202.85000610351562,204.72999572753906,1525200
CAH,2026-04-29,202.37945556640625,202.82000732421875,204.89999389648438,201.0800018310547,204.52999877929688,1684600
CAH,2026-04-30,192.46104431152344,192.8800048828125,197.22000122070312,185.8000030517578,195.2899932861328,4542200
CAH,2026-05-01,194.81591796875,195.24000549316406,196.7100067138672,191.97000122070312,196.3699951171875,2093400
CAH,2026-05-04,196.6319580078125,197.05999755859375,200.39999389648438,193.50999450683594,193.50999450683594,2240400
CAH,2026-05-05,196.5720977783203,197.0,198.3800048828125,195.00999450683594,197.7100067138672,1364000
CAH,2026-05-06,191.07406616210938,191.49000549316406,195.0,187.22000122070312,192.0,4429400
CAH,2026-05-07,184.87754821777344,185.27999877929688,192.38999938964844,185.00999450683594,191.60000610351562,3102800
CAH,2026-05-08,183.25108337402344,183.64999389648438,190.24000549316406,182.8699951171875,185.35000610351562,3260600
CAH,2026-05-11,182.1035919189453,182.5,185.75999450683594,181.9199981689453,184.5,2012600
CAH,2026-05-12,182.1634521484375,182.55999755859375,185.74000549316406,181.75,182.74000549316406,2321900
CAH,2026-05-13,185.9452362060547,186.35000610351562,186.55999755859375,180.4499969482422,181.50999450683594,2848900
CAH,2026-05-14,193.95779418945312,194.3800048828125,194.49000549316406,186.44000244140625,186.44000244140625,3623500
CAH,2026-05-15,194.7760009765625,195.1999969482422,197.0500030517578,193.72999572753906,194.75999450683594,3715500
CAH,2026-05-18,199.33607482910156,199.77000427246094,201.8000030517578,195.32000732421875,195.32000732421875,2413900
CAH,2026-05-19,199.9347686767578,200.3699951171875,203.97999572753906,199.60000610351562,200.7899932861328,2804400
CAH,2026-05-20,198.7972412109375,199.22999572753906,201.05999755859375,198.5800018310547,199.61000061035156,1756500
CAH,2026-05-21,200.17425537109375,200.61000061035156,201.24000549316406,197.8800048828125,198.07000732421875,2062800
CAH,2026-05-22,200.2440948486328,200.67999267578125,202.77000427246094,199.69000244140625,201.97999572753906,1537300
CAH,2026-05-26,199.9347686767578,200.3699951171875,201.44000244140625,199.25,200.0,1714900
CAH,2026-05-27,199.40591430664062,199.83999633789062,201.47000122070312,199.3000030517578,200.58999633789062,1628200
CAH,2026-05-28,199.41590881347656,199.85000610351562,201.88999938964844,197.61000061035156,199.5399932861328,1916300
CAH,2026-05-29,196.37252807617188,196.8000030517578,201.50999450683594,196.1999969482422,201.35000610351562,3132500
CAH,2026-06-01,194.72610473632812,195.14999389648438,196.85000610351562,194.0,195.36000061035156,2036100
CAH,2026-06-02,194.4567108154297,194.8800048828125,195.88999938964844,194.1999969482422,194.1999969482422,1787000
CAH,2026-06-03,195.42459106445312,195.85000610351562,198.07000732421875,195.50999450683594,196.08999633789062,1212400
CAH,2026-06-04,201.3018035888672,201.74000549316406,201.9499969482422,197.52999877929688,198.89999389648438,2338300
CAH,2026-06-05,205.26318359375,205.7100067138672,207.5500030517578,203.0800018310547,203.0800018310547,1590800
CAH,2026-06-08,204.0358428955078,204.47999572753906,206.41000366210938,201.0,203.13999938964844,1534700
CAH,2026-06-09,212.2080535888672,212.6699981689453,212.8300018310547,202.0399932861328,203.24000549316406,3190300
CAH,2026-06-10,215.83016967773438,216.3000030517578,218.9600067138672,211.4499969482422,214.0,3820700
CAH,2026-06-11,220.67962646484375,221.16000366210938,223.8699951171875,217.0500030517578,217.49000549316406,2834100
CAH,2026-06-12,223.36378479003906,223.85000610351562,224.8800048828125,222.11000061035156,222.47000122070312,2198400
CAH,2026-06-15,225.90823364257812,226.39999389648438,226.66000366210938,221.02999877929688,222.77999877929688,2397200
CAH,2026-06-16,227.22537231445312,227.72000122070312,229.77999877929688,225.3699951171875,227.3000030517578,3027600
CAH,2026-06-17,225.7884979248047,226.27999877929688,229.5500030517578,224.47999572753906,226.0,2249100
CAH,2026-06-18,221.28829956054688,221.77000427246094,226.1699981689453,219.47000122070312,226.1699981689453,4196100
CAH,2026-06-22,222.25619506835938,222.74000549316406,228.4499969482422,222.27999877929688,223.72999572753906,2886000
CAH,2026-06-23,228.41278076171875,228.91000366210938,229.25999450683594,222.5,225.2100067138672,2110400
CAH,2026-06-24,232.50387573242188,233.00999450683594,235.7100067138672,229.42999267578125,229.88999938964844,2354400
CAH,2026-06-25,234.24009704589844,234.75,237.7899932861328,232.3800048828125,232.52000427246094,2074000
CAH,2026-06-26,237.40321350097656,237.9199981689453,240.44000244140625,236.0,237.77999877929688,3633200
CAH,2026-06-29,235.7069091796875,236.22000122070312,240.92999267578125,235.14999389648438,239.92999267578125,1926600
CAH,2026-06-30,237.0439910888672,237.55999755859375,239.52999877929688,236.39999389648438,237.0,1666800
CAH,2026-07-01,237.72000122070312,237.72000122070312,239.7100067138672,233.0,238.8699951171875,1369700
CAH,2026-07-02,238.94000244140625,238.94000244140625,240.91000366210938,237.52999877929688,239.7899932861328,2039100
CAH,2026-07-06,237.52000427246094,237.52000427246094,241.86000061035156,233.80999755859375,241.86000061035156,2477000
CAH,2026-07-07,239.7100067138672,239.7100067138672,243.2100067138672,237.99000549316406,240.1199951171875,3236400
CAH,2026-07-08,237.14999389648438,237.14999389648438,240.91000366210938,236.8699951171875,239.05999755859375,2693600
CAH,2026-07-09,233.77000427246094,233.77000427246094,240.22000122070312,231.8300018310547,238.38999938964844,3216400
CAH,2026-07-10,235.8000030517578,235.8000030517578,236.25999450683594,232.0500030517578,233.07000732421875,2842600
CAH,2026-07-13,233.66000366210938,233.66000366210938,237.3800048828125,233.14999389648438,236.13999938964844,2286100
CAH,2026-07-14,230.11000061035156,230.11000061035156,231.8300018310547,227.85000610351562,231.8000030517578,3127400
CAH,2026-07-15,224.94000244140625,224.94000244140625,230.22999572753906,224.52000427246094,228.7100067138672,2358300
CAH,2026-07-16,228.72000122070312,228.72000122070312,229.1300048828125,223.07000732421875,225.74000549316406,2607800
CAH,2026-07-17,228.52000427246094,228.52000427246094,233.22000122070312,228.42999267578125,230.5399932861328,2052800
CAH,2026-07-20,225.75,225.75,229.24000549316406,225.49000549316406,229.1999969482422,1711800
CAH,2026-07-21,227.08999633789062,227.08999633789062,227.6300048828125,225.02000427246094,225.99000549316406,1595200
CAH,2026-07-22,220.5399932861328,220.5399932861328,229.86000061035156,220.3699951171875,227.3000030517578,2521400
CAH,2026-07-23,225.97999572753906,225.97999572753906,226.00999450683594,220.5399932861328,220.55999755859375,1837600
CAH,2026-07-24,228.02999877929688,228.02999877929688,228.97000122070312,225.97000122070312,227.8800048828125,1466600
CAH,2026-07-27,229.35000610351562,229.35000610351562,230.61000061035156,227.02999877929688,227.77999877929688,1106300
CAH,2026-07-28,232.50999450683594,232.50999450683594,233.77000427246094,230.32000732421875,232.08999633789062,2652200
CAH,2026-07-29,229.1199951171875,229.1199951171875,234.02000427246094,228.49000549316406,234.02000427246094,2746000
CAH,2026-07-30,227.07000732421875,227.07000732421875,227.77999877929688,224.11000061035156,226.27999877929688,1484200
CAH,2026-07-31,230.02999877929688,230.02999877929688,231.22999572753906,225.38999938964844,226.66000366210938,1737800
CAH,2026-08-03,235.60000610351562,235.60000610351562,235.72000122070312,229.61000061035156,230.38999938964844,2094400
CAH,2026-08-04,233.5500030517578,233.5500030517578,235.75999450683594,231.13999938964844,234.30999755859375,2579100
CAH,2026-08-05,239.22999572753906,239.22999572753906,239.5500030517578,235.00999450683594,235.1300048828125,2650700
CAH,2026-08-06,237.66000366210938,237.66000366210938,244.8699951171875,233.99000549316406,244.00999450683594,1796500
CAH,2026-08-07,236.39999389648438,236.39999389648438,239.85000610351562,236.3000030517578,237.22999572753906,1551100
CAH,2026-08-10,237.17999267578125,237.17999267578125,239.5399932861328,235.0,236.32000732421875,2297300
CAH,2026-08-11,240.25999450683594,240.25999450683594,258.29998779296875,236.47999572753906,243.0,3007600
CAH,2026-08-12,234.16000366210938,234.16000366210938,239.75,233.49000549316406,239.75,1914200
CAH,2026-08-13,231.24000549316406,231.24000549316406,235.6699981689453,229.36000061035156,233.0,2845100
CAH,2026-08-14,235.1699981689453,235.1699981689453,235.27000427246094,229.3300018310547,230.91000366210938,1687700
CAH,2026-08-17,235.66000366210938,235.66000366210938,238.94000244140625,233.5500030517578,233.5500030517578,1801900
CAH,2026-08-18,234.97999572753906,234.97999572753906,238.24000549316406,233.94000244140625,235.1699981689453,1792400
CAH,2026-08-19,234.85000610351562,234.85000610351562,238.14999389648438,232.33999633789062,236.41000366210938,1374800
CAH,2026-08-20,228.4600067138672,228.4600067138672,235.0,228.3800048828125,232.25,1592900
CAH,2026-08-21,229.50999450683594,229.50999450683594,231.2899932861328,228.16000366210938,228.8000030517578,1386800
CAH,2026-08-24,232.3699951171875,232.3699951171875,232.3699951171875,227.67999267578125,229.16000366210938,1400200
CAH,2026-08-25,237.9199981689453,237.9199981689453,238.10000610351562,232.3800048828125,232.50999450683594,1334900
CAH,2026-08-26,238.39999389648438,238.39999389648438,240.8800048828125,236.4499969482422,237.89999389648438,1472900
CAH,2026-08-27,235.1300048828125,235.1300048828125,237.3000030517578,234.14999389648438,236.49000549316406,1033600
CAH,2026-08-31,234.6199951171875,234.6199951171875,236.97000122070312,233.50999450683594,234.9199981689453,1673400
CAH,2026-09-01,239.35000610351562,239.35000610351562,240.75,236.02999877929688,236.85000610351562,1336300
