ticker,date,adj_close,close,high,low,open,volume
DE,2010-01-04,41.04938507080078,56.060001373291016,56.20000076293945,54.34000015258789,54.7400016784668,3974600
DE,2010-01-05,40.895599365234375,55.849998474121094,56.560001373291016,55.599998474121094,56.189998626708984,3007400
DE,2010-01-06,40.78575897216797,55.70000076293945,56.040000915527344,55.220001220703125,55.56999969482422,2854500
DE,2010-01-07,41.07866287231445,56.099998474121094,56.130001068115234,55.16999816894531,55.380001068115234,2694000
DE,2010-01-08,42.1989860534668,57.630001068115234,57.75,55.29999923706055,55.779998779296875,4165500
DE,2010-01-11,43.897796630859375,59.95000076293945,60.15999984741211,58.15999984741211,58.2599983215332,8119900
DE,2010-01-12,42.023250579833984,57.38999938964844,58.970001220703125,56.459999084472656,58.88999938964844,8129400
DE,2010-01-13,42.68227767944336,58.290000915527344,58.540000915527344,55.88999938964844,57.75,6647000
DE,2010-01-14,42.7262077331543,58.349998474121094,58.869998931884766,57.779998779296875,58.70000076293945,4170800
DE,2010-01-15,41.24708557128906,56.33000183105469,58.59000015258789,55.959999084472656,58.36000061035156,6654200
DE,2010-01-19,42.22095489501953,57.65999984741211,57.689998626708984,56.13999938964844,56.369998931884766,3618800
DE,2010-01-20,41.08598327636719,56.11000061035156,57.099998474121094,55.61000061035156,57.06999969482422,3804200
DE,2010-01-21,40.60271453857422,55.45000076293945,56.470001220703125,54.65999984741211,55.93000030517578,5413200
DE,2010-01-22,38.823368072509766,53.02000045776367,55.20000076293945,52.869998931884766,55.20000076293945,6205900
DE,2010-01-25,39.31398391723633,53.689998626708984,58.0,53.060001373291016,53.72999954223633,4313400
DE,2010-01-26,39.108924865722656,53.40999984741211,54.33000183105469,52.779998779296875,53.47999954223633,3479300
DE,2010-01-27,38.362056732177734,52.38999938964844,53.40999984741211,50.619998931884766,52.529998779296875,6772900
DE,2010-01-28,37.424800872802734,51.11000061035156,52.52000045776367,50.18000030517578,52.31999969482422,4456300
DE,2010-01-29,36.575401306152344,49.95000076293945,52.33000183105469,49.689998626708984,51.400001525878906,5507600
DE,2010-02-01,37.60051345825195,51.349998474121094,51.86000061035156,50.2400016784668,50.369998931884766,3836700
DE,2010-02-02,38.40598678588867,52.45000076293945,52.86000061035156,51.61000061035156,51.79999923706055,3678000
DE,2010-02-03,37.95933151245117,51.84000015258789,53.16999816894531,51.75,52.16999816894531,2497200
DE,2010-02-04,36.51680374145508,49.869998931884766,51.45000076293945,49.68000030517578,51.349998474121094,4636500
DE,2010-02-05,36.48019027709961,49.81999969482422,50.16999816894531,48.33000183105469,49.7599983215332,5771500
DE,2010-02-08,35.85048294067383,48.959999084472656,50.59000015258789,48.84000015258789,49.84000015258789,3775400
DE,2010-02-09,36.846317291259766,50.31999969482422,51.36000061035156,49.72999954223633,49.900001525878906,5841600
DE,2010-02-10,36.64861297607422,50.04999923706055,50.650001525878906,49.43000030517578,50.439998626708984,3155300
DE,2010-02-11,38.3107795715332,52.31999969482422,52.5099983215332,49.849998474121094,49.90999984741211,5045200
DE,2010-02-12,38.88926315307617,53.11000061035156,53.15999984741211,51.11000061035156,51.470001220703125,5683500
DE,2010-02-16,39.3798713684082,53.779998779296875,54.54999923706055,53.540000915527344,53.7599983215332,6325800
DE,2010-02-17,41.3569221496582,56.47999954223633,58.04999923706055,56.04999923706055,57.689998626708984,17375400
DE,2010-02-18,41.92806625366211,57.2599983215332,57.52000045776367,56.45000076293945,56.91999816894531,6090000
DE,2010-02-19,41.9427375793457,57.279998779296875,57.720001220703125,56.599998474121094,57.11000061035156,4262100
DE,2010-02-22,41.518009185791016,56.70000076293945,57.75,56.4900016784668,57.599998474121094,4127600
DE,2010-02-23,41.071346282958984,56.09000015258789,57.439998626708984,55.45000076293945,56.58000183105469,4890200
DE,2010-02-24,41.13723373413086,56.18000030517578,56.9900016784668,55.7400016784668,56.29999923706055,3982800
DE,2010-02-25,41.70840072631836,56.959999084472656,57.119998931884766,54.599998474121094,55.27000045776367,5749000
DE,2010-02-26,41.95735549926758,57.29999923706055,57.4900016784668,56.2400016784668,57.34000015258789,4068600
DE,2010-03-01,42.68227767944336,58.290000915527344,58.459999084472656,57.45000076293945,57.45000076293945,3529600
DE,2010-03-02,42.62367630004883,58.209999084472656,58.9900016784668,57.65999984741211,58.58000183105469,3547700
DE,2010-03-03,42.95319747924805,58.65999984741211,59.70000076293945,58.33000183105469,58.349998474121094,3921600
DE,2010-03-04,42.836036682128906,58.5,59.33000183105469,58.06999969482422,58.779998779296875,3374900
DE,2010-03-05,43.59756088256836,59.540000915527344,59.849998474121094,59.0099983215332,59.290000915527344,3086000
DE,2010-03-08,43.348609924316406,59.20000076293945,59.779998779296875,58.779998779296875,59.59000015258789,2429700
DE,2010-03-09,43.407188415527344,59.279998779296875,59.72999954223633,58.7599983215332,58.849998474121094,3370400
DE,2010-03-10,42.8287239074707,58.4900016784668,59.349998474121094,58.11000061035156,59.279998779296875,4794100
DE,2010-03-11,42.27222442626953,57.72999954223633,58.290000915527344,56.709999084472656,58.15999984741211,7502500
DE,2010-03-12,42.93855285644531,58.63999938964844,58.939998626708984,57.959999084472656,58.310001373291016,4650900
DE,2010-03-15,42.565120697021484,58.130001068115234,58.599998474121094,57.599998474121094,58.43000030517578,3531100
DE,2010-03-16,43.14358139038086,58.91999816894531,59.0,57.75,58.38999938964844,3566600
DE,2010-03-17,43.634178161621094,59.59000015258789,59.959999084472656,58.959999084472656,59.02000045776367,3866700
DE,2010-03-18,43.385223388671875,59.25,59.90999984741211,58.959999084472656,59.31999969482422,3415000
DE,2010-03-19,43.19484329223633,58.9900016784668,59.63999938964844,58.63999938964844,58.9900016784668,5244000
DE,2010-03-22,43.94905471801758,60.02000045776367,60.040000915527344,58.279998779296875,58.33000183105469,5205800
DE,2010-03-23,45.36957931518555,61.959999084472656,62.08000183105469,60.099998474121094,60.20000076293945,8971600
DE,2010-03-24,44.29319381713867,60.4900016784668,61.650001525878906,60.310001373291016,61.63999938964844,6149600
DE,2010-03-25,44.080848693847656,60.20000076293945,61.83000183105469,60.06999969482422,61.060001373291016,5452100
DE,2010-03-26,44.344451904296875,60.560001373291016,61.20000076293945,60.11000061035156,60.52000045776367,4195800
DE,2010-03-29,45.131591796875,61.349998474121094,61.41999816894531,60.72999954223633,60.83000183105469,3364400
DE,2010-03-30,44.95504379272461,61.11000061035156,62.0,60.9900016784668,61.560001373291016,3932400
DE,2010-03-31,43.7412223815918,59.459999084472656,61.13999938964844,59.20000076293945,60.619998931884766,5567300
DE,2010-04-01,43.94719696044922,59.7400016784668,60.70000076293945,59.099998474121094,59.9900016784668,5010400
DE,2010-04-05,44.60928726196289,60.63999938964844,60.79999923706055,60.099998474121094,60.380001068115234,3515000
DE,2010-04-06,44.638710021972656,60.68000030517578,60.849998474121094,60.27000045776367,60.47999954223633,2270100
DE,2010-04-07,44.432716369628906,60.400001525878906,60.959999084472656,59.939998626708984,60.65999984741211,3690600
DE,2010-04-08,44.59456253051758,60.619998931884766,60.779998779296875,59.709999084472656,60.220001220703125,2714000
DE,2010-04-09,45.374359130859375,61.68000030517578,61.68000030517578,60.7400016784668,60.86000061035156,2807200
DE,2010-04-12,45.639190673828125,62.040000915527344,62.38999938964844,61.58000183105469,61.7599983215332,3805100
DE,2010-04-13,45.2713623046875,61.540000915527344,62.20000076293945,61.09000015258789,61.72999954223633,2381200
DE,2010-04-14,45.4405632019043,61.77000045776367,62.029998779296875,60.63999938964844,61.810001373291016,3581700
DE,2010-04-15,45.43320083618164,61.7599983215332,62.72999954223633,61.2599983215332,61.52000045776367,2546300
DE,2010-04-16,44.51365280151367,60.5099983215332,61.939998626708984,59.88999938964844,61.5099983215332,4345700
DE,2010-04-19,44.48423385620117,60.470001220703125,61.0,59.2400016784668,60.060001373291016,3536600
DE,2010-04-20,44.285606384277344,60.20000076293945,61.5,60.029998779296875,60.849998474121094,3187300
DE,2010-04-21,44.50629425048828,60.5,61.0,59.88999938964844,60.33000183105469,3533600
DE,2010-04-22,44.844696044921875,60.959999084472656,61.09000015258789,59.09000015258789,59.88999938964844,2832900
DE,2010-04-23,45.455265045166016,61.790000915527344,61.83000183105469,60.66999816894531,60.9900016784668,3838700
DE,2010-04-26,45.764244079589844,62.209999084472656,63.68000030517578,62.02000045776367,62.470001220703125,4530700
DE,2010-04-27,43.638240814208984,59.31999969482422,62.09000015258789,59.0099983215332,61.779998779296875,4932200
DE,2010-04-28,43.82950210571289,59.58000183105469,60.27000045776367,59.27000045776367,59.959999084472656,2948700
DE,2010-04-29,44.58720779418945,60.61000061035156,60.79999923706055,59.75,60.15999984741211,2662500
DE,2010-04-30,44.006046295166016,59.81999969482422,61.650001525878906,59.77000045776367,61.029998779296875,3984700
DE,2010-05-03,45.10951614379883,61.31999969482422,61.599998474121094,59.81999969482422,60.40999984741211,4745500
DE,2010-05-04,42.976165771484375,58.41999816894531,60.61000061035156,57.869998931884766,60.22999954223633,6055300
DE,2010-05-05,42.30672836303711,57.5099983215332,58.77000045776367,55.81999969482422,57.290000915527344,6720400
DE,2010-05-06,41.48281478881836,56.38999938964844,58.13999938964844,52.72999954223633,56.970001220703125,9057800
DE,2010-05-07,41.4754638671875,56.380001068115234,57.380001068115234,54.630001068115234,56.119998931884766,7929700
DE,2010-05-10,43.71916198730469,59.43000030517578,59.66999816894531,57.31999969482422,58.779998779296875,4719600
DE,2010-05-11,43.7412223815918,59.459999084472656,60.40999984741211,58.5,58.720001220703125,3394500
DE,2010-05-12,44.97711944580078,61.13999938964844,61.310001373291016,59.84000015258789,59.86000061035156,4043000
DE,2010-05-13,44.050201416015625,59.880001068115234,61.16999816894531,59.79999923706055,61.040000915527344,3299400
DE,2010-05-14,42.9320182800293,58.36000061035156,59.4900016784668,57.29999923706055,59.119998931884766,4523800
DE,2010-05-17,42.630409240722656,57.95000076293945,58.869998931884766,56.77000045776367,58.56999969482422,4221700
DE,2010-05-18,42.04925537109375,57.15999984741211,59.599998474121094,57.0,58.470001220703125,4433600
DE,2010-05-19,43.30720520019531,58.869998931884766,59.52000045776367,56.0,59.470001220703125,11276800
DE,2010-05-20,41.68878936767578,56.66999816894531,58.560001373291016,56.349998474121094,57.040000915527344,8009300
DE,2010-05-21,43.20420837402344,58.72999954223633,59.04999923706055,55.22999954223633,55.52000045776367,7004500
DE,2010-05-24,41.43867874145508,56.33000183105469,58.869998931884766,56.189998626708984,58.189998626708984,5300400
DE,2010-05-25,41.1149787902832,55.88999938964844,55.900001525878906,53.20000076293945,54.869998931884766,8849200
DE,2010-05-26,41.29890441894531,56.13999938964844,57.61000061035156,55.91999816894531,56.70000076293945,5225500
DE,2010-05-27,43.72651290893555,59.439998626708984,59.4900016784668,57.2400016784668,57.2400016784668,5068200
DE,2010-05-28,42.431785583496094,57.68000030517578,59.56999969482422,57.029998779296875,59.400001525878906,5162100
DE,2010-06-01,42.02717590332031,57.130001068115234,58.68000030517578,56.58000183105469,57.220001220703125,4939800
DE,2010-06-02,44.189971923828125,60.06999969482422,60.099998474121094,57.0,58.099998474121094,7109000
DE,2010-06-03,43.89570236206055,59.66999816894531,60.86000061035156,59.209999084472656,60.40999984741211,5281500
DE,2010-06-04,41.84326934814453,56.880001068115234,59.33000183105469,56.5,58.369998931884766,5196200
DE,2010-06-07,40.29841995239258,54.779998779296875,57.150001525878906,54.709999084472656,57.13999938964844,5371700
DE,2010-06-08,40.50440216064453,55.060001373291016,55.720001220703125,53.95000076293945,55.0099983215332,6148700
DE,2010-06-09,40.65889358520508,55.27000045776367,57.45000076293945,54.939998626708984,55.7599983215332,4816100
DE,2010-06-10,42.57154846191406,57.869998931884766,58.0,56.54999923706055,56.84000015258789,4373400
DE,2010-06-11,43.299842834472656,58.86000061035156,58.970001220703125,56.95000076293945,57.22999954223633,3544000
DE,2010-06-14,42.402366638183594,57.63999938964844,59.689998626708984,57.27000045776367,59.45000076293945,6107200
DE,2010-06-15,43.770660400390625,59.5,59.5099983215332,57.400001525878906,58.459999084472656,6232800
DE,2010-06-16,43.6529426574707,59.34000015258789,59.68000030517578,58.619998931884766,59.0099983215332,3372400
DE,2010-06-17,43.71179962158203,59.41999816894531,59.959999084472656,58.2599983215332,59.83000183105469,4043800
DE,2010-06-18,43.59410858154297,59.2599983215332,59.849998474121094,58.75,59.5,5729700
DE,2010-06-21,44.469520568847656,60.45000076293945,61.43000030517578,59.849998474121094,60.0,5562200
DE,2010-06-22,43.47639465332031,59.099998474121094,60.75,58.91999816894531,60.380001068115234,3965500
DE,2010-06-23,43.55732345581055,59.209999084472656,59.849998474121094,58.209999084472656,59.06999969482422,3200700
DE,2010-06-24,42.80695343017578,58.189998626708984,59.41999816894531,58.060001373291016,58.72999954223633,3722600
DE,2010-06-25,43.94719696044922,59.7400016784668,59.86000061035156,58.119998931884766,58.72999954223633,8440100
DE,2010-06-28,43.25960922241211,58.5099983215332,59.5099983215332,58.36000061035156,59.5099983215332,2993200
DE,2010-06-29,40.982398986816406,55.43000030517578,57.54999923706055,54.900001525878906,57.540000915527344,5541200
DE,2010-06-30,41.1672477722168,55.68000030517578,57.529998779296875,55.459999084472656,56.119998931884766,6621200
DE,2010-07-01,40.819740295410156,55.209999084472656,56.18000030517578,53.689998626708984,55.97999954223633,6218200
DE,2010-07-02,40.29479217529297,54.5,55.900001525878906,53.91999816894531,55.29999923706055,3892000
DE,2010-07-06,40.39091110229492,54.630001068115234,56.060001373291016,54.130001068115234,55.709999084472656,3787300
DE,2010-07-07,41.84743881225586,56.599998474121094,56.599998474121094,54.38999938964844,54.689998626708984,3406900
DE,2010-07-08,42.33540344238281,57.2599983215332,57.279998779296875,56.13999938964844,57.02000045776367,3333400
DE,2010-07-09,42.88991928100586,58.0099983215332,58.540000915527344,56.869998931884766,57.20000076293945,3693200
DE,2010-07-12,42.49807357788086,57.47999954223633,57.97999954223633,56.790000915527344,57.689998626708984,3252000
DE,2010-07-13,43.89545440673828,59.369998931884766,59.54999923706055,58.09000015258789,58.33000183105469,4090400
DE,2010-07-14,44.154239654541016,59.720001220703125,59.79999923706055,58.4900016784668,58.97999954223633,3625300
DE,2010-07-15,45.159759521484375,61.08000183105469,61.31999969482422,59.02000045776367,59.630001068115234,6389600
DE,2010-07-16,44.16162109375,59.72999954223633,61.09000015258789,59.52000045776367,60.45000076293945,5054000
DE,2010-07-19,44.44257354736328,60.11000061035156,60.66999816894531,59.2599983215332,60.220001220703125,3005000
DE,2010-07-20,44.87139129638672,60.689998626708984,60.959999084472656,58.939998626708984,59.02000045776367,4363700
DE,2010-07-21,45.662498474121094,61.7599983215332,63.0,61.20000076293945,61.33000183105469,5801600
DE,2010-07-22,46.438819885253906,62.810001373291016,63.470001220703125,62.27000045776367,62.4900016784668,4502000
DE,2010-07-23,47.688331604003906,64.5,64.83000183105469,62.59000015258789,62.72999954223633,5306100
DE,2010-07-26,48.043235778808594,64.9800033569336,64.98999786376953,63.900001525878906,64.5,4612700
DE,2010-07-27,47.52568817138672,64.27999877929688,65.19000244140625,63.81999969482422,65.0199966430664,4014200
DE,2010-07-28,47.451759338378906,64.18000030517578,64.62999725341797,63.95000076293945,63.970001220703125,1926800
DE,2010-07-29,47.695735931396484,64.51000213623047,65.18000030517578,63.290000915527344,64.6500015258789,3724800
DE,2010-07-30,49.30012512207031,66.68000030517578,67.08999633789062,63.900001525878906,64.0,6414600
DE,2010-08-02,49.66243362426758,67.16999816894531,67.94000244140625,66.93000030517578,67.87999725341797,4823000
DE,2010-08-03,49.40363693237305,66.81999969482422,67.23999786376953,65.95999908447266,66.86000061035156,3461500
DE,2010-08-04,49.95075607299805,67.55999755859375,67.8499984741211,66.54000091552734,67.0,3191100
DE,2010-08-05,50.26128387451172,67.9800033569336,69.0999984741211,67.29000091552734,67.44999694824219,4430900
DE,2010-08-06,50.30564498901367,68.04000091552734,68.30000305175781,66.75,67.55999755859375,4922400
DE,2010-08-09,51.2298469543457,69.29000091552734,69.47000122070312,68.23999786376953,68.93000030517578,3990100
DE,2010-08-10,50.21693420410156,67.91999816894531,68.77999877929688,67.38999938964844,68.55999755859375,4241800
DE,2010-08-11,48.309391021728516,65.33999633789062,66.7300033569336,64.95999908447266,66.4800033569336,5413900
DE,2010-08-12,48.44986343383789,65.52999877929688,65.91000366210938,64.11000061035156,64.45999908447266,3880900
DE,2010-08-13,47.947113037109375,64.8499984741211,65.33999633789062,64.30000305175781,65.27999877929688,2642100
DE,2010-08-16,48.49423599243164,65.58999633789062,66.33000183105469,64.16000366210938,64.77999877929688,3427800
DE,2010-08-17,49.70676040649414,67.2300033569336,67.75,66.2699966430664,66.79000091552734,5731400
DE,2010-08-18,48.78257751464844,65.9800033569336,67.5,65.45999908447266,67.13999938964844,9533500
DE,2010-08-19,48.58294677734375,65.70999908447266,66.9000015258789,64.77999877929688,66.69999694824219,5010800
DE,2010-08-20,48.15413284301758,65.12999725341797,65.52999877929688,64.77999877929688,65.0,4123700
DE,2010-08-23,46.594093322753906,63.02000045776367,65.6500015258789,62.45000076293945,65.55000305175781,5788500
DE,2010-08-24,46.09131622314453,62.34000015258789,63.27000045776367,61.5,61.68000030517578,5831900
DE,2010-08-25,46.47580337524414,62.86000061035156,63.130001068115234,60.45000076293945,61.56999969482422,5771900
DE,2010-08-26,46.394474029541016,62.75,64.19000244140625,62.650001525878906,62.880001068115234,4808300
DE,2010-08-27,47.784446716308594,64.62999725341797,64.8499984741211,61.900001525878906,63.38999938964844,4832100
DE,2010-08-30,46.56451416015625,62.97999954223633,64.5999984741211,62.97999954223633,64.4800033569336,4068500
DE,2010-08-31,46.77893829345703,63.27000045776367,64.25,62.11000061035156,62.27000045776367,3569200
DE,2010-09-01,49.18923568725586,66.52999877929688,66.68000030517578,64.47000122070312,64.69000244140625,5450700
DE,2010-09-02,50.09123992919922,67.75,67.88999938964844,66.3499984741211,66.62000274658203,3747900
DE,2010-09-03,50.74186706542969,68.62999725341797,69.22000122070312,68.0,68.05000305175781,4086600
DE,2010-09-07,50.032081604003906,67.66999816894531,68.44999694824219,67.30999755859375,68.3499984741211,3922300
DE,2010-09-08,50.34262466430664,68.08999633789062,68.68000030517578,67.80999755859375,67.83999633789062,3219000
DE,2010-09-09,49.788116455078125,67.33999633789062,69.0,67.19999694824219,68.97000122070312,3211300
DE,2010-09-10,50.13561248779297,67.80999755859375,68.41999816894531,67.12000274658203,67.55000305175781,2868000
DE,2010-09-13,51.592124938964844,69.77999877929688,69.9800033569336,68.61000061035156,68.80999755859375,4380900
DE,2010-09-14,51.776947021484375,70.02999877929688,70.77999877929688,69.26000213623047,69.69000244140625,4381800
DE,2010-09-15,51.79915237426758,70.05999755859375,70.55999755859375,69.3499984741211,69.66000366210938,3740100
DE,2010-09-16,51.4886360168457,69.63999938964844,70.5999984741211,69.56999969482422,70.12000274658203,2627700
DE,2010-09-17,53.56620788574219,72.44999694824219,72.47000122070312,69.72000122070312,70.20999908447266,6501600
DE,2010-09-20,54.42383575439453,73.61000061035156,73.69999694824219,72.25,72.70999908447266,4694000
DE,2010-09-21,54.002410888671875,73.04000091552734,73.62000274658203,72.26000213623047,73.37000274658203,5821300
DE,2010-09-22,53.29265594482422,72.08000183105469,73.19999694824219,71.8499984741211,73.06999969482422,4396100
DE,2010-09-23,52.634613037109375,71.19000244140625,72.56999969482422,70.51000213623047,71.5,3911500
DE,2010-09-24,53.706687927246094,72.63999938964844,72.98999786376953,71.88999938964844,71.88999938964844,3830800
DE,2010-09-27,53.307430267333984,72.0999984741211,72.94000244140625,71.9000015258789,72.8499984741211,2731400
DE,2010-09-28,53.151519775390625,71.58999633789062,71.98999786376953,70.43000030517578,71.93000030517578,4666400
DE,2010-09-29,53.255455017089844,71.7300033569336,72.29000091552734,70.8499984741211,71.2699966430664,3121300
DE,2010-09-30,51.80769348144531,69.77999877929688,72.29000091552734,69.41999816894531,72.08000183105469,6941400
DE,2010-10-01,50.90935134887695,68.56999969482422,69.6500015258789,68.41999816894531,69.1500015258789,8339400
DE,2010-10-04,50.94646453857422,68.62000274658203,68.8499984741211,67.66999816894531,68.30000305175781,4385500
DE,2010-10-05,52.93619918823242,71.30000305175781,71.88999938964844,69.41999816894531,69.41999816894531,4774300
DE,2010-10-06,53.42621612548828,71.95999908447266,72.52999877929688,71.0999984741211,71.0999984741211,3651000
DE,2010-10-07,53.38168716430664,71.9000015258789,72.5,70.8499984741211,72.43000030517578,2694300
DE,2010-10-08,55.943084716796875,75.3499984741211,76.83000183105469,74.11000061035156,74.11000061035156,10645300
DE,2010-10-11,55.91341018676758,75.30999755859375,76.16999816894531,74.47000122070312,76.0999984741211,3279000
DE,2010-10-12,55.430816650390625,74.66000366210938,75.55000305175781,73.87999725341797,75.19000244140625,4244100
DE,2010-10-13,55.89112854003906,75.27999877929688,76.0,75.23999786376953,75.5,4168000
DE,2010-10-14,55.75007247924805,75.08999633789062,75.72000122070312,74.19999694824219,75.19000244140625,3280900
DE,2010-10-15,56.54448699951172,76.16000366210938,76.30999755859375,75.2699966430664,76.05000305175781,5321200
DE,2010-10-18,56.46281433105469,76.05000305175781,76.62999725341797,75.66000366210938,76.12000274658203,3132100
DE,2010-10-19,55.623836517333984,74.91999816894531,75.80000305175781,73.62999725341797,74.62999725341797,5163700
DE,2010-10-20,56.75236892700195,76.44000244140625,77.1500015258789,74.75,75.11000061035156,4081000
DE,2010-10-21,57.205238342285156,77.05000305175781,77.72000122070312,75.91999816894531,77.0199966430664,4372500
DE,2010-10-22,57.35373306274414,77.25,77.29000091552734,76.5,76.75,3320800
DE,2010-10-25,57.346317291259766,77.23999786376953,78.88999938964844,77.13999938964844,77.98999786376953,3742400
DE,2010-10-26,56.73752975463867,76.41999816894531,77.44000244140625,76.25,76.88999938964844,2752300
DE,2010-10-27,56.30690002441406,75.83999633789062,75.91000366210938,74.22000122070312,75.9000015258789,4183300
DE,2010-10-28,56.0544548034668,75.5,76.86000061035156,74.58999633789062,76.37000274658203,3018200
DE,2010-10-29,57.0196418762207,76.80000305175781,77.08999633789062,75.0199966430664,75.0199966430664,2567100
DE,2010-11-01,56.67812728881836,76.33999633789062,77.94000244140625,75.72000122070312,77.45999908447266,2707200
DE,2010-11-02,57.420555114746094,77.33999633789062,78.33999633789062,76.86000061035156,77.36000061035156,2984600
DE,2010-11-03,57.55419158935547,77.5199966430664,77.58000183105469,76.19999694824219,77.48999786376953,2485400
DE,2010-11-04,58.786651611328125,79.18000030517578,79.26000213623047,77.69000244140625,78.31999969482422,3338300
DE,2010-11-05,58.72727966308594,79.0999984741211,79.52999877929688,78.62000274658203,79.33999633789062,2282200
DE,2010-11-08,58.408023834228516,78.66999816894531,79.0199966430664,77.9000015258789,78.94999694824219,2343600
DE,2010-11-09,57.81407928466797,77.87000274658203,79.66000366210938,77.47000122070312,79.20999908447266,3617800
DE,2010-11-10,58.59362030029297,78.91999816894531,79.13999938964844,77.5999984741211,78.16999816894531,3057700
DE,2010-11-11,58.49712371826172,78.79000091552734,78.91999816894531,78.05000305175781,78.19999694824219,4440400
DE,2010-11-12,57.06420135498047,76.86000061035156,78.83999633789062,76.05999755859375,78.19000244140625,5650000
DE,2010-11-15,56.78205871582031,76.4800033569336,77.75,76.43000030517578,77.06999969482422,3084500
DE,2010-11-16,56.20296096801758,75.69999694824219,76.01000213623047,74.12999725341797,75.87999725341797,4361600
DE,2010-11-17,56.42567825317383,76.0,76.2300033569336,75.08000183105469,75.76000213623047,2155600
DE,2010-11-18,57.376007080078125,77.27999877929688,78.19000244140625,76.88999938964844,77.26000213623047,3597000
DE,2010-11-19,57.89573669433594,77.9800033569336,78.1500015258789,76.80999755859375,77.66999816894531,4068300
DE,2010-11-22,57.35373306274414,77.25,77.73999786376953,76.19999694824219,77.16000366210938,4049500
DE,2010-11-23,56.67812728881836,76.33999633789062,76.76000213623047,75.5199966430664,76.22000122070312,4195700
DE,2010-11-24,56.59645080566406,76.2300033569336,77.36000061035156,75.66999816894531,76.2300033569336,8469300
DE,2010-11-26,56.42567825317383,76.0,76.30000305175781,75.26000213623047,75.69000244140625,1750100
DE,2010-11-29,55.816898345947266,75.18000030517578,76.44999694824219,75.18000030517578,76.02999877929688,5992300
DE,2010-11-30,55.46051025390625,74.69999694824219,75.13999938964844,74.05999755859375,74.94000244140625,5376600
DE,2010-12-01,56.529659271240234,76.13999938964844,76.22000122070312,75.2300033569336,75.88999938964844,4969500
DE,2010-12-02,58.133304595947266,78.30000305175781,78.58000183105469,76.16000366210938,76.23999786376953,5231700
DE,2010-12-03,58.140743255615234,78.30999755859375,78.55000305175781,77.5199966430664,77.56999969482422,2751700
DE,2010-12-06,58.68269348144531,79.04000091552734,79.13999938964844,77.70999908447266,78.44999694824219,3191900
DE,2010-12-07,60.44971466064453,81.41999816894531,82.5,79.81999969482422,79.9000015258789,8160100
DE,2010-12-08,59.84833908081055,80.61000061035156,81.7300033569336,79.47000122070312,81.52999877929688,5331300
DE,2010-12-09,59.803810119628906,80.55000305175781,81.44000244140625,79.94999694824219,81.44000244140625,3565100
DE,2010-12-10,60.984291076660156,82.13999938964844,82.4800033569336,80.44000244140625,80.86000061035156,4063100
DE,2010-12-13,60.81350326538086,81.91000366210938,82.98999786376953,81.88999938964844,82.98999786376953,3915700
DE,2010-12-14,61.28125762939453,82.54000091552734,82.98999786376953,81.6500015258789,81.91999816894531,3522300
DE,2010-12-15,60.55366516113281,81.55999755859375,83.38999938964844,81.36000061035156,82.2300033569336,3957000
DE,2010-12-16,61.08822250366211,82.27999877929688,82.45999908447266,81.0999984741211,82.11000061035156,2944700
DE,2010-12-17,60.5462646484375,81.55000305175781,82.33000183105469,81.5,82.26000213623047,3370400
DE,2010-12-20,61.30355453491211,82.56999969482422,82.66999816894531,81.61000061035156,81.69999694824219,2188600
DE,2010-12-21,62.70677947998047,84.45999908447266,84.8499984741211,82.62000274658203,82.7300033569336,3698100
DE,2010-12-22,62.328147888183594,83.94999694824219,84.66999816894531,83.54000091552734,84.4800033569336,2230900
DE,2010-12-23,62.05342102050781,83.58000183105469,83.9800033569336,83.30999755859375,83.9800033569336,1685000
DE,2010-12-27,62.04600524902344,83.56999969482422,83.76000213623047,82.93000030517578,83.23999786376953,1489200
DE,2010-12-28,62.023712158203125,83.54000091552734,83.9800033569336,83.0,83.80999755859375,1643500
DE,2010-12-29,62.11317443847656,83.30999755859375,83.80999755859375,83.30999755859375,83.61000061035156,1511600
DE,2010-12-30,62.10572052001953,83.30000305175781,83.8499984741211,83.05000305175781,83.36000061035156,1269500
DE,2010-12-31,61.91931915283203,83.05000305175781,83.29000091552734,82.75,83.25,1187900
DE,2011-01-03,62.321937561035156,83.58999633789062,84.75,83.45999908447266,83.93000030517578,3005900
DE,2011-01-04,61.89693832397461,83.0199966430664,84.08000183105469,81.80000305175781,84.0,3117300
DE,2011-01-05,62.806541442871094,84.23999786376953,84.63999938964844,82.27999877929688,82.41999816894531,3020600
DE,2011-01-06,62.81399917602539,84.25,84.68000030517578,83.45999908447266,84.41000366210938,3527500
DE,2011-01-07,62.8811149597168,84.33999633789062,85.30000305175781,83.30000305175781,84.41999816894531,4061300
DE,2011-01-10,63.060035705566406,84.58000183105469,85.30000305175781,83.6500015258789,84.69000244140625,2958600
DE,2011-01-11,63.86531448364258,85.66000366210938,86.6500015258789,85.19000244140625,85.19000244140625,3357700
DE,2011-01-12,65.1998519897461,87.44999694824219,87.73999786376953,86.54000091552734,86.55999755859375,3283900
DE,2011-01-13,66.70587921142578,89.47000122070312,89.97000122070312,88.75,89.23999786376953,6100300
DE,2011-01-14,66.7431411743164,89.5199966430664,89.87000274658203,88.83000183105469,89.47000122070312,4103300
DE,2011-01-18,67.54837036132812,90.5999984741211,91.62999725341797,89.69000244140625,89.69000244140625,4488700
DE,2011-01-19,66.65370178222656,89.4000015258789,91.27999877929688,88.77999877929688,90.5,4851800
DE,2011-01-20,66.54930114746094,89.26000213623047,90.0,86.88999938964844,89.02999877929688,4193200
DE,2011-01-21,66.53438568115234,89.23999786376953,90.63999938964844,88.63999938964844,90.37999725341797,3258300
DE,2011-01-24,67.19048309326172,90.12000274658203,90.41999816894531,88.91000366210938,89.47000122070312,2422900
DE,2011-01-25,66.64620971679688,89.38999938964844,90.23999786376953,88.23999786376953,89.55999755859375,3156400
DE,2011-01-26,67.83914184570312,90.98999786376953,91.38999938964844,89.55000305175781,89.94000244140625,3254700
DE,2011-01-27,67.83168029785156,90.9800033569336,91.41999816894531,90.01000213623047,91.4000015258789,3635000
DE,2011-01-28,66.2883529663086,88.91000366210938,91.88999938964844,88.68000030517578,91.26000213623047,3367700
DE,2011-01-31,67.77203369140625,90.9000015258789,91.3499984741211,88.37999725341797,88.37999725341797,4373400
DE,2011-02-01,69.30790710449219,92.95999908447266,93.5,91.41999816894531,91.83000183105469,5620000
DE,2011-02-02,70.150390625,94.08999633789062,94.23999786376953,92.87000274658203,92.87000274658203,4332600
DE,2011-02-03,69.69560241699219,93.4800033569336,94.0999984741211,92.37000274658203,93.9000015258789,3496000
DE,2011-02-04,69.49430847167969,93.20999908447266,93.91999816894531,92.62000274658203,93.51000213623047,3202300
DE,2011-02-07,70.18766784667969,94.13999938964844,94.61000061035156,93.23999786376953,93.63999938964844,2768800
DE,2011-02-08,69.70304870605469,93.48999786376953,94.29000091552734,93.01000213623047,94.29000091552734,2675300
DE,2011-02-09,70.0459976196289,93.94999694824219,94.73999786376953,93.19999694824219,94.1500015258789,3220400
DE,2011-02-10,70.47099304199219,94.5199966430664,94.69000244140625,93.38999938964844,93.62999725341797,2498400
DE,2011-02-11,71.14199829101562,95.41999816894531,95.5,94.01000213623047,94.1500015258789,2560000
DE,2011-02-14,70.64990234375,94.76000213623047,95.9000015258789,94.66999816894531,95.80999755859375,3904900
DE,2011-02-15,69.79999542236328,93.62000274658203,94.75,93.08999633789062,94.58000183105469,4641900
DE,2011-02-16,71.47005462646484,95.86000061035156,97.36000061035156,94.0199966430664,97.19999694824219,12385200
DE,2011-02-17,71.0226821899414,95.26000213623047,96.22000122070312,94.6500015258789,96.19999694824219,4663800
DE,2011-02-18,70.82887268066406,95.0,95.08000183105469,93.83999633789062,94.93000030517578,5227800
DE,2011-02-22,67.8465805053711,91.0,94.88999938964844,90.94000244140625,93.5999984741211,5469600
DE,2011-02-23,65.80374145507812,88.26000213623047,91.44000244140625,86.2300033569336,91.44000244140625,10405500
DE,2011-02-24,66.2883529663086,88.91000366210938,91.16999816894531,87.6500015258789,88.5,6684100
DE,2011-02-25,67.46635437011719,90.48999786376953,92.0,90.41000366210938,91.83999633789062,6145100
DE,2011-02-28,67.21285247802734,90.1500015258789,91.73999786376953,89.93000030517578,91.63999938964844,5112400
DE,2011-03-01,66.40018463134766,89.05999755859375,91.0,88.33000183105469,90.75,5464800
DE,2011-03-02,66.76554107666016,89.55000305175781,90.66999816894531,88.69999694824219,88.76000213623047,4184300
DE,2011-03-03,69.06185150146484,92.62999725341797,93.16000366210938,90.43000030517578,90.87000274658203,4846300
DE,2011-03-04,68.85307312011719,92.3499984741211,93.05999755859375,91.11000061035156,92.7300033569336,3610400
DE,2011-03-07,67.37687683105469,90.37000274658203,93.1500015258789,89.94000244140625,92.91000366210938,4207200
DE,2011-03-08,68.22681427001953,91.51000213623047,92.0999984741211,88.9000015258789,90.58000183105469,4183100
DE,2011-03-09,66.96681213378906,89.81999969482422,90.63999938964844,89.0,90.41999816894531,4702100
DE,2011-03-10,65.27439880371094,87.55000305175781,89.0,86.0999984741211,88.01000213623047,5686400
DE,2011-03-11,65.45331573486328,87.79000091552734,88.0,84.58999633789062,85.87999725341797,6210200
DE,2011-03-14,65.33403015136719,87.62999725341797,88.12999725341797,86.44000244140625,87.72000122070312,3922600
DE,2011-03-15,65.3713150024414,87.68000030517578,88.02999877929688,84.2699966430664,84.9000015258789,4658900
DE,2011-03-16,64.79722595214844,86.91000366210938,88.91000366210938,85.98999786376953,87.88999938964844,5499800
DE,2011-03-17,66.63874816894531,89.37999725341797,90.26000213623047,88.0,88.75,5865500
DE,2011-03-18,67.17557525634766,90.0999984741211,91.4800033569336,89.66999816894531,91.08000183105469,5313300
DE,2011-03-21,68.30138397216797,91.61000061035156,92.45999908447266,91.36000061035156,91.4800033569336,4474100
DE,2011-03-22,67.8838882446289,91.05000305175781,91.7699966430664,90.16000366210938,91.7699966430664,3614100
DE,2011-03-23,68.16718292236328,91.43000030517578,91.56999969482422,90.12000274658203,90.75,3152800
DE,2011-03-24,69.50921630859375,93.2300033569336,93.38999938964844,91.25,92.08999633789062,3758800
DE,2011-03-25,70.26219940185547,94.23999786376953,94.94000244140625,92.69999694824219,93.4000015258789,3956500
DE,2011-03-28,69.56138610839844,93.30000305175781,94.9800033569336,93.2699966430664,94.66999816894531,3361300
DE,2011-03-29,70.30975341796875,93.94999694824219,94.0199966430664,91.75,93.22000122070312,4336400
DE,2011-03-30,70.68397521972656,94.44999694824219,94.91999816894531,93.87999725341797,94.80000305175781,3351800
DE,2011-03-31,72.5099868774414,96.88999938964844,96.9800033569336,94.6500015258789,94.7300033569336,6140400
DE,2011-04-01,73.78972625732422,98.5999984741211,99.80000305175781,97.54000091552734,97.5999984741211,6490900
DE,2011-04-04,74.2686767578125,99.23999786376953,99.54000091552734,98.5199966430664,99.04000091552734,2974400
DE,2011-04-05,73.49784851074219,98.20999908447266,99.05999755859375,97.9800033569336,98.91999816894531,3149700
DE,2011-04-06,72.59978485107422,97.01000213623047,98.66000366210938,96.51000213623047,98.66000366210938,3613100
DE,2011-04-07,72.1956787109375,96.47000122070312,98.12000274658203,96.05000305175781,96.66999816894531,3671900
DE,2011-04-08,71.79158020019531,95.93000030517578,97.66999816894531,95.12999725341797,97.08000183105469,3018600
DE,2011-04-11,71.08809661865234,94.98999786376953,96.18000030517578,94.70999908447266,95.9000015258789,3615800
DE,2011-04-12,69.93560791015625,93.44999694824219,94.29000091552734,92.86000061035156,94.06999969482422,4038800
DE,2011-04-13,70.03286743164062,93.58000183105469,94.70999908447266,92.69000244140625,94.56999969482422,2816500
DE,2011-04-14,70.53428649902344,94.25,94.37000274658203,92.61000061035156,92.94000244140625,2813600
DE,2011-04-15,70.1675796508789,93.76000213623047,94.48999786376953,93.19000244140625,94.31999969482422,3986500
DE,2011-04-18,68.49867248535156,91.52999877929688,92.52999877929688,90.6500015258789,92.52999877929688,4715800
DE,2011-04-19,69.13483428955078,92.37999725341797,92.58000183105469,91.02999877929688,92.3499984741211,3775200
DE,2011-04-20,70.2649154663086,93.88999938964844,94.63999938964844,93.38999938964844,94.4800033569336,3685800
DE,2011-04-21,71.28266143798828,95.25,95.37000274658203,94.0199966430664,94.58000183105469,3026100
DE,2011-04-25,70.88603973388672,94.72000122070312,95.5,94.19999694824219,95.19999694824219,1945200
DE,2011-04-26,72.59232330322266,97.0,97.77999877929688,96.02999877929688,96.54000091552734,4800000
DE,2011-04-27,72.41271209716797,96.76000213623047,97.26000213623047,94.6500015258789,97.08000183105469,3509500
DE,2011-04-28,71.77661895751953,95.91000366210938,96.83999633789062,95.45999908447266,96.41000366210938,2668100
DE,2011-04-29,72.96649932861328,97.5,97.55000305175781,95.87000274658203,96.80000305175781,3856900
DE,2011-05-02,72.88419342041016,97.38999938964844,98.30000305175781,96.87000274658203,98.22000122070312,4282400
DE,2011-05-03,71.08057403564453,94.9800033569336,97.27999877929688,94.79000091552734,97.27999877929688,4142700
DE,2011-05-04,69.62127685546875,93.02999877929688,95.5,91.72000122070312,95.05999755859375,4679300
DE,2011-05-05,68.50617980957031,91.54000091552734,93.08000183105469,91.0,91.94000244140625,4612100
DE,2011-05-06,68.49867248535156,91.52999877929688,94.16999816894531,91.51000213623047,93.5199966430664,5191700
DE,2011-05-09,69.44914245605469,92.80000305175781,93.54000091552734,91.54000091552734,91.58999633789062,3254800
DE,2011-05-10,70.71392822265625,94.48999786376953,94.61000061035156,93.31999969482422,93.70999908447266,3600400
DE,2011-05-11,68.31910705566406,91.29000091552734,93.94000244140625,90.80999755859375,93.77999877929688,6537600
DE,2011-05-12,67.62310028076172,90.36000061035156,91.18000030517578,89.0999984741211,90.80999755859375,4656600
DE,2011-05-13,65.64737701416016,87.72000122070312,90.58999633789062,87.56999969482422,90.27999877929688,6757500
DE,2011-05-16,65.95423126220703,88.12999725341797,89.44999694824219,86.62999725341797,87.33000183105469,4933000
DE,2011-05-17,65.0786361694336,86.95999908447266,88.0999984741211,86.16000366210938,87.30000305175781,6083000
DE,2011-05-18,64.734375,86.5,86.66999816894531,84.6500015258789,86.0,12671600
DE,2011-05-19,64.39013671875,86.04000091552734,87.7300033569336,85.87999725341797,86.86000061035156,7202600
DE,2011-05-20,63.424713134765625,84.75,85.94999694824219,84.2699966430664,85.75,5995700
DE,2011-05-23,62.15998077392578,83.05999755859375,83.47000122070312,82.25,83.0199966430664,6543700
DE,2011-05-24,62.45184326171875,83.44999694824219,84.76000213623047,83.41999816894531,83.80000305175781,5391100
DE,2011-05-25,63.39481735229492,84.70999908447266,85.13999938964844,82.51000213623047,83.48999786376953,4635400
DE,2011-05-26,63.5669059753418,84.94000244140625,85.30000305175781,84.0,84.61000061035156,3936500
DE,2011-05-27,64.16561126708984,85.73999786376953,86.30000305175781,85.26000213623047,85.37999725341797,3538400
DE,2011-05-31,64.42007446289062,86.08000183105469,87.1500015258789,85.05000305175781,87.05999755859375,4736600
DE,2011-06-01,61.93547821044922,82.76000213623047,85.88999938964844,82.7300033569336,85.5,5797000
DE,2011-06-02,63.03559112548828,84.2300033569336,84.68000030517578,83.16999816894531,83.44999694824219,6042800
DE,2011-06-03,61.51638412475586,82.19999694824219,83.6500015258789,81.5199966430664,82.30999755859375,5352300
DE,2011-06-06,61.14218521118164,81.69999694824219,82.7300033569336,81.33999633789062,82.12000274658203,3897700
DE,2011-06-07,60.77547073364258,81.20999908447266,82.29000091552734,81.0999984741211,82.25,3679300
DE,2011-06-08,59.840003967285156,79.95999908447266,81.19999694824219,79.61000061035156,80.9800033569336,6612200
DE,2011-06-09,61.36668395996094,82.0,82.79000091552734,80.87000274658203,81.2300033569336,6933400
DE,2011-06-10,61.21702194213867,81.80000305175781,82.51000213623047,80.75,81.77999877929688,6783700
DE,2011-06-13,60.01962661743164,80.19999694824219,82.13999938964844,79.7699966430664,81.66999816894531,4821400
DE,2011-06-14,61.36668395996094,82.0,82.66000366210938,80.9000015258789,81.55000305175781,4483900
DE,2011-06-15,60.027103424072266,80.20999908447266,82.18000030517578,80.08999633789062,81.36000061035156,4537800
DE,2011-06-16,59.323646545410156,79.2699966430664,80.83999633789062,78.2300033569336,80.0999984741211,5510200
DE,2011-06-17,58.769859313964844,78.52999877929688,80.52999877929688,78.30000305175781,80.4800033569336,5970100
DE,2011-06-20,59.91483688354492,80.05999755859375,80.08999633789062,77.80999755859375,78.27999877929688,4328200
DE,2011-06-21,61.463993072509766,82.12999725341797,82.44000244140625,80.30000305175781,80.69000244140625,4298700
DE,2011-06-22,61.04486846923828,81.56999969482422,83.0,81.5,82.19000244140625,4882900
DE,2011-06-23,61.16464614868164,81.7300033569336,81.83999633789062,78.80000305175781,79.8499984741211,5785400
DE,2011-06-24,59.854984283447266,79.9800033569336,81.69999694824219,79.77999877929688,81.66000366210938,4673000
DE,2011-06-27,60.38633346557617,80.69000244140625,81.05999755859375,79.95999908447266,80.1500015258789,3177200
DE,2011-06-28,61.642494201660156,81.94999694824219,82.0,80.5,80.83999633789062,3153000
DE,2011-06-29,62.00353240966797,82.43000030517578,82.98999786376953,81.77999877929688,82.58999633789062,6328700
DE,2011-06-30,62.01860046386719,82.44999694824219,82.94999694824219,80.30999755859375,81.69000244140625,7497600
DE,2011-07-01,63.59067153930664,84.54000091552734,84.7300033569336,81.70999908447266,82.19999694824219,5947800
DE,2011-07-05,63.81636428833008,84.83999633789062,85.97000122070312,84.5,84.76000213623047,4819600
DE,2011-07-06,63.62826919555664,84.58999633789062,85.13999938964844,83.75,84.7699966430664,4070000
DE,2011-07-07,65.01983642578125,86.44000244140625,87.12000274658203,85.30999755859375,85.44999694824219,6305100
DE,2011-07-08,64.77163696289062,86.11000061035156,86.30999755859375,84.30000305175781,84.62999725341797,5412000
DE,2011-07-11,62.80086135864258,83.48999786376953,85.19999694824219,83.0199966430664,84.95999908447266,4866500
DE,2011-07-12,61.416839599609375,81.6500015258789,83.1500015258789,81.5,82.88999938964844,7589600
DE,2011-07-13,61.59735870361328,81.88999938964844,83.6500015258789,81.76000213623047,82.52999877929688,4834400
DE,2011-07-14,61.25135040283203,81.43000030517578,82.91000366210938,80.7699966430664,82.0999984741211,4976800
DE,2011-07-15,61.446922302246094,81.69000244140625,82.11000061035156,80.51000213623047,81.80999755859375,4540700
DE,2011-07-18,60.0252799987793,79.80000305175781,81.48999786376953,79.19999694824219,81.22000122070312,6235300
DE,2011-07-19,60.837646484375,80.87999725341797,81.45999908447266,79.93000030517578,80.75,4756700
DE,2011-07-20,60.536773681640625,80.4800033569336,81.62999725341797,80.37999725341797,81.62999725341797,3511400
DE,2011-07-21,61.905765533447266,82.30000305175781,82.66000366210938,80.5999984741211,81.18000030517578,5251100
DE,2011-07-22,61.108421325683594,81.23999786376953,81.4800033569336,80.25,81.12999725341797,4624400
DE,2011-07-25,61.59735870361328,81.88999938964844,82.54000091552734,80.13999938964844,80.29000091552734,4019800
DE,2011-07-26,60.85267639160156,80.9000015258789,82.48999786376953,80.81999969482422,82.48999786376953,3769000
DE,2011-07-27,59.73942184448242,79.41999816894531,80.37999725341797,78.30999755859375,80.30000305175781,7382200
DE,2011-07-28,59.71685028076172,79.38999938964844,80.62999725341797,79.12000274658203,79.44999694824219,6089800
DE,2011-07-29,59.054954528808594,78.51000213623047,79.58999633789062,77.79000091552734,78.13999938964844,5197900
DE,2011-08-01,59.21288299560547,78.72000122070312,81.13999938964844,77.55000305175781,81.11000061035156,5108300
DE,2011-08-02,57.78373718261719,76.81999969482422,79.9000015258789,76.81999969482422,78.36000061035156,6441600
DE,2011-08-03,57.97178268432617,77.06999969482422,77.69000244140625,74.54000091552734,77.33999633789062,6289100
DE,2011-08-04,54.466548919677734,72.41000366210938,75.91000366210938,72.37000274658203,75.91000366210938,8001800
DE,2011-08-05,54.654605865478516,72.66000366210938,74.30000305175781,70.5,73.48999786376953,9047300
DE,2011-08-08,50.434783935546875,67.05000305175781,70.73999786376953,66.80999755859375,69.27999877929688,8852300
DE,2011-08-09,53.35327911376953,70.93000030517578,70.9800033569336,66.05999755859375,69.13999938964844,8675500
DE,2011-08-10,51.141845703125,67.98999786376953,70.52999877929688,67.58000183105469,69.5,7040800
DE,2011-08-11,55.271392822265625,73.4800033569336,74.56999969482422,68.70999908447266,68.77999877929688,10600800
DE,2011-08-12,56.39216232299805,74.97000122070312,75.91999816894531,73.87999725341797,75.69000244140625,5923200
DE,2011-08-15,57.543033599853516,76.5,76.5999984741211,75.37000274658203,75.77999877929688,4690300
DE,2011-08-16,56.535091400146484,75.16000366210938,75.88999938964844,74.2300033569336,75.66999816894531,4652100
DE,2011-08-17,55.858116149902344,74.26000213623047,75.48999786376953,73.0,73.44999694824219,11444200
DE,2011-08-18,52.76658630371094,70.1500015258789,71.31999969482422,68.88999938964844,71.30999755859375,8715700
DE,2011-08-19,51.90908432006836,69.01000213623047,72.30000305175781,68.97000122070312,69.18000030517578,7352000
DE,2011-08-22,52.65375518798828,70.0,70.97000122070312,69.5999984741211,70.73999786376953,7311800
DE,2011-08-23,54.654605865478516,72.66000366210938,72.69999694824219,70.01000213623047,70.4800033569336,5259300
DE,2011-08-24,56.48993682861328,75.0999984741211,75.19000244140625,72.05000305175781,72.54000091552734,5586100
DE,2011-08-25,54.95545959472656,73.05999755859375,76.0,72.7699966430664,75.51000213623047,5315800
DE,2011-08-26,57.18950271606445,76.02999877929688,76.33000183105469,71.44000244140625,72.3499984741211,5451700
DE,2011-08-29,59.355831146240234,78.91000366210938,79.05999755859375,77.13999938964844,77.62000274658203,4783300
DE,2011-08-30,60.258453369140625,80.11000061035156,80.7300033569336,77.80000305175781,78.37999725341797,6183700
DE,2011-08-31,60.792518615722656,80.81999969482422,82.55999755859375,79.7300033569336,81.0,6896100
DE,2011-09-01,60.092952728271484,79.88999938964844,82.22000122070312,79.63999938964844,80.7300033569336,4947100
DE,2011-09-02,58.69389724731445,78.02999877929688,79.16000366210938,77.12000274658203,77.5199966430664,4078600
DE,2011-09-06,58.02443313598633,77.13999938964844,77.41000366210938,74.20999908447266,74.9800033569336,4998000
DE,2011-09-07,59.68678283691406,79.3499984741211,79.4800033569336,78.0999984741211,78.97000122070312,4133100
DE,2011-09-08,58.11471939086914,77.26000213623047,79.01000213623047,76.77999877929688,78.41999816894531,5212000
DE,2011-09-09,56.610286712646484,75.26000213623047,76.69000244140625,74.37999725341797,76.22000122070312,6061300
DE,2011-09-12,56.4448356628418,75.04000091552734,75.81999969482422,72.68000030517578,74.12000274658203,5696100
DE,2011-09-13,57.588165283203125,76.55999755859375,77.0999984741211,74.80999755859375,75.25,4681000
DE,2011-09-14,58.137264251708984,77.29000091552734,78.37999725341797,74.55999755859375,77.13999938964844,5228200
DE,2011-09-15,59.152713775634766,78.63999938964844,78.9800033569336,77.41000366210938,78.44999694824219,4724800
DE,2011-09-16,58.686370849609375,78.0199966430664,79.22000122070312,77.44000244140625,79.13999938964844,4968800
DE,2011-09-19,58.062042236328125,77.19000244140625,77.7300033569336,75.1500015258789,76.56999969482422,4142500
DE,2011-09-20,57.15187454223633,75.9800033569336,78.29000091552734,75.9800033569336,77.66000366210938,3641000
DE,2011-09-21,54.774932861328125,72.81999969482422,76.41999816894531,72.81999969482422,75.91999816894531,4565700
DE,2011-09-22,51.593135833740234,68.58999633789062,70.23999786376953,67.0999984741211,69.70999908447266,8937300
DE,2011-09-23,50.750694274902344,67.47000122070312,69.12000274658203,66.87999725341797,68.2699966430664,7114400
DE,2011-09-26,51.48031997680664,68.44000244140625,68.5999984741211,66.0,68.36000061035156,6157000
DE,2011-09-27,52.26259231567383,69.4800033569336,71.45999908447266,69.0199966430664,70.37999725341797,5059800
DE,2011-09-28,51.01411437988281,67.41999816894531,70.31999969482422,67.30000305175781,69.4800033569336,4949200
DE,2011-09-29,51.483245849609375,68.04000091552734,69.06999969482422,66.12999725341797,68.86000061035156,4434200
DE,2011-09-30,48.857627868652344,64.56999969482422,66.94000244140625,64.55999755859375,66.83999633789062,6281900
DE,2011-10-03,46.701148986816406,61.720001220703125,64.7300033569336,61.630001068115234,63.900001525878906,7637000
DE,2011-10-04,48.03285598754883,63.47999954223633,63.619998931884766,59.91999816894531,60.72999954223633,8600000
DE,2011-10-05,50.06073760986328,66.16000366210938,66.45999908447266,63.099998474121094,63.7400016784668,5073200
DE,2011-10-06,50.37092590332031,66.56999969482422,67.22000122070312,64.58000183105469,65.77999877929688,5691600
DE,2011-10-07,49.712646484375,65.69999694824219,67.22000122070312,65.0,67.08000183105469,5400200
DE,2011-10-10,52.49717330932617,69.37999725341797,69.58000183105469,67.5199966430664,67.76000213623047,4711700
DE,2011-10-11,54.237518310546875,71.68000030517578,72.37000274658203,68.83999633789062,69.63999938964844,7753500
DE,2011-10-12,53.76081085205078,71.05000305175781,72.93000030517578,69.70999908447266,72.05000305175781,6456600
DE,2011-10-13,52.814964294433594,69.80000305175781,71.47000122070312,68.41000366210938,70.79000091552734,8142500
DE,2011-10-14,54.01805114746094,71.38999938964844,71.55999755859375,69.5999984741211,70.88999938964844,4189700
DE,2011-10-17,52.640933990478516,69.56999969482422,71.38999938964844,69.18000030517578,71.08999633789062,3774900
DE,2011-10-18,53.064674377441406,70.12999725341797,70.58999633789062,68.51000213623047,69.4800033569336,6713900
DE,2011-10-19,52.29286575317383,69.11000061035156,71.02999877929688,68.69999694824219,70.22000122070312,4385200
DE,2011-10-20,52.39882278442383,69.25,69.63999938964844,67.77999877929688,69.37999725341797,4571900
DE,2011-10-21,54.65365982055664,72.2300033569336,72.2300033569336,69.9000015258789,70.4800033569336,5678500
DE,2011-10-24,56.40913009643555,74.55000305175781,75.01000213623047,73.36000061035156,73.73999786376953,5347600
DE,2011-10-25,55.327083587646484,73.12000274658203,74.58999633789062,71.66999816894531,73.76000213623047,4444200
DE,2011-10-26,55.939979553222656,73.93000030517578,74.27999877929688,72.25,74.0,3941500
DE,2011-10-27,58.822872161865234,77.73999786376953,78.75,76.8499984741211,76.8499984741211,6253000
DE,2011-10-28,59.52656173706055,78.66999816894531,78.98999786376953,77.16999816894531,77.16999816894531,4644900
DE,2011-10-31,57.430606842041016,75.9000015258789,77.69000244140625,75.87000274658203,77.08000183105469,3905500
DE,2011-11-01,55.765953063964844,73.69999694824219,75.30000305175781,71.76000213623047,72.62000274658203,6488100
DE,2011-11-02,56.04591369628906,74.06999969482422,75.61000061035156,73.12999725341797,75.05000305175781,5008500
DE,2011-11-03,57.30195617675781,75.7300033569336,76.04000091552734,74.05999755859375,75.13999938964844,4442200
DE,2011-11-04,57.044700622558594,75.38999938964844,75.87000274658203,73.4000015258789,75.30999755859375,3087200
DE,2011-11-07,56.863101959228516,75.1500015258789,76.01000213623047,74.04000091552734,75.04000091552734,3369500
DE,2011-11-08,57.226322174072266,75.62999725341797,76.0,74.5,75.41999816894531,5699500
DE,2011-11-09,55.06982421875,72.77999877929688,74.83000183105469,72.38999938964844,73.75,5151700
DE,2011-11-10,55.67515563964844,73.58000183105469,74.19999694824219,72.4000015258789,73.7300033569336,3584300
DE,2011-11-11,57.347354888916016,75.79000091552734,76.63999938964844,74.05999755859375,74.12000274658203,3620400
DE,2011-11-14,56.52262496948242,74.69999694824219,76.56999969482422,74.13999938964844,75.9000015258789,3463300
DE,2011-11-15,57.7559814453125,76.33000183105469,76.62999725341797,74.4800033569336,74.68000030517578,3367600
DE,2011-11-16,57.83161926269531,76.43000030517578,78.5199966430664,75.45999908447266,75.52999877929688,4978400
DE,2011-11-17,56.764774322509766,75.0199966430664,77.08999633789062,74.30000305175781,76.76000213623047,4210300
DE,2011-11-18,56.19724655151367,74.2699966430664,75.66000366210938,74.0,75.55999755859375,3089000
DE,2011-11-21,54.99416732788086,72.68000030517578,73.1500015258789,71.5199966430664,72.83999633789062,3830800
DE,2011-11-22,54.41908645629883,71.91999816894531,72.4000015258789,70.5199966430664,72.06999969482422,5891500
DE,2011-11-23,56.53776168823242,74.72000122070312,75.9800033569336,73.58999633789062,75.56999969482422,12085500
DE,2011-11-25,55.720542907714844,73.63999938964844,75.5,73.62000274658203,74.63999938964844,2278200
DE,2011-11-28,57.884605407714844,76.5,76.55999755859375,75.58999633789062,76.12999725341797,5387300
DE,2011-11-29,57.385196685791016,75.83999633789062,77.1500015258789,75.73999786376953,76.56999969482422,4495600
DE,2011-11-30,59.96540451049805,79.25,79.30000305175781,78.20999908447266,78.26000213623047,6284400
DE,2011-12-01,59.571964263916016,78.7300033569336,79.41999816894531,77.91999816894531,78.6500015258789,3341400
DE,2011-12-02,58.78501510620117,77.69000244140625,79.69999694824219,76.8499984741211,79.48999786376953,5226900
DE,2011-12-05,59.125511169433594,78.13999938964844,78.97000122070312,77.5,78.97000122070312,3554100
DE,2011-12-06,59.30712127685547,78.37999725341797,79.02999877929688,77.25,78.1500015258789,3512300
DE,2011-12-07,59.70814895629883,78.91000366210938,79.25,77.02999877929688,77.61000061035156,4639400
DE,2011-12-08,58.172142028808594,76.87999725341797,79.47000122070312,76.72000122070312,78.55000305175781,4023500
DE,2011-12-09,59.27686309814453,78.33999633789062,78.5999984741211,76.75,76.75,2838200
DE,2011-12-12,58.240238189697266,76.97000122070312,77.58000183105469,76.0,77.47000122070312,3203800
DE,2011-12-13,56.91609573364258,75.22000122070312,77.80999755859375,74.55999755859375,77.37999725341797,5101400
DE,2011-12-14,55.849185943603516,73.80999755859375,75.30999755859375,73.2300033569336,74.38999938964844,4542600
DE,2011-12-15,55.781089782714844,73.72000122070312,75.11000061035156,73.4000015258789,74.94999694824219,3765500
DE,2011-12-16,55.728118896484375,73.6500015258789,75.5,73.30999755859375,74.30000305175781,4979300
DE,2011-12-19,55.660003662109375,73.55999755859375,74.7300033569336,73.27999877929688,74.18000030517578,3251000
DE,2011-12-20,57.99054718017578,76.63999938964844,76.75,74.48999786376953,74.63999938964844,3360000
DE,2011-12-21,58.20241928100586,76.91999816894531,77.37999725341797,75.56999969482422,76.75,3802900
DE,2011-12-22,58.83802032470703,77.76000213623047,78.08999633789062,76.9800033569336,76.9800033569336,3037700
DE,2011-12-23,59.54170227050781,78.69000244140625,78.69000244140625,77.87000274658203,78.45999908447266,2301700
DE,2011-12-27,59.35254669189453,78.44000244140625,78.83000183105469,78.20999908447266,78.41000366210938,1712000
DE,2011-12-28,58.50822830200195,76.91999816894531,78.3499984741211,76.79000091552734,78.12000274658203,2416600
DE,2011-12-29,59.01784133911133,77.58999633789062,77.83999633789062,76.79000091552734,76.94999694824219,2102700
DE,2011-12-30,58.835289001464844,77.3499984741211,78.22000122070312,77.3499984741211,77.38999938964844,1481200
DE,2012-01-03,60.32612991333008,79.30999755859375,79.98999786376953,78.83999633789062,79.12000274658203,3317300
DE,2012-01-04,61.20848846435547,80.47000122070312,81.0999984741211,79.12999725341797,79.12999725341797,4381900
DE,2012-01-05,62.098426818847656,81.63999938964844,81.75,80.12000274658203,80.44999694824219,3498500
DE,2012-01-06,62.60044479370117,82.30000305175781,82.56999969482422,81.13999938964844,82.0,3839500
DE,2012-01-09,62.92750930786133,82.7300033569336,82.97000122070312,82.22000122070312,82.62000274658203,3501300
DE,2012-01-10,63.7033805847168,83.75,84.0,82.63999938964844,83.77999877929688,4850400
DE,2012-01-11,64.27384185791016,84.5,84.66000366210938,83.11000061035156,83.41000366210938,3591400
DE,2012-01-12,64.22822570800781,84.44000244140625,84.8499984741211,82.66000366210938,83.47000122070312,4715900
DE,2012-01-13,64.39553833007812,84.66000366210938,84.81999969482422,83.16999816894531,83.87999725341797,3036100
DE,2012-01-17,64.58570098876953,84.91000366210938,85.63999938964844,84.73999786376953,85.11000061035156,3729300
DE,2012-01-18,65.58212280273438,86.22000122070312,86.22000122070312,84.31999969482422,84.88999938964844,3322500
DE,2012-01-19,66.12982940673828,86.94000244140625,87.12999725341797,85.66999816894531,86.30000305175781,3736700
DE,2012-01-20,66.20588684082031,87.04000091552734,87.08999633789062,86.4000015258789,86.54000091552734,2626800
DE,2012-01-23,66.0993881225586,86.9000015258789,87.9000015258789,86.68000030517578,87.19000244140625,4021500
DE,2012-01-24,65.73426055908203,86.41999816894531,86.61000061035156,84.4800033569336,85.5199966430664,5341700
DE,2012-01-25,66.7535629272461,87.76000213623047,87.9800033569336,85.4800033569336,86.37000274658203,5457100
DE,2012-01-26,66.67745208740234,87.66000366210938,88.88999938964844,87.37999725341797,88.20999908447266,5098800
DE,2012-01-27,66.928466796875,87.98999786376953,88.33000183105469,87.08999633789062,87.41000366210938,3370200
DE,2012-01-30,66.48731994628906,87.41000366210938,87.5999984741211,86.33999633789062,86.83000183105469,3101700
DE,2012-01-31,65.52889251708984,86.1500015258789,88.19000244140625,85.37000274658203,87.9000015258789,4364400
DE,2012-02-01,66.11459350585938,86.91999816894531,87.5999984741211,86.5,87.2699966430664,2868400
DE,2012-02-02,66.49491882324219,87.41999816894531,87.93000030517578,86.76000213623047,87.0999984741211,2638000
DE,2012-02-03,67.24032592773438,88.4000015258789,88.9800033569336,87.91999816894531,88.30000305175781,4070800
DE,2012-02-06,66.79918670654297,87.81999969482422,88.19999694824219,87.12000274658203,87.70999908447266,2810700
DE,2012-02-07,66.89044189453125,87.94000244140625,88.12000274658203,86.79000091552734,87.52999877929688,2110900
DE,2012-02-08,67.31639099121094,88.5,88.75,87.86000061035156,88.26000213623047,3060800
DE,2012-02-09,66.88284301757812,87.93000030517578,88.94999694824219,87.66000366210938,88.69999694824219,3479100
DE,2012-02-10,66.59378051757812,87.55000305175781,87.58000183105469,86.37000274658203,87.2300033569336,2779300
DE,2012-02-13,67.45330810546875,88.68000030517578,88.97000122070312,88.0,88.8499984741211,3735500
DE,2012-02-14,67.7347640991211,89.05000305175781,89.69999694824219,87.9000015258789,88.58999633789062,4420900
DE,2012-02-15,64.10652160644531,84.27999877929688,87.63999938964844,84.04000091552734,87.19000244140625,11666300
DE,2012-02-16,63.21656799316406,83.11000061035156,84.26000213623047,82.5199966430664,84.26000213623047,9176600
DE,2012-02-17,63.79465103149414,83.87000274658203,84.12000274658203,83.2300033569336,83.66999816894531,4364400
DE,2012-02-21,64.03805541992188,84.19000244140625,84.75,83.77999877929688,84.22000122070312,3709300
DE,2012-02-22,64.17496490478516,84.37000274658203,85.02999877929688,84.05999755859375,84.37999725341797,2516200
DE,2012-02-23,63.96959686279297,84.0999984741211,84.41999816894531,83.44999694824219,84.05999755859375,2771900
DE,2012-02-24,63.338260650634766,83.2699966430664,84.4000015258789,83.08999633789062,84.12999725341797,2964000
DE,2012-02-27,63.429534912109375,83.38999938964844,83.83999633789062,82.19000244140625,82.94000244140625,2512600
DE,2012-02-28,63.38388442993164,83.33000183105469,84.0999984741211,83.18000030517578,83.44999694824219,2515100
DE,2012-02-29,63.07965087890625,82.93000030517578,83.98999786376953,82.43000030517578,83.72000122070312,3176300
DE,2012-03-01,63.19376754760742,83.08000183105469,83.75,82.76000213623047,83.0,2905200
DE,2012-03-02,62.585227966308594,82.27999877929688,83.1500015258789,81.93000030517578,82.87999725341797,2674900
DE,2012-03-05,62.2429313659668,81.83000183105469,82.16999816894531,80.5199966430664,82.0999984741211,3946600
DE,2012-03-06,60.250083923339844,79.20999908447266,80.66999816894531,78.69000244140625,80.30000305175781,5799000
DE,2012-03-07,60.250083923339844,79.20999908447266,79.9800033569336,78.80000305175781,79.80999755859375,4118600
DE,2012-03-08,61.14000701904297,80.37999725341797,80.58999633789062,79.08999633789062,79.87000274658203,4843700
DE,2012-03-09,60.980289459228516,80.16999816894531,80.9000015258789,79.94999694824219,80.51000213623047,3542500
DE,2012-03-12,60.440223693847656,79.45999908447266,80.27999877929688,79.0,80.27999877929688,2878300
DE,2012-03-13,62.113643646240234,81.66000366210938,81.83000183105469,79.68000030517578,79.91000366210938,4713300
DE,2012-03-14,62.0604133605957,81.58999633789062,82.02999877929688,80.91999816894531,81.91000366210938,3493400
DE,2012-03-15,62.098426818847656,81.63999938964844,82.08999633789062,81.11000061035156,81.93000030517578,3251200
DE,2012-03-16,63.30025100708008,83.22000122070312,83.25,81.80999755859375,81.83999633789062,6215700
DE,2012-03-19,63.25460433959961,83.16000366210938,83.83999633789062,82.66000366210938,82.77999877929688,3044000
DE,2012-03-20,62.66893005371094,82.38999938964844,82.79000091552734,81.7699966430664,82.68000030517578,3169100
DE,2012-03-21,62.364662170410156,81.98999786376953,82.63999938964844,81.6500015258789,82.48999786376953,3777700
DE,2012-03-22,61.17803955078125,80.43000030517578,81.29000091552734,79.5999984741211,81.16999816894531,4120600
DE,2012-03-23,61.48991394042969,80.83999633789062,81.26000213623047,79.80999755859375,80.1500015258789,3047900
DE,2012-03-26,62.96555709838867,82.77999877929688,83.0,82.08999633789062,82.31999969482422,5006500
DE,2012-03-27,62.67648696899414,82.4000015258789,83.33999633789062,82.30999755859375,83.0199966430664,3750600
DE,2012-03-28,61.46794128417969,80.36000061035156,82.12000274658203,79.95999908447266,82.11000061035156,3994800
DE,2012-03-29,61.567405700683594,80.48999786376953,80.66999816894531,79.48999786376953,79.91000366210938,3636000
DE,2012-03-30,61.8809928894043,80.9000015258789,81.68000030517578,80.5,81.18000030517578,4211700
DE,2012-04-02,62.867740631103516,82.19000244140625,82.72000122070312,80.51000213623047,80.62000274658203,3509700
DE,2012-04-03,62.531166076660156,81.75,82.5,81.20999908447266,82.16999816894531,3251400
DE,2012-04-04,62.11813735961914,81.20999908447266,81.58000183105469,80.56999969482422,80.91999816894531,2958000
DE,2012-04-05,62.59235763549805,81.83000183105469,83.25,81.45999908447266,81.63999938964844,4210200
DE,2012-04-09,60.771888732910156,79.44999694824219,80.58000183105469,79.2699966430664,80.26000213623047,5828100
DE,2012-04-10,58.523040771484375,76.51000213623047,79.23999786376953,75.91999816894531,79.08000183105469,8861700
DE,2012-04-11,59.31856918334961,77.55000305175781,78.33000183105469,77.0,77.62999725341797,5668800
DE,2012-04-12,60.68775939941406,79.33999633789062,79.69999694824219,77.80999755859375,78.0,3769200
DE,2012-04-13,60.78720474243164,79.47000122070312,80.13999938964844,78.86000061035156,79.0199966430664,3772500
DE,2012-04-16,60.86368942260742,79.56999969482422,80.48999786376953,78.91999816894531,80.2300033569336,3081600
DE,2012-04-17,61.8809928894043,80.9000015258789,81.25,79.83999633789062,80.33999633789062,2925300
DE,2012-04-18,61.91161346435547,80.94000244140625,81.56999969482422,80.5199966430664,80.62999725341797,3095600
DE,2012-04-19,61.490909576416016,80.38999938964844,81.5,79.5199966430664,80.9000015258789,2858800
DE,2012-04-20,61.888671875,80.91000366210938,81.37000274658203,80.5199966430664,80.62000274658203,3114900
DE,2012-04-23,61.1849250793457,79.98999786376953,80.16999816894531,79.02999877929688,79.8499984741211,3593300
DE,2012-04-24,61.94219970703125,80.9800033569336,81.20999908447266,80.0999984741211,80.19000244140625,2759200
DE,2012-04-25,62.29408645629883,81.44000244140625,81.9800033569336,81.08999633789062,81.9800033569336,3304000
DE,2012-04-26,62.951866149902344,82.30000305175781,82.37999725341797,81.0999984741211,81.5,2848300
DE,2012-04-27,63.40316390991211,82.88999938964844,83.13999938964844,82.0,82.5999984741211,2554000
DE,2012-04-30,62.99776840209961,82.36000061035156,82.97000122070312,81.9000015258789,82.94000244140625,2458800
DE,2012-05-01,63.747352600097656,83.33999633789062,83.9000015258789,82.26000213623047,83.22000122070312,3397100
DE,2012-05-02,63.81623458862305,83.43000030517578,83.47000122070312,82.33000183105469,82.93000030517578,2849400
DE,2012-05-03,63.09721374511719,82.48999786376953,83.91999816894531,82.18000030517578,83.52999877929688,2843000
DE,2012-05-04,61.72039031982422,80.69000244140625,82.06999969482422,80.1500015258789,82.06999969482422,3384100
DE,2012-05-07,61.36086654663086,80.22000122070312,80.80000305175781,79.55999755859375,80.19999694824219,2434700
DE,2012-05-08,61.60564422607422,80.54000091552734,80.68000030517578,78.66999816894531,79.69999694824219,3873200
DE,2012-05-09,60.465938568115234,79.05000305175781,79.69999694824219,78.26000213623047,79.12999725341797,4027500
DE,2012-05-10,60.3970832824707,78.95999908447266,80.33999633789062,78.87999725341797,79.80000305175781,3361700
DE,2012-05-11,60.481258392333984,79.06999969482422,79.75,78.25,78.44000244140625,3258600
DE,2012-05-14,59.1502799987793,77.33000183105469,78.44000244140625,76.86000061035156,78.26000213623047,4249500
DE,2012-05-15,58.6071891784668,76.62000274658203,77.83999633789062,76.11000061035156,77.23999786376953,4402300
DE,2012-05-16,56.74083709716797,74.18000030517578,76.7300033569336,74.05000305175781,76.48999786376953,8328500
DE,2012-05-17,55.8152961730957,72.97000122070312,74.9800033569336,71.86000061035156,74.66999816894531,6058400
DE,2012-05-18,55.98356628417969,73.19000244140625,74.5199966430664,72.95999908447266,73.41999816894531,4040900
DE,2012-05-21,57.60517883300781,75.30999755859375,75.7300033569336,73.55000305175781,73.62999725341797,3858200
DE,2012-05-22,57.314510345458984,74.93000030517578,76.02999877929688,74.44999694824219,75.62000274658203,3748600
DE,2012-05-23,58.09471893310547,75.94999694824219,76.1500015258789,73.44000244140625,74.36000061035156,3386900
DE,2012-05-24,57.88053512573242,75.66999816894531,76.6500015258789,74.5999984741211,76.2300033569336,2775900
DE,2012-05-25,57.47513961791992,75.13999938964844,76.4000015258789,74.77999877929688,75.77999877929688,2534800
DE,2012-05-29,58.354774475097656,76.29000091552734,77.01000213623047,75.7300033569336,75.91999816894531,2924700
DE,2012-05-30,57.98761749267578,75.80999755859375,76.27999877929688,75.41000366210938,75.72000122070312,3531500
DE,2012-05-31,56.50370407104492,73.87000274658203,75.20999908447266,73.22000122070312,74.9000015258789,5148700
DE,2012-06-01,54.70616149902344,71.5199966430664,72.47000122070312,71.12999725341797,71.68000030517578,5336500
DE,2012-06-04,53.99480438232422,70.58999633789062,71.61000061035156,69.51000213623047,71.61000061035156,3767500
DE,2012-06-05,54.805606842041016,71.6500015258789,71.95999908447266,70.30999755859375,70.47000122070312,2903800
DE,2012-06-06,56.22833251953125,73.51000213623047,73.5199966430664,71.91999816894531,72.0999984741211,3188700
DE,2012-06-07,56.22833251953125,73.51000213623047,75.44000244140625,73.33000183105469,74.55000305175781,2951900
DE,2012-06-08,56.84027862548828,74.30999755859375,74.31999969482422,72.55999755859375,72.9800033569336,3574800
DE,2012-06-11,55.48638916015625,72.54000091552734,75.30999755859375,72.41999816894531,75.19999694824219,2896100
DE,2012-06-12,56.649051666259766,74.05999755859375,74.19000244140625,72.37999725341797,72.80999755859375,2626000
DE,2012-06-13,56.04475402832031,73.2699966430664,74.4000015258789,72.91000366210938,73.88999938964844,3021100
DE,2012-06-14,57.146202087402344,74.70999908447266,75.01000213623047,72.83000183105469,73.33999633789062,3646200
DE,2012-06-15,57.63576126098633,75.3499984741211,75.80999755859375,74.91000366210938,75.19999694824219,4118200
DE,2012-06-18,57.28391647338867,74.88999938964844,75.37000274658203,74.4000015258789,75.0,3479800
DE,2012-06-19,58.920799255371094,77.02999877929688,77.98999786376953,75.51000213623047,75.5999984741211,3782300
DE,2012-06-20,58.790767669677734,76.86000061035156,77.86000061035156,76.30000305175781,76.68000030517578,3042500
DE,2012-06-21,57.4139518737793,75.05999755859375,77.6500015258789,74.94000244140625,76.95999908447266,2706500
DE,2012-06-22,57.773441314697266,75.52999877929688,76.16000366210938,75.02999877929688,75.30000305175781,3574000
DE,2012-06-25,56.91676330566406,74.41000366210938,75.11000061035156,73.75,74.88999938964844,3031000
DE,2012-06-26,58.13296127319336,76.0,76.37000274658203,74.43000030517578,74.72000122070312,4600100
DE,2012-06-27,60.087684631347656,78.08000183105469,78.38999938964844,75.94999694824219,76.08000183105469,5240700
DE,2012-06-28,60.21078872680664,78.23999786376953,78.72000122070312,76.95999908447266,77.4800033569336,4127400
DE,2012-06-29,62.23474884033203,80.87000274658203,80.87999725341797,79.41000366210938,80.02999877929688,4880500
DE,2012-07-02,61.91154479980469,80.44999694824219,81.05000305175781,79.91000366210938,81.0,3375800
DE,2012-07-03,62.88886260986328,81.72000122070312,81.72000122070312,80.41000366210938,80.80000305175781,1989400
DE,2012-07-05,63.08892822265625,81.9800033569336,82.45999908447266,80.80999755859375,81.16000366210938,2799900
DE,2012-07-06,62.10390090942383,80.69999694824219,81.0,80.0999984741211,80.79000091552734,2624000
DE,2012-07-09,61.973079681396484,80.52999877929688,80.69000244140625,79.62999725341797,80.30000305175781,2715200
DE,2012-07-10,60.48781967163086,78.5999984741211,81.4000015258789,78.08999633789062,80.69999694824219,4481000
DE,2012-07-11,60.14921569824219,78.16000366210938,79.05999755859375,77.56999969482422,78.8499984741211,4238400
DE,2012-07-12,60.22617721557617,78.26000213623047,78.8499984741211,77.0,78.16999816894531,3482200
DE,2012-07-13,59.625919342041016,77.4800033569336,78.2300033569336,76.3499984741211,78.2300033569336,5452900
DE,2012-07-16,59.08722686767578,76.77999877929688,77.48999786376953,75.33000183105469,77.05999755859375,3469400
DE,2012-07-17,58.44078826904297,75.94000244140625,76.76000213623047,74.13999938964844,75.45999908447266,6071500
DE,2012-07-18,58.22530746459961,75.66000366210938,75.94000244140625,74.8499984741211,75.48999786376953,4319300
DE,2012-07-19,58.248382568359375,75.69000244140625,76.12999725341797,75.0999984741211,75.9000015258789,3701400
DE,2012-07-20,58.39462661743164,75.87999725341797,76.61000061035156,74.94999694824219,75.19000244140625,3233000
DE,2012-07-23,57.83281707763672,75.1500015258789,75.73999786376953,74.16999816894531,74.47000122070312,2811700
DE,2012-07-24,56.84779357910156,73.87000274658203,75.33000183105469,73.2300033569336,75.20999908447266,3550400
DE,2012-07-25,56.740047454833984,73.7300033569336,75.05999755859375,72.8499984741211,74.69999694824219,3484400
DE,2012-07-26,57.740482330322266,75.02999877929688,75.37999725341797,73.86000061035156,74.94999694824219,3563200
DE,2012-07-27,60.103065490722656,78.0999984741211,78.87000274658203,75.2300033569336,75.43000030517578,5698000
DE,2012-07-30,59.502784729003906,77.31999969482422,79.1500015258789,77.16000366210938,78.86000061035156,3805000
DE,2012-07-31,59.11801528930664,76.81999969482422,78.26000213623047,76.61000061035156,77.31999969482422,3494700
DE,2012-08-01,59.664398193359375,77.52999877929688,80.79000091552734,76.5,77.62999725341797,11282500
DE,2012-08-02,58.802490234375,76.41000366210938,78.0,75.75,77.0,3864300
DE,2012-08-03,59.64900588989258,77.51000213623047,78.20999908447266,77.2699966430664,77.7300033569336,3804900
DE,2012-08-06,60.35700607299805,78.43000030517578,78.98999786376953,77.56999969482422,77.94999694824219,2385600
DE,2012-08-07,60.77256393432617,78.97000122070312,79.69000244140625,78.69999694824219,78.69999694824219,2506400
DE,2012-08-08,60.92647933959961,79.16999816894531,79.8499984741211,78.33999633789062,78.55999755859375,2412700
DE,2012-08-09,60.54938507080078,78.68000030517578,79.16999816894531,78.25,79.0999984741211,2746400
DE,2012-08-10,61.080387115478516,79.37000274658203,79.4000015258789,77.37999725341797,78.4000015258789,5904100
DE,2012-08-13,61.380516052246094,79.76000213623047,80.31999969482422,79.22000122070312,79.61000061035156,3088600
DE,2012-08-14,61.66526412963867,80.12999725341797,80.38999938964844,79.83999633789062,80.33999633789062,3615100
DE,2012-08-15,57.79434585571289,75.0999984741211,76.13999938964844,73.75,76.11000061035156,18927300
DE,2012-08-16,58.10988235473633,75.51000213623047,75.54000091552734,74.30999755859375,75.29000091552734,9385700
DE,2012-08-17,59.21036148071289,76.94000244140625,77.0,76.06999969482422,76.3499984741211,5687200
DE,2012-08-20,59.94142150878906,77.88999938964844,77.9800033569336,76.55999755859375,77.0,4939700
DE,2012-08-21,59.756744384765625,77.6500015258789,79.0199966430664,77.33000183105469,78.23999786376953,4729500
DE,2012-08-22,59.27959060668945,77.02999877929688,77.66000366210938,76.61000061035156,77.47000122070312,3622200
DE,2012-08-23,58.57930374145508,76.12000274658203,76.76000213623047,75.8499984741211,76.62999725341797,3119100
DE,2012-08-24,59.002593994140625,76.66999816894531,77.0199966430664,75.44000244140625,76.0,3769300
DE,2012-08-27,57.9251708984375,75.2699966430664,76.94999694824219,75.12000274658203,76.76000213623047,4171600
DE,2012-08-28,56.80161666870117,73.80999755859375,74.94999694824219,73.7300033569336,74.88999938964844,7335200
DE,2012-08-29,57.19409942626953,74.31999969482422,74.4000015258789,73.13999938964844,73.66000366210938,4241400
DE,2012-08-30,57.35567855834961,74.52999877929688,74.8499984741211,73.80000305175781,73.9000015258789,3185300
DE,2012-08-31,57.80206298828125,75.11000061035156,75.63999938964844,74.37000274658203,75.23999786376953,3157600
DE,2012-09-04,57.04016876220703,74.12000274658203,75.08999633789062,73.62000274658203,74.9800033569336,3704300
DE,2012-09-05,57.57887268066406,74.81999969482422,75.0999984741211,73.7300033569336,73.93000030517578,3636800
DE,2012-09-06,59.287322998046875,77.04000091552734,77.08999633789062,75.2300033569336,75.27999877929688,4307200
DE,2012-09-07,60.195377349853516,78.22000122070312,78.94999694824219,77.08000183105469,77.19000244140625,4231500
DE,2012-09-10,59.40276336669922,77.19000244140625,78.1500015258789,77.0,77.1500015258789,3453100
DE,2012-09-11,60.218502044677734,78.25,78.55000305175781,77.16999816894531,77.44000244140625,3127100
DE,2012-09-12,60.634037017822266,78.79000091552734,79.0,78.2300033569336,78.37999725341797,3121000
DE,2012-09-13,61.84996032714844,80.37000274658203,80.66000366210938,78.4000015258789,79.01000213623047,4237000
DE,2012-09-14,63.1043586730957,82.0,82.08999633789062,80.54000091552734,80.54000091552734,5590800
DE,2012-09-17,62.350181579589844,81.0199966430664,82.1500015258789,80.70999908447266,81.83999633789062,3901800
DE,2012-09-18,62.5733642578125,81.30999755859375,81.54000091552734,80.80000305175781,81.11000061035156,3343500
DE,2012-09-19,63.08892822265625,81.9800033569336,82.22000122070312,81.05999755859375,81.26000213623047,2720900
DE,2012-09-20,63.32752990722656,82.29000091552734,82.58999633789062,80.94999694824219,81.33000183105469,3378600
DE,2012-09-21,63.64304733276367,82.69999694824219,83.04000091552734,81.70999908447266,82.51000213623047,4143800
DE,2012-09-24,63.83543014526367,82.94999694824219,83.44999694824219,82.44000244140625,82.54000091552734,4168800
DE,2012-09-25,62.834991455078125,81.6500015258789,83.4000015258789,81.52999877929688,81.80000305175781,4547000
DE,2012-09-26,63.0052604675293,81.41000366210938,81.79000091552734,80.33999633789062,81.04000091552734,3602400
DE,2012-09-27,63.53926467895508,82.0999984741211,82.4000015258789,81.4000015258789,81.95999908447266,2845600
DE,2012-09-28,63.82563781738281,82.47000122070312,83.1500015258789,81.61000061035156,82.0,4426900
DE,2012-10-01,63.92626953125,82.5999984741211,83.6500015258789,82.30999755859375,83.11000061035156,3450500
DE,2012-10-02,63.63215637207031,82.22000122070312,83.12000274658203,81.97000122070312,82.87999725341797,4000500
DE,2012-10-03,63.39224624633789,81.91000366210938,82.2699966430664,81.23999786376953,82.16999816894531,3074600
DE,2012-10-04,64.104248046875,82.83000183105469,82.93000030517578,81.79000091552734,82.25,2679000
DE,2012-10-05,64.06555938720703,82.77999877929688,83.75,82.5,83.2699966430664,2548600
DE,2012-10-08,64.05780792236328,82.7699966430664,82.91000366210938,81.94000244140625,82.37000274658203,1579400
DE,2012-10-09,63.25291442871094,81.7300033569336,83.01000213623047,81.62999725341797,82.55000305175781,3270200
DE,2012-10-10,62.83501052856445,81.19000244140625,81.72000122070312,79.75,80.94999694824219,5243900
DE,2012-10-11,63.74823760986328,82.37000274658203,82.98999786376953,81.8499984741211,82.12999725341797,3380300
DE,2012-10-12,63.80240249633789,82.44000244140625,82.87000274658203,81.93000030517578,82.43000030517578,2765200
DE,2012-10-15,64.41382598876953,83.2300033569336,83.37999725341797,82.43000030517578,82.72000122070312,1948000
DE,2012-10-16,65.443115234375,84.55999755859375,84.63999938964844,83.5,83.69000244140625,2843000
DE,2012-10-17,66.41055297851562,85.80999755859375,85.97000122070312,84.70999908447266,84.83999633789062,3432300
DE,2012-10-18,67.22319030761719,86.86000061035156,87.12999725341797,85.44999694824219,85.52999877929688,4042000
DE,2012-10-19,65.77590942382812,84.98999786376953,86.44999694824219,84.76000213623047,86.44999694824219,3826700
DE,2012-10-22,66.47245025634766,85.88999938964844,86.2300033569336,84.7300033569336,84.83999633789062,2680100
DE,2012-10-23,65.8068618774414,85.02999877929688,85.30999755859375,84.18000030517578,84.69999694824219,2346400
DE,2012-10-24,65.24964141845703,84.30999755859375,85.30000305175781,84.16000366210938,85.12000274658203,2179500
DE,2012-10-25,65.54375457763672,84.69000244140625,85.19999694824219,83.62000274658203,84.87999725341797,2228100
DE,2012-10-26,66.14739990234375,85.47000122070312,85.87000274658203,84.19000244140625,84.63999938964844,2737000
DE,2012-10-31,66.12417602539062,85.44000244140625,86.38999938964844,84.81999969482422,86.04000091552734,2415800
DE,2012-11-01,67.23089599609375,86.87000274658203,87.19999694824219,84.86000061035156,85.62999725341797,2812300
DE,2012-11-02,66.24800872802734,85.5999984741211,87.5,85.55000305175781,87.27999877929688,2566700
DE,2012-11-05,66.47245025634766,85.88999938964844,86.04000091552734,84.2300033569336,84.2300033569336,1516900
DE,2012-11-06,66.63496398925781,86.0999984741211,86.91000366210938,85.98999786376953,86.38999938964844,2201600
DE,2012-11-07,65.11034393310547,84.12999725341797,85.77999877929688,83.5,84.5999984741211,3135100
DE,2012-11-08,64.69242858886719,83.58999633789062,84.87000274658203,83.4800033569336,84.04000091552734,2673800
DE,2012-11-09,65.23416137695312,84.29000091552734,84.81999969482422,83.0,83.16999816894531,2485600
DE,2012-11-12,66.30994415283203,85.68000030517578,86.5,84.23999786376953,84.44000244140625,2560400
DE,2012-11-13,66.3176498413086,85.69000244140625,86.9000015258789,85.01000213623047,85.1500015258789,3389300
DE,2012-11-14,65.58248138427734,84.73999786376953,86.36000061035156,84.55999755859375,86.0199966430664,3199300
DE,2012-11-15,66.08548736572266,85.38999938964844,85.76000213623047,84.58000183105469,85.0,3134400
DE,2012-11-16,65.97712707519531,85.25,85.8499984741211,84.43000030517578,85.5999984741211,3781600
DE,2012-11-19,66.7510757446289,86.25,86.66000366210938,85.8499984741211,86.16000366210938,3886300
DE,2012-11-20,66.54983520507812,85.98999786376953,86.48999786376953,85.16000366210938,86.2300033569336,4556600
DE,2012-11-21,64.104248046875,82.83000183105469,84.33000183105469,82.05999755859375,83.16000366210938,10601600
DE,2012-11-23,64.98653411865234,83.97000122070312,84.12000274658203,83.3499984741211,83.62000274658203,2198700
DE,2012-11-26,65.36577606201172,84.45999908447266,84.55999755859375,83.25,83.56999969482422,3609200
DE,2012-11-27,65.3193130493164,84.4000015258789,85.25,84.1500015258789,84.23999786376953,3188500
DE,2012-11-28,65.21867370605469,84.2699966430664,84.5199966430664,83.43000030517578,84.0,2886800
DE,2012-11-29,65.6753158569336,84.86000061035156,84.98999786376953,84.20999908447266,84.69999694824219,2069800
DE,2012-11-30,65.0484390258789,84.05000305175781,85.0,83.77999877929688,85.0,2706400
DE,2012-12-03,64.40606689453125,83.22000122070312,84.69999694824219,83.0999984741211,84.18000030517578,2090100
DE,2012-12-04,64.62274932861328,83.5,83.8499984741211,82.94999694824219,83.41000366210938,2870100
DE,2012-12-05,65.19548034667969,84.23999786376953,84.69999694824219,83.37999725341797,83.95999908447266,3010400
DE,2012-12-06,65.57471466064453,84.7300033569336,84.87000274658203,83.91000366210938,84.12000274658203,1999200
DE,2012-12-07,66.11643981933594,85.43000030517578,85.48999786376953,84.66999816894531,84.94000244140625,2805800
DE,2012-12-10,66.38728332519531,85.77999877929688,85.94000244140625,84.9000015258789,85.05999755859375,3094700
DE,2012-12-11,66.11643981933594,85.43000030517578,86.19999694824219,84.94000244140625,85.75,3098300
DE,2012-12-12,66.7510757446289,86.25,86.94999694824219,85.70999908447266,85.75,2900900
DE,2012-12-13,66.20932006835938,85.55000305175781,86.19999694824219,85.08000183105469,86.05000305175781,2511800
DE,2012-12-14,66.50342559814453,85.93000030517578,86.69000244140625,85.5,85.5,2241300
DE,2012-12-17,66.84394836425781,86.37000274658203,86.4800033569336,85.70999908447266,86.06999969482422,2289800
DE,2012-12-18,67.22319030761719,86.86000061035156,87.1500015258789,86.11000061035156,86.5,3281600
DE,2012-12-19,66.62722778320312,86.08999633789062,87.06999969482422,86.05999755859375,86.66999816894531,2627800
DE,2012-12-20,67.13802337646484,86.75,86.77999877929688,85.69000244140625,86.38999938964844,2179000
DE,2012-12-21,66.70464324951172,86.19000244140625,86.41999816894531,85.41000366210938,85.8499984741211,3403200
DE,2012-12-24,66.63496398925781,86.0999984741211,86.4000015258789,85.62999725341797,85.75,878000
DE,2012-12-26,66.96002960205078,86.5199966430664,87.20999908447266,86.16000366210938,86.3499984741211,2000700
DE,2012-12-27,66.86663818359375,85.94000244140625,86.80000305175781,85.0,86.38999938964844,1760000
DE,2012-12-28,65.78514099121094,84.55000305175781,85.56999969482422,84.48999786376953,85.30999755859375,1662400
DE,2012-12-31,67.24012756347656,86.41999816894531,86.5,84.30000305175781,84.5199966430664,2093700
DE,2013-01-02,68.46168518066406,87.98999786376953,88.29000091552734,87.19999694824219,87.97000122070312,3479400
DE,2013-01-03,68.29047393798828,87.7699966430664,88.66000366210938,87.5199966430664,88.06999969482422,2377900
DE,2013-01-04,68.9907455444336,88.66999816894531,89.12000274658203,88.0999984741211,88.18000030517578,2696300
DE,2013-01-07,68.93629455566406,88.5999984741211,88.79000091552734,88.0999984741211,88.19000244140625,1859400
DE,2013-01-08,68.22048950195312,87.68000030517578,88.87999725341797,87.20999908447266,88.36000061035156,2173700
DE,2013-01-09,69.2942123413086,89.05999755859375,89.29000091552734,87.9800033569336,88.16000366210938,2569200
DE,2013-01-10,69.95555877685547,89.91000366210938,89.93000030517578,88.80000305175781,89.44000244140625,2364800
DE,2013-01-11,69.72993469238281,89.62000274658203,90.63999938964844,89.5199966430664,89.86000061035156,3284900
DE,2013-01-14,69.91665649414062,89.86000061035156,91.0,89.44999694824219,90.54000091552734,2169000
DE,2013-01-15,69.81549835205078,89.7300033569336,90.0,89.30000305175781,89.44999694824219,1736100
DE,2013-01-16,69.6832504272461,89.55999755859375,89.93000030517578,89.27999877929688,89.58999633789062,1483700
DE,2013-01-17,70.10338592529297,90.0999984741211,90.23999786376953,89.69000244140625,89.9800033569336,2029000
DE,2013-01-18,70.77254486083984,90.95999908447266,90.95999908447266,89.95999908447266,90.33999633789062,3189600
DE,2013-01-22,72.09525299072266,92.66000366210938,92.83999633789062,90.95999908447266,91.0,4206500
DE,2013-01-23,72.18083953857422,92.7699966430664,92.88999938964844,91.9000015258789,92.20999908447266,2594000
DE,2013-01-24,72.54650115966797,93.23999786376953,93.69999694824219,92.36000061035156,92.36000061035156,2820500
DE,2013-01-25,72.72547912597656,93.47000122070312,93.77999877929688,92.8499984741211,93.01000213623047,2805200
DE,2013-01-28,73.13003540039062,93.98999786376953,94.0,93.01000213623047,93.70999908447266,2608400
DE,2013-01-29,73.95478820800781,95.05000305175781,95.0999984741211,93.77999877929688,93.87999725341797,2896200
DE,2013-01-30,73.8692398071289,94.94000244140625,95.5999984741211,94.5,95.25,3040500
DE,2013-01-31,73.18450164794922,94.05999755859375,94.88999938964844,93.87999725341797,94.44999694824219,3276700
DE,2013-02-01,73.64359283447266,94.6500015258789,95.11000061035156,94.4800033569336,94.87000274658203,2564400
DE,2013-02-04,72.47647094726562,93.1500015258789,94.12000274658203,93.05999755859375,94.0199966430664,2593400
DE,2013-02-05,72.66323852539062,93.38999938964844,94.08999633789062,93.26000213623047,93.69999694824219,2358500
DE,2013-02-06,72.11857604980469,92.69000244140625,93.37999725341797,92.41999816894531,93.0,2537100
DE,2013-02-07,71.71397399902344,92.16999816894531,93.05000305175781,91.5,92.83000183105469,2365600
DE,2013-02-08,72.21192169189453,92.80999755859375,92.98999786376953,91.76000213623047,92.06999969482422,1607000
DE,2013-02-11,72.5387191772461,93.2300033569336,93.44999694824219,92.62999725341797,92.86000061035156,1769000
DE,2013-02-12,73.11449432373047,93.97000122070312,94.01000213623047,92.87000274658203,93.12999725341797,3186400
DE,2013-02-13,70.55467224121094,90.68000030517578,93.9000015258789,90.5199966430664,93.69000244140625,8046200
DE,2013-02-14,70.46908569335938,90.56999969482422,91.44000244140625,90.13999938964844,90.45999908447266,3178400
DE,2013-02-15,69.8310546875,89.75,90.77999877929688,89.5199966430664,90.45999908447266,5019500
DE,2013-02-19,70.31348419189453,90.37000274658203,90.6500015258789,89.55000305175781,90.0,3394900
DE,2013-02-20,68.6484146118164,88.2300033569336,90.37999725341797,88.1500015258789,90.3499984741211,4206200
DE,2013-02-21,67.73809051513672,87.05999755859375,87.77999877929688,86.08999633789062,87.7699966430664,4729300
DE,2013-02-22,67.79254913330078,87.12999725341797,88.29000091552734,86.76000213623047,87.52999877929688,3627600
DE,2013-02-25,66.56319427490234,85.55000305175781,88.76000213623047,85.43000030517578,87.51000213623047,3419000
DE,2013-02-26,67.30233001708984,86.5,87.12999725341797,85.69000244140625,86.12000274658203,2876400
DE,2013-02-27,68.32941436767578,87.81999969482422,88.11000061035156,86.12999725341797,86.41000366210938,2596700
DE,2013-02-28,68.33718872070312,87.83000183105469,88.3499984741211,87.66000366210938,87.95999908447266,2894400
DE,2013-03-01,68.38386535644531,87.88999938964844,88.36000061035156,86.37000274658203,87.7300033569336,2798700
DE,2013-03-04,68.4461441040039,87.97000122070312,87.98999786376953,86.91999816894531,87.5,2603700
DE,2013-03-05,70.11117553710938,90.11000061035156,90.63999938964844,89.04000091552734,89.04000091552734,4610300
DE,2013-03-06,69.45758819580078,89.2699966430664,91.05000305175781,89.01000213623047,90.94999694824219,2885400
DE,2013-03-07,69.84661865234375,89.7699966430664,90.30999755859375,89.44000244140625,89.44000244140625,2185500
DE,2013-03-08,70.71026611328125,90.87999725341797,91.1500015258789,89.9800033569336,90.43000030517578,3437600
DE,2013-03-11,71.14601135253906,91.44000244140625,91.5,90.44000244140625,90.87999725341797,2061400
DE,2013-03-12,70.68696594238281,90.8499984741211,91.69999694824219,90.62000274658203,91.63999938964844,1883000
DE,2013-03-13,71.06820678710938,91.33999633789062,91.38999938964844,90.19000244140625,90.75,1892200
DE,2013-03-14,71.73733520507812,92.19999694824219,92.4000015258789,91.30000305175781,91.7300033569336,2619100
DE,2013-03-15,71.7684555053711,92.23999786376953,92.5,91.5999984741211,91.61000061035156,3510600
DE,2013-03-18,71.44165802001953,91.81999969482422,92.1500015258789,91.0,91.20999908447266,1966400
DE,2013-03-19,70.46908569335938,90.56999969482422,91.62000274658203,89.93000030517578,90.37000274658203,3684300
DE,2013-03-20,68.26715087890625,87.73999786376953,89.3499984741211,87.13999938964844,89.11000061035156,6174000
DE,2013-03-21,67.60584259033203,86.88999938964844,87.97000122070312,86.6500015258789,87.16999816894531,2853300
DE,2013-03-22,68.25162506103516,87.72000122070312,88.38999938964844,87.31999969482422,87.37000274658203,2693600
DE,2013-03-25,67.59803009033203,86.87999725341797,88.4000015258789,86.43000030517578,88.4000015258789,2928300
DE,2013-03-26,68.29461669921875,87.26000213623047,87.30999755859375,86.26000213623047,86.63999938964844,2148300
DE,2013-03-27,68.44332122802734,87.44999694824219,87.5,86.4000015258789,86.9000015258789,2009900
DE,2013-03-28,67.29280090332031,85.9800033569336,87.81999969482422,85.1500015258789,87.62999725341797,5264200
DE,2013-04-01,66.5884017944336,85.08000183105469,86.19000244140625,84.87000274658203,86.19000244140625,2254800
DE,2013-04-02,65.77442169189453,84.04000091552734,85.41000366210938,83.69999694824219,85.27999877929688,3206300
DE,2013-04-03,66.36925506591797,84.80000305175781,85.27999877929688,83.83000183105469,84.0999984741211,4029300
DE,2013-04-04,67.06584167480469,85.69000244140625,86.05000305175781,84.75,84.91000366210938,3160400
DE,2013-04-05,67.0579833984375,85.68000030517578,85.80000305175781,84.41999816894531,84.58000183105469,3044900
DE,2013-04-08,67.68414306640625,86.4800033569336,86.70999908447266,85.72000122070312,85.79000091552734,2288400
DE,2013-04-09,67.84064483642578,86.68000030517578,87.18000030517578,86.13999938964844,86.69999694824219,1835000
DE,2013-04-10,68.16937255859375,87.0999984741211,87.37000274658203,86.4000015258789,86.91000366210938,2174600
DE,2013-04-11,68.54505157470703,87.58000183105469,87.77999877929688,86.80000305175781,87.16999816894531,1777100
DE,2013-04-12,67.41806030273438,86.13999938964844,87.4800033569336,85.62999725341797,87.19000244140625,1997300
DE,2013-04-15,64.9213638305664,82.94999694824219,85.55000305175781,82.91000366210938,85.55000305175781,3073100
DE,2013-04-16,65.10136413574219,83.18000030517578,84.68000030517578,83.04000091552734,83.75,2820900
DE,2013-04-17,64.61611938476562,82.55999755859375,82.76000213623047,81.58000183105469,82.36000061035156,4601200
DE,2013-04-18,64.62396240234375,82.56999969482422,83.0999984741211,81.98999786376953,82.55999755859375,2763300
DE,2013-04-19,65.32051086425781,83.45999908447266,83.87000274658203,82.47000122070312,83.05000305175781,2236700
DE,2013-04-22,65.60225677490234,83.81999969482422,84.13999938964844,82.36000061035156,83.5999984741211,2597000
DE,2013-04-23,66.3536148071289,84.77999877929688,85.20999908447266,84.0999984741211,84.2699966430664,2491400
DE,2013-04-24,66.61970520019531,85.12000274658203,85.81999969482422,84.70999908447266,85.0,2089700
DE,2013-04-25,67.3319320678711,86.02999877929688,86.83000183105469,85.47000122070312,85.6500015258789,2048000
DE,2013-04-26,66.90929412841797,85.48999786376953,86.29000091552734,85.41000366210938,85.93000030517578,1685800
DE,2013-04-29,69.52337646484375,88.83000183105469,89.66000366210938,85.69999694824219,85.76000213623047,4463500
DE,2013-04-30,69.89120483398438,89.30000305175781,90.0,88.87000274658203,89.26000213623047,3646300
DE,2013-05-01,68.69374084472656,87.7699966430664,89.0999984741211,87.5999984741211,88.80999755859375,2279600
DE,2013-05-02,70.07905578613281,89.54000091552734,89.83999633789062,87.87000274658203,88.01000213623047,2311300
DE,2013-05-03,70.86173248291016,90.54000091552734,91.5,90.29000091552734,90.55999755859375,2696100
DE,2013-05-06,71.32344818115234,91.12999725341797,91.45999908447266,89.80999755859375,90.16000366210938,1834700
DE,2013-05-07,71.79309844970703,91.7300033569336,91.73999786376953,90.98999786376953,91.45999908447266,1856500
DE,2013-05-08,72.2783203125,92.3499984741211,92.62999725341797,91.36000061035156,91.80000305175781,2123300
DE,2013-05-09,72.15308380126953,92.19000244140625,92.76000213623047,91.75,92.05000305175781,1960200
DE,2013-05-10,72.23917388916016,92.30000305175781,92.7699966430664,91.1500015258789,92.3499984741211,2965200
DE,2013-05-13,72.45834350585938,92.58000183105469,92.98999786376953,92.12000274658203,92.27999877929688,2764000
DE,2013-05-14,73.38967895507812,93.7699966430664,93.87999725341797,92.29000091552734,92.48999786376953,3663100
DE,2013-05-15,70.15731048583984,89.63999938964844,90.5999984741211,88.55999755859375,89.22000122070312,11631900
DE,2013-05-16,69.9616470336914,89.38999938964844,90.33000183105469,89.05999755859375,89.26000213623047,4182600
DE,2013-05-17,68.06764221191406,86.97000122070312,88.7699966430664,86.52999877929688,88.58999633789062,7289000
DE,2013-05-20,68.90506744384766,88.04000091552734,88.41999816894531,86.75,86.9800033569336,4218900
DE,2013-05-21,68.5528793334961,87.58999633789062,88.25,87.19999694824219,87.94999694824219,3446500
DE,2013-05-22,67.95803833007812,86.83000183105469,87.88999938964844,86.0999984741211,87.83000183105469,6007900
DE,2013-05-23,68.23198699951172,87.18000030517578,87.52999877929688,85.6500015258789,85.75,3682900
DE,2013-05-24,67.5354232788086,86.29000091552734,86.77999877929688,85.81999969482422,86.77999877929688,2869700
DE,2013-05-28,67.57456970214844,86.33999633789062,87.6500015258789,86.30000305175781,87.19999694824219,3096100
DE,2013-05-29,68.36504364013672,87.3499984741211,87.62999725341797,85.95999908447266,85.98999786376953,3216500
DE,2013-05-30,68.4119873046875,87.41000366210938,88.12000274658203,87.25,87.5999984741211,2024000
DE,2013-05-31,68.17718505859375,87.11000061035156,88.47000122070312,87.11000061035156,87.41999816894531,2829900
DE,2013-06-03,69.14768981933594,88.3499984741211,88.44000244140625,87.11000061035156,87.51000213623047,3371900
DE,2013-06-04,68.20852661132812,87.1500015258789,88.79000091552734,86.4800033569336,88.18000030517578,3254200
DE,2013-06-05,67.23017120361328,85.9000015258789,86.9800033569336,85.8499984741211,86.79000091552734,2442600
DE,2013-06-06,67.37890625,86.08999633789062,86.0999984741211,85.12000274658203,85.7300033569336,2910300
DE,2013-06-07,67.9424057006836,86.80999755859375,87.06999969482422,85.94999694824219,86.77999877929688,2983200
DE,2013-06-10,67.46498107910156,86.19999694824219,87.30999755859375,85.91000366210938,87.25,2504100
DE,2013-06-11,66.71363830566406,85.23999786376953,85.75,84.69000244140625,85.29000091552734,2463100
DE,2013-06-12,65.99360656738281,84.31999969482422,86.0199966430664,83.86000061035156,85.87999725341797,3266600
DE,2013-06-13,66.99539947509766,85.5999984741211,85.87000274658203,84.0199966430664,84.33999633789062,2160700
DE,2013-06-14,66.431884765625,84.87999725341797,85.52999877929688,84.48999786376953,85.44000244140625,1991900
DE,2013-06-17,66.37708282470703,84.80999755859375,85.33000183105469,84.2300033569336,85.16999816894531,2674100
DE,2013-06-18,66.52581787109375,85.0,85.27999877929688,84.5199966430664,84.58999633789062,2295200
DE,2013-06-19,66.5884017944336,85.08000183105469,86.19999694824219,85.0,85.23999786376953,2881600
DE,2013-06-20,64.8743896484375,82.88999938964844,84.36000061035156,82.62999725341797,84.27999877929688,4365200
DE,2013-06-21,64.54566955566406,82.47000122070312,83.69999694824219,81.7300033569336,83.4800033569336,4798300
DE,2013-06-24,63.39516830444336,81.0,81.4000015258789,79.5,80.83000183105469,5733800
DE,2013-06-25,64.53001403808594,82.44999694824219,82.61000061035156,81.55000305175781,82.0,4159100
DE,2013-06-26,64.69539642333984,82.1500015258789,82.63999938964844,81.8499984741211,82.56999969482422,2822200
DE,2013-06-27,65.32540893554688,82.94999694824219,83.1500015258789,82.22000122070312,82.68000030517578,2564400
DE,2013-06-28,63.98664093017578,81.25,83.5,81.23999786376953,82.63999938964844,5233000
DE,2013-07-01,64.03388214111328,81.30999755859375,82.16000366210938,81.02999877929688,81.87999725341797,2984100
DE,2013-07-02,63.71097946166992,80.9000015258789,81.97000122070312,80.51000213623047,81.3499984741211,2209200
DE,2013-07-03,63.781864166259766,80.98999786376953,81.5,80.55999755859375,80.69000244140625,1195300
DE,2013-07-05,64.13626098632812,81.44000244140625,81.83999633789062,80.56999969482422,81.70999908447266,1338200
DE,2013-07-08,64.06537628173828,81.3499984741211,82.02999877929688,81.25,81.44999694824219,2091700
DE,2013-07-09,66.08145904541016,83.91000366210938,84.36000061035156,81.41000366210938,81.94000244140625,5978500
DE,2013-07-10,65.26242065429688,82.87000274658203,84.0,82.5199966430664,83.94999694824219,3156100
DE,2013-07-11,66.34919738769531,84.25,84.55999755859375,83.0999984741211,83.94000244140625,2945600
DE,2013-07-12,66.1050796508789,83.94000244140625,84.25,83.31999969482422,84.2300033569336,3067500
DE,2013-07-15,66.48310089111328,84.41999816894531,84.55999755859375,83.83000183105469,84.20999908447266,1623700
DE,2013-07-16,66.120849609375,83.95999908447266,85.19000244140625,83.91999816894531,84.56999969482422,3051400
DE,2013-07-17,65.8373031616211,83.5999984741211,84.75,82.4000015258789,84.37999725341797,3825800
DE,2013-07-18,65.88458251953125,83.66000366210938,84.27999877929688,83.47000122070312,83.69999694824219,1897200
DE,2013-07-19,66.19171142578125,84.05000305175781,84.25,83.30000305175781,83.62999725341797,2487600
DE,2013-07-22,66.7666015625,84.77999877929688,85.19000244140625,84.27999877929688,84.27999877929688,2772600
DE,2013-07-23,66.07357788085938,83.9000015258789,85.5,83.87000274658203,85.0,2838000
DE,2013-07-24,65.04191589355469,82.58999633789062,84.05999755859375,82.4000015258789,83.98999786376953,3685700
DE,2013-07-25,65.28604125976562,82.9000015258789,83.04000091552734,81.66000366210938,82.20999908447266,4132600
DE,2013-07-26,65.21517944335938,82.80999755859375,82.91999816894531,82.2699966430664,82.55000305175781,1960900
DE,2013-07-29,65.38053131103516,83.0199966430664,83.43000030517578,82.6500015258789,82.76000213623047,1815500
DE,2013-07-30,65.34905242919922,82.9800033569336,83.0999984741211,81.36000061035156,82.02999877929688,4000900
DE,2013-07-31,65.41990661621094,83.06999969482422,84.83999633789062,83.01000213623047,83.62000274658203,3795600
DE,2013-08-01,65.40419006347656,83.05000305175781,83.8499984741211,82.51000213623047,83.73999786376953,3486500
DE,2013-08-02,65.6798095703125,83.4000015258789,83.69999694824219,82.93000030517578,83.02999877929688,2411200
DE,2013-08-05,65.2072982788086,82.80000305175781,83.4800033569336,82.66999816894531,83.4000015258789,3038600
DE,2013-08-06,63.947269439697266,81.19999694824219,82.51000213623047,81.08999633789062,82.4800033569336,4814100
DE,2013-08-07,63.781864166259766,80.98999786376953,81.5199966430664,80.6500015258789,81.0,3178200
DE,2013-08-08,64.82929229736328,82.31999969482422,82.6500015258789,81.30999755859375,81.38999938964844,3413300
DE,2013-08-09,64.37248992919922,81.73999786376953,82.0999984741211,80.5,81.05999755859375,4649900
DE,2013-08-12,65.66404724121094,83.37999725341797,83.62999725341797,81.3499984741211,81.52999877929688,5020300
DE,2013-08-13,66.08145904541016,83.91000366210938,84.58999633789062,83.68000030517578,83.87999725341797,4346300
DE,2013-08-14,64.84503936767578,82.33999633789062,84.19000244140625,81.5,84.05999755859375,8433400
DE,2013-08-15,66.43584442138672,84.36000061035156,84.6500015258789,81.0,81.2300033569336,7705500
DE,2013-08-16,66.23896026611328,84.11000061035156,84.5,83.7699966430664,84.05000305175781,4293900
DE,2013-08-19,66.56185913085938,84.5199966430664,85.06999969482422,83.93000030517578,83.93000030517578,4178800
DE,2013-08-20,65.56167602539062,83.25,84.5199966430664,83.19999694824219,84.5,3408500
DE,2013-08-21,64.97893524169922,82.51000213623047,83.19999694824219,82.41000366210938,83.08999633789062,2766700
DE,2013-08-22,65.56167602539062,83.25,83.9000015258789,82.7699966430664,82.9000015258789,3214700
DE,2013-08-23,65.75855255126953,83.5,83.5999984741211,82.69999694824219,83.4800033569336,2467700
DE,2013-08-26,66.75873565673828,84.7699966430664,85.68000030517578,83.87000274658203,83.91999816894531,3970600
DE,2013-08-27,65.74280548095703,83.4800033569336,84.91000366210938,83.41000366210938,83.97000122070312,2933200
DE,2013-08-28,66.24683380126953,84.12000274658203,84.5999984741211,83.36000061035156,83.48999786376953,2708200
DE,2013-08-29,65.99481201171875,83.80000305175781,84.62999725341797,83.58000183105469,84.16000366210938,1889300
DE,2013-08-30,65.86883544921875,83.63999938964844,84.01000213623047,83.37000274658203,83.72000122070312,2055700
DE,2013-09-03,66.19960021972656,84.05999755859375,84.75,83.44000244140625,84.30999755859375,2473700
DE,2013-09-04,66.53034210205078,84.4800033569336,84.93000030517578,84.0,84.05999755859375,2243700
DE,2013-09-05,65.01039123535156,82.55000305175781,84.0199966430664,82.4800033569336,83.87999725341797,4033400
DE,2013-09-06,65.05765533447266,82.61000061035156,83.38999938964844,82.1500015258789,82.6500015258789,2743000
DE,2013-09-09,66.05784606933594,83.87999725341797,84.5,83.0,83.0,2546200
DE,2013-09-10,66.29407501220703,84.18000030517578,84.91999816894531,84.11000061035156,84.45999908447266,2276400
DE,2013-09-11,66.39646911621094,84.30999755859375,84.68000030517578,83.66999816894531,84.12999725341797,2080200
DE,2013-09-12,65.51445007324219,83.19000244140625,84.31999969482422,82.9800033569336,84.23999786376953,3904100
DE,2013-09-13,64.96314239501953,82.48999786376953,83.5199966430664,82.44999694824219,83.45999908447266,3948400
DE,2013-09-16,65.79006958007812,83.54000091552734,83.76000213623047,83.0199966430664,83.37999725341797,3664400
DE,2013-09-17,65.92394256591797,83.70999908447266,83.93000030517578,83.4800033569336,83.7300033569336,1556500
DE,2013-09-18,66.5539779663086,84.51000213623047,84.77999877929688,83.12000274658203,83.38999938964844,2913200
DE,2013-09-19,67.01862335205078,85.0999984741211,85.33999633789062,84.66999816894531,84.73999786376953,2082900
DE,2013-09-20,66.01058959960938,83.81999969482422,85.18000030517578,83.62999725341797,85.0999984741211,3797400
DE,2013-09-23,66.16021728515625,84.01000213623047,84.18000030517578,83.38999938964844,83.83000183105469,2274000
DE,2013-09-24,66.35710144042969,84.26000213623047,84.87000274658203,83.83999633789062,84.13999938964844,2197100
DE,2013-09-25,66.65633392333984,84.63999938964844,85.2300033569336,84.2699966430664,84.41999816894531,2575600
DE,2013-09-26,65.82445526123047,83.08000183105469,84.72000122070312,82.68000030517578,84.51000213623047,3392800
DE,2013-09-27,65.26187133789062,82.37000274658203,83.11000061035156,81.91999816894531,82.58000183105469,3267600
DE,2013-09-30,64.48542785644531,81.38999938964844,82.48999786376953,81.19000244140625,81.7300033569336,3863100
DE,2013-10-01,65.14305114746094,82.22000122070312,82.37999725341797,81.19000244140625,81.25,2952500
DE,2013-10-02,65.2064437866211,82.30000305175781,82.70999908447266,81.69999694824219,81.81999969482422,2505600
DE,2013-10-03,65.04003143310547,82.08999633789062,82.66999816894531,81.9000015258789,82.06999969482422,3410400
DE,2013-10-04,65.40449523925781,82.55000305175781,82.69000244140625,81.9000015258789,82.22000122070312,3081700
DE,2013-10-07,65.33320617675781,82.45999908447266,82.86000061035156,81.94000244140625,81.94000244140625,1833100
DE,2013-10-08,65.13511657714844,82.20999908447266,83.38999938964844,82.18000030517578,82.62999725341797,2396500
DE,2013-10-09,65.44413757324219,82.5999984741211,83.36000061035156,82.08000183105469,82.18000030517578,2980200
DE,2013-10-10,65.69766998291016,82.91999816894531,83.44999694824219,82.33000183105469,83.41999816894531,3613500
DE,2013-10-11,65.21436309814453,82.30999755859375,82.79000091552734,81.9000015258789,82.62000274658203,3833000
DE,2013-10-14,65.84028625488281,83.0999984741211,83.23999786376953,81.73999786376953,81.8499984741211,3603100
DE,2013-10-15,65.25399017333984,82.36000061035156,83.70999908447266,82.16000366210938,82.94000244140625,3040100
DE,2013-10-16,65.73726654052734,82.97000122070312,83.12999725341797,82.41999816894531,83.12999725341797,2739300
DE,2013-10-17,66.27604675292969,83.6500015258789,83.97000122070312,82.77999877929688,82.83999633789062,2234100
DE,2013-10-18,66.70388793945312,84.19000244140625,84.52999877929688,83.44999694824219,83.7699966430664,2804100
DE,2013-10-21,66.68801879882812,84.16999816894531,84.56999969482422,83.80000305175781,84.33999633789062,2027700
DE,2013-10-22,66.98118591308594,84.54000091552734,84.75,84.16000366210938,84.55000305175781,2388800
DE,2013-10-23,66.61673736572266,84.08000183105469,84.5,83.36000061035156,83.41000366210938,2568600
DE,2013-10-24,66.77519989013672,84.27999877929688,84.55000305175781,83.83000183105469,84.43000030517578,1613500
DE,2013-10-25,66.19682312011719,83.55000305175781,84.0,82.88999938964844,83.87000274658203,2768800
DE,2013-10-28,66.13343811035156,83.47000122070312,84.01000213623047,83.30000305175781,83.4800033569336,1883100
DE,2013-10-29,65.48371124267578,82.6500015258789,83.3499984741211,82.30000305175781,83.31999969482422,3025900
DE,2013-10-30,65.13511657714844,82.20999908447266,82.95999908447266,82.06999969482422,82.80999755859375,2992000
DE,2013-10-31,64.84197235107422,81.83999633789062,82.98999786376953,81.83999633789062,82.30999755859375,2893700
DE,2013-11-01,64.68351745605469,81.63999938964844,81.91999816894531,81.27999877929688,81.83999633789062,3165900
DE,2013-11-04,64.80236053466797,81.79000091552734,82.2300033569336,81.5999984741211,82.08000183105469,2256700
DE,2013-11-05,64.8102798461914,81.80000305175781,82.0999984741211,81.37999725341797,81.54000091552734,2484600
DE,2013-11-06,64.8102798461914,81.80000305175781,82.38999938964844,81.7699966430664,81.8499984741211,3769600
DE,2013-11-07,64.62012481689453,81.55999755859375,82.29000091552734,81.47000122070312,81.69000244140625,3579300
DE,2013-11-08,64.5726089477539,81.5,82.18000030517578,80.76000213623047,81.38999938964844,5590800
DE,2013-11-11,64.85783386230469,81.86000061035156,82.05000305175781,81.33000183105469,81.47000122070312,2561100
DE,2013-11-12,65.06380462646484,82.12000274658203,82.18000030517578,81.48999786376953,81.5999984741211,2618600
DE,2013-11-13,65.63426208496094,82.83999633789062,82.86000061035156,81.58000183105469,81.58000183105469,2382000
DE,2013-11-14,65.64220428466797,82.8499984741211,83.25,82.47000122070312,83.13999938964844,2447600
DE,2013-11-15,65.62638092041016,82.83000183105469,83.41000366210938,82.79000091552734,83.1500015258789,4738700
DE,2013-11-18,66.28396606445312,83.66000366210938,84.3499984741211,83.01000213623047,83.22000122070312,4488000
DE,2013-11-19,65.61050415039062,82.80999755859375,83.44999694824219,82.0199966430664,83.4000015258789,5361700
DE,2013-11-20,66.96533966064453,84.5199966430664,85.48999786376953,84.18000030517578,85.30000305175781,8696700
DE,2013-11-21,66.43448638916016,83.8499984741211,84.80000305175781,83.20999908447266,84.66999816894531,4858700
DE,2013-11-22,67.1634292602539,84.7699966430664,85.08000183105469,83.70999908447266,83.83999633789062,3526300
DE,2013-11-25,67.09208679199219,84.68000030517578,85.13999938964844,84.30000305175781,84.55999755859375,2618600
DE,2013-11-26,66.42658233642578,83.83999633789062,84.88999938964844,83.80999755859375,84.5999984741211,2205300
DE,2013-11-27,66.39488983154297,83.80000305175781,85.0,83.69999694824219,84.12999725341797,1584500
DE,2013-11-29,66.7435073852539,84.23999786376953,84.58999633789062,83.91999816894531,83.9800033569336,1264200
DE,2013-12-02,66.45036315917969,83.87000274658203,84.43000030517578,83.73999786376953,84.26000213623047,2083600
DE,2013-12-03,65.53126525878906,82.70999908447266,83.55999755859375,82.19999694824219,83.5199966430664,2528800
DE,2013-12-04,67.646728515625,85.37999725341797,86.72000122070312,82.30999755859375,82.52999877929688,11464400
DE,2013-12-05,67.23472595214844,84.86000061035156,85.52999877929688,84.43000030517578,85.0,3427800
DE,2013-12-06,67.59919738769531,85.31999969482422,85.8499984741211,84.93000030517578,85.6500015258789,2583800
DE,2013-12-09,69.08869171142578,87.19999694824219,87.41000366210938,85.75,86.02999877929688,4939400
DE,2013-12-10,69.7542724609375,88.04000091552734,88.88999938964844,87.26000213623047,87.26000213623047,5907900
DE,2013-12-11,69.152099609375,87.27999877929688,87.9000015258789,87.0199966430664,87.7699966430664,3873100
DE,2013-12-12,68.803466796875,86.83999633789062,87.56999969482422,86.6500015258789,87.05000305175781,2497500
DE,2013-12-13,69.07288360595703,87.18000030517578,87.52999877929688,86.73999786376953,87.08000183105469,2353200
DE,2013-12-16,70.411865234375,88.87000274658203,89.19000244140625,87.58000183105469,87.58999633789062,4249700
DE,2013-12-17,69.96025848388672,88.30000305175781,89.08000183105469,88.16999816894531,88.79000091552734,3097800
DE,2013-12-18,70.8397216796875,89.41000366210938,89.47000122070312,88.02999877929688,88.48999786376953,3559400
DE,2013-12-19,70.8397216796875,89.41000366210938,89.58999633789062,88.81999969482422,89.36000061035156,2517800
DE,2013-12-20,71.37055206298828,90.08000183105469,90.19000244140625,89.54000091552734,89.55999755859375,4404800
DE,2013-12-23,71.81425476074219,90.63999938964844,90.8499984741211,90.0999984741211,90.37999725341797,2271900
DE,2013-12-24,71.98854064941406,90.86000061035156,91.36000061035156,90.68000030517578,90.79000091552734,1051300
DE,2013-12-26,72.19454956054688,91.12000274658203,91.58000183105469,90.87999725341797,91.08999633789062,1971500
DE,2013-12-27,72.26624298095703,90.69999694824219,91.20999908447266,90.36000061035156,90.88999938964844,2014000
DE,2013-12-30,72.36185455322266,90.81999969482422,91.0199966430664,90.51000213623047,90.73999786376953,1659100
DE,2013-12-31,72.76819610595703,91.33000183105469,91.48999786376953,90.69999694824219,90.9800033569336,1850900
DE,2014-01-02,71.91565704345703,90.26000213623047,91.30000305175781,90.12999725341797,90.94999694824219,2462000
DE,2014-01-03,72.23433685302734,90.66000366210938,91.25,90.0999984741211,90.45999908447266,2419600
DE,2014-01-06,71.63678741455078,89.91000366210938,91.19999694824219,89.5,91.05999755859375,2914500
DE,2014-01-07,71.95551300048828,90.30999755859375,90.80000305175781,89.9000015258789,90.08999633789062,2293500
DE,2014-01-08,71.18265533447266,89.33999633789062,90.19999694824219,89.06999969482422,89.75,2901400
DE,2014-01-09,70.89579010009766,88.9800033569336,89.94000244140625,88.43000030517578,89.45999908447266,3136500
DE,2014-01-10,71.51728057861328,89.76000213623047,89.9000015258789,88.66000366210938,89.27999877929688,3681900
DE,2014-01-13,71.31809997558594,89.51000213623047,90.87999725341797,89.44000244140625,89.68000030517578,2812100
DE,2014-01-14,71.46947479248047,89.69999694824219,90.55999755859375,89.30999755859375,89.87999725341797,3467800
DE,2014-01-15,71.54917907714844,89.80000305175781,90.51000213623047,89.69999694824219,89.81999969482422,4435500
DE,2014-01-16,71.57305908203125,89.83000183105469,90.25,89.55999755859375,90.11000061035156,2436000
DE,2014-01-17,71.19062805175781,89.3499984741211,90.12999725341797,89.33999633789062,90.05999755859375,3241600
DE,2014-01-21,71.2145004272461,89.37999725341797,89.9000015258789,88.76000213623047,89.69999694824219,2277500
DE,2014-01-22,70.64086151123047,88.66000366210938,89.62999725341797,88.45999908447266,89.58999633789062,2269300
DE,2014-01-23,70.01937866210938,87.87999725341797,88.7300033569336,87.70999908447266,88.1500015258789,2719100
DE,2014-01-24,68.16292572021484,85.55000305175781,87.68000030517578,85.29000091552734,87.44000244140625,4671300
DE,2014-01-27,68.52938079833984,86.01000213623047,86.80000305175781,85.58000183105469,86.73999786376953,3365500
DE,2014-01-28,68.9915771484375,86.58999633789062,86.94000244140625,86.01000213623047,86.0999984741211,2097800
DE,2014-01-29,68.4656982421875,85.93000030517578,86.66999816894531,85.61000061035156,85.86000061035156,2400100
DE,2014-01-30,68.98358917236328,86.58000183105469,86.80000305175781,85.30000305175781,86.33000183105469,1997600
DE,2014-01-31,68.4896011352539,85.95999908447266,86.79000091552734,85.61000061035156,85.72000122070312,3384900
DE,2014-02-03,67.54940795898438,84.77999877929688,86.33000183105469,84.5999984741211,85.79000091552734,3381800
DE,2014-02-04,67.81238555908203,85.11000061035156,85.41000366210938,83.7699966430664,84.69000244140625,3013800
DE,2014-02-05,67.48565673828125,84.69999694824219,84.91000366210938,83.41000366210938,84.52999877929688,3157500
DE,2014-02-06,68.06732177734375,85.43000030517578,85.94999694824219,84.69999694824219,84.94999694824219,3198500
DE,2014-02-07,68.96765899658203,86.55999755859375,86.87999725341797,85.73999786376953,85.76000213623047,2085400
DE,2014-02-10,69.60507202148438,87.36000061035156,87.63999938964844,86.61000061035156,86.68000030517578,3844000
DE,2014-02-11,69.68472290039062,87.45999908447266,88.05999755859375,87.08000183105469,87.44000244140625,3674000
DE,2014-02-12,69.23856353759766,86.9000015258789,87.94999694824219,86.05000305175781,86.91999816894531,5472500
DE,2014-02-13,68.40193176269531,85.8499984741211,86.2699966430664,85.16999816894531,86.05000305175781,4414300
DE,2014-02-14,68.39398956298828,85.83999633789062,86.16999816894531,85.27999877929688,85.47000122070312,2716800
DE,2014-02-18,67.80438995361328,85.0999984741211,86.08000183105469,84.70999908447266,85.98999786376953,3450400
DE,2014-02-19,67.15901947021484,84.29000091552734,85.48999786376953,84.19999694824219,84.58999633789062,2876200
DE,2014-02-20,67.8203125,85.12000274658203,85.33999633789062,84.29000091552734,84.79000091552734,3241400
DE,2014-02-21,67.47772979736328,84.69000244140625,85.44000244140625,84.68000030517578,85.16000366210938,2225800
DE,2014-02-24,67.56534576416016,84.80000305175781,85.3499984741211,84.70999908447266,84.94000244140625,2659300
DE,2014-02-25,66.96778106689453,84.05000305175781,84.87000274658203,84.0,84.77999877929688,3002300
DE,2014-02-26,67.20680236816406,84.3499984741211,84.66000366210938,83.94999694824219,84.22000122070312,1884900
DE,2014-02-27,67.7008056640625,84.97000122070312,85.29000091552734,84.16999816894531,84.37000274658203,2711700
DE,2014-02-28,68.4656982421875,85.93000030517578,86.72000122070312,84.55999755859375,84.62999725341797,3316600
DE,2014-03-03,69.28636932373047,86.95999908447266,87.45999908447266,85.30000305175781,85.62999725341797,5401000
DE,2014-03-04,69.0234375,86.62999725341797,87.44000244140625,86.26000213623047,87.41999816894531,3301200
DE,2014-03-05,69.25446319580078,86.91999816894531,87.20999908447266,85.91000366210938,86.5,2267600
DE,2014-03-06,70.29825592041016,88.2300033569336,88.41000366210938,86.97000122070312,87.16000366210938,3797700
DE,2014-03-07,70.75238800048828,88.80000305175781,89.23999786376953,88.3499984741211,88.7699966430664,2841400
DE,2014-03-10,70.52930450439453,88.5199966430664,88.58000183105469,87.55999755859375,88.52999877929688,2499400
DE,2014-03-11,70.99937438964844,89.11000061035156,89.66999816894531,88.41000366210938,88.62999725341797,3434500
DE,2014-03-12,70.78426361083984,88.83999633789062,89.05999755859375,88.31999969482422,88.62999725341797,2468700
DE,2014-03-13,70.09905242919922,87.9800033569336,88.97000122070312,87.58000183105469,88.97000122070312,2302500
DE,2014-03-14,69.47754669189453,87.19999694824219,88.4000015258789,87.13999938964844,87.93000030517578,2881700
DE,2014-03-17,69.70863342285156,87.48999786376953,88.13999938964844,87.37999725341797,87.55000305175781,1893400
DE,2014-03-18,69.85205841064453,87.66999816894531,88.0,87.19999694824219,87.2300033569336,1542000
DE,2014-03-19,69.54927062988281,87.29000091552734,87.98999786376953,86.73999786376953,87.44000244140625,2366200
DE,2014-03-20,69.77237701416016,87.56999969482422,87.9000015258789,86.81999969482422,87.12999725341797,1940700
DE,2014-03-21,71.5810317993164,89.83999633789062,89.83999633789062,87.87999725341797,88.20999908447266,6953100
DE,2014-03-24,70.52133178710938,88.51000213623047,89.02999877929688,88.04000091552734,88.91999816894531,3975100
DE,2014-03-25,70.99142456054688,89.0999984741211,89.54000091552734,88.51000213623047,88.7699966430664,2784600
DE,2014-03-26,70.3779525756836,88.33000183105469,89.5999984741211,88.31999969482422,89.13999938964844,2592600
DE,2014-03-27,70.40997314453125,87.86000061035156,88.2699966430664,86.80000305175781,87.76000213623047,2211700
DE,2014-03-28,71.12320709228516,88.75,88.79000091552734,87.98999786376953,88.01000213623047,2038400
DE,2014-03-31,72.76605224609375,90.80000305175781,90.9800033569336,88.31999969482422,89.0,5349300
DE,2014-04-01,73.23885345458984,91.38999938964844,91.9800033569336,90.86000061035156,90.9800033569336,3952000
DE,2014-04-02,73.6475830078125,91.9000015258789,92.0,91.02999877929688,91.26000213623047,2714000
DE,2014-04-03,73.77579498291016,92.05999755859375,92.37000274658203,91.62000274658203,91.7300033569336,2387500
DE,2014-04-04,73.59147644042969,91.83000183105469,92.79000091552734,91.76000213623047,92.45999908447266,2501100
DE,2014-04-07,73.04654693603516,91.1500015258789,91.81999969482422,90.62000274658203,91.69999694824219,2924600
DE,2014-04-08,74.16046905517578,92.54000091552734,93.44000244140625,91.19000244140625,91.19000244140625,4401500
DE,2014-04-09,74.83362579345703,93.37999725341797,93.62999725341797,92.30000305175781,92.68000030517578,2846900
DE,2014-04-10,74.32075500488281,92.73999786376953,94.58999633789062,92.54000091552734,93.56999969482422,4369100
DE,2014-04-11,73.73575592041016,92.01000213623047,92.87999725341797,91.18000030517578,92.19999694824219,3575200
DE,2014-04-14,74.08031463623047,92.44000244140625,92.95999908447266,91.95999908447266,92.66000366210938,3000200
DE,2014-04-15,74.00019836425781,92.33999633789062,92.70999908447266,91.69999694824219,92.54000091552734,2718700
DE,2014-04-16,74.64929962158203,93.1500015258789,93.29000091552734,92.58000183105469,93.25,1996200
DE,2014-04-17,74.84966278076172,93.4000015258789,93.73999786376953,92.79000091552734,93.0,2104300
DE,2014-04-21,74.62527465820312,93.12000274658203,93.25,92.69000244140625,92.9800033569336,1354600
DE,2014-04-22,74.80158996582031,93.33999633789062,93.58000183105469,92.61000061035156,93.12999725341797,2032100
DE,2014-04-23,74.98589324951172,93.56999969482422,93.9800033569336,93.05000305175781,93.20999908447266,2021600
DE,2014-04-24,75.24235534667969,93.88999938964844,94.05000305175781,92.93000030517578,94.01000213623047,2351800
DE,2014-04-25,74.64130401611328,93.13999938964844,93.68000030517578,92.48999786376953,93.62000274658203,2254000
DE,2014-04-28,74.34477996826172,92.7699966430664,93.77999877929688,92.37999725341797,93.58999633789062,2931600
DE,2014-04-29,75.1141357421875,93.7300033569336,94.37000274658203,93.23999786376953,93.69999694824219,2395100
DE,2014-04-30,74.80158996582031,93.33999633789062,94.16999816894531,93.18000030517578,93.66000366210938,2906800
DE,2014-05-01,74.70541381835938,93.22000122070312,93.62999725341797,92.43000030517578,93.1500015258789,2205700
DE,2014-05-02,74.4649887084961,92.91999816894531,93.44999694824219,92.66999816894531,93.33000183105469,1766900
DE,2014-05-05,74.28068542480469,92.69000244140625,92.77999877929688,92.06999969482422,92.43000030517578,1783800
DE,2014-05-06,74.34477996826172,92.7699966430664,92.97000122070312,92.31999969482422,92.47000122070312,1442100
DE,2014-05-07,75.75520324707031,94.52999877929688,94.76000213623047,92.97000122070312,92.97000122070312,2812800
DE,2014-05-08,75.55489349365234,94.27999877929688,94.88999938964844,93.75,94.48999786376953,1866800
DE,2014-05-09,75.60298919677734,94.33999633789062,94.79000091552734,93.61000061035156,94.16999816894531,2247200
DE,2014-05-12,75.05001831054688,93.6500015258789,94.62999725341797,93.5,94.31999969482422,2699900
DE,2014-05-13,75.01795959472656,93.61000061035156,94.05999755859375,92.91000366210938,93.7300033569336,3370200
DE,2014-05-14,73.4873046875,91.69999694824219,93.22000122070312,91.05000305175781,92.48999786376953,5258800
DE,2014-05-15,73.09463500976562,91.20999908447266,91.58000183105469,90.48999786376953,91.08999633789062,3015700
DE,2014-05-16,73.14273071289062,91.2699966430664,91.9800033569336,90.9800033569336,91.06999969482422,3795900
DE,2014-05-19,72.661865234375,90.66999816894531,91.02999877929688,90.4000015258789,90.86000061035156,2445600
DE,2014-05-20,72.08484649658203,89.94999694824219,90.8499984741211,89.62999725341797,90.51000213623047,2742500
DE,2014-05-21,72.10891723632812,89.9800033569336,90.11000061035156,89.26000213623047,90.05999755859375,2490100
DE,2014-05-22,72.11695098876953,89.98999786376953,90.5,89.5999984741211,89.5999984741211,1657800
DE,2014-05-23,72.10891723632812,89.9800033569336,90.12999725341797,89.48999786376953,90.12999725341797,1931200
DE,2014-05-27,72.86222076416016,90.91999816894531,91.19999694824219,90.23999786376953,90.27999877929688,2829400
DE,2014-05-28,72.85423278808594,90.91000366210938,91.54000091552734,90.69000244140625,91.19000244140625,1909700
DE,2014-05-29,73.00648498535156,91.0999984741211,91.20999908447266,90.33000183105469,90.94999694824219,1513100
DE,2014-05-30,73.06255340576172,91.16999816894531,91.30000305175781,90.66000366210938,90.86000061035156,1768400
DE,2014-06-02,73.07057189941406,91.18000030517578,91.68000030517578,91.1500015258789,91.29000091552734,1941100
DE,2014-06-03,72.79808044433594,90.83999633789062,91.13999938964844,90.4000015258789,90.70999908447266,1589600
DE,2014-06-04,72.79808044433594,90.83999633789062,91.16999816894531,90.68000030517578,90.72000122070312,1431000
DE,2014-06-05,73.166748046875,91.30000305175781,91.58999633789062,90.80999755859375,91.19999694824219,1888900
DE,2014-06-06,73.9681396484375,92.30000305175781,92.41999816894531,91.3499984741211,91.3499984741211,2756700
DE,2014-06-09,74.52909851074219,93.0,93.77999877929688,92.36000061035156,92.44999694824219,2817100
DE,2014-06-10,74.08834075927734,92.44999694824219,92.98999786376953,92.0999984741211,92.69000244140625,1793400
DE,2014-06-11,73.26289367675781,91.41999816894531,92.04000091552734,91.12999725341797,92.01000213623047,2233900
DE,2014-06-12,72.50159454345703,90.47000122070312,91.5999984741211,90.11000061035156,91.23999786376953,2352900
DE,2014-06-13,72.50159454345703,90.47000122070312,90.87999725341797,90.30000305175781,90.45999908447266,1785500
DE,2014-06-16,72.42146301269531,90.37000274658203,90.45999908447266,89.95999908447266,90.31999969482422,1672200
DE,2014-06-17,72.60576629638672,90.5999984741211,90.66999816894531,89.7699966430664,90.36000061035156,1441500
DE,2014-06-18,73.07858276367188,91.19000244140625,91.22000122070312,90.01000213623047,90.41999816894531,1554900
DE,2014-06-19,73.39112091064453,91.58000183105469,91.86000061035156,90.87999725341797,91.01000213623047,1817500
DE,2014-06-20,73.75978088378906,92.04000091552734,92.11000061035156,91.66000366210938,91.87999725341797,2796600
DE,2014-06-23,73.23885345458984,91.38999938964844,92.48999786376953,91.33999633789062,91.33999633789062,2375300
DE,2014-06-24,72.62982940673828,90.62999725341797,91.73999786376953,90.5,91.23999786376953,2042900
DE,2014-06-25,72.71794891357422,90.73999786376953,91.06999969482422,89.97000122070312,90.30000305175781,2810500
DE,2014-06-26,72.93580627441406,90.41000366210938,90.62999725341797,89.9800033569336,90.36000061035156,1827300
DE,2014-06-27,73.26654815673828,90.81999969482422,90.87000274658203,90.16999816894531,90.2699966430664,5211400
DE,2014-06-30,73.04873657226562,90.55000305175781,91.94999694824219,90.13999938964844,90.87999725341797,3243800
DE,2014-07-01,72.66956329345703,90.08000183105469,90.80999755859375,89.62999725341797,90.80999755859375,3464900
DE,2014-07-02,72.88737487792969,90.3499984741211,90.5199966430664,89.9800033569336,90.2699966430664,1785900
DE,2014-07-03,73.71831512451172,91.37999725341797,91.5,90.76000213623047,91.05000305175781,1798200
DE,2014-07-07,73.24235534667969,90.79000091552734,91.33999633789062,90.31999969482422,90.97000122070312,2135800
DE,2014-07-08,72.70185089111328,90.12000274658203,91.01000213623047,90.08000183105469,90.75,3261500
DE,2014-07-09,71.92738342285156,89.16000366210938,90.2300033569336,88.41999816894531,90.08999633789062,4591400
DE,2014-07-10,71.0884017944336,88.12000274658203,88.95999908447266,87.87999725341797,88.37000274658203,4364900
DE,2014-07-11,71.41914367675781,88.52999877929688,88.62999725341797,87.16999816894531,87.94000244140625,3823800
DE,2014-07-14,71.40302276611328,88.51000213623047,89.22000122070312,88.47000122070312,89.19000244140625,3242200
DE,2014-07-15,71.44335174560547,88.55999755859375,89.08000183105469,88.27999877929688,88.3499984741211,3072800
DE,2014-07-16,72.16130828857422,89.44999694824219,89.5199966430664,88.30999755859375,88.58999633789062,3632600
DE,2014-07-17,70.53175354003906,87.43000030517578,89.0,87.31999969482422,88.83000183105469,4071000
DE,2014-07-18,70.69310760498047,87.62999725341797,88.23999786376953,87.56999969482422,87.7699966430664,2834200
DE,2014-07-21,70.70116424560547,87.63999938964844,88.05999755859375,87.19999694824219,87.4000015258789,2590800
DE,2014-07-22,71.31429290771484,88.4000015258789,88.93000030517578,88.05999755859375,88.20999908447266,2389300
DE,2014-07-23,70.54789733886719,87.44999694824219,88.55999755859375,87.37999725341797,88.4800033569336,2974000
DE,2014-07-24,70.16873168945312,86.9800033569336,87.5999984741211,86.8499984741211,87.19000244140625,3273300
DE,2014-07-25,69.5152587890625,86.16999816894531,86.94999694824219,85.88999938964844,86.88999938964844,3398300
DE,2014-07-28,69.3862075805664,86.01000213623047,86.12999725341797,85.19000244140625,86.0,5173400
DE,2014-07-29,69.24100494384766,85.83000183105469,86.45999908447266,85.69000244140625,85.83000183105469,3803500
DE,2014-07-30,68.9183120727539,85.43000030517578,86.05999755859375,85.01000213623047,85.95999908447266,2744200
DE,2014-07-31,68.66014862060547,85.11000061035156,85.66000366210938,84.52999877929688,85.0,3906000
DE,2014-08-01,68.53916931152344,84.95999908447266,85.62999725341797,84.55999755859375,85.22000122070312,3549700
DE,2014-08-04,68.78921508789062,85.2699966430664,85.27999877929688,84.62999725341797,84.98999786376953,2312300
DE,2014-08-05,68.80538940429688,85.29000091552734,86.51000213623047,84.8499984741211,84.91999816894531,4468800
DE,2014-08-06,68.90217590332031,85.41000366210938,85.68000030517578,84.86000061035156,84.86000061035156,2825800
DE,2014-08-07,68.86990356445312,85.37000274658203,86.0999984741211,85.23999786376953,85.51000213623047,2593600
DE,2014-08-08,70.16873168945312,86.9800033569336,87.0,85.30999755859375,85.47000122070312,2718700
DE,2014-08-11,70.31394958496094,87.16000366210938,87.38999938964844,86.66000366210938,87.06999969482422,2178800
DE,2014-08-12,69.76537322998047,86.4800033569336,87.19000244140625,86.16000366210938,86.9000015258789,5172600
DE,2014-08-13,68.15998077392578,84.48999786376953,86.9800033569336,84.37000274658203,85.51000213623047,9515900
DE,2014-08-14,68.48268127441406,84.88999938964844,84.9800033569336,83.5,84.61000061035156,6386700
DE,2014-08-15,68.41006469726562,84.80000305175781,85.1500015258789,83.87999725341797,85.12000274658203,4553200
DE,2014-08-18,69.46685028076172,86.11000061035156,86.18000030517578,85.08999633789062,85.20999908447266,3225800
DE,2014-08-19,69.14421081542969,85.70999908447266,86.30000305175781,85.62999725341797,86.30000305175781,2101700
DE,2014-08-20,69.27330017089844,85.87000274658203,86.33000183105469,85.62000274658203,85.80000305175781,2755600
DE,2014-08-21,69.54756164550781,86.20999908447266,86.61000061035156,85.37000274658203,85.86000061035156,2217200
DE,2014-08-22,68.37779998779297,84.76000213623047,85.94000244140625,84.69999694824219,85.66999816894531,4225800
DE,2014-08-25,68.66014862060547,85.11000061035156,85.3499984741211,84.83999633789062,84.94000244140625,2210800
DE,2014-08-26,67.8453598022461,84.0999984741211,85.26000213623047,83.9800033569336,84.97000122070312,3716000
DE,2014-08-27,67.6436767578125,83.8499984741211,84.25,83.66000366210938,84.1500015258789,3453700
DE,2014-08-28,67.74049377441406,83.97000122070312,84.11000061035156,83.19000244140625,83.58000183105469,2295600
DE,2014-08-29,67.8372802734375,84.08999633789062,84.11000061035156,83.47000122070312,84.08000183105469,2382100
DE,2014-09-02,67.57915496826172,83.7699966430664,84.58000183105469,83.52999877929688,84.01000213623047,2790200
DE,2014-09-03,67.09510040283203,83.16999816894531,84.25,83.0999984741211,84.16999816894531,3042200
DE,2014-09-04,67.04671478271484,83.11000061035156,84.01000213623047,83.01000213623047,83.30999755859375,3421100
DE,2014-09-05,66.7885513305664,82.79000091552734,83.18000030517578,82.56999969482422,83.12000274658203,3524200
DE,2014-09-08,66.90149688720703,82.93000030517578,83.25,82.45999908447266,82.79000091552734,3573500
DE,2014-09-09,66.35294342041016,82.25,82.9000015258789,82.19000244140625,82.5999984741211,3068800
DE,2014-09-10,66.13512420654297,81.9800033569336,82.48999786376953,81.80999755859375,82.23999786376953,4466800
DE,2014-09-11,66.21578979492188,82.08000183105469,82.18000030517578,81.62000274658203,81.7300033569336,4086900
DE,2014-09-12,66.11089324951172,81.94999694824219,82.26000213623047,81.66000366210938,81.86000061035156,2640800
DE,2014-09-15,66.6998062133789,82.68000030517578,82.80000305175781,81.55000305175781,81.68000030517578,3513300
DE,2014-09-16,66.90149688720703,82.93000030517578,83.38999938964844,82.19999694824219,82.4000015258789,4223200
DE,2014-09-17,67.4178237915039,83.56999969482422,83.94999694824219,83.0,83.0999984741211,5249900
DE,2014-09-18,67.8857192993164,84.1500015258789,84.20999908447266,83.54000091552734,83.5999984741211,3647900
DE,2014-09-19,67.47427368164062,83.63999938964844,84.51000213623047,83.5999984741211,84.45999908447266,5150100
DE,2014-09-22,67.55496215820312,83.73999786376953,83.76000213623047,83.16000366210938,83.37999725341797,3902100
DE,2014-09-23,67.21614074707031,83.31999969482422,83.8499984741211,83.23999786376953,83.69000244140625,4384100
DE,2014-09-24,67.57915496826172,83.7699966430664,83.88999938964844,83.06999969482422,83.31999969482422,4107600
DE,2014-09-25,67.06282806396484,83.12999725341797,83.77999877929688,83.06999969482422,83.7699966430664,5515700
DE,2014-09-26,67.30663299560547,82.83000183105469,83.0999984741211,82.4000015258789,82.4000015258789,2877200
DE,2014-09-29,66.90845489501953,82.33999633789062,82.44999694824219,82.0,82.19999694824219,3782500
DE,2014-09-30,66.62405395507812,81.98999786376953,82.56999969482422,81.95999908447266,82.33999633789062,3821200
DE,2014-10-01,66.26653289794922,81.55000305175781,82.2699966430664,81.41000366210938,81.80999755859375,4625100
DE,2014-10-02,66.39651489257812,81.70999908447266,81.79000091552734,80.94999694824219,81.51000213623047,4115800
DE,2014-10-03,66.7621841430664,82.16000366210938,82.94999694824219,82.0199966430664,82.80999755859375,3422900
DE,2014-10-06,67.31475067138672,82.83999633789062,82.94000244140625,82.27999877929688,82.48999786376953,2662700
DE,2014-10-07,65.01514434814453,80.01000213623047,81.58000183105469,79.95999908447266,81.16999816894531,7171300
DE,2014-10-08,66.07147216796875,81.30999755859375,81.43000030517578,78.87999725341797,79.79000091552734,8312200
DE,2014-10-09,65.94145965576172,81.1500015258789,82.2699966430664,81.0199966430664,81.36000061035156,5240000
DE,2014-10-10,65.80333709716797,80.9800033569336,82.69000244140625,80.30999755859375,80.97000122070312,5165400
DE,2014-10-13,66.34777069091797,81.6500015258789,82.87999725341797,81.41999816894531,81.56999969482422,4872800
DE,2014-10-14,68.54987335205078,84.36000061035156,86.08999633789062,81.56999969482422,81.94999694824219,7207400
DE,2014-10-15,69.01305389404297,84.93000030517578,85.31999969482422,82.73999786376953,83.58000183105469,5571300
DE,2014-10-16,68.35485076904297,84.12000274658203,85.12000274658203,83.2699966430664,83.68000030517578,6177000
DE,2014-10-17,67.68041229248047,83.29000091552734,84.7699966430664,82.58999633789062,84.7699966430664,6437200
DE,2014-10-20,66.794677734375,82.19999694824219,82.91000366210938,82.05000305175781,82.70999908447266,4819800
DE,2014-10-21,68.07856750488281,83.77999877929688,84.12000274658203,82.25,82.6500015258789,4333400
DE,2014-10-22,67.78606414794922,83.41999816894531,84.56999969482422,83.06999969482422,83.54000091552734,4061700
DE,2014-10-23,69.20808410644531,85.16999816894531,85.55999755859375,83.77999877929688,85.02999877929688,4378700
DE,2014-10-24,69.41934967041016,85.43000030517578,85.63999938964844,84.68000030517578,84.95999908447266,2380700
DE,2014-10-27,68.72865295410156,84.58000183105469,85.08000183105469,83.79000091552734,85.08000183105469,2378200
DE,2014-10-28,69.46809387207031,85.48999786376953,85.54000091552734,84.81999969482422,84.93000030517578,2517400
DE,2014-10-29,69.19183349609375,85.1500015258789,85.83999633789062,84.62999725341797,85.58000183105469,2465900
DE,2014-10-30,69.25682830810547,85.2300033569336,85.44000244140625,84.41000366210938,84.77999877929688,1666700
DE,2014-10-31,69.50872802734375,85.54000091552734,86.13999938964844,84.9800033569336,86.12000274658203,2554800
DE,2014-11-03,69.0699462890625,85.0,85.63999938964844,83.80000305175781,85.5,2709600
DE,2014-11-04,68.70429992675781,84.55000305175781,84.8499984741211,84.08999633789062,84.73999786376953,2643100
DE,2014-11-05,69.04554748535156,84.97000122070312,85.48999786376953,84.45999908447266,85.44999694824219,4007200
DE,2014-11-06,71.32081604003906,87.7699966430664,87.93000030517578,84.91000366210938,85.04000091552734,5481000
DE,2014-11-07,72.04400634765625,88.66000366210938,88.8499984741211,87.72000122070312,87.79000091552734,4401400
DE,2014-11-10,71.94647979736328,88.54000091552734,89.27999877929688,87.95999908447266,88.41000366210938,3549400
DE,2014-11-11,71.87338256835938,88.44999694824219,88.83999633789062,87.83999633789062,88.36000061035156,1669800
DE,2014-11-12,71.72708892822266,88.2699966430664,88.56999969482422,87.51000213623047,88.33999633789062,2602200
DE,2014-11-13,71.06889343261719,87.45999908447266,88.3499984741211,87.25,88.26000213623047,2580800
DE,2014-11-14,71.1176528930664,87.5199966430664,87.75,86.83999633789062,87.08000183105469,2098700
DE,2014-11-17,70.54070281982422,86.80999755859375,87.13999938964844,85.44999694824219,86.69999694824219,4047500
DE,2014-11-18,70.93077850341797,87.29000091552734,87.5199966430664,86.44999694824219,86.80999755859375,2144200
DE,2014-11-19,70.15066528320312,86.33000183105469,87.33000183105469,86.18000030517578,87.23999786376953,2854900
DE,2014-11-20,69.3705825805664,85.37000274658203,85.86000061035156,85.1500015258789,85.79000091552734,3881800
DE,2014-11-21,70.75199127197266,87.06999969482422,87.0999984741211,85.94999694824219,86.0999984741211,3364300
DE,2014-11-24,71.1176528930664,87.5199966430664,88.0,86.5999984741211,87.44999694824219,2315600
DE,2014-11-25,71.3370590209961,87.79000091552734,87.93000030517578,87.0199966430664,87.5999984741211,4061900
DE,2014-11-26,70.68696594238281,86.98999786376953,87.94000244140625,84.41000366210938,85.73999786376953,8945500
DE,2014-11-28,70.3863296508789,86.62000274658203,87.0,85.56999969482422,86.52999877929688,2928000
DE,2014-12-01,72.79156494140625,89.58000183105469,89.66000366210938,87.81999969482422,87.94999694824219,5245200
DE,2014-12-02,71.75958251953125,88.30999755859375,89.62999725341797,88.08000183105469,89.44999694824219,3787900
DE,2014-12-03,73.27912139892578,90.18000030517578,90.37999725341797,88.54000091552734,88.5999984741211,3623500
DE,2014-12-04,72.7834701538086,89.56999969482422,89.94999694824219,88.88999938964844,89.87000274658203,2055800
DE,2014-12-05,72.91345977783203,89.7300033569336,90.05000305175781,89.01000213623047,89.23999786376953,2071700
DE,2014-12-08,72.19029998779297,88.83999633789062,90.0999984741211,88.62999725341797,89.61000061035156,1995300
DE,2014-12-09,72.4827880859375,89.19999694824219,89.19999694824219,87.94999694824219,87.95999908447266,2499100
DE,2014-12-10,71.1176528930664,87.5199966430664,89.0,87.47000122070312,88.88999938964844,2814300
DE,2014-12-11,71.49958801269531,87.98999786376953,88.41999816894531,87.5999984741211,87.76000213623047,3016900
DE,2014-12-12,70.21566772460938,86.41000366210938,87.80999755859375,86.38999938964844,87.4800033569336,2864600
DE,2014-12-15,71.07701873779297,87.47000122070312,88.5,86.5999984741211,86.66000366210938,3956300
DE,2014-12-16,71.3451919555664,87.80000305175781,89.87000274658203,87.25,87.54000091552734,4244400
DE,2014-12-17,72.10901641845703,88.73999786376953,88.9800033569336,87.11000061035156,87.94999694824219,3435900
DE,2014-12-18,72.75910186767578,89.54000091552734,90.0,89.06999969482422,89.86000061035156,2876200
DE,2014-12-19,73.214111328125,90.0999984741211,90.51000213623047,89.30000305175781,89.54000091552734,5180900
DE,2014-12-22,73.32789611816406,90.23999786376953,90.37999725341797,89.5,90.20999908447266,1875900
DE,2014-12-23,73.82357025146484,90.8499984741211,91.37999725341797,90.48999786376953,90.61000061035156,1569500
DE,2014-12-24,73.34413146972656,90.26000213623047,91.05000305175781,90.16999816894531,91.0,739700
DE,2014-12-26,73.32789611816406,90.23999786376953,90.9000015258789,90.16000366210938,90.55000305175781,1478300
DE,2014-12-29,73.73688507080078,90.13999938964844,90.55999755859375,89.4000015258789,89.7699966430664,1617300
DE,2014-12-30,73.18065643310547,89.45999908447266,90.38999938964844,89.27999877929688,89.94999694824219,1377200
DE,2014-12-31,72.37081909179688,88.47000122070312,90.0,88.4000015258789,89.72000122070312,1585400
DE,2015-01-02,72.26445770263672,88.33999633789062,89.37000274658203,87.41999816894531,88.47000122070312,1867900
DE,2015-01-05,70.71842193603516,86.44999694824219,88.05999755859375,85.87999725341797,88.05999755859375,3007000
DE,2015-01-06,70.12940979003906,85.7300033569336,87.0,84.88999938964844,86.2699966430664,3512000
DE,2015-01-07,69.82673645019531,85.36000061035156,85.91999816894531,84.73999786376953,85.9000015258789,3055900
DE,2015-01-08,70.75111389160156,86.48999786376953,86.58000183105469,85.62000274658203,86.16999816894531,2842300
DE,2015-01-09,70.06396484375,85.6500015258789,86.66999816894531,85.31999969482422,86.5,2325300
DE,2015-01-12,69.90038299560547,85.44999694824219,85.63999938964844,84.54000091552734,85.5,2497900
DE,2015-01-13,70.26031494140625,85.88999938964844,86.29000091552734,85.01000213623047,86.05999755859375,2634700
DE,2015-01-14,70.742919921875,86.4800033569336,86.6500015258789,84.55000305175781,84.83000183105469,3308500
DE,2015-01-15,71.33189392089844,87.19999694824219,88.08999633789062,86.93000030517578,87.0199966430664,3972700
DE,2015-01-16,71.41368103027344,87.30000305175781,87.41000366210938,86.55999755859375,86.8499984741211,3490600
DE,2015-01-20,71.27465057373047,87.12999725341797,87.79000091552734,86.91000366210938,87.37000274658203,2304100
DE,2015-01-21,71.68366241455078,87.62999725341797,87.91000366210938,86.5,86.69999694824219,1954400
DE,2015-01-22,73.22156524658203,89.51000213623047,89.72000122070312,88.05999755859375,88.37999725341797,2866300
DE,2015-01-23,72.27263641357422,88.3499984741211,89.01000213623047,88.0199966430664,88.98999786376953,1796400
DE,2015-01-26,72.33806610107422,88.43000030517578,88.80999755859375,87.87999725341797,88.30999755859375,2718700
DE,2015-01-27,70.38301086425781,86.04000091552734,86.62000274658203,85.3499984741211,85.3499984741211,3300700
DE,2015-01-28,69.18868255615234,84.58000183105469,86.91999816894531,84.5199966430664,86.69999694824219,3472100
DE,2015-01-29,70.27667236328125,85.91000366210938,86.06999969482422,84.29000091552734,84.44999694824219,3510800
DE,2015-01-30,69.68766784667969,85.19000244140625,86.44999694824219,85.0999984741211,85.23999786376953,4221400
DE,2015-02-02,70.87379455566406,86.63999938964844,86.69999694824219,84.8499984741211,85.52999877929688,2509700
DE,2015-02-03,72.50169372558594,88.62999725341797,88.77999877929688,87.16999816894531,87.30000305175781,3107600
DE,2015-02-04,72.54257202148438,88.68000030517578,89.5,88.16000366210938,88.33999633789062,3042500
DE,2015-02-05,72.90251922607422,89.12000274658203,89.2300033569336,88.5,88.80999755859375,1732400
DE,2015-02-06,72.78799438476562,88.9800033569336,89.19999694824219,88.52999877929688,88.91000366210938,1809900
DE,2015-02-09,72.7634506225586,88.94999694824219,89.25,88.12999725341797,88.58000183105469,1205900
DE,2015-02-10,72.59986877441406,88.75,89.19999694824219,88.4000015258789,89.19000244140625,1516500
DE,2015-02-11,72.6571044921875,88.81999969482422,89.30999755859375,88.18000030517578,88.52999877929688,1728600
DE,2015-02-12,73.10702514648438,89.37000274658203,89.44999694824219,88.23999786376953,89.41999816894531,2297300
DE,2015-02-13,73.6551284790039,90.04000091552734,90.38999938964844,89.18000030517578,89.37999725341797,1996600
DE,2015-02-17,73.55696868896484,89.91999816894531,90.37000274658203,89.20999908447266,89.98999786376953,1809100
DE,2015-02-18,75.8719482421875,92.75,92.77999877929688,91.37000274658203,91.75,5954700
DE,2015-02-19,75.02120971679688,91.70999908447266,92.45999908447266,91.44000244140625,92.45999908447266,4527200
DE,2015-02-20,75.61018371582031,92.43000030517578,92.47000122070312,89.91000366210938,90.44999694824219,7030500
DE,2015-02-23,74.42406463623047,90.9800033569336,92.08999633789062,90.81999969482422,92.02999877929688,3023200
DE,2015-02-24,74.84940338134766,91.5,91.66000366210938,90.63999938964844,90.72000122070312,2191600
DE,2015-02-25,74.94757843017578,91.62000274658203,91.87999725341797,91.33999633789062,91.33999633789062,1543000
DE,2015-02-26,74.58765411376953,91.18000030517578,91.75,90.95999908447266,91.23999786376953,2132700
DE,2015-02-27,74.11324310302734,90.5999984741211,91.29000091552734,90.51000213623047,91.08000183105469,2265600
DE,2015-03-02,74.4649658203125,91.02999877929688,91.08999633789062,90.20999908447266,90.5999984741211,2162600
DE,2015-03-03,74.6612777709961,91.2699966430664,91.62000274658203,90.69000244140625,90.86000061035156,1682000
DE,2015-03-04,73.99048614501953,90.44999694824219,90.98999786376953,90.22000122070312,90.79000091552734,1735100
DE,2015-03-05,73.99869537353516,90.45999908447266,90.91000366210938,89.44999694824219,90.08999633789062,2713400
DE,2015-03-06,73.8350601196289,90.26000213623047,90.27999877929688,89.27999877929688,89.61000061035156,3711400
DE,2015-03-09,75.27479553222656,92.0199966430664,92.4000015258789,90.30999755859375,90.3499984741211,3144300
DE,2015-03-10,74.43224334716797,90.98999786376953,91.91999816894531,90.5999984741211,91.0,4378800
DE,2015-03-11,73.81055450439453,90.2300033569336,91.44000244140625,89.80000305175781,91.41999816894531,3122100
DE,2015-03-12,73.76961517333984,90.18000030517578,91.04000091552734,89.98999786376953,90.86000061035156,2289800
DE,2015-03-13,73.2052001953125,89.48999786376953,90.0,88.55999755859375,89.9000015258789,3707000
DE,2015-03-16,72.91887664794922,89.13999938964844,89.61000061035156,88.80999755859375,89.48999786376953,2851100
DE,2015-03-17,72.50169372558594,88.62999725341797,89.13999938964844,88.4800033569336,88.94000244140625,2078100
DE,2015-03-18,73.06611633300781,89.31999969482422,89.66000366210938,87.51000213623047,88.25,2591400
DE,2015-03-19,72.0517807006836,88.08000183105469,89.01000213623047,87.62999725341797,89.0,2586600
DE,2015-03-20,72.95158386230469,89.18000030517578,89.51000213623047,88.2300033569336,88.3499984741211,5981900
DE,2015-03-23,73.12338256835938,89.38999938964844,90.12000274658203,89.30000305175781,89.33000183105469,2233800
DE,2015-03-24,72.37081909179688,88.47000122070312,89.30000305175781,88.26000213623047,89.26000213623047,2232000
DE,2015-03-25,72.23171997070312,88.30000305175781,89.11000061035156,88.2699966430664,88.62999725341797,2720800
DE,2015-03-26,71.99449920654297,88.01000213623047,88.45999908447266,87.77999877929688,88.0,1988900
DE,2015-03-27,72.0356674194336,87.45999908447266,87.55999755859375,86.91000366210938,87.30000305175781,2065400
DE,2015-03-30,72.98287963867188,88.61000061035156,89.04000091552734,87.30999755859375,87.58000183105469,1748600
DE,2015-03-31,72.22512817382812,87.69000244140625,88.5999984741211,87.51000213623047,88.12000274658203,2705700
DE,2015-04-01,72.15099334716797,87.5999984741211,88.52999877929688,87.4800033569336,87.76000213623047,3318000
DE,2015-04-02,72.46397399902344,87.9800033569336,88.61000061035156,87.47000122070312,87.47000122070312,1555300
DE,2015-04-06,72.87581634521484,88.4800033569336,89.05000305175781,87.73999786376953,88.0199966430664,1929600
DE,2015-04-07,72.84285736083984,88.44000244140625,89.0199966430664,88.19999694824219,88.62999725341797,1763200
DE,2015-04-08,72.35692596435547,87.8499984741211,89.12000274658203,87.38999938964844,88.5199966430664,2094800
DE,2015-04-09,72.85108947753906,88.44999694824219,88.6500015258789,87.38999938964844,87.70999908447266,2915000
DE,2015-04-10,73.36176300048828,89.06999969482422,89.76000213623047,88.02999877929688,88.02999877929688,2053900
DE,2015-04-13,72.48046875,88.0,89.45999908447266,87.9000015258789,88.79000091552734,2794300
DE,2015-04-14,72.41456604003906,87.91999816894531,88.06999969482422,87.43000030517578,88.04000091552734,1823900
DE,2015-04-15,73.58413696289062,89.33999633789062,89.73999786376953,87.55000305175781,88.11000061035156,3320300
DE,2015-04-16,73.25466918945312,88.94000244140625,89.36000061035156,88.63999938964844,89.1500015258789,1709600
DE,2015-04-17,72.0768814086914,87.51000213623047,88.38999938964844,87.45999908447266,88.12000274658203,2248500
DE,2015-04-20,73.22174835205078,88.9000015258789,88.9800033569336,87.93000030517578,88.23999786376953,2524100
DE,2015-04-21,72.41456604003906,87.91999816894531,89.1500015258789,87.72000122070312,89.0199966430664,2215200
DE,2015-04-22,72.5628433227539,88.0999984741211,88.12999725341797,87.62000274658203,87.9000015258789,2026300
DE,2015-04-23,72.96640014648438,88.58999633789062,88.88999938964844,88.23999786376953,88.62999725341797,1981500
DE,2015-04-24,72.80167388916016,88.38999938964844,88.66999816894531,87.91000366210938,88.48999786376953,1482500
DE,2015-04-27,73.2464370727539,88.93000030517578,89.05999755859375,88.27999877929688,88.36000061035156,2081200
DE,2015-04-28,73.21351623535156,88.88999938964844,89.30000305175781,88.2699966430664,88.9000015258789,2746600
DE,2015-04-29,74.02068328857422,89.87000274658203,90.26000213623047,88.37999725341797,88.41000366210938,2287000
DE,2015-04-30,74.55602264404297,90.5199966430664,91.0,89.41999816894531,89.66000366210938,2728500
DE,2015-05-01,75.27259826660156,91.38999938964844,91.63999938964844,90.75,91.0,2674700
DE,2015-05-04,74.86078643798828,90.88999938964844,91.56999969482422,90.5999984741211,91.37999725341797,2504700
DE,2015-05-05,74.2430419921875,90.13999938964844,91.44000244140625,89.94999694824219,90.8499984741211,1752300
DE,2015-05-06,74.10304260253906,89.97000122070312,90.75,89.6500015258789,90.4800033569336,1415900
DE,2015-05-07,73.82296752929688,89.62999725341797,89.87000274658203,89.02999877929688,89.75,1667200
DE,2015-05-08,74.03714752197266,89.88999938964844,90.44999694824219,89.06999969482422,90.0999984741211,2212500
DE,2015-05-11,75.06670379638672,91.13999938964844,91.44000244140625,90.05999755859375,90.20999908447266,2845200
DE,2015-05-12,74.46543884277344,90.41000366210938,90.8499984741211,90.01000213623047,90.55999755859375,1585200
DE,2015-05-13,74.65486907958984,90.63999938964844,91.5,90.44000244140625,90.83000183105469,1778200
DE,2015-05-14,75.947998046875,92.20999908447266,92.36000061035156,90.91999816894531,90.93000030517578,1949200
DE,2015-05-15,73.4111557006836,89.12999725341797,90.6500015258789,88.12999725341797,90.30000305175781,6658500
DE,2015-05-18,73.45237731933594,89.18000030517578,89.55000305175781,88.62999725341797,89.0,2517400
DE,2015-05-19,73.4441146850586,89.16999816894531,89.41000366210938,88.45999908447266,89.08000183105469,2122200
DE,2015-05-20,73.28762817382812,88.9800033569336,89.41000366210938,88.58000183105469,89.19000244140625,1939700
DE,2015-05-21,73.68299865722656,89.45999908447266,89.79000091552734,89.05000305175781,89.18000030517578,3037500
DE,2015-05-22,76.88692474365234,93.3499984741211,93.54000091552734,91.76000213623047,91.80999755859375,8558100
DE,2015-05-26,77.2575912475586,93.80000305175781,94.23999786376953,92.5,92.58000183105469,5536000
DE,2015-05-27,77.71883392333984,94.36000061035156,94.87999725341797,93.69999694824219,93.88999938964844,3954000
DE,2015-05-28,77.010498046875,93.5,93.91999816894531,93.08000183105469,93.91999816894531,3210800
DE,2015-05-29,77.15873718261719,93.68000030517578,94.11000061035156,93.11000061035156,93.41999816894531,5466300
DE,2015-06-01,76.30215454101562,92.63999938964844,93.83999633789062,92.58000183105469,93.81999969482422,2902200
DE,2015-06-02,76.39276123046875,92.75,93.2300033569336,92.33999633789062,92.7300033569336,2574300
DE,2015-06-03,76.38451385498047,92.73999786376953,93.25,92.30000305175781,93.08000183105469,2149000
DE,2015-06-04,75.6679458618164,91.87000274658203,92.47000122070312,91.66000366210938,92.23999786376953,2484100
DE,2015-06-05,75.8821029663086,92.12999725341797,92.45999908447266,91.23999786376953,91.58999633789062,1742900
DE,2015-06-08,75.45381927490234,91.61000061035156,92.1500015258789,91.48999786376953,91.93000030517578,1678400
DE,2015-06-09,75.6514892578125,91.8499984741211,92.88999938964844,91.45999908447266,91.87999725341797,1789300
DE,2015-06-10,76.54924774169922,92.94000244140625,93.2699966430664,91.94999694824219,92.11000061035156,2038300
DE,2015-06-11,76.77165222167969,93.20999908447266,93.58999633789062,92.73999786376953,92.91999816894531,2245900
DE,2015-06-12,76.23626708984375,92.55999755859375,93.4000015258789,92.33999633789062,92.83000183105469,1367300
DE,2015-06-15,76.15391540527344,92.45999908447266,92.7300033569336,91.58000183105469,91.76000213623047,1801700
DE,2015-06-16,75.87386322021484,92.12000274658203,92.30000305175781,91.69000244140625,92.1500015258789,2311000
DE,2015-06-17,75.98094177246094,92.25,92.62000274658203,91.77999877929688,92.19000244140625,2089300
DE,2015-06-18,76.26923370361328,92.5999984741211,92.77999877929688,91.45999908447266,91.6500015258789,1754000
DE,2015-06-19,76.23626708984375,92.55999755859375,92.94999694824219,92.26000213623047,92.41999816894531,3666400
DE,2015-06-22,77.05166625976562,93.55000305175781,94.1500015258789,93.08999633789062,93.2300033569336,2088500
DE,2015-06-23,77.15873718261719,93.68000030517578,93.98999786376953,93.18000030517578,93.38999938964844,1719200
DE,2015-06-24,77.42229461669922,94.0,94.29000091552734,93.44999694824219,93.5199966430664,2227800
DE,2015-06-25,77.42229461669922,94.0,94.38999938964844,93.08000183105469,94.19000244140625,3679700
DE,2015-06-26,79.94225311279297,96.44000244140625,96.88999938964844,93.55000305175781,94.0,7168000
DE,2015-06-29,78.71546936035156,94.95999908447266,96.63999938964844,94.91000366210938,95.56999969482422,3868700
DE,2015-06-30,80.44791412353516,97.05000305175781,98.2300033569336,95.22000122070312,95.62999725341797,6559600
DE,2015-07-01,79.7350082397461,96.19000244140625,97.69999694824219,95.51000213623047,97.52999877929688,3733000
DE,2015-07-02,79.86767578125,96.3499984741211,97.01000213623047,95.69999694824219,96.16000366210938,2899800
DE,2015-07-06,79.22107696533203,95.56999969482422,96.45999908447266,95.25,95.79000091552734,2404000
DE,2015-07-07,79.80965423583984,96.27999877929688,96.41000366210938,94.62000274658203,95.56999969482422,2867400
DE,2015-07-08,78.71546936035156,94.95999908447266,96.11000061035156,94.43000030517578,95.9000015258789,2795800
DE,2015-07-09,78.36729431152344,94.54000091552734,96.61000061035156,94.51000213623047,96.0199966430664,2608500
DE,2015-07-10,78.88951873779297,95.16999816894531,95.94999694824219,94.7699966430664,95.4000015258789,2963300
DE,2015-07-13,79.80135345458984,96.2699966430664,96.45999908447266,95.16999816894531,95.6500015258789,2327700
DE,2015-07-14,79.90910339355469,96.4000015258789,96.66000366210938,95.5199966430664,96.12999725341797,2272700
DE,2015-07-15,80.0085678100586,96.5199966430664,96.81999969482422,95.9000015258789,96.20999908447266,2085500
DE,2015-07-16,80.68001556396484,97.33000183105469,97.55999755859375,96.80999755859375,96.97000122070312,2993400
DE,2015-07-17,80.38162231445312,96.97000122070312,97.08999633789062,96.5,97.05000305175781,1810900
DE,2015-07-20,79.75989532470703,96.22000122070312,97.2300033569336,96.19999694824219,96.87000274658203,1995500
DE,2015-07-21,79.17135620117188,95.51000213623047,96.48999786376953,95.38999938964844,96.19000244140625,2030600
DE,2015-07-22,78.59938049316406,94.81999969482422,95.54000091552734,94.62999725341797,95.4800033569336,1961400
DE,2015-07-23,77.30628967285156,93.26000213623047,94.7699966430664,92.41000366210938,94.22000122070312,3396100
DE,2015-07-24,76.60997009277344,92.41999816894531,93.41000366210938,92.30000305175781,93.41000366210938,2256800
DE,2015-07-27,75.64010620117188,91.25,92.5,90.63999938964844,91.81999969482422,2775100
DE,2015-07-28,76.65140533447266,92.47000122070312,92.69999694824219,91.79000091552734,91.9800033569336,3436000
DE,2015-07-29,77.61294555664062,93.62999725341797,93.7699966430664,91.81999969482422,92.25,2438700
DE,2015-07-30,77.51348114013672,93.51000213623047,93.9800033569336,92.91999816894531,93.27999877929688,1470500
DE,2015-07-31,78.39215087890625,94.56999969482422,94.63999938964844,93.6500015258789,93.8499984741211,1914000
DE,2015-08-03,77.43888854980469,93.41999816894531,94.5,92.86000061035156,94.5,2619800
DE,2015-08-04,77.18191528320312,93.11000061035156,93.66999816894531,92.70999908447266,93.58999633789062,1673800
DE,2015-08-05,79.17964172363281,95.5199966430664,95.8499984741211,93.69999694824219,93.69999694824219,2447500
DE,2015-08-06,79.24597930908203,95.5999984741211,95.9800033569336,94.83999633789062,95.16000366210938,1561100
DE,2015-08-07,79.4532241821289,95.8499984741211,95.98999786376953,95.29000091552734,95.44000244140625,1756200
DE,2015-08-10,80.52249908447266,97.13999938964844,97.48999786376953,95.9000015258789,96.25,2155200
DE,2015-08-11,79.7764663696289,96.23999786376953,96.80000305175781,95.62999725341797,96.44000244140625,1975300
DE,2015-08-12,77.62125396728516,93.63999938964844,95.95999908447266,91.70999908447266,95.87000274658203,4867800
DE,2015-08-13,77.1736068725586,93.0999984741211,93.91999816894531,91.55999755859375,93.55000305175781,2144100
DE,2015-08-14,78.20150756835938,94.33999633789062,94.48999786376953,92.87999725341797,92.87999725341797,2235200
DE,2015-08-17,78.06890106201172,94.18000030517578,94.26000213623047,93.06999969482422,93.86000061035156,1598800
DE,2015-08-18,77.84506225585938,93.91000366210938,94.3499984741211,93.36000061035156,93.87000274658203,1786300
DE,2015-08-19,76.24520874023438,91.9800033569336,93.27999877929688,91.22000122070312,93.2300033569336,4093000
DE,2015-08-20,75.14274597167969,90.6500015258789,92.44999694824219,90.37000274658203,91.30999755859375,4497600
DE,2015-08-21,69.04179382324219,83.29000091552734,86.38999938964844,81.88999938964844,85.91000366210938,15208000
DE,2015-08-24,66.95289611816406,80.7699966430664,80.7699966430664,76.76000213623047,78.23999786376953,8039200
DE,2015-08-25,65.56028747558594,79.08999633789062,83.01000213623047,79.0199966430664,83.01000213623047,6505500
DE,2015-08-26,67.33419036865234,81.2300033569336,81.4000015258789,79.83999633789062,81.01000213623047,5223000
DE,2015-08-27,68.2957534790039,82.38999938964844,82.47000122070312,80.87000274658203,82.01000213623047,3664200
DE,2015-08-28,68.3620834350586,82.47000122070312,82.68000030517578,81.79000091552734,81.80000305175781,2647200
DE,2015-08-31,67.79010772705078,81.77999877929688,82.52999877929688,81.62000274658203,82.30000305175781,2674100
DE,2015-09-01,66.31461334228516,80.0,81.11000061035156,79.66999816894531,80.2699966430664,4790200
DE,2015-09-02,66.96116638183594,80.77999877929688,81.18000030517578,79.62999725341797,80.9800033569336,2853100
DE,2015-09-03,67.13526916503906,80.98999786376953,81.94999694824219,80.13999938964844,80.72000122070312,3022000
DE,2015-09-04,65.66805267333984,79.22000122070312,80.16000366210938,79.01000213623047,79.80999755859375,3130600
DE,2015-09-08,66.39750671386719,80.0999984741211,80.44999694824219,79.30000305175781,80.41999816894531,3079200
DE,2015-09-09,65.95816040039062,79.56999969482422,81.66000366210938,79.4000015258789,80.98999786376953,2898800
DE,2015-09-10,66.37265014648438,80.06999969482422,80.58999633789062,79.02999877929688,79.55000305175781,2912900
DE,2015-09-11,65.69293212890625,79.25,80.25,78.9000015258789,80.01000213623047,3856000
DE,2015-09-14,66.04937744140625,79.68000030517578,79.76000213623047,78.79000091552734,79.25,3128300
DE,2015-09-15,67.48341369628906,81.41000366210938,81.7699966430664,79.19000244140625,79.19000244140625,3469800
DE,2015-09-16,67.43364715576172,81.3499984741211,81.88999938964844,81.12999725341797,81.44000244140625,2980400
DE,2015-09-17,66.67103576660156,80.43000030517578,81.41000366210938,80.08999633789062,80.94000244140625,3837000
DE,2015-09-18,65.93330383300781,79.54000091552734,80.2699966430664,79.22000122070312,79.48999786376953,7779000
DE,2015-09-21,65.61833953857422,79.16000366210938,79.69999694824219,78.7300033569336,79.61000061035156,3292200
DE,2015-09-22,65.35306549072266,78.83999633789062,79.2699966430664,78.0999984741211,78.19999694824219,3322800
DE,2015-09-23,64.39978790283203,77.69000244140625,78.95999908447266,77.43000030517578,78.80999755859375,3195400
DE,2015-09-24,62.79994201660156,75.76000213623047,76.0199966430664,74.30000305175781,75.37000274658203,7835000
DE,2015-09-25,62.84138870239258,75.80999755859375,76.2699966430664,74.73999786376953,76.0999984741211,3728700
DE,2015-09-28,61.62984085083008,73.76000213623047,75.01000213623047,73.69999694824219,74.48999786376953,5479600
DE,2015-09-29,61.512882232666016,73.62000274658203,74.44000244140625,73.41999816894531,73.70999908447266,2953900
DE,2015-09-30,61.83036422729492,74.0,74.55000305175781,73.37000274658203,74.20999908447266,3247000
DE,2015-10-01,60.902931213378906,72.88999938964844,73.62999725341797,72.19000244140625,73.37000274658203,4883800
DE,2015-10-02,61.471099853515625,73.56999969482422,73.66000366210938,71.8499984741211,72.05000305175781,3853000
DE,2015-10-05,65.34801483154297,78.20999908447266,78.41000366210938,74.19999694824219,74.47000122070312,6261500
DE,2015-10-06,65.54019927978516,78.44000244140625,78.95999908447266,77.91999816894531,78.25,3354300
DE,2015-10-07,65.9161605834961,78.88999938964844,79.93000030517578,77.80000305175781,78.94000244140625,4082800
DE,2015-10-08,67.60400390625,80.91000366210938,81.30999755859375,78.5999984741211,78.6500015258789,3707100
DE,2015-10-09,66.73503112792969,79.87000274658203,81.45999908447266,79.7300033569336,80.98999786376953,4061400
DE,2015-10-12,65.5318374633789,78.43000030517578,79.9800033569336,78.0999984741211,79.87999725341797,2754200
DE,2015-10-13,64.27852630615234,76.93000030517578,77.83000183105469,76.48999786376953,77.70999908447266,3077800
DE,2015-10-14,63.73543167114258,76.27999877929688,77.37000274658203,76.18000030517578,76.9000015258789,3181700
DE,2015-10-15,63.693634033203125,76.2300033569336,76.87999725341797,75.26000213623047,76.45999908447266,2828600
DE,2015-10-16,63.501461029052734,76.0,76.62000274658203,75.75,76.47000122070312,4967400
DE,2015-10-19,63.476417541503906,75.97000122070312,76.06999969482422,75.29000091552734,75.70999908447266,3041900
DE,2015-10-20,63.82731246948242,76.38999938964844,76.7699966430664,75.5999984741211,75.88999938964844,2771300
DE,2015-10-21,64.0445556640625,76.6500015258789,78.48999786376953,76.44999694824219,76.80999755859375,3104200
DE,2015-10-22,66.30055236816406,79.3499984741211,79.5999984741211,76.55999755859375,76.75,5754600
DE,2015-10-23,67.06089782714844,80.26000213623047,81.11000061035156,79.69999694824219,79.81999969482422,4249300
DE,2015-10-26,64.76313781738281,77.51000213623047,80.2300033569336,77.0199966430664,79.77999877929688,4490900
DE,2015-10-27,63.60173416137695,76.12000274658203,76.97000122070312,75.80999755859375,76.54000091552734,4159500
DE,2015-10-28,65.9663314819336,78.94999694824219,78.97000122070312,76.44999694824219,76.75,3392700
DE,2015-10-29,65.37310028076172,78.23999786376953,78.95999908447266,77.93000030517578,78.44000244140625,2187800
DE,2015-10-30,65.17256927490234,78.0,78.5999984741211,77.72000122070312,78.19999694824219,2668800
DE,2015-11-02,67.00240325927734,80.19000244140625,80.51000213623047,78.19000244140625,78.48999786376953,3252500
DE,2015-11-03,66.45928955078125,79.54000091552734,80.2699966430664,79.29000091552734,80.12999725341797,2384200
DE,2015-11-04,65.37310028076172,78.23999786376953,79.7300033569336,77.73999786376953,79.55000305175781,2412100
DE,2015-11-05,65.11408233642578,77.93000030517578,78.69000244140625,77.04000091552734,78.2699966430664,2216900
DE,2015-11-06,64.76313781738281,77.51000213623047,77.83000183105469,76.11000061035156,77.52999877929688,3137500
DE,2015-11-09,63.701969146728516,76.23999786376953,77.44999694824219,75.83999633789062,77.44999694824219,2307900
DE,2015-11-10,63.72706604003906,76.2699966430664,77.19000244140625,75.36000061035156,76.19000244140625,2433800
DE,2015-11-11,62.70769119262695,75.05000305175781,76.66999816894531,74.94000244140625,76.56999969482422,2791100
DE,2015-11-12,61.22042465209961,73.2699966430664,74.7699966430664,73.1500015258789,74.7699966430664,3902400
DE,2015-11-13,62.37348556518555,74.6500015258789,74.91999816894531,73.0999984741211,73.36000061035156,3463100
DE,2015-11-16,62.42361068725586,74.70999908447266,74.80000305175781,73.45999908447266,73.95999908447266,3143000
DE,2015-11-17,61.66326141357422,73.80000305175781,75.2300033569336,73.5,75.08000183105469,4486400
DE,2015-11-18,62.26485824584961,74.5199966430664,74.62999725341797,73.76000213623047,74.05000305175781,3710100
DE,2015-11-19,62.615787506103516,74.94000244140625,74.95999908447266,73.5999984741211,74.02999877929688,2528600
DE,2015-11-20,63.06697463989258,75.4800033569336,75.94000244140625,75.0,75.20999908447266,3472100
DE,2015-11-23,62.340057373046875,74.61000061035156,75.94999694824219,74.33999633789062,75.70999908447266,4011400
DE,2015-11-24,63.78553771972656,76.33999633789062,76.87999725341797,73.80000305175781,74.05999755859375,8007300
DE,2015-11-25,66.84363555908203,80.0,80.4800033569336,77.19999694824219,80.19000244140625,11169800
DE,2015-11-27,66.08329010009766,79.08999633789062,80.16999816894531,78.8499984741211,80.08000183105469,2013400
DE,2015-11-30,66.48435974121094,79.56999969482422,79.95999908447266,78.87000274658203,79.33000183105469,5095900
DE,2015-12-01,66.41751861572266,79.48999786376953,79.86000061035156,78.81999969482422,79.41999816894531,2954400
DE,2015-12-02,66.28385925292969,79.33000183105469,79.83000183105469,78.98999786376953,79.58000183105469,3012800
DE,2015-12-03,65.42324829101562,78.30000305175781,79.48999786376953,77.94999694824219,79.43000030517578,2913400
DE,2015-12-04,66.5010757446289,79.58999633789062,79.62000274658203,78.0,78.41000366210938,2400700
DE,2015-12-07,66.09165954589844,79.0999984741211,79.25,78.19000244140625,79.1500015258789,2699500
DE,2015-12-08,66.21701049804688,79.25,79.3499984741211,77.51000213623047,78.05999755859375,3388600
DE,2015-12-09,66.20861053466797,79.23999786376953,80.55000305175781,78.66999816894531,79.1500015258789,3911600
DE,2015-12-10,65.67386627197266,78.5999984741211,79.37000274658203,78.18000030517578,79.19999694824219,2817800
DE,2015-12-11,64.47071838378906,77.16000366210938,77.98999786376953,76.62999725341797,77.75,3965500
DE,2015-12-14,65.95796966552734,78.94000244140625,78.98999786376953,76.62999725341797,77.16000366210938,5027300
DE,2015-12-15,64.54590606689453,77.25,79.7699966430664,76.73999786376953,79.36000061035156,6291300
DE,2015-12-16,65.33131408691406,78.19000244140625,78.58999633789062,76.94000244140625,77.44999694824219,2912100
DE,2015-12-17,64.26180267333984,76.91000366210938,78.52999877929688,76.75,78.33999633789062,3403200
DE,2015-12-18,62.6408576965332,74.97000122070312,77.12999725341797,74.94999694824219,76.47000122070312,5292900
DE,2015-12-21,63.2591552734375,75.70999908447266,76.02999877929688,74.62999725341797,75.62999725341797,3778300
DE,2015-12-22,64.8299789428711,77.58999633789062,77.91000366210938,75.9800033569336,75.9800033569336,2583600
DE,2015-12-23,66.19192504882812,79.22000122070312,79.38999938964844,78.1500015258789,78.25,3375900
DE,2015-12-24,65.8326416015625,78.79000091552734,79.36000061035156,78.5199966430664,78.87999725341797,750200
DE,2015-12-28,65.14749145507812,77.97000122070312,78.7699966430664,77.0,78.66999816894531,2726300
DE,2015-12-29,65.37483215332031,77.63999938964844,78.12999725341797,77.12999725341797,77.55999755859375,1746500
DE,2015-12-30,65.25696563720703,77.5,78.31999969482422,77.18000030517578,77.43000030517578,1643800
DE,2015-12-31,64.22126770019531,76.2699966430664,77.19999694824219,76.26000213623047,77.01000213623047,2162600
DE,2016-01-04,64.06127166748047,76.08000183105469,76.12999725341797,74.63999938964844,75.77999877929688,3586900
DE,2016-01-05,64.43177795410156,76.5199966430664,76.54000091552734,75.0199966430664,75.94999694824219,2578300
DE,2016-01-06,63.707611083984375,75.66000366210938,76.20999908447266,75.0199966430664,75.16000366210938,3157600
DE,2016-01-07,63.143470764160156,74.98999786376953,76.02999877929688,74.25,74.38999938964844,3720500
DE,2016-01-08,62.1077766418457,73.76000213623047,75.55000305175781,73.51000213623047,75.36000061035156,3530800
DE,2016-01-11,62.43616485595703,74.1500015258789,74.37000274658203,73.20999908447266,73.88999938964844,3753000
DE,2016-01-12,62.74771499633789,74.5199966430664,75.08000183105469,73.0999984741211,75.0,2915900
DE,2016-01-13,61.65309524536133,73.22000122070312,75.4800033569336,73.1500015258789,74.80999755859375,3004300
DE,2016-01-14,61.973052978515625,73.5999984741211,74.7300033569336,72.68000030517578,73.37999725341797,3143800
DE,2016-01-15,61.568885803222656,73.12000274658203,73.45999908447266,71.91000366210938,72.0,4708600
DE,2016-01-19,61.013160705566406,72.45999908447266,73.73999786376953,71.56999969482422,73.56999969482422,3913800
DE,2016-01-20,60.62582778930664,72.0,73.01000213623047,70.16000366210938,71.37000274658203,4230200
DE,2016-01-21,61.49311447143555,73.02999877929688,73.66000366210938,71.19000244140625,71.98999786376953,2731200
DE,2016-01-22,62.82350158691406,74.61000061035156,76.2300033569336,73.6500015258789,74.19000244140625,3177400
DE,2016-01-25,60.440547943115234,71.77999877929688,73.9000015258789,71.69999694824219,73.80000305175781,2633300
DE,2016-01-26,61.94780731201172,73.56999969482422,73.58000183105469,71.63999938964844,72.0199966430664,2338800
DE,2016-01-27,61.9983024597168,73.62999725341797,75.02999877929688,73.16999816894531,73.5999984741211,2665700
DE,2016-01-28,62.991905212402344,74.80999755859375,75.23999786376953,73.36000061035156,74.69999694824219,2208700
DE,2016-01-29,64.84434509277344,77.01000213623047,77.01000213623047,75.33999633789062,75.37999725341797,4369100
DE,2016-02-01,64.66754150390625,76.80000305175781,77.12999725341797,75.72000122070312,76.2300033569336,2248300
DE,2016-02-02,62.79824447631836,74.58000183105469,75.69999694824219,74.16999816894531,75.5999984741211,2647800
DE,2016-02-03,63.497135162353516,75.41000366210938,75.7300033569336,72.86000061035156,75.0,2818900
DE,2016-02-04,66.26738739013672,78.69999694824219,79.04000091552734,75.05000305175781,75.06999969482422,4976300
DE,2016-02-05,66.0316162109375,78.41999816894531,79.83999633789062,78.0999984741211,78.4000015258789,4154200
DE,2016-02-08,64.89488220214844,77.06999969482422,78.8499984741211,75.93000030517578,77.5999984741211,3622300
DE,2016-02-09,65.74533081054688,78.08000183105469,78.5999984741211,75.9000015258789,75.9000015258789,2978700
DE,2016-02-10,65.18115234375,77.41000366210938,78.83000183105469,77.06999969482422,78.56999969482422,2314100
DE,2016-02-11,64.33914947509766,76.41000366210938,77.13999938964844,75.18000030517578,75.97000122070312,3681900
DE,2016-02-12,65.9052734375,78.2699966430664,78.4800033569336,76.75,77.30999755859375,3154100
DE,2016-02-16,67.20201110839844,79.80999755859375,79.94000244140625,77.73999786376953,78.98999786376953,3703300
DE,2016-02-17,68.56610107421875,81.43000030517578,82.2300033569336,80.0,80.47000122070312,4992800
DE,2016-02-18,67.63990020751953,80.33000183105469,81.68000030517578,79.18000030517578,81.41000366210938,5238200
DE,2016-02-19,64.83596801757812,77.0,78.36000061035156,76.5,76.6500015258789,8955200
DE,2016-02-22,66.01477813720703,78.4000015258789,78.79000091552734,77.19999694824219,77.30000305175781,3372600
DE,2016-02-23,64.953857421875,77.13999938964844,78.48999786376953,76.91999816894531,78.2300033569336,2911600
DE,2016-02-24,66.5199966430664,79.0,79.30000305175781,75.7300033569336,76.69000244140625,2922300
DE,2016-02-25,67.02520751953125,79.5999984741211,79.6500015258789,78.55999755859375,79.20999908447266,1955200
DE,2016-02-26,66.91576385498047,79.47000122070312,80.58999633789062,79.20999908447266,79.87000274658203,2603000
DE,2016-02-29,67.51358032226562,80.18000030517578,81.3499984741211,79.05000305175781,79.58999633789062,4582600
DE,2016-03-01,68.24613952636719,81.05000305175781,82.1500015258789,79.5,80.63999938964844,3424900
DE,2016-03-02,68.91131591796875,81.83999633789062,82.05999755859375,80.16000366210938,80.63999938964844,2508200
DE,2016-03-03,70.4522476196289,83.66999816894531,83.81999969482422,81.44999694824219,81.7699966430664,2860100
DE,2016-03-04,71.47110748291016,84.87999725341797,86.06999969482422,83.45999908447266,83.66999816894531,4250300
DE,2016-03-07,72.14472198486328,85.68000030517578,85.94999694824219,84.26000213623047,84.5999984741211,3512800
DE,2016-03-08,70.60382080078125,83.8499984741211,85.12999725341797,82.75,84.83999633789062,3212300
DE,2016-03-09,69.92178344726562,83.04000091552734,84.69999694824219,82.62999725341797,84.1500015258789,2677200
DE,2016-03-10,69.36603546142578,82.37999725341797,82.9000015258789,81.38999938964844,82.81999969482422,2774200
DE,2016-03-11,69.84599304199219,82.94999694824219,83.43000030517578,82.37000274658203,83.19999694824219,2779500
DE,2016-03-14,68.91975402832031,81.8499984741211,83.31999969482422,81.5199966430664,82.61000061035156,2822300
DE,2016-03-15,67.90936279296875,80.6500015258789,81.0199966430664,80.05999755859375,80.97000122070312,3149700
DE,2016-03-16,68.54927062988281,81.41000366210938,81.56999969482422,80.25,80.62000274658203,2592000
DE,2016-03-17,69.93862915039062,83.05999755859375,83.5199966430664,81.2699966430664,81.62000274658203,3513100
DE,2016-03-18,69.5765609741211,82.62999725341797,83.86000061035156,82.45999908447266,83.2699966430664,7184800
DE,2016-03-21,69.65234375,82.72000122070312,83.02999877929688,81.93000030517578,82.77999877929688,2373000
DE,2016-03-22,69.26497650146484,82.26000213623047,82.55999755859375,81.98999786376953,82.38999938964844,1548300
DE,2016-03-23,68.06932067871094,80.83999633789062,82.01000213623047,80.54000091552734,81.91000366210938,1911600
DE,2016-03-24,67.56409454345703,80.23999786376953,80.58000183105469,80.0,80.5,3263800
DE,2016-03-28,67.50516510009766,80.16999816894531,80.56999969482422,79.5,80.31999969482422,3158600
DE,2016-03-29,68.29415130615234,80.5,80.69999694824219,79.13999938964844,79.13999938964844,2301300
DE,2016-03-30,67.97174835205078,80.12000274658203,81.08999633789062,80.01000213623047,81.0,2566300
DE,2016-03-31,65.31637573242188,76.98999786376953,80.36000061035156,76.91000366210938,80.18000030517578,6598000
DE,2016-04-01,64.90065002441406,76.5,76.58999633789062,74.91000366210938,76.26000213623047,6396600
DE,2016-04-04,64.39163208007812,75.9000015258789,76.8499984741211,75.77999877929688,76.27999877929688,2930800
DE,2016-04-05,64.53585815429688,76.06999969482422,76.62999725341797,75.2699966430664,75.4000015258789,2494200
DE,2016-04-06,64.76490020751953,76.33999633789062,76.52999877929688,75.3499984741211,76.12000274658203,2564100
DE,2016-04-07,64.6291732788086,76.18000030517578,76.27999877929688,75.5,76.0,2444600
DE,2016-04-08,64.73946380615234,76.30999755859375,77.25,75.91000366210938,76.70999908447266,2076200
DE,2016-04-11,64.26438903808594,75.75,77.16000366210938,75.75,76.45999908447266,1668900
DE,2016-04-12,64.98548889160156,76.5999984741211,76.94000244140625,75.79000091552734,75.91000366210938,2011500
DE,2016-04-13,66.5634765625,78.45999908447266,78.52999877929688,76.33000183105469,76.75,3187100
DE,2016-04-14,65.8847885131836,77.66000366210938,78.80000305175781,77.4800033569336,78.44999694824219,2356000
DE,2016-04-15,65.69811248779297,77.44000244140625,78.20999908447266,77.36000061035156,77.66000366210938,2536900
DE,2016-04-18,66.44469451904297,78.31999969482422,78.4800033569336,76.80999755859375,77.44000244140625,2243100
DE,2016-04-19,69.87213897705078,82.36000061035156,82.62999725341797,78.66999816894531,78.75,7015500
DE,2016-04-20,71.4840316772461,84.26000213623047,84.94000244140625,81.69999694824219,82.2699966430664,6474400
DE,2016-04-21,70.24541473388672,82.80000305175781,84.94000244140625,82.4000015258789,84.48999786376953,4038200
DE,2016-04-22,70.24541473388672,82.80000305175781,83.45999908447266,82.69999694824219,82.94999694824219,2087400
DE,2016-04-25,69.91451263427734,82.41000366210938,82.75,81.36000061035156,82.61000061035156,2153500
DE,2016-04-26,70.77139282226562,83.41999816894531,83.98999786376953,82.75,82.93000030517578,2096200
DE,2016-04-27,71.86580657958984,84.70999908447266,85.23999786376953,83.55999755859375,84.06999969482422,2876700
DE,2016-04-28,71.20409393310547,83.93000030517578,85.33999633789062,83.5,84.12999725341797,2167000
DE,2016-04-29,71.35675811767578,84.11000061035156,84.63999938964844,83.4000015258789,83.52999877929688,2111900
DE,2016-05-02,71.5094985961914,84.29000091552734,84.93000030517578,83.4800033569336,84.16999816894531,1829300
DE,2016-05-03,70.75444030761719,83.4000015258789,83.8499984741211,82.52999877929688,83.55000305175781,1957400
DE,2016-05-04,69.71941375732422,82.18000030517578,83.48999786376953,81.76000213623047,83.22000122070312,1697300
DE,2016-05-05,68.88802337646484,81.19999694824219,82.30000305175781,80.7699966430664,82.2300033569336,2868500
DE,2016-05-06,69.10009765625,81.44999694824219,81.69999694824219,80.58999633789062,80.73999786376953,1258800
DE,2016-05-09,68.36203002929688,80.58000183105469,81.12000274658203,80.0199966430664,81.04000091552734,1649200
DE,2016-05-10,71.1022720336914,83.80999755859375,84.37999725341797,80.61000061035156,80.91000366210938,5948000
DE,2016-05-11,71.17861938476562,83.9000015258789,84.94999694824219,83.0199966430664,83.6500015258789,3344400
DE,2016-05-12,71.39073181152344,84.1500015258789,84.93000030517578,82.56999969482422,84.26000213623047,3936300
DE,2016-05-13,69.96543884277344,82.47000122070312,84.29000091552734,82.27999877929688,83.80000305175781,2425200
DE,2016-05-16,70.94955444335938,83.62999725341797,84.13999938964844,82.70999908447266,82.70999908447266,2302900
DE,2016-05-17,70.58476257324219,83.19999694824219,84.25,82.58000183105469,83.66000366210938,2537400
DE,2016-05-18,70.07574462890625,82.5999984741211,83.11000061035156,81.91999816894531,82.8499984741211,2672600
DE,2016-05-19,69.77880859375,82.25,83.33999633789062,81.68000030517578,82.18000030517578,5062000
DE,2016-05-20,65.95262908935547,77.73999786376953,80.94999694824219,77.5,80.80000305175781,12350200
DE,2016-05-23,66.07140350341797,77.87999725341797,79.16999816894531,77.25,77.5,4604000
DE,2016-05-24,67.56454467773438,79.63999938964844,79.7300033569336,78.41000366210938,78.98999786376953,3377600
DE,2016-05-25,68.28567504882812,80.48999786376953,80.87999725341797,79.94999694824219,80.18000030517578,2923600
DE,2016-05-26,68.0989990234375,80.2699966430664,81.08000183105469,80.12000274658203,80.83999633789062,2501000
DE,2016-05-27,68.29415130615234,80.5,80.5,79.81999969482422,80.19999694824219,1743800
DE,2016-05-31,69.812744140625,82.29000091552734,83.12000274658203,81.86000061035156,82.0999984741211,6380000
DE,2016-06-01,70.2708740234375,82.83000183105469,83.01000213623047,81.3499984741211,81.95999908447266,2452000
DE,2016-06-02,71.31434631347656,84.05999755859375,84.13999938964844,82.41999816894531,82.7300033569336,2830800
DE,2016-06-03,72.59541320800781,85.56999969482422,86.19999694824219,84.80000305175781,84.87000274658203,4244400
DE,2016-06-06,74.21582794189453,87.4800033569336,87.80999755859375,85.69999694824219,85.75,4967700
DE,2016-06-07,74.07156372070312,87.30999755859375,87.8499984741211,87.05000305175781,87.27999877929688,2455800
DE,2016-06-08,73.96131134033203,87.18000030517578,88.19999694824219,86.41999816894531,87.97000122070312,3511300
DE,2016-06-09,73.76616668701172,86.94999694824219,87.16000366210938,85.95999908447266,86.29000091552734,1802200
DE,2016-06-10,72.68026733398438,85.66999816894531,86.48999786376953,85.0999984741211,86.05999755859375,3538300
DE,2016-06-13,72.38330841064453,85.31999969482422,86.87000274658203,85.30000305175781,85.63999938964844,2771500
DE,2016-06-14,72.23909759521484,85.1500015258789,85.38999938964844,83.63999938964844,85.0,3168100
DE,2016-06-15,71.96761322021484,84.83000183105469,85.77999877929688,84.73999786376953,85.55999755859375,1466000
DE,2016-06-16,72.21361541748047,85.12000274658203,85.30999755859375,83.1500015258789,84.30999755859375,2075500
DE,2016-06-17,72.96022033691406,86.0,86.54000091552734,85.44999694824219,85.63999938964844,3526100
DE,2016-06-20,72.61239624023438,85.58999633789062,86.98999786376953,85.45999908447266,86.76000213623047,3069700
DE,2016-06-21,71.33978271484375,84.08999633789062,85.4000015258789,84.04000091552734,85.38999938964844,3536100
DE,2016-06-22,71.19557189941406,83.91999816894531,84.8499984741211,83.88999938964844,84.55999755859375,2177600
DE,2016-06-23,71.5094985961914,84.29000091552734,84.94999694824219,83.52999877929688,84.93000030517578,2285000
DE,2016-06-24,69.32917022705078,81.72000122070312,83.16000366210938,81.4000015258789,81.58000183105469,4897600
DE,2016-06-27,68.36203002929688,80.58000183105469,81.37000274658203,79.77999877929688,81.33000183105469,3361800
DE,2016-06-28,69.55866241455078,81.37999725341797,81.8499984741211,80.04000091552734,80.93000030517578,2537900
DE,2016-06-29,69.6697769165039,81.51000213623047,82.27999877929688,80.55000305175781,82.02999877929688,2821400
DE,2016-06-30,69.26805114746094,81.04000091552734,81.94999694824219,79.83000183105469,81.88999938964844,4921400
DE,2016-07-01,69.14838409423828,80.9000015258789,81.37999725341797,80.33999633789062,81.22000122070312,2734300
DE,2016-07-05,67.66969299316406,79.16999816894531,80.52999877929688,78.61000061035156,80.26000213623047,2990700
DE,2016-07-06,67.92610168457031,79.47000122070312,79.48999786376953,78.25,79.05000305175781,2387300
DE,2016-07-07,67.84062194824219,79.37000274658203,80.16999816894531,79.04000091552734,79.6500015258789,2167500
DE,2016-07-08,69.20820617675781,80.97000122070312,81.08999633789062,80.0,80.22000122070312,1974900
DE,2016-07-11,69.22529602050781,80.98999786376953,81.4000015258789,80.48999786376953,80.97000122070312,2314700
DE,2016-07-12,70.44757080078125,82.41999816894531,82.63999938964844,80.37999725341797,81.29000091552734,3866600
DE,2016-07-13,70.90914154052734,82.95999908447266,83.5199966430664,82.43000030517578,82.68000030517578,2772600
DE,2016-07-14,71.4903564453125,83.63999938964844,84.6500015258789,83.38999938964844,83.58000183105469,3588100
DE,2016-07-15,71.29378509521484,83.41000366210938,83.95999908447266,82.87999725341797,83.95999908447266,2774600
DE,2016-07-18,71.64422607421875,83.81999969482422,83.91999816894531,81.95999908447266,83.20999908447266,2489100
DE,2016-07-19,71.16556549072266,83.26000213623047,83.31999969482422,82.47000122070312,82.81999969482422,2487600
DE,2016-07-20,70.78092956542969,82.80999755859375,83.45999908447266,82.75,83.04000091552734,2297600
DE,2016-07-21,70.2766342163086,82.22000122070312,83.62000274658203,82.11000061035156,83.05999755859375,3083900
DE,2016-07-22,68.4816665649414,80.12000274658203,82.19999694824219,79.83999633789062,82.19999694824219,4753500
DE,2016-07-25,66.60124969482422,77.91999816894531,79.0999984741211,76.87000274658203,79.02999877929688,7436300
DE,2016-07-26,67.51582336425781,78.98999786376953,79.98999786376953,78.55999755859375,78.68000030517578,4139800
DE,2016-07-27,67.05426025390625,78.44999694824219,79.5,78.38999938964844,79.36000061035156,2496500
DE,2016-07-28,66.81494903564453,78.16999816894531,78.55999755859375,77.80999755859375,78.4800033569336,4712400
DE,2016-07-29,66.4217300415039,77.70999908447266,78.18000030517578,77.12999725341797,77.2699966430664,3753900
DE,2016-08-01,66.4046630859375,77.69000244140625,77.9800033569336,77.18000030517578,77.75,1898600
DE,2016-08-02,66.4132308959961,77.69999694824219,77.94000244140625,77.36000061035156,77.36000061035156,3483400
DE,2016-08-03,66.9345932006836,78.30999755859375,78.61000061035156,77.70999908447266,77.76000213623047,1865300
DE,2016-08-04,66.44739532470703,77.73999786376953,78.76000213623047,77.41000366210938,78.4000015258789,2235500
DE,2016-08-05,66.96024322509766,78.33999633789062,78.83000183105469,77.70999908447266,78.06999969482422,2460100
DE,2016-08-08,67.45600128173828,78.91999816894531,78.98999786376953,78.41000366210938,78.55000305175781,2698600
DE,2016-08-09,67.43032836914062,78.88999938964844,79.5,78.38999938964844,79.0,3067900
DE,2016-08-10,66.79784393310547,78.1500015258789,79.19000244140625,77.98999786376953,78.9800033569336,1780500
DE,2016-08-11,66.66109466552734,77.98999786376953,78.47000122070312,77.91999816894531,78.29000091552734,2773000
DE,2016-08-12,65.81491088867188,77.0,78.2300033569336,76.83000183105469,77.98999786376953,3812300
DE,2016-08-15,66.908935546875,78.27999877929688,78.6500015258789,76.95999908447266,77.1500015258789,2667300
DE,2016-08-16,66.79784393310547,78.1500015258789,78.41999816894531,77.73999786376953,78.19000244140625,1947400
DE,2016-08-17,66.18244934082031,77.43000030517578,78.30999755859375,77.23999786376953,78.0,2764600
DE,2016-08-18,65.76361846923828,76.94000244140625,77.66999816894531,76.7300033569336,77.16000366210938,4041200
DE,2016-08-19,74.63579559326172,87.31999969482422,88.08999633789062,76.94000244140625,76.94000244140625,23735600
DE,2016-08-22,75.1828384399414,87.95999908447266,88.43000030517578,86.5999984741211,86.9000015258789,7998100
DE,2016-08-23,75.29396057128906,88.08999633789062,88.62999725341797,87.26000213623047,88.4000015258789,5280000
DE,2016-08-24,74.72129821777344,87.41999816894531,88.43000030517578,87.3499984741211,87.86000061035156,3796000
DE,2016-08-25,74.61016845703125,87.29000091552734,87.69999694824219,86.93000030517578,87.29000091552734,3044600
DE,2016-08-26,74.14004516601562,86.73999786376953,87.98999786376953,86.58999633789062,87.33000183105469,3031600
DE,2016-08-29,74.30245971679688,86.93000030517578,87.05000305175781,86.3499984741211,86.66000366210938,2007600
DE,2016-08-30,73.26823425292969,85.72000122070312,87.05000305175781,85.51000213623047,87.0,2918900
DE,2016-08-31,72.2681655883789,84.55000305175781,85.48999786376953,83.91999816894531,85.48999786376953,4440300
DE,2016-09-01,71.41343688964844,83.55000305175781,84.81999969482422,83.37999725341797,84.5,2996600
DE,2016-09-02,71.84078979492188,84.05000305175781,84.19000244140625,83.73999786376953,83.94999694824219,2071200
DE,2016-09-06,72.19982147216797,84.47000122070312,84.63999938964844,83.81999969482422,83.93000030517578,2906700
DE,2016-09-07,71.81517028808594,84.0199966430664,84.4000015258789,83.7699966430664,84.19999694824219,2186600
DE,2016-09-08,71.43907928466797,83.58000183105469,83.9800033569336,83.25,83.87000274658203,2234600
DE,2016-09-09,70.28517150878906,82.2300033569336,83.36000061035156,82.20999908447266,83.19999694824219,3112100
DE,2016-09-12,71.0202407836914,83.08999633789062,83.66000366210938,81.7699966430664,82.0199966430664,3635300
DE,2016-09-13,69.31077575683594,81.08999633789062,82.70999908447266,80.8499984741211,82.4000015258789,3166300
DE,2016-09-14,68.86629486083984,80.56999969482422,81.41999816894531,80.3499984741211,80.94000244140625,2452900
DE,2016-09-15,69.75525665283203,81.61000061035156,81.77999877929688,80.43000030517578,80.77999877929688,2149400
DE,2016-09-16,70.04583740234375,81.94999694824219,82.06999969482422,80.69000244140625,81.19999694824219,3596000
DE,2016-09-19,70.1826171875,82.11000061035156,82.70999908447266,81.88999938964844,82.29000091552734,2073700
DE,2016-09-20,70.49029541015625,82.47000122070312,83.36000061035156,82.26000213623047,82.5999984741211,1918200
DE,2016-09-21,70.98606872558594,83.05000305175781,83.19000244140625,82.33000183105469,82.83999633789062,2020100
DE,2016-09-22,71.93480682373047,84.16000366210938,84.23999786376953,83.19000244140625,83.38999938964844,2790600
DE,2016-09-23,71.23393249511719,83.33999633789062,84.1500015258789,83.18000030517578,83.7699966430664,2561300
DE,2016-09-26,71.43907928466797,83.58000183105469,83.83000183105469,83.19999694824219,83.2699966430664,3409600
DE,2016-09-27,70.98606872558594,83.05000305175781,83.55000305175781,82.80000305175781,83.22000122070312,2797900
DE,2016-09-28,72.39801025390625,84.08999633789062,84.16999816894531,82.69999694824219,82.72000122070312,3389500
DE,2016-09-29,72.19999694824219,83.86000061035156,84.91000366210938,83.47000122070312,84.08999633789062,2725500
DE,2016-09-30,73.48284149169922,85.3499984741211,85.48999786376953,84.18000030517578,84.22000122070312,3157800
DE,2016-10-03,73.48284149169922,85.3499984741211,85.80000305175781,84.23999786376953,84.61000061035156,2679600
DE,2016-10-04,72.92323303222656,84.69999694824219,86.23999786376953,84.6500015258789,85.55000305175781,2126300
DE,2016-10-05,73.2848129272461,85.12000274658203,85.77999877929688,84.51000213623047,85.0,1782800
DE,2016-10-06,73.43119812011719,85.29000091552734,86.0199966430664,85.05000305175781,85.12999725341797,2029200
DE,2016-10-07,74.30074310302734,86.30000305175781,86.66999816894531,85.12000274658203,85.27999877929688,2922700
DE,2016-10-10,75.3252944946289,87.48999786376953,89.33999633789062,87.30000305175781,87.41999816894531,3719800
DE,2016-10-11,74.94646453857422,87.05000305175781,87.79000091552734,86.56999969482422,87.18000030517578,2008100
DE,2016-10-12,74.85176086425781,86.94000244140625,87.62000274658203,86.5999984741211,87.12999725341797,2167700
DE,2016-10-13,74.33518981933594,86.33999633789062,86.7699966430664,86.12000274658203,86.44999694824219,2437100
DE,2016-10-14,74.3868637084961,86.4000015258789,87.29000091552734,86.33999633789062,86.87999725341797,1800700
DE,2016-10-17,74.44710540771484,86.47000122070312,86.7300033569336,86.30000305175781,86.43000030517578,1118700
DE,2016-10-18,74.56768035888672,86.61000061035156,87.12000274658203,85.80999755859375,87.12000274658203,1882000
DE,2016-10-19,74.52460479736328,86.55999755859375,86.93000030517578,85.94999694824219,86.5,1915300
DE,2016-10-20,74.1371841430664,86.11000061035156,86.44999694824219,85.33000183105469,86.38999938964844,1951800
DE,2016-10-21,74.4126968383789,86.43000030517578,86.5,85.2699966430664,85.44999694824219,1394900
DE,2016-10-24,74.64510345458984,86.69999694824219,87.19000244140625,86.18000030517578,86.80999755859375,1323400
DE,2016-10-25,74.49016571044922,86.5199966430664,87.48999786376953,86.22000122070312,86.33000183105469,2039000
DE,2016-10-26,74.93789672851562,87.04000091552734,87.47000122070312,85.62000274658203,85.87999725341797,2192600
DE,2016-10-27,74.9034194946289,87.0,87.5999984741211,86.69000244140625,87.48999786376953,1998000
DE,2016-10-28,75.04978942871094,87.16999816894531,87.5999984741211,86.66999816894531,87.18000030517578,2483100
DE,2016-10-31,76.0226821899414,88.30000305175781,88.8499984741211,87.80000305175781,87.91999816894531,2536400
DE,2016-11-01,75.84188079833984,88.08999633789062,88.43000030517578,87.37999725341797,88.12000274658203,2998300
DE,2016-11-02,75.90216064453125,88.16000366210938,88.69000244140625,87.8499984741211,87.86000061035156,3101700
DE,2016-11-03,76.0226821899414,88.30000305175781,88.58000183105469,87.87000274658203,88.12999725341797,2201100
DE,2016-11-04,75.81605529785156,88.05999755859375,88.52999877929688,87.68000030517578,88.2699966430664,1974200
DE,2016-11-07,76.62533569335938,89.0,89.77999877929688,88.2300033569336,89.0,2572300
DE,2016-11-08,76.61672973632812,88.98999786376953,89.55999755859375,88.61000061035156,88.79000091552734,1915300
DE,2016-11-09,77.58101654052734,90.11000061035156,92.98999786376953,89.16999816894531,89.54000091552734,7834700
DE,2016-11-10,78.08897399902344,90.69999694824219,91.83000183105469,89.95999908447266,90.58999633789062,3479300
DE,2016-11-11,78.43335723876953,91.0999984741211,91.1500015258789,89.69000244140625,90.47000122070312,3176800
DE,2016-11-14,78.88106536865234,91.62000274658203,92.0,90.97000122070312,90.97000122070312,2727800
DE,2016-11-15,78.56250762939453,91.25,91.55999755859375,90.83999633789062,91.33999633789062,2368400
DE,2016-11-16,78.56250762939453,91.25,91.5199966430664,90.75,90.86000061035156,1725500
DE,2016-11-17,79.01018524169922,91.7699966430664,92.04000091552734,90.98999786376953,91.2699966430664,1954200
DE,2016-11-18,79.1738052368164,91.95999908447266,92.19000244140625,91.52999877929688,91.69000244140625,2398500
DE,2016-11-21,79.4665298461914,92.30000305175781,92.4000015258789,91.33000183105469,92.25,2756100
DE,2016-11-22,79.21685028076172,92.01000213623047,93.13999938964844,91.83999633789062,92.75,5414000
DE,2016-11-23,87.96418762207031,102.16999816894531,102.5,98.56999969482422,99.52999877929688,20485400
DE,2016-11-25,89.47087097167969,103.91999816894531,104.83000183105469,100.80000305175781,101.68000030517578,6584700
DE,2016-11-28,87.55950927734375,101.69999694824219,103.70999908447266,101.69000244140625,103.48999786376953,4903500
DE,2016-11-29,86.3972396850586,100.3499984741211,101.11000061035156,99.83999633789062,100.70999908447266,5902400
DE,2016-11-30,86.2680892944336,100.19999694824219,102.08000183105469,100.19999694824219,100.55999755859375,5146400
DE,2016-12-01,88.42047882080078,102.69999694824219,103.04000091552734,100.1500015258789,100.94999694824219,6152300
DE,2016-12-02,87.38733673095703,101.5,102.44999694824219,101.0999984741211,102.04000091552734,3282400
DE,2016-12-05,87.20653533935547,101.29000091552734,102.55999755859375,101.04000091552734,102.31999969482422,3462100
DE,2016-12-06,88.26551818847656,102.5199966430664,103.0,100.66000366210938,100.83999633789062,3039300
DE,2016-12-07,88.5582275390625,102.86000061035156,103.2300033569336,102.02999877929688,102.44999694824219,4921100
DE,2016-12-08,89.47087097167969,103.91999816894531,104.7699966430664,102.30000305175781,102.56999969482422,4334100
DE,2016-12-09,89.21259307861328,103.62000274658203,103.81999969482422,102.76000213623047,103.2300033569336,3164300
DE,2016-12-12,88.17940521240234,102.41999816894531,103.6500015258789,102.33000183105469,103.01000213623047,1712500
DE,2016-12-13,87.24097442626953,101.33000183105469,102.41000366210938,101.19000244140625,102.19000244140625,2605900
DE,2016-12-14,86.56944274902344,100.55000305175781,101.4800033569336,100.3499984741211,101.29000091552734,2140800
DE,2016-12-15,87.30125427246094,101.4000015258789,101.83000183105469,100.05000305175781,100.55000305175781,2751000
DE,2016-12-16,87.61121368408203,101.76000213623047,102.48999786376953,100.9000015258789,100.9000015258789,3717800
DE,2016-12-19,88.03306579589844,102.25,103.0,101.4000015258789,101.5,1849000
DE,2016-12-20,89.22978210449219,103.63999938964844,104.0999984741211,102.27999877929688,102.76000213623047,2093100
DE,2016-12-21,88.75627136230469,103.08999633789062,103.54000091552734,102.69999694824219,103.54000091552734,1907500
DE,2016-12-22,88.75627136230469,103.08999633789062,103.33000183105469,102.73999786376953,103.01000213623047,1858600
DE,2016-12-23,88.78207397460938,103.12000274658203,103.30999755859375,102.75,103.0,1003800
DE,2016-12-27,89.45366668701172,103.9000015258789,104.12000274658203,103.11000061035156,103.11000061035156,1752700
DE,2016-12-28,89.54888916015625,103.41000366210938,104.33000183105469,103.1500015258789,103.44999694824219,2745300
DE,2016-12-29,89.37570190429688,103.20999908447266,103.94000244140625,103.02999877929688,103.23999786376953,2130300
DE,2016-12-30,89.22846984863281,103.04000091552734,103.4800033569336,102.77999877929688,103.01000213623047,1793900
DE,2017-01-03,90.10310363769531,104.05000305175781,104.7699966430664,103.44999694824219,103.68000030517578,3379100
DE,2017-01-04,91.63587188720703,105.81999969482422,106.5,104.0999984741211,104.33999633789062,4439000
DE,2017-01-05,91.22885131835938,105.3499984741211,106.25,105.04000091552734,105.63999938964844,2328300
DE,2017-01-06,92.21604919433594,106.48999786376953,106.75,105.41000366210938,105.80000305175781,2633300
DE,2017-01-09,91.09030151367188,105.19000244140625,106.30999755859375,104.8499984741211,105.94000244140625,2195000
DE,2017-01-10,90.83049774169922,104.88999938964844,105.3499984741211,104.62999725341797,105.0,1745100
DE,2017-01-11,91.54059600830078,105.70999908447266,105.83000183105469,104.97000122070312,105.0999984741211,1235300
DE,2017-01-12,91.07296752929688,105.16999816894531,105.43000030517578,103.98999786376953,105.16000366210938,2166000
DE,2017-01-13,91.60987091064453,105.79000091552734,106.0,104.95999908447266,105.55999755859375,1360500
DE,2017-01-17,90.354248046875,104.33999633789062,105.70999908447266,104.0999984741211,105.70999908447266,2438800
DE,2017-01-18,91.13360595703125,105.23999786376953,105.6500015258789,104.44999694824219,104.95999908447266,1941200
DE,2017-01-19,90.94306945800781,105.0199966430664,105.69999694824219,104.91999816894531,105.43000030517578,1526100
DE,2017-01-20,92.43252563476562,106.73999786376953,107.02999877929688,105.04000091552734,105.47000122070312,2843900
DE,2017-01-23,92.76161193847656,107.12000274658203,107.30000305175781,106.44999694824219,106.79000091552734,2073100
DE,2017-01-24,93.23790740966797,107.66999816894531,108.0,106.37000274658203,106.37000274658203,2277800
DE,2017-01-25,93.57561492919922,108.05999755859375,108.47000122070312,107.58000183105469,107.81999969482422,2181200
DE,2017-01-26,93.20326232910156,107.62999725341797,108.08000183105469,106.93000030517578,107.94999694824219,1560000
DE,2017-01-27,93.51497650146484,107.98999786376953,107.98999786376953,107.0999984741211,107.80000305175781,1220700
DE,2017-01-30,92.70964050292969,107.05999755859375,107.7300033569336,106.44999694824219,107.7300033569336,2420700
DE,2017-01-31,92.70099639892578,107.05000305175781,107.1500015258789,105.63999938964844,106.30999755859375,1645800
DE,2017-02-01,92.78759002685547,107.1500015258789,107.86000061035156,106.6500015258789,107.30000305175781,1375100
DE,2017-02-02,93.0300521850586,107.43000030517578,107.58000183105469,106.62000274658203,107.1500015258789,1167600
DE,2017-02-03,93.51497650146484,107.98999786376953,108.08000183105469,107.27999877929688,107.51000213623047,1895100
DE,2017-02-06,93.57561492919922,108.05999755859375,108.1500015258789,107.44999694824219,107.76000213623047,2022300
DE,2017-02-07,94.1817626953125,108.76000213623047,108.9000015258789,108.06999969482422,108.48999786376953,1755900
DE,2017-02-08,93.87870788574219,108.41000366210938,108.55000305175781,107.75,108.27999877929688,1605900
DE,2017-02-09,94.4935302734375,109.12000274658203,109.19000244140625,108.08999633789062,108.41000366210938,2715500
DE,2017-02-10,95.4634017944336,110.23999786376953,110.38999938964844,109.1500015258789,109.25,2757800
DE,2017-02-13,95.905029296875,110.75,112.18000030517578,109.5199966430664,109.97000122070312,2704100
DE,2017-02-14,95.2988510131836,110.05000305175781,110.41999816894531,109.05999755859375,109.87999725341797,3521100
DE,2017-02-15,94.4935302734375,109.12000274658203,109.66999816894531,108.30999755859375,109.08000183105469,5231900
DE,2017-02-16,94.53681182861328,109.16999816894531,109.4000015258789,107.95999908447266,109.1500015258789,4757900
DE,2017-02-17,95.4893569946289,110.2699966430664,112.16000366210938,107.77999877929688,111.7699966430664,6717800
DE,2017-02-21,94.91783142089844,109.61000061035156,110.2699966430664,108.55000305175781,110.23999786376953,3355000
DE,2017-02-22,94.9524917602539,109.6500015258789,109.91999816894531,108.69999694824219,108.80000305175781,4206300
DE,2017-02-23,93.28981018066406,107.7300033569336,109.69999694824219,106.72000122070312,109.55000305175781,4170700
DE,2017-02-24,94.060546875,108.62000274658203,108.66999816894531,107.08000183105469,107.2699966430664,2166400
DE,2017-02-27,94.83124542236328,109.51000213623047,109.73999786376953,108.55999755859375,108.6500015258789,1835200
DE,2017-02-28,94.81391906738281,109.48999786376953,110.62000274658203,108.91000366210938,108.91000366210938,2812500
DE,2017-03-01,96.31205749511719,111.22000122070312,111.77999877929688,110.70999908447266,110.72000122070312,2859800
DE,2017-03-02,94.85723876953125,109.54000091552734,111.2300033569336,109.37999725341797,110.7699966430664,2348400
DE,2017-03-03,95.97431182861328,110.83000183105469,111.01000213623047,108.86000061035156,109.41999816894531,1886800
DE,2017-03-06,95.98296356201172,110.83999633789062,111.05999755859375,109.70999908447266,109.91000366210938,1688700
DE,2017-03-07,95.4634017944336,110.23999786376953,110.94999694824219,110.0199966430664,110.83000183105469,1640000
DE,2017-03-08,95.6625747680664,110.47000122070312,111.30999755859375,110.1500015258789,110.44000244140625,1892600
DE,2017-03-09,94.89186096191406,109.58000183105469,110.9000015258789,108.80999755859375,110.54000091552734,2125600
DE,2017-03-10,95.18628692626953,109.91999816894531,110.0,108.87999725341797,109.83000183105469,1876800
DE,2017-03-13,95.15164184570312,109.87999725341797,110.66999816894531,109.3499984741211,110.16999816894531,1450700
DE,2017-03-14,94.57145690917969,109.20999908447266,109.58999633789062,108.63999938964844,109.30000305175781,1504100
DE,2017-03-15,95.93966674804688,110.79000091552734,111.31999969482422,109.16999816894531,109.58999633789062,2580000
DE,2017-03-16,95.8877182006836,110.7300033569336,111.2699966430664,110.41999816894531,111.19999694824219,1378900
DE,2017-03-17,95.64524841308594,110.44999694824219,111.11000061035156,110.2300033569336,110.73999786376953,4122200
DE,2017-03-20,96.0176010131836,110.87999725341797,111.19000244140625,109.9000015258789,110.45999908447266,1360200
DE,2017-03-21,94.91783142089844,109.61000061035156,111.48999786376953,109.13999938964844,111.26000213623047,2261800
DE,2017-03-22,95.05636596679688,109.7699966430664,110.23999786376953,109.0999984741211,109.69999694824219,1650600
DE,2017-03-23,94.84857177734375,109.52999877929688,110.70999908447266,109.26000213623047,109.86000061035156,1046500
DE,2017-03-24,94.37230682373047,108.9800033569336,110.23999786376953,108.33999633789062,109.52999877929688,1844700
DE,2017-03-27,92.79621887207031,107.16000366210938,107.98999786376953,106.93000030517578,107.61000061035156,3473100
DE,2017-03-28,93.8094253540039,108.33000183105469,108.54000091552734,107.30999755859375,107.30999755859375,1864900
DE,2017-03-29,94.2012710571289,108.18000030517578,108.33000183105469,107.36000061035156,107.6500015258789,1615000
DE,2017-03-30,95.06336212158203,109.16999816894531,109.43000030517578,108.25,108.33000183105469,1091300
DE,2017-03-31,94.79341125488281,108.86000061035156,109.87000274658203,108.37999725341797,108.80000305175781,2257900
DE,2017-04-03,94.7237548828125,108.77999877929688,109.26000213623047,107.97000122070312,108.97000122070312,1642000
DE,2017-04-04,95.35069274902344,109.5,109.62999725341797,108.5,108.93000030517578,1266700
DE,2017-04-05,95.13300323486328,109.25,111.04000091552734,108.93000030517578,110.0,1322800
DE,2017-04-06,96.16923522949219,110.44000244140625,110.88999938964844,109.19999694824219,109.62000274658203,1616300
DE,2017-04-07,95.19395446777344,109.31999969482422,110.83999633789062,109.29000091552734,110.37999725341797,1334700
DE,2017-04-10,95.46390533447266,109.62999725341797,110.20999908447266,109.18000030517578,109.44999694824219,1040200
DE,2017-04-11,96.79618835449219,111.16000366210938,111.37999725341797,109.37000274658203,110.0199966430664,2846700
DE,2017-04-12,95.2200698852539,109.3499984741211,111.19999694824219,109.27999877929688,110.98999786376953,2088200
DE,2017-04-13,94.04454803466797,108.0,109.56999969482422,107.95999908447266,109.0999984741211,2341200
DE,2017-04-17,94.74116516113281,108.80000305175781,108.98999786376953,107.75,108.38999938964844,1981400
DE,2017-04-18,94.45381927490234,108.47000122070312,108.87999725341797,107.83000183105469,108.0199966430664,1690500
DE,2017-04-19,94.23609161376953,108.22000122070312,108.98999786376953,107.88999938964844,108.80000305175781,1458200
DE,2017-04-20,94.74116516113281,108.80000305175781,109.1500015258789,107.26000213623047,108.0,2014000
DE,2017-04-21,93.64395904541016,107.54000091552734,109.47000122070312,107.04000091552734,109.04000091552734,2025100
DE,2017-04-24,96.00379180908203,110.25,110.58999633789062,108.94000244140625,109.01000213623047,2711400
DE,2017-04-25,98.52904510498047,113.1500015258789,114.12999725341797,111.56999969482422,111.68000030517578,3326100
DE,2017-04-26,98.00659942626953,112.55000305175781,113.77999877929688,112.5,113.08999633789062,2208100
DE,2017-04-27,96.81362915039062,111.18000030517578,112.68000030517578,110.54000091552734,112.5,2635100
DE,2017-04-28,97.18807220458984,111.61000061035156,111.86000061035156,109.83999633789062,111.0,2297700
DE,2017-05-01,97.50154876708984,111.97000122070312,112.79000091552734,111.93000030517578,112.25,1808400
DE,2017-05-02,96.5959243774414,110.93000030517578,112.94000244140625,110.41999816894531,112.27999877929688,2653300
DE,2017-05-03,96.4739990234375,110.79000091552734,111.0,109.79000091552734,110.33999633789062,2013100
DE,2017-05-04,97.55379486083984,112.02999877929688,112.08999633789062,110.41999816894531,111.0199966430664,3691000
DE,2017-05-05,98.49423217773438,113.11000061035156,113.13999938964844,111.37999725341797,111.5999984741211,1505800
DE,2017-05-08,98.0849838256836,112.63999938964844,113.12999725341797,112.22000122070312,112.94000244140625,1460400
DE,2017-05-09,98.90348815917969,113.58000183105469,114.04000091552734,112.83999633789062,112.95999908447266,2059700
DE,2017-05-10,98.87737274169922,113.55000305175781,114.16999816894531,113.33000183105469,113.5,2164900
DE,2017-05-11,98.8077163696289,113.47000122070312,114.12999725341797,112.29000091552734,113.44999694824219,1627000
DE,2017-05-12,98.49423217773438,113.11000061035156,113.18000030517578,112.37000274658203,113.04000091552734,1421400
DE,2017-05-15,99.09508514404297,113.80000305175781,113.97000122070312,113.2699966430664,113.62000274658203,2527900
DE,2017-05-16,99.96583557128906,114.80000305175781,114.95999908447266,113.83000183105469,114.0999984741211,3202000
DE,2017-05-17,98.59870147705078,113.2300033569336,114.80000305175781,113.05000305175781,114.80000305175781,2769900
DE,2017-05-18,98.11107635498047,112.66999816894531,113.5199966430664,111.12000274658203,112.19000244140625,3278700
DE,2017-05-19,105.27763366699219,120.9000015258789,122.23999786376953,119.0,120.37000274658203,11097700
DE,2017-05-22,105.98296356201172,121.70999908447266,122.5,120.12000274658203,122.08000183105469,4423500
DE,2017-05-23,106.34867858886719,122.12999725341797,122.6500015258789,121.02999877929688,121.86000061035156,3719400
DE,2017-05-24,106.9146728515625,122.77999877929688,122.81999969482422,121.79000091552734,121.95999908447266,1990100
DE,2017-05-25,106.60993957519531,122.43000030517578,123.43000030517578,122.05999755859375,123.0,2792200
DE,2017-05-26,106.92341613769531,122.79000091552734,123.58999633789062,122.36000061035156,122.80000305175781,2132000
DE,2017-05-30,106.46188354492188,122.26000213623047,122.6500015258789,121.8499984741211,122.0,3261600
DE,2017-05-31,106.63605499267578,122.45999908447266,123.20999908447266,122.11000061035156,123.05000305175781,2341900
DE,2017-06-01,108.58661651611328,124.69999694824219,125.9800033569336,124.12000274658203,125.25,4198000
DE,2017-06-02,108.76946258544922,124.91000366210938,126.0,124.44000244140625,125.88999938964844,2428400
DE,2017-06-05,109.13519287109375,125.33000183105469,126.44000244140625,124.62999725341797,124.62999725341797,2098400
DE,2017-06-06,108.89139556884766,125.05000305175781,125.75,124.63999938964844,124.80000305175781,2051300
DE,2017-06-07,109.10035705566406,125.29000091552734,125.66999816894531,124.79000091552734,125.05000305175781,2144800
DE,2017-06-08,109.7186050415039,126.0,126.29000091552734,125.16000366210938,125.29000091552734,2267000
DE,2017-06-09,109.67506408691406,125.94999694824219,127.04000091552734,125.31999969482422,126.2699966430664,2395400
DE,2017-06-12,109.7186050415039,126.0,126.4000015258789,124.38999938964844,125.88999938964844,1997300
DE,2017-06-13,110.08434295654297,126.41999816894531,126.6500015258789,126.0,126.0,1171200
DE,2017-06-14,110.09302520751953,126.43000030517578,126.55000305175781,125.94000244140625,126.41999816894531,1836700
DE,2017-06-15,110.04080200195312,126.37000274658203,126.55000305175781,125.41000366210938,125.69999694824219,3859900
DE,2017-06-16,111.37309265136719,127.9000015258789,128.2100067138672,126.52999877929688,126.58000183105469,4207100
DE,2017-06-19,110.58071899414062,126.98999786376953,128.3699951171875,126.5,128.3699951171875,2089800
DE,2017-06-20,109.75343322753906,126.04000091552734,127.08000183105469,126.04000091552734,126.62999725341797,2204300
DE,2017-06-21,108.65625,124.77999877929688,126.4000015258789,124.12999725341797,126.30000305175781,1850600
DE,2017-06-22,107.85515594482422,123.86000061035156,125.2699966430664,123.51000213623047,124.9800033569336,1979900
DE,2017-06-23,107.62873840332031,123.5999984741211,124.47000122070312,123.3499984741211,123.80999755859375,7209800
DE,2017-06-26,107.41104888916016,123.3499984741211,124.5199966430664,122.23999786376953,124.16999816894531,1714400
DE,2017-06-27,106.23546600341797,122.0,124.2699966430664,121.94000244140625,123.94000244140625,1465800
DE,2017-06-28,108.04689025878906,123.47000122070312,123.66999816894531,121.51000213623047,122.26000213623047,2375100
DE,2017-06-29,106.6817855834961,121.91000366210938,123.41000366210938,120.91999816894531,123.37999725341797,1817800
DE,2017-06-30,108.15192413330078,123.58999633789062,124.33999633789062,122.26000213623047,122.58999633789062,2305600
DE,2017-07-03,109.34204864501953,124.94999694824219,125.5,123.79000091552734,124.19000244140625,1681900
DE,2017-07-05,109.91082763671875,125.5999984741211,125.87000274658203,124.11000061035156,124.75,2293000
DE,2017-07-06,109.46456146240234,125.08999633789062,125.47000122070312,124.69000244140625,125.29000091552734,1851900
DE,2017-07-07,110.82093811035156,126.63999938964844,126.81999969482422,125.05000305175781,125.12999725341797,1584600
DE,2017-07-10,112.13355255126953,128.13999938964844,128.5,126.66999816894531,126.70999908447266,3103800
DE,2017-07-11,112.06354522705078,128.05999755859375,128.8000030517578,127.31999969482422,128.00999450683594,1834800
DE,2017-07-12,108.05567169189453,123.4800033569336,129.0,123.45999908447266,128.8000030517578,4848200
DE,2017-07-13,108.87825012207031,124.41999816894531,125.05000305175781,123.25,123.58999633789062,2894800
DE,2017-07-14,109.79708862304688,125.47000122070312,125.77999877929688,124.2699966430664,124.5199966430664,1777000
DE,2017-07-17,110.15587615966797,125.87999725341797,126.0199966430664,125.01000213623047,125.45999908447266,1573400
DE,2017-07-18,110.33964538574219,126.08999633789062,126.44000244140625,125.33999633789062,125.88999938964844,1869400
DE,2017-07-19,110.53216552734375,126.30999755859375,126.73999786376953,125.8499984741211,126.3499984741211,1474300
DE,2017-07-20,109.91082763671875,125.5999984741211,126.72000122070312,125.3499984741211,126.25,2074100
DE,2017-07-21,110.04209899902344,125.75,126.0999984741211,124.61000061035156,124.73999786376953,1455800
DE,2017-07-24,110.7421875,126.55000305175781,126.6500015258789,125.69999694824219,125.91999816894531,1291200
DE,2017-07-25,111.9235610961914,127.9000015258789,128.75,126.80999755859375,127.93000030517578,2128000
DE,2017-07-26,111.8535385131836,127.81999969482422,128.17999267578125,127.0,128.0500030517578,1959300
DE,2017-07-27,112.39608001708984,128.44000244140625,128.52999877929688,127.31999969482422,128.13999938964844,1472900
DE,2017-07-28,112.80740356445312,128.91000366210938,129.02000427246094,128.05999755859375,128.44000244140625,1261200
DE,2017-07-31,112.2560806274414,128.27999877929688,129.5399932861328,128.14999389648438,128.9199981689453,1273300
DE,2017-08-01,112.90362548828125,129.02000427246094,129.4600067138672,128.17999267578125,128.50999450683594,1592200
DE,2017-08-02,112.86862182617188,128.97999572753906,129.41000366210938,128.3000030517578,129.0500030517578,1513000
DE,2017-08-03,113.33242797851562,129.50999450683594,129.66000366210938,128.83999633789062,128.94000244140625,1657600
DE,2017-08-04,113.5424575805664,129.75,129.9499969482422,129.10000610351562,129.61000061035156,1214800
DE,2017-08-07,113.7262191772461,129.9600067138672,130.5,129.66000366210938,130.17999267578125,1535200
DE,2017-08-08,115.5289306640625,132.02000427246094,132.22000122070312,129.75,129.75,3955100
DE,2017-08-09,115.87019348144531,132.41000366210938,132.5,131.17999267578125,131.3000030517578,1394200
DE,2017-08-10,111.81851959228516,127.77999877929688,132.25999450683594,127.73999786376953,132.25999450683594,2991500
DE,2017-08-11,110.8734359741211,126.69999694824219,128.50999450683594,126.48999786376953,127.93000030517578,2305700
DE,2017-08-14,112.50987243652344,128.57000732421875,129.1699981689453,127.87999725341797,128.11000061035156,2146500
DE,2017-08-15,111.29348754882812,127.18000030517578,128.0800018310547,126.12999725341797,126.79000091552734,2158300
DE,2017-08-16,110.81217956542969,126.62999725341797,127.9800033569336,126.4800033569336,127.80999755859375,1919400
DE,2017-08-17,108.49319458007812,123.9800033569336,127.04000091552734,123.5999984741211,126.48999786376953,4123300
DE,2017-08-18,102.65636444091797,117.30999755859375,118.41000366210938,112.87000274658203,115.43000030517578,11364600
DE,2017-08-21,101.96505737304688,116.5199966430664,118.38999938964844,116.02999877929688,117.47000122070312,4809100
DE,2017-08-22,102.80516052246094,117.4800033569336,117.5199966430664,116.38999938964844,116.97000122070312,3052600
DE,2017-08-23,101.90379333496094,116.44999694824219,117.12999725341797,115.94999694824219,117.05000305175781,2778200
DE,2017-08-24,101.01995849609375,115.44000244140625,116.63999938964844,115.23999786376953,116.63999938964844,2738700
DE,2017-08-25,101.37000274658203,115.83999633789062,116.26000213623047,115.05999755859375,116.08000183105469,1861100
DE,2017-08-28,101.47502899169922,115.95999908447266,116.52999877929688,115.11000061035156,116.44000244140625,1471500
DE,2017-08-29,101.41377258300781,115.88999938964844,115.94000244140625,114.52999877929688,115.0,2578300
DE,2017-08-30,101.06372833251953,115.48999786376953,115.63999938964844,114.95999908447266,115.41999816894531,1809800
DE,2017-08-31,101.44874572753906,115.93000030517578,116.44000244140625,115.02999877929688,115.94999694824219,2067700
DE,2017-09-01,101.63252258300781,116.13999938964844,116.66000366210938,115.41000366210938,115.9800033569336,1815500
DE,2017-09-05,101.0987319946289,115.52999877929688,117.1500015258789,115.30000305175781,116.0199966430664,3225100
DE,2017-09-06,101.7025375366211,116.22000122070312,116.79000091552734,115.12999725341797,115.8499984741211,3147900
DE,2017-09-07,101.79878997802734,116.33000183105469,116.76000213623047,114.76000213623047,116.19000244140625,2881400
DE,2017-09-08,102.64762878417969,117.30000305175781,117.91999816894531,115.9000015258789,116.16000366210938,3000600
DE,2017-09-11,103.19895935058594,117.93000030517578,118.58999633789062,116.97000122070312,118.47000122070312,2759600
DE,2017-09-12,102.61264038085938,117.26000213623047,119.25,116.75,118.51000213623047,3726300
DE,2017-09-13,102.7088851928711,117.37000274658203,117.95999908447266,116.72000122070312,117.16000366210938,2562100
DE,2017-09-14,103.58396911621094,118.37000274658203,118.7300033569336,117.1500015258789,117.37000274658203,1802800
DE,2017-09-15,104.14400482177734,119.01000213623047,119.44999694824219,118.37000274658203,119.05999755859375,6627100
DE,2017-09-18,104.91409301757812,119.88999938964844,120.05999755859375,118.87999725341797,119.0,2009700
DE,2017-09-19,107.70562744140625,123.08000183105469,123.37000274658203,119.9000015258789,120.0,3947000
DE,2017-09-20,108.46696472167969,123.94999694824219,124.11000061035156,122.91000366210938,123.0999984741211,2173300
DE,2017-09-21,109.19329071044922,124.77999877929688,124.83999633789062,123.51000213623047,123.80999755859375,1742400
DE,2017-09-22,108.29192352294922,123.75,124.81999969482422,123.27999877929688,124.58000183105469,1864300
DE,2017-09-25,108.3094482421875,123.7699966430664,123.91000366210938,123.11000061035156,123.68000030517578,1605200
DE,2017-09-26,107.88064575195312,123.27999877929688,124.43000030517578,123.18000030517578,124.0,1057900
DE,2017-09-27,107.9156723022461,123.31999969482422,123.9000015258789,122.69999694824219,123.5,2517800
DE,2017-09-28,108.74226379394531,123.66000366210938,124.2300033569336,122.38999938964844,122.9000015258789,2861100
DE,2017-09-29,110.43940734863281,125.58999633789062,125.63999938964844,123.80000305175781,124.0,3093400
DE,2017-10-02,111.9343490600586,127.29000091552734,127.30999755859375,125.08000183105469,125.69999694824219,2628100
DE,2017-10-03,112.64663696289062,128.10000610351562,128.2899932861328,126.9800033569336,127.19999694824219,1590000
DE,2017-10-04,112.8488998413086,128.3300018310547,128.55999755859375,127.0199966430664,127.91000366210938,1400300
DE,2017-10-05,112.56751251220703,128.00999450683594,128.42999267578125,127.62000274658203,128.22999572753906,1415700
DE,2017-10-06,112.67304992675781,128.1300048828125,128.30999755859375,127.2699966430664,127.62000274658203,1496400
DE,2017-10-09,113.12149047851562,128.63999938964844,128.72000122070312,127.73999786376953,128.22000122070312,988100
DE,2017-10-10,112.77852630615234,128.25,128.97999572753906,127.95999908447266,128.97999572753906,1123200
DE,2017-10-11,112.3564224243164,127.7699966430664,128.22999572753906,126.93000030517578,128.00999450683594,1868000
DE,2017-10-12,112.99836730957031,128.5,129.27999877929688,127.33999633789062,127.5999984741211,2751500
DE,2017-10-13,112.47955322265625,127.91000366210938,129.02000427246094,127.37999725341797,129.02000427246094,2023200
DE,2017-10-16,112.31248474121094,127.72000122070312,128.6199951171875,127.70999908447266,128.3000030517578,1249300
DE,2017-10-17,113.16546630859375,128.69000244140625,129.22000122070312,127.77999877929688,127.77999877929688,1777100
DE,2017-10-18,113.19184112548828,128.72000122070312,129.32000732421875,128.25999450683594,128.52999877929688,1701000
DE,2017-10-19,113.0159683227539,128.52000427246094,128.58999633789062,127.52999877929688,128.24000549316406,1637600
DE,2017-10-20,113.56995391845703,129.14999389648438,129.1699981689453,128.1300048828125,129.0,1384900
DE,2017-10-23,113.9568862915039,129.58999633789062,130.2100067138672,128.64999389648438,129.27999877929688,1337400
DE,2017-10-24,115.21436309814453,131.02000427246094,132.36000061035156,130.27999877929688,131.5,3153800
DE,2017-10-25,114.80985260009766,130.55999755859375,131.63999938964844,129.33999633789062,131.39999389648438,1498300
DE,2017-10-26,116.19928741455078,132.13999938964844,132.77999877929688,130.5399932861328,130.91000366210938,1786900
DE,2017-10-27,117.17535400390625,133.25,133.30999755859375,131.3300018310547,131.89999389648438,1658300
DE,2017-10-30,116.3399429321289,132.3000030517578,133.75999450683594,132.3000030517578,132.8699951171875,2708100
DE,2017-10-31,116.84998321533203,132.8800048828125,133.49000549316406,132.19000244140625,133.2899932861328,1319800
DE,2017-11-01,118.07234191894531,134.27000427246094,134.72999572753906,133.25,133.8699951171875,1558000
DE,2017-11-02,118.2218017578125,134.44000244140625,135.0399932861328,133.17999267578125,134.07000732421875,1641000
DE,2017-11-03,118.74061584472656,135.02999877929688,135.02999877929688,134.19000244140625,134.58999633789062,1056500
DE,2017-11-06,118.98685455322266,135.30999755859375,135.8300018310547,134.66000366210938,135.00999450683594,2432000
DE,2017-11-07,119.33860778808594,135.7100067138672,136.69000244140625,135.5399932861328,135.5399932861328,1234200
DE,2017-11-08,118.39765930175781,134.63999938964844,135.8800048828125,134.52000427246094,135.75,1271200
DE,2017-11-09,115.4429931640625,131.27999877929688,134.1999969482422,130.77000427246094,134.0,2879200
DE,2017-11-10,116.27843475341797,132.22999572753906,132.5399932861328,131.22000122070312,131.61000061035156,2990800
DE,2017-11-13,115.99701690673828,131.91000366210938,133.17999267578125,131.1300048828125,131.5,1820300
DE,2017-11-14,116.84998321533203,132.8800048828125,133.0,131.57000732421875,132.0500030517578,1591300
DE,2017-11-15,116.31359100341797,132.27000427246094,133.02000427246094,131.36000061035156,132.2899932861328,1764800
DE,2017-11-16,118.37129211425781,134.61000061035156,135.27000427246094,132.6300048828125,132.77000427246094,2065800
DE,2017-11-17,119.39138793945312,135.77000427246094,136.50999450683594,133.75999450683594,134.00999450683594,1965000
DE,2017-11-20,120.40261840820312,136.9199981689453,137.82000732421875,136.13999938964844,136.17999267578125,2564500
DE,2017-11-21,122.4339828491211,139.22999572753906,140.36000061035156,137.9499969482422,138.55999755859375,5917200
DE,2017-11-22,127.72773742675781,145.25,146.0,142.36000061035156,145.52999877929688,8094200
DE,2017-11-24,127.9476089477539,145.5,147.91000366210938,145.49000549316406,146.1300048828125,1964900
DE,2017-11-27,130.82310485839844,148.77000427246094,148.8300018310547,145.32000732421875,145.75,3880800
DE,2017-11-28,131.3595428466797,149.3800048828125,149.80999755859375,147.22000122070312,148.0500030517578,3992800
DE,2017-11-29,130.53292846679688,148.44000244140625,149.1999969482422,147.1699981689453,148.9199981689453,2421800
DE,2017-11-30,131.78160095214844,149.86000061035156,150.75,148.0,148.9499969482422,3726400
DE,2017-12-01,131.85198974609375,149.94000244140625,150.49000549316406,146.92999267578125,150.25,2022500
DE,2017-12-04,132.75775146484375,150.97000122070312,152.67999267578125,150.9199981689453,151.99000549316406,1893800
DE,2017-12-05,132.493896484375,150.6699981689453,152.5399932861328,150.25999450683594,150.6699981689453,1802600
DE,2017-12-06,131.4210662841797,149.4499969482422,151.3800048828125,149.4199981689453,150.52999877929688,1411100
DE,2017-12-07,132.88082885742188,151.11000061035156,151.47999572753906,149.0,149.16000366210938,1434300
DE,2017-12-08,133.2941131591797,151.5800018310547,152.4600067138672,151.0500030517578,151.80999755859375,1084000
DE,2017-12-11,133.07431030273438,151.3300018310547,151.5800018310547,150.55999755859375,150.8000030517578,1537200
DE,2017-12-12,132.8456573486328,151.07000732421875,151.7100067138672,150.38999938964844,151.24000549316406,1699200
DE,2017-12-13,133.6194610595703,151.9499969482422,153.33999633789062,151.25999450683594,151.67999267578125,1608200
DE,2017-12-14,131.4122772216797,149.44000244140625,152.5800018310547,149.30999755859375,152.3699951171875,1420300
DE,2017-12-15,132.6697540283203,150.8699951171875,152.0,150.5500030517578,150.60000610351562,2555900
DE,2017-12-18,135.4573516845703,154.0399932861328,154.6699981689453,152.4199981689453,152.5,1985100
DE,2017-12-19,135.84423828125,154.47999572753906,154.97999572753906,152.02000427246094,154.33999633789062,1841200
DE,2017-12-20,135.74752807617188,154.3699951171875,155.24000549316406,154.0,154.94000244140625,1430000
DE,2017-12-21,137.0578155517578,155.86000061035156,156.3000030517578,154.25,154.97999572753906,2315600
DE,2017-12-22,138.52633666992188,157.52999877929688,158.10000610351562,155.11000061035156,156.05999755859375,1714700
DE,2017-12-26,139.5991668701172,158.75,158.75999450683594,156.80999755859375,157.9499969482422,2407200
DE,2017-12-27,139.44964599609375,158.5800018310547,159.10000610351562,158.22000122070312,158.6199951171875,1781500
DE,2017-12-28,139.20252990722656,157.6999969482422,158.66000366210938,157.3000030517578,158.47999572753906,1237600
DE,2017-12-29,138.152099609375,156.50999450683594,157.99000549316406,156.47000122070312,157.9499969482422,1258200
DE,2018-01-02,139.47616577148438,158.00999450683594,158.05999755859375,156.5500030517578,156.6699981689453,1897600
DE,2018-01-03,140.11172485351562,158.72999572753906,159.10000610351562,157.63999938964844,157.88999938964844,1392300
DE,2018-01-04,140.91497802734375,159.63999938964844,160.10000610351562,157.35000610351562,159.1999969482422,1747000
DE,2018-01-05,141.51522827148438,160.32000732421875,160.47000122070312,156.58999633789062,159.8000030517578,1574400
DE,2018-01-08,142.21253967285156,161.11000061035156,161.17999267578125,158.89999389648438,160.0500030517578,2711800
DE,2018-01-09,146.17591857910156,165.60000610351562,165.97999572753906,161.52000427246094,162.00999450683594,4345200
DE,2018-01-10,145.5933074951172,164.94000244140625,168.44000244140625,164.10000610351562,166.74000549316406,5473700
DE,2018-01-11,147.81771850585938,167.4600067138672,167.5500030517578,163.77000427246094,165.1300048828125,1958200
DE,2018-01-12,149.44187927246094,169.3000030517578,170.72999572753906,167.9600067138672,168.4499969482422,2316500
DE,2018-01-16,147.88833618164062,167.5399932861328,170.61000061035156,166.36000061035156,170.14999389648438,2046100
DE,2018-01-17,147.79122924804688,167.42999267578125,168.63999938964844,166.38999938964844,168.60000610351562,1960400
DE,2018-01-18,148.2061004638672,167.89999389648438,168.4499969482422,166.25999450683594,166.9600067138672,2185900
DE,2018-01-19,150.34225463867188,170.32000732421875,170.32000732421875,168.08999633789062,168.52999877929688,1613900
DE,2018-01-22,150.3951873779297,170.3800048828125,170.39999389648438,168.72000122070312,170.0,1401000
DE,2018-01-23,148.8769989013672,168.66000366210938,170.08999633789062,168.42999267578125,169.89999389648438,1365000
DE,2018-01-24,149.7066650390625,169.60000610351562,170.42999267578125,168.05999755859375,169.7100067138672,1448700
DE,2018-01-25,149.2918701171875,169.1300048828125,171.39999389648438,166.91000366210938,171.0,1651300
DE,2018-01-26,151.37501525878906,171.49000549316406,171.9600067138672,169.13999938964844,169.5,1554500
DE,2018-01-29,149.33595275878906,169.17999267578125,171.9499969482422,168.75999450683594,171.49000549316406,1487600
DE,2018-01-30,148.74456787109375,168.50999450683594,169.39999389648438,166.82000732421875,167.75,1712700
DE,2018-01-31,146.89967346191406,166.4199981689453,170.5800018310547,166.16000366210938,169.4199981689453,1969800
DE,2018-02-01,148.16197204589844,167.85000610351562,168.38999938964844,164.25999450683594,165.99000549316406,1721300
DE,2018-02-02,145.61093139648438,164.9600067138672,167.92999267578125,164.72000122070312,166.66000366210938,2568700
DE,2018-02-05,138.602294921875,157.02000427246094,166.05999755859375,156.97000122070312,163.10000610351562,3549600
DE,2018-02-06,142.89219665527344,161.8800048828125,162.25999450683594,151.4499969482422,153.9499969482422,3377400
DE,2018-02-07,142.50381469726562,161.44000244140625,164.16000366210938,160.91000366210938,161.1699981689453,2378800
DE,2018-02-08,135.63636779785156,153.66000366210938,161.22000122070312,153.61000061035156,161.1999969482422,3051300
DE,2018-02-09,136.75743103027344,154.92999267578125,157.14999389648438,148.60000610351562,155.41000366210938,3895300
DE,2018-02-12,140.53543090820312,159.2100067138672,160.36000061035156,155.91000366210938,156.74000549316406,2343100
DE,2018-02-13,142.3802490234375,161.3000030517578,161.61000061035156,157.55999755859375,158.02000427246094,1795900
DE,2018-02-14,144.12802124023438,163.27999877929688,164.8800048828125,159.75999450683594,159.9600067138672,2854000
DE,2018-02-15,147.2439422607422,166.80999755859375,167.4199981689453,162.99000549316406,165.0,3026200
DE,2018-02-16,149.56546020507812,169.44000244140625,175.25999450683594,162.00999450683594,165.75999450683594,6626900
DE,2018-02-20,145.44325256347656,164.77000427246094,169.9600067138672,163.64999389648438,169.0399932861328,3750400
DE,2018-02-21,143.0775909423828,162.08999633789062,166.77999877929688,161.97000122070312,164.8000030517578,2753300
DE,2018-02-22,144.9048309326172,164.16000366210938,165.8000030517578,162.75999450683594,163.0,1908800
DE,2018-02-23,146.74082946777344,166.24000549316406,166.25999450683594,162.8699951171875,165.02000427246094,2038800
DE,2018-02-26,147.81771850585938,167.4600067138672,168.30999755859375,165.6300048828125,167.0500030517578,1770000
DE,2018-02-27,144.39280700683594,163.5800018310547,167.52999877929688,163.5800018310547,167.52999877929688,2281800
DE,2018-02-28,142.00070190429688,160.8699951171875,164.9199981689453,160.8699951171875,163.9199981689453,2781400
DE,2018-03-01,138.41693115234375,156.80999755859375,162.85000610351562,155.74000549316406,160.75,3697000
DE,2018-03-02,135.32742309570312,153.30999755859375,156.25999450683594,151.77999877929688,155.5500030517578,4169500
DE,2018-03-05,139.06126403808594,157.5399932861328,158.24000549316406,151.0399932861328,152.5399932861328,3093400
DE,2018-03-06,139.91746520996094,158.50999450683594,159.57000732421875,157.4600067138672,158.60000610351562,2394000
DE,2018-03-07,139.37904357910156,157.89999389648438,158.32000732421875,154.97999572753906,156.0399932861328,2589100
DE,2018-03-08,142.16842651367188,161.05999755859375,161.35000610351562,155.72000122070312,157.69000244140625,3508000
DE,2018-03-09,148.2325897216797,167.92999267578125,168.00999450683594,161.72999572753906,162.0,3828000
DE,2018-03-12,144.79000854492188,164.02999877929688,168.0500030517578,162.8000030517578,167.9600067138672,2260900
DE,2018-03-13,142.39794921875,161.32000732421875,166.30999755859375,160.6699981689453,164.9600067138672,2732300
DE,2018-03-14,141.4180908203125,160.2100067138672,162.5,158.89999389648438,162.4199981689453,2243000
DE,2018-03-15,140.87969970703125,159.60000610351562,161.67999267578125,159.14999389648438,160.9199981689453,1320700
DE,2018-03-16,144.6576385498047,163.8800048828125,163.97999572753906,159.3699951171875,159.72000122070312,3818700
DE,2018-03-19,140.81790161132812,159.52999877929688,162.92999267578125,157.8300018310547,162.64999389648438,2798600
DE,2018-03-20,141.2239227294922,159.99000549316406,162.0500030517578,159.17999267578125,160.1999969482422,1499400
DE,2018-03-21,139.51145935058594,158.0500030517578,160.44000244140625,155.72999572753906,158.88999938964844,2901100
DE,2018-03-22,133.8003692626953,151.5800018310547,156.3699951171875,151.2100067138672,153.74000549316406,3768800
DE,2018-03-23,130.64027404785156,148.0,153.72999572753906,147.60000610351562,151.75999450683594,2940600
DE,2018-03-26,135.35394287109375,153.33999633789062,153.67999267578125,148.89999389648438,151.38999938964844,2463800
DE,2018-03-27,134.3123016357422,152.16000366210938,156.99000549316406,150.89999389648438,154.24000549316406,2691400
DE,2018-03-28,134.24143981933594,151.47999572753906,153.6300048828125,148.7899932861328,151.47999572753906,2655000
DE,2018-03-29,137.6444549560547,155.32000732421875,155.8300018310547,151.52000427246094,152.39999389648438,3526700
DE,2018-04-02,134.54275512695312,151.82000732421875,154.8800048828125,149.2899932861328,154.3800048828125,2150600
DE,2018-04-03,135.6239013671875,153.0399932861328,153.2100067138672,149.75999450683594,152.69000244140625,1957400
DE,2018-04-04,131.66261291503906,148.57000732421875,149.16000366210938,143.57000732421875,145.32000732421875,4478100
DE,2018-04-05,134.11732482910156,151.33999633789062,153.22999572753906,149.30999755859375,149.9199981689453,2963400
DE,2018-04-06,128.844482421875,145.38999938964844,149.8000030517578,143.02999877929688,149.3300018310547,3294000
DE,2018-04-09,126.69102478027344,142.9600067138672,147.44000244140625,142.72999572753906,146.6699981689453,3629600
DE,2018-04-10,131.1663360595703,148.00999450683594,149.49000549316406,145.44000244140625,146.0500030517578,2597400
DE,2018-04-11,127.97602844238281,144.41000366210938,146.17999267578125,144.25,145.27000427246094,2309000
DE,2018-04-12,133.1602783203125,150.25999450683594,151.17999267578125,145.64999389648438,145.64999389648438,3258100
DE,2018-04-13,132.91213989257812,149.97999572753906,152.0,148.97999572753906,151.7100067138672,2634900
DE,2018-04-16,132.02593994140625,148.97999572753906,151.27999877929688,148.2899932861328,151.1699981689453,2608100
DE,2018-04-17,132.1765594482422,149.14999389648438,152.14999389648438,149.14999389648438,150.69000244140625,1957800
DE,2018-04-18,132.72601318359375,149.77000427246094,151.7100067138672,149.41000366210938,150.58999633789062,2022000
DE,2018-04-19,131.24607849121094,148.10000610351562,150.52000427246094,146.5,149.8300018310547,2290300
DE,2018-04-20,130.23582458496094,146.9600067138672,149.8699951171875,146.3000030517578,148.3300018310547,1896700
DE,2018-04-23,129.42050170898438,146.0399932861328,147.82000732421875,145.32000732421875,147.25,1245200
DE,2018-04-24,122.39295196533203,138.11000061035156,149.14999389648438,137.41000366210938,148.30999755859375,5467900
DE,2018-04-25,122.29544067382812,138.0,139.89999389648438,136.10000610351562,138.07000732421875,3067300
DE,2018-04-26,120.81550598144531,136.3300018310547,138.24000549316406,133.6999969482422,138.0500030517578,4071600
DE,2018-04-27,121.90556335449219,137.55999755859375,139.92999267578125,136.3300018310547,136.6999969482422,2602000
DE,2018-04-30,119.9292984008789,135.3300018310547,138.44000244140625,135.22000122070312,137.74000549316406,2533400
DE,2018-05-01,119.96479034423828,135.3699951171875,136.22000122070312,132.17999267578125,134.75999450683594,2378800
DE,2018-05-02,119.41532135009766,134.75,137.8800048828125,134.58999633789062,135.41000366210938,2585000
DE,2018-05-03,121.29402160644531,136.8699951171875,137.4199981689453,131.25999450683594,136.0,3716900
DE,2018-05-04,121.67516326904297,137.3000030517578,138.25,135.14999389648438,136.1199951171875,1934700
DE,2018-05-07,124.2628402709961,140.22000122070312,141.77000427246094,139.27000427246094,140.0,1840900
DE,2018-05-08,125.90231323242188,142.07000732421875,142.6999969482422,140.22000122070312,140.64999389648438,2189300
DE,2018-05-09,128.6406707763672,145.16000366210938,145.52999877929688,142.08999633789062,143.2100067138672,2332600
DE,2018-05-10,129.92564392089844,146.61000061035156,147.5,144.5500030517578,145.47000122070312,2413800
DE,2018-05-11,130.5548553466797,147.32000732421875,149.0,146.14999389648438,146.80999755859375,2487000
DE,2018-05-14,130.0496826171875,146.75,148.6199951171875,145.7899932861328,148.35000610351562,3483900
DE,2018-05-15,128.96856689453125,145.52999877929688,146.4499969482422,143.30999755859375,145.3300018310547,3135000
DE,2018-05-16,130.5814666748047,147.35000610351562,147.60000610351562,145.6199951171875,145.6199951171875,1887400
DE,2018-05-17,130.1029052734375,146.80999755859375,148.10000610351562,145.41000366210938,147.3000030517578,4095700
DE,2018-05-18,137.5824432373047,155.25,157.10000610351562,146.11000061035156,146.5,7788800
DE,2018-05-21,140.31190490722656,158.3300018310547,161.38999938964844,156.10000610351562,159.5,4922000
DE,2018-05-22,137.4405975341797,155.08999633789062,159.41000366210938,154.89999389648438,158.33999633789062,2462000
DE,2018-05-23,138.76101684570312,156.5800018310547,156.69000244140625,153.0500030517578,153.72999572753906,2005000
DE,2018-05-24,140.17898559570312,158.17999267578125,158.64999389648438,155.94000244140625,158.5399932861328,2426800
DE,2018-05-25,140.9056396484375,159.0,159.38999938964844,157.57000732421875,157.6999969482422,2096700
DE,2018-05-29,137.36973571777344,155.00999450683594,158.88999938964844,153.50999450683594,157.0399932861328,3350500
DE,2018-05-30,137.4317169189453,155.0800018310547,156.14999389648438,154.2100067138672,155.77999877929688,2870600
DE,2018-05-31,132.49562072753906,149.50999450683594,155.07000732421875,149.4600067138672,154.9199981689453,4754600
DE,2018-06-01,135.93402099609375,153.38999938964844,154.0399932861328,150.52999877929688,150.6999969482422,2655900
DE,2018-06-04,134.29461669921875,151.5399932861328,154.1199951171875,151.17999267578125,153.72999572753906,1737000
DE,2018-06-05,136.8734893798828,154.4499969482422,154.57000732421875,151.91000366210938,152.3300018310547,1872200
DE,2018-06-06,140.50686645507812,158.5500030517578,158.55999755859375,154.77999877929688,155.13999938964844,2468100
DE,2018-06-07,140.59548950195312,158.64999389648438,160.30999755859375,157.6699981689453,158.44000244140625,2192300
DE,2018-06-08,139.23959350585938,157.1199951171875,158.61000061035156,156.0500030517578,158.1300048828125,1390300
DE,2018-06-11,138.84967041015625,156.67999267578125,157.75,155.38999938964844,156.8699951171875,1925100
DE,2018-06-12,139.65611267089844,157.58999633789062,158.60000610351562,156.5500030517578,156.5500030517578,2548600
DE,2018-06-13,135.88978576660156,153.33999633789062,157.91000366210938,152.92999267578125,157.91000366210938,2386100
DE,2018-06-14,133.08938598632812,150.17999267578125,153.89999389648438,150.00999450683594,153.00999450683594,3072100
DE,2018-06-15,131.8221435546875,148.75,150.1999969482422,145.69000244140625,148.57000732421875,5991000
DE,2018-06-18,130.97134399414062,147.7899932861328,148.13999938964844,146.64999389648438,147.38999938964844,2947200
DE,2018-06-19,126.08842468261719,142.27999877929688,145.0,141.5399932861328,145.0,3752500
DE,2018-06-20,127.92285919189453,144.35000610351562,144.85000610351562,140.8800048828125,142.64999389648438,2609600
DE,2018-06-21,125.84916687011719,142.00999450683594,143.80999755859375,140.6999969482422,143.47000122070312,2784400
DE,2018-06-22,126.87710571289062,143.1699981689453,145.36000061035156,142.8699951171875,143.67999267578125,2315000
DE,2018-06-25,123.7576675415039,139.64999389648438,141.9199981689453,138.64999389648438,141.72999572753906,3705200
DE,2018-06-26,123.7576675415039,139.64999389648438,141.1300048828125,138.72000122070312,140.02999877929688,1832500
DE,2018-06-27,123.51847076416016,139.3800048828125,143.33999633789062,139.1300048828125,140.92999267578125,2433700
DE,2018-06-28,124.1685562133789,139.4199981689453,140.47999572753906,137.32000732421875,138.58999633789062,1619900
DE,2018-06-29,124.50701141357422,139.8000030517578,142.72000122070312,139.5800018310547,140.11000061035156,1906200
DE,2018-07-02,125.71822357177734,141.16000366210938,141.3300018310547,137.8800048828125,138.05999755859375,1867400
DE,2018-07-03,124.89885711669922,140.24000549316406,142.0,139.86000061035156,141.8000030517578,1580700
DE,2018-07-05,124.41793060302734,139.6999969482422,140.99000549316406,138.0800018310547,140.55999755859375,3014900
DE,2018-07-06,124.66732025146484,139.97999572753906,140.3000030517578,137.89999389648438,139.92999267578125,2059600
DE,2018-07-09,128.62161254882812,144.4199981689453,145.77000427246094,140.3699951171875,140.8699951171875,2149800
DE,2018-07-10,128.7373809814453,144.5500030517578,146.2899932861328,143.7899932861328,145.33999633789062,1531900
DE,2018-07-11,125.94981384277344,141.4199981689453,142.55999755859375,140.67999267578125,142.1699981689453,2396600
DE,2018-07-12,125.39759826660156,140.8000030517578,142.7899932861328,140.5800018310547,141.80999755859375,1681700
DE,2018-07-13,122.52984619140625,137.5800018310547,140.8300018310547,137.47999572753906,140.6999969482422,5103500
DE,2018-07-16,121.36319732666016,136.27000427246094,137.94000244140625,135.4199981689453,137.6300048828125,3726400
DE,2018-07-17,122.90388488769531,138.0,138.11000061035156,134.3699951171875,134.72999572753906,2704800
DE,2018-07-18,123.98155212402344,139.2100067138672,139.49000549316406,137.3800048828125,137.8000030517578,2397700
DE,2018-07-19,124.95231628417969,140.3000030517578,141.3000030517578,138.14999389648438,138.3699951171875,2303400
DE,2018-07-20,122.16472625732422,137.1699981689453,139.19000244140625,136.60000610351562,138.16000366210938,2832100
DE,2018-07-23,120.7041015625,135.52999877929688,136.82000732421875,135.2899932861328,136.5,2789900
DE,2018-07-24,124.54263305664062,139.83999633789062,141.99000549316406,135.3300018310547,136.8699951171875,5146300
DE,2018-07-25,125.86073303222656,141.32000732421875,142.47000122070312,136.14999389648438,139.5800018310547,4371300
DE,2018-07-26,127.1164779663086,142.72999572753906,144.2100067138672,141.32000732421875,141.9499969482422,3585300
DE,2018-07-27,125.39759826660156,140.8000030517578,143.85000610351562,139.63999938964844,143.85000610351562,2321400
DE,2018-07-30,123.08201599121094,138.1999969482422,142.6199951171875,137.85000610351562,141.69000244140625,2994500
DE,2018-07-31,128.95114135742188,144.7899932861328,145.75,140.0,140.13999938964844,4856500
DE,2018-08-01,126.38619232177734,141.91000366210938,144.9600067138672,141.22000122070312,143.60000610351562,2198500
DE,2018-08-02,126.54649353027344,142.08999633789062,143.97999572753906,140.35000610351562,140.89999389648438,1343200
DE,2018-08-03,127.67758178710938,143.36000061035156,144.0,142.00999450683594,142.14999389648438,1873700
DE,2018-08-06,128.18521118164062,143.92999267578125,144.86000061035156,142.77999877929688,142.94000244140625,1472900
DE,2018-08-07,130.1356658935547,146.1199951171875,147.3800048828125,144.50999450683594,144.50999450683594,1549900
DE,2018-08-08,128.96896362304688,144.80999755859375,146.32000732421875,144.1699981689453,145.92999267578125,2329000
DE,2018-08-09,124.53373718261719,139.8300018310547,143.9600067138672,138.64999389648438,143.5500030517578,3782500
DE,2018-08-10,122.05782318115234,137.0500030517578,139.32000732421875,135.8699951171875,139.0,2413100
DE,2018-08-13,121.93313598632812,136.91000366210938,137.3300018310547,135.61000061035156,137.0,2155200
DE,2018-08-14,123.4828109741211,138.64999389648438,139.6300048828125,137.47999572753906,137.58999633789062,2808800
DE,2018-08-15,120.8554916381836,135.6999969482422,137.4199981689453,132.8300018310547,137.25999450683594,2563100
DE,2018-08-16,122.32505798339844,137.35000610351562,138.1199951171875,136.36000061035156,137.44000244140625,2996000
DE,2018-08-17,125.21054077148438,140.58999633789062,142.38999938964844,132.32000732421875,134.17999267578125,8811200
DE,2018-08-20,125.15713500976562,140.52999877929688,142.1699981689453,139.74000549316406,141.61000061035156,3509600
DE,2018-08-21,128.09617614746094,143.8300018310547,144.38999938964844,140.6999969482422,140.72999572753906,1945200
DE,2018-08-22,127.00962829589844,142.61000061035156,144.2100067138672,142.57000732421875,143.75,1277900
DE,2018-08-23,125.73603057861328,141.17999267578125,142.30999755859375,139.89999389648438,142.2100067138672,1414700
DE,2018-08-24,128.9244384765625,144.75999450683594,144.85000610351562,141.27999877929688,141.82000732421875,1945400
DE,2018-08-27,130.20692443847656,146.1999969482422,147.27999877929688,145.25999450683594,145.25999450683594,1902500
DE,2018-08-28,130.47410583496094,146.5,148.5,145.77000427246094,147.13999938964844,1535200
DE,2018-08-29,130.01988220214844,145.99000549316406,146.99000549316406,145.6699981689453,146.86000061035156,1687800
DE,2018-08-30,127.64193725585938,143.32000732421875,146.16000366210938,142.9199981689453,145.6300048828125,1491800
DE,2018-08-31,128.0693817138672,143.8000030517578,144.16000366210938,142.19000244140625,142.6300048828125,1181300
DE,2018-09-04,126.19915771484375,141.6999969482422,143.67999267578125,140.99000549316406,143.3699951171875,1698900
DE,2018-09-05,129.03128051757812,144.8800048828125,145.08999633789062,141.02999877929688,141.02999877929688,2232100
DE,2018-09-06,129.2272491455078,145.10000610351562,146.14999389648438,144.16000366210938,144.99000549316406,1446700
DE,2018-09-07,131.48048400878906,147.6300048828125,148.35000610351562,144.02000427246094,145.10000610351562,3136300
DE,2018-09-10,132.35325622558594,148.61000061035156,150.64999389648438,148.0,148.5,1872100
DE,2018-09-11,132.34434509277344,148.60000610351562,149.6699981689453,146.8800048828125,147.5,1152200
DE,2018-09-12,131.61402893066406,147.77999877929688,149.89999389648438,146.57000732421875,148.4600067138672,1949800
DE,2018-09-13,132.58485412597656,148.8699951171875,150.16000366210938,148.35000610351562,148.83999633789062,1502100
DE,2018-09-14,131.59625244140625,147.75999450683594,150.0500030517578,146.85000610351562,148.89999389648438,2002200
DE,2018-09-17,132.73622131347656,149.0399932861328,150.44000244140625,148.0500030517578,148.27999877929688,2131000
DE,2018-09-18,132.73622131347656,149.0399932861328,150.8699951171875,147.88999938964844,149.49000549316406,1529700
DE,2018-09-19,135.71975708007812,152.38999938964844,153.75,149.3000030517578,149.33999633789062,2373000
DE,2018-09-20,137.2160186767578,154.07000732421875,156.77000427246094,153.22000122070312,154.24000549316406,2762200
DE,2018-09-21,136.09381103515625,152.80999755859375,155.07000732421875,152.66000366210938,154.3699951171875,2514000
DE,2018-09-24,134.9716796875,151.5500030517578,152.35000610351562,149.6999969482422,152.08999633789062,1713500
DE,2018-09-25,134.74009704589844,151.2899932861328,152.36000061035156,150.16000366210938,151.6999969482422,1400000
DE,2018-09-26,135.6573944091797,152.32000732421875,153.44000244140625,150.74000549316406,151.02999877929688,1784900
DE,2018-09-27,135.2906036376953,151.22000122070312,154.0,151.0,152.39999389648438,1494500
DE,2018-09-28,134.49435424804688,150.3300018310547,152.16000366210938,150.0399932861328,150.5500030517578,1737000
DE,2018-10-01,134.968505859375,150.86000061035156,152.47000122070312,150.17999267578125,151.72000122070312,2670300
DE,2018-10-02,138.5114288330078,154.82000732421875,154.9600067138672,150.39999389648438,151.1300048828125,2149200
DE,2018-10-03,141.54429626464844,158.2100067138672,158.89999389648438,155.1199951171875,155.64999389648438,2973700
DE,2018-10-04,141.63375854492188,158.30999755859375,159.3000030517578,155.69000244140625,157.9499969482422,3882500
DE,2018-10-05,139.92498779296875,156.39999389648438,158.6999969482422,154.72999572753906,158.5,1948300
DE,2018-10-08,137.6167449951172,153.82000732421875,155.41000366210938,152.07000732421875,153.80999755859375,2863700
DE,2018-10-09,134.6017303466797,150.4499969482422,153.72999572753906,150.11000061035156,152.9600067138672,2107400
DE,2018-10-10,131.9267120361328,147.4600067138672,150.7100067138672,146.55999755859375,150.0,2861400
DE,2018-10-11,131.041015625,146.47000122070312,151.0,145.5,146.77999877929688,3309500
DE,2018-10-12,132.78555297851562,148.4199981689453,150.0,145.85000610351562,149.08999633789062,1881000
DE,2018-10-15,132.8124237060547,148.4499969482422,150.11000061035156,147.55999755859375,148.0500030517578,1678300
DE,2018-10-16,135.95265197753906,151.9600067138672,152.32000732421875,148.2100067138672,149.97999572753906,2124500
DE,2018-10-17,135.66635131835938,151.63999938964844,152.47999572753906,149.42999267578125,151.1199951171875,1516000
DE,2018-10-18,131.69406127929688,147.1999969482422,151.05999755859375,145.7100067138672,150.47999572753906,2491800
DE,2018-10-19,130.5399169921875,145.91000366210938,149.0,145.3699951171875,147.52000427246094,1901500
DE,2018-10-22,130.11947631835938,145.44000244140625,146.9499969482422,144.3300018310547,146.85000610351562,1702300
DE,2018-10-23,124.92147064208984,139.6300048828125,141.30999755859375,136.6699981689453,139.6199951171875,5166900
DE,2018-10-24,119.7861328125,133.88999938964844,140.36000061035156,133.55999755859375,139.64999389648438,3731500
DE,2018-10-25,122.37171173095703,136.77999877929688,138.30999755859375,134.3300018310547,135.6300048828125,1854400
DE,2018-10-26,118.98990631103516,133.0,135.30999755859375,131.60000610351562,134.5,4771000
DE,2018-10-29,116.80692291259766,130.55999755859375,135.7899932861328,128.32000732421875,135.39999389648438,3274800
DE,2018-10-30,118.77519989013672,132.75999450683594,132.9600067138672,129.2899932861328,130.5,2347600
DE,2018-10-31,121.1728515625,135.44000244140625,137.0399932861328,134.6199951171875,134.6199951171875,2018200
DE,2018-11-01,125.83402252197266,140.64999389648438,141.13999938964844,135.60000610351562,136.2100067138672,2954000
DE,2018-11-02,126.79137420654297,141.72000122070312,143.97000122070312,141.1699981689453,142.52999877929688,2938000
DE,2018-11-05,127.6233901977539,142.64999389648438,143.52000427246094,141.8699951171875,142.1199951171875,1576800
DE,2018-11-06,130.14627075195312,145.47000122070312,145.50999450683594,142.08999633789062,142.42999267578125,1729500
DE,2018-11-07,132.79452514648438,148.42999267578125,149.77999877929688,145.75999450683594,146.55999755859375,2161700
DE,2018-11-08,131.21994018554688,146.6699981689453,148.17999267578125,145.0399932861328,147.77999877929688,1899400
DE,2018-11-09,129.55581665039062,144.80999755859375,145.67999267578125,143.0399932861328,145.5399932861328,2581600
DE,2018-11-12,129.34115600585938,144.57000732421875,145.94000244140625,143.5500030517578,145.0,1562800
DE,2018-11-13,131.72091674804688,147.22999572753906,150.07000732421875,145.0399932861328,145.1999969482422,3540500
DE,2018-11-14,131.7119903564453,147.22000122070312,150.24000549316406,145.16000366210938,148.38999938964844,1824100
DE,2018-11-15,131.24671936035156,146.6999969482422,147.75,142.5,142.61000061035156,3015400
DE,2018-11-16,132.29348754882812,147.8699951171875,148.22999572753906,145.2100067138672,145.72000122070312,2327300
DE,2018-11-19,127.5517807006836,142.57000732421875,148.1699981689453,142.10000610351562,147.27999877929688,2912400
DE,2018-11-20,123.92842864990234,138.52000427246094,140.47000122070312,135.8699951171875,140.47000122070312,3701400
DE,2018-11-21,126.93449401855469,141.8800048828125,146.47999572753906,136.55999755859375,136.55999755859375,4987600
DE,2018-11-23,127.7933349609375,142.83999633789062,143.44000244140625,139.74000549316406,139.75999450683594,1192500
DE,2018-11-26,133.23287963867188,148.9199981689453,149.14999389648438,144.36000061035156,144.97999572753906,4361700
DE,2018-11-27,132.23980712890625,147.80999755859375,148.94000244140625,146.64999389648438,147.97999572753906,1753800
DE,2018-11-28,135.99734497070312,152.00999450683594,152.02000427246094,147.0399932861328,148.27000427246094,2421700
DE,2018-11-29,134.17227172851562,149.97000122070312,152.49000549316406,149.08999633789062,151.85000610351562,2236700
DE,2018-11-30,138.56509399414062,154.8800048828125,155.32000732421875,149.7899932861328,149.88999938964844,2534900
DE,2018-12-03,145.12289428710938,162.2100067138672,164.3699951171875,161.1300048828125,161.99000549316406,5132000
DE,2018-12-04,135.6216583251953,151.58999633789062,161.0,151.30999755859375,160.94000244140625,3549300
DE,2018-12-06,138.12669372558594,154.38999938964844,154.49000549316406,146.57000732421875,147.6999969482422,4595900
DE,2018-12-07,131.74774169921875,147.25999450683594,154.72000122070312,146.30999755859375,153.60000610351562,3005600
DE,2018-12-10,131.5419921875,147.02999877929688,148.14999389648438,143.85000610351562,145.77999877929688,1791400
DE,2018-12-11,131.51515197753906,147.0,151.8699951171875,145.94000244140625,150.2899932861328,1818800
DE,2018-12-12,132.53504943847656,148.13999938964844,151.58999633789062,148.0,150.13999938964844,1863500
DE,2018-12-13,132.68714904785156,148.30999755859375,150.47000122070312,147.77000427246094,149.35000610351562,1733900
DE,2018-12-14,133.3134002685547,149.00999450683594,149.50999450683594,146.30999755859375,146.30999755859375,1967900
DE,2018-12-17,130.6920928955078,146.0800018310547,150.0500030517578,145.0,148.3000030517578,2504000
DE,2018-12-18,133.51022338867188,149.22999572753906,150.85000610351562,147.8300018310547,148.33999633789062,2846200
DE,2018-12-19,130.6920928955078,146.0800018310547,152.0,144.30999755859375,149.27000427246094,3173200
DE,2018-12-20,129.4037628173828,144.63999938964844,148.35000610351562,142.60000610351562,145.1199951171875,2822800
DE,2018-12-21,127.92754364013672,142.99000549316406,147.0800018310547,142.47000122070312,144.5399932861328,3931500
DE,2018-12-24,122.90850830078125,137.3800048828125,142.33999633789062,137.3800048828125,141.75,1444700
DE,2018-12-26,128.17807006835938,143.27000427246094,143.32000732421875,136.1300048828125,138.4199981689453,2267400
DE,2018-12-27,131.2646942138672,146.72000122070312,146.72000122070312,140.1699981689453,141.1999969482422,2457300
DE,2018-12-28,130.65309143066406,145.27999877929688,147.9600067138672,144.49000549316406,146.38999938964844,1597100
DE,2018-12-31,134.1514434814453,149.1699981689453,149.24000549316406,146.22000122070312,146.22000122070312,1954600
DE,2019-01-02,133.18917846679688,148.10000610351562,149.66000366210938,146.22999572753906,146.22999572753906,1987700
DE,2019-01-03,129.54696655273438,144.0500030517578,147.66000366210938,142.6999969482422,147.4199981689453,2047200
DE,2019-01-04,136.4087371826172,151.67999267578125,151.75999450683594,146.85000610351562,147.00999450683594,2549100
DE,2019-01-07,138.63905334472656,154.16000366210938,155.94000244140625,150.88999938964844,151.9199981689453,2947400
DE,2019-01-08,141.1211700439453,156.9199981689453,157.88999938964844,154.02000427246094,155.02999877929688,3124800
DE,2019-01-09,138.79200744628906,154.3300018310547,157.89999389648438,153.5,157.86000061035156,3134300
DE,2019-01-10,143.0996551513672,159.1199951171875,159.42999267578125,151.49000549316406,153.64999389648438,2693600
DE,2019-01-11,142.34420776367188,158.27999877929688,159.7899932861328,156.61000061035156,157.77000427246094,2039000
DE,2019-01-14,141.56182861328125,157.41000366210938,158.33999633789062,155.83999633789062,156.2100067138672,1364900
DE,2019-01-15,141.2380828857422,157.0500030517578,158.75,155.75999450683594,157.25999450683594,1369100
DE,2019-01-16,141.56182861328125,157.41000366210938,158.69000244140625,156.9199981689453,157.25,1457300
DE,2019-01-17,143.95407104492188,160.07000732421875,161.63999938964844,156.25,156.74000549316406,2155100
DE,2019-01-18,148.03692626953125,164.61000061035156,166.19000244140625,161.83999633789062,162.0,3879800
DE,2019-01-22,142.84788513183594,158.83999633789062,163.0,157.3800048828125,162.88999938964844,2076500
DE,2019-01-23,141.74171447753906,157.61000061035156,160.6999969482422,156.25,159.5399932861328,1780800
DE,2019-01-24,142.4791717529297,158.42999267578125,159.08999633789062,157.07000732421875,157.75,1602100
DE,2019-01-25,145.2400665283203,161.5,162.82000732421875,159.8699951171875,160.6300048828125,1826400
DE,2019-01-28,140.73446655273438,156.49000549316406,158.4199981689453,155.1999969482422,157.08999633789062,2199400
DE,2019-01-29,144.32275390625,160.47999572753906,160.94000244140625,156.80999755859375,157.47999572753906,2199700
DE,2019-01-30,146.5081024169922,162.91000366210938,163.67999267578125,160.07000732421875,161.91000366210938,1988800
DE,2019-01-31,147.4883270263672,164.0,164.8800048828125,160.17999267578125,162.42999267578125,3118800
DE,2019-02-01,147.38043212890625,163.8800048828125,164.36000061035156,162.9600067138672,164.0800018310547,1704300
DE,2019-02-04,147.94700622558594,164.50999450683594,164.8800048828125,162.33999633789062,164.05999755859375,1907900
DE,2019-02-05,147.67721557617188,164.2100067138672,164.99000549316406,163.00999450683594,164.6300048828125,1574600
DE,2019-02-06,147.20059204101562,163.67999267578125,164.91000366210938,163.0,164.1199951171875,1660500
DE,2019-02-07,145.5098419189453,161.8000030517578,163.8000030517578,160.11000061035156,162.69000244140625,2488100
DE,2019-02-08,146.36419677734375,162.75,162.7899932861328,160.25,160.25,1628300
DE,2019-02-11,145.63577270507812,161.94000244140625,164.24000549316406,161.92999267578125,163.6300048828125,1843900
DE,2019-02-12,148.5585479736328,165.19000244140625,165.91000366210938,162.91000366210938,163.44000244140625,1894400
DE,2019-02-13,146.3192596435547,162.6999969482422,164.5,162.07000732421875,163.88999938964844,2777700
DE,2019-02-14,146.06744384765625,162.4199981689453,163.41000366210938,160.55999755859375,161.36000061035156,2029700
DE,2019-02-15,142.98277282714844,158.99000549316406,163.39999389648438,157.30999755859375,159.47000122070312,7578600
DE,2019-02-19,141.4269561767578,157.25999450683594,158.8000030517578,156.05999755859375,156.8800048828125,2971500
DE,2019-02-20,143.78317260742188,159.8800048828125,160.6199951171875,153.8300018310547,157.88999938964844,3349200
DE,2019-02-21,146.45419311523438,162.85000610351562,164.3000030517578,159.97000122070312,159.97000122070312,2838500
DE,2019-02-22,149.26002502441406,165.97000122070312,166.0,163.0,163.0,1967200
DE,2019-02-25,148.26174926757812,164.86000061035156,167.82000732421875,164.77999877929688,166.97999572753906,2502700
DE,2019-02-26,147.3085174560547,163.8000030517578,165.0500030517578,162.80999755859375,163.4600067138672,1623700
DE,2019-02-27,147.11961364746094,163.58999633789062,163.75999450683594,162.35000610351562,163.50999450683594,1850500
DE,2019-02-28,147.52432250976562,164.0399932861328,165.02999877929688,162.5,163.22999572753906,1778000
DE,2019-03-01,146.86782836914062,163.30999755859375,165.9600067138672,162.74000549316406,164.85000610351562,1668900
DE,2019-03-04,149.12509155273438,165.82000732421875,167.02000427246094,164.14999389648438,164.60000610351562,2663100
DE,2019-03-05,145.195068359375,161.4499969482422,165.75999450683594,161.39999389648438,165.3800048828125,1965900
DE,2019-03-06,142.30831909179688,158.24000549316406,161.30999755859375,157.82000732421875,161.25,2229700
DE,2019-03-07,142.1104278564453,158.02000427246094,158.3300018310547,155.5399932861328,157.8800048828125,2051300
DE,2019-03-08,143.00076293945312,159.00999450683594,159.97999572753906,155.8800048828125,155.8800048828125,1757300
DE,2019-03-11,144.26876831054688,160.4199981689453,160.66000366210938,158.6300048828125,159.1199951171875,1340300
DE,2019-03-12,143.11769104003906,159.13999938964844,161.0,158.72000122070312,160.55999755859375,1553100
DE,2019-03-13,143.60328674316406,159.67999267578125,160.97999572753906,158.80999755859375,159.75999450683594,1661800
DE,2019-03-14,141.8765869140625,157.75999450683594,159.24000549316406,156.9600067138672,159.05999755859375,1596800
DE,2019-03-15,142.22732543945312,158.14999389648438,159.33999633789062,157.39999389648438,157.6199951171875,2386300
DE,2019-03-18,144.16091918945312,160.3000030517578,160.49000549316406,157.57000732421875,157.97999572753906,1962400
DE,2019-03-19,144.76339721679688,160.97000122070312,163.16000366210938,160.07000732421875,161.42999267578125,1685400
DE,2019-03-20,143.58529663085938,159.66000366210938,161.5,158.02000427246094,160.52000427246094,2017100
DE,2019-03-21,143.64825439453125,159.72999572753906,160.67999267578125,158.5,158.52000427246094,1082200
DE,2019-03-22,140.23988342285156,155.94000244140625,158.9499969482422,155.25999450683594,158.32000732421875,2177400
DE,2019-03-25,141.48988342285156,157.3300018310547,158.25,155.99000549316406,156.36000061035156,1137200
DE,2019-03-26,141.73275756835938,157.60000610351562,158.8699951171875,156.50999450683594,158.44000244140625,1036700
DE,2019-03-27,142.3352508544922,158.27000427246094,158.55999755859375,156.0800018310547,158.1300048828125,1068200
DE,2019-03-28,142.85035705566406,158.0800018310547,158.5,156.72999572753906,158.0,1123300
DE,2019-03-29,144.44078063964844,159.83999633789062,161.1999969482422,158.47999572753906,158.91000366210938,1862600
DE,2019-04-01,146.31134033203125,161.91000366210938,163.0800018310547,160.67999267578125,161.63999938964844,1371400
DE,2019-04-02,146.50112915039062,162.1199951171875,162.7100067138672,160.8300018310547,161.89999389648438,1184300
DE,2019-04-03,147.64877319335938,163.38999938964844,164.05999755859375,162.1699981689453,163.0399932861328,1356100
DE,2019-04-04,148.41688537597656,164.24000549316406,164.77999877929688,163.33999633789062,163.47000122070312,1197200
DE,2019-04-05,149.13076782226562,165.02999877929688,165.4499969482422,164.2100067138672,164.83999633789062,1294600
DE,2019-04-08,149.1036376953125,165.0,165.0399932861328,163.19000244140625,163.97999572753906,1133300
DE,2019-04-09,143.528076171875,158.8300018310547,162.41000366210938,158.4600067138672,162.17999267578125,2451000
DE,2019-04-10,143.34739685058594,158.6300048828125,159.63999938964844,155.75999450683594,159.0,2746800
DE,2019-04-11,144.72999572753906,160.16000366210938,160.3000030517578,157.89999389648438,158.63999938964844,1162200
DE,2019-04-12,145.90467834472656,161.4600067138672,162.32000732421875,159.89999389648438,161.69000244140625,1220200
DE,2019-04-15,146.83546447753906,162.49000549316406,162.58999633789062,161.3800048828125,161.8300018310547,1062500
DE,2019-04-16,148.70608520507812,164.55999755859375,165.24000549316406,162.3699951171875,162.49000549316406,1310200
DE,2019-04-17,149.5103302001953,165.4499969482422,165.7899932861328,163.85000610351562,164.86000061035156,1350700
DE,2019-04-18,152.7635040283203,169.0500030517578,169.99000549316406,165.72000122070312,165.99000549316406,2215500
DE,2019-04-22,152.8538360595703,169.14999389648438,169.9600067138672,167.89999389648438,168.24000549316406,1376600
DE,2019-04-23,151.59774780273438,167.75999450683594,169.3000030517578,167.47999572753906,168.72999572753906,1891200
DE,2019-04-24,149.38381958007812,165.30999755859375,167.72000122070312,165.25999450683594,167.3000030517578,1463400
DE,2019-04-25,146.2210235595703,161.80999755859375,164.52999877929688,161.24000549316406,164.0,1256600
DE,2019-04-26,149.1126708984375,165.00999450683594,165.02999877929688,161.61000061035156,162.8300018310547,988500
DE,2019-04-29,150.26937866210938,166.2899932861328,166.6300048828125,165.05999755859375,165.41000366210938,889700
DE,2019-04-30,149.6729736328125,165.6300048828125,166.6699981689453,163.33999633789062,166.6699981689453,1573700
DE,2019-05-01,148.6879425048828,164.5399932861328,167.32000732421875,164.5399932861328,165.61000061035156,1327400
DE,2019-05-02,148.30845642089844,164.1199951171875,166.64999389648438,162.14999389648438,164.99000549316406,1702400
DE,2019-05-03,150.82968139648438,166.91000366210938,167.22999572753906,164.4499969482422,165.1199951171875,1050800
DE,2019-05-06,144.74803161621094,160.17999267578125,161.5,158.1300048828125,161.25,2913100
DE,2019-05-07,142.56117248535156,157.75999450683594,158.8800048828125,155.3000030517578,158.33999633789062,2182200
DE,2019-05-08,140.60025024414062,155.58999633789062,157.7899932861328,155.35000610351562,157.14999389648438,1806400
DE,2019-05-09,140.5008087158203,155.47999572753906,156.3000030517578,151.7899932861328,153.75,2026000
DE,2019-05-10,141.015869140625,156.0500030517578,156.33999633789062,151.97000122070312,154.82000732421875,1753700
DE,2019-05-13,132.1871795654297,146.27999877929688,150.5399932861328,145.17999267578125,150.0,3172500
DE,2019-05-14,132.93719482421875,147.11000061035156,148.92999267578125,145.4499969482422,146.22000122070312,2325400
DE,2019-05-15,130.88592529296875,144.83999633789062,146.61000061035156,144.02000427246094,145.8000030517578,2330500
DE,2019-05-16,131.9251251220703,145.99000549316406,148.05999755859375,145.0,146.19000244140625,2893400
DE,2019-05-17,121.83126068115234,134.82000732421875,141.3699951171875,133.1699981689453,140.0,7817500
DE,2019-05-20,122.32825469970703,135.3699951171875,136.0,132.67999267578125,133.97000122070312,3715300
DE,2019-05-21,125.50917053222656,138.88999938964844,139.5,136.55999755859375,137.05999755859375,3567300
DE,2019-05-22,125.40973663330078,138.77999877929688,140.0800018310547,137.72000122070312,137.9199981689453,2626800
DE,2019-05-23,123.32228088378906,136.47000122070312,137.80999755859375,135.4499969482422,136.6699981689453,2584400
DE,2019-05-24,125.56334686279297,138.9499969482422,139.39999389648438,137.42999267578125,138.17999267578125,2597200
DE,2019-05-28,124.31632232666016,137.57000732421875,140.47000122070312,137.5500030517578,140.47000122070312,2054400
DE,2019-05-29,127.5333251953125,141.1300048828125,141.3699951171875,136.5399932861328,137.17999267578125,3013000
DE,2019-05-30,128.0303192138672,141.67999267578125,143.6999969482422,141.30999755859375,141.30999755859375,3110600
DE,2019-05-31,126.66582489013672,140.1699981689453,140.75999450683594,137.8000030517578,139.5,2206600
DE,2019-06-03,129.4852294921875,143.2899932861328,143.8000030517578,139.5399932861328,139.5399932861328,2213600
DE,2019-06-04,131.59072875976562,145.6199951171875,146.5800018310547,143.88999938964844,145.0,1872000
DE,2019-06-05,132.13296508789062,146.22000122070312,146.9499969482422,144.16000366210938,146.2899932861328,1634100
DE,2019-06-06,132.376953125,146.49000549316406,147.1699981689453,144.83999633789062,145.94000244140625,1391300
DE,2019-06-07,134.38308715820312,148.7100067138672,149.1999969482422,146.55999755859375,147.2899932861328,1555800
DE,2019-06-10,135.37705993652344,149.80999755859375,151.22999572753906,149.64999389648438,149.6699981689453,1708500
DE,2019-06-11,135.5487823486328,150.0,152.55999755859375,148.85000610351562,151.4499969482422,2019800
DE,2019-06-12,134.45535278320312,148.7899932861328,149.85000610351562,147.7100067138672,149.25,1344100
DE,2019-06-13,136.93136596679688,151.52999877929688,152.24000549316406,149.0,149.61000061035156,1192500
DE,2019-06-14,136.91331481933594,151.50999450683594,152.10000610351562,149.52000427246094,151.66000366210938,1013500
DE,2019-06-17,139.4977569580078,154.3699951171875,155.1999969482422,152.25999450683594,153.3000030517578,1742200
DE,2019-06-18,144.02511596679688,159.3800048828125,159.97000122070312,155.50999450683594,155.88999938964844,2617000
DE,2019-06-19,144.53114318847656,159.94000244140625,161.4600067138672,159.07000732421875,159.3699951171875,1671100
DE,2019-06-20,147.07943725585938,162.75999450683594,163.1300048828125,160.85000610351562,162.25,1945100
DE,2019-06-21,148.4530487060547,164.27999877929688,164.6999969482422,162.11000061035156,163.4600067138672,2380800
DE,2019-06-24,150.80252075195312,166.8800048828125,168.3800048828125,164.89999389648438,165.1300048828125,2582200
DE,2019-06-25,150.2874298095703,166.30999755859375,167.38999938964844,165.91000366210938,167.38999938964844,2084800
DE,2019-06-26,150.11578369140625,166.1199951171875,166.5800018310547,165.6300048828125,166.11000061035156,2025700
DE,2019-06-27,149.62554931640625,164.82000732421875,165.47000122070312,163.6999969482422,165.22999572753906,2072100
DE,2019-06-28,150.43350219726562,165.7100067138672,167.05999755859375,164.8300018310547,164.8300018310547,6514900
DE,2019-07-01,149.916015625,165.13999938964844,168.8699951171875,162.9499969482422,168.3000030517578,2409200
DE,2019-07-02,149.90699768066406,165.1300048828125,165.6699981689453,164.08999633789062,165.42999267578125,1371000
DE,2019-07-03,150.05221557617188,165.2899932861328,165.8300018310547,162.7899932861328,165.82000732421875,918600
DE,2019-07-05,148.35458374023438,163.4199981689453,164.0,161.55999755859375,163.60000610351562,1291700
DE,2019-07-08,148.78126525878906,163.88999938964844,164.6699981689453,162.00999450683594,163.0399932861328,1384000
DE,2019-07-09,148.29107666015625,163.35000610351562,163.61000061035156,161.11000061035156,162.0,1486000
DE,2019-07-10,145.9851837158203,160.80999755859375,163.1300048828125,160.6199951171875,162.2100067138672,1753200
DE,2019-07-11,146.3937225341797,161.25999450683594,161.3000030517578,159.3699951171875,160.72000122070312,2012800
DE,2019-07-12,150.12486267089844,165.3699951171875,165.41000366210938,162.11000061035156,162.1199951171875,2268500
DE,2019-07-15,150.69674682617188,166.0,167.80999755859375,165.2899932861328,166.89999389648438,1983700
DE,2019-07-16,150.83291625976562,166.14999389648438,166.60000610351562,164.75,165.2100067138672,1345100
DE,2019-07-17,148.0458984375,163.0800018310547,166.5800018310547,163.0800018310547,166.07000732421875,1368200
DE,2019-07-18,148.1912078857422,163.24000549316406,163.86000061035156,162.02999877929688,162.75,1404400
DE,2019-07-19,150.3427276611328,165.61000061035156,166.57000732421875,163.52999877929688,164.0500030517578,2690300
DE,2019-07-22,149.916015625,165.13999938964844,166.5800018310547,164.55999755859375,165.60000610351562,970300
DE,2019-07-23,152.8301239013672,168.35000610351562,168.94000244140625,165.4600067138672,166.0800018310547,2176800
DE,2019-07-24,151.7679443359375,167.17999267578125,168.47999572753906,165.07000732421875,165.8000030517578,1775600
DE,2019-07-25,151.52288818359375,166.91000366210938,167.33999633789062,165.35000610351562,167.0,1180600
DE,2019-07-26,154.68206787109375,170.38999938964844,171.0,166.83999633789062,167.02000427246094,1950000
DE,2019-07-29,154.56402587890625,170.25999450683594,171.22000122070312,169.1300048828125,170.2899932861328,1459600
DE,2019-07-30,154.355224609375,170.02999877929688,170.72999572753906,167.6699981689453,169.16000366210938,1400700
DE,2019-07-31,150.37901306152344,165.64999389648438,170.33999633789062,164.6300048828125,170.10000610351562,2000300
DE,2019-08-01,146.348388671875,161.2100067138672,167.16000366210938,160.66000366210938,165.88999938964844,2193800
DE,2019-08-02,144.06973266601562,158.6999969482422,159.83999633789062,157.10000610351562,159.83999633789062,2270200
DE,2019-08-05,137.13404846191406,151.05999755859375,155.4199981689453,147.7100067138672,154.60000610351562,3243300
DE,2019-08-06,138.6954803466797,152.77999877929688,154.35000610351562,150.41000366210938,152.4199981689453,1824800
DE,2019-08-07,137.2974395751953,151.24000549316406,151.5800018310547,148.60000610351562,150.44000244140625,1747100
DE,2019-08-08,140.76531982421875,155.05999755859375,155.1999969482422,151.4499969482422,152.10000610351562,1661300
DE,2019-08-09,140.5655517578125,154.83999633789062,156.00999450683594,153.4499969482422,153.9199981689453,1742900
DE,2019-08-12,133.4937286376953,147.0500030517578,154.33999633789062,146.82000732421875,153.9499969482422,3738300
DE,2019-08-13,133.60264587402344,147.1699981689453,150.05999755859375,145.49000549316406,146.0,2890500
DE,2019-08-14,129.97140502929688,143.1699981689453,144.77999877929688,141.85000610351562,144.11000061035156,3001000
DE,2019-08-15,130.46165466308594,143.7100067138672,145.3300018310547,141.25,143.82000732421875,2402700
DE,2019-08-16,135.47271728515625,149.22999572753906,150.99000549316406,143.49000549316406,143.77999877929688,3493000
DE,2019-08-19,138.34144592285156,152.38999938964844,153.25,149.36000061035156,150.19000244140625,1993600
DE,2019-08-20,138.0782012939453,152.10000610351562,152.58999633789062,151.1199951171875,152.0500030517578,1582900
DE,2019-08-21,140.58375549316406,154.86000061035156,155.25,153.61000061035156,154.35000610351562,1855200
DE,2019-08-22,141.04673767089844,155.3699951171875,156.22000122070312,153.0500030517578,155.50999450683594,1716400
DE,2019-08-23,133.4665069580078,147.02000427246094,153.82000732421875,146.3000030517578,151.0,2983000
DE,2019-08-26,136.90713500976562,150.80999755859375,151.89999389648438,148.27999877929688,150.33999633789062,1864100
DE,2019-08-27,136.2625274658203,150.10000610351562,152.67999267578125,149.64999389648438,151.58999633789062,1240700
DE,2019-08-28,138.6410369873047,152.72000122070312,153.47000122070312,148.97000122070312,149.49000549316406,1477800
DE,2019-08-29,142.05438232421875,156.47999572753906,157.77000427246094,155.0,155.25,1611800
DE,2019-08-30,140.629150390625,154.91000366210938,158.49000549316406,154.75999450683594,158.22000122070312,1629100
DE,2019-09-03,136.91624450683594,150.82000732421875,153.75999450683594,150.05999755859375,153.75999450683594,2030600
DE,2019-09-04,137.7332000732422,151.72000122070312,152.0,151.0500030517578,151.4199981689453,1562300
DE,2019-09-05,141.89097595214844,156.3000030517578,157.1999969482422,152.3300018310547,152.77999877929688,1672900
DE,2019-09-06,142.09071350097656,156.52000427246094,157.82000732421875,156.1199951171875,157.02999877929688,1083200
DE,2019-09-09,143.76109313964844,158.36000061035156,159.17999267578125,156.67999267578125,156.6999969482422,1725700
DE,2019-09-10,148.9174041748047,164.0399932861328,164.0399932861328,158.32000732421875,158.88999938964844,2702900
DE,2019-09-11,149.92514038085938,165.14999389648438,165.19000244140625,162.77999877929688,164.10000610351562,2213300
DE,2019-09-12,148.20936584472656,163.25999450683594,163.69000244140625,159.63999938964844,162.11000061035156,2732800
DE,2019-09-13,150.1702117919922,165.4199981689453,166.58999633789062,163.14999389648438,164.92999267578125,1789300
DE,2019-09-16,149.416748046875,164.58999633789062,165.47999572753906,162.89999389648438,164.13999938964844,1164700
DE,2019-09-17,148.87210083007812,163.99000549316406,164.25,162.3000030517578,162.99000549316406,1347800
DE,2019-09-18,150.13394165039062,165.3800048828125,165.6300048828125,162.82000732421875,163.47000122070312,1215900
DE,2019-09-19,149.2805938720703,164.44000244140625,166.0,163.6999969482422,165.14999389648438,986000
DE,2019-09-20,148.94473266601562,164.07000732421875,166.6999969482422,162.8800048828125,164.8300018310547,2942700
DE,2019-09-23,149.9795379638672,165.2100067138672,166.0800018310547,162.75999450683594,162.88999938964844,1412300
DE,2019-09-24,150.66043090820312,165.9600067138672,166.30999755859375,163.9499969482422,165.61000061035156,3124800
DE,2019-09-25,149.96144104003906,165.19000244140625,166.24000549316406,164.42999267578125,165.67999267578125,2814000
DE,2019-09-26,151.0689697265625,166.41000366210938,166.9199981689453,164.75,165.1699981689453,1808800
DE,2019-09-27,151.6253204345703,166.25999450683594,167.30999755859375,165.0,166.5,1591200
DE,2019-09-30,153.83224487304688,168.67999267578125,169.02999877929688,166.66000366210938,166.77999877929688,1828700
DE,2019-10-01,150.93218994140625,165.5,170.2100067138672,164.64999389648438,169.60000610351562,2299500
DE,2019-10-02,148.88021850585938,163.25,164.97999572753906,161.0800018310547,164.0,2646300
DE,2019-10-03,150.32118225097656,164.8300018310547,165.19000244140625,160.61000061035156,163.2100067138672,1367500
DE,2019-10-04,152.92938232421875,167.69000244140625,167.77999877929688,164.14999389648438,164.8000030517578,1217300
DE,2019-10-07,151.8897247314453,166.5500030517578,168.67999267578125,166.41000366210938,167.94000244140625,1221600
DE,2019-10-08,150.4488525390625,164.97000122070312,166.19000244140625,162.86000061035156,164.2899932861328,1848600
DE,2019-10-09,151.78028869628906,166.42999267578125,167.61000061035156,164.64999389648438,166.39999389648438,2089100
DE,2019-10-10,153.0297088623047,167.8000030517578,169.9499969482422,166.02999877929688,166.50999450683594,1996800
DE,2019-10-11,155.90243530273438,170.9499969482422,173.25999450683594,169.47999572753906,170.0,5006800
DE,2019-10-14,154.06024169921875,168.92999267578125,170.9499969482422,168.57000732421875,170.8000030517578,1769000
DE,2019-10-15,157.4436798095703,172.63999938964844,173.02999877929688,168.14999389648438,169.55999755859375,1898500
DE,2019-10-16,156.00277709960938,171.05999755859375,174.10000610351562,171.0,172.05999755859375,1824100
DE,2019-10-17,156.98770141601562,172.13999938964844,173.0,171.30999755859375,172.02999877929688,1203400
DE,2019-10-18,158.6110382080078,173.9199981689453,174.25,171.5,172.02999877929688,1616200
DE,2019-10-21,158.71131896972656,174.02999877929688,175.72000122070312,174.0,174.66000366210938,1375200
DE,2019-10-22,159.7327423095703,175.14999389648438,176.38999938964844,173.58999633789062,174.75,1486600
DE,2019-10-23,159.595947265625,175.0,175.82000732421875,173.5,173.67999267578125,1227100
DE,2019-10-24,156.9603271484375,172.11000061035156,175.0,170.91000366210938,175.0,2478700
DE,2019-10-25,157.8723602294922,173.11000061035156,174.10000610351562,172.13999938964844,172.1999969482422,2102400
DE,2019-10-28,158.09121704101562,173.35000610351562,175.38999938964844,172.99000549316406,174.44000244140625,1433100
DE,2019-10-29,158.78427124023438,174.11000061035156,174.63999938964844,171.75,172.3000030517578,1586500
DE,2019-10-30,158.51980590820312,173.82000732421875,174.6199951171875,172.61000061035156,174.6199951171875,1624700
DE,2019-10-31,158.81166076660156,174.13999938964844,174.3800048828125,170.35000610351562,173.44000244140625,2181800
DE,2019-11-01,160.60826110839844,176.11000061035156,176.25999450683594,174.7899932861328,175.89999389648438,3090800
DE,2019-11-04,163.3350067138672,179.10000610351562,179.32000732421875,177.75,177.75,1990200
DE,2019-11-05,163.1708984375,178.9199981689453,179.6999969482422,178.19000244140625,179.22000122070312,1314300
DE,2019-11-06,160.48060607910156,175.97000122070312,178.63999938964844,175.24000549316406,178.5800018310547,1929200
DE,2019-11-07,162.23155212402344,177.88999938964844,179.16000366210938,177.52999877929688,177.82000732421875,1652800
DE,2019-11-08,162.66018676757812,178.36000061035156,178.91000366210938,177.27000427246094,178.49000549316406,1713600
DE,2019-11-11,163.97344970703125,179.8000030517578,180.47999572753906,176.5800018310547,177.27999877929688,1410200
DE,2019-11-12,160.8636016845703,176.38999938964844,179.8000030517578,176.0500030517578,179.8000030517578,1436200
DE,2019-11-13,160.2069549560547,175.6699981689453,175.7899932861328,172.6999969482422,175.02999877929688,1835500
DE,2019-11-14,159.03048706054688,174.3800048828125,176.7100067138672,173.0,173.22000122070312,1307500
DE,2019-11-15,159.1217498779297,174.47999572753906,175.8300018310547,174.05999755859375,175.52999877929688,1611100
DE,2019-11-18,159.51385498046875,174.91000366210938,174.9199981689453,172.3800048828125,174.0,1418100
DE,2019-11-19,158.36477661132812,173.64999389648438,176.3300018310547,173.38999938964844,176.3300018310547,1192800
DE,2019-11-20,156.9238739013672,172.07000732421875,173.41000366210938,169.74000549316406,172.91000366210938,2013300
DE,2019-11-21,160.53529357910156,176.02999877929688,176.3000030517578,172.22999572753906,172.72999572753906,1627600
DE,2019-11-22,159.94248962402344,175.3800048828125,176.97999572753906,174.61000061035156,176.1699981689453,1292800
DE,2019-11-25,161.06422424316406,176.61000061035156,176.92999267578125,175.1999969482422,176.0800018310547,1556800
DE,2019-11-26,161.10072326660156,176.64999389648438,178.33999633789062,176.60000610351562,176.9600067138672,2786900
DE,2019-11-27,154.1788330078125,169.05999755859375,172.3699951171875,167.0500030517578,168.5,7626000
DE,2019-11-29,153.25770568847656,168.0500030517578,169.32000732421875,167.6999969482422,168.3000030517578,1394400
DE,2019-12-02,150.74063110351562,165.2899932861328,167.24000549316406,164.77000427246094,165.3000030517578,2694400
DE,2019-12-03,149.1082000732422,163.5,164.3000030517578,162.0399932861328,163.3300018310547,1966500
DE,2019-12-04,150.722412109375,165.27000427246094,166.86000061035156,163.6999969482422,164.07000732421875,1756400
DE,2019-12-05,150.09312438964844,164.5800018310547,165.8800048828125,163.85000610351562,165.5500030517578,1234000
DE,2019-12-06,150.6676483154297,165.2100067138672,167.47999572753906,164.4499969482422,167.07000732421875,1523400
DE,2019-12-09,153.12095642089844,167.89999389648438,168.16000366210938,165.11000061035156,165.39999389648438,1730800
DE,2019-12-10,154.94485473632812,169.89999389648438,170.0,166.6699981689453,167.5399932861328,1643100
DE,2019-12-11,154.76248168945312,169.6999969482422,170.67999267578125,168.36000061035156,170.6199951171875,1245800
DE,2019-12-12,158.51980590820312,173.82000732421875,174.16000366210938,168.6199951171875,169.5,2168500
DE,2019-12-13,157.31602478027344,172.5,176.39999389648438,171.13999938964844,173.74000549316406,1775600
DE,2019-12-16,157.63522338867188,172.85000610351562,174.99000549316406,172.6699981689453,174.22999572753906,1408700
DE,2019-12-17,158.53805541992188,173.83999633789062,174.25999450683594,171.64999389648438,172.4600067138672,1247000
DE,2019-12-18,157.41632080078125,172.61000061035156,173.58999633789062,171.22000122070312,172.72000122070312,2209000
DE,2019-12-19,157.55308532714844,172.75999450683594,173.6300048828125,171.9199981689453,173.3000030517578,1249000
DE,2019-12-20,159.2767791748047,174.64999389648438,176.5800018310547,173.32000732421875,175.3800048828125,2593600
DE,2019-12-23,159.6415557861328,175.0500030517578,175.64999389648438,173.4499969482422,175.64999389648438,1005700
DE,2019-12-24,159.13998413085938,174.5,175.5,174.02000427246094,174.9499969482422,332300
DE,2019-12-26,159.41354370117188,174.8000030517578,175.1300048828125,173.57000732421875,174.8000030517578,518100
DE,2019-12-27,160.33460998535156,175.80999755859375,175.86000061035156,174.3000030517578,175.00999450683594,719500
DE,2019-12-30,159.51950073242188,174.16000366210938,175.1199951171875,173.50999450683594,174.88999938964844,953000
DE,2019-12-31,158.69509887695312,173.25999450683594,174.6699981689453,172.5,174.1199951171875,748200
DE,2020-01-02,161.99246215820312,176.86000061035156,176.8800048828125,173.72999572753906,174.24000549316406,1591100
DE,2020-01-03,160.7926025390625,175.5500030517578,175.75999450683594,173.5500030517578,174.2100067138672,1301100
DE,2020-01-06,161.9467010498047,176.80999755859375,176.8800048828125,173.74000549316406,174.47999572753906,1234200
DE,2020-01-07,159.134765625,173.74000549316406,176.44000244140625,173.49000549316406,176.00999450683594,1234200
DE,2020-01-08,161.1132049560547,175.89999389648438,176.77999877929688,173.99000549316406,174.5,1713900
DE,2020-01-09,162.67027282714844,177.60000610351562,178.38999938964844,176.11000061035156,176.52999877929688,1459100
DE,2020-01-10,158.85084533691406,173.42999267578125,178.39999389648438,173.41000366210938,178.10000610351562,2560900
DE,2020-01-13,160.05075073242188,174.74000549316406,175.0399932861328,173.57000732421875,174.0800018310547,1300900
DE,2020-01-14,159.07066345214844,173.6699981689453,175.0500030517578,173.42999267578125,174.8800048828125,1039800
DE,2020-01-15,158.38368225097656,172.9199981689453,175.14999389648438,172.14999389648438,173.1199951171875,1139200
DE,2020-01-16,160.7193145751953,175.47000122070312,175.55999755859375,173.0500030517578,174.0,1410400
DE,2020-01-17,161.38795471191406,176.1999969482422,177.00999450683594,175.52999877929688,175.7100067138672,1653400
DE,2020-01-21,158.053955078125,172.55999755859375,175.42999267578125,172.38999938964844,175.10000610351562,1655100
DE,2020-01-22,156.77163696289062,171.16000366210938,173.66000366210938,170.6199951171875,173.07000732421875,1285700
DE,2020-01-23,157.59600830078125,172.05999755859375,172.17999267578125,168.66000366210938,170.27999877929688,1245100
DE,2020-01-24,155.81906127929688,170.1199951171875,172.0500030517578,169.0399932861328,172.0500030517578,1103300
DE,2020-01-27,149.5540771484375,163.27999877929688,167.99000549316406,162.92999267578125,166.17999267578125,1586800
DE,2020-01-28,149.27931213378906,162.97999572753906,165.6699981689453,162.39999389648438,164.8000030517578,1750700
DE,2020-01-29,146.6963653564453,160.16000366210938,163.91000366210938,160.0,163.91000366210938,1959200
DE,2020-01-30,147.5664825439453,161.11000061035156,161.83999633789062,158.5399932861328,159.0,2496400
DE,2020-01-31,145.2492218017578,158.5800018310547,161.22000122070312,157.3300018310547,159.72000122070312,1693300
DE,2020-02-03,144.98353576660156,158.2899932861328,161.42999267578125,157.27999877929688,159.44000244140625,1813400
DE,2020-02-04,150.6073760986328,164.42999267578125,165.1199951171875,160.64999389648438,161.3300018310547,1412200
DE,2020-02-05,154.19786071777344,168.35000610351562,168.77000427246094,166.50999450683594,167.42999267578125,1476900
DE,2020-02-06,154.6649932861328,168.86000061035156,169.14999389648438,166.0500030517578,168.75,1805100
DE,2020-02-07,153.37350463867188,167.4499969482422,168.89999389648438,166.66000366210938,167.4199981689453,1711100
DE,2020-02-10,154.0971221923828,168.24000549316406,168.2899932861328,166.1300048828125,166.4600067138672,807700
DE,2020-02-11,155.9473114013672,170.25999450683594,171.05999755859375,168.60000610351562,169.10000610351562,1315700
DE,2020-02-12,157.38531494140625,171.8300018310547,173.1999969482422,170.2100067138672,172.0,1008200
DE,2020-02-13,156.40530395507812,170.75999450683594,171.91000366210938,169.86000061035156,170.86000061035156,831100
DE,2020-02-14,153.94142150878906,168.07000732421875,172.30999755859375,167.17999267578125,170.8300018310547,1152400
DE,2020-02-18,152.32022094726562,166.3000030517578,167.44000244140625,164.2100067138672,167.39999389648438,1177400
DE,2020-02-19,151.06533813476562,164.92999267578125,167.24000549316406,164.85000610351562,166.5,1244600
DE,2020-02-20,151.88970947265625,165.8300018310547,166.75,164.5,164.75999450683594,2048500
DE,2020-02-21,162.5145721435547,177.42999267578125,181.99000549316406,176.0,177.91000366210938,5917100
DE,2020-02-24,157.41282653808594,171.86000061035156,176.36000061035156,171.5,172.50999450683594,2292900
DE,2020-02-25,152.6407928466797,166.64999389648438,172.9499969482422,165.8000030517578,172.17999267578125,2358500
DE,2020-02-26,152.8880615234375,166.9199981689453,169.3800048828125,165.61000061035156,168.27999877929688,2545200
DE,2020-02-27,146.54061889648438,159.99000549316406,166.5500030517578,159.9600067138672,164.39999389648438,2957500
DE,2020-02-28,143.32565307617188,156.47999572753906,158.9199981689453,152.66000366210938,155.2899932861328,3048300
DE,2020-03-02,150.1402587890625,163.9199981689453,164.0,156.5500030517578,157.9199981689453,2532100
DE,2020-03-03,144.5164337158203,157.77999877929688,167.8699951171875,157.0,164.33999633789062,2443100
DE,2020-03-04,149.3617401123047,163.07000732421875,163.2899932861328,160.52000427246094,161.24000549316406,2513800
DE,2020-03-05,145.69798278808594,159.07000732421875,162.19000244140625,157.9199981689453,158.8300018310547,1878400
DE,2020-03-06,150.2501678466797,164.0399932861328,164.94000244140625,153.6699981689453,154.1999969482422,2973400
DE,2020-03-09,137.3904266357422,150.0,158.25,147.1300048828125,152.00999450683594,2886400
DE,2020-03-10,141.96096801757812,154.99000549316406,156.3300018310547,148.00999450683594,155.6199951171875,2797700
DE,2020-03-11,133.61679077148438,145.8800048828125,151.16000366210938,143.85000610351562,150.85000610351562,2397300
DE,2020-03-12,119.42892456054688,130.38999938964844,136.5399932861328,128.08999633789062,135.0,3288700
DE,2020-03-13,127.27851104736328,138.9600067138672,139.2899932861328,130.52999877929688,137.92999267578125,2525500
DE,2020-03-16,109.95816802978516,120.05000305175781,132.8699951171875,119.83999633789062,123.9000015258789,2617700
DE,2020-03-17,116.05828857421875,126.70999908447266,129.4600067138672,119.06999969482422,122.80000305175781,2909600
DE,2020-03-18,104.60908508300781,114.20999908447266,120.55000305175781,106.13999938964844,117.81999969482422,2635000
DE,2020-03-19,109.60093688964844,119.66000366210938,120.73999786376953,106.25,112.9000015258789,2455700
DE,2020-03-20,102.2459487915039,111.62999725341797,120.61000061035156,110.33999633789062,119.66000366210938,4155200
DE,2020-03-23,101.8062973022461,111.1500015258789,115.56999969482422,106.5199966430664,110.2699966430664,3130900
DE,2020-03-24,115.4079818725586,126.0,126.66000366210938,112.69999694824219,117.37000274658203,3488000
DE,2020-03-25,117.68866729736328,128.49000549316406,136.72999572753906,121.83999633789062,125.87999725341797,3962200
DE,2020-03-26,127.39756774902344,139.08999633789062,140.14999389648438,127.13999938964844,129.35000610351562,2227500
DE,2020-03-27,123.75215148925781,135.11000061035156,139.1699981689453,132.16000366210938,135.0,2302600
DE,2020-03-30,130.0894317626953,141.22999572753906,141.6999969482422,134.55999755859375,136.72000122070312,2251100
DE,2020-03-31,127.2615966796875,138.16000366210938,145.0,137.25,141.99000549316406,2240100
DE,2020-04-01,123.12576293945312,133.6699981689453,134.72999572753906,129.67999267578125,132.17999267578125,2040600
DE,2020-04-02,128.38540649414062,139.3800048828125,139.91000366210938,132.86000061035156,133.30999755859375,2863800
DE,2020-04-03,124.829833984375,135.52000427246094,139.35000610351562,132.1300048828125,138.47999572753906,2053100
DE,2020-04-06,132.17117309570312,143.49000549316406,144.8699951171875,139.72000122070312,141.5800018310547,2079300
DE,2020-04-07,131.55404663085938,142.82000732421875,151.64999389648438,142.5399932861328,148.0,2067500
DE,2020-04-08,135.19244384765625,146.77000427246094,147.82000732421875,142.61000061035156,145.0800018310547,1210100
DE,2020-04-09,134.25289916992188,145.75,150.2100067138672,144.1300048828125,147.27999877929688,1596100
DE,2020-04-13,128.77224731445312,139.8000030517578,142.75,136.8699951171875,141.77999877929688,1655900
DE,2020-04-14,127.23397064208984,138.1300048828125,142.22999572753906,135.16000366210938,140.30999755859375,2479800
DE,2020-04-15,124.63644409179688,135.30999755859375,135.3300018310547,127.55000305175781,133.1199951171875,2938200
DE,2020-04-16,119.69923400878906,129.9499969482422,135.49000549316406,128.50999450683594,134.25,3642700
DE,2020-04-17,127.5379638671875,138.4600067138672,138.5500030517578,133.00999450683594,133.5399932861328,2468300
DE,2020-04-20,126.46945190429688,137.3000030517578,140.25999450683594,133.75999450683594,135.83999633789062,1974900
DE,2020-04-21,123.48503112792969,134.05999755859375,135.19000244140625,132.5,133.99000549316406,1958500
DE,2020-04-22,125.46544647216797,136.2100067138672,137.8800048828125,134.1199951171875,137.3699951171875,1280400
DE,2020-04-23,126.29444885253906,137.11000061035156,140.08999633789062,136.9199981689453,137.67999267578125,1377000
DE,2020-04-24,127.69450378417969,138.6300048828125,139.4199981689453,135.42999267578125,138.94000244140625,1498500
DE,2020-04-27,128.6801300048828,139.6999969482422,140.77999877929688,138.11000061035156,138.6300048828125,1528900
DE,2020-04-28,130.39341735839844,141.55999755859375,144.6199951171875,140.86000061035156,143.05999755859375,1752100
DE,2020-04-29,135.4963836669922,147.10000610351562,148.42999267578125,143.5399932861328,145.0,1563200
DE,2020-04-30,133.61734008789062,145.05999755859375,145.8000030517578,142.72999572753906,144.55999755859375,2054600
DE,2020-05-01,127.28924560546875,138.19000244140625,143.0500030517578,137.13999938964844,142.89999389648438,1603100
DE,2020-05-04,122.45335388183594,132.94000244140625,136.5,130.1999969482422,136.36000061035156,2277200
DE,2020-05-05,124.4890365600586,135.14999389648438,138.4499969482422,134.72000122070312,135.1199951171875,1125500
DE,2020-05-06,121.70729064941406,132.1300048828125,136.02999877929688,131.38999938964844,135.61000061035156,1150800
DE,2020-05-07,125.27201843261719,136.0,136.97000122070312,134.05999755859375,134.66000366210938,1059000
DE,2020-05-08,126.19307708740234,137.0,138.9499969482422,136.72000122070312,138.0,1727400
DE,2020-05-11,124.24954986572266,134.88999938964844,136.77000427246094,132.55999755859375,135.16000366210938,1356000
DE,2020-05-12,119.79135131835938,130.0500030517578,136.82000732421875,129.94000244140625,135.8000030517578,1392500
DE,2020-05-13,115.89501190185547,125.81999969482422,131.1300048828125,124.5,130.9499969482422,2027400
DE,2020-05-14,116.79772186279297,126.80000305175781,126.95999908447266,117.8499984741211,123.0,2720600
DE,2020-05-15,116.07003021240234,126.01000213623047,127.69999694824219,124.69000244140625,125.98999786376953,1649600
DE,2020-05-18,127.02212524414062,137.89999389648438,138.8699951171875,130.50999450683594,131.97999572753906,2450900
DE,2020-05-19,125.4101791381836,136.14999389648438,139.44000244140625,135.44000244140625,139.08999633789062,1859400
DE,2020-05-20,131.08424377441406,142.30999755859375,143.0800018310547,138.11000061035156,138.47999572753906,2399400
DE,2020-05-21,131.54478454589844,142.80999755859375,144.5,141.07000732421875,141.07000732421875,2100200
DE,2020-05-22,129.61041259765625,140.7100067138672,148.41000366210938,138.75999450683594,148.0,3427600
DE,2020-05-26,136.35304260253906,148.02999877929688,151.0,144.4600067138672,144.4600067138672,2500300
DE,2020-05-27,141.26258850097656,153.36000061035156,154.27000427246094,150.52999877929688,152.0,1936400
DE,2020-05-28,141.078369140625,153.16000366210938,156.33999633789062,152.1300048828125,156.19000244140625,1914700
DE,2020-05-29,140.1204071044922,152.1199951171875,152.92999267578125,147.8699951171875,151.27000427246094,2249000
DE,2020-06-01,137.37547302246094,149.13999938964844,150.9499969482422,147.39999389648438,149.33999633789062,1464600
DE,2020-06-02,140.88494873046875,152.9499969482422,154.10000610351562,150.1199951171875,150.63999938964844,1335400
DE,2020-06-03,145.8590087890625,158.35000610351562,158.83999633789062,155.05999755859375,155.1300048828125,1678800
DE,2020-06-04,148.42886352539062,161.13999938964844,161.3699951171875,156.0800018310547,156.7899932861328,1469900
DE,2020-06-05,153.56875610351562,166.72000122070312,170.11000061035156,165.64999389648438,167.89999389648438,2061200
DE,2020-06-08,155.49388122558594,168.80999755859375,170.41000366210938,166.80999755859375,167.0,1373000
DE,2020-06-09,151.8094024658203,164.80999755859375,165.8699951171875,163.1300048828125,163.5399932861328,1977400
DE,2020-06-10,148.29994201660156,161.0,165.08999633789062,160.9600067138672,164.4199981689453,1311700
DE,2020-06-11,139.17166137695312,151.08999633789062,156.8800048828125,150.69000244140625,155.22999572753906,1576200
DE,2020-06-12,142.74562072753906,154.97000122070312,157.27000427246094,150.52000427246094,156.4499969482422,1598000
DE,2020-06-15,143.2061309814453,155.47000122070312,155.61000061035156,148.1199951171875,148.3800048828125,1321200
DE,2020-06-16,145.81292724609375,158.3000030517578,163.82000732421875,155.55999755859375,161.7100067138672,2105600
DE,2020-06-17,143.24298095703125,155.50999450683594,158.92999267578125,154.86000061035156,158.92999267578125,1131600
DE,2020-06-18,142.6534881591797,154.8699951171875,156.8800048828125,153.61000061035156,154.5399932861328,883800
DE,2020-06-19,142.6534881591797,154.8699951171875,158.86000061035156,153.5399932861328,158.75,2046200
DE,2020-06-22,142.36795043945312,154.55999755859375,154.72999572753906,151.75,153.0,1188500
DE,2020-06-23,141.8152618408203,153.9600067138672,156.6199951171875,153.69000244140625,156.5399932861328,940400
DE,2020-06-24,138.6189727783203,150.49000549316406,152.6699981689453,149.1199951171875,151.88999938964844,1985600
DE,2020-06-25,142.26658630371094,154.4499969482422,154.85000610351562,148.2899932861328,149.22000122070312,1671100
DE,2020-06-26,137.2833709716797,149.0399932861328,153.8699951171875,148.19000244140625,153.17999267578125,2302800
DE,2020-06-29,142.31063842773438,153.7100067138672,153.9600067138672,150.32000732421875,150.85000610351562,1094100
DE,2020-06-30,145.4955596923828,157.14999389648438,158.25,152.1199951171875,152.83999633789062,1836600
DE,2020-07-01,145.21780395507812,156.85000610351562,160.17999267578125,155.33999633789062,159.64999389648438,1111100
DE,2020-07-02,146.18992614746094,157.89999389648438,161.9199981689453,157.52000427246094,158.8699951171875,1044900
DE,2020-07-06,148.33790588378906,160.22000122070312,161.58999633789062,158.41000366210938,161.1199951171875,947500
DE,2020-07-07,146.93060302734375,158.6999969482422,160.5800018310547,157.64999389648438,158.3800048828125,1118600
DE,2020-07-08,146.6343536376953,158.3800048828125,159.80999755859375,156.85000610351562,159.27000427246094,1042600
DE,2020-07-09,145.9584503173828,157.64999389648438,159.7100067138672,156.10000610351562,157.82000732421875,1283400
DE,2020-07-10,147.29168701171875,159.08999633789062,159.44000244140625,157.0399932861328,158.27000427246094,982700
DE,2020-07-13,151.68019104003906,163.8300018310547,167.32000732421875,161.66000366210938,162.66000366210938,1829700
DE,2020-07-14,156.98521423339844,169.55999755859375,169.82000732421875,162.3000030517578,163.49000549316406,1651500
DE,2020-07-15,159.60533142089844,172.38999938964844,174.0,169.8300018310547,170.69000244140625,1992300
DE,2020-07-16,160.5589599609375,173.4199981689453,175.27999877929688,170.89999389648438,171.9600067138672,1142400
DE,2020-07-17,163.4197998046875,176.50999450683594,176.92999267578125,173.36000061035156,175.0,1140400
DE,2020-07-20,160.9199981689453,173.80999755859375,176.1300048828125,172.6999969482422,175.8699951171875,1314500
DE,2020-07-21,162.6235809326172,175.64999389648438,176.80999755859375,173.3699951171875,174.9499969482422,1079300
DE,2020-07-22,162.47544860839844,175.49000549316406,176.02999877929688,174.11000061035156,174.19000244140625,1246300
DE,2020-07-23,163.6234893798828,176.72999572753906,178.39999389648438,175.41000366210938,175.6999969482422,943800
DE,2020-07-24,162.34585571289062,175.35000610351562,177.77000427246094,174.80999755859375,177.11000061035156,910800
DE,2020-07-27,162.94760131835938,176.0,176.69000244140625,172.91000366210938,174.69000244140625,887100
DE,2020-07-28,162.75315856933594,175.7899932861328,177.13999938964844,174.64999389648438,174.89999389648438,850000
DE,2020-07-29,166.88243103027344,180.25,180.75999450683594,176.00999450683594,176.7100067138672,1886900
DE,2020-07-30,164.83631896972656,178.0399932861328,179.25,176.27999877929688,178.2100067138672,1235700
DE,2020-07-31,163.23463439941406,176.30999755859375,176.9199981689453,173.36000061035156,176.80999755859375,1409600
DE,2020-08-03,164.44749450683594,177.6199951171875,178.8699951171875,175.8300018310547,177.3800048828125,840600
DE,2020-08-04,164.90113830566406,178.11000061035156,178.8800048828125,176.6300048828125,176.9199981689453,672800
DE,2020-08-05,169.2618408203125,182.82000732421875,183.58999633789062,179.9499969482422,180.0,1366100
DE,2020-08-06,167.81752014160156,181.25999450683594,183.24000549316406,180.25,182.0,968100
DE,2020-08-07,169.8914337158203,183.5,183.7100067138672,179.86000061035156,181.41000366210938,1254600
DE,2020-08-10,175.8260498046875,189.91000366210938,191.35000610351562,184.39999389648438,185.0,2631100
DE,2020-08-11,178.8905487060547,193.22000122070312,195.85000610351562,192.2100067138672,192.3000030517578,1909900
DE,2020-08-12,178.0480499267578,192.30999755859375,192.82000732421875,189.58999633789062,191.2899932861328,1629000
DE,2020-08-13,175.44647216796875,189.5,191.1699981689453,188.4499969482422,188.5500030517578,1324700
DE,2020-08-14,176.95553588867188,191.1300048828125,193.2100067138672,188.42999267578125,189.22000122070312,900600
DE,2020-08-17,178.67767333984375,192.99000549316406,194.24000549316406,191.1999969482422,193.25,1025900
DE,2020-08-18,177.88140869140625,192.1300048828125,194.82000732421875,191.89999389648438,193.80999755859375,1120900
DE,2020-08-19,177.75181579589844,191.99000549316406,194.60000610351562,191.94000244140625,193.0,1512700
DE,2020-08-20,176.9278106689453,191.10000610351562,192.0500030517578,189.3800048828125,190.2100067138672,1558700
DE,2020-08-21,184.704833984375,199.5,202.9499969482422,196.0,196.75999450683594,6446300
DE,2020-08-24,190.1672821044922,205.39999389648438,206.47999572753906,202.66000366210938,204.3699951171875,3177900
DE,2020-08-25,190.3524627685547,205.60000610351562,209.39999389648438,205.35000610351562,206.0,2706800
DE,2020-08-26,195.3612060546875,211.00999450683594,212.2899932861328,204.75999450683594,206.58999633789062,2039900
DE,2020-08-27,194.26876831054688,209.8300018310547,212.4499969482422,208.82000732421875,211.16000366210938,1875400
DE,2020-08-28,194.33358764648438,209.89999389648438,210.8000030517578,208.75,210.3300018310547,1261400
DE,2020-08-31,194.48171997070312,210.05999755859375,211.42999267578125,207.77000427246094,210.0,1944500
DE,2020-09-01,201.54583740234375,217.69000244140625,217.72000122070312,208.27000427246094,208.52000427246094,1873400
DE,2020-09-02,201.00881958007812,217.11000061035156,219.7100067138672,215.6699981689453,218.24000549316406,1983000
DE,2020-09-03,195.17604064941406,210.80999755859375,218.72999572753906,209.07000732421875,217.27000427246094,1975200
DE,2020-09-04,195.66677856445312,211.33999633789062,214.0,208.17999267578125,213.19000244140625,1662300
DE,2020-09-08,194.64834594726562,210.24000549316406,213.24000549316406,207.97000122070312,209.86000061035156,1918500
DE,2020-09-09,199.53675842285156,215.52000427246094,217.3000030517578,210.86000061035156,210.86000061035156,1569200
DE,2020-09-10,199.1571502685547,215.11000061035156,218.22999572753906,213.61000061035156,215.9199981689453,1840300
DE,2020-09-11,199.94415283203125,215.9600067138672,218.50999450683594,213.0,214.1300048828125,1902400
DE,2020-09-14,202.13839721679688,218.3300018310547,219.1199951171875,216.6999969482422,217.89999389648438,1249300
DE,2020-09-15,199.76824951171875,215.77000427246094,220.9600067138672,215.19000244140625,219.80999755859375,1740200
DE,2020-09-16,199.4257049560547,215.39999389648438,218.9199981689453,214.86000061035156,217.16000366210938,1572700
DE,2020-09-17,203.62896728515625,219.94000244140625,221.60000610351562,212.00999450683594,213.8000030517578,2094000
DE,2020-09-18,205.5084228515625,221.97000122070312,225.3800048828125,219.4499969482422,219.47000122070312,3063600
DE,2020-09-21,198.3239288330078,214.2100067138672,217.4499969482422,210.17999267578125,216.25,2134000
DE,2020-09-22,201.44400024414062,217.5800018310547,219.05999755859375,214.52999877929688,215.08999633789062,1622400
DE,2020-09-23,198.63868713378906,214.5500030517578,220.6699981689453,214.3800048828125,217.5800018310547,1683500
DE,2020-09-24,200.4626007080078,216.52000427246094,219.3800048828125,211.3800048828125,213.6999969482422,1025900
DE,2020-09-25,202.99012756347656,219.25,220.92999267578125,214.8300018310547,214.9499969482422,1225400
DE,2020-09-28,205.44361877441406,221.89999389648438,224.36000061035156,221.5,222.05999755859375,1191500
DE,2020-09-29,204.55177307128906,220.17999267578125,222.38999938964844,218.07000732421875,221.64999389648438,892800
DE,2020-09-30,205.8988494873047,221.6300048828125,226.05999755859375,220.24000549316406,221.3800048828125,1883900
DE,2020-10-01,203.49264526367188,219.0399932861328,223.77999877929688,218.57000732421875,223.5,1383800
DE,2020-10-02,208.8345489501953,224.7899932861328,226.52000427246094,215.02000427246094,215.25,1403600
DE,2020-10-05,210.85052490234375,226.9600067138672,231.1199951171875,224.85000610351562,227.25999450683594,2071500
DE,2020-10-06,210.07017517089844,226.1199951171875,230.63999938964844,226.00999450683594,227.27000427246094,1385800
DE,2020-10-07,214.2042694091797,230.57000732421875,232.52999877929688,228.11000061035156,229.27000427246094,1029200
DE,2020-10-08,217.61378479003906,234.24000549316406,234.80999755859375,230.7100067138672,230.99000549316406,1148300
DE,2020-10-09,218.14332580566406,234.80999755859375,237.00999450683594,233.5800018310547,235.02000427246094,1091500
DE,2020-10-12,219.73196411132812,236.52000427246094,237.61000061035156,235.07000732421875,237.13999938964844,1234800
DE,2020-10-13,220.3822479248047,237.22000122070312,237.5800018310547,234.49000549316406,236.13999938964844,1311300
DE,2020-10-14,221.54351806640625,238.47000122070312,240.66000366210938,237.08999633789062,237.38999938964844,1062500
DE,2020-10-15,221.32986450195312,238.24000549316406,239.35000610351562,234.3699951171875,234.66000366210938,1225200
DE,2020-10-16,223.0206756591797,240.05999755859375,243.39999389648438,239.7100067138672,240.0,1652600
DE,2020-10-19,221.26483154296875,238.1699981689453,242.89999389648438,237.11000061035156,240.25,905500
DE,2020-10-20,221.91514587402344,238.8699951171875,242.0399932861328,237.75999450683594,239.8000030517578,968100
DE,2020-10-21,219.62045288085938,236.39999389648438,241.9199981689453,236.05999755859375,239.52000427246094,1506500
DE,2020-10-22,220.06642150878906,236.8800048828125,238.0,234.8800048828125,236.05999755859375,1246400
DE,2020-10-23,222.52830505371094,239.52999877929688,240.0,237.1199951171875,237.1199951171875,820500
DE,2020-10-26,217.6230926513672,234.25,237.49000549316406,231.75,237.10000610351562,1010500
DE,2020-10-27,212.2904815673828,228.50999450683594,234.58999633789062,228.0,234.1999969482422,1395700
DE,2020-10-28,207.5153350830078,223.3699951171875,227.5,222.50999450683594,225.0,1375200
DE,2020-10-29,211.83529663085938,228.02000427246094,229.80999755859375,221.72999572753906,222.07000732421875,1190700
DE,2020-10-30,209.87506103515625,225.91000366210938,228.58999633789062,222.61000061035156,227.6300048828125,1306200
DE,2020-11-02,215.25405883789062,231.6999969482422,232.24000549316406,227.5,228.49000549316406,1435900
DE,2020-11-03,222.9277801513672,239.9600067138672,241.6199951171875,234.4199981689453,235.61000061035156,1571800
DE,2020-11-04,216.74053955078125,233.3000030517578,240.0,233.1999969482422,237.39999389648438,1992600
DE,2020-11-05,228.5576629638672,246.02000427246094,247.08999633789062,237.3300018310547,237.82000732421875,2031800
DE,2020-11-06,230.06265258789062,247.63999938964844,250.3699951171875,246.11000061035156,246.5800018310547,1481600
DE,2020-11-09,231.20535278320312,248.8699951171875,265.8699951171875,248.35000610351562,260.5899963378906,2219500
DE,2020-11-10,235.943359375,253.97000122070312,256.8999938964844,249.49000549316406,249.49000549316406,1852800
DE,2020-11-11,231.65130615234375,249.35000610351562,254.27000427246094,245.9600067138672,253.9600067138672,1659000
DE,2020-11-12,230.40640258789062,248.00999450683594,252.1999969482422,246.8699951171875,250.85000610351562,1275700
DE,2020-11-13,233.91810607910156,251.7899932861328,252.58999633789062,249.0800018310547,250.82000732421875,976700
DE,2020-11-16,240.7092742919922,259.1000061035156,260.3399963378906,253.61000061035156,255.0,1927500
DE,2020-11-17,239.8823699951172,258.2099914550781,259.7200012207031,253.5,256.5,1411100
DE,2020-11-18,239.06483459472656,257.3299865722656,260.6000061035156,257.25,258.44000244140625,1618400
DE,2020-11-19,237.44839477539062,255.58999633789062,259.5299987792969,255.0,257.2900085449219,1700400
DE,2020-11-20,240.20753479003906,258.55999755859375,259.6600036621094,255.5,256.6400146484375,1614900
DE,2020-11-23,242.57659912109375,261.1099853515625,262.760009765625,260.1600036621094,260.70001220703125,2094900
DE,2020-11-24,242.94818115234375,261.510009765625,264.1700134277344,260.010009765625,263.6499938964844,2345300
DE,2020-11-25,238.22872924804688,256.42999267578125,265.8699951171875,254.50999450683594,263.010009765625,3037900
DE,2020-11-27,243.3569793701172,261.95001220703125,262.20001220703125,258.1499938964844,258.6199951171875,1072200
DE,2020-11-30,243.0503692626953,261.6199951171875,264.2300109863281,258.1099853515625,262.94000244140625,2342200
DE,2020-12-01,237.02105712890625,255.1300048828125,265.3500061035156,255.1199951171875,263.2200012207031,2086400
DE,2020-12-02,240.61631774902344,259.0,260.44000244140625,254.38999938964844,255.1300048828125,2773200
DE,2020-12-03,234.7449188232422,252.67999267578125,259.80999755859375,251.92999267578125,258.489990234375,2079900
DE,2020-12-04,235.404541015625,253.38999938964844,255.75,252.7899932861328,253.86000061035156,1655000
DE,2020-12-07,234.12245178222656,252.00999450683594,253.5,250.5399932861328,253.1300048828125,1598400
DE,2020-12-08,234.6706085205078,252.60000610351562,254.83999633789062,251.27000427246094,253.1199951171875,1303600
DE,2020-12-09,236.7423095703125,254.8300018310547,255.5,251.60000610351562,252.5,1373800
DE,2020-12-10,235.4602813720703,253.4499969482422,254.24000549316406,250.6199951171875,253.58999633789062,1158900
DE,2020-12-11,237.61558532714844,255.77000427246094,256.0,250.82000732421875,251.44000244140625,1403600
DE,2020-12-14,234.78204345703125,252.72000122070312,258.75,252.50999450683594,258.0,972900
DE,2020-12-15,243.39407348632812,261.989990234375,264.1099853515625,255.97999572753906,256.3299865722656,2051100
DE,2020-12-16,242.58590698242188,261.1199951171875,262.3800048828125,259.6400146484375,261.8399963378906,1210700
DE,2020-12-17,245.75384521484375,264.5299987792969,264.6400146484375,261.5400085449219,263.0299987792969,1525000
DE,2020-12-18,251.48585510253906,270.70001220703125,271.45001220703125,264.55999755859375,265.0,3274100
DE,2020-12-21,248.7452392578125,267.75,272.0,265.5799865722656,265.9200134277344,2147000
DE,2020-12-22,250.1480712890625,269.260009765625,270.5799865722656,265.2300109863281,267.5799865722656,1531700
DE,2020-12-23,248.92181396484375,267.94000244140625,271.3800048828125,267.8299865722656,270.67999267578125,938600
DE,2020-12-24,250.10166931152344,269.2099914550781,269.5799865722656,267.32000732421875,267.92999267578125,289900
DE,2020-12-28,248.5130157470703,267.5,273.55999755859375,267.3999938964844,273.42999267578125,691900
DE,2020-12-29,246.50633239746094,265.3399963378906,269.5400085449219,262.8500061035156,269.1700134277344,892800
DE,2020-12-30,247.96905517578125,266.1499938964844,268.3599853515625,265.5,266.0,792800
DE,2020-12-31,250.67095947265625,269.04998779296875,269.19000244140625,265.45001220703125,266.760009765625,805300
DE,2021-01-04,249.35739135742188,267.6400146484375,273.75,263.8500061035156,271.80999755859375,2800000
DE,2021-01-05,255.5436553955078,274.2799987792969,274.760009765625,267.45001220703125,267.6499938964844,1829200
DE,2021-01-06,270.5252685546875,290.3599853515625,292.8399963378906,274.6499938964844,275.0,2778300
DE,2021-01-07,279.2552490234375,299.7300109863281,300.55999755859375,293.489990234375,293.760009765625,2227300
DE,2021-01-08,273.8328552246094,293.9100036621094,300.4800109863281,290.3900146484375,297.54998779296875,1781000
DE,2021-01-11,274.7737121582031,294.9200134277344,295.17999267578125,289.0,289.4800109863281,1303700
DE,2021-01-12,281.4539794921875,302.0899963378906,303.55999755859375,293.8999938964844,296.1199951171875,1952300
DE,2021-01-13,280.6434020996094,301.2200012207031,304.0,300.6099853515625,301.6300048828125,1203800
DE,2021-01-14,282.162109375,302.8500061035156,306.3500061035156,301.95001220703125,302.8999938964844,1370800
DE,2021-01-15,275.2209777832031,295.3999938964844,301.1300048828125,293.010009765625,300.1600036621094,1766300
DE,2021-01-19,274.8389892578125,294.989990234375,299.7699890136719,294.3999938964844,298.25,1509600
DE,2021-01-20,280.382568359375,300.94000244140625,302.19000244140625,296.010009765625,296.8699951171875,1327500
DE,2021-01-21,284.6310119628906,305.5,306.1499938964844,300.0,302.0,1931000
DE,2021-01-22,284.3236083984375,305.1700134277344,306.9599914550781,301.30999755859375,302.8900146484375,1429900
DE,2021-01-25,277.8297424316406,298.20001220703125,305.5,296.3800048828125,303.1400146484375,1539600
DE,2021-01-26,275.789306640625,296.010009765625,302.1600036621094,295.3999938964844,300.94000244140625,1364200
DE,2021-01-27,261.5531005859375,280.7300109863281,290.6400146484375,278.95001220703125,289.7900085449219,1769900
DE,2021-01-28,272.9476318359375,292.9599914550781,297.2799987792969,282.739990234375,287.2799987792969,1504200
DE,2021-01-29,269.07177734375,288.79998779296875,292.95001220703125,285.5,292.1000061035156,1734300
DE,2021-02-01,272.2489318847656,292.2099914550781,294.0199890136719,289.6499938964844,292.1199951171875,1163400
DE,2021-02-02,281.8732604980469,302.5400085449219,304.2200012207031,295.7200012207031,296.2300109863281,1637100
DE,2021-02-03,280.5689392089844,301.1400146484375,302.3299865722656,299.4599914550781,302.260009765625,1185300
DE,2021-02-04,288.14349365234375,309.2699890136719,309.55999755859375,301.95001220703125,302.8500061035156,1459000
DE,2021-02-05,288.11553955078125,309.239990234375,313.0199890136719,307.010009765625,312.0199890136719,1228100
DE,2021-02-08,295.3827819824219,317.0400085449219,317.19000244140625,312.0,312.0,962300
DE,2021-02-09,293.78955078125,315.3299865722656,318.2699890136719,313.1700134277344,316.0199890136719,1066500
DE,2021-02-10,292.2149963378906,313.6400146484375,317.79998779296875,311.3699951171875,317.54998779296875,1070000
DE,2021-02-11,292.97900390625,314.4599914550781,315.82000732421875,309.04998779296875,314.69000244140625,995400
DE,2021-02-12,291.61871337890625,313.0,315.7900085449219,312.2799987792969,314.04998779296875,1721600
DE,2021-02-16,295.4293518066406,317.0899963378906,321.6700134277344,316.07000732421875,316.80999755859375,3099600
DE,2021-02-17,290.7615051269531,312.0799865722656,317.5,311.3900146484375,314.1600036621094,1999600
DE,2021-02-18,279.73968505859375,300.25,311.4599914550781,298.5400085449219,310.8399963378906,3110900
DE,2021-02-19,307.4574279785156,330.0,335.2099914550781,315.8699951171875,320.0,4870100
DE,2021-02-22,314.4544677734375,337.510009765625,338.54998779296875,328.5199890136719,329.5,2312500
DE,2021-02-23,314.3612365722656,337.4100036621094,338.7699890136719,328.0,331.5199890136719,2222700
DE,2021-02-24,322.0476989746094,345.6600036621094,346.5899963378906,338.2099914550781,339.42999267578125,1941300
DE,2021-02-25,324.2557373046875,348.0299987792969,353.0199890136719,342.30999755859375,345.7099914550781,2883000
DE,2021-02-26,325.2713317871094,349.1199951171875,354.4100036621094,344.05999755859375,346.20001220703125,2537800
DE,2021-03-01,334.9515075683594,359.510009765625,363.30999755859375,354.3399963378906,355.05999755859375,2098800
DE,2021-03-02,327.4328308105469,351.44000244140625,359.8699951171875,349.9700012207031,359.8699951171875,1882000
DE,2021-03-03,319.62530517578125,343.05999755859375,351.3699951171875,342.80999755859375,349.94000244140625,1929100
DE,2021-03-04,314.86444091796875,337.95001220703125,343.5199890136719,330.7799987792969,340.6700134277344,2499400
DE,2021-03-05,325.9328308105469,349.8299865722656,351.8399963378906,334.1400146484375,343.29998779296875,1979700
DE,2021-03-08,329.5384521484375,353.70001220703125,359.9100036621094,349.2200012207031,354.42999267578125,1764200
DE,2021-03-09,328.59747314453125,352.69000244140625,357.3900146484375,351.8699951171875,354.7200012207031,1456800
DE,2021-03-10,336.5447692871094,361.2200012207031,361.69000244140625,351.010009765625,351.2200012207031,1403200
DE,2021-03-11,339.5633850097656,364.4599914550781,366.82000732421875,360.7799987792969,365.0,1675700
DE,2021-03-12,344.24981689453125,369.489990234375,370.760009765625,363.3399963378906,363.54998779296875,1941500
DE,2021-03-15,348.79644775390625,374.3699951171875,374.7300109863281,366.05999755859375,369.0899963378906,2004400
DE,2021-03-16,348.00457763671875,373.5199890136719,376.57000732421875,371.0,376.57000732421875,2047000
DE,2021-03-17,353.3524475097656,379.260009765625,380.7900085449219,372.2300109863281,376.0799865722656,1753000
DE,2021-03-18,354.4239196777344,380.4100036621094,392.4200134277344,379.1300048828125,381.0,2753100
DE,2021-03-19,347.0356140136719,372.4800109863281,379.8399963378906,371.9100036621094,377.5,3042100
DE,2021-03-22,346.206298828125,371.5899963378906,373.7200012207031,368.6600036621094,373.7200012207031,1398500
DE,2021-03-23,333.06951904296875,357.489990234375,371.5299987792969,355.8999938964844,367.2699890136719,2911200
DE,2021-03-24,336.2559814453125,360.9100036621094,368.0,360.80999755859375,361.510009765625,1860600
DE,2021-03-25,341.74359130859375,366.79998779296875,367.7900085449219,353.4599914550781,357.2699890136719,1970600
DE,2021-03-26,346.8585510253906,372.2900085449219,372.8999938964844,367.7300109863281,371.0299987792969,1586100
DE,2021-03-29,342.8337097167969,367.9700012207031,372.489990234375,367.5,370.489990234375,1413400
DE,2021-03-30,349.2314147949219,373.9200134277344,375.30999755859375,366.45001220703125,367.0,1278200
DE,2021-03-31,349.4368896484375,374.1400146484375,379.5,368.32000732421875,374.9700012207031,2053300
DE,2021-04-01,347.5501708984375,372.1199951171875,376.0,369.2900085449219,375.6300048828125,1561900
DE,2021-04-05,350.0626220703125,374.80999755859375,377.94000244140625,373.9100036621094,375.6000061035156,1419500
DE,2021-04-06,350.8097839355469,375.6099853515625,381.8399963378906,375.0199890136719,375.7900085449219,1309700
DE,2021-04-07,350.0439453125,374.7900085449219,378.8800048828125,372.4100036621094,375.75,1299300
DE,2021-04-08,349.3714599609375,374.07000732421875,374.5299987792969,368.6300048828125,372.2900085449219,1250700
DE,2021-04-09,352.1080017089844,377.0,378.0799865722656,372.5199890136719,375.6400146484375,1224500
DE,2021-04-12,353.2848205566406,378.260009765625,379.1499938964844,375.79998779296875,377.8299865722656,1165100
DE,2021-04-13,353.6677551269531,378.6700134277344,384.3999938964844,376.6300048828125,383.5400085449219,985100
DE,2021-04-14,356.31097412109375,381.5,382.9800109863281,377.8500061035156,377.8500061035156,1077100
DE,2021-04-15,356.90869140625,382.1400146484375,385.95001220703125,378.67999267578125,384.2799987792969,1127000
DE,2021-04-16,357.77728271484375,383.07000732421875,386.05999755859375,380.82000732421875,386.05999755859375,1092000
DE,2021-04-19,355.5823669433594,380.7200012207031,383.67999267578125,378.5400085449219,382.82000732421875,1145100
DE,2021-04-20,345.8224182128906,370.2699890136719,380.739990234375,366.6300048828125,378.3500061035156,1807400
DE,2021-04-21,350.8003845214844,375.6000061035156,375.8299865722656,367.3500061035156,370.7099914550781,1819900
DE,2021-04-22,344.0384521484375,368.3599853515625,377.239990234375,365.6000061035156,375.8699951171875,1880200
DE,2021-04-23,351.42626953125,376.2699890136719,377.69000244140625,368.8900146484375,368.8900146484375,1301300
DE,2021-04-26,355.3302917480469,380.45001220703125,383.79998779296875,377.0199890136719,377.0199890136719,1235700
DE,2021-04-27,357.1141357421875,382.3599853515625,383.5,378.5299987792969,381.5,925700
DE,2021-04-28,354.72320556640625,379.79998779296875,384.510009765625,379.54998779296875,381.17999267578125,891000
DE,2021-04-29,351.5382995605469,376.3900146484375,382.8399963378906,372.07000732421875,382.8399963378906,1104500
DE,2021-04-30,346.3641052246094,370.8500061035156,373.5299987792969,368.6099853515625,372.54998779296875,1196700
DE,2021-05-03,349.0912170410156,373.7699890136719,377.75,371.8800048828125,376.5,924600
DE,2021-05-04,354.5177001953125,379.5799865722656,381.0,367.8800048828125,371.8500061035156,1692300
DE,2021-05-05,353.84521484375,378.8599853515625,383.3399963378906,375.8500061035156,382.6600036621094,1460800
DE,2021-05-06,364.1656799316406,389.9100036621094,391.0,378.6199951171875,379.8399963378906,2010900
DE,2021-05-07,368.1910095214844,394.2200012207031,396.8999938964844,384.3299865722656,387.80999755859375,1597200
DE,2021-05-10,365.5572204589844,391.3999938964844,400.3399963378906,391.2799987792969,398.0,1601300
DE,2021-05-11,357.89862060546875,383.20001220703125,389.17999267578125,377.510009765625,386.2200012207031,1588500
DE,2021-05-12,348.9605407714844,373.6300048828125,388.5299987792969,372.4200134277344,384.7799987792969,1631600
DE,2021-05-13,353.1446838378906,378.1099853515625,379.8399963378906,366.4700012207031,368.4700012207031,1483400
DE,2021-05-14,358.64581298828125,384.0,386.7099914550781,380.6300048828125,381.80999755859375,1143600
DE,2021-05-17,358.22552490234375,383.54998779296875,385.6499938964844,378.7799987792969,381.989990234375,1170200
DE,2021-05-18,345.2806091308594,369.69000244140625,386.32000732421875,369.69000244140625,385.2300109863281,1664800
DE,2021-05-19,334.7548828125,358.4200134277344,362.17999267578125,351.0199890136719,361.82000732421875,2800600
DE,2021-05-20,331.76605224609375,355.2200012207031,359.0,350.5299987792969,357.94000244140625,2947000
DE,2021-05-21,335.99700927734375,359.75,368.3900146484375,352.1700134277344,357.79998779296875,3614400
DE,2021-05-24,335.63262939453125,359.3599853515625,362.489990234375,356.30999755859375,361.5400085449219,1914700
DE,2021-05-25,336.8748474121094,360.69000244140625,367.79998779296875,360.3699951171875,361.7799987792969,1682300
DE,2021-05-26,334.11968994140625,357.739990234375,361.25,354.69000244140625,359.67999267578125,1949800
DE,2021-05-27,338.2945556640625,362.2099914550781,363.5,358.7099914550781,363.3800048828125,3337100
DE,2021-05-28,337.2579040527344,361.1000061035156,363.5400085449219,357.5799865722656,362.6000061035156,1348100
DE,2021-06-01,340.53607177734375,364.6099853515625,369.25,362.0,364.4100036621094,1483500
DE,2021-06-02,333.1576843261719,356.7099914550781,365.30999755859375,355.760009765625,364.510009765625,1882700
DE,2021-06-03,335.21240234375,358.9100036621094,363.42999267578125,354.55999755859375,355.2300109863281,1336800
DE,2021-06-04,333.0923156738281,356.6400146484375,361.44000244140625,355.30999755859375,360.2699890136719,1279300
DE,2021-06-07,331.962158203125,355.42999267578125,359.70001220703125,352.95001220703125,357.07000732421875,1537000
DE,2021-06-08,333.03631591796875,356.5799865722656,359.4700012207031,352.42999267578125,356.9200134277344,1521700
DE,2021-06-09,326.4517517089844,349.5299987792969,355.9100036621094,349.2099914550781,355.7699890136719,2000800
DE,2021-06-10,318.89599609375,341.44000244140625,354.3999938964844,340.7699890136719,351.8800048828125,2232000
DE,2021-06-11,319.0173645019531,341.57000732421875,346.5,338.6199951171875,345.3800048828125,2028400
DE,2021-06-14,313.385498046875,335.5400085449219,342.42999267578125,331.8299865722656,341.0400085449219,2775000
DE,2021-06-15,315.77642822265625,338.1000061035156,339.0299987792969,335.760009765625,336.8900146484375,1722400
DE,2021-06-16,314.33807373046875,336.55999755859375,340.0,335.1300048828125,338.1000061035156,2264600
DE,2021-06-17,306.6982421875,328.3800048828125,336.9100036621094,321.8999938964844,335.739990234375,3387800
DE,2021-06-18,307.2492980957031,328.9700012207031,331.8500061035156,323.45001220703125,324.1099853515625,2930600
DE,2021-06-21,315.5710144042969,337.8800048828125,338.760009765625,332.5400085449219,332.9700012207031,2010700
DE,2021-06-22,319.5123596191406,342.1000061035156,342.6499938964844,335.6600036621094,338.7900085449219,1677400
DE,2021-06-23,324.7892150878906,347.75,349.1700134277344,341.489990234375,342.67999267578125,3352700
DE,2021-06-24,327.4698181152344,350.6199951171875,354.739990234375,346.5299987792969,349.55999755859375,2140200
DE,2021-06-25,326.88140869140625,349.989990234375,355.8900146484375,347.1400146484375,354.0899963378906,6604800
DE,2021-06-28,326.7880554199219,349.8900146484375,350.95001220703125,345.1000061035156,350.3800048828125,1304200
DE,2021-06-29,326.7318420410156,348.92999267578125,352.70001220703125,348.0899963378906,350.79998779296875,1213400
DE,2021-06-30,330.2713317871094,352.7099914550781,353.3900146484375,348.1700134277344,348.1700134277344,1643600
DE,2021-07-01,331.7508544921875,354.2900085449219,356.19000244140625,351.9200134277344,355.6600036621094,1467900
DE,2021-07-02,330.07464599609375,352.5,355.9100036621094,351.2099914550781,354.57000732421875,1131800
DE,2021-07-06,327.2187194824219,349.45001220703125,353.0,344.260009765625,352.5,1924000
DE,2021-07-07,329.4941711425781,351.8800048828125,352.55999755859375,348.2200012207031,348.3800048828125,1309100
DE,2021-07-08,321.72216796875,343.5799865722656,347.3500061035156,339.5,345.0,1621000
DE,2021-07-09,327.246826171875,349.4800109863281,350.7200012207031,347.54998779296875,349.20001220703125,1325400
DE,2021-07-12,331.7414245605469,354.2799987792969,354.75,345.80999755859375,347.7300109863281,1608000
DE,2021-07-13,328.4547424316406,350.7699890136719,356.0,350.5799865722656,356.0,950100
DE,2021-07-14,323.5855712890625,345.57000732421875,353.45001220703125,344.5299987792969,353.3900146484375,1409400
DE,2021-07-15,324.08184814453125,346.1000061035156,347.7200012207031,342.30999755859375,342.8999938964844,1516200
DE,2021-07-16,320.7015075683594,342.489990234375,348.4599914550781,342.0,347.6199951171875,1153900
DE,2021-07-19,313.6412048339844,334.95001220703125,337.3399963378906,328.92999267578125,335.0,1848600
DE,2021-07-20,325.8890380859375,348.0299987792969,349.2900085449219,335.0,337.44000244140625,2053900
DE,2021-07-21,330.5429382324219,353.0,354.6000061035156,350.9100036621094,352.0,1478900
DE,2021-07-22,328.9791259765625,351.3299865722656,354.25,351.0899963378906,352.5899963378906,810600
DE,2021-07-23,332.134765625,354.70001220703125,355.6700134277344,351.54998779296875,352.29998779296875,796800
DE,2021-07-26,332.84637451171875,355.4599914550781,356.8900146484375,351.05999755859375,355.6400146484375,865500
DE,2021-07-27,331.0298156738281,353.5199890136719,357.6499938964844,350.5400085449219,352.3999938964844,986900
DE,2021-07-28,331.0672302246094,353.55999755859375,356.8800048828125,351.1099853515625,354.30999755859375,1250400
DE,2021-07-29,336.9103088378906,359.79998779296875,362.1099853515625,356.1400146484375,358.5299987792969,1392600
DE,2021-07-30,338.58642578125,361.5899963378906,361.80999755859375,357.1300048828125,359.7099914550781,1053900
DE,2021-08-02,333.3052062988281,355.95001220703125,367.4100036621094,355.25,363.8999938964844,1148300
DE,2021-08-03,342.584716796875,365.8599853515625,366.8500061035156,354.3599853515625,357.5799865722656,991500
DE,2021-08-04,337.72503662109375,360.6700134277344,366.6000061035156,360.54998779296875,364.3299865722656,825500
DE,2021-08-05,341.14276123046875,364.32000732421875,365.0,361.3299865722656,363.8500061035156,794400
DE,2021-08-06,343.5398864746094,366.8800048828125,368.69000244140625,365.57000732421875,367.0,665400
DE,2021-08-09,345.82464599609375,369.32000732421875,370.9200134277344,363.2699890136719,364.9100036621094,923300
DE,2021-08-10,352.66021728515625,376.6199951171875,377.4200134277344,369.5199890136719,371.0,1184000
DE,2021-08-11,361.5183410644531,386.0799865722656,386.30999755859375,375.4599914550781,377.3999938964844,1651500
DE,2021-08-12,361.0876770019531,385.6199951171875,388.5199890136719,383.67999267578125,386.07000732421875,1314000
DE,2021-08-13,359.57073974609375,384.0,387.239990234375,382.6400146484375,386.1499938964844,814300
DE,2021-08-16,358.66241455078125,383.0299987792969,383.3500061035156,378.6099853515625,381.0,910400
DE,2021-08-17,352.38861083984375,376.3299865722656,382.6099853515625,374.1099853515625,381.5,1206300
DE,2021-08-18,347.9689025878906,371.6099853515625,376.010009765625,371.4200134277344,374.25,1374500
DE,2021-08-19,336.1424560546875,358.9800109863281,368.55999755859375,354.8800048828125,368.55999755859375,2281000
DE,2021-08-20,329.07281494140625,351.42999267578125,367.1700134277344,344.760009765625,363.0,3498300
DE,2021-08-23,339.7194519042969,362.79998779296875,363.239990234375,352.25,354.1499938964844,1946800
DE,2021-08-24,344.5699157714844,367.9800109863281,373.0,364.989990234375,365.0,1638700
DE,2021-08-25,352.4261779785156,376.3699951171875,379.30999755859375,367.7699890136719,369.0,1657500
DE,2021-08-26,355.6473083496094,379.80999755859375,382.9700012207031,375.07000732421875,375.2900085449219,1490400
DE,2021-08-27,355.3476257324219,379.489990234375,382.8900146484375,378.1099853515625,380.0799865722656,1115600
DE,2021-08-30,356.7615661621094,381.0,383.6400146484375,376.75,381.0,1378500
DE,2021-08-31,353.98052978515625,378.0299987792969,381.5,373.79998779296875,381.0,1589800
DE,2021-09-01,352.7444763183594,376.7099914550781,379.6700134277344,369.19000244140625,378.20001220703125,1895400
DE,2021-09-02,360.4603576660156,384.95001220703125,384.989990234375,377.79998779296875,379.0899963378906,1333700
DE,2021-09-03,364.57098388671875,389.3399963378906,393.0,384.0,384.7300109863281,1902000
DE,2021-09-07,348.0907287597656,371.739990234375,387.19000244140625,370.260009765625,385.4599914550781,3627000
DE,2021-09-08,346.6767883300781,370.2300109863281,372.4100036621094,362.1000061035156,371.489990234375,2427100
DE,2021-09-09,341.6297302246094,364.8399963378906,371.239990234375,363.0299987792969,368.82000732421875,1725300
DE,2021-09-10,339.97235107421875,363.07000732421875,368.4599914550781,362.79998779296875,367.5299987792969,1235500
DE,2021-09-13,338.5208435058594,361.5199890136719,366.7099914550781,356.989990234375,366.0,1832900
DE,2021-09-14,333.3332824707031,355.9800109863281,362.5299987792969,355.0199890136719,362.5199890136719,1410800
DE,2021-09-15,336.8822326660156,359.7699890136719,360.8299865722656,354.0199890136719,355.0799865722656,1403500
DE,2021-09-16,332.7246398925781,355.3299865722656,361.30999755859375,353.19000244140625,360.5799865722656,1681800
DE,2021-09-17,326.88165283203125,349.0899963378906,354.3299865722656,347.9700012207031,351.510009765625,7677100
DE,2021-09-20,318.11712646484375,339.7300109863281,342.5,334.6700134277344,340.6400146484375,2410000
DE,2021-09-21,315.5140075683594,336.95001220703125,344.9200134277344,333.7300109863281,342.75,1503800
DE,2021-09-22,319.1565246582031,340.8399963378906,345.5299987792969,339.9100036621094,341.6499938964844,1336800
DE,2021-09-23,329.1383056640625,351.5,352.30999755859375,344.9599914550781,345.0,1497600
DE,2021-09-24,327.031494140625,349.25,353.3699951171875,348.5199890136719,349.8599853515625,1193200
DE,2021-09-27,329.9998779296875,352.4200134277344,355.79998779296875,348.7799987792969,348.7799987792969,1291500
DE,2021-09-28,331.4231262207031,353.94000244140625,356.55999755859375,350.4700012207031,350.7300109863281,2018700
DE,2021-09-29,329.5259094238281,350.8699951171875,355.6499938964844,350.79998779296875,354.80999755859375,1320600
DE,2021-09-30,314.68707275390625,335.07000732421875,352.45001220703125,334.94000244140625,352.45001220703125,2079500
DE,2021-10-01,321.38336181640625,342.20001220703125,344.6600036621094,333.6499938964844,338.1000061035156,1740800
DE,2021-10-04,317.85211181640625,338.44000244140625,342.55999755859375,336.82000732421875,340.739990234375,1464500
DE,2021-10-05,317.71124267578125,338.2900085449219,341.1400146484375,332.760009765625,336.79998779296875,1401400
DE,2021-10-06,317.814453125,338.3999938964844,338.6000061035156,329.6700134277344,333.5,1534700
DE,2021-10-07,323.15838623046875,344.0899963378906,347.760009765625,340.42999267578125,341.2300109863281,1139200
DE,2021-10-08,322.29443359375,343.1700134277344,345.3399963378906,341.42999267578125,344.05999755859375,1168200
DE,2021-10-11,312.3579406738281,332.5899963378906,344.0400085449219,332.4700012207031,343.0199890136719,1052100
DE,2021-10-12,310.4891052246094,330.6000061035156,334.4599914550781,329.8599853515625,333.32000732421875,1410000
DE,2021-10-13,308.9863586425781,329.0,332.8800048828125,327.0,332.04998779296875,1771800
DE,2021-10-14,309.70953369140625,329.7699890136719,332.8800048828125,320.5,321.5299987792969,2403800
DE,2021-10-15,312.51763916015625,332.760009765625,336.0,331.6700134277344,332.95001220703125,1435000
DE,2021-10-18,311.6535339355469,331.8399963378906,333.2900085449219,328.6400146484375,330.69000244140625,1154000
DE,2021-10-19,322.21929931640625,343.0899963378906,343.8399963378906,334.1000061035156,334.9100036621094,1433600
DE,2021-10-20,323.1208801269531,344.04998779296875,346.05999755859375,341.95001220703125,343.6499938964844,1001900
DE,2021-10-21,322.0690002441406,342.92999267578125,345.07000732421875,340.760009765625,343.92999267578125,876400
DE,2021-10-22,319.9840393066406,340.7099914550781,346.1199951171875,339.67999267578125,345.0400085449219,825700
DE,2021-10-25,331.2634582519531,352.7200012207031,353.75,339.1199951171875,340.2900085449219,1564800
DE,2021-10-26,320.397216796875,341.1499938964844,353.8500061035156,341.0,353.3599853515625,1386300
DE,2021-10-27,317.65478515625,338.2300109863281,346.0799865722656,338.0199890136719,342.739990234375,2003100
DE,2021-10-28,328.4271545410156,349.70001220703125,349.7900085449219,338.2300109863281,339.2799987792969,1897900
DE,2021-10-29,321.4866943359375,342.30999755859375,349.3599853515625,340.54998779296875,348.5,1562500
DE,2021-11-01,336.92657470703125,358.75,365.6300048828125,345.7799987792969,347.1199951171875,2391200
DE,2021-11-02,333.6864318847656,355.29998779296875,360.05999755859375,350.489990234375,360.05999755859375,1371300
DE,2021-11-03,322.181640625,343.04998779296875,347.0299987792969,335.45001220703125,346.1499938964844,2948400
DE,2021-11-04,329.50714111328125,350.8500061035156,350.8599853515625,344.32000732421875,344.8299865722656,1334000
DE,2021-11-05,333.59259033203125,355.20001220703125,358.67999267578125,351.010009765625,352.79998779296875,1422900
DE,2021-11-08,338.9082336425781,360.8599853515625,365.45001220703125,358.0,359.0,1540500
DE,2021-11-09,334.1654357910156,355.80999755859375,363.1700134277344,352.0,362.0,1394500
DE,2021-11-10,331.16009521484375,352.6099853515625,355.5899963378906,350.1400146484375,353.8999938964844,1067800
DE,2021-11-11,334.353271484375,356.010009765625,358.6000061035156,352.260009765625,353.07000732421875,782400
DE,2021-11-12,337.02996826171875,358.8599853515625,359.1499938964844,353.5299987792969,357.2200012207031,1011100
DE,2021-11-15,339.1806335449219,361.1499938964844,363.75,359.6400146484375,362.1099853515625,975400
DE,2021-11-16,339.98834228515625,362.010009765625,366.20001220703125,358.20001220703125,359.8800048828125,1162200
DE,2021-11-17,332.0147705078125,353.5199890136719,360.4100036621094,349.20001220703125,360.0,1647600
DE,2021-11-18,335.38629150390625,357.1099853515625,365.7200012207031,356.8999938964844,364.4800109863281,2228000
DE,2021-11-19,325.0930480957031,346.1499938964844,354.8500061035156,345.5299987792969,353.7300109863281,1742000
DE,2021-11-22,327.91998291015625,349.1600036621094,354.70001220703125,343.1099853515625,347.7699890136719,1707000
DE,2021-11-23,328.0326843261719,349.2799987792969,353.0799865722656,344.8999938964844,348.9800109863281,1680300
DE,2021-11-24,345.48236083984375,367.8599853515625,374.6400146484375,358.8299865722656,359.2699890136719,4482900
DE,2021-11-26,337.44317626953125,359.29998779296875,361.29998779296875,348.7900085449219,355.0,2308700
DE,2021-11-29,326.9151306152344,348.0899963378906,367.0,346.3599853515625,366.0,2902000
DE,2021-11-30,324.5202331542969,345.5400085449219,352.2300109863281,341.8500061035156,346.20001220703125,3681500
DE,2021-12-01,320.77288818359375,341.54998779296875,353.7300109863281,341.3999938964844,353.6199951171875,1755200
DE,2021-12-02,329.29119873046875,350.6199951171875,354.1199951171875,343.4599914550781,344.8800048828125,1969800
DE,2021-12-03,327.9951171875,349.239990234375,353.0400085449219,345.0,352.6199951171875,1379600
DE,2021-12-06,332.944580078125,354.510009765625,357.8999938964844,350.510009765625,352.75,1543500
DE,2021-12-07,339.3590393066406,361.3399963378906,366.9700012207031,359.1499938964844,359.69000244140625,1478900
DE,2021-12-08,339.09613037109375,361.05999755859375,364.0,357.760009765625,362.2799987792969,1182900
DE,2021-12-09,339.9037780761719,361.9200134277344,364.30999755859375,358.0,359.8500061035156,897900
DE,2021-12-10,336.5603332519531,358.3599853515625,364.0,357.3399963378906,362.8599853515625,1200600
DE,2021-12-13,330.0425109863281,351.4200134277344,361.4700012207031,349.3800048828125,359.1199951171875,1375000
DE,2021-12-14,327.3471984863281,348.54998779296875,354.3500061035156,346.010009765625,349.8800048828125,1799800
DE,2021-12-15,323.01751708984375,343.94000244140625,350.17999267578125,338.0199890136719,349.489990234375,1982700
DE,2021-12-16,327.1028747558594,348.2900085449219,351.7699890136719,347.0,349.7699890136719,1945200
DE,2021-12-17,325.91961669921875,347.0299987792969,350.3800048828125,341.55999755859375,349.29998779296875,2976500
DE,2021-12-20,318.0586853027344,338.6600036621094,343.5,336.32000732421875,342.94000244140625,1784700
DE,2021-12-21,328.5304260253906,349.80999755859375,352.5199890136719,342.1600036621094,342.7699890136719,1518500
DE,2021-12-22,325.89141845703125,347.0,351.6000061035156,343.5400085449219,349.0799865722656,1582400
DE,2021-12-23,327.976318359375,349.2200012207031,351.489990234375,346.29998779296875,348.0,997800
DE,2021-12-27,329.4132995605469,350.75,351.760009765625,348.45001220703125,350.0,953100
DE,2021-12-28,328.49285888671875,349.7699890136719,353.1400146484375,348.8900146484375,349.2799987792969,718700
DE,2021-12-29,324.6798400878906,345.7099914550781,349.30999755859375,345.5,348.3599853515625,1417300
DE,2021-12-30,322.20233154296875,342.0299987792969,348.04998779296875,341.8399963378906,345.80999755859375,1538800
DE,2021-12-31,323.0125427246094,342.8900146484375,343.94000244140625,341.05999755859375,342.3299865722656,1004700
DE,2022-01-03,329.8139343261719,350.1099853515625,350.29998779296875,343.989990234375,344.0,1570700
DE,2022-01-04,349.76617431640625,371.2900085449219,373.75,352.7099914550781,354.1099853515625,3034100
DE,2022-01-05,350.4819641113281,372.04998779296875,386.54998779296875,371.7799987792969,373.0400085449219,3310100
DE,2022-01-06,354.5422058105469,376.3599853515625,378.42999267578125,368.239990234375,374.510009765625,1600700
DE,2022-01-07,356.69940185546875,378.6499938964844,382.0,376.67999267578125,376.8699951171875,1791700
DE,2022-01-10,357.8392639160156,379.8599853515625,385.8900146484375,373.989990234375,381.2699890136719,2120000
DE,2022-01-11,358.4892578125,380.54998779296875,383.5299987792969,375.739990234375,382.8800048828125,1249900
DE,2022-01-12,354.4385681152344,376.25,383.8599853515625,372.5199890136719,382.29998779296875,1458900
DE,2022-01-13,358.3386535644531,380.3900146484375,384.20001220703125,378.5799865722656,378.67999267578125,1325100
DE,2022-01-14,357.556640625,379.55999755859375,380.0799865722656,373.489990234375,376.6600036621094,1309400
DE,2022-01-18,361.6544494628906,383.9100036621094,388.0,379.5,380.6400146484375,2685500
DE,2022-01-19,354.1088562011719,375.8999938964844,388.1000061035156,374.6099853515625,387.239990234375,1919100
DE,2022-01-20,345.70599365234375,366.9800109863281,380.1000061035156,365.8800048828125,375.6000061035156,2014300
DE,2022-01-21,343.1624450683594,364.2799987792969,371.1099853515625,359.8599853515625,367.5899963378906,1493300
DE,2022-01-24,342.9269714355469,364.0299987792969,365.54998779296875,347.010009765625,356.57000732421875,2251800
DE,2022-01-25,346.87408447265625,368.2200012207031,370.260009765625,350.79998779296875,358.17999267578125,2511900
DE,2022-01-26,350.66107177734375,372.239990234375,380.7900085449219,366.5400085449219,369.3800048828125,2296100
DE,2022-01-27,354.1653137207031,375.9599914550781,382.8800048828125,370.45001220703125,375.69000244140625,2030000
DE,2022-01-28,352.1212158203125,373.7900085449219,377.1400146484375,364.5400085449219,372.1199951171875,2100300
DE,2022-01-31,354.57989501953125,376.3999938964844,376.7900085449219,367.0199890136719,374.0,2191600
DE,2022-02-01,355.9740905761719,377.8800048828125,379.54998779296875,371.0299987792969,375.0,1622500
DE,2022-02-02,352.7711486816406,374.4800109863281,379.69000244140625,366.8699951171875,378.57000732421875,1642900
DE,2022-02-03,349.3893127441406,370.8900146484375,376.9100036621094,369.8299865722656,371.3500061035156,893700
DE,2022-02-04,348.0703430175781,369.489990234375,372.7900085449219,363.5400085449219,368.1400146484375,1102400
DE,2022-02-07,350.6233825683594,372.20001220703125,374.510009765625,368.70001220703125,370.32000732421875,1087300
DE,2022-02-08,367.2784729003906,389.8800048828125,391.9599914550781,374.2300109863281,376.3999938964844,2647500
DE,2022-02-09,372.4784240722656,395.3999938964844,399.6300048828125,392.5,392.5,1630400
DE,2022-02-10,370.3588562011719,393.1499938964844,399.2099914550781,390.0899963378906,392.79998779296875,1402300
DE,2022-02-11,369.9066467285156,392.6700134277344,399.7300109863281,387.32000732421875,394.2699890136719,2390200
DE,2022-02-14,364.81036376953125,387.260009765625,397.69000244140625,383.95001220703125,394.1099853515625,1799900
DE,2022-02-15,370.5943603515625,393.3999938964844,396.0,389.04998779296875,390.75,1590800
DE,2022-02-16,367.9189758300781,390.55999755859375,394.0400085449219,385.4100036621094,391.4599914550781,2174900
DE,2022-02-17,358.4704284667969,380.5299987792969,390.67999267578125,379.1000061035156,386.5299987792969,2570300
DE,2022-02-18,347.7030334472656,369.1000061035156,392.9599914550781,366.0,379.7699890136719,3729400
DE,2022-02-22,333.2711486816406,353.7799987792969,370.4700012207031,352.2099914550781,365.2300109863281,2359000
DE,2022-02-23,317.9537658691406,337.5199890136719,355.989990234375,337.260009765625,355.0,3068300
DE,2022-02-24,322.8900451660156,342.760009765625,343.7900085449219,326.75,329.07000732421875,3599900
DE,2022-02-25,326.8653869628906,346.9800109863281,348.30999755859375,338.0,342.70001220703125,3424600
DE,2022-02-28,339.14935302734375,360.0199890136719,362.3900146484375,346.0,348.0,3265400
DE,2022-03-01,337.8587951660156,358.6499938964844,361.8699951171875,350.6099853515625,361.1199951171875,2863200
DE,2022-03-02,354.18426513671875,375.9800109863281,381.2200012207031,360.3900146484375,360.7799987792969,2564200
DE,2022-03-03,359.78924560546875,381.92999267578125,386.0899963378906,375.6400146484375,378.239990234375,2961400
DE,2022-03-04,367.4574279785156,390.07000732421875,390.7799987792969,374.510009765625,378.8699951171875,2404400
DE,2022-03-07,347.6088562011719,369.0,405.489990234375,368.0400085449219,394.32000732421875,5456700
DE,2022-03-08,343.7747802734375,364.92999267578125,389.0,364.1199951171875,373.8599853515625,3512000
DE,2022-03-09,347.4769592285156,368.8599853515625,373.9599914550781,364.239990234375,369.25,1744600
DE,2022-03-10,356.2284240722656,378.1499938964844,379.6099853515625,362.29998779296875,364.5,1768800
DE,2022-03-11,366.901611328125,389.4800109863281,392.3399963378906,382.44000244140625,382.9700012207031,2144300
DE,2022-03-14,371.0277404785156,393.8599853515625,399.54998779296875,386.45001220703125,393.0,2466500
DE,2022-03-15,365.9501647949219,388.4700012207031,395.0,381.739990234375,392.489990234375,2197700
DE,2022-03-16,365.69586181640625,388.20001220703125,400.8800048828125,382.010009765625,390.0,2271500
DE,2022-03-17,382.60516357421875,406.1499938964844,407.2300109863281,384.0199890136719,384.5400085449219,2783800
DE,2022-03-18,389.199462890625,413.1499938964844,414.92999267578125,404.0799865722656,407.6600036621094,2941700
DE,2022-03-21,397.8096618652344,422.2900085449219,426.79998779296875,414.4100036621094,415.0,2750200
DE,2022-03-22,402.7646484375,427.54998779296875,436.2799987792969,423.2099914550781,425.0,2234400
DE,2022-03-23,406.5044860839844,431.5199890136719,435.0,420.54998779296875,423.1499938964844,2633500
DE,2022-03-24,407.1639709472656,432.2200012207031,435.4800109863281,425.8299865722656,430.44000244140625,1878500
DE,2022-03-25,411.1487731933594,436.45001220703125,436.95001220703125,428.1199951171875,432.3399963378906,1457500
DE,2022-03-28,407.5312805175781,432.6099853515625,437.9800109863281,427.3599853515625,437.9800109863281,1656000
DE,2022-03-29,388.98284912109375,412.9200134277344,424.489990234375,409.3399963378906,424.489990234375,3572900
DE,2022-03-30,392.458251953125,415.54998779296875,424.6499938964844,413.5199890136719,413.79998779296875,1693800
DE,2022-03-31,392.3733215332031,415.4599914550781,420.67999267578125,413.29998779296875,414.20001220703125,1953700
DE,2022-04-01,393.6388244628906,416.79998779296875,421.9200134277344,413.82000732421875,417.04998779296875,1480900
DE,2022-04-04,394.25274658203125,417.45001220703125,418.7200012207031,407.8399963378906,418.55999755859375,1072400
DE,2022-04-05,390.72052001953125,413.7099914550781,422.4700012207031,411.2200012207031,418.70001220703125,1399000
DE,2022-04-06,388.3972473144531,411.25,414.75,406.0400085449219,410.5799865722656,1237000
DE,2022-04-07,386.7066955566406,409.4599914550781,412.5299987792969,401.82000732421875,409.7699890136719,1637300
DE,2022-04-08,395.05548095703125,418.29998779296875,419.92999267578125,407.6600036621094,413.1400146484375,1341900
DE,2022-04-11,395.25384521484375,418.510009765625,425.55999755859375,416.489990234375,416.489990234375,1437700
DE,2022-04-12,396.40606689453125,419.7300109863281,427.5,417.510009765625,422.82000732421875,1119700
DE,2022-04-13,403.5459289550781,427.2900085449219,427.9599914550781,421.2099914550781,422.3299865722656,1153200
DE,2022-04-14,412.48028564453125,436.75,439.4100036621094,427.92999267578125,427.92999267578125,1522700
DE,2022-04-18,414.0857849121094,438.45001220703125,445.5299987792969,432.239990234375,432.5,1525700
DE,2022-04-19,413.4908142089844,437.82000732421875,441.5199890136719,434.739990234375,439.79998779296875,1207800
DE,2022-04-20,413.08465576171875,437.3900146484375,446.760009765625,436.5299987792969,444.69000244140625,1718200
DE,2022-04-21,400.7787170410156,424.3599853515625,441.0400085449219,423.5299987792969,440.8500061035156,1641300
DE,2022-04-22,381.14398193359375,403.57000732421875,420.80999755859375,401.6099853515625,419.7300109863281,2148800
DE,2022-04-25,364.0875549316406,385.510009765625,391.92999267578125,372.19000244140625,391.92999267578125,4496300
DE,2022-04-26,360.555419921875,381.7699890136719,390.6400146484375,380.0899963378906,385.0299987792969,1559000
DE,2022-04-27,364.10650634765625,385.5299987792969,390.07000732421875,375.5,381.9100036621094,1599200
DE,2022-04-28,363.4359130859375,384.82000732421875,390.05999755859375,375.0,387.8399963378906,1515200
DE,2022-04-29,356.56988525390625,377.54998779296875,389.9700012207031,376.2699890136719,386.1499938964844,1526800
DE,2022-05-02,360.0454406738281,381.2300109863281,382.489990234375,371.6000061035156,374.9599914550781,1563400
DE,2022-05-03,367.79925537109375,389.44000244140625,390.7200012207031,383.489990234375,385.8299865722656,1468200
DE,2022-05-04,374.3252258300781,396.3500061035156,398.4100036621094,384.75,391.239990234375,1750100
DE,2022-05-05,361.7548522949219,383.0400085449219,396.1600036621094,379.1099853515625,393.8900146484375,1465800
DE,2022-05-06,356.4848937988281,377.4599914550781,383.57000732421875,371.6400146484375,383.57000732421875,1516100
DE,2022-05-09,344.2734375,364.5299987792969,374.54998779296875,362.3900146484375,372.0,1818100
DE,2022-05-10,344.481201171875,364.75,371.489990234375,360.5,367.989990234375,1344100
DE,2022-05-11,343.8012390136719,364.0299987792969,374.489990234375,362.19000244140625,365.8900146484375,1380900
DE,2022-05-12,342.8096008300781,362.9800109863281,367.57000732421875,354.29998779296875,362.8399963378906,1889400
DE,2022-05-13,346.3133850097656,366.69000244140625,370.0,363.2300109863281,364.54998779296875,1750300
DE,2022-05-16,353.6421813964844,374.45001220703125,382.42999267578125,366.0299987792969,368.9200134277344,1896400
DE,2022-05-17,362.9070739746094,384.260009765625,386.010009765625,377.3399963378906,381.510009765625,1229300
DE,2022-05-18,348.1834716796875,368.6700134277344,385.0899963378906,367.3500061035156,384.0,1543400
DE,2022-05-19,344.3584289550781,364.6199951171875,370.45001220703125,356.29998779296875,364.3999938964844,2253600
DE,2022-05-20,295.8996276855469,313.30999755859375,344.3699951171875,307.6400146484375,339.6300048828125,8814300
DE,2022-05-23,316.724365234375,335.3599853515625,337.2699890136719,316.17999267578125,316.95001220703125,4286400
DE,2022-05-24,318.3016357421875,337.0299987792969,337.92999267578125,327.20001220703125,332.32000732421875,1900600
DE,2022-05-25,323.9114990234375,342.9700012207031,345.7300109863281,336.2200012207031,337.5799865722656,2005800
DE,2022-05-26,328.19921875,347.510009765625,348.9200134277344,340.3999938964844,343.4599914550781,1349900
DE,2022-05-27,340.6845703125,360.7300109863281,360.8800048828125,352.3299865722656,353.8900146484375,1968000
DE,2022-05-31,337.8985595703125,357.7799987792969,362.1499938964844,354.7799987792969,358.29998779296875,2705000
DE,2022-06-01,332.581298828125,352.1499938964844,363.0799865722656,348.55999755859375,363.0799865722656,1714800
DE,2022-06-02,341.01507568359375,361.0799865722656,361.4100036621094,351.010009765625,353.8699951171875,1161600
DE,2022-06-03,340.9395751953125,361.0,363.6400146484375,357.0199890136719,357.4200134277344,1082200
DE,2022-06-06,342.7434997558594,362.9100036621094,363.80999755859375,358.5799865722656,363.1700134277344,1011000
DE,2022-06-07,347.39947509765625,367.8399963378906,368.510009765625,358.0,360.75,987000
DE,2022-06-08,335.29193115234375,355.0199890136719,364.760009765625,354.0299987792969,360.95001220703125,1772700
DE,2022-06-09,326.1403503417969,345.3299865722656,353.67999267578125,345.29998779296875,351.1000061035156,1415500
DE,2022-06-10,316.60162353515625,335.2300109863281,341.0,333.3800048828125,336.8800048828125,1327900
DE,2022-06-13,306.8456115722656,324.8999938964844,333.67999267578125,322.29998779296875,325.0,1816700
DE,2022-06-14,308.4322204589844,326.5799865722656,330.4100036621094,322.5799865722656,326.1700134277344,1630400
DE,2022-06-15,312.2099609375,330.5799865722656,335.2699890136719,325.4700012207031,328.3800048828125,1442500
DE,2022-06-16,299.92291259765625,317.57000732421875,323.8900146484375,314.6400146484375,322.5400085449219,1799600
DE,2022-06-17,304.7867736816406,322.7200012207031,326.4800109863281,314.7300109863281,314.7300109863281,2329100
DE,2022-06-21,310.9727478027344,329.2699890136719,334.8699951171875,327.8500061035156,330.8999938964844,1425400
DE,2022-06-22,300.26287841796875,317.92999267578125,323.8599853515625,317.6300048828125,321.0,1636100
DE,2022-06-23,280.9776916503906,297.510009765625,317.1000061035156,295.5899963378906,314.7900085449219,4232900
DE,2022-06-24,293.59527587890625,310.8699951171875,313.8599853515625,299.3500061035156,300.8699951171875,2297000
DE,2022-06-27,297.8074645996094,315.3299865722656,320.69000244140625,311.2099914550781,317.6300048828125,1708300
DE,2022-06-28,291.980224609375,309.1600036621094,320.17999267578125,308.4800109863281,318.3900146484375,1818100
DE,2022-06-29,284.9848327636719,300.6499938964844,307.739990234375,297.69000244140625,307.2099914550781,1800800
DE,2022-06-30,283.86627197265625,299.4700012207031,304.5899963378906,294.2900085449219,297.7900085449219,2082100
DE,2022-07-01,285.9137878417969,301.6300048828125,304.8699951171875,294.32000732421875,300.5899963378906,1373600
DE,2022-07-05,276.9087829589844,292.1300048828125,294.79998779296875,287.7099914550781,293.8699951171875,2147900
DE,2022-07-06,274.0745544433594,289.1400146484375,291.95001220703125,283.80999755859375,289.8399963378906,2083200
DE,2022-07-07,288.13189697265625,303.9700012207031,304.5899963378906,295.5400085449219,297.82000732421875,2051800
DE,2022-07-08,288.76690673828125,304.6400146484375,308.0199890136719,301.260009765625,304.70001220703125,1516100
DE,2022-07-11,282.8614807128906,298.4100036621094,303.9800109863281,297.8599853515625,300.55999755859375,993900
DE,2022-07-12,280.5391540527344,295.9599914550781,301.2699890136719,293.1400146484375,294.0,1210200
DE,2022-07-13,281.3164978027344,296.7799987792969,299.1700134277344,291.2900085449219,292.0299987792969,1199900
DE,2022-07-14,278.99407958984375,294.3299865722656,294.8599853515625,288.3399963378906,290.04998779296875,1366800
DE,2022-07-15,282.1885070800781,297.70001220703125,299.6499938964844,293.19000244140625,298.07000732421875,1184500
DE,2022-07-18,282.4255065917969,297.95001220703125,306.4800109863281,296.95001220703125,301.1400146484375,1056200
DE,2022-07-19,295.3548889160156,311.5899963378906,312.20001220703125,300.82000732421875,301.55999755859375,1282200
DE,2022-07-20,298.92828369140625,315.3599853515625,315.989990234375,310.2099914550781,311.4599914550781,1152500
DE,2022-07-21,300.046875,316.5400085449219,316.760009765625,308.6099853515625,314.82000732421875,1223300
DE,2022-07-22,295.98992919921875,312.260009765625,320.4700012207031,310.4599914550781,317.8399963378906,1110700
DE,2022-07-25,306.1323547363281,322.9599914550781,323.3900146484375,311.9100036621094,314.8900146484375,1433100
DE,2022-07-26,302.8052673339844,319.45001220703125,325.760009765625,318.25,323.7699890136719,1122600
DE,2022-07-27,308.7391357421875,325.7099914550781,327.07000732421875,318.6499938964844,321.0,1148200
DE,2022-07-28,314.3506164550781,331.6300048828125,334.489990234375,323.8699951171875,329.6499938964844,1295600
DE,2022-07-29,325.298828125,343.17999267578125,344.7099914550781,333.0,336.04998779296875,1880300
DE,2022-08-01,320.5688171386719,338.19000244140625,341.95001220703125,335.989990234375,338.8699951171875,1238900
DE,2022-08-02,315.8483581542969,333.2099914550781,339.07000732421875,330.8399963378906,335.0,1271500
DE,2022-08-03,318.97637939453125,336.510009765625,338.6199951171875,333.5299987792969,337.2200012207031,1142800
DE,2022-08-04,324.54052734375,342.3800048828125,344.760009765625,336.7200012207031,339.1000061035156,1333900
DE,2022-08-05,325.4220275878906,343.30999755859375,344.5799865722656,337.32000732421875,337.489990234375,917100
DE,2022-08-08,325.80120849609375,343.7099914550781,349.239990234375,342.79998779296875,346.8800048828125,953200
DE,2022-08-09,325.77276611328125,343.67999267578125,347.44000244140625,343.1000061035156,346.25,1146300
DE,2022-08-10,334.00042724609375,352.3599853515625,357.25,348.5899963378906,348.8900146484375,1136200
DE,2022-08-11,343.06231689453125,361.9200134277344,363.5,357.2099914550781,360.5,1718800
DE,2022-08-12,348.9772644042969,368.1600036621094,368.5799865722656,361.7099914550781,362.45001220703125,1256500
DE,2022-08-15,346.9771728515625,366.04998779296875,366.2900085449219,359.1000061035156,362.4599914550781,1196100
DE,2022-08-16,350.702392578125,369.9800109863281,373.3699951171875,363.010009765625,364.30999755859375,1431500
DE,2022-08-17,345.6880798339844,364.69000244140625,367.45001220703125,362.2799987792969,364.4700012207031,1722500
DE,2022-08-18,348.81610107421875,367.989990234375,369.94000244140625,362.75,364.45001220703125,1983500
DE,2022-08-19,350.3990783691406,369.6600036621094,369.9200134277344,353.04998779296875,358.6300048828125,4242200
DE,2022-08-22,350.38018798828125,369.6400146484375,373.1199951171875,361.2200012207031,363.3500061035156,2353600
DE,2022-08-23,355.34710693359375,374.8800048828125,385.989990234375,368.489990234375,368.5,2389800
DE,2022-08-24,361.5084533691406,381.3800048828125,382.3500061035156,374.1199951171875,378.760009765625,1566300
DE,2022-08-25,367.9256286621094,388.1499938964844,388.42999267578125,381.6000061035156,382.0,1325400
DE,2022-08-26,359.6127014160156,379.3800048828125,392.92999267578125,378.67999267578125,391.17999267578125,1452800
DE,2022-08-29,360.7785339355469,380.6099853515625,385.42999267578125,374.55999755859375,376.1600036621094,1323400
DE,2022-08-30,349.5270080566406,368.739990234375,379.7699890136719,365.5199890136719,379.239990234375,1622700
DE,2022-08-31,346.2189636230469,365.25,370.0299987792969,364.5299987792969,370.0299987792969,1500200
DE,2022-09-01,344.81597900390625,363.7699890136719,364.760009765625,357.25,358.9800109863281,1349900
DE,2022-09-02,343.3466796875,362.2200012207031,370.3800048828125,360.82000732421875,369.95001220703125,1141700
DE,2022-09-06,342.2472229003906,361.05999755859375,364.9599914550781,355.4800109863281,363.19000244140625,1092600
DE,2022-09-07,346.8729248046875,365.94000244140625,366.9700012207031,357.2200012207031,357.8800048828125,913100
DE,2022-09-08,349.28057861328125,368.4800109863281,370.44000244140625,362.8999938964844,363.760009765625,1227200
DE,2022-09-09,352.8541564941406,372.25,375.260009765625,372.1000061035156,373.0199890136719,1240300
DE,2022-09-12,354.5414123535156,374.0299987792969,376.0,369.8299865722656,375.2900085449219,1129200
DE,2022-09-13,344.3704833984375,363.29998779296875,371.42999267578125,361.95001220703125,365.54998779296875,1085700
DE,2022-09-14,342.09552001953125,360.8999938964844,365.25,357.5799865722656,364.3500061035156,1121700
DE,2022-09-15,340.0765075683594,358.7699890136719,364.6000061035156,358.30999755859375,360.8999938964844,970000
DE,2022-09-16,336.02899169921875,354.5,356.0899963378906,349.1300048828125,355.29998779296875,2422600
DE,2022-09-19,343.792236328125,362.69000244140625,363.20001220703125,349.5400085449219,350.2799987792969,1008700
DE,2022-09-20,337.06219482421875,355.5899963378906,360.45001220703125,352.5400085449219,359.8800048828125,1434000
DE,2022-09-21,331.5833435058594,349.80999755859375,361.0899963378906,349.80999755859375,360.29998779296875,1007100
DE,2022-09-22,328.0950622558594,346.1300048828125,354.04998779296875,345.92999267578125,352.510009765625,1006400
DE,2022-09-23,316.80572509765625,334.2200012207031,343.1000061035156,328.6199951171875,341.489990234375,1717600
DE,2022-09-26,314.9288024902344,332.239990234375,338.8299865722656,330.760009765625,331.04998779296875,1331600
DE,2022-09-27,318.1895446777344,335.67999267578125,341.69000244140625,332.3399963378906,335.8999938964844,1180100
DE,2022-09-28,327.8770446777344,345.8999938964844,348.07000732421875,337.07000732421875,338.20001220703125,1292600
DE,2022-09-29,324.2918395996094,341.0,344.6000061035156,338.44000244140625,341.0,1589500
DE,2022-09-30,317.53021240234375,333.8900146484375,341.05999755859375,333.6600036621094,338.760009765625,1697200
DE,2022-10-03,327.1923522949219,344.04998779296875,347.7799987792969,339.17999267578125,339.6099853515625,1536900
DE,2022-10-04,342.6366271972656,360.2900085449219,360.70001220703125,350.0,350.07000732421875,1639000
DE,2022-10-05,338.33807373046875,355.7699890136719,359.6600036621094,355.2900085449219,355.2900085449219,1073700
DE,2022-10-06,338.05279541015625,355.4700012207031,359.3399963378906,353.0400085449219,354.239990234375,915100
DE,2022-10-07,338.6995544433594,356.1499938964844,356.3999938964844,349.70001220703125,352.04998779296875,1351700
DE,2022-10-10,342.0564880371094,359.67999267578125,365.2799987792969,355.75,358.260009765625,1366900
DE,2022-10-11,345.5276794433594,363.3299865722656,370.260009765625,356.1000061035156,356.82000732421875,1457200
DE,2022-10-12,343.51153564453125,361.2099914550781,364.260009765625,358.45001220703125,362.9200134277344,1179400
DE,2022-10-13,349.1795959472656,367.1700134277344,368.3900146484375,349.07000732421875,354.1099853515625,1596600
DE,2022-10-14,339.6409912109375,357.1400146484375,372.3999938964844,356.42999267578125,368.3800048828125,1231700
DE,2022-10-17,344.82391357421875,362.5899963378906,367.17999267578125,360.9700012207031,361.3900146484375,1077100
DE,2022-10-18,353.1166076660156,371.30999755859375,373.94000244140625,365.75,371.8599853515625,1214800
DE,2022-10-19,353.1261291503906,371.32000732421875,374.54998779296875,367.5,370.0,817800
DE,2022-10-20,347.6103210449219,365.5199890136719,374.0799865722656,363.7200012207031,371.8299865722656,788300
DE,2022-10-21,364.29095458984375,383.05999755859375,383.6300048828125,363.07000732421875,364.55999755859375,1387500
DE,2022-10-24,366.9823303222656,385.8900146484375,387.44000244140625,380.1099853515625,381.6700134277344,1059700
DE,2022-10-25,372.44110107421875,391.6300048828125,392.5,383.1400146484375,384.0,1402500
DE,2022-10-26,372.0131530761719,391.17999267578125,395.7699890136719,388.2200012207031,394.7699890136719,1157500
DE,2022-10-27,375.2559814453125,394.5899963378906,405.4100036621094,393.67999267578125,398.0,2043100
DE,2022-10-28,377.4052734375,396.8500061035156,397.7300109863281,390.1700134277344,393.79998779296875,1712300
DE,2022-10-31,376.4257507324219,395.82000732421875,406.0199890136719,395.010009765625,395.9200134277344,1638400
DE,2022-11-01,369.6640930175781,388.7099914550781,398.0,385.7300109863281,398.0,2269000
DE,2022-11-02,367.03936767578125,385.95001220703125,397.3299865722656,385.6499938964844,388.7099914550781,1719300
DE,2022-11-03,374.3429870605469,393.6300048828125,397.9800109863281,380.260009765625,381.17999267578125,1627400
DE,2022-11-04,375.7315368652344,395.0899963378906,403.989990234375,393.5,400.6199951171875,1548500
DE,2022-11-07,379.2312316894531,398.7699890136719,398.80999755859375,393.8999938964844,398.5799865722656,1186300
DE,2022-11-08,384.7470703125,404.57000732421875,408.7699890136719,398.54998779296875,399.80999755859375,1360800
DE,2022-11-09,377.633544921875,397.0899963378906,404.9100036621094,396.4200134277344,400.3500061035156,2182800
DE,2022-11-10,387.6380310058594,407.6099853515625,408.0199890136719,395.2699890136719,406.30999755859375,2370900
DE,2022-11-11,386.135498046875,406.0299987792969,413.5,405.1499938964844,406.6099853515625,1519200
DE,2022-11-14,387.0009460449219,406.94000244140625,410.4800109863281,402.3299865722656,404.5799865722656,2035700
DE,2022-11-15,387.0294189453125,406.9700012207031,412.9700012207031,401.79998779296875,411.760009765625,1701100
DE,2022-11-16,386.4873352050781,406.3999938964844,408.5799865722656,402.04998779296875,407.25,1101600
DE,2022-11-17,392.75439453125,412.989990234375,413.6300048828125,401.57000732421875,402.6499938964844,1284100
DE,2022-11-18,393.96221923828125,414.260009765625,416.0199890136719,411.2799987792969,415.1000061035156,1590800
DE,2022-11-21,391.5276794433594,411.70001220703125,415.2799987792969,406.510009765625,413.25,1326000
DE,2022-11-22,396.1495056152344,416.55999755859375,416.8299865722656,411.45001220703125,414.0,2195200
DE,2022-11-23,416.0825500488281,437.5199890136719,448.3999938964844,428.8800048828125,429.5199890136719,5080300
DE,2022-11-25,419.8390197753906,441.4700012207031,442.4100036621094,432.54998779296875,435.7699890136719,1135500
DE,2022-11-28,419.59173583984375,441.2099914550781,443.6400146484375,436.9200134277344,437.3800048828125,1974800
DE,2022-11-29,419.3634338378906,440.9700012207031,444.5299987792969,436.2200012207031,443.7900085449219,1643100
DE,2022-11-30,419.39202880859375,441.0,441.69000244140625,432.9200134277344,441.2099914550781,2397200
DE,2022-12-01,420.1623229980469,441.80999755859375,444.510009765625,436.3699951171875,440.3299865722656,1747400
DE,2022-12-02,423.77618408203125,445.6099853515625,447.70001220703125,438.6499938964844,442.2300109863281,1471200
DE,2022-12-05,415.4833679199219,436.8900146484375,442.1600036621094,435.0,441.07000732421875,1467600
DE,2022-12-06,416.77679443359375,438.25,439.260009765625,433.6600036621094,439.1300048828125,1015900
DE,2022-12-07,419.0592041015625,440.6499938964844,441.8399963378906,435.7200012207031,436.2300109863281,1433800
DE,2022-12-08,421.2274169921875,442.92999267578125,443.489990234375,437.6000061035156,443.30999755859375,1200200
DE,2022-12-09,413.5053405761719,434.80999755859375,444.5400085449219,434.3800048828125,443.3800048828125,1340400
DE,2022-12-12,415.6356506347656,437.04998779296875,437.4200134277344,431.6400146484375,436.1199951171875,1591700
DE,2022-12-13,415.76873779296875,437.19000244140625,439.6600036621094,432.760009765625,438.8399963378906,1675500
DE,2022-12-14,416.95745849609375,438.44000244140625,442.25,434.3699951171875,439.6600036621094,1767500
DE,2022-12-15,408.73126220703125,429.7900085449219,436.82000732421875,426.07000732421875,435.0,1561900
DE,2022-12-16,409.9676208496094,431.0899963378906,433.0,421.6600036621094,424.760009765625,3097300
DE,2022-12-19,411.47015380859375,432.6700134277344,434.6400146484375,429.70001220703125,432.0400085449219,1327700
DE,2022-12-20,414.0282897949219,435.3599853515625,437.0400085449219,429.7300109863281,432.07000732421875,985200
DE,2022-12-21,420.000732421875,441.6400146484375,444.510009765625,436.04998779296875,437.8500061035156,1220500
DE,2022-12-22,414.50390625,435.8599853515625,440.5299987792969,430.3599853515625,440.3399963378906,1223600
DE,2022-12-23,415.5213928222656,436.92999267578125,437.8800048828125,433.2200012207031,435.8900146484375,735600
DE,2022-12-27,414.77960205078125,436.1499938964844,442.25,435.75,438.04998779296875,713800
DE,2022-12-28,409.1022033691406,430.17999267578125,437.8999938964844,429.82000732421875,437.0,821700
DE,2022-12-29,408.7779541015625,428.6400146484375,431.760009765625,426.4100036621094,429.7300109863281,835300
DE,2022-12-30,408.89239501953125,428.760009765625,429.739990234375,424.82000732421875,426.8800048828125,760200
DE,2023-01-03,404.6295471191406,424.2900085449219,428.1600036621094,420.20001220703125,428.0,1166300
DE,2023-01-04,403.8570556640625,423.4800109863281,426.3599853515625,420.2099914550781,423.92999267578125,1050800
DE,2023-01-05,395.5125732421875,414.7300109863281,423.489990234375,412.6099853515625,422.57000732421875,1485000
DE,2023-01-06,406.70849609375,426.4700012207031,428.5400085449219,416.010009765625,416.20001220703125,1042200
DE,2023-01-09,408.35833740234375,428.20001220703125,434.2799987792969,426.4700012207031,427.9100036621094,1200300
DE,2023-01-10,417.16058349609375,437.42999267578125,437.95001220703125,426.8900146484375,426.8900146484375,1079200
DE,2023-01-11,413.3937072753906,433.4800109863281,439.8800048828125,430.0899963378906,439.739990234375,1130000
DE,2023-01-12,415.8827819824219,436.0899963378906,439.9800109863281,431.29998779296875,435.0,1205500
DE,2023-01-13,419.25872802734375,439.6300048828125,440.260009765625,433.2099914550781,433.8900146484375,985700
DE,2023-01-17,417.89495849609375,438.20001220703125,445.1400146484375,437.67999267578125,440.0799865722656,1767700
DE,2023-01-18,406.25079345703125,425.989990234375,443.1199951171875,425.6300048828125,439.0899963378906,1390800
DE,2023-01-19,389.6665954589844,408.6000061035156,423.2699890136719,407.8800048828125,422.2200012207031,2241000
DE,2023-01-20,391.57391357421875,410.6000061035156,411.4200134277344,406.07000732421875,410.3399963378906,2781500
DE,2023-01-23,390.37225341796875,409.3399963378906,413.57000732421875,407.3399963378906,411.45001220703125,1390500
DE,2023-01-24,397.3626403808594,416.6700134277344,419.1700134277344,405.010009765625,408.5,1319700
DE,2023-01-25,394.4730224609375,413.6400146484375,415.4100036621094,409.239990234375,413.1700134277344,1002000
DE,2023-01-26,401.6827087402344,421.20001220703125,421.30999755859375,411.6600036621094,417.739990234375,1191100
DE,2023-01-27,398.80255126953125,418.17999267578125,422.8699951171875,417.6199951171875,421.20001220703125,1324500
DE,2023-01-30,401.1104736328125,420.6000061035156,425.75,418.0,418.7300109863281,1376100
DE,2023-01-31,403.2466735839844,422.8399963378906,423.0400085449219,416.05999755859375,421.80999755859375,1269800
DE,2023-02-01,407.20440673828125,426.989990234375,429.8299865722656,418.5,422.0400085449219,1112100
DE,2023-02-02,387.7115478515625,406.54998779296875,426.739990234375,401.8699951171875,426.6199951171875,2551300
DE,2023-02-03,387.2442321777344,406.05999755859375,413.7099914550781,404.9200134277344,406.5,2295500
DE,2023-02-06,391.2210388183594,410.2300109863281,412.9100036621094,405.0199890136719,405.5,1378100
DE,2023-02-07,390.5439453125,409.5199890136719,413.4100036621094,404.7799987792969,408.20001220703125,1313100
DE,2023-02-08,388.7986755371094,407.69000244140625,411.5,406.0199890136719,406.05999755859375,1061500
DE,2023-02-09,389.1038818359375,408.010009765625,412.5299987792969,407.1300048828125,411.0799865722656,1262700
DE,2023-02-10,398.4307861328125,417.7900085449219,418.44000244140625,408.1600036621094,408.6600036621094,1357000
DE,2023-02-13,396.0846862792969,415.3299865722656,423.3900146484375,414.1400146484375,419.3800048828125,1428400
DE,2023-02-14,390.3436584472656,409.30999755859375,415.3800048828125,404.1400146484375,415.3800048828125,1503000
DE,2023-02-15,391.03985595703125,410.0400085449219,414.0,405.5199890136719,406.6700134277344,1424800
DE,2023-02-16,384.28790283203125,402.9599914550781,409.2699890136719,402.8299865722656,404.9700012207031,2122500
DE,2023-02-17,413.2315673828125,433.30999755859375,436.3800048828125,415.5,419.0,4888700
DE,2023-02-21,407.3760986328125,427.1700134277344,437.8800048828125,425.6700134277344,431.9200134277344,1936300
DE,2023-02-22,406.65130615234375,426.4100036621094,430.989990234375,421.739990234375,429.3800048828125,1356300
DE,2023-02-23,405.3543395996094,425.04998779296875,431.3699951171875,420.29998779296875,429.9800109863281,1086900
DE,2023-02-24,398.077880859375,417.4200134277344,423.7099914550781,415.2099914550781,423.6000061035156,1031200
DE,2023-02-27,402.09271240234375,421.6300048828125,422.9800109863281,416.7300109863281,418.5899963378906,920200
DE,2023-02-28,399.8134765625,419.239990234375,422.19000244140625,417.17999267578125,421.7900085449219,1465200
DE,2023-03-01,400.2999267578125,419.75,423.8500061035156,416.80999755859375,418.3399963378906,1354000
DE,2023-03-02,401.8162536621094,421.3399963378906,423.260009765625,417.760009765625,417.760009765625,959800
DE,2023-03-03,410.34197998046875,430.2799987792969,431.6700134277344,422.010009765625,422.7699890136719,1097400
DE,2023-03-06,405.98370361328125,425.7099914550781,432.0,425.6099853515625,430.29998779296875,1007500
DE,2023-03-07,398.7740783691406,418.1499938964844,426.92999267578125,417.8999938964844,425.54998779296875,1181500
DE,2023-03-08,404.6295471191406,424.2900085449219,426.1199951171875,418.260009765625,418.7799987792969,1365900
DE,2023-03-09,401.89251708984375,421.4200134277344,432.8900146484375,420.8800048828125,426.0199890136719,2082000
DE,2023-03-10,377.5836486816406,395.92999267578125,419.7699890136719,395.0799865722656,418.3500061035156,2354300
DE,2023-03-13,379.7674865722656,398.2200012207031,402.7099914550781,386.239990234375,388.8699951171875,2000700
DE,2023-03-14,383.8014831542969,402.45001220703125,406.3399963378906,397.25,404.3599853515625,1636600
DE,2023-03-15,372.38616943359375,390.4800109863281,396.5,382.3999938964844,394.69000244140625,1964100
DE,2023-03-16,372.9869689941406,391.1099853515625,393.3399963378906,384.67999267578125,387.6000061035156,1621800
DE,2023-03-17,367.6369934082031,385.5,389.9700012207031,381.3900146484375,387.20001220703125,3124500
DE,2023-03-20,376.21990966796875,394.5,396.67999267578125,387.489990234375,389.1600036621094,1325100
DE,2023-03-21,383.93505859375,402.5899963378906,404.5400085449219,399.739990234375,400.7900085449219,1341700
DE,2023-03-22,376.6681213378906,394.9700012207031,404.2099914550781,394.80999755859375,403.6400146484375,1202400
DE,2023-03-23,373.6927490234375,391.8500061035156,400.7099914550781,389.04998779296875,395.0,1566800
DE,2023-03-24,368.5906066894531,386.5,388.5899963378906,381.5,387.3800048828125,1361500
DE,2023-03-27,374.7989501953125,393.010009765625,395.0299987792969,386.5799865722656,390.7900085449219,1392700
DE,2023-03-28,377.0305480957031,395.3500061035156,396.92999267578125,392.3900146484375,394.4200134277344,982000
DE,2023-03-29,382.21844482421875,400.7900085449219,401.7200012207031,396.6099853515625,399.6499938964844,1455000
DE,2023-03-30,386.1980895996094,403.70001220703125,406.5,401.9800109863281,402.29998779296875,1267900
DE,2023-03-31,394.9800720214844,412.8800048828125,413.55999755859375,406.0,406.0,1779200
DE,2023-04-03,396.9985656738281,414.989990234375,419.3999938964844,413.04998779296875,413.04998779296875,1632200
DE,2023-04-04,380.419921875,397.6600036621094,414.8800048828125,395.7300109863281,413.4800109863281,1801600
DE,2023-04-05,357.613525390625,373.82000732421875,394.20001220703125,370.0899963378906,393.3699951171875,3265700
DE,2023-04-06,353.6242980957031,369.6499938964844,373.20001220703125,366.1000061035156,372.19000244140625,1848500
DE,2023-04-10,360.9713134765625,377.3299865722656,378.6099853515625,368.510009765625,369.2900085449219,1486500
DE,2023-04-11,364.31951904296875,380.8299865722656,386.1700134277344,377.8399963378906,377.8399963378906,1543800
DE,2023-04-12,367.7252502441406,384.3900146484375,388.75,382.79998779296875,383.489990234375,2166100
DE,2023-04-13,368.06005859375,384.739990234375,387.3699951171875,379.05999755859375,385.7200012207031,1627000
DE,2023-04-14,370.9587707519531,387.7699890136719,389.8500061035156,385.20001220703125,386.6700134277344,1113200
DE,2023-04-17,374.4504699707031,391.4200134277344,393.260009765625,389.0,389.32000732421875,1116600
DE,2023-04-18,379.4919128417969,396.69000244140625,399.6099853515625,392.0,393.2200012207031,1402000
DE,2023-04-19,375.7419128417969,392.7699890136719,396.3900146484375,390.1300048828125,395.239990234375,860000
DE,2023-04-20,373.4364013671875,390.3599853515625,392.3800048828125,386.010009765625,390.7200012207031,1336300
DE,2023-04-21,369.9351806640625,386.70001220703125,390.5299987792969,385.29998779296875,389.9100036621094,2556900
DE,2023-04-24,371.21697998046875,388.0400085449219,392.6600036621094,386.260009765625,387.32000732421875,1132800
DE,2023-04-25,363.01861572265625,379.4700012207031,385.7200012207031,378.6499938964844,385.0199890136719,1688400
DE,2023-04-26,358.36920166015625,374.6099853515625,378.19000244140625,372.3900146484375,375.0,1416500
DE,2023-04-27,355.7288818359375,371.8500061035156,374.0,365.8900146484375,372.4200134277344,2741600
DE,2023-04-28,361.6313781738281,378.0199890136719,378.4200134277344,371.0,371.82000732421875,1999300
DE,2023-05-01,365.55364990234375,382.1199951171875,384.6199951171875,379.42999267578125,379.95001220703125,1184100
DE,2023-05-02,367.1607971191406,383.79998779296875,386.8800048828125,374.239990234375,384.010009765625,1547800
DE,2023-05-03,365.64935302734375,382.2200012207031,390.010009765625,382.1400146484375,385.260009765625,1235400
DE,2023-05-04,357.3934326171875,373.5899963378906,384.0199890136719,373.3299865722656,382.1000061035156,1382900
DE,2023-05-05,364.5683288574219,381.0899963378906,382.7300109863281,376.0400085449219,378.1000061035156,1862900
DE,2023-05-08,363.7647399902344,380.25,389.2799987792969,378.8500061035156,385.989990234375,1106500
DE,2023-05-09,364.9031982421875,381.44000244140625,382.67999267578125,376.3699951171875,377.739990234375,1478700
DE,2023-05-10,363.898681640625,380.3900146484375,386.260009765625,376.1600036621094,385.70001220703125,1014600
DE,2023-05-11,356.628173828125,372.7900085449219,377.0,370.1700134277344,375.8999938964844,1825100
DE,2023-05-12,357.7665710449219,373.9800109863281,377.5,371.29998779296875,376.1199951171875,1332000
DE,2023-05-15,354.1600036621094,370.2099914550781,374.7900085449219,369.8599853515625,374.3999938964844,1466300
DE,2023-05-16,346.9564514160156,362.67999267578125,368.8399963378906,362.260009765625,368.0,2181300
DE,2023-05-17,352.11279296875,368.07000732421875,372.7300109863281,364.1000061035156,365.0,1843900
DE,2023-05-18,354.45654296875,370.5199890136719,371.1600036621094,365.70001220703125,367.3399963378906,2034300
DE,2023-05-19,347.78875732421875,363.54998779296875,393.0,361.4700012207031,390.82000732421875,7522100
DE,2023-05-22,344.8709411621094,360.5,365.8500061035156,355.8699951171875,359.69000244140625,2936200
DE,2023-05-23,344.85186767578125,360.4800109863281,363.0400085449219,354.45001220703125,357.2799987792969,2111400
DE,2023-05-24,338.7292785644531,354.0799865722656,358.69000244140625,353.0,358.3299865722656,1717000
DE,2023-05-25,339.4946594238281,354.8800048828125,357.3900146484375,350.80999755859375,353.6600036621094,1540000
DE,2023-05-26,341.7235412597656,357.2099914550781,359.5799865722656,355.2900085449219,356.69000244140625,1412900
DE,2023-05-30,335.42889404296875,350.6300048828125,357.07000732421875,346.44000244140625,355.0,2094800
DE,2023-05-31,330.9804992675781,345.9800109863281,350.2200012207031,345.54998779296875,348.20001220703125,3384700
DE,2023-06-01,337.2847900390625,352.57000732421875,355.6600036621094,346.8299865722656,349.2300109863281,2116800
DE,2023-06-02,354.9827880859375,371.07000732421875,372.1400146484375,357.6700134277344,360.07000732421875,2855600
DE,2023-06-05,347.8843688964844,363.6499938964844,371.20001220703125,363.1499938964844,371.20001220703125,1476800
DE,2023-06-06,357.4891662597656,373.69000244140625,374.4599914550781,361.79998779296875,362.2200012207031,1927600
DE,2023-06-07,365.2666320800781,381.82000732421875,383.94000244140625,370.0799865722656,373.9800109863281,1928800
DE,2023-06-08,364.2621765136719,380.7699890136719,384.0,378.54998779296875,381.7699890136719,1317100
DE,2023-06-09,362.44451904296875,378.8699951171875,383.3699951171875,377.07000732421875,381.7300109863281,1254800
DE,2023-06-12,370.34649658203125,387.1300048828125,388.07000732421875,377.9800109863281,378.6700134277344,1527000
DE,2023-06-13,380.9747619628906,398.239990234375,400.7900085449219,389.20001220703125,389.82000732421875,2141700
DE,2023-06-14,381.7496643066406,399.04998779296875,405.1199951171875,398.30999755859375,400.0,1900100
DE,2023-06-15,388.8958435058594,406.5199890136719,408.0,399.510009765625,400.2099914550781,1471200
DE,2023-06-16,389.9577331542969,407.6300048828125,409.95001220703125,405.489990234375,407.7699890136719,2119900
DE,2023-06-20,390.29254150390625,407.9800109863281,408.9599914550781,400.0,401.8399963378906,1700700
DE,2023-06-21,398.5293273925781,416.5899963378906,418.0,405.0299987792969,406.9200134277344,1868200
DE,2023-06-22,397.6682434082031,415.69000244140625,418.3800048828125,411.9800109863281,414.8299865722656,1518000
DE,2023-06-23,386.9155578613281,404.45001220703125,411.3299865722656,404.07000732421875,411.0799865722656,2033400
DE,2023-06-26,392.40673828125,410.19000244140625,415.8500061035156,404.95001220703125,404.95001220703125,1360400
DE,2023-06-27,391.75616455078125,409.510009765625,411.5,400.6300048828125,410.739990234375,1404900
DE,2023-06-28,387.63311767578125,405.20001220703125,412.79998779296875,404.8399963378906,410.1099853515625,1676100
DE,2023-06-29,385.4067687988281,401.6300048828125,405.80999755859375,395.0,401.69000244140625,1871600
DE,2023-06-30,388.82293701171875,405.19000244140625,408.6000061035156,403.32000732421875,405.4700012207031,1848800
DE,2023-07-03,390.0608825683594,406.4800109863281,407.30999755859375,399.7200012207031,402.2300109863281,652600
DE,2023-07-05,388.3144226074219,404.6600036621094,408.8399963378906,403.7699890136719,406.0,1398600
DE,2023-07-06,384.96533203125,401.1700134277344,404.7300109863281,399.75,402.95001220703125,1390700
DE,2023-07-07,388.90936279296875,405.2799987792969,408.42999267578125,399.42999267578125,399.42999267578125,1013900
DE,2023-07-10,390.646240234375,407.0899963378906,408.739990234375,401.92999267578125,403.1400146484375,1005500
DE,2023-07-11,397.0851745605469,413.79998779296875,414.5,410.4100036621094,410.4100036621094,1131200
DE,2023-07-12,391.2028503417969,407.6700134277344,418.0199890136719,407.5,417.0,1376000
DE,2023-07-13,393.0069274902344,409.54998779296875,411.2099914550781,405.1000061035156,408.2099914550781,999400
DE,2023-07-14,397.8624572753906,414.6099853515625,414.95001220703125,409.0799865722656,413.17999267578125,984200
DE,2023-07-17,403.6104736328125,420.6000061035156,423.4200134277344,414.9100036621094,414.9700012207031,1509100
DE,2023-07-18,414.12774658203125,431.55999755859375,431.9599914550781,420.739990234375,421.32000732421875,1575400
DE,2023-07-19,418.5516052246094,436.1700134277344,437.80999755859375,431.6300048828125,432.25,1664800
DE,2023-07-20,421.871826171875,439.6300048828125,440.010009765625,435.04998779296875,438.7799987792969,1284900
DE,2023-07-21,419.2808532714844,436.92999267578125,440.239990234375,435.30999755859375,439.010009765625,1195600
DE,2023-07-24,424.71221923828125,442.5899963378906,447.0,436.25,436.95001220703125,1301700
DE,2023-07-25,428.3011779785156,446.3299865722656,450.0,440.4800109863281,441.0400085449219,1160700
DE,2023-07-26,415.4616394042969,432.95001220703125,446.7099914550781,431.510009765625,443.5299987792969,1759500
DE,2023-07-27,411.3065490722656,428.6199951171875,434.0,424.4599914550781,433.489990234375,1977000
DE,2023-07-28,409.8575439453125,427.1099853515625,430.1300048828125,425.0299987792969,428.760009765625,1194700
DE,2023-07-31,412.24700927734375,429.6000061035156,432.8900146484375,426.92999267578125,429.5,1169600
DE,2023-08-01,415.93182373046875,433.44000244140625,438.79998779296875,430.010009765625,431.3500061035156,1115800
DE,2023-08-02,413.139404296875,430.5299987792969,434.9599914550781,427.0400085449219,430.6400146484375,1077900
DE,2023-08-03,406.81561279296875,423.94000244140625,429.30999755859375,421.239990234375,427.2200012207031,1083400
DE,2023-08-04,406.91156005859375,424.0400085449219,430.0,423.3399963378906,428.4700012207031,961200
DE,2023-08-07,413.8878479003906,431.30999755859375,432.82000732421875,424.1400146484375,424.7699890136719,1009400
DE,2023-08-08,413.0721435546875,430.4599914550781,431.0799865722656,424.3999938964844,427.0,1354400
DE,2023-08-09,418.4748229980469,436.0899963378906,439.3800048828125,432.4800109863281,433.0,1361300
DE,2023-08-10,417.0162353515625,434.57000732421875,441.4700012207031,434.1600036621094,436.67999267578125,1283900
DE,2023-08-11,417.4960021972656,435.07000732421875,437.3999938964844,432.57000732421875,435.2799987792969,1217200
DE,2023-08-14,419.96221923828125,437.6400146484375,438.3900146484375,434.19000244140625,435.510009765625,1058500
DE,2023-08-15,414.242919921875,431.67999267578125,435.20001220703125,429.5899963378906,433.5299987792969,1576800
DE,2023-08-16,406.81561279296875,423.94000244140625,435.739990234375,423.20001220703125,428.0,1870300
DE,2023-08-17,402.2287292480469,419.1600036621094,425.4200134277344,415.7699890136719,421.7799987792969,2149200
DE,2023-08-18,380.9829406738281,397.0199890136719,412.95001220703125,395.3800048828125,407.7099914550781,4233700
DE,2023-08-21,375.004638671875,390.7900085449219,398.0,385.489990234375,396.0199890136719,2549100
DE,2023-08-22,369.6500244140625,385.2099914550781,393.0899963378906,384.25,392.739990234375,1663900
DE,2023-08-23,378.3536071777344,394.2799987792969,395.6600036621094,385.1700134277344,385.1700134277344,1582200
DE,2023-08-24,371.02227783203125,386.6400146484375,392.1000061035156,385.8399963378906,390.3900146484375,1379900
DE,2023-08-25,374.4480285644531,390.2099914550781,392.0400085449219,386.2200012207031,388.20001220703125,1099900
DE,2023-08-28,378.7471008300781,394.69000244140625,396.0,391.4800109863281,392.9100036621094,1247000
DE,2023-08-29,387.7769775390625,404.1000061035156,405.6199951171875,393.2699890136719,394.20001220703125,1875600
DE,2023-08-30,396.5766296386719,413.2699890136719,415.5899963378906,403.4599914550781,403.8699951171875,1815500
DE,2023-08-31,394.3407287597656,410.94000244140625,417.2900085449219,410.67999267578125,414.04998779296875,1515500
DE,2023-09-01,401.9791259765625,418.8999938964844,419.3999938964844,414.5799865722656,414.6700134277344,1249700
DE,2023-09-05,397.6897277832031,414.42999267578125,423.3500061035156,413.8599853515625,420.8999938964844,1474000
DE,2023-09-06,397.5554504394531,414.2900085449219,416.42999267578125,410.6400146484375,412.1199951171875,1002600
DE,2023-09-07,395.0987854003906,411.7300109863281,415.42999267578125,405.3999938964844,411.1600036621094,1028800
DE,2023-09-08,383.51629638671875,399.6600036621094,413.17999267578125,399.05999755859375,411.5,1837500
DE,2023-09-11,384.1976623535156,400.3699951171875,404.0,397.70001220703125,403.29998779296875,1428200
DE,2023-09-12,386.0113220214844,402.260009765625,405.7099914550781,399.29998779296875,399.4100036621094,1127800
DE,2023-09-13,385.9825439453125,402.2300109863281,406.8999938964844,399.67999267578125,401.8399963378906,1104200
DE,2023-09-14,395.05078125,411.67999267578125,412.1499938964844,405.1300048828125,406.2900085449219,1272400
DE,2023-09-15,395.46343994140625,412.1099853515625,414.8699951171875,408.9800109863281,411.7900085449219,1986200
DE,2023-09-18,394.2447204589844,410.8399963378906,413.6000061035156,407.510009765625,410.94000244140625,969300
DE,2023-09-19,382.5855407714844,398.69000244140625,403.95001220703125,398.4100036621094,402.5899963378906,1957300
DE,2023-09-20,386.0785217285156,402.3299865722656,409.1499938964844,399.54998779296875,401.7300109863281,1289700
DE,2023-09-21,371.9819030761719,387.6400146484375,399.7099914550781,386.0400085449219,399.0299987792969,2209100
DE,2023-09-22,365.4853210449219,380.8699951171875,383.55999755859375,377.57000732421875,381.7300109863281,2410500
DE,2023-09-25,368.8631896972656,384.3900146484375,385.2099914550781,378.3599853515625,379.0400085449219,1383600
DE,2023-09-26,364.29541015625,379.6300048828125,381.8699951171875,377.239990234375,378.0,1270400
DE,2023-09-27,368.8343505859375,384.3599853515625,386.3599853515625,380.2699890136719,381.7699890136719,1403900
DE,2023-09-28,370.4906921386719,384.7300109863281,389.1199951171875,383.0,384.0,1309200
DE,2023-09-29,363.4127502441406,377.3800048828125,386.9800109863281,375.7200012207031,383.7300109863281,2124300
DE,2023-10-02,360.0037841796875,373.8399963378906,380.6300048828125,370.54998779296875,379.19000244140625,1989800
DE,2023-10-03,358.9830017089844,372.7799987792969,373.8500061035156,370.5,372.4100036621094,1212200
DE,2023-10-04,363.04681396484375,377.0,378.5799865722656,370.1600036621094,372.3800048828125,1219000
DE,2023-10-05,361.7852478027344,375.69000244140625,378.8500061035156,373.20001220703125,375.7099914550781,997200
DE,2023-10-06,364.52978515625,378.5400085449219,381.8800048828125,372.32000732421875,373.44000244140625,1203400
DE,2023-10-09,368.76690673828125,382.94000244140625,383.8999938964844,377.5299987792969,378.42999267578125,831200
DE,2023-10-10,376.37457275390625,390.8399963378906,391.95001220703125,386.1300048828125,386.29998779296875,1317400
DE,2023-10-11,374.94927978515625,389.3599853515625,392.489990234375,387.3800048828125,391.3800048828125,942500
DE,2023-10-12,368.1313781738281,382.2799987792969,391.0,377.8599853515625,389.79998779296875,1375200
DE,2023-10-13,366.57135009765625,380.6600036621094,385.82000732421875,378.760009765625,383.0,1074200
DE,2023-10-16,376.0857238769531,390.5400085449219,392.5799865722656,384.05999755859375,384.95001220703125,1202600
DE,2023-10-17,376.6441955566406,391.1199951171875,395.30999755859375,388.0199890136719,388.8999938964844,899800
DE,2023-10-18,368.0832214355469,382.2300109863281,390.3900146484375,378.0299987792969,388.3599853515625,1495000
DE,2023-10-19,367.2550964355469,381.3699951171875,386.3699951171875,380.25,381.6400146484375,1348000
DE,2023-10-20,361.2652893066406,375.1499938964844,382.4100036621094,374.82000732421875,380.3900146484375,1468100
DE,2023-10-23,359.454833984375,373.2699890136719,380.2200012207031,371.4800109863281,373.2099914550781,1308100
DE,2023-10-24,359.7437744140625,373.57000732421875,377.8399963378906,371.5899963378906,375.67999267578125,899100
DE,2023-10-25,358.14520263671875,371.9100036621094,375.989990234375,371.04998779296875,372.239990234375,773900
DE,2023-10-26,355.8628845214844,369.5400085449219,374.79998779296875,369.4700012207031,371.0,1124900
DE,2023-10-27,347.7834167480469,361.1499938964844,369.8900146484375,358.79998779296875,369.0,1436400
DE,2023-10-30,354.187255859375,367.79998779296875,369.3399963378906,361.6700134277344,365.2300109863281,1277500
DE,2023-10-31,351.8376159667969,365.3599853515625,365.8999938964844,359.3900146484375,362.0,1233200
DE,2023-11-01,356.75848388671875,370.4700012207031,372.3699951171875,361.3599853515625,364.8800048828125,1073000
DE,2023-11-02,359.7341613769531,373.55999755859375,378.4100036621094,371.8999938964844,375.5,1259300
DE,2023-11-03,368.0543518066406,382.20001220703125,384.6300048828125,377.4800109863281,379.5,1173200
DE,2023-11-06,364.2504577636719,378.25,384.54998779296875,375.1700134277344,383.2799987792969,925900
DE,2023-11-07,355.5739440917969,369.239990234375,372.510009765625,363.010009765625,366.8999938964844,1711400
DE,2023-11-08,355.6991882324219,369.3699951171875,373.05999755859375,369.1499938964844,370.79998779296875,1178000
DE,2023-11-09,355.9399719238281,369.6199951171875,374.1700134277344,367.7699890136719,373.6300048828125,1094900
DE,2023-11-10,360.14813232421875,373.989990234375,374.5299987792969,369.0199890136719,372.3500061035156,1311800
DE,2023-11-13,356.0747375488281,369.760009765625,373.6300048828125,367.1300048828125,372.8599853515625,1418100
DE,2023-11-14,361.082275390625,374.9599914550781,378.42999267578125,370.6000061035156,373.69000244140625,2115800
DE,2023-11-15,366.77349853515625,380.8699951171875,382.010009765625,373.45001220703125,376.9599914550781,1515500
DE,2023-11-16,364.5490417480469,378.55999755859375,382.8999938964844,375.3999938964844,381.3800048828125,1736200
DE,2023-11-17,369.9321594238281,384.1499938964844,385.30999755859375,379.4200134277344,382.3999938964844,1342600
DE,2023-11-20,366.2535095214844,380.3299865722656,384.8299865722656,379.44000244140625,382.510009765625,2197300
DE,2023-11-21,368.4876708984375,382.6499938964844,383.5,379.0899963378906,380.0,2163100
DE,2023-11-22,357.03778076171875,370.760009765625,373.3399963378906,355.6600036621094,360.9800109863281,6304700
DE,2023-11-24,356.48883056640625,370.19000244140625,371.3900146484375,366.8399963378906,370.5199890136719,1275300
DE,2023-11-27,348.80419921875,362.2099914550781,369.010009765625,361.7900085449219,368.3599853515625,2322200
DE,2023-11-28,346.6951904296875,360.0199890136719,363.8500061035156,358.760009765625,362.0,1904600
DE,2023-11-29,350.47015380859375,363.94000244140625,368.3599853515625,359.6499938964844,362.739990234375,2263500
DE,2023-11-30,350.92279052734375,364.4100036621094,367.1400146484375,361.3900146484375,364.6300048828125,1950200
DE,2023-12-01,355.15997314453125,368.80999755859375,370.9100036621094,363.57000732421875,364.9100036621094,1764900
DE,2023-12-04,355.2754821777344,368.92999267578125,370.3699951171875,364.0299987792969,365.4800109863281,1405900
DE,2023-12-05,347.7737731933594,361.1400146484375,367.94000244140625,360.7699890136719,367.7799987792969,1572700
DE,2023-12-06,352.01092529296875,365.5400085449219,369.8800048828125,362.5,363.0199890136719,3218300
DE,2023-12-07,347.850830078125,361.2200012207031,365.3500061035156,360.17999267578125,365.010009765625,2753800
DE,2023-12-08,350.21014404296875,363.6700134277344,364.1700134277344,360.8699951171875,361.79998779296875,2060500
DE,2023-12-11,347.6678466796875,361.0299987792969,365.92999267578125,360.94000244140625,364.489990234375,2057900
DE,2023-12-12,346.0885925292969,359.3900146484375,361.3699951171875,355.6000061035156,360.95001220703125,1832000
DE,2023-12-13,363.05645751953125,377.010009765625,377.80999755859375,358.5199890136719,359.3500061035156,3406900
DE,2023-12-14,374.0440673828125,388.4200134277344,395.3299865722656,380.1400146484375,381.239990234375,3576000
DE,2023-12-15,371.7810974121094,386.07000732421875,387.82000732421875,382.45001220703125,385.92999267578125,3891400
DE,2023-12-18,368.5935974121094,382.760009765625,389.6400146484375,382.69000244140625,386.8299865722656,1404400
DE,2023-12-19,379.35980224609375,393.94000244140625,394.17999267578125,383.29998779296875,384.9100036621094,2078500
DE,2023-12-20,372.9270935058594,387.260009765625,395.44000244140625,386.9200134277344,394.1600036621094,1592100
DE,2023-12-21,378.7820129394531,393.3399963378906,393.45001220703125,389.1000061035156,390.94000244140625,923300
DE,2023-12-22,382.1332702636719,396.82000732421875,397.760009765625,393.1000061035156,393.29998779296875,1077300
DE,2023-12-26,386.41851806640625,401.2699890136719,403.3399963378906,396.7099914550781,396.8500061035156,966100
DE,2023-12-27,386.7748718261719,401.6400146484375,402.54998779296875,399.29998779296875,400.1199951171875,823500
DE,2023-12-28,385.8952941894531,399.260009765625,401.05999755859375,398.3599853515625,400.8500061035156,1125200
DE,2023-12-29,386.4849548339844,399.8699951171875,400.75,397.760009765625,399.4800109863281,1104300
DE,2024-01-02,387.49005126953125,400.9100036621094,406.5799865722656,398.0,399.1199951171875,1414600
DE,2024-01-03,380.18310546875,393.3500061035156,397.6000061035156,393.260009765625,396.6199951171875,1397600
DE,2024-01-04,379.2552795410156,392.3900146484375,398.54998779296875,392.1000061035156,394.510009765625,1332100
DE,2024-01-05,382.7057189941406,395.9599914550781,397.2300109863281,388.05999755859375,390.42999267578125,1100300
DE,2024-01-08,384.6581726074219,397.9800109863281,398.3399963378906,390.5299987792969,393.5299987792969,1233300
DE,2024-01-09,380.05755615234375,393.2200012207031,396.8500061035156,390.010009765625,395.7099914550781,1012400
DE,2024-01-10,380.5310974121094,393.7099914550781,394.1700134277344,390.6499938964844,393.1400146484375,1003900
DE,2024-01-11,377.15789794921875,390.2200012207031,395.8900146484375,389.94000244140625,394.8399963378906,1190600
DE,2024-01-12,373.5721130371094,386.510009765625,395.25,385.75,392.0299987792969,1221800
DE,2024-01-16,372.45098876953125,385.3500061035156,389.3500061035156,384.0,385.75,1292900
DE,2024-01-17,365.9365539550781,378.6099853515625,382.0199890136719,377.489990234375,381.20001220703125,1466300
DE,2024-01-18,368.62353515625,381.3900146484375,381.760009765625,376.2200012207031,379.1000061035156,1125900
DE,2024-01-19,369.90899658203125,382.7200012207031,384.3800048828125,377.3299865722656,382.6099853515625,1223100
DE,2024-01-22,371.71636962890625,384.5899963378906,387.1300048828125,381.5899963378906,381.9599914550781,1113600
DE,2024-01-23,374.49029541015625,387.4599914550781,389.8800048828125,384.6199951171875,387.17999267578125,955000
DE,2024-01-24,375.4085388183594,388.4100036621094,393.1700134277344,386.3999938964844,389.94000244140625,1447800
DE,2024-01-25,379.8544921875,393.010009765625,395.0,388.6000061035156,393.1400146484375,1103500
DE,2024-01-26,380.444091796875,393.6199951171875,396.7200012207031,393.07000732421875,393.7799987792969,884900
DE,2024-01-29,384.3681640625,397.67999267578125,398.19000244140625,392.7300109863281,393.95001220703125,969400
DE,2024-01-30,383.64337158203125,396.92999267578125,398.7699890136719,394.4100036621094,395.1400146484375,1098300
DE,2024-01-31,380.40545654296875,393.5799865722656,398.0,392.75,397.32000732421875,1342400
DE,2024-02-01,380.5020751953125,393.67999267578125,397.20001220703125,389.5199890136719,395.0799865722656,1485600
DE,2024-02-02,379.458251953125,392.6000061035156,395.0799865722656,386.6300048828125,390.239990234375,1666900
DE,2024-02-05,373.1081848144531,386.0299987792969,393.6400146484375,383.1600036621094,392.0,2164000
DE,2024-02-06,375.882080078125,388.8999938964844,394.1700134277344,388.1400146484375,389.2099914550781,1740600
DE,2024-02-07,373.0308532714844,385.95001220703125,391.8299865722656,385.6199951171875,390.42999267578125,1671500
DE,2024-02-08,372.91485595703125,385.8299865722656,387.57000732421875,384.2699890136719,385.8800048828125,1142000
DE,2024-02-09,368.52685546875,381.2900085449219,385.6700134277344,380.45001220703125,384.1700134277344,1426300
DE,2024-02-12,376.355712890625,389.3900146484375,391.510009765625,384.3299865722656,384.3299865722656,1698100
DE,2024-02-13,366.5744323730469,379.2699890136719,385.3999938964844,375.510009765625,384.6300048828125,1765200
DE,2024-02-14,371.89996337890625,384.7799987792969,385.55999755859375,377.1300048828125,383.0,2409000
DE,2024-02-15,352.4534912109375,364.6600036621094,372.0,360.7699890136719,367.1000061035156,4933800
DE,2024-02-16,348.606689453125,360.67999267578125,364.0,358.260009765625,360.989990234375,2274300
DE,2024-02-20,345.4172058105469,357.3800048828125,360.69000244140625,355.0799865722656,359.5,1973600
DE,2024-02-21,345.3302001953125,357.2900085449219,358.6000061035156,354.4599914550781,356.5899963378906,1364300
DE,2024-02-22,344.8373107910156,356.7799987792969,358.1400146484375,353.1499938964844,354.1300048828125,2197900
DE,2024-02-23,352.4534912109375,364.6600036621094,365.4599914550781,357.3999938964844,357.9800109863281,1704300
DE,2024-02-26,351.05206298828125,363.2099914550781,366.3500061035156,361.6199951171875,364.0199890136719,1592500
DE,2024-02-27,348.5874328613281,360.6600036621094,364.1099853515625,358.239990234375,363.1300048828125,1559700
DE,2024-02-28,352.5984802246094,364.80999755859375,365.3299865722656,361.1300048828125,361.4100036621094,1675600
DE,2024-02-29,352.8304748535156,365.04998779296875,367.8500061035156,362.8500061035156,366.3699951171875,2491200
DE,2024-03-01,355.5367126464844,367.8500061035156,368.82000732421875,361.3299865722656,365.010009765625,1967100
DE,2024-03-04,352.2215270996094,364.4200134277344,369.9800109863281,362.92999267578125,368.6000061035156,1335000
DE,2024-03-05,354.4542236328125,366.7300109863281,369.69000244140625,363.57000732421875,363.94000244140625,1710000
DE,2024-03-06,354.3575439453125,366.6300048828125,367.8299865722656,364.3599853515625,366.0400085449219,1068700
DE,2024-03-07,362.7566833496094,375.32000732421875,376.19000244140625,367.260009765625,367.4200134277344,1844600
DE,2024-03-08,361.5775451660156,374.1000061035156,376.6700134277344,372.20001220703125,376.1400146484375,1064700
DE,2024-03-11,362.4957275390625,375.04998779296875,375.4200134277344,370.6199951171875,373.3999938964844,855700
DE,2024-03-12,360.1760559082031,372.6499938964844,377.8399963378906,372.6000061035156,376.1499938964844,1140800
DE,2024-03-13,366.1684875488281,378.8500061035156,380.5199890136719,372.7699890136719,373.3399963378906,1250700
DE,2024-03-14,367.5023498535156,380.2300109863281,382.45001220703125,376.95001220703125,380.5,1436300
DE,2024-03-15,370.55657958984375,383.3900146484375,383.9800109863281,378.0,378.0,3448500
DE,2024-03-18,372.4122619628906,385.30999755859375,387.3900146484375,381.489990234375,383.0,1145200
DE,2024-03-19,378.4047546386719,391.510009765625,392.3299865722656,385.510009765625,385.5299987792969,1490600
DE,2024-03-20,380.85968017578125,394.04998779296875,395.2900085449219,390.5899963378906,390.7699890136719,1763400
DE,2024-03-21,384.32958984375,397.6400146484375,399.3500061035156,392.0,393.8800048828125,1411800
DE,2024-03-22,385.50860595703125,398.8599853515625,400.7200012207031,397.8399963378906,398.4700012207031,1514600
DE,2024-03-25,384.70648193359375,398.0299987792969,401.6300048828125,397.0400085449219,398.79998779296875,1106300
DE,2024-03-26,385.1800537109375,398.5199890136719,399.989990234375,396.25,398.32000732421875,1053200
DE,2024-03-27,396.9086608886719,409.1400146484375,409.4200134277344,397.2699890136719,398.0,1543800
DE,2024-03-28,398.4607849121094,410.739990234375,413.32000732421875,408.5799865722656,408.5799865722656,1426700
DE,2024-04-01,392.05810546875,404.1400146484375,411.9200134277344,403.67999267578125,410.1700134277344,1319500
DE,2024-04-02,391.92230224609375,404.0,409.70001220703125,402.239990234375,405.0,1164500
DE,2024-04-03,393.8916320800781,406.0299987792969,408.6499938964844,403.2900085449219,404.2300109863281,1077300
DE,2024-04-04,394.9393005371094,407.1099853515625,413.9200134277344,405.32000732421875,410.6700134277344,1218600
DE,2024-04-05,400.20703125,412.5400085449219,413.1499938964844,406.010009765625,408.6499938964844,994400
DE,2024-04-08,398.470458984375,410.75,414.79998779296875,409.6499938964844,413.0,1269800
DE,2024-04-09,399.1787109375,411.4800109863281,413.8999938964844,409.4599914550781,413.4800109863281,1114500
DE,2024-04-10,399.6540222167969,411.9700012207031,412.7200012207031,404.3999938964844,406.8900146484375,1407700
DE,2024-04-11,400.4980773925781,412.8399963378906,414.05999755859375,406.9200134277344,412.739990234375,1472900
DE,2024-04-12,385.3934326171875,397.2699890136719,412.489990234375,396.80999755859375,411.25,1886000
DE,2024-04-15,382.0272216796875,393.79998779296875,404.2200012207031,392.57000732421875,402.2900085449219,1353300
DE,2024-04-16,381.2608337402344,393.010009765625,395.7099914550781,386.6400146484375,392.260009765625,1865400
DE,2024-04-17,385.01513671875,396.8800048828125,397.6199951171875,392.3900146484375,396.0,1442200
DE,2024-04-18,388.62396240234375,400.6000061035156,402.2799987792969,396.7200012207031,398.4800109863281,1562900
DE,2024-04-19,388.3523254394531,400.32000732421875,402.9800109863281,398.760009765625,400.9700012207031,1125200
DE,2024-04-22,387.6635437011719,399.6099853515625,402.8900146484375,392.17999267578125,398.8500061035156,1005500
DE,2024-04-23,385.33526611328125,397.2099914550781,405.6199951171875,396.7200012207031,400.8699951171875,1278300
DE,2024-04-24,382.82269287109375,394.6199951171875,397.760009765625,392.3699951171875,397.54998779296875,986600
DE,2024-04-25,382.2794494628906,394.05999755859375,394.9100036621094,384.1400146484375,385.7699890136719,1316900
DE,2024-04-26,381.5712585449219,393.3299865722656,395.95001220703125,391.1000061035156,392.6199951171875,998300
DE,2024-04-29,388.97320556640625,400.9599914550781,402.5899963378906,395.3399963378906,395.3399963378906,847100
DE,2024-04-30,379.70867919921875,391.4100036621094,398.3800048828125,390.1300048828125,397.7799987792969,1016600
DE,2024-05-01,375.9155578613281,387.5,391.2300109863281,383.7699890136719,388.9599914550781,2017800
DE,2024-05-02,384.12261962890625,395.9599914550781,398.3699951171875,385.7099914550781,388.6199951171875,1790100
DE,2024-05-03,388.97320556640625,400.9599914550781,401.3399963378906,394.8500061035156,399.6400146484375,1627000
DE,2024-05-06,389.82684326171875,401.8399963378906,407.0,399.19000244140625,405.0,1042800
DE,2024-05-07,393.44537353515625,405.57000732421875,406.57000732421875,402.739990234375,403.6600036621094,942000
DE,2024-05-08,393.29986572265625,405.4200134277344,406.9599914550781,401.4599914550781,404.2200012207031,640300
DE,2024-05-09,396.7728271484375,409.0,410.489990234375,405.4200134277344,405.4200134277344,995100
DE,2024-05-10,395.696044921875,407.8900146484375,411.69000244140625,405.6700134277344,410.5,1426800
DE,2024-05-13,395.79302978515625,407.989990234375,416.57000732421875,407.55999755859375,409.0,1402800
DE,2024-05-14,400.4397888183594,412.7799987792969,417.4700012207031,410.0,410.0,1765800
DE,2024-05-15,401.6427307128906,414.0199890136719,416.5299987792969,412.260009765625,414.67999267578125,1861200
DE,2024-05-16,382.6383972167969,394.42999267578125,410.0,394.17999267578125,406.8900146484375,3623800
DE,2024-05-17,385.1509704589844,397.0199890136719,397.5899963378906,391.5400085449219,394.4700012207031,1612100
DE,2024-05-20,379.77655029296875,391.4800109863281,396.8299865722656,390.94000244140625,395.75,1158500
DE,2024-05-21,375.17822265625,386.739990234375,391.17999267578125,385.2200012207031,390.92999267578125,1370900
DE,2024-05-22,374.47015380859375,386.010009765625,388.55999755859375,384.25,386.0,1318800
DE,2024-05-23,367.9024963378906,379.239990234375,387.57000732421875,378.7200012207031,387.1300048828125,1736600
DE,2024-05-24,363.75042724609375,374.9599914550781,381.3599853515625,373.7300109863281,379.8800048828125,1511800
DE,2024-05-28,358.2305603027344,369.2699890136719,375.0,366.9800109863281,375.0,1448000
DE,2024-05-29,354.0688781738281,364.9800109863281,367.8500061035156,362.67999267578125,364.989990234375,1673500
DE,2024-05-30,357.3380432128906,368.3500061035156,368.5799865722656,364.95001220703125,365.3399963378906,1340300
DE,2024-05-31,363.5564880371094,374.760009765625,375.0799865722656,366.32000732421875,369.6000061035156,2332100
DE,2024-06-03,357.11492919921875,368.1199951171875,375.489990234375,364.54998779296875,375.3599853515625,1284200
DE,2024-06-04,358.32757568359375,369.3699951171875,369.5899963378906,364.04998779296875,367.8999938964844,1328700
DE,2024-06-05,359.89910888671875,370.989990234375,371.5400085449219,365.4700012207031,369.95001220703125,1394800
DE,2024-06-06,360.1708068847656,371.2699890136719,373.8900146484375,369.3500061035156,371.5,1305400
DE,2024-06-07,357.5611877441406,368.5799865722656,373.010009765625,366.6600036621094,369.0,1080000
DE,2024-06-10,357.2895812988281,368.29998779296875,372.67999267578125,367.04998779296875,367.82000732421875,1033700
DE,2024-06-11,354.2143249511719,365.1300048828125,367.44000244140625,363.7799987792969,366.67999267578125,948400
DE,2024-06-12,359.02606201171875,370.0899963378906,372.94000244140625,367.5799865722656,369.19000244140625,1055500
DE,2024-06-13,366.6510925292969,377.95001220703125,378.2699890136719,368.17999267578125,368.17999267578125,1583900
DE,2024-06-14,366.6995849609375,378.0,379.05999755859375,372.95001220703125,375.010009765625,1485200
DE,2024-06-17,367.88311767578125,379.2200012207031,381.2699890136719,374.6700134277344,375.95001220703125,1227900
DE,2024-06-18,371.31732177734375,382.760009765625,383.25,379.4100036621094,380.2099914550781,1211900
DE,2024-06-20,370.1240539550781,381.5299987792969,384.5,380.010009765625,381.75,1352600
DE,2024-06-21,363.8280944824219,375.0400085449219,380.0,374.010009765625,377.9599914550781,2450600
DE,2024-06-24,366.8645324707031,378.1700134277344,382.92999267578125,376.010009765625,376.760009765625,1323100
DE,2024-06-25,358.4245910644531,369.4700012207031,375.9599914550781,367.1400146484375,375.5199890136719,1644700
DE,2024-06-26,365.00189208984375,376.25,376.3699951171875,367.3599853515625,370.739990234375,2442500
DE,2024-06-27,365.5257873535156,376.7900085449219,378.1400146484375,374.69000244140625,375.0,1709400
DE,2024-06-28,363.8798522949219,373.6300048828125,381.3900146484375,369.5,378.19000244140625,6689500
DE,2024-07-01,351.5697326660156,360.989990234375,375.30999755859375,360.55999755859375,375.07000732421875,1458100
DE,2024-07-02,355.4263610839844,364.95001220703125,365.4599914550781,359.25,359.5299987792969,1290000
DE,2024-07-03,353.3227233886719,362.7900085449219,367.6199951171875,361.1099853515625,365.44000244140625,668900
DE,2024-07-05,350.634765625,360.0299987792969,363.1600036621094,356.79998779296875,363.1600036621094,1273500
DE,2024-07-08,345.7359924316406,355.0,361.6400146484375,354.75,360.1000061035156,1671600
DE,2024-07-09,339.7367858886719,348.8399963378906,355.32000732421875,345.94000244140625,354.760009765625,2112700
DE,2024-07-10,342.3565673828125,351.5299987792969,352.54998779296875,347.79998779296875,349.29998779296875,1475800
DE,2024-07-11,352.16375732421875,361.6000061035156,362.7699890136719,352.5,352.8999938964844,1764900
DE,2024-07-12,355.7965087890625,365.3299865722656,368.1499938964844,363.4700012207031,364.5,1034900
DE,2024-07-15,361.97100830078125,371.6700134277344,372.17999267578125,363.1300048828125,365.05999755859375,1158600
DE,2024-07-16,367.65863037109375,377.510009765625,380.6300048828125,365.92999267578125,372.0,1732900
DE,2024-07-17,375.07977294921875,385.1300048828125,387.5299987792969,377.67999267578125,378.0299987792969,1528000
DE,2024-07-18,370.7069396972656,380.6400146484375,390.3399963378906,380.5299987792969,382.79998779296875,1736000
DE,2024-07-19,368.19427490234375,378.05999755859375,384.1400146484375,377.17999267578125,383.239990234375,1152100
DE,2024-07-22,369.35321044921875,379.25,380.6499938964844,372.2799987792969,379.1300048828125,1071200
DE,2024-07-23,361.8249206542969,371.5199890136719,378.2900085449219,370.760009765625,376.3399963378906,1335900
DE,2024-07-24,359.75054931640625,369.3900146484375,375.67999267578125,367.92999267578125,370.4100036621094,1256300
DE,2024-07-25,371.7295227050781,381.69000244140625,386.260009765625,368.1700134277344,368.1700134277344,1241600
DE,2024-07-26,376.4627380371094,386.54998779296875,389.989990234375,384.07000732421875,385.2699890136719,1380800
DE,2024-07-29,366.93792724609375,376.7699890136719,386.5400085449219,371.0,385.1700134277344,1491000
DE,2024-07-30,362.0683898925781,371.7699890136719,375.0,364.17999267578125,365.9700012207031,2266900
DE,2024-07-31,362.2729187011719,371.9800109863281,376.7799987792969,370.989990234375,373.2200012207031,1659500
DE,2024-08-01,348.570068359375,357.9100036621094,371.2099914550781,356.0199890136719,366.3699951171875,2991300
DE,2024-08-02,344.5186767578125,353.75,360.3900146484375,351.0899963378906,356.1600036621094,2820600
DE,2024-08-05,335.8411560058594,344.8399963378906,351.4100036621094,340.20001220703125,345.7699890136719,2509200
DE,2024-08-06,337.0293273925781,346.05999755859375,349.54998779296875,342.70001220703125,347.489990234375,1570900
DE,2024-08-07,336.9514465332031,345.9800109863281,354.0400085449219,345.8599853515625,350.0,1384500
DE,2024-08-08,340.0289306640625,349.1400146484375,350.8500061035156,346.3999938964844,346.8800048828125,1557700
DE,2024-08-09,337.0001220703125,346.0299987792969,348.9100036621094,343.3800048828125,348.6300048828125,1335200
DE,2024-08-12,336.0067443847656,345.010009765625,348.1600036621094,343.8999938964844,346.75,1581300
DE,2024-08-13,341.44110107421875,350.5899963378906,352.42999267578125,346.0,347.82000732421875,1696600
DE,2024-08-14,342.1131286621094,351.2799987792969,355.79998779296875,348.3500061035156,350.0,2040500
DE,2024-08-15,363.51953125,373.260009765625,378.4700012207031,357.8999938964844,359.20001220703125,3184500
DE,2024-08-16,368.0578918457031,377.9200134277344,378.5299987792969,371.1600036621094,372.1400146484375,2103100
DE,2024-08-19,363.17864990234375,372.9100036621094,381.010009765625,371.80999755859375,378.989990234375,1676500
DE,2024-08-20,362.8669738769531,372.5899963378906,376.6000061035156,371.760009765625,374.94000244140625,932300
DE,2024-08-21,367.2106018066406,377.04998779296875,377.8299865722656,372.1199951171875,373.8399963378906,1249100
DE,2024-08-22,366.7625732421875,376.5899963378906,378.1099853515625,373.54998779296875,377.0799865722656,1072700
DE,2024-08-23,371.23284912109375,381.17999267578125,382.8500061035156,376.5899963378906,378.79998779296875,1197500
DE,2024-08-26,373.09295654296875,383.0899963378906,385.29998779296875,380.67999267578125,381.4800109863281,1108500
DE,2024-08-27,366.1685485839844,375.9800109863281,382.0299987792969,374.94000244140625,381.5,1107200
DE,2024-08-28,368.0871276855469,377.95001220703125,379.3699951171875,374.4599914550781,374.989990234375,1096600
DE,2024-08-29,371.8561096191406,381.82000732421875,384.5,376.95001220703125,379.7900085449219,1075000
DE,2024-08-30,375.67376708984375,385.739990234375,385.8900146484375,378.45001220703125,382.20001220703125,1413200
DE,2024-09-03,375.62518310546875,385.69000244140625,388.3800048828125,379.9599914550781,384.8599853515625,1929700
DE,2024-09-04,381.7218322753906,391.95001220703125,398.5799865722656,386.1000061035156,386.5400085449219,2370300
DE,2024-09-05,373.6773376464844,383.69000244140625,395.0,382.8299865722656,392.0,1397300
DE,2024-09-06,371.6028747558594,381.55999755859375,389.0,381.32000732421875,384.8399963378906,1670300
DE,2024-09-09,377.1249694824219,387.2300109863281,392.0,383.4800109863281,384.1400146484375,1215300
DE,2024-09-10,377.193115234375,387.29998779296875,389.4599914550781,381.67999267578125,388.5199890136719,1041600
DE,2024-09-11,378.449462890625,388.5899963378906,388.8599853515625,378.6600036621094,386.6700134277344,1160000
DE,2024-09-12,376.90093994140625,387.0,389.05999755859375,383.1000061035156,386.6400146484375,1068500
DE,2024-09-13,384.3805236816406,394.67999267578125,395.20001220703125,386.4200134277344,389.989990234375,1126000
DE,2024-09-16,384.361083984375,394.6600036621094,399.6000061035156,393.1199951171875,396.0,940200
DE,2024-09-17,387.4970397949219,397.8800048828125,400.1199951171875,395.45001220703125,396.5,983200
DE,2024-09-18,390.603759765625,401.07000732421875,405.989990234375,396.8900146484375,398.0,1163500
DE,2024-09-19,399.0377502441406,409.7300109863281,412.45001220703125,403.3399963378906,406.5199890136719,1751000
DE,2024-09-20,395.29803466796875,405.8900146484375,409.9100036621094,402.4800109863281,406.6199951171875,2709400
DE,2024-09-23,398.2781982421875,408.95001220703125,410.260009765625,404.07000732421875,405.0199890136719,1184500
DE,2024-09-24,400.16754150390625,410.8900146484375,415.75,407.3699951171875,411.739990234375,1253600
DE,2024-09-25,396.31085205078125,406.92999267578125,413.8699951171875,406.07000732421875,412.8399963378906,923600
DE,2024-09-26,400.7323913574219,411.4700012207031,413.1499938964844,408.3699951171875,409.9599914550781,1062100
DE,2024-09-27,407.0920104980469,418.0,419.6300048828125,412.57000732421875,414.1000061035156,1410800
DE,2024-09-30,407.8738098144531,417.3299865722656,417.94000244140625,412.5400085449219,416.0,1176700
DE,2024-10-01,407.0040283203125,416.44000244140625,420.4700012207031,411.1199951171875,415.17999267578125,1089200
DE,2024-10-02,407.0528869628906,416.489990234375,417.5799865722656,414.1400146484375,416.1199951171875,863800
DE,2024-10-03,399.47845458984375,408.739990234375,413.8299865722656,407.7200012207031,412.69000244140625,1103800
DE,2024-10-04,398.7454833984375,407.989990234375,412.1400146484375,405.07000732421875,412.0,877900
DE,2024-10-07,396.83966064453125,406.0400085449219,409.0899963378906,404.3900146484375,407.8699951171875,942000
DE,2024-10-08,391.210205078125,400.2799987792969,405.9100036621094,398.7799987792969,403.5400085449219,981500
DE,2024-10-09,396.2923583984375,405.4800109863281,406.3699951171875,401.5,401.5,760300
DE,2024-10-10,396.5660095214844,405.760009765625,406.54998779296875,401.8599853515625,404.7699890136719,578100
DE,2024-10-11,401.76544189453125,411.0799865722656,412.3699951171875,404.4700012207031,405.04998779296875,653400
DE,2024-10-14,398.48162841796875,407.7200012207031,408.7799987792969,399.4599914550781,408.0299987792969,996200
DE,2024-10-15,392.8814392089844,401.989990234375,409.0400085449219,401.4800109863281,405.0199890136719,834600
DE,2024-10-16,400.0942077636719,409.3699951171875,410.45001220703125,403.1199951171875,403.2300109863281,867600
DE,2024-10-17,395.9600524902344,405.1400146484375,409.25,396.5299987792969,408.1199951171875,1398500
DE,2024-10-18,399.46868896484375,408.7300109863281,409.5799865722656,404.20001220703125,406.989990234375,749900
DE,2024-10-21,397.7388000488281,406.9599914550781,410.7300109863281,405.9200134277344,408.0,838600
DE,2024-10-22,397.4359130859375,406.6499938964844,407.8999938964844,401.80999755859375,407.04998779296875,610200
DE,2024-10-23,399.38079833984375,408.6400146484375,411.7300109863281,406.260009765625,407.25,1112700
DE,2024-10-24,401.7557067871094,411.07000732421875,411.760009765625,407.1700134277344,408.989990234375,718300
DE,2024-10-25,398.6868896484375,407.92999267578125,414.75,407.4200134277344,413.0,591000
DE,2024-10-28,403.0066833496094,412.3500061035156,413.3299865722656,408.25,409.0,828300
DE,2024-10-29,396.83966064453125,406.0400085449219,411.0,405.2099914550781,410.20001220703125,758600
DE,2024-10-30,395.5202331542969,404.69000244140625,408.1400146484375,401.3299865722656,402.6600036621094,785100
DE,2024-10-31,395.5202331542969,404.69000244140625,407.30999755859375,402.0,404.260009765625,746300
DE,2024-11-01,391.3470153808594,400.4200134277344,407.0799865722656,398.30999755859375,405.79998779296875,1522500
DE,2024-11-04,392.5784606933594,401.67999267578125,406.8599853515625,399.510009765625,400.4200134277344,801900
DE,2024-11-05,391.2981262207031,400.3699951171875,404.010009765625,396.7900085449219,398.30999755859375,902200
DE,2024-11-06,396.51715087890625,405.7099914550781,415.5,402.1099853515625,412.6199951171875,1664000
DE,2024-11-07,401.84368896484375,411.1600036621094,411.9700012207031,406.30999755859375,407.6099853515625,1073500
DE,2024-11-08,385.131103515625,394.05999755859375,406.489990234375,393.7200012207031,402.1000061035156,1623200
DE,2024-11-11,393.5264892578125,402.6499938964844,402.8800048828125,393.1700134277344,397.17999267578125,1143200
DE,2024-11-12,384.8281555175781,393.75,402.19000244140625,393.1199951171875,402.19000244140625,1144900
DE,2024-11-13,380.6256103515625,389.45001220703125,392.1300048828125,387.0299987792969,391.04998779296875,1474700
DE,2024-11-14,385.6979675292969,394.6400146484375,395.5199890136719,387.7900085449219,390.4200134277344,1225000
DE,2024-11-15,389.9103088378906,398.95001220703125,399.57000732421875,390.0,392.6700134277344,1168100
DE,2024-11-18,395.3638916015625,404.5299987792969,406.9800109863281,396.1400146484375,396.2099914550781,1457300
DE,2024-11-19,391.02447509765625,400.0899963378906,402.6199951171875,397.75,399.510009765625,1076500
DE,2024-11-20,395.7841491699219,404.9599914550781,408.94000244140625,400.6400146484375,404.1600036621094,1487000
DE,2024-11-21,427.6259765625,437.5400085449219,442.04998779296875,410.9599914550781,412.75,4148700
DE,2024-11-22,436.5294494628906,446.6499938964844,447.5,432.2099914550781,435.92999267578125,2202200
DE,2024-11-25,452.2060546875,462.69000244140625,469.3900146484375,446.70001220703125,448.0,3266900
DE,2024-11-26,450.5934753417969,461.0400085449219,463.3399963378906,454.3900146484375,456.6400146484375,1747300
DE,2024-11-27,455.4410400390625,466.0,467.05999755859375,461.1000061035156,461.9100036621094,1258700
DE,2024-11-29,455.3433532714844,465.8999938964844,469.0899963378906,464.1700134277344,466.0,732200
DE,2024-12-02,452.46014404296875,462.95001220703125,464.29998779296875,458.8500061035156,463.70001220703125,1318600
DE,2024-12-03,448.8440246582031,459.25,465.5400085449219,458.95001220703125,464.010009765625,1166100
DE,2024-12-04,445.9217529296875,456.260009765625,462.2300109863281,453.29998779296875,459.0,1056400
DE,2024-12-05,437.9661865234375,448.1199951171875,458.3699951171875,447.92999267578125,457.9800109863281,1159700
DE,2024-12-06,433.9395446777344,444.0,448.9599914550781,442.9700012207031,446.5,1129900
DE,2024-12-09,439.22698974609375,449.4100036621094,453.25,444.1199951171875,445.0,1209100
DE,2024-12-10,433.90045166015625,443.9599914550781,448.69000244140625,441.0,447.1300048828125,1215300
DE,2024-12-11,437.87823486328125,448.0299987792969,449.760009765625,446.0799865722656,447.9599914550781,1677400
DE,2024-12-12,429.5220031738281,439.4800109863281,447.6300048828125,438.4599914550781,447.6300048828125,867000
DE,2024-12-13,430.46026611328125,440.44000244140625,442.1199951171875,437.0199890136719,440.0,900700
DE,2024-12-16,428.4859924316406,438.4200134277344,441.3999938964844,436.0,440.3299865722656,956800
DE,2024-12-17,433.53875732421875,443.5899963378906,444.94000244140625,435.0,436.57000732421875,1357100
DE,2024-12-18,416.3474426269531,426.0,445.30999755859375,424.510009765625,443.20001220703125,1423600
DE,2024-12-19,416.9631042480469,426.6300048828125,431.05999755859375,421.9700012207031,428.07000732421875,1757200
DE,2024-12-20,422.6903381347656,432.489990234375,436.5,425.739990234375,426.010009765625,2446400
DE,2024-12-23,422.58282470703125,432.3800048828125,432.6300048828125,427.0,432.6300048828125,1093900
DE,2024-12-24,423.0324401855469,432.8399963378906,433.5899963378906,428.7099914550781,430.6099853515625,383200
DE,2024-12-26,424.009765625,433.8399963378906,435.45001220703125,430.44000244140625,431.7900085449219,444900
DE,2024-12-27,420.3154296875,430.05999755859375,435.1700134277344,427.0899963378906,432.3299865722656,735300
DE,2024-12-30,415.0182189941406,424.6400146484375,427.8999938964844,421.7300109863281,427.239990234375,792500
DE,2024-12-31,415.6853942871094,423.70001220703125,427.79998779296875,421.4599914550781,425.5,772700
DE,2025-01-02,410.2697448730469,418.17999267578125,428.8399963378906,417.8800048828125,426.0799865722656,1005300
DE,2025-01-03,414.2333068847656,422.2200012207031,422.94000244140625,416.67999267578125,419.8299865722656,875100
DE,2025-01-06,410.0931701660156,418.0,429.1000061035156,417.8800048828125,424.0,1077900
DE,2025-01-07,405.4526672363281,413.2699890136719,420.1000061035156,412.3500061035156,417.8500061035156,1223400
DE,2025-01-08,402.2445068359375,410.0,411.9700012207031,408.2099914550781,411.0799865722656,878000
DE,2025-01-10,400.8415832519531,408.57000732421875,411.3900146484375,403.010009765625,405.8900146484375,1699200
DE,2025-01-13,421.77789306640625,429.9100036621094,432.2699890136719,406.0799865722656,408.010009765625,1988700
DE,2025-01-14,424.1324462890625,432.30999755859375,433.44000244140625,427.3599853515625,430.70001220703125,1224700
DE,2025-01-15,420.76739501953125,428.8800048828125,438.0,426.45001220703125,437.9800109863281,1432100
DE,2025-01-16,430.8038635253906,439.1099853515625,439.8699951171875,428.510009765625,431.8900146484375,1181300
DE,2025-01-17,446.8249816894531,455.44000244140625,457.2200012207031,443.6400146484375,447.80999755859375,2315500
DE,2025-01-21,454.3891296386719,463.1499938964844,465.5899963378906,453.54998779296875,458.4700012207031,1733700
DE,2025-01-22,451.053466796875,459.75,464.32000732421875,458.57000732421875,462.8399963378906,1132200
DE,2025-01-23,465.7402648925781,474.7200012207031,475.9200134277344,460.6499938964844,461.1600036621094,1934700
DE,2025-01-24,469.7136535644531,478.7699890136719,479.4800109863281,472.3599853515625,474.4599914550781,1400800
DE,2025-01-27,474.9918518066406,484.1499938964844,484.3900146484375,474.1099853515625,480.0,1418500
DE,2025-01-28,470.91058349609375,479.989990234375,485.8399963378906,476.32000732421875,482.4100036621094,1642400
DE,2025-01-29,469.115234375,478.1600036621094,482.8399963378906,477.3299865722656,481.0,977000
DE,2025-01-30,470.91058349609375,479.989990234375,483.5799865722656,474.4200134277344,475.75,1122300
DE,2025-01-31,467.5454406738281,476.55999755859375,479.5899963378906,474.05999755859375,479.0,1400700
DE,2025-02-03,458.21533203125,467.04998779296875,469.6700134277344,459.1400146484375,464.1499938964844,1397700
DE,2025-02-04,463.3366394042969,472.2699890136719,474.6300048828125,465.0,468.6700134277344,1045500
DE,2025-02-05,458.8334045410156,467.67999267578125,473.989990234375,464.7099914550781,472.510009765625,1084600
DE,2025-02-06,456.18450927734375,464.9800109863281,471.3599853515625,463.4599914550781,471.3500061035156,809300
DE,2025-02-07,456.7927551269531,465.6000061035156,469.4700012207031,463.0,468.4200134277344,898000
DE,2025-02-10,461.08990478515625,469.9800109863281,471.8800048828125,464.0,467.5899963378906,1348800
DE,2025-02-11,465.3282165527344,474.29998779296875,476.70001220703125,468.8800048828125,469.5199890136719,1489000
DE,2025-02-12,467.5454406738281,476.55999755859375,477.7799987792969,463.9700012207031,468.80999755859375,2038900
DE,2025-02-13,457.4010925292969,466.2200012207031,474.3800048828125,451.2200012207031,454.5,3058400
DE,2025-02-14,471.13623046875,480.2200012207031,481.1400146484375,467.1000061035156,469.8999938964844,1919300
DE,2025-02-18,492.07257080078125,501.55999755859375,502.1000061035156,480.0,481.0,2367600
DE,2025-02-19,499.6367492675781,509.2699890136719,515.0499877929688,496.0,496.1600036621094,2095200
DE,2025-02-20,486.4117126464844,495.7900085449219,509.260009765625,493.1099853515625,508.1400146484375,1514500
DE,2025-02-21,480.71160888671875,489.9800109863281,498.7699890136719,487.260009765625,497.2699890136719,1104300
DE,2025-02-24,475.3843078613281,484.54998779296875,492.3500061035156,482.1499938964844,489.9800109863281,1245800
DE,2025-02-25,478.3668212890625,487.5899963378906,490.75,482.8500061035156,486.67999267578125,1214700
DE,2025-02-26,469.4683837890625,478.5199890136719,490.7300109863281,477.4200134277344,490.0,1557700
DE,2025-02-27,471.4599914550781,480.54998779296875,487.4599914550781,479.1600036621094,482.32000732421875,1328600
DE,2025-02-28,471.69549560546875,480.7900085449219,485.2099914550781,472.55999755859375,479.92999267578125,1995800
DE,2025-03-03,457.01837158203125,465.8299865722656,484.6700134277344,463.54998779296875,484.07000732421875,1487700
DE,2025-03-04,449.7093505859375,458.3800048828125,463.2900085449219,447.6499938964844,453.79998779296875,2325900
DE,2025-03-05,458.6568298339844,467.5,468.8399963378906,458.6499938964844,460.3900146484375,1291500
DE,2025-03-06,473.7066650390625,482.8399963378906,484.8900146484375,465.29998779296875,468.0,1695800
DE,2025-03-07,490.16925048828125,499.6199951171875,500.2699890136719,478.2699890136719,478.2699890136719,2615900
DE,2025-03-10,479.5343017578125,488.7799987792969,504.9800109863281,480.54998779296875,497.6199951171875,2174100
DE,2025-03-11,466.50555419921875,475.5,488.5400085449219,472.7099914550781,483.95001220703125,1492200
DE,2025-03-12,462.45361328125,471.3699951171875,476.6199951171875,463.2099914550781,474.989990234375,1679800
DE,2025-03-13,458.2546081542969,467.0899963378906,480.0,465.5,473.5400085449219,1314500
DE,2025-03-14,468.4676818847656,477.5,481.32000732421875,470.45001220703125,471.8699951171875,1018000
DE,2025-03-17,473.2259826660156,482.3500061035156,486.0799865722656,475.510009765625,477.3299865722656,893000
DE,2025-03-18,472.0682678222656,481.1700134277344,486.0400085449219,478.94000244140625,482.1300048828125,931700
DE,2025-03-19,470.3415832519531,479.4100036621094,482.82000732421875,477.17999267578125,478.760009765625,841700
DE,2025-03-20,467.99676513671875,477.0199890136719,480.5400085449219,468.0899963378906,476.0,1153400
DE,2025-03-21,463.4935607910156,472.42999267578125,475.70001220703125,468.29998779296875,473.6000061035156,1685000
DE,2025-03-24,470.8811340332031,479.9599914550781,483.2300109863281,474.1600036621094,476.6400146484375,903800
DE,2025-03-25,469.8706359863281,478.92999267578125,482.1600036621094,477.1499938964844,481.7099914550781,808200
DE,2025-03-26,474.4719543457031,483.6199951171875,484.8900146484375,477.17999267578125,481.4700012207031,811200
DE,2025-03-27,470.64569091796875,479.7200012207031,490.5799865722656,478.80999755859375,481.9100036621094,1193200
DE,2025-03-28,456.50830078125,465.30999755859375,479.54998779296875,462.75,477.5899963378906,1183600
DE,2025-03-31,462.0805969238281,469.3500061035156,472.8999938964844,458.3800048828125,460.760009765625,1496300
DE,2025-04-01,471.0396423339844,478.45001220703125,479.54998779296875,466.010009765625,469.3599853515625,1253600
DE,2025-04-02,463.6065979003906,470.8999938964844,474.489990234375,464.7799987792969,473.44000244140625,1394700
DE,2025-04-03,440.5198059082031,447.45001220703125,463.69000244140625,446.6000061035156,456.54998779296875,2287700
DE,2025-04-04,423.20220947265625,429.8599853515625,438.7900085449219,420.0400085449219,426.4599914550781,3609600
DE,2025-04-07,416.7930908203125,423.3500061035156,441.0400085449219,412.29998779296875,417.1300048828125,3007400
DE,2025-04-08,406.5935363769531,412.989990234375,435.5899963378906,406.0799865722656,433.4599914550781,1816400
DE,2025-04-09,445.5802001953125,452.5899963378906,455.6700134277344,404.4200134277344,407.7200012207031,2914700
DE,2025-04-10,437.310302734375,444.19000244140625,449.2300109863281,428.5299987792969,444.3599853515625,1956600
DE,2025-04-11,452.0189208984375,459.1300048828125,463.3800048828125,441.5,444.25,1245100
DE,2025-04-14,460.4266357421875,467.6700134277344,472.7799987792969,461.4700012207031,464.3299865722656,1283600
DE,2025-04-15,454.11590576171875,461.260009765625,467.1300048828125,460.6499938964844,464.67999267578125,1143600
DE,2025-04-16,445.412841796875,452.4200134277344,461.5899963378906,448.67999267578125,458.0299987792969,1015600
DE,2025-04-17,445.0682678222656,452.07000732421875,458.8699951171875,451.5299987792969,455.30999755859375,1044800
DE,2025-04-21,434.72100830078125,441.55999755859375,451.8599853515625,435.95001220703125,450.4200134277344,969300
DE,2025-04-22,447.6181640625,454.6600036621094,458.25,446.25,446.25,751600
DE,2025-04-23,449.3705749511719,456.44000244140625,471.9599914550781,454.3699951171875,462.95001220703125,1025500
DE,2025-04-24,457.3155822753906,464.510009765625,466.510009765625,456.9700012207031,458.5199890136719,828400
DE,2025-04-25,452.186279296875,459.29998779296875,465.9599914550781,457.3399963378906,464.1499938964844,983400
DE,2025-04-28,453.07232666015625,460.20001220703125,465.17999267578125,457.0799865722656,459.29998779296875,755100
DE,2025-04-29,453.50555419921875,460.6400146484375,462.8999938964844,452.4100036621094,457.4200134277344,799600
DE,2025-04-30,456.3802795410156,463.55999755859375,465.2900085449219,452.0,460.45001220703125,1325900
DE,2025-05-01,472.5853271484375,480.0199890136719,485.4700012207031,464.25,465.0,1855300
DE,2025-05-02,474.2098083496094,481.6700134277344,492.30999755859375,480.67999267578125,487.1300048828125,1108800
DE,2025-05-05,473.8849182128906,481.3399963378906,485.20001220703125,477.25,480.57000732421875,805200
DE,2025-05-06,467.9384460449219,475.29998779296875,481.7699890136719,475.010009765625,478.04998779296875,887700
DE,2025-05-07,465.0833740234375,472.3999938964844,477.4100036621094,469.260009765625,475.0899963378906,1011200
DE,2025-05-08,482.40093994140625,489.989990234375,494.19000244140625,476.510009765625,477.9100036621094,1568800
DE,2025-05-09,484.9704895019531,492.6000061035156,493.92999267578125,489.1199951171875,490.7200012207031,653500
DE,2025-05-12,487.9437255859375,495.6199951171875,514.0,493.9599914550781,507.739990234375,1597200
DE,2025-05-13,490.8480529785156,498.57000732421875,501.6600036621094,492.9700012207031,496.0199890136719,1500100
DE,2025-05-14,489.79461669921875,497.5,501.0199890136719,496.05999755859375,498.7699890136719,1601200
DE,2025-05-15,508.32318115234375,516.3200073242188,531.5399780273438,508.20001220703125,517.3499755859375,3211700
DE,2025-05-16,523.2483520507812,531.47998046875,533.780029296875,515.7999877929688,515.7999877929688,2322000
DE,2025-05-19,521.6239013671875,529.8300170898438,532.469970703125,521.5499877929688,526.010009765625,1273000
DE,2025-05-20,518.1781616210938,526.3300170898438,529.75,523.8099975585938,527.6900024414062,1250500
DE,2025-05-21,506.6888122558594,514.6599731445312,523.010009765625,514.0900268554688,519.5700073242188,1060100
DE,2025-05-22,507.66351318359375,515.6500244140625,519.1599731445312,511.3500061035156,512.8200073242188,949200
DE,2025-05-23,502.16009521484375,510.05999755859375,516.77001953125,508.69000244140625,510.95001220703125,850800
DE,2025-05-27,501.73675537109375,509.6300048828125,514.9400024414062,505.79998779296875,512.7899780273438,1103500
DE,2025-05-28,500.12213134765625,507.989990234375,511.7200012207031,505.8500061035156,510.3699951171875,739800
DE,2025-05-29,495.6524658203125,503.45001220703125,510.5,502.0799865722656,510.5,994200
DE,2025-05-30,498.4189453125,506.260009765625,513.8499755859375,503.1099853515625,505.17999267578125,1686500
DE,2025-06-02,499.9744567871094,507.8399963378906,509.2799987792969,501.0199890136719,506.1600036621094,993700
DE,2025-06-03,505.2022399902344,513.1500244140625,514.6699829101562,506.0199890136719,506.6000061035156,1107700
DE,2025-06-04,499.9154052734375,507.7799987792969,516.72998046875,507.45001220703125,514.4400024414062,992700
DE,2025-06-05,502.8393859863281,510.75,514.9000244140625,507.04998779296875,510.1000061035156,1126000
DE,2025-06-06,511.93634033203125,519.989990234375,526.0,518.02001953125,519.6300048828125,1473800
DE,2025-06-09,513.6000366210938,521.6799926757812,525.5999755859375,517.5999755859375,520.0,1101000
DE,2025-06-10,507.8309020996094,515.8200073242188,520.6099853515625,508.9599914550781,519.9299926757812,1294000
DE,2025-06-11,512.7731323242188,520.8400268554688,521.6099853515625,512.6300048828125,518.2100219726562,1037000
DE,2025-06-12,508.8547668457031,516.8599853515625,520.1099853515625,515.0,518.5,797000
DE,2025-06-13,501.6973571777344,509.5899963378906,516.4000244140625,507.7300109863281,513.0,824500
DE,2025-06-16,516.3173217773438,524.4400024414062,526.4400024414062,512.8499755859375,515.280029296875,1278800
DE,2025-06-17,515.017822265625,523.1199951171875,524.989990234375,519.9000244140625,522.8900146484375,862500
DE,2025-06-18,516.8489990234375,524.97998046875,531.3800048828125,521.3400268554688,522.0,959700
DE,2025-06-20,513.3048095703125,521.3800048828125,530.0,518.9400024414062,528.4500122070312,1389700
DE,2025-06-23,506.1177978515625,514.0800170898438,522.9199829101562,505.6600036621094,518.4600219726562,1261400
DE,2025-06-24,506.137451171875,514.0999755859375,518.5999755859375,507.8800048828125,518.5999755859375,1215600
DE,2025-06-25,498.8915100097656,506.739990234375,514.0,502.92999267578125,513.1099853515625,1189200
DE,2025-06-26,500.6537780761719,508.5299987792969,509.42999267578125,503.3500061035156,509.20001220703125,1199400
DE,2025-06-27,505.3893127441406,513.3400268554688,514.3699951171875,507.0899963378906,508.54998779296875,1835500
DE,2025-06-30,502.1992492675781,508.489990234375,512.3699951171875,504.4599914550781,512.0,1408600
DE,2025-07-01,502.0708312988281,508.3599853515625,514.8200073242188,494.92999267578125,504.67999267578125,1375200
DE,2025-07-02,513.873046875,520.3099975585938,520.5800170898438,507.3900146484375,508.8800048828125,1096800
DE,2025-07-03,514.5248413085938,520.969970703125,523.5800170898438,519.4299926757812,520.0,470300
DE,2025-07-07,503.9770202636719,510.2900085449219,519.4600219726562,506.9599914550781,519.0,1017000
DE,2025-07-08,502.61407470703125,508.9100036621094,514.72998046875,507.3399963378906,507.3699951171875,1285000
DE,2025-07-09,503.0289001464844,509.3299865722656,512.0700073242188,499.510009765625,510.9800109863281,1152400
DE,2025-07-10,512.7767944335938,519.2000122070312,528.97998046875,510.5,511.7099914550781,1268800
DE,2025-07-11,506.0707702636719,512.4099731445312,515.8800048828125,509.6600036621094,514.2000122070312,1046900
DE,2025-07-14,501.33013916015625,507.6099853515625,512.780029296875,502.1300048828125,512.5,1087100
DE,2025-07-15,497.24139404296875,503.4700012207031,511.6199951171875,503.1099853515625,507.6499938964844,1173100
DE,2025-07-16,501.44866943359375,507.7300109863281,508.6700134277344,499.1099853515625,503.0,1150600
DE,2025-07-17,492.9649353027344,499.1400146484375,512.9400024414062,492.05999755859375,505.79998779296875,1778500
DE,2025-07-18,493.63653564453125,499.82000732421875,503.20001220703125,496.8999938964844,502.3699951171875,1064500
DE,2025-07-21,490.100830078125,496.239990234375,506.25,496.0299987792969,504.7699890136719,1111000
DE,2025-07-22,499.4339294433594,505.69000244140625,508.19000244140625,496.17999267578125,497.1000061035156,975800
DE,2025-07-23,508.7966003417969,515.1699829101562,515.7999877929688,505.8999938964844,509.8699951171875,995100
DE,2025-07-24,508.2928771972656,514.6599731445312,517.5,511.4100036621094,512.72998046875,850000
DE,2025-07-25,510.9793395996094,517.3800048828125,519.0,508.7699890136719,514.6699829101562,858400
DE,2025-07-28,504.2337646484375,510.54998779296875,516.510009765625,509.04998779296875,516.4199829101562,824700
DE,2025-07-29,506.15966796875,512.5,514.7999877929688,505.9599914550781,511.67999267578125,1139100
DE,2025-07-30,501.5869445800781,507.8699951171875,512.719970703125,504.739990234375,510.44000244140625,1121000
DE,2025-07-31,517.8828125,524.3699951171875,526.5599975585938,512.0,512.0,1549300
DE,2025-08-01,494.7821960449219,500.9800109863281,520.1699829101562,500.0,519.0,1623100
DE,2025-08-04,504.24365234375,510.55999755859375,512.1699829101562,493.2900085449219,501.5,1087400
DE,2025-08-05,502.2881164550781,508.5799865722656,512.1099853515625,504.0,511.0199890136719,1027900
DE,2025-08-06,503.3350524902344,509.6400146484375,514.030029296875,507.3800048828125,509.8399963378906,966700
DE,2025-08-07,500.37213134765625,506.6400146484375,514.0499877929688,501.6300048828125,513.2100219726562,958500
DE,2025-08-08,504.0559997558594,510.3699951171875,516.280029296875,507.3299865722656,508.760009765625,883700
DE,2025-08-11,500.7079772949219,506.9800109863281,515.2899780273438,502.3699951171875,512.469970703125,1098000
DE,2025-08-12,499.5919189453125,505.8500061035156,513.47998046875,501.7699890136719,509.19000244140625,1285800
DE,2025-08-13,507.1867370605469,513.5399780273438,514.530029296875,500.54998779296875,507.05999755859375,1853600
DE,2025-08-14,472.91607666015625,478.8399963378906,485.3599853515625,470.5,485.0,5100700
DE,2025-08-15,482.75286865234375,488.79998779296875,492.3900146484375,473.9800109863281,476.1499938964844,2674700
DE,2025-08-18,485.05401611328125,491.1300048828125,492.25,480.0,486.3500061035156,1391600
DE,2025-08-19,483.3849182128906,489.44000244140625,499.20001220703125,487.04998779296875,491.3399963378906,1493700
DE,2025-08-20,486.6243896484375,492.7200012207031,496.2900085449219,487.4100036621094,489.3900146484375,1438800
DE,2025-08-21,480.73809814453125,486.760009765625,493.260009765625,484.6199951171875,491.20001220703125,844800
DE,2025-08-22,489.8538818359375,495.989990234375,499.1000061035156,489.29998779296875,490.3599853515625,1133400
DE,2025-08-25,481.8639831542969,487.8999938964844,496.3599853515625,487.6600036621094,496.25,729600
DE,2025-08-26,481.7257385253906,487.760009765625,490.3800048828125,480.010009765625,488.010009765625,1502800
DE,2025-08-27,486.9798889160156,493.0799865722656,493.6600036621094,485.4599914550781,486.1000061035156,912400
DE,2025-08-28,485.3601989746094,491.44000244140625,495.0,489.6099853515625,495.0,1120400
DE,2025-08-29,472.71856689453125,478.6400146484375,487.7900085449219,474.6199951171875,484.82000732421875,1535100
DE,2025-09-02,470.8815612792969,476.7799987792969,481.8900146484375,470.8500061035156,472.9200134277344,1600700
DE,2025-09-03,463.71136474609375,469.5199890136719,477.8399963378906,466.760009765625,475.2099914550781,1515400
DE,2025-09-04,469.02484130859375,474.8999938964844,474.8999938964844,466.9599914550781,470.0799865722656,1486800
DE,2025-09-05,467.4051208496094,473.260009765625,478.3900146484375,470.239990234375,475.3399963378906,1262400
DE,2025-09-08,475.55303955078125,481.510009765625,481.739990234375,471.04998779296875,473.8699951171875,1271500
DE,2025-09-09,469.7161865234375,475.6000061035156,483.3800048828125,469.79998779296875,479.9200134277344,1204300
DE,2025-09-10,465.51873779296875,471.3500061035156,479.489990234375,471.2200012207031,473.6600036621094,1347400
DE,2025-09-11,470.5655212402344,476.4599914550781,478.6199951171875,471.0899963378906,471.5,1368700
DE,2025-09-12,464.68914794921875,470.510009765625,474.3699951171875,469.29998779296875,473.9599914550781,1764500
DE,2025-09-15,463.3064270019531,469.1099853515625,473.04998779296875,462.8299865722656,472.260009765625,1787700
DE,2025-09-16,462.9015197753906,468.70001220703125,475.5,466.8800048828125,471.9800109863281,1659200
DE,2025-09-17,463.3163146972656,469.1199951171875,475.25,464.3299865722656,471.5799865722656,1522500
DE,2025-09-18,470.229736328125,476.1199951171875,478.1300048828125,466.0,467.25,1785000
DE,2025-09-19,463.8200378417969,469.6300048828125,477.7300109863281,468.8599853515625,476.0,2754900
DE,2025-09-22,463.2274475097656,469.0299987792969,472.20001220703125,464.75,467.94000244140625,1678800
DE,2025-09-23,465.8348083496094,471.6700134277344,474.8999938964844,468.2300109863281,471.3500061035156,997200
DE,2025-09-24,463.1385498046875,468.94000244140625,477.2200012207031,468.29998779296875,471.25,976900
DE,2025-09-25,460.92626953125,466.70001220703125,470.739990234375,464.010009765625,469.32000732421875,1343700
DE,2025-09-26,458.2497863769531,463.989990234375,471.0199890136719,463.32000732421875,467.05999755859375,1106200
DE,2025-09-29,459.7312316894531,465.489990234375,469.239990234375,463.25,465.8299865722656,1055900
DE,2025-09-30,453.1802062988281,457.260009765625,463.6499938964844,453.67999267578125,463.0,1954800
DE,2025-10-01,447.6995544433594,451.7300109863281,456.8299865722656,447.44000244140625,455.0,2141700
DE,2025-10-02,457.6994934082031,461.82000732421875,462.3399963378906,453.3500061035156,454.5199890136719,1511900
DE,2025-10-03,458.75006103515625,462.8800048828125,464.760009765625,459.5,461.0,989400
DE,2025-10-06,453.2297668457031,457.30999755859375,465.4700012207031,456.1300048828125,464.7099914550781,1150200
DE,2025-10-07,457.3923034667969,461.510009765625,465.9800109863281,458.5,459.760009765625,1237600
DE,2025-10-08,456.6390686035156,460.75,466.6300048828125,455.5899963378906,462.3800048828125,915300
DE,2025-10-09,452.1495056152344,456.2200012207031,462.6000061035156,455.010009765625,461.8900146484375,992700
DE,2025-10-10,442.3675842285156,446.3500061035156,460.6199951171875,441.8900146484375,456.8699951171875,1581100
DE,2025-10-13,435.192138671875,439.1099853515625,450.0,437.4599914550781,449.3699951171875,1758500
DE,2025-10-14,443.9532775878906,447.95001220703125,449.8299865722656,433.0,436.0799865722656,1258400
DE,2025-10-15,444.4587097167969,448.4599914550781,452.3599853515625,446.30999755859375,449.44000244140625,1019900
DE,2025-10-16,453.08111572265625,457.1600036621094,457.739990234375,445.54998779296875,450.3500061035156,1574500
DE,2025-10-17,454.4091491699219,458.5,465.7099914550781,454.6099853515625,462.5199890136719,1136300
DE,2025-10-20,458.31396484375,462.44000244140625,463.8900146484375,455.8900146484375,457.6099853515625,813800
DE,2025-10-21,455.7173767089844,459.82000732421875,466.7799987792969,458.75,461.1099853515625,953900
DE,2025-10-22,458.23468017578125,462.3599853515625,472.2200012207031,460.1300048828125,460.1300048828125,1293400
DE,2025-10-23,465.23175048828125,469.4200134277344,469.989990234375,460.7099914550781,465.55999755859375,1161800
DE,2025-10-24,468.5419616699219,472.760009765625,477.6000061035156,470.54998779296875,473.45001220703125,1187200
DE,2025-10-27,473.8342590332031,478.1000061035156,483.0,474.1600036621094,480.55999755859375,1273100
DE,2025-10-28,464.0126953125,468.19000244140625,476.5,467.8800048828125,475.45001220703125,1064700
DE,2025-10-29,469.265380859375,473.489990234375,477.8900146484375,469.0299987792969,471.8399963378906,1134800
DE,2025-10-30,461.2574768066406,465.4100036621094,479.80999755859375,465.2200012207031,472.1400146484375,1035000
DE,2025-10-31,457.5111999511719,461.6300048828125,464.5400085449219,458.7200012207031,463.57000732421875,1116400
DE,2025-11-03,457.8184509277344,461.94000244140625,463.79998779296875,454.5,459.79998779296875,957500
DE,2025-11-04,464.1216735839844,468.29998779296875,469.6700134277344,456.0,457.2900085449219,1576900
DE,2025-11-05,469.4635925292969,473.69000244140625,476.2900085449219,466.3999938964844,468.0,891600
DE,2025-11-06,471.1385498046875,475.3800048828125,481.2799987792969,469.5199890136719,475.1400146484375,1258600
DE,2025-11-07,463.61627197265625,467.7900085449219,471.25,457.6499938964844,463.9200134277344,1912500
DE,2025-11-10,470.1573486328125,474.3900146484375,476.54998779296875,463.67999267578125,468.8999938964844,922900
DE,2025-11-11,473.68560791015625,477.95001220703125,480.2200012207031,472.010009765625,474.55999755859375,1179100
DE,2025-11-12,476.4903869628906,480.7799987792969,484.92999267578125,477.7699890136719,479.0,1068200
DE,2025-11-13,469.1861267089844,473.4100036621094,482.7900085449219,472.8900146484375,481.32000732421875,1005300
DE,2025-11-14,471.98095703125,476.2300109863281,479.6499938964844,471.0,473.2900085449219,1180100
DE,2025-11-17,471.73321533203125,475.9800109863281,479.760009765625,473.1099853515625,475.2699890136719,1318400
DE,2025-11-18,469.6221923828125,473.8500061035156,477.1199951171875,470.0,471.4700012207031,1117500
DE,2025-11-19,470.533935546875,474.7699890136719,476.3999938964844,468.1600036621094,474.3599853515625,1202100
DE,2025-11-20,472.0800476074219,476.3299865722656,484.2099914550781,473.7099914550781,478.0,1543200
DE,2025-11-21,482.8927307128906,487.239990234375,491.0400085449219,476.510009765625,477.6400146484375,1835800
DE,2025-11-24,482.8828430175781,487.2300109863281,494.30999755859375,484.1000061035156,488.6199951171875,2182900
DE,2025-11-25,493.6855773925781,498.1300048828125,500.5199890136719,488.2200012207031,490.05999755859375,2188500
DE,2025-11-26,465.6777038574219,469.8699951171875,487.82000732421875,469.4100036621094,477.1300048828125,5473600
DE,2025-11-28,460.345703125,464.489990234375,473.6700134277344,463.010009765625,466.9100036621094,1682600
DE,2025-12-01,463.9333801269531,468.1099853515625,474.5,461.4100036621094,463.7200012207031,1824400
DE,2025-12-02,464.9640808105469,469.1499938964844,473.7699890136719,466.42999267578125,471.7200012207031,1303600
DE,2025-12-03,477.5210876464844,481.82000732421875,482.45001220703125,468.55999755859375,471.0,1157700
DE,2025-12-04,478.72027587890625,483.0299987792969,483.5,475.2099914550781,480.989990234375,1379800
DE,2025-12-05,470.8709411621094,475.1099853515625,485.44000244140625,473.69000244140625,481.3900146484375,1224900
DE,2025-12-08,462.1891174316406,466.3500061035156,488.989990234375,464.9200134277344,479.0199890136719,1896600
DE,2025-12-09,458.730224609375,462.8599853515625,469.32000732421875,461.79998779296875,464.8900146484375,1173700
DE,2025-12-10,464.7163391113281,468.8999938964844,469.9700012207031,455.9100036621094,462.6499938964844,1677800
DE,2025-12-11,471.69354248046875,475.94000244140625,480.739990234375,470.1300048828125,471.8800048828125,1186500
DE,2025-12-12,480.4744567871094,484.79998779296875,487.1700134277344,477.6000061035156,478.2200012207031,1852100
DE,2025-12-15,483.6558532714844,488.010009765625,488.989990234375,484.79998779296875,484.79998779296875,1473200
DE,2025-12-16,481.1087646484375,485.44000244140625,489.1499938964844,484.2099914550781,487.0,1632200
DE,2025-12-17,476.7084045410156,481.0,490.4200134277344,479.69000244140625,484.95001220703125,1641500
DE,2025-12-18,470.81146240234375,475.04998779296875,487.1300048828125,469.7799987792969,483.0400085449219,1927500
DE,2025-12-19,466.3714599609375,470.57000732421875,476.5,468.9200134277344,475.1000061035156,2990700
DE,2025-12-22,464.5874938964844,468.7699890136719,472.739990234375,467.6499938964844,471.5,1173200
DE,2025-12-23,462.0503234863281,466.2099914550781,471.17999267578125,465.4100036621094,470.3900146484375,1083700
DE,2025-12-24,463.26934814453125,467.44000244140625,468.3999938964844,464.3999938964844,466.0299987792969,343300
DE,2025-12-26,464.7460632324219,468.92999267578125,469.4100036621094,466.1300048828125,467.7300109863281,503200
DE,2025-12-29,466.0444030761719,470.239990234375,471.75,465.7900085449219,469.489990234375,981500
DE,2025-12-30,465.7470703125,469.94000244140625,473.20001220703125,468.3699951171875,469.8800048828125,826700
DE,2025-12-31,463.0121765136719,465.57000732421875,470.2300109863281,465.57000732421875,466.989990234375,812100
DE,2026-01-02,464.2353820800781,466.79998779296875,470.4800109863281,458.9200134277344,466.0,1175500
DE,2026-01-05,463.53924560546875,466.1000061035156,467.8900146484375,458.9599914550781,462.30999755859375,1320200
DE,2026-01-06,483.3100280761719,485.9800109863281,487.4599914550781,464.30999755859375,465.1000061035156,1621000
DE,2026-01-07,472.58929443359375,475.20001220703125,489.1000061035156,473.69000244140625,487.1400146484375,1286900
DE,2026-01-08,498.0486145019531,500.79998779296875,503.8800048828125,472.7200012207031,473.9200134277344,1796900
DE,2026-01-09,485.39849853515625,488.0799865722656,503.54998779296875,484.8599853515625,500.70001220703125,1725600
DE,2026-01-12,488.04388427734375,490.739990234375,497.0199890136719,484.3299865722656,486.32000732421875,1547500
DE,2026-01-13,496.7756652832031,499.5199890136719,499.5899963378906,490.0,492.3299865722656,849100
DE,2026-01-14,509.2864990234375,512.0999755859375,516.0900268554688,501.2200012207031,503.2300109863281,1890900
DE,2026-01-15,512.2103271484375,515.0399780273438,519.1799926757812,508.1499938964844,513.7999877929688,1203700
DE,2026-01-16,511.5739440917969,514.4000244140625,516.8099975585938,510.0,516.260009765625,1323300
DE,2026-01-20,505.88531494140625,508.67999267578125,515.260009765625,507.0899963378906,514.5599975585938,1377100
DE,2026-01-21,526.6008911132812,529.510009765625,530.2000122070312,511.1300048828125,512.6900024414062,1620600
DE,2026-01-22,519.5100708007812,522.3800048828125,532.6099853515625,521.1599731445312,529.260009765625,1159300
DE,2026-01-23,511.60369873046875,514.4299926757812,521.6300048828125,506.4200134277344,518.260009765625,1590500
DE,2026-01-26,513.7021484375,516.5399780273438,518.6599731445312,512.5700073242188,515.719970703125,750600
DE,2026-01-27,516.3375854492188,519.1900024414062,521.489990234375,513.8499755859375,517.3300170898438,1043300
DE,2026-01-28,522.1256103515625,525.010009765625,528.77001953125,519.0900268554688,519.9400024414062,1106700
DE,2026-01-29,527.1578369140625,530.0700073242188,537.260009765625,521.5399780273438,530.0,1493500
DE,2026-01-30,525.0991821289062,528.0,529.989990234375,518.7000122070312,524.9299926757812,1517800
DE,2026-02-02,529.3258666992188,532.25,534.7000122070312,522.3900146484375,527.25,1557900
DE,2026-02-03,542.0057983398438,545.0,545.3200073242188,533.0,533.260009765625,1605300
DE,2026-02-04,564.1434936523438,567.260009765625,571.5599975585938,548.0,548.0,3209200
DE,2026-02-05,562.6218872070312,565.72998046875,574.9400024414062,561.2000122070312,563.8300170898438,1913100
DE,2026-02-06,579.9064331054688,583.1099853515625,584.0599975585938,567.5499877929688,568.0,1440400
DE,2026-02-09,582.4523315429688,585.6699829101562,587.739990234375,574.2999877929688,580.0,1101800
DE,2026-02-10,590.1498413085938,593.4099731445312,593.760009765625,583.5900268554688,586.1099853515625,1609100
DE,2026-02-11,609.3239135742188,612.6900024414062,614.3400268554688,590.5,592.5,1826300
DE,2026-02-12,594.823974609375,598.1099853515625,626.25,596.780029296875,612.8699951171875,2767800
DE,2026-02-13,599.6075439453125,602.9199829101562,610.9600219726562,597.2000122070312,598.8599853515625,1565100
DE,2026-02-17,597.5390625,600.8400268554688,607.0399780273438,593.0499877929688,593.0499877929688,1863200
DE,2026-02-18,590.0105590820312,593.27001953125,603.8099975585938,590.9199829101562,603.8099975585938,2558200
DE,2026-02-19,658.3629760742188,662.0,674.1900024414062,628.719970703125,633.6099853515625,6653300
DE,2026-02-20,658.8502807617188,662.489990234375,666.9199829101562,646.4000244140625,664.25,2989900
DE,2026-02-23,643.2863159179688,646.8400268554688,669.7999877929688,644.4400024414062,652.1799926757812,2074700
DE,2026-02-24,640.9989013671875,644.5399780273438,647.8099975585938,634.760009765625,643.2999877929688,1399200
DE,2026-02-25,620.1838989257812,623.6099853515625,646.9299926757812,623.489990234375,645.27001953125,2100500
DE,2026-02-26,616.0567016601562,619.4600219726562,627.0,614.5999755859375,624.9600219726562,1421700
DE,2026-02-27,626.2504272460938,629.7100219726562,631.510009765625,613.489990234375,615.0,2015300
DE,2026-03-02,627.4139404296875,630.8800048828125,636.4500122070312,619.7899780273438,625.760009765625,996900
DE,2026-03-03,615.8180541992188,619.219970703125,623.5499877929688,609.2100219726562,620.0,1071400
DE,2026-03-04,610.6664428710938,614.0399780273438,622.719970703125,612.9500122070312,619.22998046875,1073200
DE,2026-03-05,587.4447631835938,590.6900024414062,610.3599853515625,586.2999877929688,607.6099853515625,1642100
DE,2026-03-06,586.5298461914062,589.77001953125,589.8499755859375,577.6300048828125,585.239990234375,1412700
DE,2026-03-09,596.1864624023438,599.47998046875,600.8200073242188,578.3200073242188,586.469970703125,1499500
DE,2026-03-10,589.463623046875,592.719970703125,603.030029296875,591.4299926757812,597.0800170898438,1092800
DE,2026-03-11,590.7763671875,594.0399780273438,598.0,585.2999877929688,590.760009765625,998400
DE,2026-03-12,582.6115112304688,585.8300170898438,593.6699829101562,582.3099975585938,591.4600219726562,1622500
DE,2026-03-13,574.3272094726562,577.5,589.6699829101562,571.5999755859375,585.0,1381700
DE,2026-03-16,569.3347778320312,572.47998046875,582.9400024414062,570.72998046875,581.969970703125,1150900
DE,2026-03-17,571.1050415039062,574.260009765625,576.8499755859375,562.1900024414062,576.3699951171875,1462300
DE,2026-03-18,567.8828735351562,571.02001953125,578.4099731445312,569.1300048828125,573.75,1226400
DE,2026-03-19,564.4617309570312,567.5800170898438,570.010009765625,557.9400024414062,563.1900024414062,1449100
DE,2026-03-20,556.6548461914062,559.72998046875,573.7100219726562,551.280029296875,568.5700073242188,2726900
DE,2026-03-23,565.90380859375,569.030029296875,571.9400024414062,564.030029296875,570.25,1244200
DE,2026-03-24,579.81689453125,583.02001953125,584.5,560.0,560.5499877929688,1144900
DE,2026-03-25,574.8145141601562,577.989990234375,590.6900024414062,577.1099853515625,588.5800170898438,930100
DE,2026-03-26,577.9970092773438,581.1900024414062,587.8499755859375,573.9600219726562,573.9600219726562,1516500
DE,2026-03-27,563.5269165039062,566.6400146484375,581.9199829101562,564.0499877929688,580.719970703125,1455800
DE,2026-03-30,552.4481201171875,555.5,573.2899780273438,555.0399780273438,572.2999877929688,1262900
DE,2026-03-31,561.84375,563.2999877929688,566.52001953125,549.6799926757812,560.0,1445400
DE,2026-04-01,569.224609375,570.7000122070312,579.3699951171875,564.1500244140625,565.4400024414062,1573400
DE,2026-04-02,574.2216796875,575.7100219726562,580.6900024414062,556.4500122070312,560.7000122070312,1248600
DE,2026-04-06,573.603271484375,575.0900268554688,575.2100219726562,566.6599731445312,572.3900146484375,1055700
DE,2026-04-07,574.5109252929688,576.0,576.1300048828125,569.3099975585938,573.3099975585938,876100
DE,2026-04-08,607.7447509765625,609.3200073242188,609.6799926757812,590.0,592.239990234375,1449900
DE,2026-04-09,616.40234375,618.0,618.9500122070312,607.4500122070312,607.6900024414062,1205800
DE,2026-04-10,603.4359130859375,605.0,619.239990234375,601.0599975585938,618.4500122070312,1263800
DE,2026-04-13,601.48095703125,603.0399780273438,607.9299926757812,598.8499755859375,604.4600219726562,1178300
DE,2026-04-14,594.4990844726562,596.0399780273438,602.4400024414062,593.6799926757812,599.4600219726562,868100
DE,2026-04-15,575.1492919921875,576.6400146484375,593.8599853515625,572.0999755859375,590.780029296875,1553900
DE,2026-04-16,582.6797485351562,584.1900024414062,585.530029296875,564.8200073242188,572.8400268554688,1443900
DE,2026-04-17,588.9335327148438,590.4600219726562,593.7000122070312,582.030029296875,586.0,1238700
DE,2026-04-20,592.9830322265625,594.52001953125,595.6400146484375,587.5499877929688,589.97998046875,919900
DE,2026-04-21,585.7816772460938,587.2999877929688,598.6599731445312,586.6099853515625,592.5599975585938,632000
DE,2026-04-22,578.4906005859375,579.989990234375,593.0999755859375,579.8099975585938,589.489990234375,796500
DE,2026-04-23,590.419677734375,591.9500122070312,594.969970703125,580.0,584.3699951171875,919200
DE,2026-04-24,561.1854858398438,562.6400146484375,588.1799926757812,561.6199951171875,585.3699951171875,1102600
DE,2026-04-27,566.222412109375,567.6900024414062,577.989990234375,564.1599731445312,566.6300048828125,1035200
DE,2026-04-28,562.4022827148438,563.8599853515625,574.4600219726562,559.760009765625,574.4500122070312,894800
DE,2026-04-29,558.572265625,560.02001953125,563.8599853515625,557.760009765625,558.27001953125,872400
DE,2026-04-30,588.3450317382812,589.8699951171875,594.4099731445312,562.4600219726562,562.4600219726562,1562300
DE,2026-05-01,575.7676391601562,577.260009765625,590.0700073242188,575.7000122070312,588.2999877929688,802600
DE,2026-05-04,576.8947143554688,578.3900146484375,581.969970703125,573.0,576.7000122070312,799100
DE,2026-05-05,574.3014526367188,575.7899780273438,590.77001953125,575.7899780273438,582.3800048828125,906100
DE,2026-05-06,590.1104736328125,591.6400146484375,593.5499877929688,579.9500122070312,579.9500122070312,983200
DE,2026-05-07,579.0391235351562,580.5399780273438,593.8099975585938,578.0800170898438,592.1300048828125,828800
DE,2026-05-08,573.3539428710938,574.8400268554688,582.97998046875,572.2999877929688,579.780029296875,896900
DE,2026-05-11,587.2179565429688,588.739990234375,589.1699829101562,573.72998046875,575.7100219726562,907400
DE,2026-05-12,587.6668090820312,589.1900024414062,593.97998046875,580.1599731445312,591.3699951171875,1264800
DE,2026-05-13,579.14892578125,580.6500244140625,591.010009765625,580.1599731445312,588.3400268554688,961500
DE,2026-05-14,573.1544189453125,574.6400146484375,587.1500244140625,574.0,580.1799926757812,1056300
DE,2026-05-15,560.3775634765625,561.8300170898438,572.6199951171875,555.5599975585938,572.0399780273438,971200
DE,2026-05-18,563.0306396484375,564.489990234375,568.0,557.4099731445312,564.1099853515625,848400
DE,2026-05-19,556.6272583007812,558.0700073242188,563.5900268554688,554.0499877929688,562.5700073242188,1027900
DE,2026-05-20,559.0111083984375,560.4600219726562,567.5999755859375,550.260009765625,556.0,1441200
DE,2026-05-21,529.976318359375,531.3499755859375,548.0,515.1500244140625,547.1799926757812,3212500
DE,2026-05-22,527.7820434570312,529.1500244140625,532.780029296875,521.5,531.52001953125,1763900
DE,2026-05-26,527.7520751953125,529.1199951171875,531.75,523.8099975585938,530.0,1419100
DE,2026-05-27,528.0214233398438,529.3900146484375,533.77001953125,526.030029296875,527.4500122070312,1332700
DE,2026-05-28,537.6065673828125,539.0,539.7100219726562,522.47998046875,527.4099731445312,1880200
DE,2026-05-29,540.7783203125,542.1799926757812,546.97998046875,535.0,536.27001953125,2271300
DE,2026-06-01,541.0277099609375,542.4299926757812,544.5700073242188,528.4500122070312,538.219970703125,2214300
DE,2026-06-02,577.7525024414062,579.25,580.739990234375,552.6500244140625,562.0,2045600
DE,2026-06-03,586.7691040039062,588.2899780273438,593.7899780273438,575.6099853515625,577.8400268554688,1840000
DE,2026-06-04,590.22021484375,591.75,604.510009765625,587.3699951171875,594.1500244140625,1769000
DE,2026-06-05,581.9317016601562,583.4400024414062,597.8200073242188,579.219970703125,590.6599731445312,1751600
DE,2026-06-08,572.1769409179688,573.6599731445312,592.6099853515625,565.6900024414062,585.7999877929688,1476300
DE,2026-06-09,575.8374633789062,577.3300170898438,582.780029296875,568.1799926757812,577.6300048828125,1037300
DE,2026-06-10,558.6021118164062,560.0499877929688,577.4600219726562,559.9400024414062,577.4600219726562,1112100
DE,2026-06-11,567.169921875,568.6400146484375,571.719970703125,556.6199951171875,561.719970703125,1266000
DE,2026-06-12,575.987060546875,577.47998046875,578.530029296875,567.25,569.5399780273438,854100
DE,2026-06-15,573.9822387695312,575.469970703125,593.3499755859375,574.72998046875,583.9099731445312,1541300
DE,2026-06-16,583.77685546875,585.2899780273438,590.489990234375,577.02001953125,578.1400146484375,747800
DE,2026-06-17,586.9486694335938,588.469970703125,598.47998046875,583.2000122070312,585.280029296875,1517200
DE,2026-06-18,587.7166748046875,589.239990234375,598.2100219726562,587.8400268554688,595.510009765625,1436100
DE,2026-06-22,597.0425415039062,598.5900268554688,603.8900146484375,587.4099731445312,589.5,934200
DE,2026-06-23,590.4097290039062,591.9400024414062,601.3800048828125,583.3800048828125,590.0599975585938,1384000
DE,2026-06-24,599.1968994140625,600.75,612.97998046875,592.0,592.6900024414062,1239400
DE,2026-06-25,629.1293334960938,630.760009765625,631.9299926757812,604.010009765625,606.4600219726562,1262300
DE,2026-06-26,611.6546020507812,613.239990234375,630.0499877929688,612.1599731445312,622.77001953125,2319500
DE,2026-06-29,625.010009765625,626.6300048828125,628.1799926757812,608.6199951171875,614.1099853515625,1207600
DE,2026-06-30,634.3300170898438,634.3300170898438,636.2899780273438,617.5800170898438,626.1699829101562,1758400
DE,2026-07-01,627.6300048828125,627.6300048828125,633.7999877929688,619.2999877929688,629.3200073242188,1636900
DE,2026-07-02,621.27001953125,621.27001953125,638.989990234375,615.1199951171875,638.0399780273438,1288800
DE,2026-07-06,635.239990234375,635.239990234375,637.7000122070312,617.6799926757812,619.1500244140625,1081700
DE,2026-07-07,603.6099853515625,603.6099853515625,634.9400024414062,592.5,630.3400268554688,1433100
DE,2026-07-08,596.739990234375,596.739990234375,601.5,590.77001953125,599.97998046875,1001100
DE,2026-07-09,592.9000244140625,592.9000244140625,606.0,591.3699951171875,602.8499755859375,840800
DE,2026-07-10,586.8599853515625,586.8599853515625,599.4400024414062,586.6799926757812,596.219970703125,782100
DE,2026-07-13,585.6400146484375,585.6400146484375,587.8300170898438,582.010009765625,585.7899780273438,996000
DE,2026-07-14,584.4000244140625,584.4000244140625,601.0,579.6199951171875,594.8300170898438,951000
DE,2026-07-15,589.47998046875,589.47998046875,590.1799926757812,576.4500122070312,583.9199829101562,1013700
DE,2026-07-16,598.969970703125,598.969970703125,599.75,583.9000244140625,585.0,807800
DE,2026-07-17,597.239990234375,597.239990234375,614.9199829101562,595.739990234375,596.0499877929688,938800
DE,2026-07-20,586.0,586.0,599.760009765625,582.5,597.47998046875,1105900
DE,2026-07-21,586.8800048828125,586.8800048828125,596.0,580.02001953125,592.0,950700
DE,2026-07-22,607.3300170898438,607.3300170898438,609.3699951171875,589.9000244140625,589.9000244140625,990100
DE,2026-07-23,610.02001953125,610.02001953125,615.9500122070312,606.739990234375,610.0,1695300
DE,2026-07-24,628.1599731445312,628.1599731445312,629.3400268554688,611.2899780273438,612.2100219726562,960300
DE,2026-07-27,625.02001953125,625.02001953125,628.030029296875,612.3800048828125,627.7100219726562,876500
DE,2026-07-28,639.8400268554688,639.8400268554688,643.989990234375,628.0,630.219970703125,1360000
DE,2026-07-29,610.9500122070312,610.9500122070312,634.010009765625,608.2100219726562,631.4299926757812,1346500
DE,2026-07-30,599.469970703125,599.469970703125,604.77001953125,590.0599975585938,600.6699829101562,1368800
DE,2026-07-31,592.6699829101562,592.6699829101562,602.989990234375,590.6300048828125,600.0599975585938,1123900
DE,2026-08-03,605.0599975585938,605.0599975585938,616.22998046875,600.5499877929688,602.9099731445312,1053200
DE,2026-08-04,617.3699951171875,617.3699951171875,622.0,597.22998046875,610.6599731445312,966300
DE,2026-08-05,612.0,612.0,624.72998046875,611.6199951171875,619.0,814700
DE,2026-08-06,614.8400268554688,614.8400268554688,618.1400146484375,611.1900024414062,614.5700073242188,817900
DE,2026-08-07,620.8300170898438,620.8300170898438,627.8800048828125,611.2100219726562,612.3499755859375,942000
DE,2026-08-10,609.280029296875,609.280029296875,623.5499877929688,603.1099853515625,621.1199951171875,1022900
DE,2026-08-11,617.9500122070312,617.9500122070312,621.2999877929688,606.3200073242188,608.469970703125,674700
DE,2026-08-12,619.77001953125,619.77001953125,623.280029296875,610.989990234375,618.97998046875,859000
DE,2026-08-13,612.3800048828125,612.3800048828125,622.010009765625,611.1099853515625,619.5499877929688,517500
DE,2026-08-14,608.8499755859375,608.8499755859375,616.0,607.0,608.8300170898438,802300
DE,2026-08-17,599.9199829101562,599.9199829101562,610.6400146484375,599.47998046875,606.3699951171875,1245700
DE,2026-08-18,588.719970703125,588.719970703125,604.0399780273438,588.0,603.9299926757812,1218300
DE,2026-08-19,580.6300048828125,580.6300048828125,596.0599975585938,579.3099975585938,589.5800170898438,1596700
DE,2026-08-20,620.9400024414062,620.9400024414062,639.0,586.47998046875,611.1199951171875,3200600
DE,2026-08-21,647.469970703125,647.469970703125,654.280029296875,607.9000244140625,623.260009765625,2392500
DE,2026-08-24,648.6400146484375,648.6400146484375,660.7000122070312,645.77001953125,653.0399780273438,1228900
DE,2026-08-25,630.6599731445312,630.6599731445312,653.1799926757812,627.1400146484375,652.0700073242188,1206900
DE,2026-08-26,634.5399780273438,634.5399780273438,639.6500244140625,630.4099731445312,632.1500244140625,830700
DE,2026-08-27,622.6599731445312,622.6599731445312,629.3499755859375,617.8099975585938,628.8200073242188,807500
DE,2026-08-31,654.9099731445312,654.9099731445312,657.1699829101562,641.1300048828125,648.0,1786500
DE,2026-09-01,676.0800170898438,676.0800170898438,677.8900146484375,654.0499877929688,655.3400268554688,2309600
