ticker,date,adj_close,close,high,low,open,volume
ES,2010-01-04,14.530343055725098,25.770000457763672,26.0,25.649999618530273,25.649999618530273,1206800
ES,2010-01-05,14.479599952697754,25.68000030517578,25.90999984741211,25.5,25.90999984741211,2014200
ES,2010-01-06,14.665670394897461,26.010000228881836,26.139999389648438,25.75,25.770000457763672,1550300
ES,2010-01-07,14.643115997314453,25.969999313354492,26.15999984741211,25.809999465942383,26.040000915527344,881300
ES,2010-01-08,14.682584762573242,26.040000915527344,26.239999771118164,25.770000457763672,25.8700008392334,969700
ES,2010-01-11,14.7784423828125,26.209999084472656,26.260000228881836,25.719999313354492,25.719999313354492,1441900
ES,2010-01-12,14.744608879089355,26.149999618530273,26.399999618530273,26.020000457763672,26.15999984741211,1083400
ES,2010-01-13,14.879927635192871,26.389999389648438,26.510000228881836,26.1200008392334,26.270000457763672,1077900
ES,2010-01-14,14.879927635192871,26.389999389648438,26.469999313354492,26.270000457763672,26.31999969482422,603000
ES,2010-01-15,14.63183879852295,25.950000762939453,26.56999969482422,25.84000015258789,26.489999771118164,2549000
ES,2010-01-19,14.891213417053223,26.40999984741211,26.440000534057617,25.93000030517578,25.93000030517578,1204800
ES,2010-01-20,14.817903518676758,26.280000686645508,26.360000610351562,26.059999465942383,26.219999313354492,1347500
ES,2010-01-21,14.637475967407227,25.959999084472656,26.6200008392334,25.829999923706055,26.3799991607666,1639600
ES,2010-01-22,14.355551719665527,25.459999084472656,26.280000686645508,25.450000762939453,26.010000228881836,1178300
ES,2010-01-25,14.400659561157227,25.540000915527344,25.700000762939453,25.31999969482422,25.6200008392334,1227500
ES,2010-01-26,14.355551719665527,25.459999084472656,25.600000381469727,25.350000381469727,25.360000610351562,887200
ES,2010-01-27,14.41193962097168,25.559999465942383,25.600000381469727,25.100000381469727,25.459999084472656,1787800
ES,2010-01-28,14.355551719665527,25.459999084472656,25.68000030517578,25.299999237060547,25.610000610351562,1336300
ES,2010-01-29,14.276611328125,25.31999969482422,25.68000030517578,25.280000686645508,25.610000610351562,1910800
ES,2010-02-01,14.451408386230469,25.6299991607666,25.639999389648438,25.06999969482422,25.469999313354492,1397300
ES,2010-02-02,14.654390335083008,25.989999771118164,26.0,25.350000381469727,25.56999969482422,1349600
ES,2010-02-03,14.626199722290039,25.940000534057617,26.0,25.729999542236328,25.760000228881836,1407500
ES,2010-02-04,14.22022819519043,25.219999313354492,25.850000381469727,25.200000762939453,25.780000686645508,1843500
ES,2010-02-05,14.175121307373047,25.139999389648438,25.290000915527344,24.75,25.25,1390500
ES,2010-02-08,13.972137451171875,24.780000686645508,25.1200008392334,24.760000228881836,25.100000381469727,975600
ES,2010-02-09,14.118736267089844,25.040000915527344,25.239999771118164,24.860000610351562,24.969999313354492,926500
ES,2010-02-10,14.090542793273926,24.989999771118164,25.139999389648438,24.68000030517578,25.040000915527344,1044200
ES,2010-02-11,14.22022819519043,25.219999313354492,25.219999313354492,24.770000457763672,25.0,1050600
ES,2010-02-12,14.169478416442871,25.1299991607666,25.209999084472656,24.899999618530273,25.110000610351562,1187300
ES,2010-02-16,14.541622161865234,25.790000915527344,25.790000915527344,25.309999465942383,25.34000015258789,957800
ES,2010-02-17,14.575453758239746,25.850000381469727,26.030000686645508,25.780000686645508,25.920000076293945,1177000
ES,2010-02-18,14.738969802856445,26.139999389648438,26.260000228881836,25.829999923706055,25.829999923706055,1946700
ES,2010-02-19,15.03780746459961,26.670000076293945,26.719999313354492,26.09000015258789,26.139999389648438,1316300
ES,2010-02-22,15.04344654083252,26.68000030517578,26.829999923706055,26.6200008392334,26.75,648300
ES,2010-02-23,14.846100807189941,26.329999923706055,26.65999984741211,26.280000686645508,26.6299991607666,1257100
ES,2010-02-24,14.806633949279785,26.260000228881836,26.579999923706055,26.010000228881836,26.420000076293945,1582800
ES,2010-02-25,14.559511184692383,25.56999969482422,25.610000610351562,25.149999618530273,25.149999618530273,1918900
ES,2010-02-26,14.576594352722168,25.600000381469727,25.780000686645508,25.389999389648438,25.68000030517578,1619000
ES,2010-03-01,14.866987228393555,26.110000610351562,26.149999618530273,25.719999313354492,25.719999313354492,1071000
ES,2010-03-02,14.93531322479248,26.229999542236328,26.3799991607666,26.170000076293945,26.229999542236328,1153100
ES,2010-03-03,14.895451545715332,26.15999984741211,26.389999389648438,26.1299991607666,26.229999542236328,1116000
ES,2010-03-04,14.952396392822266,26.260000228881836,26.270000457763672,26.079999923706055,26.15999984741211,922100
ES,2010-03-05,15.094748497009277,26.510000228881836,26.520000457763672,26.280000686645508,26.5,970100
ES,2010-03-08,15.134602546691895,26.579999923706055,26.75,26.540000915527344,26.639999389648438,831000
ES,2010-03-09,15.083355903625488,26.489999771118164,26.610000610351562,26.3700008392334,26.549999237060547,992900
ES,2010-03-10,15.220020294189453,26.729999542236328,26.729999542236328,26.34000015258789,26.479999542236328,1188800
ES,2010-03-11,15.1858491897583,26.670000076293945,26.799999237060547,26.360000610351562,26.360000610351562,1051300
ES,2010-03-12,15.265562057495117,26.809999465942383,26.959999084472656,26.65999984741211,26.920000076293945,976300
ES,2010-03-15,15.373750686645508,27.0,27.0,26.739999771118164,26.760000228881836,673000
ES,2010-03-16,15.516107559204102,27.25,27.25,26.809999465942383,27.010000228881836,1094900
ES,2010-03-17,15.464849472045898,27.15999984741211,27.280000686645508,27.020000457763672,27.280000686645508,1301900
ES,2010-03-18,15.470544815063477,27.170000076293945,27.270000457763672,27.059999465942383,27.15999984741211,1166600
ES,2010-03-19,15.464849472045898,27.15999984741211,27.479999542236328,27.049999237060547,27.15999984741211,1317600
ES,2010-03-22,15.425000190734863,27.09000015258789,27.209999084472656,26.940000534057617,27.06999969482422,1170100
ES,2010-03-23,15.510406494140625,27.239999771118164,27.270000457763672,26.969999313354492,27.1200008392334,755400
ES,2010-03-24,15.345284461975098,26.950000762939453,27.25,26.940000534057617,27.200000762939453,666700
ES,2010-03-25,15.425000190734863,27.09000015258789,27.200000762939453,27.010000228881836,27.030000686645508,1764000
ES,2010-03-26,15.385146141052246,27.020000457763672,27.219999313354492,26.889999389648438,27.110000610351562,1231400
ES,2010-03-29,15.681221008300781,27.540000915527344,27.549999237060547,27.110000610351562,27.110000610351562,753700
ES,2010-03-30,15.846349716186523,27.829999923706055,28.0,27.559999465942383,27.579999923706055,1614200
ES,2010-03-31,15.73816204071045,27.639999389648438,27.8799991607666,27.530000686645508,27.790000915527344,914700
ES,2010-04-01,15.926068305969238,27.969999313354492,28.100000381469727,27.75,27.75,1008400
ES,2010-04-05,15.965924263000488,28.040000915527344,28.1200008392334,27.940000534057617,28.0,709900
ES,2010-04-06,16.057025909423828,28.200000762939453,28.209999084472656,27.93000030517578,27.979999542236328,638500
ES,2010-04-07,15.897592544555664,27.920000076293945,28.190000534057617,27.760000228881836,28.139999389648438,1915400
ES,2010-04-08,15.772331237792969,27.700000762939453,27.719999313354492,27.420000076293945,27.719999313354492,1284400
ES,2010-04-09,15.834965705871582,27.809999465942383,27.84000015258789,27.450000762939453,27.700000762939453,832800
ES,2010-04-12,15.82927417755127,27.799999237060547,27.989999771118164,27.65999984741211,27.850000381469727,1485700
ES,2010-04-13,15.795113563537598,27.739999771118164,27.790000915527344,27.420000076293945,27.770000457763672,843000
ES,2010-04-14,15.869131088256836,27.8700008392334,27.8799991607666,27.59000015258789,27.75,574200
ES,2010-04-15,15.880516052246094,27.889999389648438,27.969999313354492,27.649999618530273,27.670000076293945,843700
ES,2010-04-16,15.590130805969238,27.3799991607666,27.979999542236328,27.360000610351562,27.809999465942383,1361700
ES,2010-04-19,15.635677337646484,27.459999084472656,27.459999084472656,27.1299991607666,27.3799991607666,1390500
ES,2010-04-20,15.704002380371094,27.579999923706055,27.6299991607666,27.479999542236328,27.6200008392334,877500
ES,2010-04-21,15.743855476379395,27.649999618530273,27.65999984741211,27.440000534057617,27.579999923706055,846300
ES,2010-04-22,15.812185287475586,27.770000457763672,27.809999465942383,27.450000762939453,27.530000686645508,1020100
ES,2010-04-23,15.806501388549805,27.760000228881836,27.8700008392334,27.649999618530273,27.780000686645508,1661400
ES,2010-04-26,15.743855476379395,27.649999618530273,27.899999618530273,27.559999465942383,27.739999771118164,1337100
ES,2010-04-27,15.385146141052246,27.020000457763672,27.579999923706055,27.0,27.479999542236328,1515100
ES,2010-04-28,15.561649322509766,27.329999923706055,27.399999618530273,26.950000762939453,27.18000030517578,2326300
ES,2010-04-29,15.698311805725098,27.56999969482422,27.59000015258789,27.260000228881836,27.489999771118164,1352900
ES,2010-04-30,15.823576927185059,27.790000915527344,28.030000686645508,27.59000015258789,27.649999618530273,1411800
ES,2010-05-03,15.800798416137695,27.75,28.0,27.600000381469727,27.959999084472656,2588300
ES,2010-05-04,15.590130805969238,27.3799991607666,27.579999923706055,27.229999542236328,27.479999542236328,1622600
ES,2010-05-05,15.425000190734863,27.09000015258789,27.43000030517578,26.920000076293945,27.149999618530273,1260400
ES,2010-05-06,14.804359436035156,26.0,26.979999542236328,25.0,26.979999542236328,2291400
ES,2010-05-07,14.536737442016602,25.530000686645508,26.079999923706055,25.170000076293945,25.950000762939453,2970700
ES,2010-05-10,14.992250442504883,26.329999923706055,26.420000076293945,25.989999771118164,26.3700008392334,1331100
ES,2010-05-11,15.094748497009277,26.510000228881836,26.760000228881836,26.030000686645508,26.149999618530273,1441500
ES,2010-05-12,15.333892822265625,26.93000030517578,26.93000030517578,26.350000381469727,26.520000457763672,1294100
ES,2010-05-13,15.163074493408203,26.6299991607666,27.030000686645508,26.600000381469727,26.899999618530273,1078600
ES,2010-05-14,15.145994186401367,26.600000381469727,26.780000686645508,26.329999923706055,26.5,1619000
ES,2010-05-17,15.134602546691895,26.579999923706055,26.81999969482422,26.260000228881836,26.709999084472656,924100
ES,2010-05-18,15.083355903625488,26.489999771118164,26.93000030517578,26.450000762939453,26.739999771118164,1518500
ES,2010-05-19,15.151683807373047,26.610000610351562,26.829999923706055,26.229999542236328,26.360000610351562,3189400
ES,2010-05-20,14.792970657348633,25.979999542236328,26.489999771118164,25.979999542236328,26.1200008392334,3131700
ES,2010-05-21,14.866987228393555,26.110000610351562,26.299999237060547,25.549999237060547,25.65999984741211,2190400
ES,2010-05-24,14.690472602844238,25.799999237060547,26.18000030517578,25.690000534057617,25.950000762939453,1334700
ES,2010-05-25,14.531045913696289,25.520000457763672,25.549999237060547,24.829999923706055,25.280000686645508,1933300
ES,2010-05-26,14.661996841430664,25.75,26.18000030517578,25.610000610351562,25.719999313354492,2128400
ES,2010-05-27,14.849494934082031,25.81999969482422,25.989999771118164,25.639999389648438,25.989999771118164,1425900
ES,2010-05-28,14.92425537109375,25.950000762939453,26.200000762939453,25.770000457763672,25.850000381469727,2188900
ES,2010-06-01,14.550434112548828,25.299999237060547,26.06999969482422,25.280000686645508,25.829999923706055,1424900
ES,2010-06-02,14.88399600982666,25.8799991607666,25.90999984741211,25.25,25.399999618530273,1480000
ES,2010-06-03,15.14855670928955,26.34000015258789,26.440000534057617,25.969999313354492,25.989999771118164,1476300
ES,2010-06-04,14.584936141967773,25.360000610351562,25.969999313354492,25.290000915527344,25.860000610351562,1782700
ES,2010-06-07,14.550434112548828,25.299999237060547,25.700000762939453,25.270000457763672,25.360000610351562,1236300
ES,2010-06-08,14.676960945129395,25.520000457763672,25.549999237060547,25.110000610351562,25.270000457763672,1260200
ES,2010-06-09,14.538925170898438,25.280000686645508,25.709999084472656,25.18000030517578,25.59000015258789,1220000
ES,2010-06-10,14.958763122558594,26.010000228881836,26.010000228881836,25.6299991607666,25.639999389648438,884800
ES,2010-06-11,14.958763122558594,26.010000228881836,26.059999465942383,25.739999771118164,25.8799991607666,976000
ES,2010-06-14,14.99902629852295,26.079999923706055,26.280000686645508,25.93000030517578,26.1200008392334,2025400
ES,2010-06-15,15.229070663452148,26.479999542236328,26.479999542236328,26.149999618530273,26.149999618530273,1676400
ES,2010-06-16,15.326831817626953,26.649999618530273,26.729999542236328,26.31999969482422,26.389999389648438,1817600
ES,2010-06-17,15.52237606048584,26.989999771118164,27.0,26.530000686645508,26.690000534057617,1912600
ES,2010-06-18,15.453365325927734,26.8700008392334,27.059999465942383,26.84000015258789,27.020000457763672,1171900
ES,2010-06-21,15.326831817626953,26.649999618530273,27.18000030517578,26.510000228881836,27.079999923706055,1440500
ES,2010-06-22,14.98751449584961,26.059999465942383,26.739999771118164,26.020000457763672,26.700000762939453,1264200
ES,2010-06-23,14.757472038269043,25.65999984741211,26.09000015258789,25.549999237060547,26.09000015258789,1058400
ES,2010-06-24,14.791979789733887,25.719999313354492,26.0,25.520000457763672,25.6200008392334,1088700
ES,2010-06-25,14.83224105834961,25.790000915527344,26.010000228881836,25.450000762939453,25.829999923706055,1123800
ES,2010-06-28,14.953019142150879,26.0,26.110000610351562,25.610000610351562,25.75,631600
ES,2010-06-29,14.682709693908691,25.530000686645508,25.780000686645508,25.290000915527344,25.780000686645508,1514300
ES,2010-06-30,14.653947830200195,25.479999542236328,25.899999618530273,25.3799991607666,25.489999771118164,1242700
ES,2010-07-01,14.682709693908691,25.530000686645508,25.600000381469727,25.239999771118164,25.510000228881836,1432200
ES,2010-07-02,14.751714706420898,25.649999618530273,25.84000015258789,25.440000534057617,25.440000534057617,1228700
ES,2010-07-06,14.964520454406738,26.020000457763672,26.1299991607666,25.709999084472656,25.860000610351562,1238000
ES,2010-07-07,15.390103340148926,26.760000228881836,26.770000457763672,25.899999618530273,25.989999771118164,1145700
ES,2010-07-08,15.556883811950684,27.049999237060547,27.329999923706055,26.739999771118164,26.979999542236328,2110900
ES,2010-07-09,15.459115982055664,26.8799991607666,27.040000915527344,26.639999389648438,27.040000915527344,1472600
ES,2010-07-12,15.52237606048584,26.989999771118164,27.09000015258789,26.729999542236328,26.770000457763672,826500
ES,2010-07-13,15.71216106414795,27.31999969482422,27.540000915527344,27.219999313354492,27.540000915527344,1732300
ES,2010-07-14,15.694920539855957,27.290000915527344,27.299999237060547,26.979999542236328,27.209999084472656,1591800
ES,2010-07-15,15.878945350646973,27.610000610351562,27.670000076293945,27.1200008392334,27.329999923706055,1531800
ES,2010-07-16,15.510876655578613,26.969999313354492,27.59000015258789,26.90999984741211,27.5,1236300
ES,2010-07-19,15.677655220031738,27.260000228881836,27.399999618530273,26.969999313354492,27.020000457763672,880800
ES,2010-07-20,15.86745548248291,27.59000015258789,27.600000381469727,26.959999084472656,27.059999465942383,1078500
ES,2010-07-21,15.683408737182617,27.270000457763672,27.68000030517578,27.139999389648438,27.68000030517578,1044100
ES,2010-07-22,15.982470512390137,27.790000915527344,27.889999389648438,27.510000228881836,27.530000686645508,923700
ES,2010-07-23,16.074487686157227,27.950000762939453,27.959999084472656,27.43000030517578,27.700000762939453,1206600
ES,2010-07-26,16.183767318725586,28.139999389648438,28.15999984741211,27.93000030517578,27.969999313354492,1189500
ES,2010-07-27,16.500076293945312,28.690000534057617,28.719999313354492,28.219999313354492,28.219999313354492,1487900
ES,2010-07-28,16.327537536621094,28.389999389648438,28.780000686645508,28.290000915527344,28.780000686645508,1349800
ES,2010-07-29,16.13199806213379,28.049999237060547,28.65999984741211,27.940000534057617,28.610000610351562,1139800
ES,2010-07-30,16.01122283935547,27.84000015258789,28.1200008392334,27.729999542236328,27.93000030517578,1330500
ES,2010-08-02,16.390798568725586,28.5,28.59000015258789,28.170000076293945,28.170000076293945,1251100
ES,2010-08-03,16.275774002075195,28.299999237060547,28.459999084472656,28.229999542236328,28.3799991607666,1089900
ES,2010-08-04,16.54608154296875,28.770000457763672,29.030000686645508,28.350000381469727,28.479999542236328,2280200
ES,2010-08-05,16.758874893188477,29.139999389648438,29.190000534057617,28.56999969482422,28.719999313354492,1600100
ES,2010-08-06,16.661104202270508,28.969999313354492,29.15999984741211,28.68000030517578,28.959999084472656,1833300
ES,2010-08-09,16.695613861083984,29.030000686645508,29.3700008392334,28.940000534057617,29.06999969482422,1336300
ES,2010-08-10,16.79338836669922,29.200000762939453,29.40999984741211,28.75,28.790000915527344,1066200
ES,2010-08-11,16.626596450805664,28.90999984741211,29.010000228881836,28.68000030517578,28.8799991607666,2150200
ES,2010-08-12,16.465566635131836,28.6299991607666,28.700000762939453,28.309999465942383,28.56999969482422,1159500
ES,2010-08-13,16.53458023071289,28.75,29.0,28.459999084472656,28.459999084472656,961100
ES,2010-08-16,16.59209632873535,28.850000381469727,28.90999984741211,28.40999984741211,28.610000610351562,861000
ES,2010-08-17,16.816381454467773,29.239999771118164,29.40999984741211,28.770000457763672,29.049999237060547,1146300
ES,2010-08-18,16.672611236572266,28.989999771118164,29.309999465942383,28.850000381469727,29.190000534057617,1482300
ES,2010-08-19,16.448314666748047,28.600000381469727,28.8700008392334,28.290000915527344,28.84000015258789,1307700
ES,2010-08-20,16.413806915283203,28.540000915527344,28.600000381469727,28.329999923706055,28.40999984741211,1045200
ES,2010-08-23,16.47707176208496,28.649999618530273,28.920000076293945,28.579999923706055,28.709999084472656,640800
ES,2010-08-24,16.55183219909668,28.780000686645508,29.020000457763672,28.290000915527344,28.420000076293945,1320300
ES,2010-08-25,16.620845794677734,28.899999618530273,28.979999542236328,28.530000686645508,28.670000076293945,1377100
ES,2010-08-26,16.436813354492188,28.579999923706055,28.889999389648438,28.43000030517578,28.799999237060547,1984300
ES,2010-08-27,16.80488395690918,29.219999313354492,29.260000228881836,28.469999313354492,28.700000762939453,1937000
ES,2010-08-30,16.622705459594727,28.649999618530273,29.010000228881836,28.530000686645508,28.90999984741211,1591100
ES,2010-08-31,16.80836296081543,28.969999313354492,29.079999923706055,28.299999237060547,28.510000228881836,2228600
ES,2010-09-01,17.19710350036621,29.639999389648438,29.860000610351562,29.200000762939453,29.280000686645508,1950700
ES,2010-09-02,16.94761085510254,29.209999084472656,29.829999923706055,29.200000762939453,29.690000534057617,2282900
ES,2010-09-03,17.104267120361328,29.479999542236328,29.610000610351562,29.260000228881836,29.420000076293945,1390300
ES,2010-09-07,16.95921516418457,29.229999542236328,29.43000030517578,29.209999084472656,29.399999618530273,1015800
ES,2010-09-08,16.901193618774414,29.1299991607666,29.299999237060547,29.040000915527344,29.239999771118164,1246400
ES,2010-09-09,17.104267120361328,29.479999542236328,29.6299991607666,29.309999465942383,29.440000534057617,1140400
ES,2010-09-10,17.069456100463867,29.420000076293945,29.510000228881836,28.959999084472656,29.270000457763672,1342000
ES,2010-09-13,17.31313705444336,29.84000015258789,29.899999618530273,29.420000076293945,29.68000030517578,1370500
ES,2010-09-14,17.359561920166016,29.920000076293945,30.149999618530273,29.59000015258789,29.799999237060547,1453000
ES,2010-09-15,17.1796932220459,29.610000610351562,29.950000762939453,29.530000686645508,29.950000762939453,1450400
ES,2010-09-16,16.976625442504883,29.260000228881836,29.700000762939453,29.149999618530273,29.59000015258789,1501400
ES,2010-09-17,16.895402908325195,29.1200008392334,29.43000030517578,29.0,29.399999618530273,1518900
ES,2010-09-20,17.104267120361328,29.479999542236328,29.530000686645508,29.1299991607666,29.239999771118164,1160300
ES,2010-09-21,16.95921516418457,29.229999542236328,29.56999969482422,29.170000076293945,29.549999237060547,2067500
ES,2010-09-22,16.96501922607422,29.239999771118164,29.459999084472656,29.170000076293945,29.170000076293945,1633100
ES,2010-09-23,16.814165115356445,28.979999542236328,29.229999542236328,28.93000030517578,29.149999618530273,1557600
ES,2010-09-24,17.173891067504883,29.600000381469727,29.600000381469727,29.260000228881836,29.299999237060547,1069500
ES,2010-09-27,17.231908798217773,29.700000762939453,29.84000015258789,29.399999618530273,29.549999237060547,1709300
ES,2010-09-28,17.295730590820312,29.809999465942383,29.8799991607666,29.5,29.65999984741211,1222700
ES,2010-09-29,17.330543518066406,29.8700008392334,29.979999542236328,29.530000686645508,29.84000015258789,807700
ES,2010-09-30,17.156484603881836,29.56999969482422,30.25,29.549999237060547,30.09000015258789,2598100
ES,2010-10-01,17.307334899902344,29.829999923706055,29.920000076293945,29.510000228881836,29.860000610351562,1022600
ES,2010-10-04,17.295730590820312,29.809999465942383,30.079999923706055,29.690000534057617,29.729999542236328,1160900
ES,2010-10-05,17.527809143066406,30.209999084472656,30.209999084472656,29.829999923706055,30.040000915527344,1508100
ES,2010-10-06,17.52201271057129,30.200000762939453,30.290000915527344,30.09000015258789,30.25,1442100
ES,2010-10-07,17.539419174194336,30.229999542236328,30.389999389648438,30.1299991607666,30.299999237060547,799400
ES,2010-10-08,17.585830688476562,30.309999465942383,30.40999984741211,30.06999969482422,30.309999465942383,990900
ES,2010-10-11,17.678661346435547,30.469999313354492,30.56999969482422,30.260000228881836,30.329999923706055,758900
ES,2010-10-12,17.591638565063477,30.31999969482422,30.459999084472656,30.1200008392334,30.399999618530273,1338000
ES,2010-10-13,17.66706657409668,30.450000762939453,30.600000381469727,30.299999237060547,30.420000076293945,1079900
ES,2010-10-14,17.661258697509766,30.440000534057617,30.600000381469727,30.290000915527344,30.469999313354492,1040700
ES,2010-10-15,17.812114715576172,30.700000762939453,30.729999542236328,30.360000610351562,30.639999389648438,1275800
ES,2010-10-18,17.649656295776367,30.420000076293945,31.049999237060547,30.209999084472656,30.75,5094800
ES,2010-10-19,17.864337921142578,30.790000915527344,30.93000030517578,30.110000610351562,30.18000030517578,4345200
ES,2010-10-20,17.928150177001953,30.899999618530273,31.010000228881836,30.739999771118164,30.809999465942383,1741600
ES,2010-10-21,17.812114715576172,30.700000762939453,31.09000015258789,30.489999771118164,31.010000228881836,1445600
ES,2010-10-22,17.899141311645508,30.850000381469727,30.850000381469727,30.5,30.700000762939453,1497900
ES,2010-10-25,18.090604782104492,31.18000030517578,31.350000381469727,30.979999542236328,31.040000915527344,2045500
ES,2010-10-26,17.951358795166016,30.940000534057617,31.239999771118164,30.8799991607666,31.110000610351562,2562100
ES,2010-10-27,18.009382247924805,31.040000915527344,31.059999465942383,30.639999389648438,30.84000015258789,1710200
ES,2010-10-28,18.102216720581055,31.200000762939453,31.329999923706055,31.030000686645508,31.200000762939453,1964100
ES,2010-10-29,18.148622512817383,31.280000686645508,31.459999084472656,31.0,31.149999618530273,1336400
ES,2010-11-01,18.235658645629883,31.43000030517578,32.209999084472656,31.100000381469727,32.060001373291016,1882900
ES,2010-11-02,18.49675178527832,31.8799991607666,31.8799991607666,31.59000015258789,31.68000030517578,1221300
ES,2010-11-03,18.3284854888916,31.59000015258789,31.950000762939453,31.329999923706055,31.950000762939453,1494000
ES,2010-11-04,18.47353744506836,31.84000015258789,32.099998474121094,31.790000915527344,31.8799991607666,2147100
ES,2010-11-05,18.42131996154785,31.75,31.979999542236328,31.600000381469727,31.889999389648438,1210500
ES,2010-11-08,18.282073974609375,31.510000228881836,31.700000762939453,31.31999969482422,31.6299991607666,1232500
ES,2010-11-09,18.137022018432617,31.260000228881836,31.600000381469727,31.100000381469727,31.510000228881836,1403700
ES,2010-11-10,18.17763900756836,31.329999923706055,31.350000381469727,30.969999313354492,31.25,1478100
ES,2010-11-11,18.235658645629883,31.43000030517578,31.459999084472656,31.139999389648438,31.139999389648438,1336400
ES,2010-11-12,18.15442657470703,31.290000915527344,31.360000610351562,31.06999969482422,31.290000915527344,1451200
ES,2010-11-15,18.403919219970703,31.719999313354492,31.8700008392334,31.420000076293945,31.639999389648438,1451000
ES,2010-11-16,18.102216720581055,31.200000762939453,31.579999923706055,31.0,31.540000915527344,2073900
ES,2010-11-17,18.113819122314453,31.219999313354492,31.389999389648438,31.059999465942383,31.350000381469727,889300
ES,2010-11-18,18.340097427368164,31.610000610351562,31.6299991607666,31.34000015258789,31.520000457763672,3326600
ES,2010-11-19,18.235658645629883,31.43000030517578,31.700000762939453,31.25,31.610000610351562,3515200
ES,2010-11-22,18.363306045532227,31.649999618530273,31.739999771118164,31.110000610351562,31.280000686645508,4107400
ES,2010-11-23,18.24146270751953,31.440000534057617,31.549999237060547,31.1200008392334,31.440000534057617,1508600
ES,2010-11-24,18.479341506958008,31.850000381469727,31.850000381469727,31.479999542236328,31.6299991607666,1520300
ES,2010-11-26,18.386510848999023,31.690000534057617,31.969999313354492,31.56999969482422,31.700000762939453,976500
ES,2010-11-29,18.2496395111084,31.200000762939453,31.399999618530273,30.84000015258789,31.34000015258789,1480000
ES,2010-11-30,18.191150665283203,31.100000381469727,31.260000228881836,30.889999389648438,30.959999084472656,1423200
ES,2010-12-01,18.477754592895508,31.59000015258789,31.719999313354492,31.260000228881836,31.540000915527344,1355900
ES,2010-12-02,18.6005916595459,31.799999237060547,31.829999923706055,31.530000686645508,31.670000076293945,1377400
ES,2010-12-03,18.507007598876953,31.639999389648438,31.84000015258789,31.43000030517578,31.729999542236328,1499800
ES,2010-12-06,18.436811447143555,31.520000457763672,31.68000030517578,31.459999084472656,31.549999237060547,777300
ES,2010-12-07,18.325679779052734,31.329999923706055,31.770000457763672,31.239999771118164,31.75,1026400
ES,2010-12-08,18.2496395111084,31.200000762939453,31.489999771118164,31.100000381469727,31.43000030517578,765100
ES,2010-12-09,18.390018463134766,31.440000534057617,31.469999313354492,31.139999389648438,31.450000762939453,1057400
ES,2010-12-10,18.524547576904297,31.670000076293945,31.670000076293945,31.440000534057617,31.540000915527344,856500
ES,2010-12-13,18.48360824584961,31.600000381469727,31.920000076293945,31.549999237060547,31.790000915527344,1064400
ES,2010-12-14,18.606435775756836,31.809999465942383,31.969999313354492,31.65999984741211,31.709999084472656,1040600
ES,2010-12-15,18.343223571777344,31.360000610351562,31.889999389648438,31.329999923706055,31.799999237060547,1239000
ES,2010-12-16,18.61813735961914,31.829999923706055,31.829999923706055,31.280000686645508,31.389999389648438,785500
ES,2010-12-17,18.647380828857422,31.8799991607666,31.90999984741211,31.670000076293945,31.809999465942383,1560700
ES,2010-12-20,18.682483673095703,31.940000534057617,32.13999938964844,31.729999542236328,32.06999969482422,1326800
ES,2010-12-21,18.65323257446289,31.889999389648438,32.09000015258789,31.809999465942383,32.040000915527344,1497300
ES,2010-12-22,18.676631927490234,31.93000030517578,32.060001373291016,31.84000015258789,31.959999084472656,1031500
ES,2010-12-23,18.635684967041016,31.860000610351562,32.0,31.770000457763672,31.8799991607666,942600
ES,2010-12-27,18.577194213867188,31.760000228881836,31.799999237060547,31.540000915527344,31.739999771118164,1018100
ES,2010-12-28,18.6707820892334,31.920000076293945,31.979999542236328,31.600000381469727,31.829999923706055,947100
ES,2010-12-29,18.740976333618164,32.040000915527344,32.16999816894531,31.860000610351562,31.979999542236328,1043500
ES,2010-12-30,18.746816635131836,32.04999923706055,32.189998626708984,32.0,32.060001373291016,842600
ES,2010-12-31,18.647380828857422,31.8799991607666,32.209999084472656,31.860000610351562,32.08000183105469,860200
ES,2011-01-03,18.688331604003906,31.950000762939453,32.209999084472656,31.899999618530273,32.04999923706055,1362400
ES,2011-01-04,18.65908432006836,31.899999618530273,32.040000915527344,31.639999389648438,32.040000915527344,2075900
ES,2011-01-05,18.419265747070312,31.489999771118164,31.850000381469727,31.40999984741211,31.809999465942383,2333400
ES,2011-01-06,18.39586639404297,31.450000762939453,31.540000915527344,31.260000228881836,31.440000534057617,1726200
ES,2011-01-07,18.501150131225586,31.6299991607666,31.700000762939453,31.34000015258789,31.489999771118164,1200200
ES,2011-01-10,18.460214614868164,31.559999465942383,31.6299991607666,31.190000534057617,31.489999771118164,1535300
ES,2011-01-11,18.46605682373047,31.56999969482422,31.770000457763672,31.510000228881836,31.610000610351562,1115600
ES,2011-01-12,18.49530601501465,31.6200008392334,31.790000915527344,31.56999969482422,31.700000762939453,1727700
ES,2011-01-13,18.57134246826172,31.75,31.799999237060547,31.540000915527344,31.6200008392334,1085300
ES,2011-01-14,18.723419189453125,32.0099983215332,32.0099983215332,31.610000610351562,31.700000762939453,1535900
ES,2011-01-18,19.05683135986328,32.58000183105469,32.689998626708984,31.979999542236328,32.11000061035156,2413800
ES,2011-01-19,18.933996200561523,32.369998931884766,32.77000045776367,32.31999969482422,32.630001068115234,1067000
ES,2011-01-20,19.091920852661133,32.63999938964844,32.79999923706055,32.40999984741211,32.41999816894531,1348300
ES,2011-01-21,19.05683135986328,32.58000183105469,32.869998931884766,32.470001220703125,32.869998931884766,1212200
ES,2011-01-24,19.197214126586914,32.81999969482422,32.97999954223633,32.61000061035156,32.63999938964844,1199000
ES,2011-01-25,19.325899124145508,33.040000915527344,33.04999923706055,32.7599983215332,32.779998779296875,1355200
ES,2011-01-26,19.091920852661133,32.63999938964844,33.029998779296875,32.56999969482422,33.029998779296875,2536000
ES,2011-01-27,19.197214126586914,32.81999969482422,32.86000061035156,32.5099983215332,32.65999984741211,1847600
ES,2011-01-28,19.1679630279541,32.77000045776367,33.310001373291016,32.68000030517578,32.97999954223633,3375200
ES,2011-01-31,19.255701065063477,32.91999816894531,33.18000030517578,32.68000030517578,32.90999984741211,2215900
ES,2011-02-01,19.70609474182129,33.689998626708984,33.88999938964844,32.91999816894531,33.099998474121094,2617500
ES,2011-02-02,19.72364616394043,33.720001220703125,33.849998474121094,33.4900016784668,33.59000015258789,1822900
ES,2011-02-03,19.741195678710938,33.75,33.86000061035156,33.459999084472656,33.70000076293945,2211600
ES,2011-02-04,19.735349655151367,33.7400016784668,33.86000061035156,33.45000076293945,33.77000045776367,1654100
ES,2011-02-07,19.77629280090332,33.810001373291016,34.0099983215332,33.630001068115234,33.72999954223633,1991100
ES,2011-02-08,19.70609474182129,33.689998626708984,33.869998931884766,33.59000015258789,33.83000183105469,942600
ES,2011-02-09,19.770437240600586,33.79999923706055,33.79999923706055,33.52000045776367,33.72999954223633,1587400
ES,2011-02-10,19.76459312438965,33.790000915527344,33.84000015258789,33.529998779296875,33.56999969482422,1921400
ES,2011-02-11,19.63590431213379,33.56999969482422,33.619998931884766,33.25,33.439998626708984,1885400
ES,2011-02-14,19.53647232055664,33.400001525878906,33.59000015258789,33.13999938964844,33.58000183105469,1108500
ES,2011-02-15,19.589113235473633,33.4900016784668,33.540000915527344,33.189998626708984,33.31999969482422,1029200
ES,2011-02-16,19.57741355895996,33.470001220703125,33.75,33.22999954223633,33.4900016784668,966900
ES,2011-02-17,19.665149688720703,33.619998931884766,33.779998779296875,33.41999816894531,33.4900016784668,873500
ES,2011-02-18,19.55986213684082,33.439998626708984,33.59000015258789,33.290000915527344,33.45000076293945,1260400
ES,2011-02-22,19.55986213684082,33.439998626708984,33.470001220703125,33.18000030517578,33.18000030517578,1108500
ES,2011-02-23,19.47797393798828,33.29999923706055,33.689998626708984,33.29999923706055,33.5,1721200
ES,2011-02-24,19.401935577392578,33.16999816894531,33.36000061035156,33.02000045776367,33.220001220703125,1646400
ES,2011-02-25,19.817752838134766,33.599998474121094,33.619998931884766,33.040000915527344,33.040000915527344,1255000
ES,2011-02-28,20.077274322509766,34.040000915527344,34.15999984741211,33.75,33.77000045776367,1955100
ES,2011-03-01,19.95931625366211,33.84000015258789,34.349998474121094,33.7400016784668,34.209999084472656,1766700
ES,2011-03-02,20.053688049316406,34.0,34.150001525878906,33.7400016784668,33.7400016784668,1545800
ES,2011-03-03,20.165752410888672,34.189998626708984,34.38999938964844,34.06999969482422,34.15999984741211,1164800
ES,2011-03-04,19.953413009643555,33.83000183105469,34.25,33.4900016784668,34.130001068115234,2162800
ES,2011-03-07,20.124467849731445,34.119998931884766,34.54999923706055,33.93000030517578,33.97999954223633,2485700
ES,2011-03-08,20.525527954101562,34.79999923706055,34.900001525878906,34.13999938964844,34.2599983215332,1598700
ES,2011-03-09,20.684783935546875,35.06999969482422,35.130001068115234,34.540000915527344,34.66999816894531,1317400
ES,2011-03-10,20.336793899536133,34.47999954223633,34.849998474121094,34.400001525878906,34.83000183105469,1246400
ES,2011-03-11,20.378080368041992,34.54999923706055,34.720001220703125,34.06999969482422,34.47999954223633,1556100
ES,2011-03-14,20.236526489257812,34.310001373291016,34.439998626708984,34.060001373291016,34.34000015258789,1904200
ES,2011-03-15,19.888540267944336,33.720001220703125,33.939998626708984,33.52000045776367,33.58000183105469,1257700
ES,2011-03-16,19.581832885742188,33.20000076293945,33.790000915527344,32.84000015258789,33.77000045776367,2586100
ES,2011-03-17,19.758771896362305,33.5,33.61000061035156,32.93000030517578,33.58000183105469,1520500
ES,2011-03-18,19.859046936035156,33.66999816894531,34.099998474121094,33.54999923706055,33.84000015258789,1351700
ES,2011-03-21,20.177541732788086,34.209999084472656,34.5,33.90999984741211,33.97999954223633,984100
ES,2011-03-22,20.148052215576172,34.15999984741211,34.380001068115234,34.06999969482422,34.279998779296875,1046300
ES,2011-03-23,20.171646118164062,34.20000076293945,34.2400016784668,33.880001068115234,34.08000183105469,894900
ES,2011-03-24,20.142154693603516,34.150001525878906,34.369998931884766,34.0,34.34000015258789,1181700
ES,2011-03-25,20.142154693603516,34.150001525878906,34.40999984741211,34.11000061035156,34.25,1058700
ES,2011-03-28,19.97110366821289,33.86000061035156,34.38999938964844,33.84000015258789,34.18000030517578,1305600
ES,2011-03-29,20.20113182067871,34.25,34.34000015258789,33.75,33.869998931884766,1086100
ES,2011-03-30,20.507835388183594,34.77000045776367,34.84000015258789,34.380001068115234,34.400001525878906,1072600
ES,2011-03-31,20.407567977905273,34.599998474121094,34.9900016784668,34.56999969482422,34.75,1263700
ES,2011-04-01,20.572721481323242,34.880001068115234,35.029998779296875,34.689998626708984,34.7400016784668,929300
ES,2011-04-04,20.584518432617188,34.900001525878906,35.060001373291016,34.77000045776367,34.97999954223633,681000
ES,2011-04-05,20.50194549560547,34.7599983215332,34.959999084472656,34.70000076293945,34.91999816894531,797600
ES,2011-04-06,20.578615188598633,34.88999938964844,35.06999969482422,34.7400016784668,34.810001373291016,675200
ES,2011-04-07,20.395780563354492,34.58000183105469,34.83000183105469,34.40999984741211,34.75,1381900
ES,2011-04-08,20.366283416748047,34.529998779296875,34.779998779296875,34.2599983215332,34.779998779296875,1126100
ES,2011-04-11,20.165752410888672,34.189998626708984,34.560001373291016,34.099998474121094,34.54999923706055,1352300
ES,2011-04-12,20.094968795776367,34.06999969482422,34.279998779296875,34.02000045776367,34.099998474121094,1711300
ES,2011-04-13,19.982908248901367,33.880001068115234,34.2599983215332,33.779998779296875,34.16999816894531,1685900
ES,2011-04-14,19.918025970458984,33.77000045776367,33.83000183105469,33.56999969482422,33.7400016784668,2565500
ES,2011-04-15,20.03009033203125,33.959999084472656,34.08000183105469,33.7400016784668,33.7400016784668,2052400
ES,2011-04-18,19.746976852416992,33.47999954223633,33.7400016784668,33.310001373291016,33.66999816894531,1952500
ES,2011-04-19,19.84724998474121,33.650001525878906,33.66999816894531,33.439998626708984,33.52000045776367,1378800
ES,2011-04-20,20.142154693603516,34.150001525878906,34.209999084472656,33.900001525878906,33.939998626708984,1781300
ES,2011-04-21,20.271913528442383,34.369998931884766,34.43000030517578,34.130001068115234,34.25,1171300
ES,2011-04-25,20.407567977905273,34.599998474121094,34.689998626708984,34.34000015258789,34.380001068115234,1480700
ES,2011-04-26,20.51963233947754,34.790000915527344,35.09000015258789,34.66999816894531,34.75,1900000
ES,2011-04-27,20.7260684967041,35.13999938964844,35.209999084472656,34.810001373291016,34.90999984741211,1134100
ES,2011-04-28,20.867626190185547,35.380001068115234,35.5099983215332,35.09000015258789,35.099998474121094,833100
ES,2011-04-29,20.997385025024414,35.599998474121094,35.66999816894531,35.31999969482422,35.45000076293945,1339300
ES,2011-05-02,21.03866958618164,35.66999816894531,35.88999938964844,35.59000015258789,35.83000183105469,810600
ES,2011-05-03,21.068159103393555,35.720001220703125,35.9900016784668,35.58000183105469,35.70000076293945,987600
ES,2011-05-04,21.07406234741211,35.72999954223633,35.849998474121094,35.38999938964844,35.68000030517578,1442500
ES,2011-05-05,20.796846389770508,35.2599983215332,35.630001068115234,35.150001525878906,35.599998474121094,1505500
ES,2011-05-06,20.820438385009766,35.29999923706055,35.75,35.040000915527344,35.52000045776367,1383500
ES,2011-05-09,20.903011322021484,35.439998626708984,35.529998779296875,35.0,35.279998779296875,1029900
ES,2011-05-10,21.085851669311523,35.75,36.02000045776367,35.52000045776367,35.529998779296875,2005700
ES,2011-05-11,21.03277015686035,35.65999984741211,35.75,35.439998626708984,35.7400016784668,1715100
ES,2011-05-12,21.239208221435547,36.0099983215332,36.06999969482422,35.54999923706055,35.54999923706055,1100000
ES,2011-05-13,21.192028045654297,35.93000030517578,36.18000030517578,35.58000183105469,36.11000061035156,1153700
ES,2011-05-16,21.174331665039062,35.900001525878906,36.15999984741211,35.7599983215332,35.880001068115234,982100
ES,2011-05-17,21.386661529541016,36.2599983215332,36.310001373291016,35.75,35.86000061035156,1685500
ES,2011-05-18,21.41615104675293,36.310001373291016,36.33000183105469,35.91999816894531,36.27000045776367,1276700
ES,2011-05-19,21.386661529541016,36.2599983215332,36.470001220703125,36.02000045776367,36.400001525878906,1141200
ES,2011-05-20,21.292301177978516,36.099998474121094,36.22999954223633,35.880001068115234,36.189998626708984,1200000
ES,2011-05-23,20.926605224609375,35.47999954223633,35.86000061035156,35.459999084472656,35.86000061035156,1231000
ES,2011-05-24,20.956098556518555,35.529998779296875,35.65999984741211,35.38999938964844,35.630001068115234,986700
ES,2011-05-25,20.849929809570312,35.349998474121094,35.5,34.790000915527344,35.349998474121094,2253600
ES,2011-05-26,20.855833053588867,35.36000061035156,35.45000076293945,35.040000915527344,35.220001220703125,1211300
ES,2011-05-27,20.817190170288086,35.02000045776367,35.29999923706055,34.91999816894531,35.220001220703125,928300
ES,2011-05-31,20.947967529296875,35.2400016784668,35.369998931884766,34.95000076293945,35.31999969482422,1557600
ES,2011-06-01,20.74586296081543,34.900001525878906,35.279998779296875,34.900001525878906,35.130001068115234,1557400
ES,2011-06-02,20.739906311035156,34.88999938964844,34.939998626708984,34.560001373291016,34.900001525878906,1891800
ES,2011-06-03,20.365415573120117,34.2599983215332,34.52000045776367,34.09000015258789,34.4900016784668,2222400
ES,2011-06-06,20.13953399658203,33.880001068115234,34.2599983215332,33.869998931884766,34.20000076293945,1630600
ES,2011-06-07,20.222755432128906,34.02000045776367,34.2599983215332,33.880001068115234,34.029998779296875,1391800
ES,2011-06-08,20.305978775024414,34.15999984741211,34.33000183105469,33.880001068115234,33.9900016784668,1559900
ES,2011-06-09,20.258424758911133,34.08000183105469,34.31999969482422,34.040000915527344,34.279998779296875,1051400
ES,2011-06-10,20.13953399658203,33.880001068115234,34.08000183105469,33.869998931884766,33.959999084472656,1139100
ES,2011-06-13,20.163301467895508,33.91999816894531,34.0,33.65999984741211,33.88999938964844,1015300
ES,2011-06-14,20.252479553222656,34.06999969482422,34.189998626708984,33.81999969482422,34.150001525878906,1255200
ES,2011-06-15,20.15142250061035,33.900001525878906,34.08000183105469,33.68000030517578,33.86000061035156,1893300
ES,2011-06-16,20.37136459350586,34.27000045776367,34.310001373291016,33.90999984741211,33.95000076293945,1680600
ES,2011-06-17,20.64480209350586,34.72999954223633,34.83000183105469,34.439998626708984,34.54999923706055,2238200
ES,2011-06-20,20.840972900390625,35.060001373291016,35.06999969482422,34.59000015258789,34.720001220703125,1613900
ES,2011-06-21,20.930139541625977,35.209999084472656,35.45000076293945,34.91999816894531,35.16999816894531,1436300
ES,2011-06-22,20.69235610961914,34.810001373291016,35.15999984741211,34.66999816894531,35.09000015258789,1842600
ES,2011-06-23,20.549694061279297,34.56999969482422,34.58000183105469,34.15999984741211,34.4900016784668,2257200
ES,2011-06-24,20.591312408447266,34.63999938964844,34.91999816894531,34.59000015258789,34.61000061035156,1403500
ES,2011-06-27,20.817190170288086,35.02000045776367,35.06999969482422,34.650001525878906,34.66999816894531,1400300
ES,2011-06-28,20.94202423095703,35.22999954223633,35.380001068115234,35.029998779296875,35.099998474121094,1258000
ES,2011-06-29,20.918241500854492,35.189998626708984,35.439998626708984,35.150001525878906,35.40999984741211,1954800
ES,2011-06-30,20.90635871887207,35.16999816894531,35.36000061035156,35.04999923706055,35.33000183105469,1470500
ES,2011-07-01,21.233299255371094,35.720001220703125,35.7400016784668,35.13999938964844,35.220001220703125,1196500
ES,2011-07-05,21.203577041625977,35.66999816894531,35.869998931884766,35.4900016784668,35.70000076293945,1224400
ES,2011-07-06,21.10251808166504,35.5,35.689998626708984,35.36000061035156,35.599998474121094,1524000
ES,2011-07-07,21.019302368164062,35.36000061035156,35.7599983215332,35.220001220703125,35.7599983215332,1573100
ES,2011-07-08,20.989578247070312,35.310001373291016,35.349998474121094,35.130001068115234,35.2400016784668,838700
ES,2011-07-11,20.739906311035156,34.88999938964844,35.06999969482422,34.790000915527344,35.02000045776367,769300
ES,2011-07-12,21.03118896484375,35.380001068115234,35.529998779296875,34.79999923706055,34.83000183105469,2489100
ES,2011-07-13,20.90635871887207,35.16999816894531,35.56999969482422,35.13999938964844,35.4900016784668,1010600
ES,2011-07-14,20.698305130004883,34.81999969482422,35.34000015258789,34.779998779296875,35.27000045776367,907800
ES,2011-07-15,20.781522750854492,34.959999084472656,34.970001220703125,34.66999816894531,34.849998474121094,1220600
ES,2011-07-18,20.38325309753418,34.290000915527344,34.90999984741211,34.220001220703125,34.88999938964844,2012100
ES,2011-07-19,20.537805557250977,34.54999923706055,34.619998931884766,34.08000183105469,34.349998474121094,1487900
ES,2011-07-20,20.680471420288086,34.790000915527344,34.81999969482422,34.54999923706055,34.70000076293945,982400
ES,2011-07-21,20.97768783569336,35.290000915527344,35.380001068115234,34.90999984741211,34.970001220703125,1661900
ES,2011-07-22,21.00741195678711,35.34000015258789,35.36000061035156,35.099998474121094,35.349998474121094,1146900
ES,2011-07-25,20.852859497070312,35.08000183105469,35.2599983215332,35.029998779296875,35.09000015258789,1584900
ES,2011-07-26,20.775585174560547,34.95000076293945,35.15999984741211,34.880001068115234,35.150001525878906,925400
ES,2011-07-27,20.71613883972168,34.849998474121094,35.04999923706055,34.689998626708984,34.849998474121094,1583600
ES,2011-07-28,20.514028549194336,34.5099983215332,34.90999984741211,34.470001220703125,34.869998931884766,992100
ES,2011-07-29,20.210866928100586,34.0,34.459999084472656,33.970001220703125,34.209999084472656,1752400
ES,2011-08-01,20.365415573120117,34.2599983215332,34.369998931884766,34.0099983215332,34.349998474121094,1501200
ES,2011-08-02,19.931480407714844,33.529998779296875,34.209999084472656,33.529998779296875,34.09000015258789,1368700
ES,2011-08-03,19.64615249633789,33.04999923706055,33.4900016784668,32.810001373291016,33.36000061035156,2311900
ES,2011-08-04,19.027931213378906,32.0099983215332,32.970001220703125,31.989999771118164,32.7400016784668,2823400
ES,2011-08-05,19.164648056030273,32.2400016784668,32.45000076293945,31.5,32.38999938964844,4312600
ES,2011-08-08,18.106552124023438,30.459999084472656,32.369998931884766,30.389999389648438,31.520000457763672,3982100
ES,2011-08-09,18.980382919311523,31.93000030517578,31.989999771118164,30.020000457763672,30.739999771118164,5129200
ES,2011-08-10,18.564271926879883,31.229999542236328,32.130001068115234,31.139999389648438,31.420000076293945,3625100
ES,2011-08-11,19.48564910888672,32.779998779296875,33.150001525878906,31.209999084472656,31.360000610351562,2217900
ES,2011-08-12,19.283546447753906,32.439998626708984,33.18000030517578,32.27000045776367,32.959999084472656,1981500
ES,2011-08-15,19.800697326660156,33.310001373291016,33.31999969482422,32.59000015258789,32.65999984741211,1993100
ES,2011-08-16,19.64615249633789,33.04999923706055,33.20000076293945,32.66999816894531,32.90999984741211,2462500
ES,2011-08-17,19.723424911499023,33.18000030517578,33.66999816894531,33.0,33.220001220703125,1800000
ES,2011-08-18,19.37864875793457,32.599998474121094,32.720001220703125,32.22999954223633,32.61000061035156,2244800
ES,2011-08-19,19.152767181396484,32.220001220703125,32.7400016784668,32.16999816894531,32.22999954223633,1962100
ES,2011-08-22,19.14682388305664,32.209999084472656,32.75,32.04999923706055,32.709999084472656,1672100
ES,2011-08-23,19.68776512145996,33.119998931884766,33.13999938964844,32.0,32.34000015258789,3280500
ES,2011-08-24,20.365415573120117,34.2599983215332,34.369998931884766,33.0099983215332,33.099998474121094,2478900
ES,2011-08-25,20.15142250061035,33.900001525878906,34.41999816894531,33.709999084472656,34.400001525878906,2302900
ES,2011-08-26,20.276254653930664,34.11000061035156,34.220001220703125,32.959999084472656,33.70000076293945,2059300
ES,2011-08-29,20.61508560180664,34.68000030517578,34.810001373291016,34.36000061035156,34.470001220703125,1293100
ES,2011-08-30,20.666013717651367,34.4900016784668,34.66999816894531,34.20000076293945,34.33000183105469,1458200
ES,2011-08-31,20.791845321655273,34.70000076293945,34.86000061035156,34.5,34.689998626708984,1399600
ES,2011-09-01,20.582128524780273,34.349998474121094,34.900001525878906,34.310001373291016,34.900001525878906,1858200
ES,2011-09-02,20.20464324951172,33.720001220703125,34.31999969482422,33.720001220703125,33.83000183105469,2113900
ES,2011-09-06,20.048851013183594,33.459999084472656,33.47999954223633,32.72999954223633,33.040000915527344,1295000
ES,2011-09-07,20.25257110595703,33.79999923706055,33.83000183105469,33.59000015258789,33.689998626708984,1345600
ES,2011-09-08,20.264556884765625,33.81999969482422,34.2400016784668,33.560001373291016,33.61000061035156,1365900
ES,2011-09-09,19.8331356048584,33.099998474121094,33.54999923706055,32.88999938964844,33.47999954223633,1562000
ES,2011-09-12,19.970951080322266,33.33000183105469,33.36000061035156,32.720001220703125,32.79999923706055,1371300
ES,2011-09-13,20.18665885925293,33.689998626708984,33.75,33.150001525878906,33.400001525878906,1208100
ES,2011-09-14,20.384397506713867,34.02000045776367,34.34000015258789,33.439998626708984,33.790000915527344,1130100
ES,2011-09-15,20.648042678833008,34.459999084472656,34.599998474121094,34.16999816894531,34.290000915527344,1098500
ES,2011-09-16,20.64204216003418,34.45000076293945,34.90999984741211,34.310001373291016,34.61000061035156,1840600
ES,2011-09-19,20.68399429321289,34.52000045776367,34.65999984741211,33.939998626708984,34.04999923706055,1557800
ES,2011-09-20,20.85774803161621,34.810001373291016,35.29999923706055,34.529998779296875,34.630001068115234,1426500
ES,2011-09-21,20.522201538085938,34.25,35.130001068115234,34.22999954223633,34.77000045776367,1703500
ES,2011-09-22,20.060836791992188,33.47999954223633,33.66999816894531,33.0,33.4900016784668,2840000
ES,2011-09-23,20.378402709960938,34.0099983215332,34.06999969482422,33.38999938964844,33.47999954223633,1552300
ES,2011-09-26,20.420351028442383,34.08000183105469,34.290000915527344,33.869998931884766,34.25,2108700
ES,2011-09-27,20.672014236450195,34.5,34.95000076293945,34.400001525878906,34.61000061035156,1556800
ES,2011-09-28,20.21062469482422,33.72999954223633,34.72999954223633,33.720001220703125,34.5099983215332,2039100
ES,2011-09-29,20.438323974609375,34.11000061035156,34.27000045776367,33.72999954223633,34.16999816894531,1971800
ES,2011-09-30,20.16269874572754,33.650001525878906,34.41999816894531,33.650001525878906,33.880001068115234,2150000
ES,2011-10-03,19.209989547729492,32.060001373291016,33.79999923706055,32.060001373291016,33.63999938964844,3653000
ES,2011-10-04,18.73662567138672,31.270000457763672,31.8799991607666,30.799999237060547,31.690000534057617,5400000
ES,2011-10-05,18.62877655029297,31.09000015258789,31.399999618530273,30.979999542236328,31.399999618530273,5022700
ES,2011-10-06,19.13808822631836,31.940000534057617,31.950000762939453,31.030000686645508,31.1200008392334,3378100
ES,2011-10-07,19.203989028930664,32.04999923706055,32.470001220703125,31.8700008392334,32.099998474121094,2482000
ES,2011-10-10,19.74925422668457,32.959999084472656,32.959999084472656,32.40999984741211,32.43000030517578,1911900
ES,2011-10-11,19.359786987304688,32.310001373291016,32.81999969482422,32.22999954223633,32.7599983215332,1870500
ES,2011-10-12,19.503589630126953,32.54999923706055,32.79999923706055,32.130001068115234,32.34000015258789,2058800
ES,2011-10-13,19.737272262573242,32.939998626708984,32.9900016784668,32.189998626708984,32.400001525878906,1491300
ES,2011-10-14,19.958967208862305,33.310001373291016,33.34000015258789,32.86000061035156,33.11000061035156,1596000
ES,2011-10-17,19.70132064819336,32.880001068115234,33.38999938964844,32.84000015258789,33.290000915527344,1578500
ES,2011-10-18,19.970951080322266,33.33000183105469,33.5,32.650001525878906,32.93000030517578,1698300
ES,2011-10-19,19.988941192626953,33.36000061035156,33.66999816894531,33.20000076293945,33.33000183105469,1374300
ES,2011-10-20,19.994922637939453,33.369998931884766,33.61000061035156,33.04999923706055,33.47999954223633,1536300
ES,2011-10-21,20.22860336303711,33.7599983215332,33.91999816894531,33.47999954223633,33.75,1715700
ES,2011-10-24,20.360422134399414,33.97999954223633,34.08000183105469,33.65999984741211,33.869998931884766,1219900
ES,2011-10-25,20.02487564086914,33.41999816894531,34.060001373291016,33.400001525878906,33.7599983215332,1270600
ES,2011-10-26,20.3244686126709,33.91999816894531,33.9900016784668,33.400001525878906,33.81999969482422,1990000
ES,2011-10-27,20.929655075073242,34.93000030517578,35.15999984741211,34.4900016784668,34.77000045776367,2469000
ES,2011-10-28,20.719942092895508,34.58000183105469,34.869998931884766,34.31999969482422,34.869998931884766,1664700
ES,2011-10-31,20.713945388793945,34.56999969482422,34.900001525878906,34.220001220703125,34.380001068115234,1518900
ES,2011-11-01,20.126750946044922,33.59000015258789,34.43000030517578,33.5,33.91999816894531,2934300
ES,2011-11-02,20.504234313964844,34.220001220703125,34.560001373291016,33.93000030517578,33.9900016784668,2203700
ES,2011-11-03,20.833784103393555,34.77000045776367,34.91999816894531,34.20000076293945,34.41999816894531,1975100
ES,2011-11-04,20.76787567138672,34.65999984741211,34.709999084472656,34.18000030517578,34.40999984741211,1340700
ES,2011-11-07,20.61807632446289,34.40999984741211,34.939998626708984,33.779998779296875,34.599998474121094,1564800
ES,2011-11-08,20.624065399169922,34.41999816894531,34.47999954223633,33.939998626708984,34.40999984741211,2025100
ES,2011-11-09,20.198644638061523,33.709999084472656,33.97999954223633,33.540000915527344,33.88999938964844,3169000
ES,2011-11-10,20.534196853637695,34.27000045776367,34.36000061035156,33.880001068115234,34.04999923706055,2950900
ES,2011-11-11,21.019535064697266,35.08000183105469,35.369998931884766,34.779998779296875,35.09000015258789,2163600
ES,2011-11-14,20.64204216003418,34.45000076293945,35.08000183105469,34.29999923706055,35.02000045776367,1257000
ES,2011-11-15,20.905681610107422,34.88999938964844,34.9900016784668,34.529998779296875,34.84000015258789,2022400
ES,2011-11-16,20.564151763916016,34.31999969482422,34.810001373291016,34.27000045776367,34.619998931884766,1929000
ES,2011-11-17,20.330472946166992,33.93000030517578,34.560001373291016,33.849998474121094,34.279998779296875,2325000
ES,2011-11-18,20.672014236450195,34.5,34.59000015258789,34.150001525878906,34.189998626708984,2528000
ES,2011-11-21,20.24658203125,33.790000915527344,34.18000030517578,33.380001068115234,34.15999984741211,2194900
ES,2011-11-22,20.138731002807617,33.61000061035156,33.86000061035156,33.290000915527344,33.810001373291016,2237600
ES,2011-11-23,19.74326515197754,32.95000076293945,33.34000015258789,32.86000061035156,33.31999969482422,1680400
ES,2011-11-25,19.881074905395508,33.18000030517578,33.29999923706055,32.880001068115234,32.90999984741211,693100
ES,2011-11-28,20.01290512084961,33.400001525878906,34.04999923706055,33.2400016784668,33.880001068115234,1304100
ES,2011-11-29,20.192655563354492,33.70000076293945,33.91999816894531,33.4900016784668,33.529998779296875,852500
ES,2011-11-30,20.7379150390625,34.61000061035156,34.66999816894531,34.189998626708984,34.630001068115234,1825300
ES,2011-12-01,20.881725311279297,34.849998474121094,35.0,34.47999954223633,34.630001068115234,1603900
ES,2011-12-02,20.57613754272461,34.34000015258789,35.0,34.2599983215332,34.93000030517578,1742300
ES,2011-12-05,20.648042678833008,34.459999084472656,34.83000183105469,34.290000915527344,34.79999923706055,1282300
ES,2011-12-06,20.60010528564453,34.380001068115234,34.65999984741211,34.290000915527344,34.560001373291016,1615100
ES,2011-12-07,20.49823760986328,34.209999084472656,34.33000183105469,33.970001220703125,34.209999084472656,1587300
ES,2011-12-08,20.08479881286621,33.52000045776367,34.18000030517578,33.439998626708984,34.15999984741211,1692500
ES,2011-12-09,20.55216407775879,34.29999923706055,34.38999938964844,33.619998931884766,33.7400016784668,1632100
ES,2011-12-12,20.516218185424805,34.2400016784668,34.310001373291016,33.900001525878906,34.13999938964844,1519900
ES,2011-12-13,20.761890411376953,34.650001525878906,35.08000183105469,34.31999969482422,34.43000030517578,2612500
ES,2011-12-14,20.54617691040039,34.290000915527344,34.75,34.25,34.65999984741211,1785300
ES,2011-12-15,20.779863357543945,34.68000030517578,34.880001068115234,34.5,34.58000183105469,1206400
ES,2011-12-16,20.815807342529297,34.7400016784668,35.150001525878906,34.529998779296875,34.81999969482422,2523500
ES,2011-12-19,20.677997589111328,34.5099983215332,35.189998626708984,34.459999084472656,34.779998779296875,1168400
ES,2011-12-20,20.85774803161621,34.810001373291016,35.0,34.5,34.91999816894531,1744400
ES,2011-12-21,21.073463439941406,35.16999816894531,35.25,34.650001525878906,34.83000183105469,2426700
ES,2011-12-22,21.151357650756836,35.29999923706055,35.380001068115234,34.77000045776367,35.34000015258789,1603200
ES,2011-12-23,21.39702033996582,35.709999084472656,35.790000915527344,35.439998626708984,35.45000076293945,903600
ES,2011-12-27,21.64761734008789,35.849998474121094,35.880001068115234,35.369998931884766,35.5099983215332,666800
ES,2011-12-28,21.64157485961914,35.84000015258789,36.349998474121094,35.79999923706055,35.95000076293945,1476500
ES,2011-12-29,21.883119583129883,36.2400016784668,36.29999923706055,35.91999816894531,35.959999084472656,1045400
ES,2011-12-30,21.780458450317383,36.06999969482422,36.400001525878906,36.060001373291016,36.22999954223633,955800
ES,2012-01-03,21.557039260864258,35.70000076293945,36.52000045776367,35.54999923706055,36.459999084472656,1301100
ES,2012-01-04,21.176620483398438,35.06999969482422,35.68000030517578,35.02000045776367,35.56999969482422,2760400
ES,2012-01-05,21.164546966552734,35.04999923706055,35.13999938964844,34.720001220703125,35.11000061035156,1954700
ES,2012-01-06,21.13435173034668,35.0,35.16999816894531,34.65999984741211,35.099998474121094,2511000
ES,2012-01-09,20.838464736938477,34.5099983215332,34.83000183105469,34.369998931884766,34.45000076293945,1824400
ES,2012-01-10,20.81432342529297,34.470001220703125,35.04999923706055,34.439998626708984,35.04999923706055,1304300
ES,2012-01-11,20.67543601989746,34.2400016784668,34.560001373291016,34.189998626708984,34.38999938964844,1121400
ES,2012-01-12,20.687515258789062,34.2599983215332,34.38999938964844,34.02000045776367,34.34000015258789,1054600
ES,2012-01-13,20.669395446777344,34.22999954223633,34.22999954223633,33.91999816894531,34.130001068115234,910500
ES,2012-01-17,20.657316207885742,34.209999084472656,34.58000183105469,34.040000915527344,34.41999816894531,866500
ES,2012-01-18,20.602977752685547,34.119998931884766,34.20000076293945,33.88999938964844,34.18000030517578,1258500
ES,2012-01-19,20.24671173095703,33.529998779296875,34.150001525878906,33.47999954223633,34.08000183105469,1520800
ES,2012-01-20,20.747896194458008,34.36000061035156,34.36000061035156,33.47999954223633,33.54999923706055,1771700
ES,2012-01-23,20.790172576904297,34.43000030517578,34.619998931884766,34.189998626708984,34.25,1692800
ES,2012-01-24,20.862621307373047,34.54999923706055,34.630001068115234,34.220001220703125,34.29999923706055,2124800
ES,2012-01-25,21.08001136779785,34.90999984741211,34.9900016784668,34.209999084472656,34.459999084472656,1837100
ES,2012-01-26,21.297382354736328,35.27000045776367,35.279998779296875,34.86000061035156,35.04999923706055,1529500
ES,2012-01-27,20.971315383911133,34.72999954223633,35.20000076293945,34.56999969482422,35.20000076293945,1431000
ES,2012-01-30,20.85658836364746,34.540000915527344,34.709999084472656,34.31999969482422,34.599998474121094,1302700
ES,2012-01-31,20.983400344848633,34.75,34.810001373291016,34.470001220703125,34.72999954223633,1500500
ES,2012-02-01,21.230976104736328,35.15999984741211,35.290000915527344,34.7599983215332,34.849998474121094,1398300
ES,2012-02-02,21.200773239135742,35.11000061035156,35.4900016784668,35.029998779296875,35.209999084472656,1151300
ES,2012-02-03,21.315502166748047,35.29999923706055,35.47999954223633,35.040000915527344,35.33000183105469,897400
ES,2012-02-06,21.297382354736328,35.27000045776367,35.380001068115234,35.099998474121094,35.18000030517578,656400
ES,2012-02-07,21.43023681640625,35.4900016784668,35.619998931884766,34.959999084472656,35.150001525878906,889800
ES,2012-02-08,21.508726119995117,35.619998931884766,35.630001068115234,35.220001220703125,35.47999954223633,917700
ES,2012-02-09,21.412118911743164,35.459999084472656,35.66999816894531,35.33000183105469,35.650001525878906,979400
ES,2012-02-10,21.255115509033203,35.20000076293945,35.439998626708984,35.119998931884766,35.310001373291016,1262100
ES,2012-02-13,21.128320693969727,34.9900016784668,35.459999084472656,34.91999816894531,35.34000015258789,1245600
ES,2012-02-14,21.073976516723633,34.900001525878906,34.95000076293945,34.66999816894531,34.939998626708984,1086300
ES,2012-02-15,21.448354721069336,35.52000045776367,35.54999923706055,34.720001220703125,34.90999984741211,3929400
ES,2012-02-16,21.83480453491211,36.15999984741211,36.369998931884766,35.779998779296875,36.04999923706055,2290900
ES,2012-02-17,21.798574447631836,36.099998474121094,36.459999084472656,35.849998474121094,36.290000915527344,1452400
ES,2012-02-21,21.732160568237305,35.9900016784668,36.25,35.939998626708984,36.22999954223633,1411000
ES,2012-02-22,21.70195960998535,35.939998626708984,36.33000183105469,35.720001220703125,36.060001373291016,1366700
ES,2012-02-23,21.581188201904297,35.7400016784668,35.97999954223633,35.619998931884766,35.880001068115234,1244000
ES,2012-02-24,21.653657913208008,35.86000061035156,36.08000183105469,35.63999938964844,35.959999084472656,3051600
ES,2012-02-27,21.538928985595703,35.66999816894531,36.040000915527344,35.470001220703125,35.779998779296875,2790200
ES,2012-02-28,21.535274505615234,35.369998931884766,35.540000915527344,35.18000030517578,35.4900016784668,1861000
ES,2012-02-29,21.85796356201172,35.900001525878906,36.25,35.400001525878906,35.47999954223633,2817600
ES,2012-03-01,21.94321060180664,36.040000915527344,36.290000915527344,35.83000183105469,35.939998626708984,2241500
ES,2012-03-02,21.967567443847656,36.08000183105469,36.189998626708984,35.7599983215332,36.0099983215332,1443600
ES,2012-03-05,22.2293643951416,36.5099983215332,36.54999923706055,35.95000076293945,35.97999954223633,1954200
ES,2012-03-06,21.864049911499023,35.90999984741211,36.470001220703125,35.79999923706055,36.38999938964844,1371700
ES,2012-03-07,22.06498146057129,36.2400016784668,36.310001373291016,35.720001220703125,35.93000030517578,1092600
ES,2012-03-08,22.3328800201416,36.68000030517578,36.70000076293945,36.29999923706055,36.43000030517578,1443600
ES,2012-03-09,22.43028450012207,36.84000015258789,36.93000030517578,36.5,36.66999816894531,1085400
ES,2012-03-12,22.594684600830078,37.11000061035156,37.18000030517578,36.709999084472656,36.869998931884766,1272400
ES,2012-03-13,22.86258316040039,37.54999923706055,37.56999969482422,37.09000015258789,37.290000915527344,2050100
ES,2012-03-14,22.369409561157227,36.7400016784668,37.63999938964844,36.630001068115234,37.540000915527344,1432300
ES,2012-03-15,22.351137161254883,36.709999084472656,36.91999816894531,36.41999816894531,36.720001220703125,1215000
ES,2012-03-16,22.1806640625,36.43000030517578,36.66999816894531,36.29999923706055,36.52000045776367,2143200
ES,2012-03-19,22.1319580078125,36.349998474121094,36.619998931884766,36.31999969482422,36.45000076293945,1075700
ES,2012-03-20,22.241548538208008,36.529998779296875,36.619998931884766,36.189998626708984,36.2400016784668,1137600
ES,2012-03-21,22.144126892089844,36.369998931884766,36.61000061035156,36.209999084472656,36.4900016784668,872000
ES,2012-03-22,22.150218963623047,36.380001068115234,36.45000076293945,36.08000183105469,36.209999084472656,1404000
ES,2012-03-23,22.369409561157227,36.7400016784668,36.83000183105469,36.310001373291016,36.40999984741211,1662900
ES,2012-03-26,22.612957000732422,37.13999938964844,37.189998626708984,36.880001068115234,36.93000030517578,1598900
ES,2012-03-27,22.637298583984375,37.18000030517578,37.310001373291016,37.04999923706055,37.2599983215332,1858100
ES,2012-03-28,22.46074104309082,36.88999938964844,37.189998626708984,36.709999084472656,37.06999969482422,2220400
ES,2012-03-29,22.655563354492188,37.209999084472656,37.220001220703125,36.2400016784668,36.720001220703125,2031700
ES,2012-03-30,22.60077667236328,37.119998931884766,37.400001525878906,37.0099983215332,37.38999938964844,2162400
ES,2012-04-02,22.558143615722656,37.04999923706055,37.34000015258789,36.880001068115234,37.02000045776367,1666100
ES,2012-04-03,22.734725952148438,37.34000015258789,37.380001068115234,36.869998931884766,37.04999923706055,2502600
ES,2012-04-04,22.54597282409668,37.029998779296875,37.220001220703125,36.79999923706055,37.06999969482422,3007600
ES,2012-04-05,22.46074104309082,36.88999938964844,37.209999084472656,36.61000061035156,37.029998779296875,3767500
ES,2012-04-09,22.399852752685547,36.790000915527344,36.900001525878906,36.470001220703125,36.54999923706055,23617100
ES,2012-04-10,21.864049911499023,35.90999984741211,36.5,35.630001068115234,36.380001068115234,4638700
ES,2012-04-11,21.74837303161621,35.720001220703125,36.2400016784668,35.400001525878906,36.220001220703125,3883300
ES,2012-04-12,21.74837303161621,35.720001220703125,35.869998931884766,35.630001068115234,35.689998626708984,2812900
ES,2012-04-13,21.797082901000977,35.79999923706055,36.310001373291016,35.75,35.939998626708984,3145400
ES,2012-04-16,22.040626525878906,36.20000076293945,36.439998626708984,35.869998931884766,35.869998931884766,2289800
ES,2012-04-17,22.107595443725586,36.310001373291016,36.369998931884766,35.91999816894531,36.34000015258789,1938400
ES,2012-04-18,22.034528732299805,36.189998626708984,36.41999816894531,36.029998779296875,36.150001525878906,1705400
ES,2012-04-19,21.870149612426758,35.91999816894531,36.25,35.84000015258789,36.13999938964844,1884400
ES,2012-04-20,22.198923110961914,36.459999084472656,36.459999084472656,35.93000030517578,35.93000030517578,2156900
ES,2012-04-23,21.967567443847656,36.08000183105469,36.220001220703125,36.040000915527344,36.220001220703125,2092600
ES,2012-04-24,22.168487548828125,36.40999984741211,36.439998626708984,36.060001373291016,36.119998931884766,2133300
ES,2012-04-25,22.265901565551758,36.56999969482422,36.7400016784668,36.349998474121094,36.58000183105469,1836400
ES,2012-04-26,22.345050811767578,36.70000076293945,36.790000915527344,36.349998474121094,36.470001220703125,1579400
ES,2012-04-27,22.418119430541992,36.81999969482422,36.939998626708984,36.650001525878906,36.79999923706055,1438900
ES,2012-04-30,22.387680053710938,36.77000045776367,36.84000015258789,36.56999969482422,36.790000915527344,1605500
ES,2012-05-01,22.58250617980957,37.09000015258789,37.25,36.790000915527344,36.83000183105469,1766900
ES,2012-05-02,22.54597282409668,37.029998779296875,37.06999969482422,36.75,36.93000030517578,1850000
ES,2012-05-03,21.80925750732422,35.81999969482422,37.380001068115234,35.630001068115234,37.040000915527344,4820300
ES,2012-05-04,21.95539093017578,36.060001373291016,36.279998779296875,35.79999923706055,35.79999923706055,2809200
ES,2012-05-07,21.851879119873047,35.88999938964844,36.09000015258789,35.7599983215332,35.939998626708984,2037900
ES,2012-05-08,22.058889389038086,36.22999954223633,36.2599983215332,35.630001068115234,35.689998626708984,2420200
ES,2012-05-09,22.0284481048584,36.18000030517578,36.369998931884766,35.95000076293945,36.040000915527344,1535000
ES,2012-05-10,22.198923110961914,36.459999084472656,36.540000915527344,36.09000015258789,36.29999923706055,1388100
ES,2012-05-11,22.265901565551758,36.56999969482422,36.7400016784668,36.33000183105469,36.34000015258789,1283400
ES,2012-05-14,22.040626525878906,36.20000076293945,36.4900016784668,35.959999084472656,36.36000061035156,1553700
ES,2012-05-15,21.784908294677734,35.779998779296875,36.290000915527344,35.70000076293945,36.20000076293945,1949400
ES,2012-05-16,21.644865036010742,35.54999923706055,35.970001220703125,35.54999923706055,35.880001068115234,1791400
ES,2012-05-17,21.37088966369629,35.099998474121094,35.630001068115234,35.099998474121094,35.630001068115234,1674500
ES,2012-05-18,21.273460388183594,34.939998626708984,35.290000915527344,34.84000015258789,35.130001068115234,1654700
ES,2012-05-21,21.754457473754883,35.72999954223633,35.77000045776367,34.959999084472656,34.959999084472656,2405000
ES,2012-05-22,22.071069717407227,36.25,36.31999969482422,35.790000915527344,35.790000915527344,2154200
ES,2012-05-23,22.083250045776367,36.27000045776367,36.27000045776367,35.880001068115234,36.04999923706055,2835400
ES,2012-05-24,22.113691329956055,36.31999969482422,36.5099983215332,36.0,36.279998779296875,6017600
ES,2012-05-25,22.13804054260254,36.36000061035156,36.4900016784668,36.22999954223633,36.290000915527344,5529900
ES,2012-05-29,22.375503540039062,36.75,36.810001373291016,36.310001373291016,36.5,6587200
ES,2012-05-30,22.094621658325195,35.95000076293945,36.5099983215332,35.869998931884766,36.22999954223633,1378600
ES,2012-05-31,22.13149642944336,36.0099983215332,36.36000061035156,35.68000030517578,35.9900016784668,2277500
ES,2012-06-01,22.38348388671875,36.41999816894531,36.470001220703125,35.56999969482422,35.70000076293945,3351700
ES,2012-06-04,22.260562896728516,36.220001220703125,36.4900016784668,36.150001525878906,36.290000915527344,2684000
ES,2012-06-05,22.25441551208496,36.209999084472656,36.40999984741211,36.13999938964844,36.18000030517578,1828600
ES,2012-06-06,22.739948272705078,37.0,37.0,36.5,36.72999954223633,1760700
ES,2012-06-07,22.801414489746094,37.099998474121094,37.45000076293945,36.970001220703125,37.0,1549200
ES,2012-06-08,22.979639053344727,37.38999938964844,37.43000030517578,36.86000061035156,37.029998779296875,1570700
ES,2012-06-11,22.93661880493164,37.31999969482422,37.81999969482422,37.29999923706055,37.470001220703125,1658900
ES,2012-06-12,22.98578643798828,37.400001525878906,37.43000030517578,36.91999816894531,37.33000183105469,1782200
ES,2012-06-13,23.096406936645508,37.58000183105469,37.83000183105469,37.130001068115234,37.2400016784668,1826500
ES,2012-06-14,23.416000366210938,38.099998474121094,38.220001220703125,37.52000045776367,37.52000045776367,1657000
ES,2012-06-15,23.64955711364746,38.47999954223633,38.56999969482422,38.029998779296875,38.43000030517578,2070600
ES,2012-06-18,23.7908992767334,38.709999084472656,38.7400016784668,38.29999923706055,38.34000015258789,1491400
ES,2012-06-19,23.704864501953125,38.56999969482422,38.95000076293945,38.47999954223633,38.77000045776367,1951200
ES,2012-06-20,23.372987747192383,38.029998779296875,38.599998474121094,37.70000076293945,38.599998474121094,2566900
ES,2012-06-21,23.090267181396484,37.56999969482422,38.33000183105469,37.529998779296875,38.16999816894531,1666500
ES,2012-06-22,23.2070369720459,37.7599983215332,37.91999816894531,37.47999954223633,37.709999084472656,2600800
ES,2012-06-25,23.102556228637695,37.59000015258789,37.70000076293945,37.400001525878906,37.459999084472656,1155000
ES,2012-06-26,23.360687255859375,38.0099983215332,38.22999954223633,37.61000061035156,37.61000061035156,1671700
ES,2012-06-27,23.55735969543457,38.33000183105469,38.43000030517578,38.119998931884766,38.130001068115234,1314300
ES,2012-06-28,23.56350326538086,38.34000015258789,38.34000015258789,37.959999084472656,38.0,971300
ES,2012-06-29,23.852371215820312,38.810001373291016,39.09000015258789,38.470001220703125,38.84000015258789,1510000
ES,2012-07-02,24.030593872070312,39.099998474121094,39.18000030517578,38.77000045776367,38.810001373291016,1180100
ES,2012-07-03,24.128931045532227,39.2599983215332,39.29999923706055,39.040000915527344,39.099998474121094,712600
ES,2012-07-05,23.821636199951172,38.7599983215332,39.27000045776367,38.689998626708984,39.150001525878906,1458100
ES,2012-07-06,23.77861213684082,38.689998626708984,38.7400016784668,38.38999938964844,38.5,950600
ES,2012-07-09,23.698711395263672,38.560001373291016,38.709999084472656,38.279998779296875,38.709999084472656,1164600
ES,2012-07-10,23.79704475402832,38.720001220703125,38.970001220703125,38.61000061035156,38.72999954223633,1591000
ES,2012-07-11,23.864652633666992,38.83000183105469,38.939998626708984,38.630001068115234,38.72999954223633,1160800
ES,2012-07-12,24.018301010131836,39.08000183105469,39.18000030517578,38.599998474121094,38.689998626708984,1122400
ES,2012-07-13,24.509977340698242,39.880001068115234,39.970001220703125,39.119998931884766,39.119998931884766,1624600
ES,2012-07-16,24.32559585571289,39.58000183105469,39.93000030517578,39.47999954223633,39.709999084472656,1233800
ES,2012-07-17,24.602170944213867,40.029998779296875,40.08000183105469,39.47999954223633,39.79999923706055,1300300
ES,2012-07-18,24.743528366088867,40.2599983215332,40.2599983215332,39.65999984741211,39.900001525878906,1162700
ES,2012-07-19,24.878732681274414,40.47999954223633,40.63999938964844,40.11000061035156,40.22999954223633,1520800
ES,2012-07-20,24.743528366088867,40.2599983215332,40.459999084472656,40.04999923706055,40.16999816894531,1470700
ES,2012-07-23,24.448528289794922,39.779998779296875,40.060001373291016,39.540000915527344,39.959999084472656,1039000
ES,2012-07-24,24.17194938659668,39.33000183105469,39.77000045776367,39.099998474121094,39.709999084472656,1425900
ES,2012-07-25,24.264137268066406,39.47999954223633,39.779998779296875,39.2599983215332,39.58000183105469,666500
ES,2012-07-26,24.61446189880371,40.04999923706055,40.400001525878906,39.849998474121094,39.880001068115234,908000
ES,2012-07-27,24.559141159057617,39.959999084472656,40.529998779296875,39.790000915527344,40.38999938964844,2897900
ES,2012-07-30,24.934053421020508,40.56999969482422,40.86000061035156,39.959999084472656,39.9900016784668,1839300
ES,2012-07-31,24.509977340698242,39.880001068115234,40.5099983215332,39.22999954223633,40.43000030517578,3541900
ES,2012-08-01,24.030593872070312,39.099998474121094,40.36000061035156,39.099998474121094,39.52000045776367,3418600
ES,2012-08-02,24.122787475585938,39.25,39.2599983215332,38.619998931884766,38.93000030517578,2152200
ES,2012-08-03,24.3194580078125,39.56999969482422,39.9900016784668,39.45000076293945,39.79999923706055,1375200
ES,2012-08-06,24.3194580078125,39.56999969482422,39.880001068115234,39.5099983215332,39.65999984741211,725400
ES,2012-08-07,24.264137268066406,39.47999954223633,39.7400016784668,39.43000030517578,39.68000030517578,1863100
ES,2012-08-08,24.245708465576172,39.45000076293945,39.61000061035156,39.150001525878906,39.560001373291016,937700
ES,2012-08-09,24.0920467376709,39.20000076293945,39.5,39.040000915527344,39.40999984741211,915300
ES,2012-08-10,24.33174705505371,39.59000015258789,39.66999816894531,39.06999969482422,39.16999816894531,1081900
ES,2012-08-13,24.147369384765625,39.290000915527344,39.61000061035156,39.11000061035156,39.439998626708984,933600
ES,2012-08-14,24.06132698059082,39.150001525878906,39.400001525878906,38.97999954223633,39.290000915527344,1463500
ES,2012-08-15,23.981428146362305,39.02000045776367,39.16999816894531,38.900001525878906,39.16999816894531,1492300
ES,2012-08-16,23.82778549194336,38.77000045776367,39.08000183105469,38.72999954223633,39.0,1205000
ES,2012-08-17,23.686416625976562,38.540000915527344,38.88999938964844,38.459999084472656,38.88999938964844,1257200
ES,2012-08-20,23.77246856689453,38.68000030517578,38.689998626708984,38.29999923706055,38.4900016784668,1197600
ES,2012-08-21,23.48360824584961,38.209999084472656,38.650001525878906,38.189998626708984,38.650001525878906,2065100
ES,2012-08-22,23.45902442932129,38.16999816894531,38.2599983215332,37.97999954223633,38.0,935100
ES,2012-08-23,23.194747924804688,37.7400016784668,38.20000076293945,37.650001525878906,38.20000076293945,881600
ES,2012-08-24,23.336097717285156,37.970001220703125,38.02000045776367,37.630001068115234,37.65999984741211,830600
ES,2012-08-27,23.329965591430664,37.959999084472656,38.099998474121094,37.84000015258789,37.95000076293945,1018800
ES,2012-08-28,23.366830825805664,38.02000045776367,38.15999984741211,37.7599983215332,37.849998474121094,1453000
ES,2012-08-29,23.44312286376953,37.79999923706055,37.86000061035156,37.439998626708984,37.7599983215332,1542800
ES,2012-08-30,23.38730239868164,37.709999084472656,37.84000015258789,37.599998474121094,37.63999938964844,1091800
ES,2012-08-31,23.362497329711914,37.66999816894531,37.900001525878906,37.52000045776367,37.81999969482422,1958300
ES,2012-09-04,23.5733585357666,38.0099983215332,38.02000045776367,37.4900016784668,37.68000030517578,1758600
ES,2012-09-05,23.36869239807129,37.68000030517578,38.029998779296875,37.65999984741211,38.0,1289300
ES,2012-09-06,23.666379928588867,38.15999984741211,38.209999084472656,37.65999984741211,37.849998474121094,984400
ES,2012-09-07,23.71601104736328,38.2400016784668,38.25,37.970001220703125,38.150001525878906,1019300
ES,2012-09-10,23.64157485961914,38.119998931884766,38.400001525878906,38.099998474121094,38.349998474121094,736600
ES,2012-09-11,23.529945373535156,37.939998626708984,38.209999084472656,37.91999816894531,38.16999816894531,1208700
ES,2012-09-12,23.31287956237793,37.59000015258789,37.970001220703125,37.59000015258789,37.91999816894531,1213400
ES,2012-09-13,23.76561737060547,38.31999969482422,38.31999969482422,37.540000915527344,37.56999969482422,1324000
ES,2012-09-14,23.412107467651367,37.75,38.349998474121094,37.65999984741211,38.279998779296875,2201100
ES,2012-09-17,23.120620727539062,37.279998779296875,37.810001373291016,37.099998474121094,37.66999816894531,2750600
ES,2012-09-18,22.90975570678711,36.939998626708984,37.279998779296875,36.81999969482422,37.25,1954000
ES,2012-09-19,22.953170776367188,37.0099983215332,37.09000015258789,36.68000030517578,36.84000015258789,1816900
ES,2012-09-20,23.052404403686523,37.16999816894531,37.31999969482422,36.810001373291016,36.88999938964844,2044100
ES,2012-09-21,23.213645935058594,37.43000030517578,37.540000915527344,36.790000915527344,37.08000183105469,2777600
ES,2012-09-24,23.61676597595215,38.08000183105469,38.09000015258789,37.34000015258789,37.41999816894531,2221900
ES,2012-09-25,23.591964721679688,38.040000915527344,38.33000183105469,37.959999084472656,38.029998779296875,1647000
ES,2012-09-26,23.629175186157227,38.099998474121094,38.540000915527344,38.04999923706055,38.150001525878906,1118100
ES,2012-09-27,23.517539978027344,37.91999816894531,38.279998779296875,37.779998779296875,38.220001220703125,856100
ES,2012-09-28,23.709794998168945,38.22999954223633,38.31999969482422,37.79999923706055,37.91999816894531,1184300
ES,2012-10-01,23.970277786254883,38.650001525878906,38.709999084472656,38.2400016784668,38.400001525878906,2276800
ES,2012-10-02,24.04470443725586,38.77000045776367,38.900001525878906,38.58000183105469,38.65999984741211,1832200
ES,2012-10-03,24.088115692138672,38.84000015258789,38.90999984741211,38.66999816894531,38.7400016784668,1307400
ES,2012-10-04,24.063304901123047,38.79999923706055,39.06999969482422,38.709999084472656,38.869998931884766,1021700
ES,2012-10-05,24.274169921875,39.13999938964844,39.4900016784668,38.93000030517578,39.15999984741211,1923500
ES,2012-10-08,24.249359130859375,39.099998474121094,39.220001220703125,38.90999984741211,39.130001068115234,1073200
ES,2012-10-09,24.454025268554688,39.43000030517578,39.4900016784668,38.75,39.0099983215332,1585100
ES,2012-10-10,24.212156295776367,39.040000915527344,39.47999954223633,38.939998626708984,39.459999084472656,1279500
ES,2012-10-11,24.106712341308594,38.869998931884766,39.22999954223633,38.810001373291016,39.220001220703125,1133200
ES,2012-10-12,23.98888397216797,38.68000030517578,38.97999954223633,38.47999954223633,38.869998931884766,1404600
ES,2012-10-15,24.249359130859375,39.099998474121094,39.13999938964844,38.540000915527344,38.7599983215332,1078600
ES,2012-10-16,24.249359130859375,39.099998474121094,39.4900016784668,38.93000030517578,39.2400016784668,952100
ES,2012-10-17,24.49744415283203,39.5,39.779998779296875,39.09000015258789,39.22999954223633,1929800
ES,2012-10-18,24.68349838256836,39.79999923706055,39.83000183105469,39.40999984741211,39.5,1046600
ES,2012-10-19,24.627681732177734,39.709999084472656,40.04999923706055,39.70000076293945,39.900001525878906,1989200
ES,2012-10-22,24.53465461730957,39.560001373291016,39.849998474121094,39.290000915527344,39.619998931884766,1270700
ES,2012-10-23,24.218353271484375,39.04999923706055,39.380001068115234,38.9900016784668,39.29999923706055,1474300
ES,2012-10-24,24.081912994384766,38.83000183105469,39.189998626708984,38.79999923706055,39.150001525878906,716400
ES,2012-10-25,24.193546295166016,39.0099983215332,39.290000915527344,38.65999984741211,39.02000045776367,1008600
ES,2012-10-26,24.162534713745117,38.959999084472656,39.150001525878906,38.65999984741211,39.08000183105469,1130200
ES,2012-10-31,24.37339973449707,39.29999923706055,40.380001068115234,38.720001220703125,39.86000061035156,1303600
ES,2012-11-01,24.3361873626709,39.2400016784668,39.400001525878906,38.959999084472656,39.15999984741211,1380000
ES,2012-11-02,24.44161033630371,39.40999984741211,39.66999816894531,39.29999923706055,39.52000045776367,1305900
ES,2012-11-05,24.205949783325195,39.029998779296875,39.31999969482422,38.75,39.31999969482422,1269700
ES,2012-11-06,24.29897117614746,39.18000030517578,39.400001525878906,38.970001220703125,39.060001373291016,1183900
ES,2012-11-07,23.79661750793457,38.369998931884766,39.0,38.189998626708984,39.0,1171100
ES,2012-11-08,23.703594207763672,38.220001220703125,38.83000183105469,38.220001220703125,38.290000915527344,981200
ES,2012-11-09,23.653980255126953,38.13999938964844,38.38999938964844,38.04999923706055,38.09000015258789,1172700
ES,2012-11-12,23.54235076904297,37.959999084472656,38.209999084472656,37.83000183105469,38.20000076293945,890000
ES,2012-11-13,23.709794998168945,38.22999954223633,38.439998626708984,37.75,37.83000183105469,1136800
ES,2012-11-14,23.560955047607422,37.9900016784668,38.38999938964844,37.689998626708984,38.290000915527344,1584200
ES,2012-11-15,23.480335235595703,37.86000061035156,38.34000015258789,37.63999938964844,38.0,1506900
ES,2012-11-16,23.76561737060547,38.31999969482422,38.369998931884766,37.63999938964844,37.86000061035156,1808500
ES,2012-11-19,23.67258644104004,38.16999816894531,38.56999969482422,37.95000076293945,38.5,1420000
ES,2012-11-20,23.62297248840332,38.09000015258789,38.529998779296875,37.689998626708984,38.220001220703125,1740800
ES,2012-11-21,23.498931884765625,37.88999938964844,38.18000030517578,37.54999923706055,38.11000061035156,1670600
ES,2012-11-23,23.399700164794922,37.72999954223633,38.15999984741211,37.529998779296875,37.93000030517578,737100
ES,2012-11-26,23.635374069213867,38.11000061035156,38.290000915527344,37.709999084472656,37.709999084472656,2089600
ES,2012-11-27,23.80902862548828,38.38999938964844,38.650001525878906,38.119998931884766,38.18000030517578,1356800
ES,2012-11-28,23.8359375,38.09000015258789,38.16999816894531,37.70000076293945,38.06999969482422,1750200
ES,2012-11-29,23.87973976135254,38.15999984741211,38.27000045776367,37.810001373291016,38.15999984741211,1555200
ES,2012-11-30,24.24270248413086,38.7400016784668,38.77000045776367,38.20000076293945,38.220001220703125,1582400
ES,2012-12-03,24.130054473876953,38.560001373291016,38.790000915527344,38.13999938964844,38.7400016784668,1106600
ES,2012-12-04,24.067476272583008,38.459999084472656,38.810001373291016,38.439998626708984,38.68000030517578,810200
ES,2012-12-05,24.58687973022461,39.290000915527344,39.5,38.459999084472656,38.52000045776367,1484000
ES,2012-12-06,24.561847686767578,39.25,39.5099983215332,39.09000015258789,39.33000183105469,1167100
ES,2012-12-07,24.574357986450195,39.27000045776367,39.4900016784668,39.13999938964844,39.22999954223633,1009600
ES,2012-12-10,24.493009567260742,39.13999938964844,39.31999969482422,38.95000076293945,39.08000183105469,1349700
ES,2012-12-11,24.737060546875,39.529998779296875,39.650001525878906,39.20000076293945,39.25,1458400
ES,2012-12-12,24.849699020385742,39.709999084472656,40.060001373291016,39.5,39.529998779296875,1836900
ES,2012-12-13,24.618162155151367,39.34000015258789,39.83000183105469,39.209999084472656,39.650001525878906,2189100
ES,2012-12-14,24.21140480041504,38.689998626708984,39.2599983215332,38.59000015258789,39.11000061035156,3343600
ES,2012-12-17,24.574357986450195,39.27000045776367,39.310001373291016,38.75,38.790000915527344,3043800
ES,2012-12-18,24.830928802490234,39.68000030517578,39.70000076293945,38.90999984741211,39.290000915527344,1740100
ES,2012-12-19,24.686996459960938,39.45000076293945,39.77000045776367,39.220001220703125,39.61000061035156,1434300
ES,2012-12-20,24.686996459960938,39.45000076293945,39.720001220703125,39.220001220703125,39.56999969482422,1780800
ES,2012-12-21,24.549327850341797,39.22999954223633,39.5,39.189998626708984,39.27000045776367,3207200
ES,2012-12-24,24.499269485473633,39.150001525878906,39.18000030517578,38.720001220703125,39.15999984741211,740600
ES,2012-12-26,24.261470794677734,38.77000045776367,39.310001373291016,38.709999084472656,39.150001525878906,1753000
ES,2012-12-27,24.267723083496094,38.779998779296875,38.900001525878906,38.43000030517578,38.70000076293945,1338000
ES,2012-12-28,24.05495262145996,38.439998626708984,38.959999084472656,38.369998931884766,38.470001220703125,1265100
ES,2012-12-31,24.455463409423828,39.08000183105469,39.13999938964844,38.119998931884766,38.380001068115234,1651400
ES,2013-01-02,24.918533325195312,39.81999969482422,39.900001525878906,39.40999984741211,39.470001220703125,1419200
ES,2013-01-03,24.780868530273438,39.599998474121094,40.04999923706055,39.54999923706055,39.86000061035156,1593100
ES,2013-01-04,24.805889129638672,39.63999938964844,39.93000030517578,39.59000015258789,39.689998626708984,1419900
ES,2013-01-07,24.536813735961914,39.209999084472656,39.58000183105469,39.09000015258789,39.439998626708984,1944500
ES,2013-01-08,24.4053955078125,39.0,39.20000076293945,38.959999084472656,39.08000183105469,2764800
ES,2013-01-09,24.480487823486328,39.119998931884766,39.189998626708984,38.79999923706055,39.099998474121094,2163000
ES,2013-01-10,24.599395751953125,39.310001373291016,39.45000076293945,39.040000915527344,39.22999954223633,1531600
ES,2013-01-11,24.52429962158203,39.189998626708984,39.38999938964844,39.029998779296875,39.25,1525200
ES,2013-01-14,24.430429458618164,39.040000915527344,39.34000015258789,38.970001220703125,39.209999084472656,1988500
ES,2013-01-15,24.392881393432617,38.97999954223633,39.0099983215332,38.720001220703125,39.0099983215332,1845000
ES,2013-01-16,24.19888687133789,38.66999816894531,39.0099983215332,38.65999984741211,38.869998931884766,2327100
ES,2013-01-17,24.21765899658203,38.70000076293945,38.86000061035156,38.599998474121094,38.790000915527344,3487600
ES,2013-01-18,24.536813735961914,39.209999084472656,39.2400016784668,38.79999923706055,38.79999923706055,2840200
ES,2013-01-22,24.93731689453125,39.849998474121094,39.91999816894531,39.25,39.2599983215332,2123900
ES,2013-01-23,24.887252807617188,39.77000045776367,39.83000183105469,39.310001373291016,39.65999984741211,1797400
ES,2013-01-24,24.974853515625,39.90999984741211,40.150001525878906,39.70000076293945,39.75,1386200
ES,2013-01-25,25.231422424316406,40.31999969482422,40.31999969482422,39.72999954223633,40.04999923706055,1556000
ES,2013-01-28,25.1876220703125,40.25,40.38999938964844,40.040000915527344,40.369998931884766,1242500
ES,2013-01-29,25.425416946411133,40.630001068115234,40.65999984741211,40.16999816894531,40.25,1461900
ES,2013-01-30,25.650693893432617,40.9900016784668,41.13999938964844,40.560001373291016,40.560001373291016,2057700
ES,2013-01-31,25.48799705505371,40.72999954223633,41.0099983215332,40.65999984741211,40.88999938964844,4990600
ES,2013-02-01,25.76958656311035,41.18000030517578,41.349998474121094,40.790000915527344,40.90999984741211,1755300
ES,2013-02-04,25.650693893432617,40.9900016784668,41.16999816894531,40.95000076293945,41.06999969482422,1315300
ES,2013-02-05,25.613147735595703,40.93000030517578,41.369998931884766,40.88999938964844,41.119998931884766,1323400
ES,2013-02-06,25.707019805908203,41.08000183105469,41.11000061035156,40.650001525878906,40.880001068115234,1178700
ES,2013-02-07,25.713274002075195,41.09000015258789,41.400001525878906,40.88999938964844,41.13999938964844,1418600
ES,2013-02-08,25.725793838500977,41.11000061035156,41.119998931884766,40.72999954223633,41.099998474121094,1499100
ES,2013-02-11,25.73204803466797,41.119998931884766,41.20000076293945,40.86000061035156,41.119998931884766,847100
ES,2013-02-12,25.75081443786621,41.150001525878906,41.15999984741211,40.83000183105469,41.060001373291016,1093100
ES,2013-02-13,25.713274002075195,41.09000015258789,41.310001373291016,40.880001068115234,41.130001068115234,1185200
ES,2013-02-14,25.50676918029785,40.7599983215332,41.13999938964844,40.599998474121094,41.040000915527344,2865800
ES,2013-02-15,25.619403839111328,40.939998626708984,41.0099983215332,40.61000061035156,40.630001068115234,1463800
ES,2013-02-19,25.913511276245117,41.40999984741211,41.439998626708984,40.93000030517578,41.08000183105469,1942600
ES,2013-02-20,25.75081443786621,41.150001525878906,41.650001525878906,41.029998779296875,41.029998779296875,1577200
ES,2013-02-21,25.58812141418457,40.88999938964844,41.31999969482422,40.84000015258789,41.060001373291016,1528000
ES,2013-02-22,25.92603874206543,41.43000030517578,41.4900016784668,41.029998779296875,41.040000915527344,1265200
ES,2013-02-25,25.669475555419922,41.02000045776367,41.880001068115234,41.0,41.619998931884766,1796600
ES,2013-02-26,25.76958656311035,41.18000030517578,41.45000076293945,40.849998474121094,41.099998474121094,1420000
ES,2013-02-27,26.058143615722656,41.27000045776367,41.33000183105469,40.560001373291016,40.689998626708984,1668900
ES,2013-02-28,26.209692001342773,41.5099983215332,41.630001068115234,41.11000061035156,41.29999923706055,1798500
ES,2013-03-01,26.39278793334961,41.79999923706055,41.83000183105469,41.119998931884766,41.47999954223633,1315400
ES,2013-03-04,26.708494186401367,42.29999923706055,42.5,41.66999816894531,41.66999816894531,1381300
ES,2013-03-05,26.88529396057129,42.58000183105469,42.720001220703125,42.38999938964844,42.540000915527344,1074900
ES,2013-03-06,26.853717803955078,42.529998779296875,42.79999923706055,42.40999984741211,42.650001525878906,742400
ES,2013-03-07,26.721128463745117,42.31999969482422,42.70000076293945,42.310001373291016,42.52000045776367,650100
ES,2013-03-08,26.65166664123535,42.209999084472656,42.47999954223633,42.02000045776367,42.47999954223633,1059800
ES,2013-03-11,26.7779541015625,42.40999984741211,42.439998626708984,42.130001068115234,42.15999984741211,914600
ES,2013-03-12,26.60115623474121,42.130001068115234,42.439998626708984,41.970001220703125,42.41999816894531,1239100
ES,2013-03-13,26.708494186401367,42.29999923706055,42.400001525878906,42.060001373291016,42.130001068115234,916400
ES,2013-03-14,26.847414016723633,42.52000045776367,42.560001373291016,42.220001220703125,42.33000183105469,995900
ES,2013-03-15,26.935808181762695,42.65999984741211,42.75,42.25,42.31999969482422,1982200
ES,2013-03-18,26.76532554626465,42.38999938964844,42.61000061035156,42.2599983215332,42.43000030517578,783900
ES,2013-03-19,26.76532554626465,42.38999938964844,42.689998626708984,42.22999954223633,42.5099983215332,951600
ES,2013-03-20,26.973690032958984,42.720001220703125,42.97999954223633,42.54999923706055,42.54999923706055,1471100
ES,2013-03-21,26.89160919189453,42.59000015258789,42.849998474121094,42.4900016784668,42.56999969482422,1152200
ES,2013-03-22,26.929489135742188,42.650001525878906,42.83000183105469,42.4900016784668,42.68000030517578,723800
ES,2013-03-25,26.860036849975586,42.540000915527344,43.04999923706055,42.380001068115234,42.779998779296875,1135000
ES,2013-03-26,27.036827087402344,42.81999969482422,42.900001525878906,42.59000015258789,42.689998626708984,1302100
ES,2013-03-27,27.08103370666504,42.88999938964844,42.88999938964844,42.52000045776367,42.68000030517578,1186700
ES,2013-03-28,27.44092559814453,43.459999084472656,43.4900016784668,42.91999816894531,42.9900016784668,2006000
ES,2013-04-01,27.33359718322754,43.290000915527344,43.45000076293945,43.150001525878906,43.439998626708984,856700
ES,2013-04-02,27.459867477416992,43.4900016784668,43.68000030517578,43.34000015258789,43.400001525878906,1013300
ES,2013-04-03,27.28938865661621,43.220001220703125,43.54999923706055,42.86000061035156,42.86000061035156,1911200
ES,2013-04-04,27.434619903564453,43.45000076293945,43.560001373291016,43.20000076293945,43.34000015258789,1598000
ES,2013-04-05,27.60509490966797,43.720001220703125,43.790000915527344,43.06999969482422,43.16999816894531,888000
ES,2013-04-08,27.67455291748047,43.83000183105469,43.84000015258789,43.40999984741211,43.650001525878906,1131800
ES,2013-04-09,27.5798397064209,43.68000030517578,43.95000076293945,43.52000045776367,43.90999984741211,1181500
ES,2013-04-10,27.89554214477539,44.18000030517578,44.209999084472656,43.72999954223633,43.779998779296875,1362200
ES,2013-04-11,28.053401947021484,44.43000030517578,44.459999084472656,44.060001373291016,44.2400016784668,1277600
ES,2013-04-12,28.198604583740234,44.65999984741211,44.7400016784668,44.34000015258789,44.34000015258789,1052800
ES,2013-04-15,27.67455291748047,43.83000183105469,44.59000015258789,43.83000183105469,44.540000915527344,1289300
ES,2013-04-16,28.08495330810547,44.47999954223633,44.529998779296875,43.61000061035156,44.040000915527344,1123000
ES,2013-04-17,27.71875,43.900001525878906,44.54999923706055,43.83000183105469,44.5,1648600
ES,2013-04-18,27.908170700073242,44.20000076293945,44.349998474121094,43.849998474121094,44.08000183105469,2049600
ES,2013-04-19,28.375404357910156,44.939998626708984,44.939998626708984,44.130001068115234,44.209999084472656,1203000
ES,2013-04-22,28.091278076171875,44.4900016784668,44.939998626708984,44.22999954223633,44.91999816894531,1536100
ES,2013-04-23,28.287004470825195,44.79999923706055,44.79999923706055,44.29999923706055,44.68000030517578,1506200
ES,2013-04-24,28.369094848632812,44.93000030517578,45.06999969482422,44.439998626708984,44.810001373291016,1207600
ES,2013-04-25,28.312265396118164,44.84000015258789,45.13999938964844,44.709999084472656,45.099998474121094,1274500
ES,2013-04-26,28.32489776611328,44.86000061035156,45.040000915527344,44.689998626708984,44.810001373291016,1530400
ES,2013-04-29,28.4511775970459,45.060001373291016,45.220001220703125,44.81999969482422,44.95000076293945,1174000
ES,2013-04-30,28.621652603149414,45.33000183105469,45.34000015258789,44.84000015258789,44.95000076293945,1235300
ES,2013-05-01,28.39435386657715,44.970001220703125,45.380001068115234,44.939998626708984,45.29999923706055,1041100
ES,2013-05-02,28.583782196044922,45.27000045776367,45.529998779296875,45.0,45.2400016784668,1100700
ES,2013-05-03,28.514326095581055,45.15999984741211,45.65999984741211,45.02000045776367,45.470001220703125,1430300
ES,2013-05-06,28.16073226928711,44.599998474121094,45.20000076293945,44.470001220703125,45.08000183105469,1560300
ES,2013-05-07,28.400663375854492,44.97999954223633,44.97999954223633,44.59000015258789,44.709999084472656,1173200
ES,2013-05-08,28.110214233398438,44.52000045776367,45.029998779296875,44.27000045776367,44.869998931884766,1470900
ES,2013-05-09,27.504072189331055,43.560001373291016,44.52000045776367,43.43000030517578,44.47999954223633,1989300
ES,2013-05-10,27.64297866821289,43.779998779296875,43.810001373291016,43.470001220703125,43.630001068115234,1380500
ES,2013-05-13,27.472496032714844,43.5099983215332,43.709999084472656,43.27000045776367,43.630001068115234,1277000
ES,2013-05-14,27.743995666503906,43.939998626708984,44.06999969482422,43.38999938964844,43.470001220703125,1109100
ES,2013-05-15,28.103904724121094,44.5099983215332,44.790000915527344,43.86000061035156,43.900001525878906,1248000
ES,2013-05-16,27.851335525512695,44.11000061035156,44.5099983215332,44.0099983215332,44.380001068115234,1180200
ES,2013-05-17,28.07864761352539,44.470001220703125,44.470001220703125,43.119998931884766,44.20000076293945,1515800
ES,2013-05-20,28.053401947021484,44.43000030517578,44.630001068115234,44.2400016784668,44.45000076293945,1039300
ES,2013-05-21,28.154420852661133,44.59000015258789,44.689998626708984,44.15999984741211,44.560001373291016,1142800
ES,2013-05-22,27.743995666503906,43.939998626708984,45.09000015258789,43.75,44.529998779296875,1275400
ES,2013-05-23,27.485130310058594,43.529998779296875,43.77000045776367,42.959999084472656,43.689998626708984,1011900
ES,2013-05-24,27.04945182800293,42.84000015258789,43.369998931884766,42.5099983215332,43.369998931884766,1714700
ES,2013-05-28,26.847414016723633,42.52000045776367,42.959999084472656,42.189998626708984,42.959999084472656,1459900
ES,2013-05-29,26.577991485595703,41.72999954223633,41.97999954223633,41.380001068115234,41.939998626708984,2055400
ES,2013-05-30,26.775440216064453,42.040000915527344,42.880001068115234,41.95000076293945,41.95000076293945,1308700
ES,2013-05-31,26.53977394104004,41.66999816894531,42.560001373291016,41.66999816894531,41.91999816894531,1494000
ES,2013-06-03,26.654422760009766,41.849998474121094,42.130001068115234,41.16999816894531,41.689998626708984,1389300
ES,2013-06-04,26.456985473632812,41.540000915527344,41.81999969482422,41.2400016784668,41.7599983215332,1488800
ES,2013-06-05,26.23406982421875,41.189998626708984,41.380001068115234,41.029998779296875,41.34000015258789,1135000
ES,2013-06-06,26.54615020751953,41.68000030517578,41.689998626708984,41.060001373291016,41.13999938964844,1264900
ES,2013-06-07,26.991989135742188,42.380001068115234,42.400001525878906,41.709999084472656,41.72999954223633,1617500
ES,2013-06-10,26.79454231262207,42.06999969482422,42.540000915527344,41.84000015258789,42.540000915527344,1266700
ES,2013-06-11,26.444242477416992,41.52000045776367,42.040000915527344,41.5,41.689998626708984,1461700
ES,2013-06-12,26.19586181640625,41.130001068115234,41.869998931884766,40.9900016784668,41.79999923706055,1534600
ES,2013-06-13,26.705371856689453,41.93000030517578,41.970001220703125,41.11000061035156,41.130001068115234,1162900
ES,2013-06-14,26.832763671875,42.130001068115234,42.189998626708984,41.720001220703125,41.95000076293945,1181700
ES,2013-06-17,26.83912467956543,42.13999938964844,42.599998474121094,41.95000076293945,42.43000030517578,1617800
ES,2013-06-18,27.10662841796875,42.560001373291016,42.68000030517578,42.02000045776367,42.18000030517578,1093300
ES,2013-06-19,26.29775619506836,41.290000915527344,42.5,41.279998779296875,42.4900016784668,1129500
ES,2013-06-20,25.227764129638672,39.61000061035156,41.04999923706055,39.43000030517578,41.04999923706055,2884900
ES,2013-06-21,25.711811065673828,40.369998931884766,40.540000915527344,39.349998474121094,39.880001068115234,2730800
ES,2013-06-24,25.565322875976562,40.13999938964844,40.439998626708984,39.5099983215332,39.939998626708984,1308500
ES,2013-06-25,25.820079803466797,40.540000915527344,40.70000076293945,39.939998626708984,40.43000030517578,1714000
ES,2013-06-26,26.278640747070312,41.2599983215332,41.36000061035156,40.7599983215332,40.81999969482422,1232100
ES,2013-06-27,26.58437156677246,41.7400016784668,42.2599983215332,41.45000076293945,41.5,1837000
ES,2013-06-28,26.76270294189453,42.02000045776367,42.34000015258789,41.36000061035156,41.709999084472656,3032700
ES,2013-07-01,26.272281646728516,41.25,42.369998931884766,41.130001068115234,42.16999816894531,2234200
ES,2013-07-02,26.19586181640625,41.130001068115234,41.529998779296875,40.900001525878906,41.18000030517578,1404700
ES,2013-07-03,26.35508155822754,41.380001068115234,41.40999984741211,40.86000061035156,41.11000061035156,732900
ES,2013-07-05,26.19586181640625,41.130001068115234,41.43000030517578,40.56999969482422,41.41999816894531,766400
ES,2013-07-08,26.59710693359375,41.7599983215332,41.81999969482422,41.06999969482422,41.2400016784668,1180800
ES,2013-07-09,26.87096405029297,42.189998626708984,42.22999954223633,41.83000183105469,41.9900016784668,1161500
ES,2013-07-10,26.96013641357422,42.33000183105469,42.349998474121094,41.93000030517578,42.13999938964844,1020200
ES,2013-07-11,27.476028442382812,43.13999938964844,43.18000030517578,42.68000030517578,42.79999923706055,1299300
ES,2013-07-12,27.565202713012695,43.279998779296875,43.36000061035156,42.79999923706055,43.15999984741211,1016600
ES,2013-07-15,28.087459564208984,44.099998474121094,44.150001525878906,43.16999816894531,43.220001220703125,962700
ES,2013-07-16,27.95371437072754,43.88999938964844,44.15999984741211,43.58000183105469,44.09000015258789,1532300
ES,2013-07-17,27.979188919067383,43.93000030517578,44.290000915527344,43.810001373291016,44.130001068115234,1027800
ES,2013-07-18,28.418649673461914,44.619998931884766,44.66999816894531,43.97999954223633,44.060001373291016,1004900
ES,2013-07-19,28.55240249633789,44.83000183105469,44.849998474121094,44.459999084472656,44.72999954223633,1115400
ES,2013-07-22,28.45685577392578,44.68000030517578,44.86000061035156,44.529998779296875,44.779998779296875,935500
ES,2013-07-23,28.609716415405273,44.91999816894531,45.0,44.5099983215332,44.689998626708984,803700
ES,2013-07-24,28.132036209106445,44.16999816894531,44.95000076293945,44.060001373291016,44.95000076293945,1005400
ES,2013-07-25,28.25941276550293,44.369998931884766,44.459999084472656,43.90999984741211,44.119998931884766,1072500
ES,2013-07-26,28.170257568359375,44.22999954223633,44.45000076293945,43.83000183105469,44.209999084472656,1884700
ES,2013-07-29,28.04924774169922,44.040000915527344,44.27000045776367,43.84000015258789,44.099998474121094,1712200
ES,2013-07-30,28.38680648803711,44.56999969482422,44.83000183105469,44.11000061035156,44.11000061035156,1298100
ES,2013-07-31,28.28489875793457,44.40999984741211,44.619998931884766,44.029998779296875,44.58000183105469,1744500
ES,2013-08-01,28.69252586364746,45.04999923706055,45.130001068115234,44.5,44.599998474121094,1430400
ES,2013-08-02,28.463233947753906,44.689998626708984,45.04999923706055,44.5,44.88999938964844,1060100
ES,2013-08-05,28.189369201660156,44.2599983215332,44.630001068115234,44.22999954223633,44.630001068115234,807800
ES,2013-08-06,27.807207107543945,43.65999984741211,44.41999816894531,43.630001068115234,44.29999923706055,1444700
ES,2013-08-07,28.125673294067383,44.15999984741211,44.290000915527344,43.619998931884766,43.630001068115234,1575500
ES,2013-08-08,28.15750503540039,44.209999084472656,44.41999816894531,43.95000076293945,44.2400016784668,1155500
ES,2013-08-09,27.87726402282715,43.77000045776367,44.290000915527344,43.689998626708984,44.209999084472656,1332600
ES,2013-08-12,27.69894027709961,43.4900016784668,43.66999816894531,43.279998779296875,43.630001068115234,1186100
ES,2013-08-13,27.425090789794922,43.060001373291016,43.540000915527344,43.060001373291016,43.470001220703125,917300
ES,2013-08-14,27.13846778869629,42.61000061035156,43.08000183105469,42.47999954223633,43.029998779296875,1541000
ES,2013-08-15,26.66716194152832,41.869998931884766,42.459999084472656,41.86000061035156,42.33000183105469,1095700
ES,2013-08-16,26.30413055419922,41.29999923706055,41.83000183105469,41.18000030517578,41.77000045776367,2387200
ES,2013-08-19,26.253175735473633,41.220001220703125,41.4900016784668,41.04999923706055,41.2599983215332,1657000
ES,2013-08-20,26.47610092163086,41.56999969482422,41.790000915527344,41.209999084472656,41.33000183105469,1603500
ES,2013-08-21,26.119422912597656,41.0099983215332,41.529998779296875,40.810001373291016,41.529998779296875,1787500
ES,2013-08-22,26.265918731689453,41.2400016784668,41.400001525878906,40.90999984741211,41.119998931884766,1039800
ES,2013-08-23,26.565261840820312,41.709999084472656,41.720001220703125,41.11000061035156,41.310001373291016,1548700
ES,2013-08-26,26.323230743408203,41.33000183105469,41.869998931884766,41.220001220703125,41.75,1040400
ES,2013-08-27,26.29775619506836,41.290000915527344,41.45000076293945,40.93000030517578,40.93000030517578,1448500
ES,2013-08-28,26.21495819091797,41.15999984741211,41.54999923706055,40.9900016784668,41.220001220703125,3034500
ES,2013-08-29,26.093957901000977,40.970001220703125,41.22999954223633,40.83000183105469,41.0099983215332,1426500
ES,2013-08-30,26.093957901000977,40.970001220703125,41.22999954223633,40.72999954223633,40.9900016784668,1347600
ES,2013-09-03,25.692703247070312,40.34000015258789,41.380001068115234,40.29999923706055,41.22999954223633,1643200
ES,2013-09-04,25.80097770690918,40.5099983215332,40.619998931884766,40.08000183105469,40.349998474121094,1938100
ES,2013-09-05,25.64174461364746,40.2599983215332,40.619998931884766,40.130001068115234,40.439998626708984,1301700
ES,2013-09-06,25.6353816986084,40.25,40.779998779296875,40.20000076293945,40.41999816894531,4731100
ES,2013-09-09,25.896507263183594,40.65999984741211,40.709999084472656,40.119998931884766,40.2599983215332,4325400
ES,2013-09-10,26.08757209777832,40.959999084472656,40.959999084472656,40.59000015258789,40.83000183105469,4242800
ES,2013-09-11,25.92198371887207,40.70000076293945,40.9900016784668,40.38999938964844,40.9900016784668,2074200
ES,2013-09-12,25.766433715820312,40.09000015258789,40.61000061035156,40.0099983215332,40.47999954223633,1178300
ES,2013-09-13,25.894996643066406,40.290000915527344,40.45000076293945,40.16999816894531,40.209999084472656,1204300
ES,2013-09-16,25.9656925201416,40.400001525878906,41.0,40.29999923706055,40.7599983215332,1494000
ES,2013-09-17,26.042810440063477,40.52000045776367,40.630001068115234,40.290000915527344,40.41999816894531,975200
ES,2013-09-18,26.923320770263672,41.88999938964844,42.0099983215332,40.34000015258789,40.5099983215332,1736000
ES,2013-09-19,26.80121612548828,41.70000076293945,42.20000076293945,41.599998474121094,41.9900016784668,1208300
ES,2013-09-20,26.473438262939453,41.189998626708984,41.84000015258789,41.189998626708984,41.70000076293945,1899600
ES,2013-09-23,26.756223678588867,41.630001068115234,41.790000915527344,40.880001068115234,40.9900016784668,1303500
ES,2013-09-24,26.698381423950195,41.540000915527344,41.70000076293945,41.369998931884766,41.58000183105469,1230000
ES,2013-09-25,26.569841384887695,41.34000015258789,41.810001373291016,41.31999969482422,41.61000061035156,1313700
ES,2013-09-26,26.634117126464844,41.439998626708984,41.68000030517578,41.34000015258789,41.45000076293945,1155200
ES,2013-09-27,26.634117126464844,41.439998626708984,41.72999954223633,41.189998626708984,41.58000183105469,2107800
ES,2013-09-30,26.51199722290039,41.25,41.439998626708984,41.0099983215332,41.220001220703125,1528600
ES,2013-10-01,26.589130401611328,41.369998931884766,41.5099983215332,41.15999984741211,41.290000915527344,1269100
ES,2013-10-02,26.653392791748047,41.470001220703125,41.59000015258789,41.15999984741211,41.18000030517578,1678200
ES,2013-10-03,26.3705997467041,41.029998779296875,41.349998474121094,40.83000183105469,41.290000915527344,1419700
ES,2013-10-04,26.364173889160156,41.02000045776367,41.15999984741211,40.81999969482422,41.0,1024000
ES,2013-10-07,26.14565658569336,40.68000030517578,41.08000183105469,40.63999938964844,40.63999938964844,1001300
ES,2013-10-08,26.364173889160156,41.02000045776367,41.349998474121094,40.599998474121094,40.68000030517578,1657000
ES,2013-10-09,26.479867935180664,41.20000076293945,41.7599983215332,41.0,41.099998474121094,1109900
ES,2013-10-10,26.961904525756836,41.95000076293945,42.029998779296875,41.130001068115234,41.45000076293945,1099800
ES,2013-10-11,27.09687042236328,42.15999984741211,42.22999954223633,41.83000183105469,41.95000076293945,952600
ES,2013-10-14,26.820497512817383,41.72999954223633,42.150001525878906,41.33000183105469,42.0,1543100
ES,2013-10-15,26.42844009399414,41.119998931884766,41.689998626708984,41.0099983215332,41.58000183105469,1348900
ES,2013-10-16,26.691957473754883,41.529998779296875,41.56999969482422,41.16999816894531,41.31999969482422,1589200
ES,2013-10-17,27.180418014526367,42.290000915527344,42.369998931884766,41.2400016784668,41.5,2722000
ES,2013-10-18,27.212568283081055,42.34000015258789,42.599998474121094,42.2400016784668,42.5,1232200
ES,2013-10-21,27.141855239868164,42.22999954223633,42.380001068115234,41.959999084472656,42.310001373291016,1069000
ES,2013-10-22,27.379667282104492,42.599998474121094,42.81999969482422,42.209999084472656,42.33000183105469,1904100
ES,2013-10-23,27.578903198242188,42.90999984741211,43.189998626708984,42.400001525878906,42.400001525878906,2430800
ES,2013-10-24,27.559621810913086,42.880001068115234,43.27000045776367,42.7400016784668,43.130001068115234,1161700
ES,2013-10-25,27.9002628326416,43.40999984741211,43.43000030517578,42.61000061035156,42.77000045776367,1166400
ES,2013-10-28,27.84241485595703,43.31999969482422,43.65999984741211,43.15999984741211,43.43000030517578,836600
ES,2013-10-29,27.932403564453125,43.459999084472656,43.75,43.22999954223633,43.68000030517578,1146000
ES,2013-10-30,27.7138729095459,43.119998931884766,43.7400016784668,43.099998474121094,43.41999816894531,944700
ES,2013-10-31,27.566041946411133,42.88999938964844,43.279998779296875,42.41999816894531,43.130001068115234,1278700
ES,2013-11-01,27.315387725830078,42.5,43.18000030517578,42.20000076293945,42.88999938964844,3119800
ES,2013-11-04,27.424657821655273,42.66999816894531,42.75,42.290000915527344,42.58000183105469,876300
ES,2013-11-05,27.289684295654297,42.459999084472656,43.02000045776367,42.43000030517578,42.630001068115234,1353800
ES,2013-11-06,27.604610443115234,42.95000076293945,43.15999984741211,42.43000030517578,42.5,1352100
ES,2013-11-07,27.25111961364746,42.400001525878906,43.18000030517578,42.290000915527344,43.040000915527344,1141000
ES,2013-11-08,27.167573928833008,42.27000045776367,42.27000045776367,41.4900016784668,42.27000045776367,1504000
ES,2013-11-11,27.23183250427246,42.369998931884766,42.540000915527344,42.099998474121094,42.34000015258789,737400
ES,2013-11-12,26.961904525756836,41.95000076293945,42.25,41.66999816894531,42.16999816894531,1751800
ES,2013-11-13,27.10329818725586,42.16999816894531,42.189998626708984,41.459999084472656,41.709999084472656,1624000
ES,2013-11-14,27.482498168945312,42.7599983215332,43.029998779296875,42.33000183105469,42.33000183105469,1372300
ES,2013-11-15,27.591768264770508,42.93000030517578,42.939998626708984,42.4900016784668,42.65999984741211,1242400
ES,2013-11-18,27.540346145629883,42.849998474121094,43.040000915527344,42.65999984741211,43.0099983215332,945600
ES,2013-11-19,27.263965606689453,42.41999816894531,42.83000183105469,42.2599983215332,42.79999923706055,1155000
ES,2013-11-20,27.019742965698242,42.040000915527344,42.4900016784668,41.79999923706055,42.47999954223633,2288100
ES,2013-11-21,27.109725952148438,42.18000030517578,42.41999816894531,41.939998626708984,42.130001068115234,1279000
ES,2013-11-22,27.109725952148438,42.18000030517578,42.290000915527344,41.900001525878906,42.11000061035156,1444800
ES,2013-11-25,26.910480499267578,41.869998931884766,42.290000915527344,41.869998931884766,42.290000915527344,1083000
ES,2013-11-26,26.49271583557129,41.220001220703125,41.959999084472656,41.189998626708984,41.900001525878906,2366600
ES,2013-11-27,26.467016220092773,41.18000030517578,41.349998474121094,41.06999969482422,41.27000045776367,1240700
ES,2013-11-29,26.402746200561523,41.08000183105469,41.38999938964844,40.77000045776367,40.77000045776367,951700
ES,2013-12-02,26.325605392456055,40.959999084472656,41.189998626708984,40.68000030517578,41.09000015258789,1640400
ES,2013-12-03,26.325605392456055,40.959999084472656,41.16999816894531,40.70000076293945,40.880001068115234,1451800
ES,2013-12-04,26.42844009399414,41.119998931884766,41.310001373291016,40.599998474121094,40.709999084472656,1567900
ES,2013-12-05,26.2934627532959,40.90999984741211,41.209999084472656,40.790000915527344,41.04999923706055,1691200
ES,2013-12-06,26.724096298217773,41.58000183105469,41.59000015258789,41.11000061035156,41.20000076293945,1409700
ES,2013-12-09,26.569841384887695,41.34000015258789,41.720001220703125,41.130001068115234,41.63999938964844,1305500
ES,2013-12-10,26.38344955444336,41.04999923706055,41.310001373291016,41.0,41.290000915527344,3054900
ES,2013-12-11,26.563743591308594,40.959999084472656,41.279998779296875,40.63999938964844,40.81999969482422,4933300
ES,2013-12-12,26.829639434814453,41.369998931884766,41.529998779296875,40.86000061035156,40.86000061035156,3132500
ES,2013-12-13,26.97231674194336,41.59000015258789,41.77000045776367,41.33000183105469,41.619998931884766,3603500
ES,2013-12-16,27.069602966308594,41.7400016784668,42.09000015258789,41.630001068115234,41.7599983215332,2203300
ES,2013-12-17,26.920434951782227,41.5099983215332,41.83000183105469,41.380001068115234,41.720001220703125,1376400
ES,2013-12-18,27.24469566345215,42.0099983215332,42.029998779296875,40.93000030517578,41.459999084472656,1844400
ES,2013-12-19,27.160398483276367,41.880001068115234,41.93000030517578,41.2599983215332,41.81999969482422,1665800
ES,2013-12-20,27.309553146362305,42.11000061035156,42.349998474121094,41.90999984741211,41.97999954223633,2711400
ES,2013-12-23,27.341981887817383,42.15999984741211,42.529998779296875,42.11000061035156,42.31999969482422,1093300
ES,2013-12-24,27.400344848632812,42.25,42.470001220703125,41.90999984741211,42.08000183105469,551700
ES,2013-12-26,27.393856048583984,42.2400016784668,42.369998931884766,42.09000015258789,42.27000045776367,938800
ES,2013-12-27,27.367916107177734,42.20000076293945,42.40999984741211,42.0099983215332,42.130001068115234,1051200
ES,2013-12-30,27.48465919494629,42.380001068115234,42.47999954223633,42.09000015258789,42.119998931884766,1146400
ES,2013-12-31,27.491146087646484,42.38999938964844,42.52000045776367,42.25,42.45000076293945,1553000
ES,2014-01-02,27.056629180908203,41.720001220703125,42.41999816894531,41.70000076293945,42.349998474121094,2915300
ES,2014-01-03,26.926923751831055,41.52000045776367,41.849998474121094,41.310001373291016,41.75,2252000
ES,2014-01-06,26.94637680053711,41.54999923706055,41.63999938964844,41.279998779296875,41.63999938964844,2159200
ES,2014-01-07,27.18633460998535,41.91999816894531,41.939998626708984,41.63999938964844,41.63999938964844,1143200
ES,2014-01-08,27.069602966308594,41.7400016784668,41.86000061035156,41.459999084472656,41.77000045776367,2225300
ES,2014-01-09,27.18633460998535,41.91999816894531,41.97999954223633,41.439998626708984,41.75,2354100
ES,2014-01-10,27.659761428833008,42.650001525878906,42.84000015258789,42.13999938964844,42.13999938964844,1657400
ES,2014-01-13,27.452234268188477,42.33000183105469,42.650001525878906,42.22999954223633,42.54999923706055,2004000
ES,2014-01-14,27.426294326782227,42.290000915527344,42.52000045776367,42.20000076293945,42.33000183105469,1686700
ES,2014-01-15,27.26416015625,42.040000915527344,42.369998931884766,41.849998474121094,42.310001373291016,1599000
ES,2014-01-16,27.38737678527832,42.22999954223633,42.2400016784668,41.88999938964844,42.060001373291016,1056900
ES,2014-01-17,27.620853424072266,42.59000015258789,42.61000061035156,42.18000030517578,42.349998474121094,1928400
ES,2014-01-21,27.91916275024414,43.04999923706055,43.11000061035156,42.650001525878906,42.84000015258789,2437400
ES,2014-01-22,28.107240676879883,43.34000015258789,43.529998779296875,42.9900016784668,43.02000045776367,2064200
ES,2014-01-23,27.971059799194336,43.130001068115234,43.369998931884766,43.0,43.220001220703125,1383600
ES,2014-01-24,27.517086029052734,42.43000030517578,43.15999984741211,42.43000030517578,43.0099983215332,2365000
ES,2014-01-27,27.763530731201172,42.810001373291016,42.97999954223633,42.349998474121094,42.43000030517578,1726300
ES,2014-01-28,27.86080551147461,42.959999084472656,43.040000915527344,42.65999984741211,42.84000015258789,1557700
ES,2014-01-29,27.763530731201172,42.810001373291016,43.040000915527344,42.560001373291016,42.77000045776367,1577800
ES,2014-01-30,28.20452117919922,43.4900016784668,43.56999969482422,42.880001068115234,42.959999084472656,1428100
ES,2014-01-31,28.405559539794922,43.79999923706055,43.97999954223633,43.04999923706055,43.119998931884766,2091500
ES,2014-02-03,28.1785888671875,43.45000076293945,44.52000045776367,43.36000061035156,43.86000061035156,2139200
ES,2014-02-04,28.198040008544922,43.47999954223633,43.58000183105469,43.099998474121094,43.58000183105469,1775100
ES,2014-02-05,27.958084106445312,43.11000061035156,43.33000183105469,42.880001068115234,43.25,1843200
ES,2014-02-06,27.80243492126465,42.869998931884766,43.099998474121094,42.52000045776367,43.099998474121094,2846000
ES,2014-02-07,28.081298828125,43.29999923706055,43.31999969482422,42.65999984741211,42.970001220703125,1796100
ES,2014-02-10,28.399085998535156,43.790000915527344,43.81999969482422,42.939998626708984,43.209999084472656,1668200
ES,2014-02-11,28.703886032104492,44.2599983215332,44.58000183105469,43.70000076293945,43.720001220703125,1909500
ES,2014-02-12,28.788204193115234,44.38999938964844,44.45000076293945,44.02000045776367,44.20000076293945,1308600
ES,2014-02-13,28.98275375366211,44.689998626708984,44.77000045776367,44.18000030517578,44.189998626708984,1949300
ES,2014-02-14,29.164344787597656,44.970001220703125,45.04999923706055,44.540000915527344,44.70000076293945,1288300
ES,2014-02-18,29.12542152404785,44.90999984741211,45.310001373291016,44.849998474121094,45.08000183105469,1721100
ES,2014-02-19,28.82062339782715,44.439998626708984,45.13999938964844,44.36000061035156,44.75,1889100
ES,2014-02-20,28.969791412353516,44.66999816894531,44.79999923706055,44.34000015258789,44.470001220703125,1576000
ES,2014-02-21,28.95681381225586,44.650001525878906,45.040000915527344,44.619998931884766,44.720001220703125,1739900
ES,2014-02-24,28.801172256469727,44.40999984741211,44.939998626708984,44.400001525878906,44.790000915527344,2038500
ES,2014-02-25,28.807666778564453,44.41999816894531,44.84000015258789,44.310001373291016,44.52000045776367,1858000
ES,2014-02-26,28.68443489074707,44.22999954223633,44.68000030517578,44.189998626708984,44.63999938964844,1510500
ES,2014-02-27,28.81072235107422,44.029998779296875,44.189998626708984,43.81999969482422,43.900001525878906,2020300
ES,2014-02-28,29.085542678833008,44.45000076293945,44.56999969482422,43.970001220703125,44.09000015258789,1917800
ES,2014-03-03,28.758371353149414,43.95000076293945,44.5099983215332,43.84000015258789,44.290000915527344,1441400
ES,2014-03-04,28.90888023376465,44.18000030517578,44.290000915527344,44.04999923706055,44.25,1337600
ES,2014-03-05,28.634044647216797,43.7599983215332,44.119998931884766,43.630001068115234,44.099998474121094,1438200
ES,2014-03-06,28.463926315307617,43.5,43.88999938964844,43.400001525878906,43.83000183105469,1600400
ES,2014-03-07,28.627506256103516,43.75,43.75,43.209999084472656,43.43000030517578,1772900
ES,2014-03-10,28.463926315307617,43.5,43.72999954223633,43.290000915527344,43.72999954223633,1094500
ES,2014-03-11,28.3723201751709,43.36000061035156,43.619998931884766,43.130001068115234,43.619998931884766,851600
ES,2014-03-12,28.751829147338867,43.939998626708984,43.970001220703125,43.20000076293945,43.279998779296875,1376600
ES,2014-03-13,29.190237045288086,44.61000061035156,44.77000045776367,44.0099983215332,44.060001373291016,1618300
ES,2014-03-14,29.37346076965332,44.88999938964844,45.08000183105469,44.40999984741211,44.61000061035156,1247200
ES,2014-03-17,29.497787475585938,45.08000183105469,45.15999984741211,44.7400016784668,44.9900016784668,1082900
ES,2014-03-18,29.595930099487305,45.22999954223633,45.29999923706055,44.869998931884766,45.16999816894531,1009200
ES,2014-03-19,29.059375762939453,44.40999984741211,45.34000015258789,44.220001220703125,45.22999954223633,1517500
ES,2014-03-20,28.823806762695312,44.04999923706055,44.2400016784668,43.70000076293945,44.2400016784668,1935100
ES,2014-03-21,29.065921783447266,44.41999816894531,44.880001068115234,44.09000015258789,44.25,2046700
ES,2014-03-24,29.281858444213867,44.75,44.849998474121094,44.290000915527344,44.54999923706055,2232900
ES,2014-03-25,29.29492950439453,44.77000045776367,44.970001220703125,44.45000076293945,44.84000015258789,1418500
ES,2014-03-26,29.164064407348633,44.56999969482422,45.04999923706055,44.56999969482422,44.81999969482422,1429900
ES,2014-03-27,29.412715911865234,44.95000076293945,44.97999954223633,44.459999084472656,44.630001068115234,1712700
ES,2014-03-28,29.412715911865234,44.95000076293945,45.08000183105469,44.7400016784668,44.93000030517578,1292300
ES,2014-03-31,29.772615432739258,45.5,45.689998626708984,44.9900016784668,45.15999984741211,1327100
ES,2014-04-01,29.517410278320312,45.11000061035156,45.5099983215332,44.880001068115234,45.5099983215332,1762400
ES,2014-04-02,29.360368728637695,44.869998931884766,45.13999938964844,44.7599983215332,45.060001373291016,1384600
ES,2014-04-03,29.42582130432129,44.970001220703125,45.220001220703125,44.84000015258789,45.0099983215332,1035900
ES,2014-04-04,29.504323959350586,45.09000015258789,45.650001525878906,45.0099983215332,45.099998474121094,1444300
ES,2014-04-07,29.5108642578125,45.099998474121094,45.7400016784668,45.08000183105469,45.130001068115234,1435300
ES,2014-04-08,29.78570556640625,45.52000045776367,45.630001068115234,44.70000076293945,44.9900016784668,1642800
ES,2014-04-09,29.811874389648438,45.560001373291016,45.72999954223633,44.970001220703125,45.560001373291016,1735400
ES,2014-04-10,29.700626373291016,45.38999938964844,45.90999984741211,45.22999954223633,45.7599983215332,1232400
ES,2014-04-11,29.733348846435547,45.439998626708984,45.810001373291016,45.310001373291016,45.439998626708984,1493700
ES,2014-04-14,29.883852005004883,45.66999816894531,45.810001373291016,45.33000183105469,45.630001068115234,1868100
ES,2014-04-15,30.30916976928711,46.31999969482422,46.33000183105469,45.66999816894531,45.689998626708984,1657600
ES,2014-04-16,30.453126907348633,46.540000915527344,46.630001068115234,46.279998779296875,46.459999084472656,1373800
ES,2014-04-17,30.053958892822266,45.93000030517578,46.63999938964844,45.790000915527344,46.41999816894531,1435400
ES,2014-04-21,29.91002082824707,45.709999084472656,46.06999969482422,45.36000061035156,45.880001068115234,1117200
ES,2014-04-22,29.97545623779297,45.810001373291016,45.95000076293945,45.470001220703125,45.709999084472656,1220200
ES,2014-04-23,30.165210723876953,46.099998474121094,46.56999969482422,45.869998931884766,45.88999938964844,1287300
ES,2014-04-24,30.387683868408203,46.439998626708984,46.470001220703125,45.790000915527344,46.08000183105469,1460900
ES,2014-04-25,30.7344913482666,46.970001220703125,47.02000045776367,46.47999954223633,46.540000915527344,1232300
ES,2014-04-28,30.956966400146484,47.310001373291016,47.400001525878906,46.849998474121094,46.849998474121094,2126500
ES,2014-04-29,30.82610511779785,47.11000061035156,47.599998474121094,46.970001220703125,47.33000183105469,2136500
ES,2014-04-30,30.924253463745117,47.2599983215332,47.43000030517578,47.060001373291016,47.189998626708984,1677300
ES,2014-05-01,30.858823776245117,47.15999984741211,47.5099983215332,46.790000915527344,47.5099983215332,1278900
ES,2014-05-02,30.086700439453125,45.97999954223633,46.81999969482422,45.81999969482422,46.2599983215332,2165900
ES,2014-05-05,30.505464553833008,46.619998931884766,46.70000076293945,45.9900016784668,46.060001373291016,1285100
ES,2014-05-06,30.361522674560547,46.400001525878906,46.68000030517578,46.29999923706055,46.5,1162500
ES,2014-05-07,30.754121780395508,47.0,47.06999969482422,46.43000030517578,46.5099983215332,1789500
ES,2014-05-08,30.407325744628906,46.470001220703125,47.16999816894531,46.36000061035156,46.9900016784668,1251600
ES,2014-05-09,29.949275970458984,45.77000045776367,46.599998474121094,45.70000076293945,46.41999816894531,1263000
ES,2014-05-12,29.543590545654297,45.150001525878906,45.959999084472656,45.099998474121094,45.869998931884766,1617100
ES,2014-05-13,29.66791534423828,45.34000015258789,45.63999938964844,45.15999984741211,45.27000045776367,1194200
ES,2014-05-14,29.864225387573242,45.63999938964844,45.95000076293945,45.33000183105469,45.459999084472656,1660100
ES,2014-05-15,29.752981185913086,45.470001220703125,45.88999938964844,45.380001068115234,45.68000030517578,998900
ES,2014-05-16,30.086700439453125,45.97999954223633,46.02000045776367,45.349998474121094,45.4900016784668,2385800
ES,2014-05-19,29.615570068359375,45.2599983215332,45.939998626708984,45.18000030517578,45.939998626708984,1331400
ES,2014-05-20,29.56976318359375,45.189998626708984,45.65999984741211,44.83000183105469,45.25,1600000
ES,2014-05-21,29.622102737426758,45.27000045776367,45.41999816894531,44.9900016784668,45.310001373291016,1341700
ES,2014-05-22,29.766067504882812,45.4900016784668,45.650001525878906,45.150001525878906,45.22999954223633,878100
ES,2014-05-23,29.595930099487305,45.22999954223633,45.61000061035156,45.220001220703125,45.5099983215332,744100
ES,2014-05-27,29.589393615722656,45.220001220703125,45.66999816894531,45.18000030517578,45.560001373291016,1481700
ES,2014-05-28,29.789398193359375,45.130001068115234,45.150001525878906,44.849998474121094,44.88999938964844,1114600
ES,2014-05-29,29.723390579223633,45.029998779296875,45.290000915527344,44.77000045776367,45.189998626708984,1739200
ES,2014-05-30,29.967615127563477,45.400001525878906,45.439998626708984,45.02000045776367,45.06999969482422,1638600
ES,2014-06-02,29.928009033203125,45.34000015258789,45.52000045776367,45.25,45.369998931884766,831800
ES,2014-06-03,29.92141342163086,45.33000183105469,45.5,45.130001068115234,45.220001220703125,902600
ES,2014-06-04,29.881818771362305,45.27000045776367,45.310001373291016,45.0099983215332,45.25,650700
ES,2014-06-05,30.099628448486328,45.599998474121094,45.70000076293945,45.13999938964844,45.13999938964844,787600
ES,2014-06-06,30.02042579650879,45.47999954223633,45.900001525878906,45.439998626708984,45.77000045776367,975600
ES,2014-06-09,29.815792083740234,45.16999816894531,45.5,45.029998779296875,45.349998474121094,1320100
ES,2014-06-10,29.809185028076172,45.15999984741211,45.25,44.9900016784668,45.209999084472656,1110800
ES,2014-06-11,29.479154586791992,44.65999984741211,45.2400016784668,44.650001525878906,45.099998474121094,1125700
ES,2014-06-12,29.749788284301758,45.06999969482422,45.13999938964844,44.279998779296875,44.68000030517578,1395400
ES,2014-06-13,29.941213607788086,45.36000061035156,45.4900016784668,44.79999923706055,45.060001373291016,1078800
ES,2014-06-16,30.205242156982422,45.7599983215332,46.08000183105469,45.25,45.25,1242700
ES,2014-06-17,30.086427688598633,45.58000183105469,45.7599983215332,45.31999969482422,45.619998931884766,912200
ES,2014-06-18,30.891727447509766,46.79999923706055,46.869998931884766,45.52000045776367,45.52000045776367,1763200
ES,2014-06-19,30.885122299194336,46.790000915527344,47.310001373291016,46.709999084472656,46.900001525878906,2934400
ES,2014-06-20,30.66069793701172,46.45000076293945,46.959999084472656,46.400001525878906,46.79999923706055,1984000
ES,2014-06-23,30.541879653930664,46.27000045776367,46.599998474121094,46.18000030517578,46.36000061035156,1232100
ES,2014-06-24,30.713504791259766,46.529998779296875,46.630001068115234,46.18000030517578,46.290000915527344,1687900
ES,2014-06-25,30.772912979125977,46.619998931884766,46.720001220703125,46.38999938964844,46.40999984741211,1211700
ES,2014-06-26,30.87192153930664,46.77000045776367,46.790000915527344,46.41999816894531,46.689998626708984,856700
ES,2014-06-27,30.93132972717285,46.86000061035156,47.040000915527344,46.52000045776367,46.7400016784668,1637500
ES,2014-06-30,31.20195770263672,47.27000045776367,47.369998931884766,46.650001525878906,46.91999816894531,1257400
ES,2014-07-01,30.812517166137695,46.68000030517578,47.369998931884766,46.65999984741211,47.33000183105469,1275600
ES,2014-07-02,30.456079483032227,46.13999938964844,46.599998474121094,45.959999084472656,46.599998474121094,2632400
ES,2014-07-03,30.15243911743164,45.68000030517578,45.959999084472656,45.31999969482422,45.900001525878906,934300
ES,2014-07-07,30.1854305267334,45.72999954223633,46.15999984741211,45.540000915527344,45.68000030517578,1680800
ES,2014-07-08,30.343862533569336,45.970001220703125,46.18000030517578,45.709999084472656,45.709999084472656,1175700
ES,2014-07-09,30.238248825073242,45.810001373291016,46.040000915527344,45.45000076293945,45.939998626708984,1054300
ES,2014-07-10,30.39007568359375,46.040000915527344,46.29999923706055,45.66999816894531,45.720001220703125,1407400
ES,2014-07-11,30.1854305267334,45.72999954223633,46.18000030517578,45.599998474121094,46.08000183105469,785500
ES,2014-07-14,29.815792083740234,45.16999816894531,45.97999954223633,45.15999984741211,45.79999923706055,1265400
ES,2014-07-15,29.967615127563477,45.400001525878906,45.54999923706055,45.15999984741211,45.209999084472656,1430500
ES,2014-07-16,30.013826370239258,45.470001220703125,45.56999969482422,44.970001220703125,45.4900016784668,1755800
ES,2014-07-17,29.736587524414062,45.04999923706055,45.560001373291016,45.04999923706055,45.380001068115234,730200
ES,2014-07-18,30.06001853942871,45.540000915527344,45.56999969482422,44.93000030517578,45.2400016784668,720100
ES,2014-07-21,30.000629425048828,45.45000076293945,45.54999923706055,45.130001068115234,45.47999954223633,1129300
ES,2014-07-22,30.066640853881836,45.54999923706055,45.689998626708984,45.34000015258789,45.540000915527344,1450200
ES,2014-07-23,29.941213607788086,45.36000061035156,45.58000183105469,45.220001220703125,45.58000183105469,896000
ES,2014-07-24,30.02702522277832,45.4900016784668,45.54999923706055,45.189998626708984,45.380001068115234,657800
ES,2014-07-25,29.928009033203125,45.34000015258789,45.59000015258789,45.209999084472656,45.43000030517578,1323100
ES,2014-07-28,30.429670333862305,46.099998474121094,46.18000030517578,45.209999084472656,45.27000045776367,1146600
ES,2014-07-29,30.145843505859375,45.66999816894531,46.209999084472656,45.65999984741211,46.099998474121094,1163800
ES,2014-07-30,29.65737533569336,44.93000030517578,45.95000076293945,44.79999923706055,45.689998626708984,1473400
ES,2014-07-31,28.97750473022461,43.900001525878906,44.849998474121094,43.779998779296875,44.66999816894531,1759500
ES,2014-08-01,28.904895782470703,43.790000915527344,44.849998474121094,43.41999816894531,43.81999969482422,2512000
ES,2014-08-04,28.508840560913086,43.189998626708984,43.790000915527344,42.439998626708984,43.790000915527344,3623500
ES,2014-08-05,28.145801544189453,42.63999938964844,43.349998474121094,42.5099983215332,43.09000015258789,2168500
ES,2014-08-06,27.7497501373291,42.040000915527344,42.54999923706055,41.91999816894531,42.5099983215332,3295500
ES,2014-08-07,28.026981353759766,42.459999084472656,42.70000076293945,42.18000030517578,42.18000030517578,1552300
ES,2014-08-08,28.700258255004883,43.47999954223633,43.4900016784668,42.61000061035156,42.61000061035156,1635100
ES,2014-08-11,28.56824493408203,43.279998779296875,43.709999084472656,43.20000076293945,43.52000045776367,1229100
ES,2014-08-12,28.561649322509766,43.27000045776367,43.41999816894531,43.040000915527344,43.20000076293945,764100
ES,2014-08-13,28.680469512939453,43.45000076293945,43.56999969482422,43.130001068115234,43.13999938964844,926300
ES,2014-08-14,29.06329917907715,44.029998779296875,44.04999923706055,43.5,43.5,1171600
ES,2014-08-15,29.155712127685547,44.16999816894531,44.40999984741211,43.880001068115234,44.029998779296875,1276700
ES,2014-08-18,29.162322998046875,44.18000030517578,44.459999084472656,44.0099983215332,44.22999954223633,948800
ES,2014-08-19,29.53196144104004,44.7400016784668,44.7599983215332,44.2599983215332,44.31999969482422,820800
ES,2014-08-20,29.76299476623535,45.09000015258789,45.11000061035156,44.63999938964844,44.70000076293945,1806000
ES,2014-08-21,29.822397232055664,45.18000030517578,45.400001525878906,44.939998626708984,45.09000015258789,1208700
ES,2014-08-22,29.809185028076172,45.15999984741211,45.36000061035156,44.849998474121094,45.27000045776367,1346200
ES,2014-08-25,29.93462371826172,45.349998474121094,45.5099983215332,45.16999816894531,45.209999084472656,936000
ES,2014-08-26,29.67057228088379,44.95000076293945,45.63999938964844,44.90999984741211,45.380001068115234,1133400
ES,2014-08-27,29.928009033203125,45.34000015258789,45.34000015258789,44.9900016784668,45.060001373291016,1502100
ES,2014-08-28,30.086427688598633,45.58000183105469,45.66999816894531,45.060001373291016,45.20000076293945,2300400
ES,2014-08-29,30.291051864624023,45.88999938964844,45.900001525878906,45.52000045776367,45.59000015258789,855700
ES,2014-09-02,29.994020462036133,45.439998626708984,45.939998626708984,45.279998779296875,45.7400016784668,2522100
ES,2014-09-03,30.205242156982422,45.7599983215332,45.90999984741211,45.47999954223633,45.54999923706055,2307400
ES,2014-09-04,30.271240234375,45.86000061035156,45.88999938964844,45.41999816894531,45.65999984741211,1220900
ES,2014-09-05,30.739913940429688,46.56999969482422,46.56999969482422,45.81999969482422,45.88999938964844,1407800
ES,2014-09-08,30.588098526000977,46.34000015258789,46.54999923706055,46.130001068115234,46.529998779296875,1679700
ES,2014-09-09,30.251447677612305,45.83000183105469,46.2400016784668,45.79999923706055,46.20000076293945,2595300
ES,2014-09-10,30.013826370239258,45.470001220703125,45.900001525878906,45.349998474121094,45.790000915527344,1907000
ES,2014-09-11,30.215572357177734,45.380001068115234,45.470001220703125,44.95000076293945,45.150001525878906,1755000
ES,2014-09-12,29.676237106323242,44.56999969482422,45.220001220703125,44.470001220703125,45.220001220703125,1315800
ES,2014-09-15,29.709535598754883,44.619998931884766,44.939998626708984,44.560001373291016,44.66999816894531,1152600
ES,2014-09-16,30.335412979125977,45.560001373291016,45.68000030517578,44.540000915527344,44.619998931884766,2162000
ES,2014-09-17,30.3753719329834,45.619998931884766,45.93000030517578,45.380001068115234,45.79999923706055,2088800
ES,2014-09-18,30.13566780090332,45.2599983215332,45.79999923706055,45.220001220703125,45.63999938964844,2031300
ES,2014-09-19,30.26218032836914,45.45000076293945,45.56999969482422,45.25,45.459999084472656,1926400
ES,2014-09-22,29.90262222290039,44.90999984741211,45.38999938964844,44.900001525878906,45.31999969482422,1081800
ES,2014-09-23,29.756141662597656,44.689998626708984,44.95000076293945,44.650001525878906,44.900001525878906,1127300
ES,2014-09-24,29.642963409423828,44.52000045776367,44.81999969482422,44.4900016784668,44.810001373291016,1058900
ES,2014-09-25,29.476503372192383,44.27000045776367,44.75,44.2599983215332,44.52000045776367,921900
ES,2014-09-26,29.56304359436035,44.400001525878906,44.54999923706055,43.880001068115234,44.220001220703125,987000
ES,2014-09-29,29.503122329711914,44.310001373291016,44.439998626708984,44.0,44.209999084472656,1104400
ES,2014-09-30,29.496469497680664,44.29999923706055,44.83000183105469,44.18000030517578,44.38999938964844,1143300
ES,2014-10-01,29.889305114746094,44.88999938964844,45.20000076293945,44.369998931884766,44.38999938964844,2801500
ES,2014-10-02,29.995840072631836,45.04999923706055,45.29999923706055,44.790000915527344,44.84000015258789,2604100
ES,2014-10-03,30.328765869140625,45.54999923706055,45.630001068115234,44.84000015258789,45.099998474121094,2112300
ES,2014-10-06,30.328765869140625,45.54999923706055,45.81999969482422,45.380001068115234,45.66999816894531,1238200
ES,2014-10-07,30.50187873840332,45.810001373291016,46.15999984741211,45.349998474121094,45.439998626708984,3786400
ES,2014-10-08,31.074491500854492,46.66999816894531,46.7400016784668,45.75,45.779998779296875,2007100
ES,2014-10-09,30.69495964050293,46.099998474121094,47.099998474121094,46.06999969482422,46.7599983215332,2314000
ES,2014-10-10,30.934669494628906,46.459999084472656,46.91999816894531,46.290000915527344,46.29999923706055,1955700
ES,2014-10-13,31.14108657836914,46.77000045776367,47.34000015258789,46.540000915527344,46.59000015258789,1372600
ES,2014-10-14,31.667091369628906,47.560001373291016,48.150001525878906,46.61000061035156,46.83000183105469,2557300
ES,2014-10-15,31.667091369628906,47.560001373291016,47.959999084472656,46.369998931884766,47.43000030517578,3298500
ES,2014-10-16,31.254274368286133,46.939998626708984,47.27000045776367,46.33000183105469,47.08000183105469,2998100
ES,2014-10-17,31.414064407348633,47.18000030517578,47.310001373291016,46.29999923706055,47.099998474121094,2106700
ES,2014-10-20,32.00666046142578,48.06999969482422,48.150001525878906,47.150001525878906,47.220001220703125,2023200
ES,2014-10-21,31.833545684814453,47.810001373291016,48.11000061035156,47.540000915527344,48.11000061035156,3714500
ES,2014-10-22,32.00666046142578,48.06999969482422,48.439998626708984,47.720001220703125,47.79999923706055,1518700
ES,2014-10-23,32.23304748535156,48.40999984741211,48.66999816894531,47.959999084472656,48.25,1702400
ES,2014-10-24,32.35289001464844,48.59000015258789,48.709999084472656,48.34000015258789,48.5099983215332,1180500
ES,2014-10-27,32.25968933105469,48.45000076293945,48.77000045776367,48.29999923706055,48.560001373291016,1590000
ES,2014-10-28,32.479400634765625,48.779998779296875,48.779998779296875,48.20000076293945,48.560001373291016,1403300
ES,2014-10-29,32.193092346191406,48.349998474121094,48.90999984741211,47.88999938964844,48.779998779296875,1245500
ES,2014-10-30,32.858917236328125,49.349998474121094,49.97999954223633,48.34000015258789,48.470001220703125,1772400
ES,2014-10-31,32.858917236328125,49.349998474121094,49.630001068115234,49.119998931884766,49.58000183105469,1609700
ES,2014-11-03,33.0120849609375,49.58000183105469,49.66999816894531,49.34000015258789,49.47999954223633,1585400
ES,2014-11-04,32.9654541015625,49.5099983215332,49.970001220703125,49.22999954223633,49.4900016784668,1226000
ES,2014-11-05,33.84436798095703,50.83000183105469,50.86000061035156,49.619998931884766,49.70000076293945,2441900
ES,2014-11-06,32.958805084228516,49.5,50.560001373291016,49.33000183105469,50.54999923706055,3521900
ES,2014-11-07,33.757808685302734,50.70000076293945,50.70000076293945,49.63999938964844,49.689998626708984,2397900
ES,2014-11-10,33.777793884277344,50.72999954223633,50.91999816894531,50.11000061035156,50.54999923706055,1719100
ES,2014-11-11,33.65127182006836,50.540000915527344,50.91999816894531,50.349998474121094,50.63999938964844,1296600
ES,2014-11-12,32.95215606689453,49.4900016784668,50.18000030517578,49.20000076293945,49.599998474121094,2321600
ES,2014-11-13,32.8056640625,49.27000045776367,49.79999923706055,49.11000061035156,49.599998474121094,1371300
ES,2014-11-14,32.49272918701172,48.79999923706055,49.209999084472656,48.650001525878906,49.06999969482422,1888100
ES,2014-11-17,32.91884994506836,49.439998626708984,49.52000045776367,48.709999084472656,48.810001373291016,860600
ES,2014-11-18,33.14524841308594,49.779998779296875,49.959999084472656,49.349998474121094,49.61000061035156,1048600
ES,2014-11-19,33.25177764892578,49.939998626708984,50.02000045776367,49.41999816894531,49.630001068115234,1267500
ES,2014-11-20,33.265098571777344,49.959999084472656,50.130001068115234,49.689998626708984,49.880001068115234,1306300
ES,2014-11-21,33.53141784667969,50.36000061035156,50.459999084472656,49.779998779296875,50.369998931884766,1840100
ES,2014-11-24,33.298377990722656,50.0099983215332,50.45000076293945,49.86000061035156,50.380001068115234,1859000
ES,2014-11-25,32.9654541015625,49.5099983215332,49.97999954223633,49.34000015258789,49.97999954223633,2290500
ES,2014-11-26,33.05202102661133,49.63999938964844,49.849998474121094,49.529998779296875,49.58000183105469,1714300
ES,2014-11-28,33.717857360839844,50.63999938964844,50.650001525878906,49.790000915527344,49.86000061035156,1362600
ES,2014-12-01,33.751155853271484,50.689998626708984,51.25,49.93000030517578,50.290000915527344,2265300
ES,2014-12-02,34.09071731567383,51.20000076293945,51.290000915527344,50.2599983215332,50.529998779296875,1887700
ES,2014-12-03,34.10404968261719,51.220001220703125,51.27000045776367,50.86000061035156,51.13999938964844,1558000
ES,2014-12-04,34.3304328918457,51.560001373291016,51.720001220703125,51.130001068115234,51.290000915527344,1766200
ES,2014-12-05,34.17729187011719,51.33000183105469,51.5,51.02000045776367,51.27000045776367,1929300
ES,2014-12-08,34.59009552001953,51.95000076293945,52.119998931884766,51.25,51.41999816894531,2191600
ES,2014-12-09,34.783180236816406,52.2400016784668,52.34000015258789,51.79999923706055,51.970001220703125,2665900
ES,2014-12-10,34.390350341796875,51.650001525878906,52.599998474121094,51.619998931884766,52.310001373291016,1627700
ES,2014-12-11,34.674156188964844,51.68000030517578,52.02000045776367,51.279998779296875,51.33000183105469,1443000
ES,2014-12-12,34.31186294555664,51.13999938964844,52.08000183105469,51.119998931884766,51.43000030517578,1189800
ES,2014-12-15,34.03676223754883,50.72999954223633,51.43000030517578,50.369998931884766,51.29999923706055,1277300
ES,2014-12-16,34.197792053222656,50.970001220703125,51.439998626708984,50.18000030517578,50.66999816894531,2239200
ES,2014-12-17,34.7815055847168,51.84000015258789,52.0,51.150001525878906,51.25,2330300
ES,2014-12-18,35.47256851196289,52.869998931884766,52.88999938964844,51.7599983215332,52.130001068115234,2076300
ES,2014-12-19,35.3585090637207,52.70000076293945,53.36000061035156,52.560001373291016,53.0,3052500
ES,2014-12-22,35.60006332397461,53.060001373291016,53.099998474121094,52.54999923706055,52.779998779296875,1202100
ES,2014-12-23,36.06300354003906,53.75,53.81999969482422,52.9900016784668,53.15999984741211,2470300
ES,2014-12-24,36.915103912353516,55.02000045776367,55.119998931884766,53.7599983215332,53.86000061035156,1549900
ES,2014-12-26,37.351200103759766,55.66999816894531,55.83000183105469,55.11000061035156,55.15999984741211,1676900
ES,2014-12-29,37.673255920410156,56.150001525878906,56.65999984741211,55.59000015258789,55.59000015258789,2194500
ES,2014-12-30,36.680259704589844,54.66999816894531,55.939998626708984,54.54999923706055,55.939998626708984,1629100
ES,2014-12-31,35.90869140625,53.52000045776367,54.880001068115234,53.45000076293945,54.86000061035156,1965400
ES,2015-01-02,36.05628967285156,53.7400016784668,53.79999923706055,52.93000030517578,53.529998779296875,1693400
ES,2015-01-05,35.7342414855957,53.2599983215332,53.810001373291016,53.04999923706055,53.7599983215332,1400700
ES,2015-01-06,35.75436782836914,53.290000915527344,54.189998626708984,53.060001373291016,53.38999938964844,2680800
ES,2015-01-07,36.27770233154297,54.06999969482422,54.349998474121094,53.310001373291016,53.70000076293945,1463200
ES,2015-01-08,36.33808517456055,54.15999984741211,54.459999084472656,53.84000015258789,53.959999084472656,2115100
ES,2015-01-09,35.88185119628906,53.47999954223633,54.279998779296875,53.11000061035156,54.15999984741211,1595600
ES,2015-01-12,35.78121566772461,53.33000183105469,53.7400016784668,52.9900016784668,53.709999084472656,1040100
ES,2015-01-13,36.01604461669922,53.68000030517578,54.52000045776367,53.36000061035156,53.650001525878906,1460900
ES,2015-01-14,36.331390380859375,54.150001525878906,54.16999816894531,53.20000076293945,53.22999954223633,1422800
ES,2015-01-15,36.962066650390625,55.09000015258789,55.150001525878906,54.0,54.310001373291016,2110200
ES,2015-01-16,37.27068328857422,55.54999923706055,55.56999969482422,54.91999816894531,55.33000183105469,1464300
ES,2015-01-20,37.14321517944336,55.36000061035156,55.7400016784668,54.970001220703125,55.40999984741211,1262100
ES,2015-01-21,37.411590576171875,55.7599983215332,55.84000015258789,54.72999954223633,55.16999816894531,1396800
ES,2015-01-22,37.277400970458984,55.560001373291016,56.09000015258789,55.11000061035156,56.040000915527344,1298400
ES,2015-01-23,37.465267181396484,55.84000015258789,56.15999984741211,55.459999084472656,55.709999084472656,1176700
ES,2015-01-26,37.43842697143555,55.79999923706055,55.81999969482422,55.16999816894531,55.68000030517578,889400
ES,2015-01-27,37.44513702392578,55.810001373291016,56.11000061035156,55.5,55.5099983215332,1052100
ES,2015-01-28,37.344505310058594,55.65999984741211,56.70000076293945,55.52000045776367,55.790000915527344,1223800
ES,2015-01-29,37.84099197387695,56.400001525878906,56.52000045776367,55.279998779296875,55.58000183105469,1060000
ES,2015-01-30,37.290836334228516,55.58000183105469,56.83000183105469,55.5,56.290000915527344,2041300
ES,2015-02-02,37.673255920410156,56.150001525878906,56.22999954223633,54.83000183105469,55.459999084472656,2120300
ES,2015-02-03,37.59946060180664,56.040000915527344,56.209999084472656,55.689998626708984,55.779998779296875,1569900
ES,2015-02-04,37.31094741821289,55.61000061035156,56.52000045776367,55.47999954223633,55.75,1739300
ES,2015-02-05,37.76047897338867,56.279998779296875,56.400001525878906,55.47999954223633,55.900001525878906,1231700
ES,2015-02-06,36.03616714477539,53.709999084472656,55.9900016784668,53.310001373291016,55.86000061035156,1859400
ES,2015-02-09,35.660438537597656,53.150001525878906,54.0,52.90999984741211,53.720001220703125,1465000
ES,2015-02-10,36.68697738647461,54.68000030517578,54.779998779296875,53.15999984741211,53.189998626708984,2298900
ES,2015-02-11,35.76779556274414,53.310001373291016,54.43000030517578,53.16999816894531,54.43000030517578,1895600
ES,2015-02-12,35.09014129638672,52.29999923706055,53.970001220703125,52.150001525878906,53.400001525878906,3488000
ES,2015-02-13,34.23134231567383,51.02000045776367,52.06999969482422,50.41999816894531,51.77000045776367,2894000
ES,2015-02-17,34.372230529785156,51.22999954223633,51.599998474121094,50.47999954223633,51.0,2602700
ES,2015-02-18,35.251155853271484,52.540000915527344,52.560001373291016,51.119998931884766,51.18000030517578,2162800
ES,2015-02-19,35.22433090209961,52.5,53.630001068115234,52.060001373291016,53.22999954223633,1119700
ES,2015-02-20,35.251155853271484,52.540000915527344,52.619998931884766,51.61000061035156,52.36000061035156,1880600
ES,2015-02-23,35.3585090637207,52.70000076293945,52.939998626708984,52.11000061035156,52.439998626708984,1164200
ES,2015-02-24,35.78791427612305,53.34000015258789,53.52000045776367,52.369998931884766,52.56999969482422,1251200
ES,2015-02-25,35.298118591308594,52.61000061035156,53.4900016784668,52.40999984741211,53.20000076293945,1479400
ES,2015-02-26,35.06007766723633,51.84000015258789,52.54999923706055,51.650001525878906,52.52000045776367,1204400
ES,2015-02-27,34.99920654296875,51.75,52.0,51.439998626708984,51.869998931884766,1176600
ES,2015-03-02,33.984737396240234,50.25,51.86000061035156,49.939998626708984,51.5,1904300
ES,2015-03-03,34.221431732177734,50.599998474121094,50.619998931884766,49.869998931884766,50.06999969482422,1266500
ES,2015-03-04,33.76154327392578,49.91999816894531,50.52000045776367,49.650001525878906,50.310001373291016,1119300
ES,2015-03-05,34.187625885009766,50.54999923706055,50.7599983215332,49.95000076293945,50.20000076293945,867800
ES,2015-03-06,32.97702407836914,48.7599983215332,49.91999816894531,48.540000915527344,49.599998474121094,1293900
ES,2015-03-09,33.04465866088867,48.86000061035156,49.33000183105469,48.689998626708984,49.22999954223633,965000
ES,2015-03-10,33.21373748779297,49.11000061035156,49.83000183105469,48.689998626708984,48.849998474121094,1286900
ES,2015-03-11,33.01760482788086,48.81999969482422,49.20000076293945,48.540000915527344,48.95000076293945,1102600
ES,2015-03-12,33.59248733520508,49.66999816894531,50.18000030517578,48.91999816894531,48.97999954223633,1187700
ES,2015-03-13,33.22727584838867,49.130001068115234,49.619998931884766,48.790000915527344,49.619998931884766,969500
ES,2015-03-16,33.6533317565918,49.7599983215332,50.189998626708984,49.27000045776367,49.400001525878906,1180000
ES,2015-03-17,33.497779846191406,49.529998779296875,50.11000061035156,49.279998779296875,49.68000030517578,1938200
ES,2015-03-18,34.376983642578125,50.83000183105469,51.189998626708984,49.29999923706055,49.599998474121094,2351700
ES,2015-03-19,34.309364318847656,50.72999954223633,51.5,50.369998931884766,50.709999084472656,1261500
ES,2015-03-20,34.498741149902344,51.0099983215332,51.5,50.5099983215332,50.91999816894531,2288300
ES,2015-03-23,34.8098258972168,51.470001220703125,51.61000061035156,51.029998779296875,51.11000061035156,1197800
ES,2015-03-24,34.36345672607422,50.810001373291016,51.58000183105469,50.65999984741211,51.27000045776367,1961400
ES,2015-03-25,33.896812438964844,50.119998931884766,51.380001068115234,50.119998931884766,50.91999816894531,1251900
ES,2015-03-26,33.7547721862793,49.90999984741211,50.599998474121094,49.540000915527344,50.13999938964844,929600
ES,2015-03-27,33.896812438964844,50.119998931884766,50.5099983215332,49.7599983215332,49.790000915527344,1063300
ES,2015-03-30,34.24849319458008,50.63999938964844,50.849998474121094,50.06999969482422,50.220001220703125,622600
ES,2015-03-31,34.16734313964844,50.52000045776367,51.119998931884766,50.220001220703125,50.70000076293945,1192300
ES,2015-04-01,34.309364318847656,50.72999954223633,50.88999938964844,49.86000061035156,50.15999984741211,1060800
ES,2015-04-02,34.24849319458008,50.63999938964844,51.09000015258789,50.59000015258789,50.689998626708984,978500
ES,2015-04-06,34.52578353881836,51.04999923706055,51.41999816894531,50.56999969482422,50.72999954223633,1318200
ES,2015-04-07,34.02531433105469,50.310001373291016,51.29999923706055,50.25,50.970001220703125,1135500
ES,2015-04-08,34.07265090942383,50.380001068115234,50.5099983215332,49.959999084472656,50.15999984741211,823000
ES,2015-04-09,33.78859329223633,49.959999084472656,50.43000030517578,49.7599983215332,50.38999938964844,708100
ES,2015-04-10,34.15380859375,50.5,50.83000183105469,50.04999923706055,50.119998931884766,679900
ES,2015-04-13,33.59922790527344,49.68000030517578,50.40999984741211,49.61000061035156,50.310001373291016,1003300
ES,2015-04-14,33.97121047973633,50.22999954223633,50.33000183105469,49.689998626708984,49.97999954223633,940800
ES,2015-04-15,33.97797393798828,50.2400016784668,50.93000030517578,50.16999816894531,50.310001373291016,1172000
ES,2015-04-16,34.05236053466797,50.349998474121094,50.40999984741211,49.459999084472656,50.13999938964844,1848000
ES,2015-04-17,33.849456787109375,50.04999923706055,50.790000915527344,49.95000076293945,50.15999984741211,1946400
ES,2015-04-20,34.15380859375,50.5,50.939998626708984,49.869998931884766,50.15999984741211,1341300
ES,2015-04-21,33.55188751220703,49.61000061035156,50.849998474121094,49.369998931884766,49.77000045776367,2150400
ES,2015-04-22,33.45044708251953,49.459999084472656,50.029998779296875,49.33000183105469,50.029998779296875,1614100
ES,2015-04-23,33.55865478515625,49.619998931884766,49.849998474121094,49.369998931884766,49.560001373291016,1611300
ES,2015-04-24,34.01179122924805,50.290000915527344,50.459999084472656,49.380001068115234,49.560001373291016,1634700
ES,2015-04-27,33.693904876708984,49.81999969482422,50.56999969482422,49.70000076293945,50.380001068115234,1224900
ES,2015-04-28,34.07941436767578,50.38999938964844,50.439998626708984,49.43000030517578,49.599998474121094,1119900
ES,2015-04-29,33.82241439819336,50.0099983215332,50.31999969482422,49.56999969482422,49.95000076293945,996300
ES,2015-04-30,32.97702407836914,48.7599983215332,49.900001525878906,48.400001525878906,49.40999984741211,2363800
ES,2015-05-01,33.0649528503418,48.88999938964844,49.040000915527344,48.31999969482422,48.7599983215332,1328700
ES,2015-05-04,33.382808685302734,49.36000061035156,49.90999984741211,48.970001220703125,49.2599983215332,1102200
ES,2015-05-05,32.611812591552734,48.220001220703125,49.5,48.09000015258789,49.40999984741211,1257000
ES,2015-05-06,32.31423568725586,47.779998779296875,48.58000183105469,47.31999969482422,48.220001220703125,1611600
ES,2015-05-07,32.4089241027832,47.91999816894531,48.34000015258789,47.849998474121094,47.97999954223633,1823200
ES,2015-05-08,32.77412796020508,48.459999084472656,48.70000076293945,48.029998779296875,48.2599983215332,2324600
ES,2015-05-11,32.80793762207031,48.5099983215332,49.08000183105469,48.40999984741211,48.540000915527344,1448200
ES,2015-05-12,32.94319152832031,48.709999084472656,48.79999923706055,47.939998626708984,48.189998626708984,1871500
ES,2015-05-13,32.422447204589844,47.939998626708984,49.060001373291016,47.81999969482422,48.959999084472656,1683800
ES,2015-05-14,32.828243255615234,48.540000915527344,48.7400016784668,47.97999954223633,48.25,1831300
ES,2015-05-15,33.25431442260742,49.16999816894531,49.189998626708984,48.5,48.65999984741211,2902300
ES,2015-05-18,33.43691635131836,49.439998626708984,49.560001373291016,48.900001525878906,49.029998779296875,1186300
ES,2015-05-19,33.355770111083984,49.31999969482422,49.630001068115234,49.02000045776367,49.209999084472656,1116100
ES,2015-05-20,33.45720291137695,49.470001220703125,49.86000061035156,49.119998931884766,49.22999954223633,1570000
ES,2015-05-21,33.43016815185547,49.43000030517578,49.599998474121094,49.099998474121094,49.400001525878906,977000
ES,2015-05-22,33.33546447753906,49.290000915527344,49.41999816894531,48.869998931884766,49.29999923706055,827900
ES,2015-05-26,33.13935089111328,49.0,49.29999923706055,48.75,49.20000076293945,1384000
ES,2015-05-27,33.26758575439453,48.77000045776367,48.900001525878906,48.540000915527344,48.66999816894531,756600
ES,2015-05-28,33.595001220703125,49.25,49.34000015258789,48.54999923706055,48.68000030517578,1242500
ES,2015-05-29,33.595001220703125,49.25,49.52000045776367,49.0099983215332,49.2599983215332,1629100
ES,2015-06-01,33.55408477783203,49.189998626708984,49.52000045776367,49.029998779296875,49.2599983215332,1122800
ES,2015-06-02,33.07658767700195,48.4900016784668,48.9900016784668,48.11000061035156,48.88999938964844,1531300
ES,2015-06-03,32.524051666259766,47.68000030517578,48.54999923706055,47.380001068115234,48.439998626708984,1667500
ES,2015-06-04,32.3603401184082,47.439998626708984,47.869998931884766,47.31999969482422,47.400001525878906,734900
ES,2015-06-05,31.848735809326172,46.689998626708984,47.0,46.349998474121094,46.84000015258789,1560100
ES,2015-06-08,31.603187561035156,46.33000183105469,46.689998626708984,46.310001373291016,46.619998931884766,1054500
ES,2015-06-09,31.603187561035156,46.33000183105469,46.599998474121094,46.04999923706055,46.279998779296875,873800
ES,2015-06-10,31.500865936279297,46.18000030517578,46.790000915527344,46.150001525878906,46.4900016784668,1282200
ES,2015-06-11,31.828285217285156,46.65999984741211,46.86000061035156,46.369998931884766,46.529998779296875,989100
ES,2015-06-12,31.44628143310547,46.099998474121094,46.540000915527344,46.099998474121094,46.459999084472656,593000
ES,2015-06-15,31.391719818115234,46.02000045776367,46.209999084472656,45.790000915527344,46.0099983215332,830200
ES,2015-06-16,31.841920852661133,46.68000030517578,46.709999084472656,45.72999954223633,45.95000076293945,1431900
ES,2015-06-17,32.02610397338867,46.95000076293945,47.0,46.310001373291016,46.56999969482422,1111600
ES,2015-06-18,32.25803756713867,47.290000915527344,47.709999084472656,46.84000015258789,46.93000030517578,1518200
ES,2015-06-19,31.882856369018555,46.7400016784668,47.5099983215332,46.7400016784668,47.27000045776367,1819900
ES,2015-06-22,31.760066986083984,46.560001373291016,46.95000076293945,46.47999954223633,46.54999923706055,1230600
ES,2015-06-23,31.275753021240234,45.849998474121094,46.54999923706055,45.779998779296875,46.439998626708984,1153400
ES,2015-06-24,31.084762573242188,45.56999969482422,46.130001068115234,45.560001373291016,45.88999938964844,835600
ES,2015-06-25,31.043834686279297,45.5099983215332,45.86000061035156,45.439998626708984,45.689998626708984,1654900
ES,2015-06-26,31.371252059936523,45.9900016784668,46.150001525878906,45.20000076293945,45.439998626708984,2279500
ES,2015-06-29,31.037002563476562,45.5,46.5099983215332,45.470001220703125,46.150001525878906,1444900
ES,2015-06-30,30.975629806518555,45.40999984741211,45.779998779296875,45.310001373291016,45.68000030517578,1995300
ES,2015-07-01,31.084762573242188,45.56999969482422,45.72999954223633,45.34000015258789,45.529998779296875,1798900
ES,2015-07-02,31.725955963134766,46.5099983215332,46.560001373291016,45.790000915527344,45.970001220703125,1839700
ES,2015-07-06,31.589540481567383,46.310001373291016,46.54999923706055,44.63999938964844,44.880001068115234,7597500
ES,2015-07-07,32.31942367553711,47.380001068115234,47.75,46.529998779296875,46.54999923706055,3802800
ES,2015-07-08,32.148887634277344,47.130001068115234,47.77000045776367,46.88999938964844,47.279998779296875,3002700
ES,2015-07-09,31.876026153564453,46.72999954223633,47.349998474121094,46.2400016784668,47.25,2986100
ES,2015-07-10,31.98516845703125,46.88999938964844,47.369998931884766,46.540000915527344,46.7400016784668,1830700
ES,2015-07-13,32.08749008178711,47.040000915527344,47.38999938964844,46.810001373291016,47.150001525878906,1331700
ES,2015-07-14,32.26484680175781,47.29999923706055,47.349998474121094,46.88999938964844,47.040000915527344,1322000
ES,2015-07-15,32.55134963989258,47.720001220703125,47.86000061035156,47.06999969482422,47.29999923706055,1946800
ES,2015-07-16,32.94697952270508,48.29999923706055,48.400001525878906,47.58000183105469,47.68000030517578,1080400
ES,2015-07-17,32.6877555847168,47.91999816894531,48.4900016784668,47.849998474121094,48.29999923706055,1246800
ES,2015-07-20,32.455848693847656,47.58000183105469,47.88999938964844,47.209999084472656,47.849998474121094,1259900
ES,2015-07-21,32.414913177490234,47.52000045776367,47.68000030517578,46.93000030517578,47.58000183105469,1683300
ES,2015-07-22,32.626373291015625,47.83000183105469,48.439998626708984,47.36000061035156,47.63999938964844,3469100
ES,2015-07-23,32.29895782470703,47.349998474121094,47.81999969482422,46.959999084472656,47.81999969482422,2689100
ES,2015-07-24,32.203453063964844,47.209999084472656,47.560001373291016,47.040000915527344,47.290000915527344,2538800
ES,2015-07-27,32.65365219116211,47.869998931884766,48.11000061035156,47.27000045776367,47.27000045776367,1207300
ES,2015-07-28,32.824188232421875,48.119998931884766,48.18000030517578,47.63999938964844,47.869998931884766,1310500
ES,2015-07-29,32.94015884399414,48.290000915527344,48.34000015258789,47.810001373291016,48.099998474121094,1170600
ES,2015-07-30,33.26758575439453,48.77000045776367,48.869998931884766,48.029998779296875,48.130001068115234,1360800
ES,2015-07-31,33.915611267089844,49.720001220703125,49.9900016784668,49.06999969482422,49.56999969482422,1996100
ES,2015-08-03,34.0042839050293,49.849998474121094,50.220001220703125,49.58000183105469,49.77000045776367,1810000
ES,2015-08-04,33.49267578125,49.099998474121094,49.83000183105469,49.02000045776367,49.83000183105469,1004300
ES,2015-08-05,33.58818817138672,49.2400016784668,49.54999923706055,49.08000183105469,49.290000915527344,836600
ES,2015-08-06,33.786006927490234,49.529998779296875,49.619998931884766,48.97999954223633,49.279998779296875,1556200
ES,2015-08-07,33.97018051147461,49.79999923706055,49.970001220703125,49.029998779296875,49.2599983215332,2142900
ES,2015-08-10,34.120243072509766,50.02000045776367,50.18000030517578,49.79999923706055,49.970001220703125,1834800
ES,2015-08-11,34.38628005981445,50.40999984741211,50.68000030517578,49.86000061035156,50.06999969482422,1189100
ES,2015-08-12,34.72734832763672,50.90999984741211,51.150001525878906,50.099998474121094,50.41999816894531,1289200
ES,2015-08-13,34.64548873901367,50.790000915527344,51.029998779296875,50.20000076293945,50.61000061035156,1413800
ES,2015-08-14,34.911521911621094,51.18000030517578,51.220001220703125,50.540000915527344,50.84000015258789,885600
ES,2015-08-17,35.204837799072266,51.61000061035156,51.7400016784668,51.119998931884766,51.22999954223633,1257000
ES,2015-08-18,35.10934066772461,51.470001220703125,51.63999938964844,51.16999816894531,51.38999938964844,1803300
ES,2015-08-19,35.25257873535156,51.68000030517578,51.790000915527344,51.02000045776367,51.31999969482422,1534400
ES,2015-08-20,35.211666107177734,51.619998931884766,52.150001525878906,51.29999923706055,51.439998626708984,1366900
ES,2015-08-21,34.81602096557617,51.040000915527344,51.75,51.0099983215332,51.5,1713700
ES,2015-08-24,33.369895935058594,48.91999816894531,50.61000061035156,48.68000030517578,49.33000183105469,3000900
ES,2015-08-25,32.23073959350586,47.25,49.720001220703125,47.209999084472656,49.2400016784668,2158200
ES,2015-08-26,32.79692077636719,48.08000183105469,48.189998626708984,47.060001373291016,47.599998474121094,1617400
ES,2015-08-27,33.1447868347168,48.59000015258789,48.619998931884766,47.869998931884766,48.369998931884766,1263400
ES,2015-08-28,32.94015884399414,48.290000915527344,48.77000045776367,47.540000915527344,48.5,1550300
ES,2015-08-31,32.22392272949219,47.2400016784668,48.290000915527344,46.88999938964844,48.119998931884766,2731700
ES,2015-09-01,31.425830841064453,46.06999969482422,46.75,45.83000183105469,46.720001220703125,2329300
ES,2015-09-02,31.480390548706055,46.150001525878906,46.619998931884766,45.880001068115234,46.540000915527344,2330800
ES,2015-09-03,31.691858291625977,46.459999084472656,46.61000061035156,46.16999816894531,46.36000061035156,2073400
ES,2015-09-04,31.20072364807129,45.7400016784668,46.18000030517578,45.630001068115234,46.029998779296875,1494700
ES,2015-09-08,31.705495834350586,46.47999954223633,46.56999969482422,46.06999969482422,46.13999938964844,1710000
ES,2015-09-09,31.289405822753906,45.869998931884766,46.619998931884766,45.779998779296875,46.5099983215332,1724700
ES,2015-09-10,31.322437286376953,45.5,45.90999984741211,45.29999923706055,45.29999923706055,1707500
ES,2015-09-11,31.72861099243164,46.09000015258789,46.09000015258789,45.13999938964844,45.349998474121094,2064000
ES,2015-09-14,31.838741302490234,46.25,46.470001220703125,45.970001220703125,46.08000183105469,1129300
ES,2015-09-15,32.148536682128906,46.70000076293945,46.81999969482422,46.06999969482422,46.349998474121094,1764600
ES,2015-09-16,32.155418395996094,46.709999084472656,46.93000030517578,46.459999084472656,46.650001525878906,1929500
ES,2015-09-17,32.809391021728516,47.65999984741211,48.33000183105469,46.56999969482422,46.810001373291016,2985700
ES,2015-09-18,32.506507873535156,47.220001220703125,48.08000183105469,47.09000015258789,47.43000030517578,3593800
ES,2015-09-21,32.70613479614258,47.5099983215332,47.65999984741211,47.150001525878906,47.369998931884766,1441900
ES,2015-09-22,32.678592681884766,47.470001220703125,47.68000030517578,47.09000015258789,47.33000183105469,1634100
ES,2015-09-23,32.8507080078125,47.720001220703125,47.880001068115234,47.279998779296875,47.47999954223633,1617100
ES,2015-09-24,33.16048049926758,48.16999816894531,48.2400016784668,47.459999084472656,47.59000015258789,2281700
ES,2015-09-25,33.6561393737793,48.88999938964844,49.369998931884766,47.939998626708984,48.33000183105469,1733000
ES,2015-09-28,33.79381561279297,49.09000015258789,49.20000076293945,48.66999816894531,48.83000183105469,2001500
ES,2015-09-29,33.93838119506836,49.29999923706055,49.77000045776367,49.11000061035156,49.209999084472656,2501800
ES,2015-09-30,34.84709167480469,50.619998931884766,50.65999984741211,49.11000061035156,49.2599983215332,2556300
ES,2015-10-01,34.36519241333008,49.91999816894531,50.709999084472656,49.2599983215332,50.709999084472656,1934800
ES,2015-10-02,34.77134323120117,50.5099983215332,50.630001068115234,49.84000015258789,50.20000076293945,1228900
ES,2015-10-05,35.177513122558594,51.099998474121094,51.189998626708984,50.29999923706055,50.68000030517578,1473200
ES,2015-10-06,34.86083984375,50.63999938964844,51.11000061035156,50.36000061035156,50.9900016784668,1545300
ES,2015-10-07,34.70940399169922,50.41999816894531,50.84000015258789,50.290000915527344,50.7599983215332,1487500
ES,2015-10-08,35.1568489074707,51.06999969482422,51.11000061035156,50.16999816894531,50.31999969482422,1034000
ES,2015-10-09,34.853965759277344,50.630001068115234,51.02000045776367,50.47999954223633,51.0,1007900
ES,2015-10-12,35.232582092285156,51.18000030517578,51.43000030517578,50.709999084472656,50.72999954223633,949400
ES,2015-10-13,35.07425308227539,50.95000076293945,51.45000076293945,50.84000015258789,50.9900016784668,1327700
ES,2015-10-14,35.280784606933594,51.25,51.599998474121094,51.029998779296875,51.130001068115234,1346300
ES,2015-10-15,35.680049896240234,51.83000183105469,51.93000030517578,51.040000915527344,51.34000015258789,1258900
ES,2015-10-16,35.96229553222656,52.2400016784668,52.529998779296875,51.939998626708984,51.97999954223633,1292200
ES,2015-10-19,35.78330612182617,51.97999954223633,52.220001220703125,51.54999923706055,52.060001373291016,1342400
ES,2015-10-20,35.93476104736328,52.20000076293945,52.27000045776367,51.560001373291016,51.81999969482422,1343400
ES,2015-10-21,35.8383903503418,52.060001373291016,52.709999084472656,51.93000030517578,52.27000045776367,1167400
ES,2015-10-22,36.27895736694336,52.70000076293945,52.849998474121094,52.029998779296875,52.15999984741211,1080000
ES,2015-10-23,35.60432434082031,51.720001220703125,52.68000030517578,51.63999938964844,52.61000061035156,1017400
ES,2015-10-26,35.831485748291016,52.04999923706055,52.09000015258789,51.36000061035156,51.779998779296875,903000
ES,2015-10-27,35.74888229370117,51.93000030517578,52.25,51.63999938964844,52.040000915527344,783700
ES,2015-10-28,35.08802032470703,50.970001220703125,52.15999984741211,50.43000030517578,51.93000030517578,1283500
ES,2015-10-29,34.943450927734375,50.7599983215332,50.86000061035156,49.83000183105469,50.61000061035156,1265500
ES,2015-10-30,35.06736373901367,50.939998626708984,51.16999816894531,50.599998474121094,50.77000045776367,1392900
ES,2015-11-02,35.08113098144531,50.959999084472656,51.2599983215332,50.4900016784668,50.970001220703125,1281900
ES,2015-11-03,35.418453216552734,51.45000076293945,51.540000915527344,50.099998474121094,50.099998474121094,1557900
ES,2015-11-04,35.51483154296875,51.59000015258789,51.97999954223633,51.209999084472656,51.34000015258789,1113700
ES,2015-11-05,35.4528694152832,51.5,51.81999969482422,51.36000061035156,51.5099983215332,1086500
ES,2015-11-06,33.7456169128418,49.02000045776367,51.060001373291016,48.84000015258789,50.75,1801700
ES,2015-11-09,33.972801208496094,49.349998474121094,49.43000030517578,48.65999984741211,48.81999969482422,1304700
ES,2015-11-10,34.67497253417969,50.369998931884766,50.45000076293945,49.18000030517578,49.47999954223633,1435600
ES,2015-11-11,35.1568489074707,51.06999969482422,51.13999938964844,50.38999938964844,50.5099983215332,1183800
ES,2015-11-12,34.57861328125,50.22999954223633,51.380001068115234,50.15999984741211,50.65999984741211,1552700
ES,2015-11-13,34.28258514404297,49.79999923706055,50.72999954223633,49.689998626708984,50.34000015258789,949300
ES,2015-11-16,35.08802032470703,50.970001220703125,51.02000045776367,49.84000015258789,49.849998474121094,1383800
ES,2015-11-17,34.17932891845703,49.650001525878906,51.220001220703125,49.47999954223633,50.83000183105469,1805800
ES,2015-11-18,34.83330535888672,50.599998474121094,50.68000030517578,49.400001525878906,49.790000915527344,1603900
ES,2015-11-19,35.13620376586914,51.040000915527344,51.290000915527344,50.4900016784668,50.77000045776367,1610900
ES,2015-11-20,35.41157150268555,51.439998626708984,51.900001525878906,51.189998626708984,51.43000030517578,2653800
ES,2015-11-23,35.19816970825195,51.130001068115234,51.689998626708984,50.97999954223633,51.5,1167100
ES,2015-11-24,34.86772918701172,50.650001525878906,50.90999984741211,50.380001068115234,50.84000015258789,1671600
ES,2015-11-25,34.66809844970703,50.36000061035156,50.630001068115234,50.209999084472656,50.630001068115234,1021200
ES,2015-11-27,34.785118103027344,50.529998779296875,50.90999984741211,50.29999923706055,50.54999923706055,951000
ES,2015-11-30,35.07425308227539,50.95000076293945,51.540000915527344,50.40999984741211,50.70000076293945,3832000
ES,2015-12-01,34.95033645629883,50.77000045776367,51.189998626708984,50.189998626708984,50.779998779296875,2199700
ES,2015-12-02,34.23439407348633,49.72999954223633,50.790000915527344,49.65999984741211,50.619998931884766,981600
ES,2015-12-03,33.9521598815918,49.31999969482422,49.720001220703125,49.150001525878906,49.529998779296875,2017100
ES,2015-12-04,34.853965759277344,50.630001068115234,50.66999816894531,49.5099983215332,49.650001525878906,1300600
ES,2015-12-07,35.232582092285156,51.18000030517578,51.20000076293945,50.29999923706055,50.41999816894531,1915200
ES,2015-12-08,35.184391021728516,51.11000061035156,51.29999923706055,50.72999954223633,51.099998474121094,1210900
ES,2015-12-09,34.9985237121582,50.84000015258789,51.68000030517578,50.65999984741211,50.900001525878906,1450000
ES,2015-12-10,33.914329528808594,48.86000061035156,50.349998474121094,48.7400016784668,50.31999969482422,2467900
ES,2015-12-11,33.94902801513672,48.90999984741211,49.33000183105469,48.18000030517578,48.59000015258789,1351500
ES,2015-12-14,34.14339065551758,49.189998626708984,49.209999084472656,48.599998474121094,48.95000076293945,1118100
ES,2015-12-15,34.511260986328125,49.720001220703125,50.029998779296875,49.279998779296875,49.470001220703125,1883900
ES,2015-12-16,35.50383377075195,51.150001525878906,51.310001373291016,49.720001220703125,49.900001525878906,1773700
ES,2015-12-17,35.89948654174805,51.720001220703125,51.91999816894531,51.11000061035156,51.11000061035156,1806100
ES,2015-12-18,35.01796340942383,50.45000076293945,51.54999923706055,50.400001525878906,51.4900016784668,2540700
ES,2015-12-21,34.75419616699219,50.06999969482422,50.72999954223633,49.84000015258789,50.59000015258789,1550300
ES,2015-12-22,35.18454360961914,50.689998626708984,50.83000183105469,49.72999954223633,50.29999923706055,1022900
ES,2015-12-23,35.843955993652344,51.63999938964844,51.810001373291016,50.61000061035156,50.90999984741211,1169000
ES,2015-12-24,35.913368225097656,51.7400016784668,51.91999816894531,51.459999084472656,51.61000061035156,672600
ES,2015-12-28,35.98278045654297,51.84000015258789,51.86000061035156,51.38999938964844,51.709999084472656,718600
ES,2015-12-29,36.02442932128906,51.900001525878906,52.2400016784668,51.849998474121094,52.08000183105469,1020300
ES,2015-12-30,35.989707946777344,51.849998474121094,52.2400016784668,51.84000015258789,51.970001220703125,708300
ES,2015-12-31,35.44830322265625,51.06999969482422,51.900001525878906,50.54999923706055,51.88999938964844,2081200
ES,2016-01-04,35.31643295288086,50.880001068115234,50.88999938964844,50.22999954223633,50.650001525878906,1590300
ES,2016-01-05,35.64265823364258,51.349998474121094,51.43000030517578,50.0099983215332,50.849998474121094,1087100
ES,2016-01-06,35.71900177001953,51.459999084472656,51.650001525878906,50.72999954223633,51.040000915527344,1265500
ES,2016-01-07,35.49689865112305,51.13999938964844,51.290000915527344,50.7599983215332,50.79999923706055,2141700
ES,2016-01-08,35.2747917175293,50.81999969482422,51.4900016784668,50.720001220703125,51.16999816894531,1290200
ES,2016-01-11,35.420536041259766,51.029998779296875,51.31999969482422,50.58000183105469,50.90999984741211,1097500
ES,2016-01-12,35.48301696777344,51.119998931884766,51.439998626708984,50.400001525878906,51.27000045776367,1555400
ES,2016-01-13,35.60795593261719,51.29999923706055,51.72999954223633,51.060001373291016,51.27000045776367,2202100
ES,2016-01-14,35.99665832519531,51.86000061035156,52.220001220703125,50.56999969482422,51.279998779296875,4149300
ES,2016-01-15,35.67042541503906,51.38999938964844,51.720001220703125,50.81999969482422,51.29999923706055,3195700
ES,2016-01-19,36.50336456298828,52.59000015258789,52.75,51.380001068115234,51.45000076293945,2777800
ES,2016-01-20,35.50383377075195,51.150001525878906,52.650001525878906,50.52000045776367,52.369998931884766,3408700
ES,2016-01-21,35.10820007324219,50.58000183105469,51.470001220703125,50.209999084472656,51.27000045776367,2350200
ES,2016-01-22,35.80229187011719,51.58000183105469,51.630001068115234,50.15999984741211,50.630001068115234,1836500
ES,2016-01-25,35.843955993652344,51.63999938964844,51.970001220703125,51.220001220703125,51.619998931884766,1950700
ES,2016-01-26,36.19794845581055,52.150001525878906,52.68000030517578,51.7400016784668,51.77000045776367,1538600
ES,2016-01-27,36.31594467163086,52.31999969482422,52.68000030517578,51.84000015258789,52.22999954223633,1753400
ES,2016-01-28,36.85041809082031,53.09000015258789,53.52000045776367,51.7599983215332,52.189998626708984,1850500
ES,2016-01-29,37.34323501586914,53.79999923706055,54.150001525878906,53.369998931884766,53.630001068115234,3007800
ES,2016-02-01,37.877708435058594,54.56999969482422,54.91999816894531,53.4900016784668,53.599998474121094,2791300
ES,2016-02-02,38.23169708251953,55.08000183105469,55.22999954223633,54.029998779296875,54.27000045776367,1859500
ES,2016-02-03,38.67592239379883,55.720001220703125,55.970001220703125,55.34000015258789,55.470001220703125,1939300
ES,2016-02-04,38.12758255004883,54.93000030517578,55.90999984741211,54.84000015258789,55.630001068115234,3347600
ES,2016-02-05,37.94017791748047,54.65999984741211,54.86000061035156,53.38999938964844,54.40999984741211,3111400
ES,2016-02-08,37.544525146484375,54.09000015258789,54.779998779296875,53.43000030517578,54.13999938964844,3262400
ES,2016-02-09,37.96099853515625,54.689998626708984,54.900001525878906,53.84000015258789,54.0,3068300
ES,2016-02-10,38.134521484375,54.939998626708984,55.279998779296875,53.810001373291016,54.47999954223633,2036700
ES,2016-02-11,37.412635803222656,53.900001525878906,55.130001068115234,53.790000915527344,54.790000915527344,2151300
ES,2016-02-12,37.14194107055664,53.5099983215332,54.06999969482422,52.93000030517578,53.880001068115234,2236500
ES,2016-02-16,37.384891510009766,53.86000061035156,53.97999954223633,53.119998931884766,53.849998474121094,1781800
ES,2016-02-17,37.16277313232422,53.540000915527344,53.900001525878906,53.290000915527344,53.810001373291016,1368000
ES,2016-02-18,37.80134582519531,54.459999084472656,54.7400016784668,53.529998779296875,53.650001525878906,1803900
ES,2016-02-19,37.947105407714844,54.66999816894531,54.7400016784668,53.83000183105469,54.41999816894531,2494800
ES,2016-02-22,38.412174224853516,55.34000015258789,55.5099983215332,54.65999984741211,54.83000183105469,1283500
ES,2016-02-23,38.759220123291016,55.84000015258789,56.0,55.02000045776367,55.02000045776367,1595600
ES,2016-02-24,39.02993392944336,56.22999954223633,56.4900016784668,55.540000915527344,55.540000915527344,1720300
ES,2016-02-25,39.328399658203125,56.65999984741211,56.91999816894531,56.25,56.45000076293945,1060500
ES,2016-02-26,38.01652145385742,54.77000045776367,56.470001220703125,54.75,56.41999816894531,1570300
ES,2016-02-29,37.99904251098633,54.29999923706055,54.84000015258789,53.93000030517578,54.279998779296875,1808600
ES,2016-03-01,37.950035095214844,54.22999954223633,54.869998931884766,53.79999923706055,54.5,2106500
ES,2016-03-02,38.02703094482422,54.34000015258789,54.380001068115234,52.619998931884766,53.959999084472656,1800700
ES,2016-03-03,38.22996139526367,54.630001068115234,54.65999984741211,53.59000015258789,54.439998626708984,1185200
ES,2016-03-04,38.86678695678711,55.540000915527344,55.689998626708984,54.130001068115234,54.33000183105469,1839900
ES,2016-03-07,39.26566696166992,56.11000061035156,56.27000045776367,55.31999969482422,55.31999969482422,2661600
ES,2016-03-08,39.67155456542969,56.689998626708984,57.029998779296875,55.88999938964844,56.349998474121094,1955800
ES,2016-03-09,39.79750442504883,56.869998931884766,57.15999984741211,56.400001525878906,56.59000015258789,1648700
ES,2016-03-10,39.53858947753906,56.5,57.25,56.06999969482422,56.91999816894531,2157900
ES,2016-03-11,39.573585510253906,56.54999923706055,57.0,56.36000061035156,56.720001220703125,1655400
ES,2016-03-14,39.706539154052734,56.7400016784668,56.83000183105469,56.150001525878906,56.59000015258789,1581400
ES,2016-03-15,39.71352767944336,56.75,57.349998474121094,56.459999084472656,56.72999954223633,1990900
ES,2016-03-16,40.161407470703125,57.38999938964844,57.58000183105469,56.04999923706055,56.5,1406500
ES,2016-03-17,40.476322174072266,57.84000015258789,58.09000015258789,57.31999969482422,57.540000915527344,2626700
ES,2016-03-18,40.021453857421875,57.189998626708984,58.06999969482422,57.18000030517578,57.81999969482422,3055300
ES,2016-03-21,40.1334228515625,57.349998474121094,57.81999969482422,56.7400016784668,57.099998474121094,1657600
ES,2016-03-22,40.22439193725586,57.47999954223633,57.66999816894531,57.06999969482422,57.349998474121094,2030800
ES,2016-03-23,40.53929138183594,57.93000030517578,58.08000183105469,57.130001068115234,57.4900016784668,1344200
ES,2016-03-24,40.46931838989258,57.83000183105469,58.290000915527344,57.650001525878906,57.7400016784668,1284300
ES,2016-03-28,40.42732238769531,57.77000045776367,58.41999816894531,57.630001068115234,58.099998474121094,681800
ES,2016-03-29,40.95917510986328,58.529998779296875,58.599998474121094,57.70000076293945,58.0,1309600
ES,2016-03-30,40.8612060546875,58.38999938964844,58.810001373291016,58.2599983215332,58.650001525878906,1204200
ES,2016-03-31,40.82620620727539,58.34000015258789,58.5099983215332,58.029998779296875,58.060001373291016,2432400
ES,2016-04-01,41.14812469482422,58.79999923706055,58.939998626708984,57.900001525878906,57.900001525878906,1515600
ES,2016-04-04,41.00116729736328,58.59000015258789,59.09000015258789,58.279998779296875,58.869998931884766,1290200
ES,2016-04-05,39.94446563720703,57.08000183105469,58.65999984741211,57.029998779296875,58.5099983215332,2299900
ES,2016-04-06,39.81149673461914,56.88999938964844,57.16999816894531,56.540000915527344,57.0,2047000
ES,2016-04-07,39.74853515625,56.79999923706055,57.33000183105469,56.540000915527344,56.7599983215332,1801500
ES,2016-04-08,39.923465728759766,57.04999923706055,57.599998474121094,56.95000076293945,57.060001373291016,1788200
ES,2016-04-11,39.62956237792969,56.630001068115234,57.43000030517578,56.61000061035156,57.060001373291016,1699900
ES,2016-04-12,39.65753936767578,56.66999816894531,56.79999923706055,56.43000030517578,56.66999816894531,1764300
ES,2016-04-13,39.23767852783203,56.06999969482422,56.86000061035156,55.95000076293945,56.86000061035156,1752200
ES,2016-04-14,39.258670806884766,56.099998474121094,56.220001220703125,55.84000015258789,55.97999954223633,1695000
ES,2016-04-15,39.692543029785156,56.720001220703125,56.959999084472656,55.95000076293945,56.060001373291016,1892700
ES,2016-04-18,39.97246170043945,57.119998931884766,57.130001068115234,56.5,56.630001068115234,1609300
ES,2016-04-19,39.91647720336914,57.040000915527344,57.33000183105469,56.70000076293945,57.22999954223633,1477600
ES,2016-04-20,38.93675994873047,55.63999938964844,57.33000183105469,55.560001373291016,57.13999938964844,1668200
ES,2016-04-21,38.502891540527344,55.02000045776367,55.61000061035156,54.5099983215332,55.40999984741211,2802500
ES,2016-04-22,38.76881408691406,55.400001525878906,55.52000045776367,55.16999816894531,55.189998626708984,1693600
ES,2016-04-25,38.83878707885742,55.5,55.58000183105469,55.060001373291016,55.18000030517578,1223600
ES,2016-04-26,38.740814208984375,55.36000061035156,55.810001373291016,55.150001525878906,55.56999969482422,1337000
ES,2016-04-27,39.223670959472656,56.04999923706055,56.27000045776367,55.13999938964844,55.459999084472656,1662900
ES,2016-04-28,39.23066711425781,56.060001373291016,56.33000183105469,55.29999923706055,55.41999816894531,1486300
ES,2016-04-29,39.49660110473633,56.439998626708984,56.560001373291016,55.38999938964844,55.869998931884766,1394000
ES,2016-05-02,39.937477111816406,57.06999969482422,57.31999969482422,56.4900016784668,56.599998474121094,1329800
ES,2016-05-03,39.86750411987305,56.970001220703125,57.25,56.630001068115234,57.08000183105469,1128800
ES,2016-05-04,40.24538040161133,57.5099983215332,58.060001373291016,56.83000183105469,57.0,1617700
ES,2016-05-05,40.168399810791016,57.400001525878906,58.2599983215332,55.63999938964844,55.63999938964844,2212100
ES,2016-05-06,40.000450134277344,57.15999984741211,57.41999816894531,56.47999954223633,57.40999984741211,2007600
ES,2016-05-09,40.294368743896484,57.58000183105469,57.68000030517578,56.91999816894531,57.209999084472656,1340200
ES,2016-05-10,40.266380310058594,57.540000915527344,57.86000061035156,57.31999969482422,57.79999923706055,1287000
ES,2016-05-11,40.140419006347656,57.36000061035156,57.84000015258789,56.9900016784668,57.63999938964844,2016400
ES,2016-05-12,40.329368591308594,57.630001068115234,58.06999969482422,57.16999816894531,57.29999923706055,2605800
ES,2016-05-13,40.161407470703125,57.38999938964844,57.7400016784668,57.08000183105469,57.65999984741211,1351400
ES,2016-05-16,40.15440368652344,57.380001068115234,57.45000076293945,56.95000076293945,57.279998779296875,1361600
ES,2016-05-17,39.06270980834961,55.81999969482422,57.27000045776367,55.619998931884766,57.209999084472656,2676900
ES,2016-05-18,38.3419303894043,54.790000915527344,56.040000915527344,54.56999969482422,55.47999954223633,2530900
ES,2016-05-19,38.69182586669922,55.290000915527344,55.31999969482422,54.279998779296875,54.5099983215332,1894200
ES,2016-05-20,38.4259033203125,54.90999984741211,55.4900016784668,54.45000076293945,55.47999954223633,2698000
ES,2016-05-23,37.90106201171875,54.15999984741211,55.0,54.130001068115234,54.90999984741211,1795800
ES,2016-05-24,38.25796127319336,54.66999816894531,54.72999954223633,53.95000076293945,54.20000076293945,1649600
ES,2016-05-25,37.99904251098633,54.29999923706055,54.779998779296875,54.189998626708984,54.5099983215332,1505600
ES,2016-05-26,38.66579818725586,54.79999923706055,54.83000183105469,53.900001525878906,53.900001525878906,2818900
ES,2016-05-27,38.8139762878418,55.0099983215332,55.08000183105469,54.66999816894531,54.849998474121094,1296500
ES,2016-05-31,38.97625732421875,55.2400016784668,55.310001373291016,54.66999816894531,54.869998931884766,2213200
ES,2016-06-01,39.17384338378906,55.52000045776367,55.529998779296875,55.06999969482422,55.16999816894531,2421600
ES,2016-06-02,39.05387496948242,55.349998474121094,55.54999923706055,54.86000061035156,55.5,1827800
ES,2016-06-03,39.625389099121094,56.15999984741211,56.599998474121094,55.93000030517578,55.93000030517578,1306800
ES,2016-06-06,39.3854866027832,55.81999969482422,56.34000015258789,55.58000183105469,56.15999984741211,1497500
ES,2016-06-07,39.30082702636719,55.70000076293945,56.209999084472656,55.599998474121094,55.880001068115234,1132600
ES,2016-06-08,39.74534606933594,56.33000183105469,56.34000015258789,55.560001373291016,55.72999954223633,1469000
ES,2016-06-09,40.13341522216797,56.880001068115234,56.970001220703125,56.27000045776367,56.349998474121094,1240900
ES,2016-06-10,39.99230194091797,56.68000030517578,57.189998626708984,56.5099983215332,56.84000015258789,993800
ES,2016-06-13,40.16162872314453,56.91999816894531,57.18000030517578,56.65999984741211,56.86000061035156,1423900
ES,2016-06-14,40.42270278930664,57.290000915527344,57.290000915527344,56.4900016784668,56.91999816894531,1010800
ES,2016-06-15,39.879398345947266,56.52000045776367,57.36000061035156,56.38999938964844,57.29999923706055,1448000
ES,2016-06-16,40.0628547668457,56.779998779296875,57.02000045776367,56.369998931884766,56.5099983215332,1203000
ES,2016-06-17,40.140464782714844,56.88999938964844,56.88999938964844,56.349998474121094,56.77000045776367,1858700
ES,2016-06-20,40.09107971191406,56.81999969482422,57.040000915527344,56.31999969482422,56.849998474121094,1425000
ES,2016-06-21,40.239253997802734,57.029998779296875,57.349998474121094,56.529998779296875,56.810001373291016,1205800
ES,2016-06-22,39.99935531616211,56.689998626708984,57.29999923706055,56.689998626708984,57.29999923706055,1175200
ES,2016-06-23,39.808841705322266,56.41999816894531,56.810001373291016,56.13999938964844,56.720001220703125,1770700
ES,2016-06-24,40.37330627441406,57.220001220703125,57.689998626708984,55.880001068115234,56.130001068115234,2366500
ES,2016-06-27,41.339962005615234,58.59000015258789,58.81999969482422,57.119998931884766,57.119998931884766,2988100
ES,2016-06-28,41.15651321411133,58.33000183105469,58.59000015258789,57.540000915527344,58.56999969482422,1643800
ES,2016-06-29,41.332908630371094,58.58000183105469,58.779998779296875,58.25,58.5099983215332,1332000
ES,2016-06-30,42.26426315307617,59.900001525878906,59.95000076293945,58.54999923706055,58.65999984741211,2567100
ES,2016-07-01,42.13019943237305,59.709999084472656,60.08000183105469,59.119998931884766,60.08000183105469,1631600
ES,2016-07-05,42.51122283935547,60.25,60.43000030517578,59.79999923706055,59.810001373291016,1413400
ES,2016-07-06,42.5041618347168,60.2400016784668,60.439998626708984,59.68000030517578,60.29999923706055,1425900
ES,2016-07-07,41.876182556152344,59.349998474121094,60.22999954223633,59.08000183105469,60.18000030517578,1856300
ES,2016-07-08,42.03141784667969,59.56999969482422,59.599998474121094,58.47999954223633,59.0099983215332,2079300
ES,2016-07-11,41.86207962036133,59.33000183105469,59.43000030517578,58.72999954223633,59.33000183105469,1744700
ES,2016-07-12,40.83899688720703,57.880001068115234,59.04999923706055,57.849998474121094,58.97999954223633,2097300
ES,2016-07-13,41.14239501953125,58.310001373291016,58.400001525878906,57.97999954223633,58.09000015258789,2151300
ES,2016-07-14,40.74727249145508,57.75,58.06999969482422,57.529998779296875,57.91999816894531,2113600
ES,2016-07-15,40.83194351196289,57.869998931884766,58.130001068115234,57.689998626708984,57.810001373291016,1560900
ES,2016-07-18,41.015384674072266,58.130001068115234,58.36000061035156,57.790000915527344,57.93000030517578,1236300
ES,2016-07-19,40.987159729003906,58.09000015258789,58.31999969482422,57.7400016784668,58.16999816894531,1287900
ES,2016-07-20,40.85310363769531,57.900001525878906,58.16999816894531,57.77000045776367,58.15999984741211,811700
ES,2016-07-21,40.93071365356445,58.0099983215332,58.119998931884766,57.5099983215332,57.84000015258789,1688800
ES,2016-07-22,41.5445671081543,58.880001068115234,59.029998779296875,58.04999923706055,58.04999923706055,1215900
ES,2016-07-25,41.53752136230469,58.869998931884766,58.9900016784668,58.43000030517578,58.779998779296875,677000
ES,2016-07-26,41.14239501953125,58.310001373291016,58.91999816894531,58.16999816894531,58.869998931884766,1048700
ES,2016-07-27,40.71904373168945,57.709999084472656,58.33000183105469,57.2400016784668,58.119998931884766,1259900
ES,2016-07-28,40.90250015258789,57.970001220703125,58.2599983215332,57.58000183105469,57.58000183105469,1337800
ES,2016-07-29,41.2693977355957,58.4900016784668,58.689998626708984,58.02000045776367,58.150001525878906,1349600
ES,2016-08-01,41.650413513183594,59.029998779296875,59.279998779296875,58.58000183105469,58.619998931884766,1946000
ES,2016-08-02,41.2693977355957,58.4900016784668,59.0099983215332,58.11000061035156,58.790000915527344,1364100
ES,2016-08-03,40.6273193359375,57.58000183105469,58.790000915527344,57.33000183105469,58.52000045776367,1554300
ES,2016-08-04,40.6555290222168,57.619998931884766,57.9900016784668,57.45000076293945,57.599998474121094,1356800
ES,2016-08-05,40.03462600708008,56.7400016784668,57.65999984741211,56.459999084472656,57.2400016784668,2158200
ES,2016-08-08,40.05579376220703,56.77000045776367,57.18000030517578,56.43000030517578,56.88999938964844,1479800
ES,2016-08-09,40.105186462402344,56.84000015258789,57.2599983215332,56.63999938964844,56.779998779296875,799700
ES,2016-08-10,40.175743103027344,56.939998626708984,57.11000061035156,56.81999969482422,56.97999954223633,722400
ES,2016-08-11,40.32392120361328,57.150001525878906,57.16999816894531,56.77000045776367,56.97999954223633,986400
ES,2016-08-12,40.39447784423828,57.25,57.619998931884766,57.130001068115234,57.31999969482422,650400
ES,2016-08-15,39.77356719970703,56.369998931884766,57.369998931884766,56.34000015258789,57.369998931884766,1176200
ES,2016-08-16,39.13854217529297,55.470001220703125,56.38999938964844,55.470001220703125,56.220001220703125,1421700
ES,2016-08-17,39.350215911865234,55.77000045776367,55.90999984741211,54.18000030517578,55.40999984741211,4311300
ES,2016-08-18,39.88645935058594,56.529998779296875,56.59000015258789,55.599998474121094,55.599998474121094,2493400
ES,2016-08-19,39.18794631958008,55.540000915527344,56.470001220703125,55.27000045776367,56.33000183105469,1538800
ES,2016-08-22,39.25143814086914,55.630001068115234,55.959999084472656,55.54999923706055,55.650001525878906,1015000
ES,2016-08-23,39.00448226928711,55.279998779296875,56.18000030517578,55.25,55.66999816894531,959400
ES,2016-08-24,39.04681396484375,55.34000015258789,55.349998474121094,54.779998779296875,55.20000076293945,1140700
ES,2016-08-25,38.9974250793457,55.27000045776367,55.630001068115234,55.209999084472656,55.310001373291016,1138300
ES,2016-08-26,38.186012268066406,54.119998931884766,55.77000045776367,54.060001373291016,55.41999816894531,1401700
ES,2016-08-29,38.36240768432617,54.369998931884766,54.68000030517578,54.25,54.290000915527344,995100
ES,2016-08-30,37.91788864135742,53.7400016784668,54.63999938964844,53.689998626708984,54.34000015258789,1202800
ES,2016-08-31,38.08016586303711,53.970001220703125,53.97999954223633,53.58000183105469,53.709999084472656,1503100
ES,2016-09-01,37.81204605102539,53.59000015258789,54.0,53.4900016784668,53.959999084472656,1134100
ES,2016-09-02,38.36240768432617,54.369998931884766,54.45000076293945,53.54999923706055,53.59000015258789,1624800
ES,2016-09-06,38.7786979675293,54.959999084472656,55.13999938964844,54.400001525878906,54.61000061035156,1352200
ES,2016-09-07,38.7151985168457,54.869998931884766,54.970001220703125,54.560001373291016,54.900001525878906,903200
ES,2016-09-08,38.8139762878418,55.0099983215332,55.119998931884766,54.630001068115234,54.72999954223633,1009700
ES,2016-09-09,37.572147369384766,53.25,54.599998474121094,53.2400016784668,54.52000045776367,2740000
ES,2016-09-12,38.320064544677734,54.310001373291016,54.40999984741211,53.08000183105469,53.34000015258789,2766200
ES,2016-09-13,37.82616424560547,53.61000061035156,54.27000045776367,53.380001068115234,54.2400016784668,2782200
ES,2016-09-14,37.88966751098633,53.70000076293945,54.2400016784668,53.40999984741211,53.84000015258789,1651400
ES,2016-09-15,38.256072998046875,53.77000045776367,53.86000061035156,53.040000915527344,53.2400016784668,1265000
ES,2016-09-16,38.54777145385742,54.18000030517578,54.2599983215332,53.33000183105469,53.619998931884766,2736500
ES,2016-09-19,38.83949279785156,54.59000015258789,54.630001068115234,54.18000030517578,54.38999938964844,1426100
ES,2016-09-20,38.72565841674805,54.43000030517578,55.02000045776367,54.40999984741211,54.86000061035156,1633100
ES,2016-09-21,39.45135498046875,55.45000076293945,55.4900016784668,54.31999969482422,54.380001068115234,1979600
ES,2016-09-22,39.714603424072266,55.81999969482422,56.060001373291016,55.45000076293945,55.779998779296875,1871900
ES,2016-09-23,40.006309509277344,56.22999954223633,56.40999984741211,55.52000045776367,55.650001525878906,1731600
ES,2016-09-26,40.084571838378906,56.34000015258789,56.59000015258789,56.04999923706055,56.2400016784668,1769400
ES,2016-09-27,39.42289733886719,55.40999984741211,56.84000015258789,55.29999923706055,56.65999984741211,1374900
ES,2016-09-28,39.30194854736328,55.2400016784668,55.58000183105469,54.810001373291016,55.5099983215332,1120300
ES,2016-09-29,38.91063690185547,54.689998626708984,55.150001525878906,54.279998779296875,54.95000076293945,1197700
ES,2016-09-30,38.54777145385742,54.18000030517578,55.220001220703125,53.810001373291016,54.90999984741211,2550600
ES,2016-10-03,38.092437744140625,53.540000915527344,54.029998779296875,53.11000061035156,54.0,1677000
ES,2016-10-04,37.43075942993164,52.61000061035156,53.400001525878906,52.31999969482422,53.279998779296875,2520200
ES,2016-10-05,37.39519500732422,52.560001373291016,53.2400016784668,52.18000030517578,53.220001220703125,2671500
ES,2016-10-06,37.50901412963867,52.720001220703125,52.81999969482422,51.9900016784668,52.529998779296875,1808700
ES,2016-10-07,37.30982208251953,52.439998626708984,53.56999969482422,52.290000915527344,53.0099983215332,1509700
ES,2016-10-10,37.537479400634766,52.7599983215332,52.810001373291016,52.34000015258789,52.459999084472656,1110900
ES,2016-10-11,36.9825325012207,51.97999954223633,52.65999984741211,51.880001068115234,52.65999984741211,1781300
ES,2016-10-12,37.40940856933594,52.58000183105469,52.65999984741211,52.029998779296875,52.04999923706055,2211900
ES,2016-10-13,37.92168426513672,53.29999923706055,53.540000915527344,52.540000915527344,52.709999084472656,1850300
ES,2016-10-14,37.8363037109375,53.18000030517578,53.810001373291016,52.95000076293945,53.06999969482422,1412900
ES,2016-10-17,38.24184799194336,53.75,53.77000045776367,53.2400016784668,53.2400016784668,1455100
ES,2016-10-18,38.512203216552734,54.130001068115234,54.29999923706055,53.36000061035156,54.04999923706055,1308800
ES,2016-10-19,38.398380279541016,53.970001220703125,54.189998626708984,53.59000015258789,54.130001068115234,1629600
ES,2016-10-20,38.50509262084961,54.119998931884766,54.59000015258789,53.90999984741211,54.15999984741211,1070000
ES,2016-10-21,38.419715881347656,54.0,54.2599983215332,53.7400016784668,53.7400016784668,1826600
ES,2016-10-24,38.512203216552734,54.130001068115234,54.40999984741211,53.7400016784668,54.189998626708984,1008700
ES,2016-10-25,38.63316345214844,54.29999923706055,54.52000045776367,53.869998931884766,53.95000076293945,1260600
ES,2016-10-26,38.64027404785156,54.310001373291016,54.43000030517578,53.779998779296875,54.20000076293945,1584900
ES,2016-10-27,38.35567855834961,53.90999984741211,54.18000030517578,53.54999923706055,54.0,1534800
ES,2016-10-28,38.56201934814453,54.20000076293945,54.40999984741211,53.84000015258789,54.040000915527344,867800
ES,2016-10-31,39.17387390136719,55.060001373291016,55.470001220703125,54.290000915527344,54.36000061035156,1490100
ES,2016-11-01,38.47663116455078,54.08000183105469,55.15999984741211,53.939998626708984,55.15999984741211,1378300
ES,2016-11-02,38.02128982543945,53.439998626708984,54.459999084472656,52.7599983215332,53.88999938964844,2505000
ES,2016-11-03,37.97861099243164,53.380001068115234,53.630001068115234,53.0,53.2599983215332,1749300
ES,2016-11-04,37.8363037109375,53.18000030517578,54.369998931884766,53.16999816894531,53.63999938964844,1658300
ES,2016-11-07,38.62603759765625,54.290000915527344,54.29999923706055,52.9900016784668,53.47999954223633,1282300
ES,2016-11-08,39.15254211425781,55.029998779296875,55.33000183105469,54.439998626708984,54.470001220703125,1901500
ES,2016-11-09,37.87187957763672,53.22999954223633,54.119998931884766,53.13999938964844,54.119998931884766,2228100
ES,2016-11-10,37.2386589050293,52.34000015258789,53.36000061035156,50.9900016784668,52.849998474121094,3051600
ES,2016-11-11,36.961185455322266,51.95000076293945,52.900001525878906,51.83000183105469,52.15999984741211,1548700
ES,2016-11-14,36.77619552612305,51.689998626708984,51.84000015258789,51.279998779296875,51.459999084472656,1553600
ES,2016-11-15,37.302703857421875,52.43000030517578,52.66999816894531,51.880001068115234,51.880001068115234,1437800
ES,2016-11-16,36.97541427612305,51.970001220703125,52.70000076293945,51.66999816894531,52.5,1579200
ES,2016-11-17,37.139060974121094,52.20000076293945,52.470001220703125,51.95000076293945,51.95000076293945,872300
ES,2016-11-18,36.86868667602539,51.81999969482422,52.380001068115234,51.540000915527344,52.11000061035156,1099800
ES,2016-11-21,37.139060974121094,52.20000076293945,52.369998931884766,51.939998626708984,51.939998626708984,1440100
ES,2016-11-22,37.31692886352539,52.45000076293945,52.70000076293945,52.08000183105469,52.29999923706055,2331800
ES,2016-11-23,36.81178283691406,51.7400016784668,52.45000076293945,51.650001525878906,51.869998931884766,1339700
ES,2016-11-25,37.416534423828125,52.59000015258789,52.70000076293945,51.959999084472656,51.970001220703125,829600
ES,2016-11-28,38.305877685546875,53.84000015258789,53.939998626708984,52.77000045776367,52.869998931884766,2377800
ES,2016-11-29,38.24184799194336,53.75,54.31999969482422,53.630001068115234,53.709999084472656,1927800
ES,2016-11-30,36.72639846801758,51.619998931884766,53.209999084472656,51.599998474121094,53.130001068115234,2733900
ES,2016-12-01,36.356422424316406,51.099998474121094,51.439998626708984,50.560001373291016,51.27000045776367,1783000
ES,2016-12-02,36.76908493041992,51.68000030517578,51.900001525878906,51.20000076293945,51.43000030517578,2039200
ES,2016-12-05,36.946964263916016,51.93000030517578,51.970001220703125,51.040000915527344,51.439998626708984,1639700
ES,2016-12-06,37.003883361816406,52.0099983215332,52.16999816894531,51.529998779296875,52.099998474121094,1436700
ES,2016-12-07,37.6869010925293,52.970001220703125,52.97999954223633,52.06999969482422,52.16999816894531,1643500
ES,2016-12-08,37.92168426513672,53.29999923706055,53.36000061035156,52.209999084472656,52.54999923706055,1623000
ES,2016-12-09,38.248966217041016,53.7599983215332,53.81999969482422,53.209999084472656,53.279998779296875,1538500
ES,2016-12-12,38.62603759765625,54.290000915527344,54.369998931884766,53.540000915527344,53.540000915527344,1683700
ES,2016-12-13,38.81103515625,54.54999923706055,54.720001220703125,54.040000915527344,54.279998779296875,1392800
ES,2016-12-14,38.06859588623047,53.06999969482422,54.779998779296875,52.959999084472656,54.31999969482422,1424700
ES,2016-12-15,38.50614929199219,53.68000030517578,53.689998626708984,52.59000015258789,52.939998626708984,1470900
ES,2016-12-16,39.14458465576172,54.56999969482422,54.66999816894531,53.720001220703125,53.72999954223633,2373500
ES,2016-12-19,39.50325393676758,55.06999969482422,55.09000015258789,54.4900016784668,54.939998626708984,1545500
ES,2016-12-20,39.63954544067383,55.2599983215332,55.61000061035156,55.060001373291016,55.61000061035156,1282500
ES,2016-12-21,39.41716766357422,54.95000076293945,55.54999923706055,54.90999984741211,55.18000030517578,938700
ES,2016-12-22,39.76866149902344,55.439998626708984,55.52000045776367,54.709999084472656,54.88999938964844,1296200
ES,2016-12-23,39.78300094604492,55.459999084472656,55.70000076293945,55.2599983215332,55.560001373291016,760100
ES,2016-12-27,39.72561264038086,55.380001068115234,55.52000045776367,55.150001525878906,55.47999954223633,817700
ES,2016-12-28,39.25217819213867,54.720001220703125,55.439998626708984,54.630001068115234,55.400001525878906,802500
ES,2016-12-29,39.861907958984375,55.56999969482422,55.619998931884766,54.72999954223633,54.849998474121094,1187300
ES,2016-12-30,39.618003845214844,55.22999954223633,55.7400016784668,55.06999969482422,55.599998474121094,1446800
ES,2017-01-03,39.51042556762695,55.08000183105469,55.43000030517578,54.77000045776367,55.25,1123100
ES,2017-01-04,39.646697998046875,55.27000045776367,55.619998931884766,54.95000076293945,55.16999816894531,1264600
ES,2017-01-05,39.653892517089844,55.279998779296875,55.4900016784668,54.79999923706055,55.4900016784668,1590700
ES,2017-01-06,39.63954544067383,55.2599983215332,55.47999954223633,54.77000045776367,54.84000015258789,1224200
ES,2017-01-09,39.14458465576172,54.56999969482422,55.5099983215332,54.54999923706055,55.310001373291016,1302800
ES,2017-01-10,38.93657302856445,54.279998779296875,54.52000045776367,54.08000183105469,54.4900016784668,1608800
ES,2017-01-11,39.4960823059082,55.060001373291016,55.11000061035156,54.36000061035156,54.400001525878906,1369600
ES,2017-01-12,39.67540740966797,55.310001373291016,55.40999984741211,54.84000015258789,54.90999984741211,1353600
ES,2017-01-13,39.56064224243164,55.150001525878906,55.41999816894531,54.7599983215332,55.16999816894531,1053400
ES,2017-01-17,39.969520568847656,55.720001220703125,55.779998779296875,55.290000915527344,55.459999084472656,1303600
ES,2017-01-18,39.826045989990234,55.52000045776367,55.900001525878906,55.41999816894531,55.689998626708984,1288700
ES,2017-01-19,39.50325393676758,55.06999969482422,55.66999816894531,54.97999954223633,55.25,1232700
ES,2017-01-20,39.453041076660156,55.0,55.45000076293945,54.720001220703125,55.150001525878906,1373700
ES,2017-01-23,39.26652908325195,54.7400016784668,55.369998931884766,54.709999084472656,55.16999816894531,1913900
ES,2017-01-24,39.13023376464844,54.54999923706055,54.91999816894531,54.40999984741211,54.70000076293945,1220200
ES,2017-01-25,38.950904846191406,54.29999923706055,54.77000045776367,54.119998931884766,54.369998931884766,1134900
ES,2017-01-26,39.11590576171875,54.529998779296875,54.689998626708984,54.119998931884766,54.29999923706055,1541600
ES,2017-01-27,38.9150390625,54.25,54.7400016784668,54.099998474121094,54.709999084472656,1319100
ES,2017-01-30,39.04415512084961,54.43000030517578,54.619998931884766,54.119998931884766,54.400001525878906,1240500
ES,2017-01-31,39.68258285522461,55.31999969482422,55.38999938964844,54.41999816894531,54.41999816894531,1572000
ES,2017-02-01,39.23783874511719,54.70000076293945,55.2400016784668,54.5,54.90999984741211,1298400
ES,2017-02-02,39.7041015625,55.349998474121094,55.40999984741211,54.54999923706055,54.77000045776367,1099900
ES,2017-02-03,39.969520568847656,55.720001220703125,56.13999938964844,55.33000183105469,55.61000061035156,1933100
ES,2017-02-06,39.940826416015625,55.68000030517578,56.0,55.529998779296875,55.90999984741211,900000
ES,2017-02-07,40.01255416870117,55.779998779296875,55.900001525878906,55.529998779296875,55.65999984741211,784400
ES,2017-02-08,40.5218620300293,56.4900016784668,56.709999084472656,55.65999984741211,55.65999984741211,1341600
ES,2017-02-09,40.206241607666016,56.04999923706055,56.619998931884766,56.0,56.349998474121094,1087700
ES,2017-02-10,40.47164535522461,56.41999816894531,56.45000076293945,55.88999938964844,55.88999938964844,700100
ES,2017-02-13,40.5218620300293,56.4900016784668,56.560001373291016,56.029998779296875,56.34000015258789,1003900
ES,2017-02-14,40.13450241088867,55.95000076293945,56.439998626708984,55.65999984741211,56.34000015258789,1048900
ES,2017-02-15,39.998207092285156,55.7599983215332,55.779998779296875,55.20000076293945,55.599998474121094,995600
ES,2017-02-16,40.378395080566406,56.290000915527344,56.29999923706055,55.650001525878906,55.7400016784668,1009400
ES,2017-02-17,40.277957916259766,56.150001525878906,56.459999084472656,55.869998931884766,56.29999923706055,1529500
ES,2017-02-21,40.772911071777344,56.84000015258789,56.91999816894531,55.849998474121094,56.02000045776367,1333300
ES,2017-02-22,41.318084716796875,57.599998474121094,57.66999816894531,56.09000015258789,56.2599983215332,1857000
ES,2017-02-23,41.69110107421875,58.119998931884766,58.7599983215332,57.79999923706055,57.86000061035156,1902100
ES,2017-02-24,42.3438606262207,59.029998779296875,59.11000061035156,58.16999816894531,58.20000076293945,2113200
ES,2017-02-27,42.121490478515625,58.720001220703125,59.099998474121094,58.66999816894531,58.97999954223633,1333600
ES,2017-02-28,42.42163848876953,58.65999984741211,58.75,58.16999816894531,58.349998474121094,1927600
ES,2017-03-01,42.08172607421875,58.189998626708984,58.599998474121094,57.599998474121094,57.97999954223633,1787800
ES,2017-03-02,42.371002197265625,58.59000015258789,58.959999084472656,57.900001525878906,58.0,1258900
ES,2017-03-03,42.14680862426758,58.279998779296875,58.599998474121094,57.900001525878906,58.47999954223633,1674100
ES,2017-03-06,42.197425842285156,58.349998474121094,58.47999954223633,57.959999084472656,58.2599983215332,1538800
ES,2017-03-07,42.349308013916016,58.560001373291016,58.77000045776367,58.189998626708984,58.189998626708984,1652800
ES,2017-03-08,41.59718704223633,57.52000045776367,58.20000076293945,57.41999816894531,57.93000030517578,1324200
ES,2017-03-09,41.49595260620117,57.380001068115234,58.0,57.279998779296875,57.68000030517578,1025200
ES,2017-03-10,41.73460006713867,57.709999084472656,58.119998931884766,57.43000030517578,57.790000915527344,1221200
ES,2017-03-13,41.973236083984375,58.040000915527344,58.16999816894531,57.630001068115234,57.68000030517578,2299300
ES,2017-03-14,42.182960510253906,58.33000183105469,58.34000015258789,57.720001220703125,58.0,1630800
ES,2017-03-15,42.76150131225586,59.130001068115234,59.45000076293945,58.34000015258789,58.38999938964844,2074100
ES,2017-03-16,42.334835052490234,58.540000915527344,58.95000076293945,58.400001525878906,58.849998474121094,1047600
ES,2017-03-17,42.616878509521484,58.93000030517578,59.40999984741211,58.689998626708984,58.779998779296875,3335900
ES,2017-03-20,42.29144287109375,58.47999954223633,59.29999923706055,58.349998474121094,58.97999954223633,1318400
ES,2017-03-21,42.98569107055664,59.439998626708984,59.720001220703125,58.34000015258789,58.40999984741211,1782300
ES,2017-03-22,43.18095397949219,59.709999084472656,60.209999084472656,59.52000045776367,59.7599983215332,1514200
ES,2017-03-23,43.15203857421875,59.66999816894531,60.279998779296875,59.529998779296875,59.599998474121094,1245500
ES,2017-03-24,43.39789962768555,60.0099983215332,60.15999984741211,59.5099983215332,59.58000183105469,1310600
ES,2017-03-27,43.06524658203125,59.54999923706055,60.36000061035156,59.290000915527344,60.2599983215332,1370500
ES,2017-03-28,43.021854400634766,59.4900016784668,59.72999954223633,59.2400016784668,59.5099983215332,1749700
ES,2017-03-29,42.71812438964844,59.06999969482422,59.43000030517578,58.880001068115234,59.43000030517578,1453800
ES,2017-03-30,42.39269256591797,58.619998931884766,58.939998626708984,58.369998931884766,58.83000183105469,1185900
ES,2017-03-31,42.50839614868164,58.779998779296875,59.09000015258789,58.560001373291016,58.560001373291016,1670700
ES,2017-04-03,42.587955474853516,58.88999938964844,58.91999816894531,58.27000045776367,58.7599983215332,1205300
ES,2017-04-04,42.566261291503906,58.86000061035156,59.040000915527344,58.560001373291016,58.83000183105469,2147800
ES,2017-04-05,42.96400833129883,59.40999984741211,59.47999954223633,58.630001068115234,58.7400016784668,1729200
ES,2017-04-06,43.05801773071289,59.540000915527344,59.56999969482422,58.869998931884766,59.220001220703125,1714000
ES,2017-04-07,42.95676040649414,59.400001525878906,59.84000015258789,59.34000015258789,59.66999816894531,1645200
ES,2017-04-10,42.869998931884766,59.279998779296875,59.38999938964844,58.91999816894531,59.310001373291016,1036400
ES,2017-04-11,42.81935119628906,59.209999084472656,59.36000061035156,58.849998474121094,59.15999984741211,1214900
ES,2017-04-12,43.303897857666016,59.880001068115234,59.90999984741211,58.9900016784668,59.08000183105469,1280400
ES,2017-04-13,43.11585998535156,59.619998931884766,59.91999816894531,59.29999923706055,59.709999084472656,1058000
ES,2017-04-17,43.60038375854492,60.290000915527344,60.34000015258789,59.72999954223633,59.779998779296875,1513600
ES,2017-04-18,43.49192428588867,60.13999938964844,60.5,59.88999938964844,60.20000076293945,1385700
ES,2017-04-19,43.13032150268555,59.63999938964844,60.13999938964844,59.33000183105469,60.119998931884766,1414700
ES,2017-04-20,42.98569107055664,59.439998626708984,59.63999938964844,59.029998779296875,59.63999938964844,1125200
ES,2017-04-21,43.24604034423828,59.79999923706055,59.970001220703125,59.45000076293945,59.45000076293945,1286800
ES,2017-04-24,43.4123649597168,60.029998779296875,60.189998626708984,59.5099983215332,60.0,1026100
ES,2017-04-25,43.39067077636719,60.0,60.15999984741211,59.650001525878906,59.810001373291016,1340300
ES,2017-04-26,43.20264434814453,59.7400016784668,60.15999984741211,59.709999084472656,59.95000076293945,1105400
ES,2017-04-27,43.224342346191406,59.77000045776367,60.29999923706055,59.70000076293945,59.75,1489500
ES,2017-04-28,42.95676040649414,59.400001525878906,59.7400016784668,59.18000030517578,59.720001220703125,2029100
ES,2017-05-01,42.768741607666016,59.13999938964844,59.58000183105469,58.939998626708984,59.58000183105469,860600
ES,2017-05-02,42.82659149169922,59.220001220703125,59.54999923706055,58.81999969482422,59.279998779296875,1160900
ES,2017-05-03,42.74705123901367,59.11000061035156,59.47999954223633,59.029998779296875,59.13999938964844,952000
ES,2017-05-04,43.021854400634766,59.4900016784668,59.52000045776367,58.11000061035156,58.11000061035156,1308700
ES,2017-05-05,43.06524658203125,59.54999923706055,59.88999938964844,59.4900016784668,59.709999084472656,926500
ES,2017-05-08,43.217105865478516,59.7599983215332,59.810001373291016,59.369998931884766,59.68000030517578,1133300
ES,2017-05-09,42.92060089111328,59.349998474121094,59.81999969482422,59.279998779296875,59.599998474121094,899700
ES,2017-05-10,42.83382797241211,59.22999954223633,59.5,58.970001220703125,59.380001068115234,1168200
ES,2017-05-11,43.0146369934082,59.47999954223633,59.47999954223633,58.869998931884766,59.040000915527344,1279100
ES,2017-05-12,43.303897857666016,59.880001068115234,59.970001220703125,59.439998626708984,59.439998626708984,806000
ES,2017-05-15,43.49915313720703,60.150001525878906,60.20000076293945,59.66999816894531,59.88999938964844,833400
ES,2017-05-16,43.12310028076172,59.630001068115234,60.27000045776367,59.599998474121094,60.150001525878906,1076400
ES,2017-05-17,43.528076171875,60.189998626708984,60.45000076293945,59.65999984741211,59.72999954223633,1180200
ES,2017-05-18,43.564239501953125,60.2400016784668,60.779998779296875,59.849998474121094,60.40999984741211,1495000
ES,2017-05-19,43.470237731933594,60.11000061035156,60.209999084472656,59.72999954223633,60.16999816894531,1683400
ES,2017-05-22,43.92583084106445,60.7400016784668,60.84000015258789,59.95000076293945,60.099998474121094,1060000
ES,2017-05-23,44.21510314941406,61.13999938964844,61.31999969482422,60.72999954223633,60.75,2430500
ES,2017-05-24,44.41035842895508,61.40999984741211,61.459999084472656,61.13999938964844,61.279998779296875,1023300
ES,2017-05-25,44.7213249206543,61.84000015258789,61.939998626708984,61.189998626708984,61.400001525878906,909800
ES,2017-05-26,44.74683380126953,61.400001525878906,61.58000183105469,61.2400016784668,61.34000015258789,825500
ES,2017-05-30,44.80514144897461,61.47999954223633,61.65999984741211,61.29999923706055,61.400001525878906,908400
ES,2017-05-31,45.23511505126953,62.06999969482422,62.189998626708984,61.5099983215332,61.540000915527344,1565200
ES,2017-06-01,45.43918228149414,62.349998474121094,62.349998474121094,61.810001373291016,62.099998474121094,1278600
ES,2017-06-02,45.45374298095703,62.369998931884766,62.68000030517578,61.88999938964844,62.65999984741211,2205300
ES,2017-06-05,45.39543914794922,62.290000915527344,62.470001220703125,62.09000015258789,62.470001220703125,1486600
ES,2017-06-06,45.30070114135742,62.15999984741211,62.38999938964844,62.08000183105469,62.2599983215332,1771100
ES,2017-06-07,45.60679244995117,62.58000183105469,62.97999954223633,62.11000061035156,62.11000061035156,1744200
ES,2017-06-08,45.26426315307617,62.11000061035156,62.54999923706055,61.4900016784668,62.54999923706055,1507100
ES,2017-06-09,45.40272903442383,62.29999923706055,62.369998931884766,61.630001068115234,61.93000030517578,1226700
ES,2017-06-12,45.36628723144531,62.25,62.68000030517578,61.66999816894531,62.34000015258789,1207900
ES,2017-06-13,45.30070114135742,62.15999984741211,62.2599983215332,61.86000061035156,62.150001525878906,1011800
ES,2017-06-14,45.51205062866211,62.45000076293945,62.959999084472656,62.15999984741211,62.66999816894531,1060300
ES,2017-06-15,45.635929107666016,62.619998931884766,62.70000076293945,62.18000030517578,62.43000030517578,1008000
ES,2017-06-16,46.087772369384766,63.2400016784668,63.279998779296875,62.630001068115234,62.709999084472656,2929900
ES,2017-06-19,45.759830474853516,62.790000915527344,63.34000015258789,62.560001373291016,63.220001220703125,966300
ES,2017-06-20,45.80354690551758,62.849998474121094,63.0099983215332,62.630001068115234,62.81999969482422,905300
ES,2017-06-21,45.70881652832031,62.720001220703125,63.06999969482422,62.400001525878906,62.95000076293945,1168200
ES,2017-06-22,45.3298454284668,62.20000076293945,62.70000076293945,62.16999816894531,62.5099983215332,842600
ES,2017-06-23,45.36628723144531,62.25,62.56999969482422,62.11000061035156,62.119998931884766,1485200
ES,2017-06-26,45.66509246826172,62.65999984741211,62.84000015258789,62.119998931884766,62.40999984741211,1050300
ES,2017-06-27,45.17679977416992,61.9900016784668,62.5099983215332,61.689998626708984,62.36000061035156,1779900
ES,2017-06-28,44.6229362487793,61.22999954223633,62.29999923706055,61.189998626708984,62.2599983215332,985500
ES,2017-06-29,44.2366828918457,60.70000076293945,61.66999816894531,60.52000045776367,61.040000915527344,1076700
ES,2017-06-30,44.24397659301758,60.709999084472656,61.15999984741211,60.59000015258789,60.70000076293945,1799300
ES,2017-07-03,44.02534484863281,60.40999984741211,60.810001373291016,60.36000061035156,60.7400016784668,798700
ES,2017-07-05,43.777549743652344,60.06999969482422,60.529998779296875,59.900001525878906,60.529998779296875,1414900
ES,2017-07-06,43.71926498413086,59.9900016784668,60.09000015258789,59.65999984741211,59.90999984741211,1334900
ES,2017-07-07,43.777549743652344,60.06999969482422,60.34000015258789,59.90999984741211,60.06999969482422,1164100
ES,2017-07-10,43.660945892333984,59.90999984741211,60.400001525878906,59.900001525878906,60.150001525878906,1321000
ES,2017-07-11,43.59536361694336,59.81999969482422,60.099998474121094,59.54999923706055,59.97999954223633,1244600
ES,2017-07-12,43.741119384765625,60.02000045776367,60.560001373291016,59.95000076293945,60.310001373291016,1616800
ES,2017-07-13,43.6536750793457,59.900001525878906,60.209999084472656,59.7599983215332,60.0099983215332,1325300
ES,2017-07-14,43.886878967285156,60.220001220703125,60.470001220703125,60.06999969482422,60.369998931884766,932500
ES,2017-07-17,43.959747314453125,60.31999969482422,60.43000030517578,59.959999084472656,60.209999084472656,902500
ES,2017-07-18,44.04720687866211,60.439998626708984,60.630001068115234,60.31999969482422,60.43000030517578,979400
ES,2017-07-19,44.2148323059082,60.66999816894531,60.72999954223633,60.369998931884766,60.560001373291016,862800
ES,2017-07-20,44.608360290527344,61.209999084472656,61.220001220703125,60.59000015258789,60.70000076293945,1004400
ES,2017-07-21,44.848854064941406,61.540000915527344,61.560001373291016,60.970001220703125,61.119998931884766,1223700
ES,2017-07-24,44.26584243774414,60.7400016784668,61.560001373291016,60.61000061035156,61.54999923706055,1071400
ES,2017-07-25,44.076358795166016,60.47999954223633,60.81999969482422,60.380001068115234,60.779998779296875,886400
ES,2017-07-26,44.411598205566406,60.939998626708984,60.959999084472656,60.29999923706055,60.400001525878906,944800
ES,2017-07-27,44.24397659301758,60.709999084472656,61.09000015258789,60.400001525878906,60.810001373291016,2204700
ES,2017-07-28,44.1128044128418,60.529998779296875,60.970001220703125,60.220001220703125,60.63999938964844,1116300
ES,2017-07-31,44.302276611328125,60.790000915527344,60.95000076293945,60.2599983215332,60.400001525878906,1190300
ES,2017-08-01,44.37515640258789,60.88999938964844,61.060001373291016,60.540000915527344,60.93000030517578,1807300
ES,2017-08-02,44.499053955078125,61.060001373291016,61.060001373291016,60.369998931884766,60.63999938964844,1153800
ES,2017-08-03,45.09664535522461,61.880001068115234,61.880001068115234,60.95000076293945,60.95000076293945,1955000
ES,2017-08-04,44.87800216674805,61.58000183105469,61.83000183105469,61.130001068115234,61.7400016784668,1175000
ES,2017-08-07,45.22052764892578,62.04999923706055,62.08000183105469,61.400001525878906,61.59000015258789,1525800
ES,2017-08-08,45.4100227355957,62.310001373291016,62.349998474121094,61.77000045776367,61.95000076293945,1030300
ES,2017-08-09,44.98732376098633,61.72999954223633,62.540000915527344,61.630001068115234,62.540000915527344,1427600
ES,2017-08-10,45.344425201416016,62.220001220703125,62.33000183105469,61.4900016784668,61.75,2116600
ES,2017-08-11,45.08206558227539,61.86000061035156,62.290000915527344,61.59000015258789,62.0,1416400
ES,2017-08-14,45.3079833984375,62.16999816894531,62.25,61.849998474121094,61.88999938964844,892400
ES,2017-08-15,45.59951400756836,62.56999969482422,62.599998474121094,61.900001525878906,61.939998626708984,961900
ES,2017-08-16,45.76711654663086,62.79999923706055,62.880001068115234,62.36000061035156,62.599998474121094,836100
ES,2017-08-17,45.51933670043945,62.459999084472656,62.970001220703125,62.38999938964844,62.849998474121094,1114000
ES,2017-08-18,45.95659255981445,63.060001373291016,63.18000030517578,62.060001373291016,62.369998931884766,1481000
ES,2017-08-21,45.89100646972656,62.970001220703125,63.18000030517578,62.7400016784668,63.119998931884766,1275300
ES,2017-08-22,45.8472785949707,62.90999984741211,63.040000915527344,62.63999938964844,62.90999984741211,2193400
ES,2017-08-23,46.014892578125,63.13999938964844,63.189998626708984,62.7599983215332,62.939998626708984,1531600
ES,2017-08-24,45.89100646972656,62.970001220703125,63.400001525878906,62.93000030517578,63.13999938964844,1394400
ES,2017-08-25,45.9711799621582,63.08000183105469,63.38999938964844,62.959999084472656,63.04999923706055,1325400
ES,2017-08-28,46.10963821411133,63.27000045776367,63.349998474121094,62.9900016784668,63.11000061035156,1147000
ES,2017-08-29,46.12421417236328,63.290000915527344,63.66999816894531,63.209999084472656,63.40999984741211,647300
ES,2017-08-30,46.087772369384766,63.2400016784668,63.439998626708984,63.0,63.33000183105469,883100
ES,2017-08-31,45.91286849975586,63.0,63.459999084472656,62.900001525878906,63.29999923706055,1782200
ES,2017-09-01,45.59951400756836,62.56999969482422,63.18000030517578,62.5099983215332,63.18000030517578,1102500
ES,2017-09-05,45.876426696777344,62.95000076293945,62.959999084472656,62.36000061035156,62.619998931884766,1315800
ES,2017-09-06,45.62864685058594,62.61000061035156,63.130001068115234,62.459999084472656,63.130001068115234,1769600
ES,2017-09-07,46.058624267578125,63.20000076293945,63.27000045776367,62.56999969482422,62.77000045776367,1582200
ES,2017-09-08,46.26997375488281,63.4900016784668,63.65999984741211,62.959999084472656,63.099998474121094,1127800
ES,2017-09-11,46.72180938720703,64.11000061035156,64.19000244140625,63.25,63.439998626708984,1393900
ES,2017-09-12,45.650516510009766,62.63999938964844,64.1500015258789,62.36000061035156,64.1500015258789,1288600
ES,2017-09-13,45.45374298095703,62.369998931884766,62.79999923706055,62.27000045776367,62.56999969482422,1104500
ES,2017-09-14,45.949302673339844,63.04999923706055,63.099998474121094,62.150001525878906,62.34000015258789,1446000
ES,2017-09-15,45.81085205078125,62.86000061035156,63.16999816894531,62.5,62.810001373291016,2129600
ES,2017-09-18,45.30048751831055,61.689998626708984,62.560001373291016,61.209999084472656,62.54999923706055,1450300
ES,2017-09-19,45.359230041503906,61.77000045776367,61.93000030517578,61.41999816894531,61.7400016784668,1447300
ES,2017-09-20,45.14628601074219,61.47999954223633,61.97999954223633,61.13999938964844,61.959999084472656,1573600
ES,2017-09-21,45.116905212402344,61.439998626708984,61.849998474121094,61.29999923706055,61.47999954223633,1125400
ES,2017-09-22,44.58085632324219,60.709999084472656,61.650001525878906,60.66999816894531,61.59000015258789,1678500
ES,2017-09-25,45.13893508911133,61.470001220703125,61.54999923706055,60.65999984741211,60.779998779296875,1283600
ES,2017-09-26,45.04347610473633,61.34000015258789,61.63999938964844,61.18000030517578,61.4900016784668,1218900
ES,2017-09-27,44.37523651123047,60.43000030517578,61.189998626708984,60.25,61.040000915527344,1153200
ES,2017-09-28,44.47805404663086,60.56999969482422,60.939998626708984,60.0099983215332,60.47999954223633,2710200
ES,2017-09-29,44.3825798034668,60.439998626708984,60.72999954223633,60.25,60.5,3067600
ES,2017-10-02,44.338523864746094,60.380001068115234,60.720001220703125,60.279998779296875,60.5099983215332,1300900
ES,2017-10-03,44.21367645263672,60.209999084472656,60.38999938964844,59.59000015258789,60.310001373291016,1625000
ES,2017-10-04,44.63959884643555,60.790000915527344,60.849998474121094,60.06999969482422,60.36000061035156,1585700
ES,2017-10-05,44.522117614746094,60.630001068115234,60.84000015258789,60.31999969482422,60.81999969482422,1113600
ES,2017-10-06,44.338523864746094,60.380001068115234,60.61000061035156,60.130001068115234,60.41999816894531,1593600
ES,2017-10-09,44.294456481933594,60.31999969482422,60.68000030517578,60.25,60.439998626708984,1774300
ES,2017-10-10,44.544132232666016,60.65999984741211,60.689998626708984,60.08000183105469,60.27000045776367,1636800
ES,2017-10-11,45.01409149169922,61.29999923706055,61.41999816894531,60.540000915527344,60.65999984741211,1832900
ES,2017-10-12,45.28580856323242,61.66999816894531,61.95000076293945,61.11000061035156,61.2599983215332,1757400
ES,2017-10-13,45.27112579345703,61.650001525878906,62.20000076293945,61.5099983215332,61.970001220703125,1482700
ES,2017-10-16,44.9406623840332,61.20000076293945,61.720001220703125,60.9900016784668,61.540000915527344,2079200
ES,2017-10-17,45.33720016479492,61.7400016784668,61.7599983215332,61.099998474121094,61.25,1393900
ES,2017-10-18,45.116905212402344,61.439998626708984,61.65999984741211,61.25,61.599998474121094,1050000
ES,2017-10-19,45.57218933105469,62.060001373291016,62.060001373291016,61.43000030517578,61.560001373291016,1630200
ES,2017-10-20,45.62358474731445,62.130001068115234,62.209999084472656,61.790000915527344,61.88999938964844,1017100
ES,2017-10-23,45.799827575683594,62.369998931884766,62.41999816894531,61.88999938964844,62.2599983215332,1401200
ES,2017-10-24,45.836544036865234,62.41999816894531,62.5,61.83000183105469,62.06999969482422,1710000
ES,2017-10-25,45.77045822143555,62.33000183105469,62.36000061035156,61.59000015258789,62.150001525878906,2062600
ES,2017-10-26,45.70436477661133,62.2400016784668,62.84000015258789,62.150001525878906,62.52000045776367,1615900
ES,2017-10-27,46.10824203491211,62.790000915527344,62.84000015258789,62.119998931884766,62.13999938964844,1266400
ES,2017-10-30,45.887943267822266,62.4900016784668,62.65999984741211,62.11000061035156,62.619998931884766,1925100
ES,2017-10-31,45.99809646606445,62.63999938964844,62.83000183105469,62.310001373291016,62.45000076293945,1965400
ES,2017-11-01,46.0274658203125,62.68000030517578,63.060001373291016,61.97999954223633,62.790000915527344,2622800
ES,2017-11-02,46.43134307861328,63.22999954223633,63.27000045776367,62.25,63.130001068115234,1998000
ES,2017-11-03,46.65898895263672,63.540000915527344,64.04000091552734,63.040000915527344,63.130001068115234,1381900
ES,2017-11-06,46.7764778137207,63.70000076293945,64.0199966430664,63.27000045776367,63.58000183105469,2325900
ES,2017-11-07,47.37862777709961,64.5199966430664,64.61000061035156,63.58000183105469,64.0,1990200
ES,2017-11-08,47.45940399169922,64.62999725341797,65.01000213623047,64.0999984741211,64.43000030517578,2110800
ES,2017-11-09,47.496124267578125,64.68000030517578,64.87000274658203,64.36000061035156,64.54000091552734,1301000
ES,2017-11-10,47.04818344116211,64.06999969482422,64.41999816894531,63.849998474121094,64.30000305175781,1555600
ES,2017-11-13,47.55487060546875,64.76000213623047,64.83000183105469,64.01000213623047,64.0999984741211,1423800
ES,2017-11-14,48.32591247558594,65.80999755859375,65.8499984741211,64.45999908447266,64.61000061035156,1761200
ES,2017-11-15,47.73110580444336,65.0,66.1500015258789,64.95999908447266,65.91000366210938,1607800
ES,2017-11-16,47.650325775146484,64.88999938964844,65.2300033569336,64.55999755859375,65.0,1677300
ES,2017-11-17,47.1509895324707,64.20999908447266,64.88999938964844,64.05999755859375,64.62000274658203,1602400
ES,2017-11-20,46.87928771972656,63.84000015258789,64.26000213623047,63.599998474121094,64.25,1486000
ES,2017-11-21,46.94536209106445,63.93000030517578,64.19000244140625,63.81999969482422,63.869998931884766,1302300
ES,2017-11-22,46.857261657714844,63.810001373291016,63.959999084472656,63.439998626708984,63.86000061035156,1466000
ES,2017-11-24,47.23910903930664,64.33000183105469,64.33000183105469,63.970001220703125,64.05000305175781,621500
ES,2017-11-27,47.30520248413086,64.41999816894531,64.63999938964844,64.01000213623047,64.19999694824219,1058900
ES,2017-11-28,47.40800094604492,64.55999755859375,64.95999908447266,64.44999694824219,64.56999969482422,1217700
ES,2017-11-29,47.44470977783203,64.61000061035156,65.02999877929688,64.26000213623047,64.4800033569336,1599400
ES,2017-11-30,47.62094497680664,64.8499984741211,64.94000244140625,64.43000030517578,64.56999969482422,3708400
ES,2017-12-01,48.04685974121094,65.43000030517578,66.12000274658203,65.05000305175781,65.1500015258789,3423600
ES,2017-12-04,48.08359146118164,65.4800033569336,66.11000061035156,65.31999969482422,65.52999877929688,2108900
ES,2017-12-05,47.642982482910156,64.87999725341797,65.5,64.31999969482422,65.5,2019600
ES,2017-12-06,47.81188201904297,65.11000061035156,65.3499984741211,64.83999633789062,64.97000122070312,1596500
ES,2017-12-07,47.66502380371094,64.91000366210938,65.0999984741211,64.47000122070312,65.0999984741211,2395000
ES,2017-12-08,47.89266586303711,65.22000122070312,65.2300033569336,64.56999969482422,64.83999633789062,1741400
ES,2017-12-11,48.2451286315918,65.69999694824219,65.79000091552734,64.95999908447266,65.22000122070312,1545000
ES,2017-12-12,47.1509895324707,64.20999908447266,65.61000061035156,64.12999725341797,65.45999908447266,1701900
ES,2017-12-13,47.78985595703125,65.08000183105469,65.5199966430664,64.43000030517578,64.80000305175781,1931800
ES,2017-12-14,47.56955337524414,64.77999877929688,65.19999694824219,64.25,64.91000366210938,1749100
ES,2017-12-15,47.80256652832031,64.62000274658203,64.91000366210938,64.3499984741211,64.55000305175781,2786500
ES,2017-12-18,47.2773551940918,63.90999984741211,64.83000183105469,63.849998474121094,64.58000183105469,1426300
ES,2017-12-19,46.30087661743164,62.59000015258789,63.970001220703125,62.540000915527344,63.84000015258789,1341500
ES,2017-12-20,46.02717208862305,62.220001220703125,62.93000030517578,62.209999084472656,62.689998626708984,1012600
ES,2017-12-21,45.849632263183594,61.97999954223633,62.459999084472656,61.68000030517578,61.86000061035156,1579200
ES,2017-12-22,46.13813018798828,62.369998931884766,62.529998779296875,61.9900016784668,62.220001220703125,1231500
ES,2017-12-26,45.834835052490234,61.959999084472656,62.7599983215332,61.93000030517578,62.619998931884766,653800
ES,2017-12-27,46.256492614746094,62.529998779296875,62.689998626708984,62.13999938964844,62.31999969482422,1139000
ES,2017-12-28,46.56718826293945,62.95000076293945,63.0,62.529998779296875,62.790000915527344,1033900
ES,2017-12-29,46.73733901977539,63.18000030517578,63.40999984741211,62.869998931884766,62.869998931884766,1538400
ES,2018-01-02,46.71514129638672,63.150001525878906,63.439998626708984,62.529998779296875,63.18000030517578,4243900
ES,2018-01-03,46.30087661743164,62.59000015258789,63.349998474121094,62.29999923706055,62.939998626708984,2311800
ES,2018-01-04,45.649898529052734,61.709999084472656,62.61000061035156,61.61000061035156,62.52000045776367,2300300
ES,2018-01-05,45.73127365112305,61.81999969482422,62.09000015258789,61.369998931884766,61.849998474121094,2265100
ES,2018-01-08,46.04936599731445,62.25,62.290000915527344,61.560001373291016,61.81999969482422,1804600
ES,2018-01-09,45.70167922973633,61.779998779296875,62.38999938964844,61.459999084472656,62.20000076293945,2255300
ES,2018-01-10,45.361412048339844,61.31999969482422,61.630001068115234,61.150001525878906,61.599998474121094,1716000
ES,2018-01-11,45.50934982299805,61.52000045776367,61.529998779296875,60.9900016784668,61.13999938964844,1822400
ES,2018-01-12,45.38359069824219,61.349998474121094,61.91999816894531,61.220001220703125,61.41999816894531,2804700
ES,2018-01-16,45.08769989013672,60.95000076293945,61.63999938964844,60.33000183105469,61.36000061035156,2079300
ES,2018-01-17,45.60551834106445,61.650001525878906,61.779998779296875,60.869998931884766,60.939998626708984,1986000
ES,2018-01-18,44.984130859375,60.810001373291016,61.7599983215332,60.650001525878906,61.7599983215332,4200700
ES,2018-01-19,44.969329833984375,60.790000915527344,61.189998626708984,60.650001525878906,60.97999954223633,2158000
ES,2018-01-22,44.947139739990234,60.7599983215332,61.34000015258789,60.61000061035156,61.119998931884766,2493400
ES,2018-01-23,45.21344757080078,61.119998931884766,61.630001068115234,60.18000030517578,60.20000076293945,3995700
ES,2018-01-24,45.22085189819336,61.130001068115234,61.47999954223633,60.52000045776367,61.0099983215332,4666600
ES,2018-01-25,47.765594482421875,64.56999969482422,64.87999725341797,61.08000183105469,61.16999816894531,6160700
ES,2018-01-26,47.395713806152344,64.06999969482422,64.98999786376953,63.290000915527344,64.8499984741211,3695100
ES,2018-01-29,46.189918518066406,62.439998626708984,63.84000015258789,62.20000076293945,63.52000045776367,2827100
ES,2018-01-30,46.2786865234375,62.560001373291016,63.150001525878906,62.22999954223633,62.380001068115234,2353000
ES,2018-01-31,46.670753479003906,63.09000015258789,63.15999984741211,62.33000183105469,62.630001068115234,2518100
ES,2018-02-01,44.503292083740234,60.15999984741211,63.41999816894531,59.33000183105469,63.13999938964844,5772000
ES,2018-02-02,43.90409469604492,59.349998474121094,59.58000183105469,58.040000915527344,58.38999938964844,6519800
ES,2018-02-05,43.14955520629883,58.33000183105469,59.59000015258789,58.33000183105469,59.060001373291016,4104100
ES,2018-02-06,42.565147399902344,57.540000915527344,57.939998626708984,56.7599983215332,57.689998626708984,3545900
ES,2018-02-07,42.08431625366211,56.88999938964844,58.209999084472656,56.880001068115234,57.54999923706055,3236300
ES,2018-02-08,41.5073127746582,56.11000061035156,57.150001525878906,56.099998474121094,56.810001373291016,2502600
ES,2018-02-09,42.18048858642578,57.02000045776367,57.43000030517578,55.93000030517578,56.27000045776367,2749800
ES,2018-02-12,42.55775451660156,57.529998779296875,57.86000061035156,56.5099983215332,57.08000183105469,2176600
ES,2018-02-13,42.624324798583984,57.619998931884766,57.790000915527344,56.619998931884766,57.22999954223633,1787800
ES,2018-02-14,42.59474182128906,57.58000183105469,57.77000045776367,56.84000015258789,57.290000915527344,2544400
ES,2018-02-15,43.327091217041016,58.56999969482422,58.58000183105469,57.650001525878906,57.84000015258789,3189100
ES,2018-02-16,43.733951568603516,59.119998931884766,59.380001068115234,58.470001220703125,58.470001220703125,1509700
ES,2018-02-20,43.031185150146484,58.16999816894531,59.0099983215332,57.959999084472656,58.779998779296875,1145100
ES,2018-02-21,42.4319953918457,57.36000061035156,58.63999938964844,57.34000015258789,58.11000061035156,1900700
ES,2018-02-22,42.52076721191406,57.47999954223633,58.060001373291016,57.130001068115234,57.47999954223633,3204800
ES,2018-02-23,43.992862701416016,59.470001220703125,59.59000015258789,57.47999954223633,57.599998474121094,2514200
ES,2018-02-26,43.512027740478516,58.81999969482422,59.38999938964844,58.5,59.38999938964844,1699400
ES,2018-02-27,42.45418167114258,57.38999938964844,59.150001525878906,57.380001068115234,58.959999084472656,1776900
ES,2018-02-28,42.165679931640625,57.0,57.880001068115234,57.0,57.66999816894531,1912500
ES,2018-03-01,41.832801818847656,56.54999923706055,57.72999954223633,56.45000076293945,57.0,2715400
ES,2018-03-02,42.23965072631836,57.099998474121094,57.40999984741211,56.529998779296875,56.58000183105469,2678400
ES,2018-03-05,43.07929992675781,57.720001220703125,57.849998474121094,56.34000015258789,56.41999816894531,1812000
ES,2018-03-06,42.303104400634766,56.68000030517578,57.59000015258789,56.56999969482422,57.54999923706055,1877000
ES,2018-03-07,42.012020111083984,56.290000915527344,57.060001373291016,56.130001068115234,56.650001525878906,2226900
ES,2018-03-08,42.444908142089844,56.869998931884766,57.119998931884766,56.4900016784668,56.4900016784668,2284200
ES,2018-03-09,42.72105407714844,57.2400016784668,57.25,56.63999938964844,56.880001068115234,1634000
ES,2018-03-12,42.58671569824219,57.060001373291016,58.29999923706055,56.849998474121094,57.34000015258789,3158800
ES,2018-03-13,42.303104400634766,56.68000030517578,57.45000076293945,56.34000015258789,57.2599983215332,2845700
ES,2018-03-14,42.683738708496094,57.189998626708984,57.4900016784668,56.75,56.790000915527344,1718000
ES,2018-03-15,42.974815368652344,57.58000183105469,57.880001068115234,57.08000183105469,57.209999084472656,2151900
ES,2018-03-16,43.48234176635742,58.2599983215332,58.47999954223633,57.65999984741211,57.720001220703125,3854500
ES,2018-03-19,43.31813430786133,58.040000915527344,58.369998931884766,57.70000076293945,58.33000183105469,2167100
ES,2018-03-20,43.04198455810547,57.66999816894531,58.27000045776367,57.4900016784668,58.08000183105469,1507800
ES,2018-03-21,42.885257720947266,57.459999084472656,58.2599983215332,57.15999984741211,57.790000915527344,1607700
ES,2018-03-22,42.92257308959961,57.5099983215332,58.810001373291016,57.279998779296875,57.59000015258789,1967700
ES,2018-03-23,42.38519287109375,56.790000915527344,58.18000030517578,56.650001525878906,57.65999984741211,1359100
ES,2018-03-26,42.937503814697266,57.529998779296875,57.68000030517578,56.900001525878906,57.0,1408600
ES,2018-03-27,43.72863006591797,58.59000015258789,59.349998474121094,57.45000076293945,57.65999984741211,2811300
ES,2018-03-28,43.639060974121094,58.470001220703125,59.150001525878906,58.220001220703125,58.779998779296875,1925300
ES,2018-03-29,43.97491455078125,58.91999816894531,59.38999938964844,58.540000915527344,58.75,1846300
ES,2018-04-02,43.788333892822266,58.66999816894531,59.75,58.29999923706055,59.04999923706055,2584100
ES,2018-04-03,44.2585334777832,59.29999923706055,59.56999969482422,58.29999923706055,58.599998474121094,2708600
ES,2018-04-04,44.4301872253418,59.529998779296875,59.79999923706055,58.77000045776367,59.119998931884766,2609400
ES,2018-04-05,44.788448333740234,60.0099983215332,60.209999084472656,58.77000045776367,59.41999816894531,1797100
ES,2018-04-06,44.5197639465332,59.650001525878906,60.40999984741211,59.439998626708984,60.060001373291016,1769300
ES,2018-04-09,44.564537048339844,59.709999084472656,60.2400016784668,59.58000183105469,59.619998931884766,1576200
ES,2018-04-10,44.265995025634766,59.310001373291016,59.900001525878906,59.25,59.88999938964844,1565400
ES,2018-04-11,44.34063720703125,59.40999984741211,59.7599983215332,59.209999084472656,59.29999923706055,1450500
ES,2018-04-12,43.76594161987305,58.63999938964844,59.72999954223633,58.61000061035156,59.41999816894531,1719800
ES,2018-04-13,44.05702590942383,59.029998779296875,59.349998474121094,58.849998474121094,58.849998474121094,1221300
ES,2018-04-16,44.542144775390625,59.68000030517578,59.83000183105469,59.119998931884766,59.29999923706055,1620100
ES,2018-04-17,44.960113525390625,60.2400016784668,60.45000076293945,59.61000061035156,59.7400016784668,1738700
ES,2018-04-18,44.70634078979492,59.900001525878906,60.81999969482422,59.88999938964844,60.439998626708984,1371500
ES,2018-04-19,44.67649841308594,59.86000061035156,59.9900016784668,59.27000045776367,59.790000915527344,1107100
ES,2018-04-20,44.198822021484375,59.220001220703125,59.939998626708984,58.93000030517578,59.939998626708984,1478700
ES,2018-04-23,44.19136047363281,59.209999084472656,59.790000915527344,58.90999984741211,59.369998931884766,1288000
ES,2018-04-24,44.3630256652832,59.439998626708984,59.90999984741211,59.060001373291016,59.290000915527344,2045300
ES,2018-04-25,44.31078338623047,59.369998931884766,59.599998474121094,58.75,59.22999954223633,1718700
ES,2018-04-26,44.79590606689453,60.02000045776367,60.16999816894531,59.029998779296875,59.40999984741211,1640400
ES,2018-04-27,45.24372100830078,60.619998931884766,60.88999938964844,59.77000045776367,59.93000030517578,1288600
ES,2018-04-30,44.96756362915039,60.25,60.869998931884766,60.130001068115234,60.59000015258789,2872500
ES,2018-05-01,44.59438705444336,59.75,60.45000076293945,59.58000183105469,60.380001068115234,2356700
ES,2018-05-02,44.54961013793945,59.689998626708984,59.9900016784668,59.34000015258789,59.709999084472656,1671400
ES,2018-05-03,43.937599182128906,58.869998931884766,59.529998779296875,58.52000045776367,59.150001525878906,1777400
ES,2018-05-04,44.06449508666992,59.040000915527344,59.25,58.66999816894531,59.09000015258789,1828000
ES,2018-05-07,43.8331184387207,58.72999954223633,59.18000030517578,58.599998474121094,59.099998474121094,1672200
ES,2018-05-08,42.780757904052734,57.31999969482422,58.709999084472656,57.220001220703125,58.59000015258789,2113900
ES,2018-05-09,42.54193878173828,57.0,57.470001220703125,56.380001068115234,57.470001220703125,1720300
ES,2018-05-10,43.2509651184082,57.95000076293945,57.97999954223633,57.15999984741211,57.540000915527344,1289300
ES,2018-05-11,43.31813430786133,58.040000915527344,58.09000015258789,57.709999084472656,58.0,945000
ES,2018-05-14,42.937503814697266,57.529998779296875,58.279998779296875,57.279998779296875,58.060001373291016,2212700
ES,2018-05-15,42.8330078125,57.38999938964844,57.52000045776367,56.79999923706055,57.34000015258789,1494300
ES,2018-05-16,42.870323181152344,57.439998626708984,57.86000061035156,57.209999084472656,57.4900016784668,2636800
ES,2018-05-17,42.61655807495117,57.099998474121094,57.709999084472656,56.959999084472656,57.5,1888000
ES,2018-05-18,42.780757904052734,57.31999969482422,57.619998931884766,56.91999816894531,57.060001373291016,1844600
ES,2018-05-21,42.89271545410156,57.470001220703125,57.54999923706055,56.939998626708984,57.4900016784668,1742000
ES,2018-05-22,43.12407302856445,57.779998779296875,57.959999084472656,57.38999938964844,57.439998626708984,1759100
ES,2018-05-23,42.5706787109375,56.540000915527344,57.849998474121094,55.310001373291016,57.43000030517578,5314600
ES,2018-05-24,42.63844299316406,56.630001068115234,56.65999984741211,56.060001373291016,56.540000915527344,2857700
ES,2018-05-25,42.359859466552734,56.2599983215332,56.79999923706055,56.22999954223633,56.75,2806600
ES,2018-05-29,42.77397155761719,56.810001373291016,57.279998779296875,56.36000061035156,56.45000076293945,3023600
ES,2018-05-30,43.022438049316406,57.13999938964844,57.34000015258789,56.400001525878906,56.68000030517578,2262900
ES,2018-05-31,42.977264404296875,57.08000183105469,57.43000030517578,56.810001373291016,57.15999984741211,2076500
ES,2018-06-01,42.01351547241211,55.79999923706055,56.91999816894531,55.59000015258789,56.650001525878906,2536100
ES,2018-06-04,41.78763198852539,55.5,56.2400016784668,55.4900016784668,55.970001220703125,2165200
ES,2018-06-05,41.40363693237305,54.9900016784668,55.66999816894531,54.88999938964844,55.52000045776367,1444800
ES,2018-06-06,40.38718032836914,53.63999938964844,55.029998779296875,53.5099983215332,55.02000045776367,2206400
ES,2018-06-07,40.35706329345703,53.599998474121094,54.16999816894531,53.150001525878906,53.689998626708984,2194800
ES,2018-06-08,40.32694625854492,53.560001373291016,54.029998779296875,53.369998931884766,53.79999923706055,1391000
ES,2018-06-11,39.80742263793945,52.869998931884766,53.630001068115234,52.7599983215332,53.61000061035156,1835600
ES,2018-06-12,40.41729736328125,53.68000030517578,53.880001068115234,52.790000915527344,52.83000183105469,2003100
ES,2018-06-13,40.229068756103516,53.43000030517578,54.060001373291016,53.290000915527344,53.83000183105469,2293200
ES,2018-06-14,40.650699615478516,53.9900016784668,54.08000183105469,53.400001525878906,53.529998779296875,2334100
ES,2018-06-15,41.13258361816406,54.630001068115234,54.70000076293945,53.689998626708984,54.029998779296875,3192900
ES,2018-06-18,41.478939056396484,55.09000015258789,55.099998474121094,54.5,54.560001373291016,2393300
ES,2018-06-19,41.983394622802734,55.7599983215332,56.220001220703125,54.95000076293945,55.22999954223633,2132100
ES,2018-06-20,42.02103805541992,55.810001373291016,55.900001525878906,55.439998626708984,55.869998931884766,1152700
ES,2018-06-21,41.938228607177734,55.70000076293945,55.97999954223633,55.459999084472656,55.61000061035156,1219100
ES,2018-06-22,42.18666458129883,56.029998779296875,56.72999954223633,55.880001068115234,56.58000183105469,2449300
ES,2018-06-25,43.16549301147461,57.33000183105469,57.36000061035156,56.279998779296875,56.33000183105469,2908300
ES,2018-06-26,43.331146240234375,57.54999923706055,57.97999954223633,57.099998474121094,57.25,2506300
ES,2018-06-27,43.662437438964844,57.9900016784668,58.130001068115234,57.2599983215332,57.849998474121094,1556300
ES,2018-06-28,43.88077926635742,58.279998779296875,58.529998779296875,57.959999084472656,58.150001525878906,1762100
ES,2018-06-29,44.129249572753906,58.61000061035156,58.90999984741211,57.709999084472656,58.09000015258789,2556600
ES,2018-07-02,44.437950134277344,59.02000045776367,59.09000015258789,58.36000061035156,58.599998474121094,1601600
ES,2018-07-03,44.814414978027344,59.52000045776367,59.95000076293945,58.810001373291016,59.08000183105469,1338700
ES,2018-07-05,44.964996337890625,59.720001220703125,59.7599983215332,59.150001525878906,59.61000061035156,2330800
ES,2018-07-06,45.40922546386719,60.310001373291016,60.439998626708984,59.720001220703125,59.7599983215332,1555600
ES,2018-07-09,44.01631164550781,58.459999084472656,60.68000030517578,58.2400016784668,60.61000061035156,2145900
ES,2018-07-10,44.21207046508789,58.720001220703125,59.08000183105469,57.79999923706055,58.33000183105469,2001900
ES,2018-07-11,44.611122131347656,59.25,59.29999923706055,58.75,58.86000061035156,1770500
ES,2018-07-12,44.528297424316406,59.13999938964844,59.41999816894531,58.880001068115234,59.34000015258789,2399200
ES,2018-07-13,44.528297424316406,59.13999938964844,59.47999954223633,58.810001373291016,59.13999938964844,1793600
ES,2018-07-16,44.45301818847656,59.040000915527344,59.29999923706055,58.66999816894531,59.18000030517578,2393900
ES,2018-07-17,44.32500457763672,58.869998931884766,59.25,58.68000030517578,59.16999816894531,1926200
ES,2018-07-18,44.06148147583008,58.52000045776367,58.97999954223633,58.41999816894531,58.959999084472656,1478100
ES,2018-07-19,44.54336166381836,59.15999984741211,59.38999938964844,58.65999984741211,58.790000915527344,1674600
ES,2018-07-20,44.234657287597656,58.75,59.04999923706055,58.34000015258789,58.97999954223633,1737600
ES,2018-07-23,44.01631164550781,58.459999084472656,58.880001068115234,58.13999938964844,58.7599983215332,1358900
ES,2018-07-24,44.287357330322266,58.81999969482422,58.9900016784668,57.4900016784668,58.290000915527344,2083200
ES,2018-07-25,44.67888259887695,59.34000015258789,59.540000915527344,58.72999954223633,58.91999816894531,2129000
ES,2018-07-26,45.44687271118164,60.36000061035156,60.540000915527344,59.70000076293945,59.70000076293945,2278000
ES,2018-07-27,45.23605728149414,60.08000183105469,60.59000015258789,59.880001068115234,60.18000030517578,1167800
ES,2018-07-30,44.995121002197266,59.7599983215332,60.119998931884766,59.470001220703125,59.97999954223633,1863400
ES,2018-07-31,45.717933654785156,60.720001220703125,60.810001373291016,59.650001525878906,60.0099983215332,2144400
ES,2018-08-01,44.98005676269531,59.7400016784668,60.08000183105469,59.29999923706055,59.79999923706055,2446200
ES,2018-08-02,45.175819396972656,60.0,60.27000045776367,59.36000061035156,59.70000076293945,1386400
ES,2018-08-03,45.87603759765625,60.93000030517578,61.0,59.72999954223633,60.150001525878906,1328100
ES,2018-08-06,45.99651336669922,61.09000015258789,61.459999084472656,60.83000183105469,60.84000015258789,990300
ES,2018-08-07,45.92121887207031,60.9900016784668,61.220001220703125,60.380001068115234,61.09000015258789,1104100
ES,2018-08-08,45.89110565185547,60.95000076293945,61.150001525878906,60.4900016784668,60.7400016784668,942700
ES,2018-08-09,46.03417205810547,61.13999938964844,61.25,60.709999084472656,60.97999954223633,982400
ES,2018-08-10,46.1922721862793,61.349998474121094,61.79999923706055,61.20000076293945,61.29999923706055,1192400
ES,2018-08-13,46.49345016479492,61.75,61.779998779296875,61.22999954223633,61.47999954223633,1617200
ES,2018-08-14,46.531097412109375,61.79999923706055,62.150001525878906,61.540000915527344,61.56999969482422,1091600
ES,2018-08-15,46.93767166137695,62.34000015258789,62.75,61.779998779296875,61.91999816894531,1294400
ES,2018-08-16,47.42707824707031,62.9900016784668,63.0,62.099998474121094,62.290000915527344,1773600
ES,2018-08-17,47.615318298339844,63.2400016784668,63.470001220703125,62.77000045776367,62.88999938964844,1020600
ES,2018-08-20,47.52496337890625,63.119998931884766,63.529998779296875,62.90999984741211,63.310001373291016,871200
ES,2018-08-21,47.29154968261719,62.810001373291016,63.08000183105469,62.560001373291016,63.08000183105469,954600
ES,2018-08-22,46.952735900878906,62.36000061035156,63.08000183105469,62.09000015258789,62.91999816894531,1195800
ES,2018-08-23,47.00544738769531,62.43000030517578,62.75,62.25,62.34000015258789,727800
ES,2018-08-24,47.25391387939453,62.7599983215332,62.810001373291016,62.060001373291016,62.52000045776367,882800
ES,2018-08-27,46.83979415893555,62.209999084472656,62.93000030517578,61.849998474121094,62.93000030517578,1023600
ES,2018-08-28,46.561214447021484,61.84000015258789,62.2400016784668,61.689998626708984,62.13999938964844,1302400
ES,2018-08-29,46.817203521728516,62.18000030517578,62.220001220703125,61.75,62.099998474121094,847600
ES,2018-08-30,47.163551330566406,62.63999938964844,62.83000183105469,62.22999954223633,62.52000045776367,1356400
ES,2018-08-31,47.00544738769531,62.43000030517578,62.84000015258789,62.099998474121094,62.560001373291016,1291900
ES,2018-09-04,46.99790573120117,62.41999816894531,62.959999084472656,62.29999923706055,62.47999954223633,1314100
ES,2018-09-05,47.72072982788086,63.380001068115234,63.45000076293945,62.439998626708984,62.470001220703125,953000
ES,2018-09-06,47.81861114501953,63.5099983215332,63.849998474121094,63.08000183105469,63.29999923706055,1061600
ES,2018-09-07,47.29154968261719,62.810001373291016,63.36000061035156,62.63999938964844,63.02000045776367,1187800
ES,2018-09-10,47.66048812866211,63.29999923706055,63.540000915527344,62.790000915527344,62.91999816894531,1032400
ES,2018-09-11,47.63789367675781,63.27000045776367,63.68000030517578,63.06999969482422,63.459999084472656,1048200
ES,2018-09-12,47.592716217041016,63.209999084472656,63.75,63.150001525878906,63.2400016784668,1276100
ES,2018-09-13,47.89390182495117,63.61000061035156,63.619998931884766,62.900001525878906,63.189998626708984,868600
ES,2018-09-14,47.83366394042969,63.529998779296875,63.56999969482422,62.689998626708984,63.34000015258789,1120100
ES,2018-09-17,48.01435852050781,63.77000045776367,63.810001373291016,63.209999084472656,63.56999969482422,984000
ES,2018-09-18,47.916481018066406,63.63999938964844,63.880001068115234,63.349998474121094,63.619998931884766,807600
ES,2018-09-19,46.70426940917969,62.029998779296875,63.599998474121094,61.68000030517578,63.599998474121094,1391900
ES,2018-09-20,46.8902587890625,61.77000045776367,61.79999923706055,61.040000915527344,61.40999984741211,1265500
ES,2018-09-21,47.186302185058594,62.15999984741211,62.470001220703125,61.33000183105469,61.56999969482422,2685800
ES,2018-09-24,46.670108795166016,61.47999954223633,62.27000045776367,61.43000030517578,61.9900016784668,1131300
ES,2018-09-25,46.06282424926758,60.68000030517578,61.54999923706055,60.41999816894531,61.470001220703125,1484400
ES,2018-09-26,45.698448181152344,60.20000076293945,61.099998474121094,60.150001525878906,60.90999984741211,1511500
ES,2018-09-27,45.97173309326172,60.560001373291016,61.0,60.22999954223633,60.400001525878906,1072400
ES,2018-09-28,46.63974380493164,61.439998626708984,61.470001220703125,60.720001220703125,60.83000183105469,1697400
ES,2018-10-01,46.700477600097656,61.52000045776367,61.599998474121094,61.08000183105469,61.27000045776367,922500
ES,2018-10-02,47.186302185058594,62.15999984741211,62.31999969482422,61.58000183105469,61.58000183105469,1177700
ES,2018-10-03,46.374053955078125,61.09000015258789,62.310001373291016,60.560001373291016,62.099998474121094,1473000
ES,2018-10-04,46.71566390991211,61.540000915527344,61.779998779296875,60.61000061035156,61.02000045776367,906800
ES,2018-10-05,47.36849594116211,62.400001525878906,62.61000061035156,61.540000915527344,61.540000915527344,1493800
ES,2018-10-08,47.69491195678711,62.83000183105469,63.22999954223633,62.2400016784668,62.650001525878906,1316200
ES,2018-10-09,48.09724426269531,63.36000061035156,63.599998474121094,62.720001220703125,62.959999084472656,1440800
ES,2018-10-10,47.85432052612305,63.040000915527344,64.0199966430664,63.0,63.29999923706055,1841900
ES,2018-10-11,46.821929931640625,61.68000030517578,63.540000915527344,61.5099983215332,63.38999938964844,2396200
ES,2018-10-12,46.700477600097656,61.52000045776367,61.7400016784668,60.97999954223633,61.619998931884766,1660600
ES,2018-10-15,46.586605072021484,61.369998931884766,61.959999084472656,61.290000915527344,61.5,1615900
ES,2018-10-16,47.03448486328125,61.959999084472656,62.400001525878906,61.09000015258789,61.40999984741211,1769900
ES,2018-10-17,47.43681335449219,62.4900016784668,62.86000061035156,62.0,62.06999969482422,1930500
ES,2018-10-18,47.20149230957031,62.18000030517578,62.75,61.810001373291016,62.619998931884766,1654400
ES,2018-10-19,48.074462890625,63.33000183105469,63.720001220703125,62.2400016784668,62.349998474121094,1300100
ES,2018-10-22,47.97577667236328,63.20000076293945,63.709999084472656,62.95000076293945,63.31999969482422,1147100
ES,2018-10-23,48.05168151855469,63.29999923706055,63.810001373291016,62.849998474121094,63.349998474121094,1542000
ES,2018-10-24,49.243499755859375,64.87000274658203,65.29000091552734,63.2400016784668,63.58000183105469,1483300
ES,2018-10-25,48.33256149291992,63.66999816894531,64.43000030517578,63.33000183105469,64.33999633789062,1691200
ES,2018-10-26,47.64936065673828,62.77000045776367,64.4800033569336,62.220001220703125,63.900001525878906,1627600
ES,2018-10-29,48.52992630004883,63.93000030517578,64.0199966430664,62.869998931884766,63.040000915527344,1045800
ES,2018-10-30,48.605838775634766,64.02999877929688,64.4000015258789,63.150001525878906,64.27999877929688,1459000
ES,2018-10-31,48.02132034301758,63.2599983215332,63.900001525878906,62.77000045776367,63.70000076293945,1839100
ES,2018-11-01,47.588619232177734,62.689998626708984,63.34000015258789,62.52000045776367,63.09000015258789,1583800
ES,2018-11-02,47.20907974243164,62.189998626708984,64.02999877929688,61.56999969482422,63.56999969482422,2104500
ES,2018-11-05,47.763214111328125,62.91999816894531,63.2400016784668,62.220001220703125,62.43000030517578,1459300
ES,2018-11-06,48.18074035644531,63.470001220703125,63.52000045776367,62.86000061035156,62.970001220703125,733600
ES,2018-11-07,48.87152862548828,64.37999725341797,64.45999908447266,63.5,63.7599983215332,1150000
ES,2018-11-08,48.99299621582031,64.54000091552734,64.66000366210938,64.04000091552734,64.48999786376953,1317100
ES,2018-11-09,49.44845199584961,65.13999938964844,65.5,64.37999725341797,64.4000015258789,1222300
ES,2018-11-12,49.70656204223633,65.4800033569336,66.26000213623047,64.56999969482422,64.73999786376953,1042200
ES,2018-11-13,49.92668533325195,65.7699966430664,65.95999908447266,65.02999877929688,65.62000274658203,1376800
ES,2018-11-14,49.66859817504883,65.43000030517578,65.81999969482422,64.66999816894531,64.66999816894531,1609100
ES,2018-11-15,50.25311279296875,66.19999694824219,66.20999908447266,64.4800033569336,65.26000213623047,2197100
ES,2018-11-16,50.890777587890625,67.04000091552734,67.05000305175781,66.1500015258789,66.97000122070312,2033200
ES,2018-11-19,51.14885711669922,67.37999725341797,67.45999908447266,66.69000244140625,66.9800033569336,2452500
ES,2018-11-20,51.34622573852539,67.63999938964844,68.30999755859375,66.9800033569336,67.7699966430664,2193300
ES,2018-11-21,50.42011642456055,66.41999816894531,67.44000244140625,66.23999786376953,67.33000183105469,1605200
ES,2018-11-23,50.723751068115234,66.81999969482422,66.94000244140625,66.0999984741211,66.56999969482422,1142800
ES,2018-11-26,50.70858383178711,66.80000305175781,67.16000366210938,66.30999755859375,66.91000366210938,1934800
ES,2018-11-27,51.20199966430664,67.44999694824219,67.47000122070312,66.69999694824219,66.91000366210938,2282200
ES,2018-11-28,51.18682861328125,67.43000030517578,67.7300033569336,67.0199966430664,67.55000305175781,1859400
ES,2018-11-29,50.913536071777344,67.06999969482422,67.47000122070312,66.45999908447266,67.43000030517578,2004700
ES,2018-11-30,51.87759780883789,68.33999633789062,68.38999938964844,67.04000091552734,67.29000091552734,3012100
ES,2018-12-03,52.181251525878906,68.73999786376953,68.73999786376953,67.5199966430664,68.25,1955500
ES,2018-12-04,52.340660095214844,68.94999694824219,69.83000183105469,68.81999969482422,68.97000122070312,2665400
ES,2018-12-06,52.484893798828125,69.13999938964844,69.41999816894531,67.72000122070312,69.23999786376953,2344700
ES,2018-12-07,52.72781753540039,69.45999908447266,69.72000122070312,68.62999725341797,69.18000030517578,1287600
ES,2018-12-10,52.864444732666016,69.63999938964844,69.81999969482422,68.18000030517578,69.41999816894531,1809500
ES,2018-12-11,53.26677322387695,70.16999816894531,70.33999633789062,69.22000122070312,69.83999633789062,1460900
ES,2018-12-12,52.72020721435547,69.44999694824219,70.5,69.41999816894531,70.0,2220600
ES,2018-12-13,53.31233215332031,70.2300033569336,70.47000122070312,69.5199966430664,69.5199966430664,1826100
ES,2018-12-14,52.96314239501953,69.7699966430664,70.52999877929688,69.4800033569336,70.2699966430664,1784300
ES,2018-12-17,51.4223747253418,67.25,69.62999725341797,66.95999908447266,69.5,2151400
ES,2018-12-18,51.2770881652832,67.05999755859375,68.25,66.83000183105469,67.51000213623047,1838500
ES,2018-12-19,51.45296096801758,67.29000091552734,68.18000030517578,66.69000244140625,67.36000061035156,1776900
ES,2018-12-20,51.36118698120117,67.16999816894531,68.13999938964844,66.25,67.33000183105469,2050400
ES,2018-12-21,50.82596206665039,66.47000122070312,68.79000091552734,66.47000122070312,66.87000274658203,3747000
ES,2018-12-24,48.463199615478516,63.380001068115234,66.94999694824219,63.36000061035156,66.63999938964844,871300
ES,2018-12-26,49.12078857421875,64.23999786376953,64.36000061035156,62.61000061035156,63.540000915527344,1157000
ES,2018-12-27,49.53370666503906,64.77999877929688,64.77999877929688,63.310001373291016,64.26000213623047,2316600
ES,2018-12-28,49.4495964050293,64.66999816894531,65.4800033569336,64.47000122070312,64.83000183105469,1095900
ES,2018-12-31,49.73250961303711,65.04000091552734,65.05000305175781,63.9900016784668,64.6500015258789,1492100
ES,2019-01-02,48.54730987548828,63.4900016784668,64.94999694824219,63.13999938964844,64.93000030517578,1493400
ES,2019-01-03,48.51673126220703,63.45000076293945,64.19999694824219,63.20000076293945,63.54999923706055,1272100
ES,2019-01-04,49.00609588623047,64.08999633789062,64.2699966430664,63.099998474121094,63.13999938964844,1365900
ES,2019-01-07,48.883750915527344,63.93000030517578,64.47000122070312,63.540000915527344,63.77000045776367,1211200
ES,2019-01-08,49.77839279174805,65.0999984741211,65.30999755859375,63.63999938964844,63.84000015258789,1479300
ES,2019-01-09,49.510772705078125,64.75,65.43000030517578,64.56999969482422,64.81999969482422,1483900
ES,2019-01-10,50.504798889160156,66.05000305175781,66.1500015258789,64.63999938964844,64.88999938964844,1660300
ES,2019-01-11,50.45891571044922,65.98999786376953,66.25,65.43000030517578,65.97000122070312,1301400
ES,2019-01-14,50.14542007446289,65.58000183105469,65.76000213623047,64.7300033569336,65.33000183105469,2219400
ES,2019-01-15,50.78008270263672,66.41000366210938,66.91000366210938,65.30000305175781,65.30000305175781,1484400
ES,2019-01-16,50.971229553222656,66.66000366210938,66.7699966430664,66.12999725341797,66.22000122070312,2177100
ES,2019-01-17,51.44530487060547,67.27999877929688,67.44000244140625,66.5199966430664,66.72000122070312,1595500
ES,2019-01-18,51.743526458740234,67.66999816894531,67.81999969482422,67.20999908447266,67.36000061035156,1556900
ES,2019-01-22,51.605899810791016,67.48999786376953,68.30000305175781,66.81999969482422,67.80000305175781,1780900
ES,2019-01-23,52.22525405883789,68.30000305175781,68.33000183105469,67.41999816894531,67.41999816894531,1284300
ES,2019-01-24,52.34758377075195,68.45999908447266,68.56999969482422,67.76000213623047,68.5199966430664,1582100
ES,2019-01-25,51.44530487060547,67.27999877929688,68.58000183105469,67.20999908447266,68.23999786376953,1236300
ES,2019-01-28,51.315330505371094,67.11000061035156,67.66000366210938,66.68000030517578,67.41999816894531,1549000
ES,2019-01-29,51.498836517333984,67.3499984741211,67.7699966430664,67.11000061035156,67.33000183105469,1490100
ES,2019-01-30,51.67470932006836,67.58000183105469,67.76000213623047,66.87000274658203,66.94000244140625,1515900
ES,2019-01-31,53.074012756347656,69.41000366210938,69.81999969482422,67.4800033569336,68.13999938964844,3903600
ES,2019-02-01,52.867549896240234,69.13999938964844,69.54000091552734,68.37999725341797,69.41000366210938,1840400
ES,2019-02-04,52.77579116821289,69.0199966430664,69.0199966430664,68.04000091552734,68.63999938964844,1790300
ES,2019-02-05,52.99754333496094,69.30999755859375,69.45999908447266,68.63999938964844,69.05000305175781,1305900
ES,2019-02-06,52.77579116821289,69.0199966430664,69.55999755859375,68.83000183105469,69.19999694824219,1109600
ES,2019-02-07,53.540435791015625,70.0199966430664,70.0199966430664,68.75,69.08000183105469,1597200
ES,2019-02-08,53.56338882446289,70.05000305175781,70.08000183105469,69.4000015258789,69.80000305175781,2071600
ES,2019-02-11,53.639854431152344,70.1500015258789,70.48999786376953,69.69000244140625,69.70999908447266,1509100
ES,2019-02-12,53.73923873901367,70.27999877929688,70.62000274658203,69.70999908447266,70.38999938964844,1252300
ES,2019-02-13,53.57102584838867,70.05999755859375,70.26000213623047,69.6500015258789,70.05999755859375,1412400
ES,2019-02-14,53.60160446166992,70.0999984741211,70.4800033569336,69.7300033569336,70.19000244140625,1735000
ES,2019-02-15,53.67808151245117,70.19999694824219,70.61000061035156,69.87999725341797,70.33999633789062,1582000
ES,2019-02-19,53.83101272583008,70.4000015258789,70.51000213623047,69.80999755859375,70.16999816894531,1472500
ES,2019-02-20,53.73160934448242,70.2699966430664,70.51000213623047,70.0199966430664,70.29000091552734,2142500
ES,2019-02-21,53.930416107177734,70.52999877929688,70.56999969482422,69.4800033569336,70.0,3050100
ES,2019-02-22,53.75454330444336,70.30000305175781,70.55000305175781,69.77999877929688,70.0,2452900
ES,2019-02-25,53.04343032836914,69.37000274658203,69.83999633789062,69.05999755859375,69.4800033569336,2706300
ES,2019-02-26,53.265174865722656,69.66000366210938,69.76000213623047,68.91999816894531,69.5,2623000
ES,2019-02-27,53.265174865722656,69.66000366210938,69.70999908447266,69.16999816894531,69.41999816894531,1333500
ES,2019-02-28,53.3798713684082,69.80999755859375,70.11000061035156,69.2300033569336,69.66000366210938,2261400
ES,2019-03-01,53.32633972167969,69.73999786376953,69.91999816894531,68.94999694824219,69.9000015258789,2684400
ES,2019-03-04,53.1452522277832,68.97000122070312,69.88999938964844,68.55000305175781,69.88999938964844,2297300
ES,2019-03-05,52.85245132446289,68.58999633789062,68.95999908447266,68.37999725341797,68.86000061035156,2024700
ES,2019-03-06,53.22232437133789,69.06999969482422,69.22000122070312,68.4000015258789,68.7699966430664,1921100
ES,2019-03-07,53.46889114379883,69.38999938964844,69.80999755859375,69.08999633789062,69.37000274658203,2173700
ES,2019-03-08,53.692359924316406,69.68000030517578,69.87999725341797,69.0999984741211,69.61000061035156,1800600
ES,2019-03-11,54.15468215942383,70.27999877929688,70.29000091552734,69.54000091552734,69.76000213623047,1904600
ES,2019-03-12,54.33191680908203,70.51000213623047,70.75,70.13999938964844,70.54000091552734,1976600
ES,2019-03-13,54.40126037597656,70.5999984741211,70.83000183105469,70.27999877929688,70.37000274658203,1385500
ES,2019-03-14,54.647830963134766,70.91999816894531,71.2699966430664,70.37999725341797,70.75,1977800
ES,2019-03-15,55.27199935913086,71.7300033569336,71.95999908447266,70.55999755859375,70.55999755859375,6916700
ES,2019-03-18,54.90983581542969,71.26000213623047,71.76000213623047,70.94000244140625,71.5999984741211,2108000
ES,2019-03-19,54.093048095703125,70.19999694824219,71.12000274658203,70.0,71.06999969482422,1690500
ES,2019-03-20,54.108455657958984,70.22000122070312,70.88999938964844,70.0,70.66000366210938,2145900
ES,2019-03-21,54.60159683227539,70.86000061035156,71.0,69.9000015258789,70.2699966430664,1386500
ES,2019-03-22,55.241172790527344,71.69000244140625,72.1500015258789,71.0199966430664,71.19000244140625,1482700
ES,2019-03-25,55.302818298339844,71.7699966430664,71.98999786376953,71.4000015258789,71.72000122070312,1579600
ES,2019-03-26,55.44152069091797,71.94999694824219,72.26000213623047,71.54000091552734,71.97000122070312,1103800
ES,2019-03-27,54.88671875,71.2300033569336,72.08999633789062,71.06999969482422,72.04000091552734,1511700
ES,2019-03-28,54.20093536376953,70.33999633789062,71.52999877929688,70.04000091552734,71.37000274658203,1642600
ES,2019-03-29,54.67095184326172,70.94999694824219,70.98999786376953,69.94000244140625,70.22000122070312,2487800
ES,2019-04-01,54.46290969848633,70.68000030517578,70.97000122070312,70.0,70.94000244140625,2113300
ES,2019-04-02,54.50144577026367,70.7300033569336,70.95999908447266,70.29000091552734,70.95999908447266,1440100
ES,2019-04-03,54.33191680908203,70.51000213623047,70.79000091552734,69.98999786376953,70.05999755859375,1577500
ES,2019-04-04,54.21634292602539,70.36000061035156,70.95999908447266,70.0199966430664,70.95999908447266,1576900
ES,2019-04-05,54.77114486694336,71.08000183105469,71.12000274658203,69.08999633789062,69.83000183105469,1147300
ES,2019-04-08,54.41667175292969,70.62000274658203,71.13999938964844,70.4800033569336,71.13999938964844,1506200
ES,2019-04-09,54.53996658325195,70.77999877929688,70.83999633789062,70.41999816894531,70.6500015258789,1377200
ES,2019-04-10,54.177791595458984,70.30999755859375,71.4000015258789,70.23999786376953,71.08000183105469,1438800
ES,2019-04-11,54.40126037597656,70.5999984741211,70.77999877929688,69.87000274658203,69.87000274658203,1294600
ES,2019-04-12,54.46290969848633,70.68000030517578,70.75,69.87999725341797,70.30000305175781,1181800
ES,2019-04-15,54.53996658325195,70.77999877929688,71.0999984741211,70.58000183105469,70.66999816894531,1468000
ES,2019-04-16,54.05452346801758,70.1500015258789,71.08999633789062,69.9800033569336,70.68000030517578,1429800
ES,2019-04-17,54.10074234008789,70.20999908447266,70.5,69.88999938964844,70.12999725341797,1350200
ES,2019-04-18,53.90811538696289,69.95999908447266,70.70999908447266,69.94000244140625,70.54000091552734,1518900
ES,2019-04-22,53.93121337890625,69.98999786376953,70.2699966430664,69.77999877929688,69.87999725341797,1880600
ES,2019-04-23,54.247161865234375,70.4000015258789,70.5199966430664,69.8499984741211,70.19999694824219,1983900
ES,2019-04-24,54.60159683227539,70.86000061035156,71.08000183105469,70.4000015258789,70.4000015258789,1431700
ES,2019-04-25,54.58619689941406,70.83999633789062,71.23999786376953,70.37999725341797,70.52999877929688,1663600
ES,2019-04-26,54.72490692138672,71.0199966430664,71.77999877929688,70.94999694824219,71.48999786376953,1098100
ES,2019-04-29,54.3858642578125,70.58000183105469,71.13999938964844,70.37000274658203,70.86000061035156,1076700
ES,2019-04-30,55.21807861328125,71.66000366210938,71.68000030517578,70.5,70.69000244140625,1584900
ES,2019-05-01,54.80965042114258,71.12999725341797,71.8499984741211,71.0199966430664,71.37999725341797,1644500
ES,2019-05-02,55.110172271728516,71.5199966430664,72.5,71.38999938964844,72.16000366210938,2231900
ES,2019-05-03,55.54169845581055,72.08000183105469,72.11000061035156,71.36000061035156,71.62000274658203,896500
ES,2019-05-06,55.3798713684082,71.87000274658203,72.37000274658203,71.63999938964844,72.0999984741211,1008900
ES,2019-05-07,55.10247039794922,71.51000213623047,73.2699966430664,71.2300033569336,73.18000030517578,1175000
ES,2019-05-08,54.247161865234375,70.4000015258789,71.47000122070312,70.3499984741211,71.4000015258789,1284900
ES,2019-05-09,54.28569030761719,70.44999694824219,70.87999725341797,70.05999755859375,70.5,984500
ES,2019-05-10,55.29511642456055,71.76000213623047,71.7699966430664,70.31999969482422,70.45999908447266,874600
ES,2019-05-13,56.2429084777832,72.98999786376953,73.06999969482422,71.27999877929688,71.62999725341797,1218600
ES,2019-05-14,55.934669494628906,72.58999633789062,73.2300033569336,72.31999969482422,72.8499984741211,1377600
ES,2019-05-15,55.94239044189453,72.5999984741211,73.04000091552734,72.41000366210938,72.66999816894531,1067100
ES,2019-05-16,56.350765228271484,73.12999725341797,73.31999969482422,72.27999877929688,72.4000015258789,1098100
ES,2019-05-17,56.65899658203125,73.52999877929688,73.80000305175781,72.52999877929688,72.5999984741211,1139900
ES,2019-05-20,56.736061096191406,73.62999725341797,74.08000183105469,73.47000122070312,73.69000244140625,1074500
ES,2019-05-21,56.82080841064453,73.73999786376953,74.16000366210938,73.37999725341797,73.62000274658203,1003500
ES,2019-05-22,57.2360725402832,73.73999786376953,73.7699966430664,73.0999984741211,73.38999938964844,852600
ES,2019-05-23,58.08987808227539,74.83999633789062,74.87000274658203,73.51000213623047,73.9000015258789,1855500
ES,2019-05-24,58.120933532714844,74.87999725341797,75.43000030517578,74.73999786376953,74.91999816894531,889800
ES,2019-05-28,57.538780212402344,74.12999725341797,75.23999786376953,74.0,75.06999969482422,1915500
ES,2019-05-29,56.57630920410156,72.88999938964844,74.29000091552734,72.56999969482422,74.29000091552734,1387500
ES,2019-05-30,56.79364776611328,73.16999816894531,73.47000122070312,72.77999877929688,72.94000244140625,860900
ES,2019-05-31,57.31369400024414,73.83999633789062,74.0,72.5,72.58999633789062,5976900
ES,2019-06-03,58.08211898803711,74.83000183105469,74.87000274658203,73.86000061035156,74.1500015258789,2791700
ES,2019-06-04,57.7405891418457,74.38999938964844,74.83999633789062,72.86000061035156,74.83999633789062,3404000
ES,2019-06-05,59.23863220214844,76.31999969482422,76.41999816894531,74.6500015258789,74.87999725341797,2306800
ES,2019-06-06,59.6500129699707,76.8499984741211,77.33999633789062,76.2699966430664,76.4000015258789,1586900
ES,2019-06-07,59.223114013671875,76.30000305175781,77.7300033569336,76.30000305175781,77.52999877929688,1328000
ES,2019-06-10,59.00579071044922,76.0199966430664,76.30000305175781,75.36000061035156,76.12000274658203,1095900
ES,2019-06-11,58.586639404296875,75.4800033569336,76.22000122070312,75.08999633789062,75.83999633789062,1292100
ES,2019-06-12,59.38610076904297,76.51000213623047,76.5999984741211,75.83999633789062,75.83999633789062,849900
ES,2019-06-13,59.510311126708984,76.66999816894531,76.80000305175781,76.08999633789062,76.66000366210938,1760200
ES,2019-06-14,60.084678649902344,77.41000366210938,77.5199966430664,76.58999633789062,76.81999969482422,1409600
ES,2019-06-17,59.378334045410156,76.5,77.56999969482422,76.27999877929688,77.44000244140625,1605700
ES,2019-06-18,59.21537399291992,76.29000091552734,77.22000122070312,75.87999725341797,77.22000122070312,1494500
ES,2019-06-19,59.89838790893555,77.16999816894531,77.43000030517578,75.8499984741211,75.98999786376953,1280900
ES,2019-06-20,60.17780685424805,77.52999877929688,77.87000274658203,76.6500015258789,77.45999908447266,1764500
ES,2019-06-21,60.07691192626953,77.4000015258789,77.62999725341797,76.81999969482422,77.29000091552734,3823500
ES,2019-06-24,60.06917190551758,77.38999938964844,77.87000274658203,77.1500015258789,77.83000183105469,1353500
ES,2019-06-25,59.750919342041016,76.9800033569336,77.70999908447266,76.72000122070312,77.4800033569336,1640700
ES,2019-06-26,58.501277923583984,75.37000274658203,76.91999816894531,75.27999877929688,76.91000366210938,1942400
ES,2019-06-27,58.53229904174805,75.41000366210938,76.01000213623047,75.19000244140625,76.01000213623047,1627300
ES,2019-06-28,58.803985595703125,75.76000213623047,76.06999969482422,75.2699966430664,75.36000061035156,2590700
ES,2019-07-01,58.72636032104492,75.66000366210938,75.7699966430664,74.7699966430664,75.76000213623047,1683700
ES,2019-07-02,59.50254821777344,76.66000366210938,76.94000244140625,75.81999969482422,75.95999908447266,1546600
ES,2019-07-03,59.85959243774414,77.12000274658203,77.63999938964844,76.9000015258789,76.9000015258789,703700
ES,2019-07-05,59.7586784362793,76.98999786376953,77.1500015258789,75.69000244140625,76.43000030517578,1487700
ES,2019-07-08,59.797489166259766,77.04000091552734,77.44000244140625,76.63999938964844,77.08000183105469,1876400
ES,2019-07-09,59.73540496826172,76.95999908447266,77.08000183105469,76.41999816894531,76.9000015258789,1496700
ES,2019-07-10,60.28649139404297,77.66999816894531,77.91999816894531,76.9000015258789,77.22000122070312,1334600
ES,2019-07-11,60.589202880859375,78.05999755859375,78.08999633789062,77.27999877929688,77.72000122070312,1912300
ES,2019-07-12,60.185577392578125,77.54000091552734,78.05999755859375,77.2699966430664,77.95999908447266,1868300
ES,2019-07-15,60.348575592041016,77.75,77.93000030517578,77.0999984741211,77.4000015258789,1258000
ES,2019-07-16,59.83629608154297,77.08999633789062,77.7300033569336,76.5999984741211,77.08999633789062,1811800
ES,2019-07-17,60.04585266113281,77.36000061035156,77.9000015258789,77.27999877929688,77.63999938964844,2110500
ES,2019-07-18,60.853118896484375,78.4000015258789,78.41999816894531,76.94000244140625,77.4000015258789,1428500
ES,2019-07-19,59.58793640136719,76.7699966430664,78.52999877929688,76.73999786376953,78.12000274658203,1904000
ES,2019-07-22,59.69658660888672,76.91000366210938,77.16999816894531,75.93000030517578,76.94999694824219,1117300
ES,2019-07-23,59.57238006591797,76.75,76.97000122070312,76.25,76.97000122070312,1560800
ES,2019-07-24,59.31624984741211,76.41999816894531,76.9800033569336,75.9000015258789,76.88999938964844,1797900
ES,2019-07-25,59.145477294921875,76.19999694824219,76.69000244140625,75.62999725341797,76.41999816894531,1644000
ES,2019-07-26,59.17654037475586,76.23999786376953,76.55999755859375,75.87000274658203,76.19000244140625,1571900
ES,2019-07-29,59.61895751953125,76.80999755859375,76.95999908447266,76.18000030517578,76.54000091552734,1039000
ES,2019-07-30,59.40163040161133,76.52999877929688,77.26000213623047,76.16999816894531,76.44999694824219,1540100
ES,2019-07-31,58.8815803527832,75.86000061035156,76.83000183105469,75.43000030517578,76.36000061035156,1988100
ES,2019-08-01,59.40938949584961,76.54000091552734,77.05999755859375,75.61000061035156,75.73999786376953,2484000
ES,2019-08-02,59.5335807800293,76.69999694824219,77.75,76.29000091552734,76.7300033569336,1866500
ES,2019-08-05,59.41716766357422,76.55000305175781,77.6500015258789,76.13999938964844,76.94000244140625,2481300
ES,2019-08-06,60.10795593261719,77.44000244140625,77.66999816894531,75.4800033569336,76.44000244140625,1639000
ES,2019-08-07,60.457252502441406,77.88999938964844,78.36000061035156,76.62999725341797,77.44999694824219,1672100
ES,2019-08-08,60.8608512878418,78.41000366210938,78.69000244140625,77.19999694824219,77.87999725341797,1313900
ES,2019-08-09,60.87638854980469,78.43000030517578,78.87999725341797,78.1500015258789,78.63999938964844,1155000
ES,2019-08-12,60.348575592041016,77.75,78.66999816894531,77.54000091552734,78.62999725341797,1181900
ES,2019-08-13,60.4727897644043,77.91000366210938,78.18000030517578,77.20999908447266,77.56999969482422,1393300
ES,2019-08-14,59.890628814697266,77.16000366210938,78.3499984741211,76.91000366210938,78.19000244140625,1885000
ES,2019-08-15,61.17133331298828,78.80999755859375,79.11000061035156,76.97000122070312,77.08999633789062,1595000
ES,2019-08-16,61.039390563964844,78.63999938964844,79.08000183105469,78.3499984741211,78.86000061035156,1421800
ES,2019-08-19,61.295555114746094,78.97000122070312,79.3499984741211,78.33999633789062,78.68000030517578,1338400
ES,2019-08-20,61.39643478393555,79.0999984741211,79.31999969482422,78.66999816894531,79.23999786376953,1235100
ES,2019-08-21,61.75347900390625,79.55999755859375,79.58999633789062,78.68000030517578,78.81999969482422,930000
ES,2019-08-22,61.91648483276367,79.7699966430664,79.91000366210938,79.05000305175781,79.4800033569336,1408200
ES,2019-08-23,61.45075225830078,79.16999816894531,80.16999816894531,78.8499984741211,80.02999877929688,1708600
ES,2019-08-26,62.04841995239258,79.94000244140625,79.97000122070312,79.12000274658203,79.2699966430664,796400
ES,2019-08-27,62.529666900634766,80.55999755859375,81.1500015258789,80.16999816894531,80.29000091552734,1339400
ES,2019-08-28,62.32009506225586,80.29000091552734,81.12999725341797,79.70999908447266,80.8499984741211,1300700
ES,2019-08-29,62.41326141357422,80.41000366210938,80.81999969482422,79.54000091552734,80.51000213623047,1243200
ES,2019-08-30,62.19590759277344,80.12999725341797,80.7300033569336,80.01000213623047,80.55000305175781,1332900
ES,2019-09-03,63.23600387573242,81.47000122070312,81.4800033569336,79.87000274658203,80.02999877929688,2007700
ES,2019-09-04,64.0277328491211,82.48999786376953,83.0999984741211,81.81999969482422,83.0999984741211,1914400
ES,2019-09-05,63.67066955566406,82.02999877929688,82.2300033569336,80.97000122070312,82.0,2208400
ES,2019-09-06,63.91905212402344,82.3499984741211,82.45999908447266,81.94000244140625,82.11000061035156,1704800
ES,2019-09-09,63.49215316772461,81.80000305175781,82.44000244140625,81.58000183105469,81.81999969482422,2888700
ES,2019-09-10,63.54648208618164,81.87000274658203,81.88999938964844,80.94999694824219,81.62000274658203,2448500
ES,2019-09-11,63.77933120727539,82.16999816894531,82.44000244140625,81.12000274658203,81.43000030517578,1692300
ES,2019-09-12,64.31490325927734,82.86000061035156,83.22000122070312,82.41000366210938,82.6500015258789,1621600
ES,2019-09-13,63.942325592041016,82.37999725341797,83.08000183105469,82.2699966430664,82.5,1717600
ES,2019-09-16,63.9889030456543,82.44000244140625,82.5999984741211,82.18000030517578,82.5999984741211,1083000
ES,2019-09-17,64.53999328613281,83.1500015258789,83.43000030517578,82.37999725341797,82.37999725341797,1654000
ES,2019-09-18,64.71077728271484,83.37000274658203,83.61000061035156,82.77999877929688,83.41000366210938,1557900
ES,2019-09-19,65.01933288574219,83.2300033569336,83.4000015258789,82.98999786376953,83.30999755859375,1918400
ES,2019-09-20,65.04277038574219,83.26000213623047,83.62000274658203,82.91000366210938,83.30000305175781,3282200
ES,2019-09-23,65.22244262695312,83.48999786376953,83.83000183105469,83.04000091552734,83.3499984741211,1273000
ES,2019-09-24,66.13645935058594,84.66000366210938,84.83000183105469,83.58999633789062,83.81999969482422,1934000
ES,2019-09-25,66.1208267211914,84.63999938964844,84.80999755859375,84.20999908447266,84.61000061035156,1255800
ES,2019-09-26,66.60517883300781,85.26000213623047,85.51000213623047,84.66000366210938,84.87000274658203,1344800
ES,2019-09-27,66.66766357421875,85.33999633789062,85.62000274658203,84.66999816894531,85.44000244140625,1420000
ES,2019-09-30,66.76922607421875,85.47000122070312,85.93000030517578,85.18000030517578,85.5,2284600
ES,2019-10-01,66.68328094482422,85.36000061035156,85.44999694824219,84.52999877929688,85.05999755859375,1257400
ES,2019-10-02,65.94895935058594,84.41999816894531,85.48999786376953,84.16999816894531,85.37999725341797,2092800
ES,2019-10-03,66.13645935058594,84.66000366210938,84.70999908447266,84.0,84.5199966430664,1829600
ES,2019-10-04,66.87858581542969,85.61000061035156,85.70999908447266,84.58000183105469,84.79000091552734,1480000
ES,2019-10-07,66.69110107421875,85.37000274658203,85.69000244140625,85.08000183105469,85.30999755859375,1430900
ES,2019-10-08,66.28487396240234,84.8499984741211,85.58000183105469,84.83999633789062,85.41000366210938,1308700
ES,2019-10-09,67.25357055664062,86.08999633789062,86.26000213623047,84.93000030517578,84.93000030517578,1818800
ES,2019-10-10,66.82390594482422,85.54000091552734,85.95999908447266,84.81999969482422,85.63999938964844,1497000
ES,2019-10-11,66.84733581542969,85.56999969482422,86.0,84.9000015258789,85.19999694824219,1148100
ES,2019-10-14,66.21458435058594,84.76000213623047,85.87999725341797,84.72000122070312,85.79000091552734,847400
ES,2019-10-15,65.69115447998047,84.08999633789062,85.13999938964844,83.79000091552734,84.88999938964844,1678700
ES,2019-10-16,66.07392883300781,84.58000183105469,84.69999694824219,83.56999969482422,83.97000122070312,1474300
ES,2019-10-17,66.49579620361328,85.12000274658203,85.33000183105469,84.47000122070312,84.54000091552734,1065700
ES,2019-10-18,66.87077331542969,85.5999984741211,85.76000213623047,84.55000305175781,84.91999816894531,1250300
ES,2019-10-21,67.29264068603516,86.13999938964844,86.19000244140625,85.31999969482422,85.6500015258789,1569700
ES,2019-10-22,67.0738754272461,85.86000061035156,86.54000091552734,85.66999816894531,86.36000061035156,946500
ES,2019-10-23,67.2301254272461,86.05999755859375,86.23999786376953,85.51000213623047,86.05000305175781,1245400
ES,2019-10-24,67.33949279785156,86.19999694824219,86.52999877929688,85.87000274658203,86.0199966430664,804000
ES,2019-10-25,66.64424133300781,85.30999755859375,86.55000305175781,85.19999694824219,86.33000183105469,1417000
ES,2019-10-28,65.50367736816406,83.8499984741211,85.1500015258789,83.58000183105469,84.81999969482422,1370000
ES,2019-10-29,64.76153564453125,82.9000015258789,83.12000274658203,82.20999908447266,82.72000122070312,2104300
ES,2019-10-30,65.02713012695312,83.23999786376953,83.77999877929688,82.68000030517578,83.08000183105469,2185000
ES,2019-10-31,65.41773223876953,83.73999786376953,84.05000305175781,82.95999908447266,83.38999938964844,1556800
ES,2019-11-01,64.67559814453125,82.79000091552734,83.9800033569336,82.69000244140625,83.83999633789062,1556100
ES,2019-11-04,63.60536575317383,81.41999816894531,82.7300033569336,81.0,82.61000061035156,1574200
ES,2019-11-05,63.339752197265625,81.08000183105469,81.68000030517578,80.52999877929688,81.05000305175781,2167600
ES,2019-11-06,63.58192443847656,81.38999938964844,81.62000274658203,80.68000030517578,81.08999633789062,1906100
ES,2019-11-07,62.019527435302734,79.38999938964844,81.11000061035156,78.72000122070312,80.68000030517578,2050800
ES,2019-11-08,62.035133361816406,79.41000366210938,79.5999984741211,78.58000183105469,79.12000274658203,1324600
ES,2019-11-11,61.94142532348633,79.29000091552734,79.55000305175781,78.91999816894531,79.37999725341797,1442800
ES,2019-11-12,61.86329650878906,79.19000244140625,79.52999877929688,78.9000015258789,79.2699966430664,1413700
ES,2019-11-13,63.206939697265625,80.91000366210938,80.93000030517578,79.29000091552734,79.52999877929688,1809800
ES,2019-11-14,63.12101364135742,80.80000305175781,81.18000030517578,80.62999725341797,81.16000366210938,2512000
ES,2019-11-15,63.48817825317383,81.2699966430664,81.43000030517578,80.56999969482422,80.9800033569336,2237800
ES,2019-11-18,64.17562103271484,82.1500015258789,82.88999938964844,81.58999633789062,81.66999816894531,2413700
ES,2019-11-19,64.21469116210938,82.19999694824219,82.63999938964844,81.52999877929688,81.87999725341797,1794200
ES,2019-11-20,64.44908142089844,82.5,83.12000274658203,82.02999877929688,82.36000061035156,2149500
ES,2019-11-21,64.2303237915039,82.22000122070312,82.83999633789062,81.23999786376953,82.48999786376953,2851000
ES,2019-11-22,64.23814392089844,82.2300033569336,82.62999725341797,81.55999755859375,82.29000091552734,2143500
ES,2019-11-25,64.17562103271484,82.1500015258789,82.56999969482422,81.83000183105469,82.25,1767500
ES,2019-11-26,64.62092590332031,82.72000122070312,82.93000030517578,81.98999786376953,82.05000305175781,3303400
ES,2019-11-27,64.76153564453125,82.9000015258789,83.04000091552734,82.55000305175781,82.94000244140625,2256300
ES,2019-11-29,64.55841827392578,82.63999938964844,83.48999786376953,82.54000091552734,83.12000274658203,863400
ES,2019-12-02,64.07405853271484,82.0199966430664,82.56999969482422,81.76000213623047,82.31999969482422,2328600
ES,2019-12-03,64.08187866210938,82.02999877929688,82.55000305175781,81.63999938964844,82.33999633789062,1652300
ES,2019-12-04,64.85527801513672,83.0199966430664,83.08000183105469,81.76000213623047,81.94000244140625,2277300
ES,2019-12-05,64.18345642089844,82.16000366210938,82.9000015258789,81.97000122070312,82.77999877929688,2420300
ES,2019-12-06,63.43349075317383,81.19999694824219,82.30999755859375,81.0999984741211,81.9000015258789,2100700
ES,2019-12-09,63.05851364135742,80.72000122070312,81.2699966430664,80.25,81.26000213623047,2030600
ES,2019-12-10,63.26164627075195,80.9800033569336,81.16000366210938,80.62999725341797,80.76000213623047,1127800
ES,2019-12-11,63.55067443847656,81.3499984741211,81.5,80.4800033569336,80.91999816894531,1561900
ES,2019-12-12,63.16006851196289,80.8499984741211,81.5199966430664,80.73999786376953,81.30999755859375,1066300
ES,2019-12-13,63.5428466796875,81.33999633789062,81.4800033569336,80.25,80.8499984741211,1001300
ES,2019-12-16,64.0975112915039,82.05000305175781,82.05000305175781,81.19000244140625,81.4800033569336,1439100
ES,2019-12-17,64.68341827392578,82.80000305175781,82.97000122070312,82.05999755859375,82.20999908447266,1037400
ES,2019-12-18,65.30058288574219,83.58999633789062,83.70999908447266,82.7300033569336,83.22000122070312,3030900
ES,2019-12-19,65.87059020996094,83.77999877929688,83.91000366210938,82.95999908447266,83.08000183105469,2311600
ES,2019-12-20,66.5074462890625,84.58999633789062,85.33000183105469,83.83000183105469,83.9800033569336,4670700
ES,2019-12-23,65.83126831054688,83.7300033569336,84.81999969482422,83.30000305175781,84.69999694824219,1920800
ES,2019-12-24,66.0121078491211,83.95999908447266,84.08000183105469,83.26000213623047,83.69000244140625,494500
ES,2019-12-26,66.27942657470703,84.30000305175781,84.33999633789062,83.58000183105469,84.04000091552734,838800
ES,2019-12-27,66.295166015625,84.31999969482422,84.54000091552734,84.08000183105469,84.30000305175781,1474300
ES,2019-12-30,66.36591339111328,84.41000366210938,84.41999816894531,83.77999877929688,84.11000061035156,1352500
ES,2019-12-31,66.88484191894531,85.06999969482422,85.08999633789062,84.38999938964844,84.44999694824219,1625900
ES,2020-01-02,65.43816375732422,83.2300033569336,85.02999877929688,83.08000183105469,85.02999877929688,3278200
ES,2020-01-03,65.1472396850586,82.86000061035156,83.51000213623047,82.69999694824219,83.12999725341797,2199100
ES,2020-01-06,65.50102996826172,83.30999755859375,83.75,83.0,83.05000305175781,2717500
ES,2020-01-07,65.00572204589844,82.68000030517578,83.30000305175781,82.08999633789062,83.30000305175781,2432800
ES,2020-01-08,65.0607681274414,82.75,83.16999816894531,82.33999633789062,82.61000061035156,1548900
ES,2020-01-09,65.57182312011719,83.4000015258789,83.5199966430664,82.54000091552734,82.55000305175781,1372100
ES,2020-01-10,66.36591339111328,84.41000366210938,84.55999755859375,83.63999938964844,83.63999938964844,2028500
ES,2020-01-13,66.94770812988281,85.1500015258789,85.33000183105469,84.41000366210938,84.48999786376953,1691100
ES,2020-01-14,67.49807739257812,85.8499984741211,85.91000366210938,85.1500015258789,85.26000213623047,2317900
ES,2020-01-15,68.65383911132812,87.31999969482422,87.7300033569336,86.1500015258789,86.19999694824219,2196900
ES,2020-01-16,68.99979400634766,87.76000213623047,87.80999755859375,87.19000244140625,87.19000244140625,1908700
ES,2020-01-17,69.762451171875,88.7300033569336,88.81999969482422,87.4000015258789,87.9000015258789,2209600
ES,2020-01-21,70.60370635986328,89.80000305175781,89.8499984741211,88.5999984741211,88.93000030517578,2227700
ES,2020-01-22,70.72164916992188,89.94999694824219,90.26000213623047,88.6500015258789,89.37000274658203,1521400
ES,2020-01-23,71.73589324951172,91.23999786376953,91.2699966430664,89.91999816894531,90.0199966430664,1809800
ES,2020-01-24,72.18402099609375,91.80999755859375,92.12999725341797,90.94999694824219,91.01000213623047,2008400
ES,2020-01-27,71.83808135986328,91.37000274658203,92.13999938964844,91.13999938964844,91.68000030517578,1727100
ES,2020-01-28,72.16829681396484,91.79000091552734,92.08000183105469,91.08000183105469,91.5199966430664,1743600
ES,2020-01-29,72.64006042480469,92.38999938964844,92.5199966430664,91.41000366210938,91.87000274658203,1376200
ES,2020-01-30,73.2847671508789,93.20999908447266,93.29000091552734,92.0999984741211,92.25,1508300
ES,2020-01-31,72.67937469482422,92.44000244140625,93.55999755859375,92.01000213623047,93.22000122070312,4749800
ES,2020-02-03,72.6557846069336,92.41000366210938,92.7699966430664,91.8499984741211,92.63999938964844,1399200
ES,2020-02-04,71.23265838623047,90.5999984741211,92.27999877929688,90.44000244140625,92.0199966430664,2599000
ES,2020-02-05,71.14620208740234,90.48999786376953,90.58999633789062,89.77999877929688,90.37000274658203,2132000
ES,2020-02-06,71.44497680664062,90.87000274658203,91.33000183105469,90.5999984741211,90.81999969482422,1286200
ES,2020-02-07,71.21697235107422,90.58000183105469,91.2300033569336,90.41999816894531,91.11000061035156,1243900
ES,2020-02-10,71.83808135986328,91.37000274658203,91.37000274658203,90.5999984741211,90.69999694824219,1246200
ES,2020-02-11,71.68871307373047,91.18000030517578,91.75,91.08999633789062,91.43000030517578,940800
ES,2020-02-12,71.7516098022461,91.26000213623047,91.68000030517578,90.62000274658203,90.77999877929688,1267100
ES,2020-02-13,72.7108154296875,92.4800033569336,92.55000305175781,91.0,91.36000061035156,1426400
ES,2020-02-14,73.63856506347656,93.66000366210938,93.80999755859375,92.79000091552734,92.79000091552734,1160300
ES,2020-02-18,74.54273223876953,94.80999755859375,94.9000015258789,93.75,94.12999725341797,1628400
ES,2020-02-19,74.14175415039062,94.30000305175781,94.93000030517578,94.30000305175781,94.83999633789062,1695000
ES,2020-02-20,75.20317840576172,95.6500015258789,99.41999816894531,94.7699966430664,97.06999969482422,2063200
ES,2020-02-21,75.44688415527344,95.95999908447266,97.23999786376953,95.45999908447266,95.72000122070312,2462300
ES,2020-02-24,74.85723876953125,95.20999908447266,96.44000244140625,95.11000061035156,95.87000274658203,2160400
ES,2020-02-25,73.41840362548828,93.37999725341797,96.16999816894531,93.08999633789062,95.30999755859375,2102400
ES,2020-02-26,73.4813003540039,93.45999908447266,94.72000122070312,93.04000091552734,93.44000244140625,2277500
ES,2020-02-27,70.3835678100586,89.5199966430664,93.93000030517578,89.45999908447266,93.41000366210938,2295200
ES,2020-02-28,67.97767639160156,86.45999908447266,88.0,84.4800033569336,88.0,3405900
ES,2020-03-02,73.60711669921875,93.62000274658203,93.70999908447266,86.61000061035156,86.61000061035156,3191500
ES,2020-03-03,73.09136962890625,92.4000015258789,95.08999633789062,91.5999984741211,93.02999877929688,2409300
ES,2020-03-04,77.94831085205078,98.54000091552734,98.63999938964844,93.18000030517578,93.19000244140625,1989600
ES,2020-03-05,77.07817077636719,97.44000244140625,98.91999816894531,96.44000244140625,97.25,1990400
ES,2020-03-06,76.22383880615234,96.36000061035156,96.80999755859375,93.30000305175781,95.19000244140625,2262700
ES,2020-03-09,73.2179183959961,92.55999755859375,94.58999633789062,90.0,91.4000015258789,3900000
ES,2020-03-10,72.09465026855469,91.13999938964844,94.33999633789062,87.44999694824219,93.33999633789062,3524400
ES,2020-03-11,69.44469451904297,87.79000091552734,89.58999633789062,86.26000213623047,89.2300033569336,2653800
ES,2020-03-12,65.35507202148438,82.62000274658203,84.44999694824219,73.9000015258789,83.72000122070312,3492200
ES,2020-03-13,70.03007507324219,88.52999877929688,88.69000244140625,81.43000030517578,85.88999938964844,4368900
ES,2020-03-16,61.051849365234375,77.18000030517578,84.0999984741211,76.47000122070312,81.33999633789062,4690200
ES,2020-03-17,68.98591613769531,87.20999908447266,90.16000366210938,78.62999725341797,78.62999725341797,5763000
ES,2020-03-18,68.22650909423828,86.25,88.73999786376953,78.44000244140625,83.19999694824219,4556400
ES,2020-03-19,60.94902801513672,77.05000305175781,86.72000122070312,75.45999908447266,86.72000122070312,3691500
ES,2020-03-20,54.059120178222656,68.33999633789062,77.75,67.41999816894531,77.51000213623047,4340500
ES,2020-03-23,49.225929260253906,62.22999954223633,67.88999938964844,60.689998626708984,67.69000244140625,3432000
ES,2020-03-24,56.511329650878906,71.44000244140625,72.45999908447266,61.959999084472656,64.69999694824219,2697800
ES,2020-03-25,56.875205993652344,71.9000015258789,74.55000305175781,68.01000213623047,70.23999786376953,2181000
ES,2020-03-26,62.2858772277832,78.73999786376953,79.4800033569336,71.5,71.98999786376953,2771100
ES,2020-03-27,64.04197692871094,80.95999908447266,83.62999725341797,75.41999816894531,76.43000030517578,1749800
ES,2020-03-30,66.1698226928711,83.6500015258789,84.0,79.66000366210938,82.63999938964844,2672600
ES,2020-03-31,61.86661148071289,78.20999908447266,82.73999786376953,78.04000091552734,82.55000305175781,2981600
ES,2020-04-01,60.110538482666016,75.98999786376953,77.18000030517578,75.0,75.5,2425700
ES,2020-04-02,62.7209358215332,79.29000091552734,79.88999938964844,74.52999877929688,74.52999877929688,3084200
ES,2020-04-03,59.37487030029297,75.05999755859375,79.08999633789062,74.4000015258789,78.19999694824219,2394000
ES,2020-04-06,64.93580627441406,82.08999633789062,82.87999725341797,77.12999725341797,78.01000213623047,1736800
ES,2020-04-07,63.1085319519043,79.77999877929688,83.98999786376953,79.44999694824219,83.25,2830600
ES,2020-04-08,65.93252563476562,83.3499984741211,84.02999877929688,78.88999938964844,80.23999786376953,2055600
ES,2020-04-09,71.27198791503906,90.0999984741211,91.0,84.13999938964844,84.44999694824219,2348700
ES,2020-04-13,68.59830474853516,86.72000122070312,89.80000305175781,85.4800033569336,88.7300033569336,2258500
ES,2020-04-14,72.3003158569336,91.4000015258789,91.7300033569336,88.55999755859375,88.9000015258789,2359700
ES,2020-04-15,70.33856201171875,88.91999816894531,90.83999633789062,87.41999816894531,89.80999755859375,1767100
ES,2020-04-16,71.02677917480469,89.79000091552734,90.30999755859375,88.80000305175781,89.44000244140625,1771400
ES,2020-04-17,72.42688751220703,91.55999755859375,92.13999938964844,89.16000366210938,91.48999786376953,1586600
ES,2020-04-20,69.42888641357422,87.7699966430664,93.5,87.52999877929688,92.0199966430664,1996300
ES,2020-04-21,68.9780044555664,87.19999694824219,88.43000030517578,86.16999816894531,86.5199966430664,1764000
ES,2020-04-22,69.61872863769531,88.01000213623047,89.08000183105469,87.47000122070312,88.5,1434300
ES,2020-04-23,68.47172546386719,86.55999755859375,88.4800033569336,85.13999938964844,87.83000183105469,1434300
ES,2020-04-24,68.47964477539062,86.56999969482422,87.18000030517578,84.7699966430664,86.72000122070312,1571700
ES,2020-04-27,67.6885986328125,85.56999969482422,87.37999725341797,85.33999633789062,87.01000213623047,1770500
ES,2020-04-28,68.2027816772461,86.22000122070312,87.66999816894531,85.72000122070312,86.30999755859375,1427600
ES,2020-04-29,65.94834899902344,83.37000274658203,87.1500015258789,82.97000122070312,87.1500015258789,2346700
ES,2020-04-30,63.83626937866211,80.69999694824219,83.08999633789062,80.22000122070312,82.83000183105469,3111700
ES,2020-05-01,63.17973327636719,79.87000274658203,80.83999633789062,79.33000183105469,80.22000122070312,1543000
ES,2020-05-04,63.91538619995117,80.80000305175781,81.27999877929688,79.37999725341797,80.30999755859375,1255900
ES,2020-05-05,64.06568145751953,80.98999786376953,82.55000305175781,80.76000213623047,80.7699966430664,1849700
ES,2020-05-06,60.324100494384766,76.26000213623047,81.38999938964844,76.16999816894531,80.93000030517578,1907700
ES,2020-05-07,61.41571807861328,77.63999938964844,81.33000183105469,77.12000274658203,78.91999816894531,1849600
ES,2020-05-08,61.534385681152344,77.79000091552734,79.0,77.12000274658203,77.63999938964844,1430000
ES,2020-05-11,60.9252815246582,77.0199966430664,77.81999969482422,76.05999755859375,77.55999755859375,1416500
ES,2020-05-12,59.857398986816406,75.66999816894531,78.9800033569336,75.30000305175781,78.47000122070312,2278900
ES,2020-05-13,60.62470245361328,76.63999938964844,76.95999908447266,74.87999725341797,75.06999969482422,1711400
ES,2020-05-14,61.12303924560547,77.2699966430664,77.44999694824219,73.61000061035156,76.06999969482422,1788700
ES,2020-05-15,60.426937103271484,76.38999938964844,76.77999877929688,74.36000061035156,76.0,4749300
ES,2020-05-18,63.124359130859375,79.80000305175781,80.33000183105469,77.93000030517578,78.80000305175781,1579600
ES,2020-05-19,62.3260612487793,78.2300033569336,79.33000183105469,77.9800033569336,78.81999969482422,1466700
ES,2020-05-20,63.258201599121094,79.4000015258789,80.16999816894531,78.30999755859375,78.91000366210938,1360700
ES,2020-05-21,62.79612350463867,78.81999969482422,79.43000030517578,78.30000305175781,79.11000061035156,1655200
ES,2020-05-22,62.50930404663086,78.45999908447266,79.75,77.94999694824219,78.80000305175781,1053500
ES,2020-05-26,62.15079879760742,78.01000213623047,79.83000183105469,77.76000213623047,79.79000091552734,1393000
ES,2020-05-27,61.72057342529297,77.47000122070312,79.05999755859375,75.91000366210938,79.05999755859375,1889400
ES,2020-05-28,64.44529724121094,80.88999938964844,81.13999938964844,78.13999938964844,78.69000244140625,1882800
ES,2020-05-29,66.68402099609375,83.69999694824219,84.19000244140625,80.56999969482422,80.56999969482422,3700600
ES,2020-06-01,68.18182373046875,85.58000183105469,86.18000030517578,83.19999694824219,83.7699966430664,1931900
ES,2020-06-02,68.33321380615234,85.7699966430664,86.45999908447266,84.61000061035156,86.13999938964844,1813900
ES,2020-06-03,69.2493896484375,86.91999816894531,88.2699966430664,86.01000213623047,86.36000061035156,1571600
ES,2020-06-04,68.14200592041016,85.52999877929688,86.73999786376953,84.31999969482422,86.2699966430664,1203800
ES,2020-06-05,68.93073272705078,86.5199966430664,87.7300033569336,85.33999633789062,86.12999725341797,1669500
ES,2020-06-08,69.91864013671875,87.76000213623047,87.9800033569336,85.52999877929688,86.41000366210938,1456200
ES,2020-06-09,67.93484497070312,85.2699966430664,87.18000030517578,84.56999969482422,87.18000030517578,1407300
ES,2020-06-10,68.72359466552734,86.26000213623047,86.91999816894531,85.4000015258789,85.45999908447266,1428600
ES,2020-06-11,67.20187377929688,84.3499984741211,86.18000030517578,83.1500015258789,86.0,2812000
ES,2020-06-12,67.17001342773438,84.30999755859375,86.16999816894531,83.19000244140625,85.55000305175781,2108300
ES,2020-06-15,67.13018798828125,84.26000213623047,85.54000091552734,82.29000091552734,83.0,1895400
ES,2020-06-16,67.06643676757812,84.18000030517578,86.7300033569336,83.95999908447266,86.01000213623047,1771400
ES,2020-06-17,67.74363708496094,85.02999877929688,85.5999984741211,83.52999877929688,84.66000366210938,1279700
ES,2020-06-18,67.49664306640625,84.72000122070312,85.25,83.66000366210938,84.55000305175781,1240200
ES,2020-06-19,66.03870391845703,82.88999938964844,85.8499984741211,82.69999694824219,85.8499984741211,5681600
ES,2020-06-22,67.06643676757812,84.18000030517578,84.97000122070312,82.37000274658203,82.87999725341797,1554800
ES,2020-06-23,66.43705749511719,83.38999938964844,85.37999725341797,83.1500015258789,84.87999725341797,2293400
ES,2020-06-24,65.66425323486328,82.41999816894531,82.87999725341797,81.66000366210938,82.7300033569336,1664500
ES,2020-06-25,65.616455078125,82.36000061035156,82.79000091552734,81.16000366210938,82.55999755859375,1420500
ES,2020-06-26,65.21012878417969,81.8499984741211,83.5,81.20999908447266,82.04000091552734,2895300
ES,2020-06-29,66.19802856445312,83.08999633789062,83.12000274658203,81.66999816894531,82.62000274658203,1135600
ES,2020-06-30,66.34143829345703,83.2699966430664,83.75,82.11000061035156,82.87999725341797,1902300
ES,2020-07-01,67.80738830566406,85.11000061035156,85.47000122070312,83.16000366210938,83.22000122070312,1528000
ES,2020-07-02,67.45681762695312,84.66999816894531,85.93000030517578,84.41999816894531,85.61000061035156,1192400
ES,2020-07-06,66.8115005493164,83.86000061035156,86.2699966430664,83.2699966430664,85.70999908447266,1534700
ES,2020-07-07,67.1859359741211,84.33000183105469,84.62999725341797,82.41999816894531,83.16999816894531,1351300
ES,2020-07-08,67.8312759399414,85.13999938964844,85.44999694824219,83.5999984741211,84.08999633789062,1270900
ES,2020-07-09,67.37714385986328,84.56999969482422,84.94999694824219,83.05000305175781,84.41000366210938,1174300
ES,2020-07-10,68.07028198242188,85.44000244140625,85.70999908447266,84.05999755859375,84.56999969482422,724700
ES,2020-07-13,68.46864318847656,85.94000244140625,87.08000183105469,85.08999633789062,85.08999633789062,1721100
ES,2020-07-14,68.85106658935547,86.41999816894531,86.88999938964844,85.41000366210938,86.02999877929688,1566600
ES,2020-07-15,67.71974182128906,85.0,87.41000366210938,84.88999938964844,87.08999633789062,1696000
ES,2020-07-16,68.36506652832031,85.80999755859375,86.08000183105469,84.86000061035156,85.20999908447266,1391200
ES,2020-07-17,69.98236846923828,87.83999633789062,88.13999938964844,86.22000122070312,86.47000122070312,1617200
ES,2020-07-20,69.0024185180664,86.61000061035156,87.7300033569336,86.19999694824219,87.4000015258789,1471500
ES,2020-07-21,69.4485855102539,87.16999816894531,88.58000183105469,85.25,85.75,1673700
ES,2020-07-22,71.40847778320312,89.62999725341797,89.98999786376953,86.30999755859375,86.81999969482422,1343600
ES,2020-07-23,71.7271728515625,90.02999877929688,90.69999694824219,89.27999877929688,89.3499984741211,1045800
ES,2020-07-24,71.28897857666016,89.4800033569336,91.08999633789062,88.7699966430664,90.01000213623047,910300
ES,2020-07-27,70.66753387451172,88.69999694824219,89.6500015258789,87.80000305175781,89.4800033569336,1014500
ES,2020-07-28,71.8147964477539,90.13999938964844,91.12999725341797,88.55999755859375,88.55999755859375,1297400
ES,2020-07-29,72.0936279296875,90.48999786376953,91.37999725341797,89.98999786376953,90.55999755859375,1028100
ES,2020-07-30,72.16535949707031,90.58000183105469,90.77999877929688,89.3499984741211,89.68000030517578,1114600
ES,2020-07-31,71.7590103149414,90.06999969482422,91.95999908447266,88.41000366210938,90.37999725341797,2588700
ES,2020-08-03,71.29696655273438,89.48999786376953,90.06999969482422,88.5999984741211,89.69000244140625,1019000
ES,2020-08-04,71.91838073730469,90.2699966430664,90.91000366210938,89.47000122070312,89.5199966430664,1120800
ES,2020-08-05,70.25325012207031,88.18000030517578,90.6500015258789,87.88999938964844,90.36000061035156,953900
ES,2020-08-06,70.18952941894531,88.0999984741211,88.51000213623047,87.08000183105469,87.94999694824219,1320800
ES,2020-08-07,70.9224853515625,89.0199966430664,89.80000305175781,87.80000305175781,87.94999694824219,1524500
ES,2020-08-10,70.54802703857422,88.55000305175781,89.47000122070312,88.1500015258789,89.31999969482422,1275300
ES,2020-08-11,68.588134765625,86.08999633789062,88.69000244140625,85.9000015258789,88.4800033569336,1323900
ES,2020-08-12,70.03815460205078,87.91000366210938,88.3499984741211,86.4000015258789,86.58000183105469,1255500
ES,2020-08-13,70.04611206054688,87.91999816894531,88.30999755859375,87.1500015258789,87.47000122070312,777900
ES,2020-08-14,69.4326400756836,87.1500015258789,88.06999969482422,86.7699966430664,87.66000366210938,617200
ES,2020-08-17,69.67962646484375,87.45999908447266,88.5,86.6500015258789,86.94000244140625,992600
ES,2020-08-18,69.26533508300781,86.94000244140625,87.9000015258789,86.33999633789062,87.45999908447266,936800
ES,2020-08-19,68.68376159667969,86.20999908447266,87.23999786376953,85.73999786376953,87.23999786376953,1060400
ES,2020-08-20,68.25355529785156,85.66999816894531,86.61000061035156,85.37000274658203,85.91000366210938,772300
ES,2020-08-21,68.94664764404297,86.54000091552734,86.69999694824219,84.87999725341797,85.98999786376953,963800
ES,2020-08-24,68.42083740234375,85.87999725341797,86.44999694824219,84.4000015258789,85.79000091552734,1503400
ES,2020-08-25,67.66398620605469,84.93000030517578,86.30999755859375,84.73999786376953,86.2699966430664,1067500
ES,2020-08-26,66.9310073852539,84.01000213623047,84.63999938964844,83.04000091552734,84.54000091552734,1185200
ES,2020-08-27,67.14611053466797,84.27999877929688,84.81999969482422,83.19000244140625,84.41000366210938,1202600
ES,2020-08-28,67.53649139404297,84.7699966430664,85.0199966430664,83.23999786376953,84.37000274658203,1136500
ES,2020-08-31,68.28539276123047,85.70999908447266,85.86000061035156,84.52999877929688,84.58999633789062,2385200
ES,2020-09-01,66.65216064453125,83.66000366210938,85.36000061035156,83.43000030517578,85.0999984741211,1429800
ES,2020-09-02,68.89091491699219,86.47000122070312,86.76000213623047,83.18000030517578,83.76000213623047,1155600
ES,2020-09-03,68.58019256591797,86.08000183105469,87.66000366210938,85.23999786376953,86.62999725341797,1197300
ES,2020-09-04,68.58019256591797,86.08000183105469,86.51000213623047,84.54000091552734,85.94000244140625,1097000
ES,2020-09-08,67.92687225341797,85.26000213623047,86.37000274658203,84.87000274658203,86.16999816894531,1256800
ES,2020-09-09,68.34913635253906,85.79000091552734,87.95999908447266,85.5999984741211,85.8499984741211,1144400
ES,2020-09-10,66.397216796875,83.33999633789062,85.61000061035156,83.29000091552734,85.54000091552734,1343700
ES,2020-09-11,65.45710754394531,82.16000366210938,83.6500015258789,81.5199966430664,83.62999725341797,2086300
ES,2020-09-14,66.05461883544922,82.91000366210938,83.48999786376953,81.68000030517578,82.55000305175781,2033900
ES,2020-09-15,66.89913940429688,83.97000122070312,85.16000366210938,83.2300033569336,83.2300033569336,1433500
ES,2020-09-16,66.86544036865234,83.36000061035156,84.45999908447266,83.30999755859375,83.5999984741211,1252000
ES,2020-09-17,65.71841430664062,81.93000030517578,82.77999877929688,81.4000015258789,82.70999908447266,1351700
ES,2020-09-18,63.255855560302734,78.86000061035156,81.83000183105469,78.66000366210938,81.62999725341797,3739000
ES,2020-09-21,62.582069396972656,78.0199966430664,78.77999877929688,77.0,78.11000061035156,1403700
ES,2020-09-22,63.35213088989258,78.9800033569336,79.55999755859375,77.7699966430664,77.83999633789062,1464000
ES,2020-09-23,62.798648834228516,78.29000091552734,79.36000061035156,78.16000366210938,78.93000030517578,1258300
ES,2020-09-24,64.13019561767578,79.94999694824219,80.23999786376953,78.19999694824219,78.33000183105469,1473100
ES,2020-09-25,66.15958404541016,82.4800033569336,82.56999969482422,79.62000274658203,79.87999725341797,1991100
ES,2020-09-28,66.29595184326172,82.6500015258789,83.73999786376953,81.91999816894531,83.0,1293200
ES,2020-09-29,66.5846939086914,83.01000213623047,83.66999816894531,82.61000061035156,82.94000244140625,778700
ES,2020-09-30,67.01786041259766,83.55000305175781,84.16999816894531,82.63999938964844,83.48999786376953,1561300
ES,2020-10-01,68.54190063476562,85.44999694824219,85.4800033569336,83.5999984741211,83.83999633789062,1644900
ES,2020-10-02,69.82530975341797,87.05000305175781,87.62999725341797,84.63999938964844,84.93000030517578,1717300
ES,2020-10-05,71.78251647949219,89.48999786376953,89.55999755859375,86.83000183105469,87.41999816894531,1842900
ES,2020-10-06,72.81724548339844,90.77999877929688,91.37000274658203,88.73999786376953,89.48999786376953,1687000
ES,2020-10-07,73.31455993652344,91.4000015258789,91.79000091552734,90.26000213623047,91.37000274658203,1264900
ES,2020-10-08,74.1407470703125,92.43000030517578,92.94999694824219,91.23999786376953,91.54000091552734,1161300
ES,2020-10-09,73.94822692871094,92.19000244140625,92.98999786376953,91.4800033569336,92.75,1271100
ES,2020-10-12,74.64610290527344,93.05999755859375,93.80000305175781,92.16999816894531,92.16999816894531,906300
ES,2020-10-13,74.32524108886719,92.66000366210938,92.91999816894531,91.18000030517578,91.9000015258789,1016500
ES,2020-10-14,73.65946960449219,91.83000183105469,92.69999694824219,91.23999786376953,91.98999786376953,1069700
ES,2020-10-15,73.00975036621094,91.0199966430664,91.87999725341797,90.4000015258789,91.31999969482422,1399800
ES,2020-10-16,73.33060455322266,91.41999816894531,92.18000030517578,90.45999908447266,91.0199966430664,1821300
ES,2020-10-19,73.0578842163086,91.08000183105469,92.41000366210938,90.80999755859375,91.9000015258789,1048500
ES,2020-10-20,73.98832702636719,92.23999786376953,92.9800033569336,91.20999908447266,91.5999984741211,1157400
ES,2020-10-21,73.8600082397461,92.08000183105469,92.91999816894531,91.62999725341797,92.01000213623047,856000
ES,2020-10-22,74.5337905883789,92.91999816894531,93.20999908447266,91.7699966430664,92.33000183105469,1043700
ES,2020-10-23,73.77178192138672,91.97000122070312,93.36000061035156,91.6500015258789,93.27999877929688,1217400
ES,2020-10-26,73.57927703857422,91.7300033569336,91.97000122070312,90.44999694824219,91.36000061035156,1677300
ES,2020-10-27,73.69957733154297,91.87999725341797,92.76000213623047,91.05000305175781,92.2300033569336,1778400
ES,2020-10-28,71.3172607421875,88.91000366210938,91.68000030517578,88.68000030517578,90.86000061035156,1347800
ES,2020-10-29,70.956298828125,88.45999908447266,89.5999984741211,87.12999725341797,88.3499984741211,1614800
ES,2020-10-30,70.00177764892578,87.2699966430664,88.8499984741211,86.41000366210938,88.19999694824219,1437700
ES,2020-11-02,72.66483306884766,90.58999633789062,90.66999816894531,87.68000030517578,88.08000183105469,1343100
ES,2020-11-03,73.7798080444336,91.9800033569336,92.66000366210938,90.9000015258789,91.31999969482422,1389500
ES,2020-11-04,73.22633361816406,91.29000091552734,93.05000305175781,90.98999786376953,92.9000015258789,1389900
ES,2020-11-05,73.95626068115234,92.19999694824219,93.56999969482422,91.76000213623047,91.76000213623047,1188600
ES,2020-11-06,74.42149353027344,92.77999877929688,94.08999633789062,91.62999725341797,92.37999725341797,1166500
ES,2020-11-09,75.02310180664062,93.52999877929688,96.66000366210938,93.41000366210938,95.0,1757800
ES,2020-11-10,75.12737274169922,93.66000366210938,94.44000244140625,92.80000305175781,94.19000244140625,1739800
ES,2020-11-11,75.73699951171875,94.41999816894531,95.01000213623047,93.4000015258789,94.08000183105469,1140100
ES,2020-11-12,74.04450225830078,92.30999755859375,94.44000244140625,91.70999908447266,94.16000366210938,1036900
ES,2020-11-13,74.8305892944336,93.29000091552734,93.95999908447266,92.47000122070312,92.86000061035156,854200
ES,2020-11-16,75.74501037597656,94.43000030517578,94.54000091552734,92.44999694824219,94.20999908447266,1002800
ES,2020-11-17,73.59529113769531,91.75,94.23999786376953,91.38999938964844,94.0199966430664,961100
ES,2020-11-18,71.99104309082031,89.75,92.36000061035156,89.58999633789062,92.3499984741211,1059100
ES,2020-11-19,70.73974609375,88.19000244140625,89.83000183105469,87.3499984741211,89.51000213623047,1765700
ES,2020-11-20,71.0926513671875,88.62999725341797,89.41000366210938,87.81999969482422,88.16999816894531,1395200
ES,2020-11-23,70.41887664794922,87.79000091552734,89.11000061035156,87.4800033569336,88.83999633789062,931000
ES,2020-11-24,70.1622085571289,87.47000122070312,88.76000213623047,86.91000366210938,88.55999755859375,1375400
ES,2020-11-25,70.9322509765625,88.43000030517578,88.48999786376953,86.4000015258789,87.75,1620200
ES,2020-11-27,70.53117370605469,87.93000030517578,88.68000030517578,86.94000244140625,88.5,633500
ES,2020-11-30,70.19429779052734,87.51000213623047,88.4000015258789,86.54000091552734,87.86000061035156,2331300
ES,2020-12-01,70.76377868652344,88.22000122070312,89.16000366210938,87.55000305175781,87.91999816894531,1777000
ES,2020-12-02,70.70762634277344,88.1500015258789,88.33000183105469,87.0999984741211,87.94999694824219,1415100
ES,2020-12-03,69.6328125,86.80999755859375,88.0999984741211,86.45999908447266,87.86000061035156,997000
ES,2020-12-04,68.61410522460938,85.54000091552734,87.12999725341797,84.69999694824219,86.51000213623047,1743400
ES,2020-12-07,69.57665252685547,86.73999786376953,87.12999725341797,85.01000213623047,85.19000244140625,1464600
ES,2020-12-08,69.2878646850586,86.37999725341797,86.87000274658203,85.55999755859375,86.0999984741211,850100
ES,2020-12-09,68.99910736083984,86.0199966430664,86.55999755859375,85.31999969482422,86.37999725341797,945500
ES,2020-12-10,68.73440551757812,85.69000244140625,86.83999633789062,85.0999984741211,86.19000244140625,1432400
ES,2020-12-11,68.81462097167969,85.79000091552734,86.12999725341797,85.02999877929688,85.51000213623047,1221600
ES,2020-12-14,68.5499267578125,85.45999908447266,87.61000061035156,85.38999938964844,86.4800033569336,1285400
ES,2020-12-15,69.4884033203125,86.62999725341797,87.08999633789062,85.19999694824219,85.69000244140625,1292800
ES,2020-12-16,68.54190063476562,85.44999694824219,87.79000091552734,85.30000305175781,87.02999877929688,1872200
ES,2020-12-17,68.80659484863281,85.77999877929688,86.62999725341797,85.4800033569336,86.01000213623047,1824700
ES,2020-12-18,67.94830322265625,84.70999908447266,86.45999908447266,84.0999984741211,85.3499984741211,3406200
ES,2020-12-21,67.59947204589844,83.70999908447266,83.87999725341797,82.16999816894531,83.37000274658203,1898100
ES,2020-12-22,67.48640441894531,83.56999969482422,84.20999908447266,83.18000030517578,83.91999816894531,1905700
ES,2020-12-23,66.96150970458984,82.91999816894531,84.4000015258789,82.9000015258789,84.16999816894531,1609600
ES,2020-12-24,67.95478820800781,84.1500015258789,84.1500015258789,82.81999969482422,83.19000244140625,697700
ES,2020-12-28,68.67350769042969,85.04000091552734,85.0999984741211,84.29000091552734,84.66000366210938,1255500
ES,2020-12-29,68.79463195800781,85.19000244140625,85.93000030517578,84.94000244140625,85.5199966430664,1221500
ES,2020-12-30,68.90766906738281,85.33000183105469,85.83000183105469,84.80000305175781,84.80000305175781,838700
ES,2020-12-31,69.86061096191406,86.51000213623047,86.61000061035156,84.98999786376953,85.4800033569336,1117000
ES,2021-01-04,68.24549865722656,84.51000213623047,86.93000030517578,83.94999694824219,86.66000366210938,1744300
ES,2021-01-05,68.73810577392578,85.12000274658203,85.27999877929688,84.2300033569336,84.30999755859375,2209200
ES,2021-01-06,71.97634887695312,89.12999725341797,89.76000213623047,85.20999908447266,85.36000061035156,2920400
ES,2021-01-07,71.50796508789062,88.55000305175781,89.45999908447266,88.0999984741211,89.08000183105469,1757600
ES,2021-01-08,72.94540405273438,90.33000183105469,90.45999908447266,88.41999816894531,88.52999877929688,1621400
ES,2021-01-11,72.04094696044922,89.20999908447266,90.33000183105469,88.75,89.66000366210938,1401500
ES,2021-01-12,72.26708221435547,89.48999786376953,90.0,88.4000015258789,89.06999969482422,1197600
ES,2021-01-13,72.80812072753906,90.16000366210938,92.20999908447266,89.22000122070312,89.69999694824219,2092000
ES,2021-01-14,72.33168029785156,89.56999969482422,90.69000244140625,87.0999984741211,90.12999725341797,2001600
ES,2021-01-15,71.52412414550781,88.56999969482422,90.13999938964844,87.88999938964844,89.16000366210938,2065100
ES,2021-01-19,70.36934661865234,87.13999938964844,89.19000244140625,87.0199966430664,89.0,1739500
ES,2021-01-20,70.7569580078125,87.62000274658203,87.86000061035156,86.08000183105469,86.52999877929688,1577700
ES,2021-01-21,70.36125946044922,87.12999725341797,87.52999877929688,86.5,87.23999786376953,1086600
ES,2021-01-22,70.58737182617188,87.41000366210938,88.01000213623047,86.12000274658203,86.55000305175781,1221000
ES,2021-01-25,72.91310119628906,90.29000091552734,90.30000305175781,87.0,87.0999984741211,1546300
ES,2021-01-26,72.5900650024414,89.88999938964844,90.45999908447266,88.83999633789062,90.01000213623047,1079500
ES,2021-01-27,71.4918212890625,88.52999877929688,90.93000030517578,88.33000183105469,89.12000274658203,1981200
ES,2021-01-28,71.98441314697266,89.13999938964844,91.2300033569336,88.55000305175781,88.72000122070312,1464800
ES,2021-01-29,70.6600570678711,87.5,89.23999786376953,87.27999877929688,88.58999633789062,2211800
ES,2021-02-01,70.90231323242188,87.80000305175781,88.69999694824219,87.05000305175781,88.04000091552734,897100
ES,2021-02-02,71.24955749511719,88.2300033569336,89.18000030517578,87.22000122070312,88.05000305175781,1035100
ES,2021-02-03,71.06383514404297,88.0,88.47000122070312,87.44000244140625,87.98999786376953,770700
ES,2021-02-04,71.28992462158203,88.27999877929688,88.80999755859375,87.04000091552734,87.8499984741211,942800
ES,2021-02-05,70.90231323242188,87.80000305175781,89.04000091552734,87.7300033569336,88.41000366210938,1131500
ES,2021-02-08,69.05303192138672,85.51000213623047,87.81999969482422,85.22000122070312,87.81999969482422,2119200
ES,2021-02-09,69.23876190185547,85.73999786376953,86.16000366210938,84.25,85.83999633789062,1084800
ES,2021-02-10,70.47432708740234,87.2699966430664,87.55000305175781,85.76000213623047,86.68000030517578,1508700
ES,2021-02-11,69.63447570800781,86.2300033569336,87.47000122070312,86.02999877929688,87.02999877929688,942600
ES,2021-02-12,68.77848815917969,85.16999816894531,86.12999725341797,84.80999755859375,86.0,1019000
ES,2021-02-16,67.74482727050781,83.88999938964844,85.44000244140625,83.44999694824219,85.44000244140625,1251600
ES,2021-02-17,66.49311828613281,82.33999633789062,84.58000183105469,81.44999694824219,83.9800033569336,1684200
ES,2021-02-18,66.6627197265625,82.55000305175781,82.81999969482422,81.0,81.62000274658203,1488800
ES,2021-02-19,65.78248596191406,81.45999908447266,82.5999984741211,81.12000274658203,82.55000305175781,1490300
ES,2021-02-22,63.513275146484375,78.6500015258789,81.69000244140625,77.73999786376953,81.69000244140625,2367500
ES,2021-02-23,64.75690460205078,80.19000244140625,80.75,78.76000213623047,79.16999816894531,1752100
ES,2021-02-24,64.69229888916016,80.11000061035156,80.75,79.08000183105469,80.12999725341797,1655500
ES,2021-02-25,65.0556869506836,80.55999755859375,80.8499984741211,79.88999938964844,79.97000122070312,1462300
ES,2021-02-26,64.1835708618164,79.4800033569336,82.44000244140625,79.43000030517578,80.97000122070312,2347500
ES,2021-03-01,65.19297790527344,80.7300033569336,81.47000122070312,80.0,80.04000091552734,1300900
ES,2021-03-02,65.18489837646484,80.72000122070312,81.13999938964844,79.5199966430664,80.69999694824219,1456200
ES,2021-03-03,63.28347396850586,77.77999877929688,80.26000213623047,76.63999938964844,79.61000061035156,1751700
ES,2021-03-04,62.86852264404297,77.2699966430664,79.37000274658203,77.02999877929688,77.91999816894531,1765100
ES,2021-03-05,65.62669372558594,80.66000366210938,81.08000183105469,77.08999633789062,77.48999786376953,2149500
ES,2021-03-08,65.59416198730469,80.62000274658203,81.80999755859375,79.3499984741211,80.5,1182600
ES,2021-03-09,66.44033813476562,81.66000366210938,82.01000213623047,80.91999816894531,81.16999816894531,1108800
ES,2021-03-10,66.46473693847656,81.69000244140625,82.4800033569336,81.02999877929688,81.52999877929688,1163100
ES,2021-03-11,65.76502990722656,80.83000183105469,82.27999877929688,80.69999694824219,81.29000091552734,1457900
ES,2021-03-12,66.7983169555664,82.0999984741211,82.22000122070312,80.9800033569336,81.56999969482422,1177700
ES,2021-03-15,67.32716369628906,82.75,83.25,81.95999908447266,82.19000244140625,1395300
ES,2021-03-16,67.30276489257812,82.72000122070312,83.01000213623047,82.22000122070312,82.5999984741211,955400
ES,2021-03-17,66.66815185546875,81.94000244140625,83.05000305175781,81.83999633789062,82.77999877929688,996800
ES,2021-03-18,66.20436096191406,81.37000274658203,82.04000091552734,80.9000015258789,81.80000305175781,1671800
ES,2021-03-19,66.83085632324219,82.13999938964844,83.08000183105469,80.61000061035156,81.66000366210938,4682900
ES,2021-03-22,66.92036437988281,82.25,82.68000030517578,81.04000091552734,82.06999969482422,1644400
ES,2021-03-23,68.72660827636719,84.47000122070312,84.63999938964844,81.91000366210938,82.5199966430664,1653300
ES,2021-03-24,69.67040252685547,85.62999725341797,86.12999725341797,83.70999908447266,83.88999938964844,2341400
ES,2021-03-25,69.99583435058594,86.02999877929688,87.16999816894531,85.5,86.12000274658203,1318800
ES,2021-03-26,69.80058288574219,85.79000091552734,86.0,84.55000305175781,85.55999755859375,1386900
ES,2021-03-29,70.74436950683594,86.94999694824219,87.29000091552734,85.58999633789062,86.0199966430664,932800
ES,2021-03-30,70.20738983154297,86.29000091552734,87.0199966430664,85.37999725341797,86.29000091552734,1226300
ES,2021-03-31,70.45146942138672,86.58999633789062,86.83999633789062,85.81999969482422,86.1500015258789,1785600
ES,2021-04-01,70.35385131835938,86.47000122070312,86.66000366210938,85.79000091552734,86.58000183105469,846400
ES,2021-04-05,71.26510620117188,87.58999633789062,88.11000061035156,86.4800033569336,86.52999877929688,866800
ES,2021-04-06,71.33833312988281,87.68000030517578,87.95999908447266,86.55000305175781,87.11000061035156,693200
ES,2021-04-07,71.27322387695312,87.5999984741211,88.2300033569336,87.08999633789062,87.80999755859375,912500
ES,2021-04-08,70.98033142089844,87.23999786376953,88.19000244140625,86.97000122070312,88.0,1337100
ES,2021-04-09,70.11788940429688,86.18000030517578,87.8499984741211,86.12999725341797,87.3499984741211,1132000
ES,2021-04-12,70.30502319335938,86.41000366210938,87.27999877929688,85.87000274658203,86.20999908447266,1251200
ES,2021-04-13,71.1430435180664,87.44000244140625,87.77999877929688,85.86000061035156,85.87000274658203,1623900
ES,2021-04-14,71.7288589477539,88.16000366210938,88.19999694824219,86.83000183105469,87.02999877929688,1044500
ES,2021-04-15,72.24144744873047,88.79000091552734,88.93000030517578,87.79000091552734,88.05999755859375,1624800
ES,2021-04-16,72.9737319946289,89.69000244140625,90.19000244140625,88.66999816894531,89.0,1221900
ES,2021-04-19,72.68891906738281,89.33999633789062,90.1500015258789,88.81999969482422,90.08000183105469,1198800
ES,2021-04-20,73.69782257080078,90.58000183105469,91.13999938964844,89.38999938964844,89.38999938964844,978500
ES,2021-04-21,72.84351348876953,89.52999877929688,91.19999694824219,89.30000305175781,90.36000061035156,1153400
ES,2021-04-22,71.77766418457031,88.22000122070312,89.38999938964844,88.08999633789062,89.31999969482422,1711400
ES,2021-04-23,71.73701477050781,88.16999816894531,88.69999694824219,87.81999969482422,88.4000015258789,1044800
ES,2021-04-26,71.41155242919922,87.7699966430664,88.19000244140625,87.2300033569336,88.12999725341797,846500
ES,2021-04-27,70.80132293701172,87.0199966430664,88.0199966430664,86.87999725341797,87.66000366210938,904000
ES,2021-04-28,69.5239486694336,85.44999694824219,87.37000274658203,85.20999908447266,87.16999816894531,1885900
ES,2021-04-29,69.23101806640625,85.08999633789062,85.6500015258789,83.44999694824219,85.18000030517578,2791600
ES,2021-04-30,70.15042877197266,86.22000122070312,86.2300033569336,85.26000213623047,85.80000305175781,2935100
ES,2021-05-03,70.31315612792969,86.41999816894531,87.44000244140625,85.80000305175781,86.26000213623047,1653500
ES,2021-05-04,70.069091796875,86.12000274658203,86.79000091552734,85.16000366210938,86.38999938964844,1103500
ES,2021-05-05,68.01061248779297,83.58999633789062,85.93000030517578,83.27999877929688,85.86000061035156,1242000
ES,2021-05-06,68.61268615722656,84.33000183105469,84.43000030517578,83.26000213623047,83.97000122070312,1378100
ES,2021-05-07,68.4011459350586,84.06999969482422,85.0,83.9000015258789,84.06999969482422,1302500
ES,2021-05-10,69.5239486694336,85.44999694824219,85.80000305175781,84.2300033569336,84.2300033569336,1766700
ES,2021-05-11,68.36045837402344,84.0199966430664,85.72000122070312,83.43000030517578,85.62999725341797,1582200
ES,2021-05-12,67.27021026611328,82.68000030517578,84.01000213623047,82.66000366210938,83.87000274658203,1610900
ES,2021-05-13,68.921875,84.70999908447266,85.29000091552734,82.83000183105469,82.98999786376953,1643100
ES,2021-05-14,69.25546264648438,85.12000274658203,86.33999633789062,85.0999984741211,85.0999984741211,1595400
ES,2021-05-17,68.39301300048828,84.05999755859375,85.76000213623047,83.95999908447266,85.19999694824219,1436000
ES,2021-05-18,68.56387329101562,84.2699966430664,84.70999908447266,83.6500015258789,83.94999694824219,1369500
ES,2021-05-19,68.22217559814453,83.25,83.56999969482422,82.43000030517578,83.45999908447266,1705700
ES,2021-05-20,68.64009094238281,83.76000213623047,84.52999877929688,83.41999816894531,83.41999816894531,1413900
ES,2021-05-21,68.91050720214844,84.08999633789062,84.75,83.55999755859375,84.0,3146500
ES,2021-05-24,68.26312255859375,83.30000305175781,84.5999984741211,83.25,84.33999633789062,1528200
ES,2021-05-25,67.46823120117188,82.33000183105469,83.56999969482422,81.91999816894531,83.31999969482422,1447100
ES,2021-05-26,66.78805541992188,81.5,82.33999633789062,81.27999877929688,82.13999938964844,1234400
ES,2021-05-27,66.50122833251953,81.1500015258789,81.68000030517578,81.04000091552734,81.58000183105469,1871900
ES,2021-05-28,66.53401947021484,81.19000244140625,81.87999725341797,80.98999786376953,81.37999725341797,1447000
ES,2021-06-01,65.48509216308594,79.91000366210938,81.48999786376953,79.79000091552734,81.30000305175781,1686000
ES,2021-06-02,66.16522979736328,80.73999786376953,81.23999786376953,79.80000305175781,79.87999725341797,1572900
ES,2021-06-03,67.36167907714844,82.19999694824219,82.48999786376953,80.2699966430664,80.66999816894531,2471000
ES,2021-06-04,67.23057556152344,82.04000091552734,82.66000366210938,81.8499984741211,82.44999694824219,1478200
ES,2021-06-07,67.28792572021484,82.11000061035156,82.33000183105469,81.79000091552734,82.33000183105469,891600
ES,2021-06-08,66.50122833251953,81.1500015258789,82.4000015258789,80.5,82.4000015258789,1380000
ES,2021-06-09,67.65670013427734,82.55999755859375,82.80999755859375,81.25,81.58000183105469,1930400
ES,2021-06-10,68.1156234741211,83.12000274658203,83.4000015258789,82.44999694824219,82.80000305175781,1536700
ES,2021-06-11,67.86157989501953,82.80999755859375,83.18000030517578,82.16999816894531,82.87000274658203,1583100
ES,2021-06-14,67.64852142333984,82.55000305175781,83.01000213623047,82.11000061035156,83.01000213623047,1307000
ES,2021-06-15,68.64828491210938,83.7699966430664,84.44999694824219,82.48999786376953,82.5999984741211,2171100
ES,2021-06-16,67.17322540283203,81.97000122070312,84.33999633789062,81.88999938964844,84.23999786376953,1652500
ES,2021-06-17,67.76324462890625,82.69000244140625,83.22000122070312,81.61000061035156,82.0,1601100
ES,2021-06-18,65.4932632446289,79.91999816894531,82.38999938964844,79.70999908447266,82.19000244140625,4128900
ES,2021-06-21,66.12427520751953,80.69000244140625,80.94000244140625,79.23999786376953,79.95999908447266,1968400
ES,2021-06-22,65.73910522460938,80.22000122070312,80.94000244140625,80.19999694824219,80.62999725341797,1406600
ES,2021-06-23,64.52628326416016,78.73999786376953,80.0999984741211,78.68000030517578,79.9000015258789,1310900
ES,2021-06-24,64.96879577636719,79.27999877929688,79.5,78.44000244140625,78.80000305175781,1240300
ES,2021-06-25,65.79647827148438,80.29000091552734,80.38999938964844,79.16000366210938,79.23999786376953,1427900
ES,2021-06-28,66.75526428222656,81.45999908447266,81.80999755859375,80.5,80.5,1490300
ES,2021-06-29,65.66536712646484,80.12999725341797,81.73999786376953,79.87999725341797,81.05000305175781,987900
ES,2021-06-30,65.75550079345703,80.23999786376953,80.80999755859375,79.8499984741211,80.19999694824219,1311000
ES,2021-07-01,65.444091796875,79.86000061035156,80.69000244140625,79.56999969482422,80.0,1840400
ES,2021-07-02,66.13245391845703,80.69999694824219,80.88999938964844,79.79000091552734,80.33999633789062,1071900
ES,2021-07-06,66.41108703613281,81.04000091552734,81.08000183105469,79.56999969482422,80.68000030517578,1130600
ES,2021-07-07,67.77140808105469,82.69999694824219,82.76000213623047,80.66000366210938,81.20999908447266,1441800
ES,2021-07-08,67.69766998291016,82.61000061035156,83.44000244140625,82.26000213623047,82.47000122070312,1779600
ES,2021-07-09,67.71406555175781,82.62999725341797,82.83999633789062,82.08000183105469,82.5999984741211,1343600
ES,2021-07-12,67.60753631591797,82.5,82.68000030517578,81.88999938964844,82.33000183105469,950400
ES,2021-07-13,67.95991516113281,82.93000030517578,83.43000030517578,82.2300033569336,82.37999725341797,2198500
ES,2021-07-14,68.86954498291016,84.04000091552734,84.45999908447266,82.36000061035156,82.7699966430664,1661200
ES,2021-07-15,70.56588745117188,86.11000061035156,86.36000061035156,83.88999938964844,83.94000244140625,2875900
ES,2021-07-16,71.5902328491211,87.36000061035156,87.66999816894531,86.11000061035156,86.36000061035156,2194000
ES,2021-07-19,70.66423034667969,86.2300033569336,88.19999694824219,85.33999633789062,87.26000213623047,2312600
ES,2021-07-20,70.42658233642578,85.94000244140625,87.79000091552734,85.41000366210938,86.54000091552734,1777400
ES,2021-07-21,68.65647888183594,83.77999877929688,85.7699966430664,83.3499984741211,85.62000274658203,2331000
ES,2021-07-22,69.50054168701172,84.80999755859375,85.05000305175781,83.75,83.98999786376953,1329500
ES,2021-07-23,70.65601348876953,86.22000122070312,86.26000213623047,84.73999786376953,84.93000030517578,834500
ES,2021-07-26,70.3282241821289,85.81999969482422,86.41000366210938,85.04000091552734,85.98999786376953,1145000
ES,2021-07-27,71.7868881225586,87.5999984741211,87.80999755859375,85.3499984741211,86.02999877929688,1339400
ES,2021-07-28,70.7871322631836,86.37999725341797,87.87999725341797,85.75,87.27999877929688,1465600
ES,2021-07-29,70.79532623291016,86.38999938964844,86.69000244140625,85.61000061035156,86.58999633789062,1456100
ES,2021-07-30,70.69700622558594,86.2699966430664,88.11000061035156,85.9800033569336,86.86000061035156,2082900
ES,2021-08-02,71.54104614257812,87.30000305175781,87.3499984741211,85.94000244140625,86.27999877929688,1267400
ES,2021-08-03,71.95082092285156,87.80000305175781,88.95999908447266,86.94000244140625,87.2300033569336,1671400
ES,2021-08-04,72.2540283203125,88.16999816894531,88.22000122070312,86.70999908447266,87.30999755859375,1209600
ES,2021-08-05,72.95877075195312,89.02999877929688,89.1500015258789,87.88999938964844,88.4800033569336,1045200
ES,2021-08-06,72.90141296386719,88.95999908447266,89.86000061035156,88.5199966430664,88.97000122070312,1072200
ES,2021-08-09,72.89320373535156,88.94999694824219,89.41000366210938,88.33000183105469,89.2699966430664,872900
ES,2021-08-10,72.8686294555664,88.91999816894531,89.26000213623047,88.38999938964844,89.05999755859375,863200
ES,2021-08-11,73.6881103515625,89.91999816894531,89.9800033569336,88.97000122070312,89.25,1061700
ES,2021-08-12,73.4258804321289,89.5999984741211,90.41999816894531,89.55999755859375,89.93000030517578,1197800
ES,2021-08-13,74.1142578125,90.44000244140625,90.45999908447266,89.58000183105469,89.79000091552734,1401400
ES,2021-08-16,74.41744232177734,90.80999755859375,91.48999786376953,90.47000122070312,90.5999984741211,1272900
ES,2021-08-17,74.44204711914062,90.83999633789062,90.87999725341797,89.79000091552734,90.58999633789062,1348500
ES,2021-08-18,73.9339599609375,90.22000122070312,91.05999755859375,89.69999694824219,90.98999786376953,1151400
ES,2021-08-19,74.72066497802734,91.18000030517578,91.83000183105469,90.12000274658203,90.29000091552734,1567300
ES,2021-08-20,75.48278045654297,92.11000061035156,92.66000366210938,90.55999755859375,91.08999633789062,2316000
ES,2021-08-23,74.6715316772461,91.12000274658203,92.0999984741211,90.79000091552734,91.77999877929688,1656200
ES,2021-08-24,74.4748306274414,90.87999725341797,91.25,89.75,90.93000030517578,1213900
ES,2021-08-25,74.04049682617188,90.3499984741211,90.7699966430664,90.11000061035156,90.62999725341797,1516800
ES,2021-08-26,73.99132537841797,90.29000091552734,90.63999938964844,89.9800033569336,90.20999908447266,1646200
ES,2021-08-27,73.90119171142578,90.18000030517578,90.51000213623047,89.9000015258789,90.44999694824219,1119200
ES,2021-08-30,74.61412811279297,91.05000305175781,91.1500015258789,90.04000091552734,90.05000305175781,683000
ES,2021-08-31,74.35189819335938,90.7300033569336,91.31999969482422,90.30000305175781,91.05000305175781,1662900
ES,2021-09-01,75.11402130126953,91.66000366210938,92.05999755859375,90.8499984741211,90.97000122070312,1542800
ES,2021-09-02,75.90072631835938,92.62000274658203,92.6500015258789,91.69999694824219,91.7699966430664,943900
ES,2021-09-03,75.38444519042969,91.98999786376953,92.5999984741211,91.6500015258789,92.36000061035156,926800
ES,2021-09-07,73.53241729736328,89.7300033569336,91.87999725341797,89.72000122070312,91.87999725341797,1463000
ES,2021-09-08,75.3025131225586,91.88999938964844,92.61000061035156,89.38999938964844,89.80999755859375,2738700
ES,2021-09-09,73.59796905517578,89.80999755859375,90.6500015258789,88.88999938964844,90.05000305175781,2580700
ES,2021-09-10,72.38513946533203,88.33000183105469,90.01000213623047,88.20999908447266,89.75,1534700
ES,2021-09-13,72.40153503417969,88.3499984741211,89.4800033569336,87.87999725341797,89.04000091552734,1550500
ES,2021-09-14,71.27063751220703,86.97000122070312,88.87999725341797,86.41999816894531,88.68000030517578,2134400
ES,2021-09-15,70.39838409423828,85.30999755859375,86.29000091552734,85.18000030517578,86.22000122070312,1905700
ES,2021-09-16,70.02706146240234,84.86000061035156,85.54000091552734,84.12999725341797,84.95999908447266,986200
ES,2021-09-17,68.73973846435547,83.30000305175781,85.0199966430664,83.12000274658203,84.38999938964844,3092300
ES,2021-09-20,68.79749298095703,83.37000274658203,84.31999969482422,82.41000366210938,83.43000030517578,1286400
ES,2021-09-21,68.9377670288086,83.54000091552734,84.44999694824219,83.29000091552734,83.37000274658203,1066000
ES,2021-09-22,68.45092010498047,82.94999694824219,83.80999755859375,82.52999877929688,83.80999755859375,886000
ES,2021-09-23,68.07130432128906,82.48999786376953,83.43000030517578,82.36000061035156,83.08000183105469,1147000
ES,2021-09-24,68.21984100341797,82.66999816894531,83.0199966430664,82.23999786376953,82.23999786376953,1359100
ES,2021-09-27,67.2543716430664,81.5,83.61000061035156,81.37000274658203,82.7300033569336,1027800
ES,2021-09-28,66.89952087402344,81.06999969482422,81.47000122070312,80.3499984741211,81.0199966430664,1466800
ES,2021-09-29,67.78248596191406,82.13999938964844,82.5,81.0199966430664,81.30000305175781,1076800
ES,2021-09-30,67.4688949584961,81.76000213623047,82.66999816894531,81.52999877929688,82.51000213623047,1979700
ES,2021-10-01,67.5349349975586,81.83999633789062,82.69999694824219,81.5999984741211,82.26000213623047,1600600
ES,2021-10-04,70.07656860351562,84.91999816894531,85.4000015258789,82.1500015258789,82.37000274658203,2506000
ES,2021-10-05,69.88676452636719,84.69000244140625,85.41000366210938,84.38999938964844,84.79000091552734,1442600
ES,2021-10-06,71.18234252929688,86.26000213623047,86.31999969482422,84.18000030517578,84.69000244140625,1650100
ES,2021-10-07,71.04206085205078,86.08999633789062,87.05000305175781,85.2699966430664,86.30000305175781,1551400
ES,2021-10-08,70.48092651367188,85.41000366210938,86.66000366210938,85.29000091552734,86.08999633789062,824800
ES,2021-10-11,69.58968353271484,84.33000183105469,85.41000366210938,84.16000366210938,85.27999877929688,1163200
ES,2021-10-12,70.56343078613281,85.51000213623047,85.6500015258789,84.33000183105469,84.48999786376953,1462100
ES,2021-10-13,71.16583251953125,86.23999786376953,86.52999877929688,84.79000091552734,84.88999938964844,1523300
ES,2021-10-14,72.36239624023438,87.69000244140625,87.80999755859375,86.37000274658203,86.69000244140625,1203500
ES,2021-10-15,71.3061294555664,86.41000366210938,87.93000030517578,86.16000366210938,87.7300033569336,1164500
ES,2021-10-18,70.48092651367188,85.41000366210938,85.87999725341797,84.9800033569336,85.70999908447266,1168700
ES,2021-10-19,71.09982299804688,86.16000366210938,86.80999755859375,85.58999633789062,86.80999755859375,1449900
ES,2021-10-20,71.21536254882812,86.30000305175781,87.12999725341797,85.79000091552734,86.37999725341797,1552800
ES,2021-10-21,71.04206085205078,86.08999633789062,86.62000274658203,85.79000091552734,86.41000366210938,985400
ES,2021-10-22,71.38038635253906,86.5,86.83999633789062,86.20999908447266,86.38999938964844,931300
ES,2021-10-25,70.97604370117188,86.01000213623047,86.5199966430664,85.72000122070312,86.5,862200
ES,2021-10-26,70.99253845214844,86.02999877929688,86.52999877929688,85.61000061035156,86.04000091552734,1143700
ES,2021-10-27,70.6211929321289,85.58000183105469,86.69000244140625,85.11000061035156,86.56999969482422,1145500
ES,2021-10-28,70.68722534179688,85.66000366210938,86.37000274658203,85.26000213623047,85.87999725341797,1017100
ES,2021-10-29,70.06005859375,84.9000015258789,86.0999984741211,84.55999755859375,85.3499984741211,1552600
ES,2021-11-01,69.93628692626953,84.75,85.05999755859375,84.3499984741211,84.9000015258789,1014200
ES,2021-11-02,69.771240234375,84.55000305175781,85.5199966430664,83.83000183105469,85.25,1440900
ES,2021-11-03,69.7464828491211,84.5199966430664,86.3499984741211,83.47000122070312,85.19999694824219,1215500
ES,2021-11-04,69.1688461303711,83.81999969482422,84.73999786376953,82.7300033569336,84.41999816894531,1060200
ES,2021-11-05,69.65570068359375,84.41000366210938,85.05999755859375,83.86000061035156,84.01000213623047,1322700
ES,2021-11-08,68.17857360839844,82.62000274658203,84.41999816894531,82.23999786376953,84.41999816894531,1222400
ES,2021-11-09,68.7562255859375,83.31999969482422,83.66000366210938,82.68000030517578,82.79000091552734,1421500
ES,2021-11-10,69.10282897949219,83.73999786376953,84.44999694824219,83.19000244140625,83.7300033569336,1063700
ES,2021-11-11,68.08781433105469,82.51000213623047,83.54000091552734,82.1500015258789,83.30000305175781,816400
ES,2021-11-12,67.62570190429688,81.94999694824219,82.5,81.93000030517578,82.30999755859375,836300
ES,2021-11-15,68.90475463867188,83.5,83.58999633789062,82.0999984741211,82.54000091552734,973600
ES,2021-11-16,68.79749298095703,83.37000274658203,83.98999786376953,83.22000122070312,83.69000244140625,974000
ES,2021-11-17,69.1275863647461,83.7699966430664,84.02999877929688,82.5,82.81999969482422,893100
ES,2021-11-18,68.66545104980469,83.20999908447266,83.8499984741211,82.91000366210938,83.7699966430664,888100
ES,2021-11-19,69.20183563232422,83.86000061035156,84.22000122070312,83.43000030517578,83.69000244140625,1065200
ES,2021-11-22,69.8785171508789,84.68000030517578,85.70999908447266,83.7699966430664,83.79000091552734,1161400
ES,2021-11-23,70.3076171875,85.19999694824219,85.54000091552734,84.19000244140625,84.73999786376953,860800
ES,2021-11-24,70.08482360839844,84.93000030517578,85.37000274658203,84.58999633789062,85.37000274658203,783900
ES,2021-11-26,69.91151428222656,84.72000122070312,85.37999725341797,84.41000366210938,84.55999755859375,964100
ES,2021-11-29,70.36538696289062,85.2699966430664,85.55000305175781,83.97000122070312,84.72000122070312,1121000
ES,2021-11-30,67.88976287841797,82.2699966430664,85.06999969482422,82.25,84.77999877929688,3065200
ES,2021-12-01,67.9970474243164,82.4000015258789,84.45999908447266,82.04000091552734,82.63999938964844,1254400
ES,2021-12-02,68.5582046508789,83.08000183105469,83.80000305175781,82.2300033569336,82.73999786376953,1285200
ES,2021-12-03,70.39013671875,85.30000305175781,85.38999938964844,82.72000122070312,83.73999786376953,1554600
ES,2021-12-06,71.08332824707031,86.13999938964844,87.2300033569336,85.51000213623047,85.6500015258789,1672300
ES,2021-12-07,72.04055786132812,87.30000305175781,87.4800033569336,85.55000305175781,85.77999877929688,1541200
ES,2021-12-08,72.08182525634766,87.3499984741211,87.81999969482422,86.6500015258789,87.41000366210938,1416200
ES,2021-12-09,72.23036193847656,87.52999877929688,88.18000030517578,86.20999908447266,87.41000366210938,1314100
ES,2021-12-10,72.5191650390625,87.87999725341797,88.16000366210938,87.16999816894531,87.75,973200
ES,2021-12-13,73.65797424316406,89.26000213623047,89.80000305175781,87.43000030517578,87.69999694824219,1901600
ES,2021-12-14,73.65797424316406,89.26000213623047,89.88999938964844,88.69999694824219,89.45999908447266,1078200
ES,2021-12-15,74.98655700683594,90.87000274658203,90.9800033569336,89.37999725341797,89.5199966430664,1620100
ES,2021-12-16,75.52071380615234,90.91000366210938,91.16999816894531,89.77999877929688,90.2699966430664,1203500
ES,2021-12-17,74.26630401611328,89.4000015258789,91.41000366210938,89.05999755859375,90.76000213623047,2971200
ES,2021-12-20,74.49060821533203,89.66999816894531,89.76000213623047,88.02999877929688,88.80999755859375,1011500
ES,2021-12-21,73.90079498291016,88.95999908447266,90.6500015258789,88.56999969482422,90.18000030517578,874000
ES,2021-12-22,74.22477722167969,89.3499984741211,89.58999633789062,88.58999633789062,88.80999755859375,1091800
ES,2021-12-23,74.29953002929688,89.44000244140625,90.08999633789062,89.20999908447266,89.37000274658203,779700
ES,2021-12-27,74.11678314208984,89.22000122070312,89.87999725341797,88.83999633789062,89.80000305175781,819700
ES,2021-12-28,74.81459045410156,90.05999755859375,90.13999938964844,89.08000183105469,89.25,550200
ES,2021-12-29,75.27149963378906,90.61000061035156,90.63999938964844,89.75,90.1500015258789,577500
ES,2021-12-30,75.71174621582031,91.13999938964844,91.41999816894531,90.05999755859375,90.93000030517578,820300
ES,2021-12-31,75.57884979248047,90.9800033569336,91.45999908447266,90.22000122070312,91.05999755859375,980200
ES,2022-01-03,74.0420150756836,89.12999725341797,90.8499984741211,88.37999725341797,90.68000030517578,1484600
ES,2022-01-04,73.42728424072266,88.38999938964844,90.33000183105469,88.3499984741211,88.9000015258789,1861700
ES,2022-01-05,74.12509155273438,89.2300033569336,90.38999938964844,88.16000366210938,88.16000366210938,1180200
ES,2022-01-06,73.85093688964844,88.9000015258789,89.83000183105469,88.5199966430664,89.3499984741211,1146400
ES,2022-01-07,74.4822998046875,89.66000366210938,90.2300033569336,88.19999694824219,88.95999908447266,1043800
ES,2022-01-10,73.92571258544922,88.98999786376953,89.58000183105469,88.16000366210938,88.61000061035156,1537100
ES,2022-01-11,71.96521759033203,86.62999725341797,89.45999908447266,85.83000183105469,89.05999755859375,1902800
ES,2022-01-12,72.67961883544922,87.48999786376953,87.72000122070312,85.7300033569336,86.20999908447266,1558200
ES,2022-01-13,73.16145324707031,88.06999969482422,88.29000091552734,86.77999877929688,87.75,1142800
ES,2022-01-14,72.5882568359375,87.37999725341797,88.18000030517578,86.5999984741211,87.9800033569336,1195900
ES,2022-01-18,72.10643768310547,86.80000305175781,87.0999984741211,84.91999816894531,86.8499984741211,1538200
ES,2022-01-19,72.1645736694336,86.87000274658203,87.87999725341797,86.41000366210938,86.58000183105469,945000
ES,2022-01-20,71.99845886230469,86.66999816894531,87.77999877929688,86.55000305175781,87.22000122070312,1087900
ES,2022-01-21,72.36396789550781,87.11000061035156,88.45999908447266,86.77999877929688,87.43000030517578,2010000
ES,2022-01-24,71.56647491455078,86.1500015258789,88.08000183105469,84.05000305175781,87.45999908447266,2821200
ES,2022-01-25,71.08465576171875,85.56999969482422,86.26000213623047,84.56999969482422,85.44000244140625,1411700
ES,2022-01-26,70.32040405273438,84.6500015258789,86.36000061035156,84.2300033569336,85.69000244140625,1953800
ES,2022-01-27,71.22587585449219,85.73999786376953,86.79000091552734,84.97000122070312,85.31999969482422,1104900
ES,2022-01-28,72.4470443725586,87.20999908447266,87.37000274658203,84.70999908447266,85.23999786376953,2593500
ES,2022-01-31,74.341064453125,89.48999786376953,89.7300033569336,86.55999755859375,86.69999694824219,2298600
ES,2022-02-01,73.07838439941406,87.97000122070312,89.86000061035156,87.0999984741211,89.16000366210938,1931800
ES,2022-02-02,73.66820526123047,88.68000030517578,89.08000183105469,87.51000213623047,87.87000274658203,2037000
ES,2022-02-03,73.16145324707031,88.06999969482422,89.2699966430664,87.77999877929688,88.66000366210938,1970500
ES,2022-02-04,72.88731384277344,87.73999786376953,88.69000244140625,86.29000091552734,87.30000305175781,2426700
ES,2022-02-07,73.51034545898438,88.48999786376953,88.70999908447266,86.77999877929688,87.62999725341797,1568100
ES,2022-02-08,72.90393829345703,87.76000213623047,89.0,87.66000366210938,88.83999633789062,1911500
ES,2022-02-09,72.57164764404297,87.36000061035156,88.56999969482422,87.0199966430664,88.37000274658203,1885500
ES,2022-02-10,70.35362243652344,84.69000244140625,86.41999816894531,84.37999725341797,86.23999786376953,2124500
ES,2022-02-11,69.88011169433594,84.12000274658203,85.27999877929688,83.80999755859375,85.0,1677600
ES,2022-02-14,68.29344177246094,82.20999908447266,84.30000305175781,81.69999694824219,83.94999694824219,3978500
ES,2022-02-15,68.26022338867188,82.16999816894531,82.8499984741211,81.72000122070312,82.5,2928100
ES,2022-02-16,67.82823181152344,81.6500015258789,82.4800033569336,81.08999633789062,82.12000274658203,2374500
ES,2022-02-17,68.3515853881836,82.27999877929688,82.75,79.01000213623047,80.41999816894531,3924300
ES,2022-02-18,68.8001708984375,82.81999969482422,82.8499984741211,81.31999969482422,81.37000274658203,2208900
ES,2022-02-22,68.45958709716797,82.41000366210938,83.18000030517578,81.91999816894531,82.97000122070312,1785000
ES,2022-02-23,66.20833587646484,79.69999694824219,81.7699966430664,79.63999938964844,81.30000305175781,2592300
ES,2022-02-24,66.2249526977539,79.72000122070312,80.0199966430664,78.62999725341797,79.6500015258789,2995400
ES,2022-02-25,67.96114349365234,81.80999755859375,82.22000122070312,80.01000213623047,80.51000213623047,3039500
ES,2022-02-28,67.9528579711914,81.80000305175781,82.0,80.91000366210938,81.1500015258789,3998600
ES,2022-03-01,66.82307434082031,80.44000244140625,82.4000015258789,79.76000213623047,81.88999938964844,2787800
ES,2022-03-02,67.61688232421875,80.75,81.0,79.47000122070312,80.0,3372100
ES,2022-03-03,69.89450073242188,83.47000122070312,83.80999755859375,80.61000061035156,81.16999816894531,3948300
ES,2022-03-04,71.9627914428711,85.94000244140625,86.55000305175781,82.91000366210938,83.22000122070312,2704200
ES,2022-03-07,72.5656967163086,86.66000366210938,86.91000366210938,84.86000061035156,85.7699966430664,1995900
ES,2022-03-08,71.25102996826172,85.08999633789062,86.9000015258789,84.45999908447266,86.56999969482422,2296300
ES,2022-03-09,70.4974136352539,84.19000244140625,85.13999938964844,84.01000213623047,84.77999877929688,2721000
ES,2022-03-10,70.6397705078125,84.36000061035156,84.6500015258789,83.4000015258789,83.9000015258789,2394800
ES,2022-03-11,70.1792221069336,83.80999755859375,85.12000274658203,83.72000122070312,84.55999755859375,1998200
ES,2022-03-14,69.6851577758789,83.22000122070312,85.04000091552734,82.77999877929688,84.41999816894531,2429200
ES,2022-03-15,70.48065948486328,84.16999816894531,84.2699966430664,83.36000061035156,84.01000213623047,3722500
ES,2022-03-16,70.36341094970703,84.02999877929688,84.36000061035156,82.3499984741211,84.08999633789062,2327400
ES,2022-03-17,70.55599975585938,84.26000213623047,85.12999725341797,83.69000244140625,83.87999725341797,2013200
ES,2022-03-18,69.86101531982422,83.43000030517578,84.86000061035156,83.05000305175781,84.56999969482422,4032300
ES,2022-03-21,70.77374267578125,84.5199966430664,84.77999877929688,83.48999786376953,83.48999786376953,1567000
ES,2022-03-22,70.50577545166016,84.19999694824219,84.87000274658203,83.61000061035156,84.87000274658203,1636000
ES,2022-03-23,70.90771484375,84.68000030517578,85.3499984741211,83.91999816894531,84.33000183105469,1685300
ES,2022-03-24,71.52735900878906,85.41999816894531,85.55999755859375,84.48999786376953,84.75,1309300
ES,2022-03-25,72.5656967163086,86.66000366210938,86.68000030517578,85.52999877929688,85.93000030517578,969200
ES,2022-03-28,72.87550354003906,87.02999877929688,87.04000091552734,86.18000030517578,86.95999908447266,1115800
ES,2022-03-29,73.5035171508789,87.77999877929688,87.83999633789062,86.72000122070312,87.54000091552734,993600
ES,2022-03-30,74.22367095947266,88.63999938964844,88.68000030517578,87.41000366210938,87.7699966430664,1451100
ES,2022-03-31,73.84683990478516,88.19000244140625,89.20999908447266,88.13999938964844,88.62999725341797,1604600
ES,2022-04-01,75.2284927368164,89.83999633789062,89.87000274658203,87.62000274658203,88.19000244140625,1650500
ES,2022-04-04,74.62559509277344,89.12000274658203,89.58000183105469,87.95999908447266,89.44999694824219,1148600
ES,2022-04-05,75.43782043457031,90.08999633789062,90.95999908447266,89.25,89.25,1654100
ES,2022-04-06,77.24653625488281,92.25,92.3499984741211,90.1500015258789,90.58000183105469,1371600
ES,2022-04-07,77.15443420410156,92.13999938964844,92.55000305175781,91.16999816894531,92.13999938964844,2021000
ES,2022-04-08,77.4809799194336,92.52999877929688,93.33000183105469,91.94000244140625,92.52999877929688,1117000
ES,2022-04-11,76.85296630859375,91.77999877929688,93.25,91.58999633789062,92.91000366210938,1368500
ES,2022-04-12,77.7405776977539,92.83999633789062,93.02999877929688,90.77999877929688,91.51000213623047,1556500
ES,2022-04-13,77.46424865722656,92.51000213623047,93.0,92.05999755859375,92.87999725341797,1390400
ES,2022-04-14,77.53960418701172,92.5999984741211,93.19999694824219,92.33999633789062,92.76000213623047,1191500
ES,2022-04-18,76.76085662841797,91.66999816894531,93.13999938964844,91.23999786376953,92.61000061035156,648300
ES,2022-04-19,77.45588684082031,92.5,92.77999877929688,91.54000091552734,91.86000061035156,1347900
ES,2022-04-20,78.09225463867188,93.26000213623047,93.81999969482422,92.86000061035156,93.37999725341797,933100
ES,2022-04-21,77.95829772949219,93.0999984741211,94.62999725341797,92.63999938964844,93.1500015258789,1032200
ES,2022-04-22,77.03720092773438,92.0,93.23999786376953,91.87999725341797,93.0,1089600
ES,2022-04-25,75.94024658203125,90.69000244140625,92.5199966430664,89.4800033569336,92.31999969482422,1299000
ES,2022-04-26,75.12800598144531,89.72000122070312,91.52999877929688,89.70999908447266,90.25,1202900
ES,2022-04-27,74.95216369628906,89.51000213623047,90.80999755859375,88.83999633789062,89.80999755859375,1065800
ES,2022-04-28,75.52994537353516,90.19999694824219,90.61000061035156,89.12000274658203,89.91999816894531,1291400
ES,2022-04-29,73.18533325195312,87.4000015258789,89.87000274658203,87.22000122070312,89.83000183105469,2291800
ES,2022-05-02,72.16374969482422,86.18000030517578,88.58999633789062,85.29000091552734,88.11000061035156,1465800
ES,2022-05-03,72.61592102050781,86.72000122070312,88.33000183105469,86.19000244140625,86.80999755859375,1644800
ES,2022-05-04,74.16505432128906,88.56999969482422,88.69999694824219,86.69000244140625,87.04000091552734,1733100
ES,2022-05-05,75.21173858642578,89.81999969482422,91.98999786376953,88.16999816894531,88.2699966430664,2401800
ES,2022-05-06,75.69741821289062,90.4000015258789,91.41000366210938,89.29000091552734,89.29000091552734,2038000
ES,2022-05-09,75.81464385986328,90.54000091552734,91.4800033569336,89.55000305175781,90.30000305175781,1595200
ES,2022-05-10,74.63396453857422,89.12999725341797,92.02999877929688,88.29000091552734,90.58000183105469,1562200
ES,2022-05-11,74.76795196533203,89.29000091552734,91.04000091552734,89.0,89.13999938964844,1333100
ES,2022-05-12,74.45812225341797,88.91999816894531,89.54000091552734,87.51000213623047,88.91999816894531,1844900
ES,2022-05-13,74.809814453125,89.33999633789062,89.66999816894531,87.91999816894531,89.44000244140625,1525200
ES,2022-05-16,74.75119018554688,89.2699966430664,90.12000274658203,88.72000122070312,89.62999725341797,1598500
ES,2022-05-17,75.41271209716797,90.05999755859375,90.12999725341797,88.0199966430664,89.30999755859375,952200
ES,2022-05-18,75.2086181640625,89.18000030517578,90.05000305175781,88.83999633789062,89.80999755859375,1758100
ES,2022-05-19,75.42790222167969,89.44000244140625,90.16000366210938,87.66999816894531,88.97000122070312,1936100
ES,2022-05-20,76.21219635009766,90.37000274658203,90.44000244140625,88.86000061035156,89.6500015258789,1487000
ES,2022-05-23,76.98805236816406,91.29000091552734,91.87999725341797,90.20999908447266,91.33999633789062,1670500
ES,2022-05-24,78.12655639648438,92.63999938964844,92.68000030517578,90.04000091552734,91.62000274658203,2652600
ES,2022-05-25,77.71334075927734,92.1500015258789,92.95999908447266,91.88999938964844,92.80999755859375,1455000
ES,2022-05-26,77.7470703125,92.19000244140625,92.7699966430664,92.04000091552734,92.70999908447266,1043700
ES,2022-05-27,78.68316650390625,93.30000305175781,93.33000183105469,91.44000244140625,91.9000015258789,1232400
ES,2022-05-31,77.85669708251953,92.31999969482422,93.02999877929688,91.44999694824219,92.69000244140625,2526700
ES,2022-06-01,77.68803405761719,92.12000274658203,92.55000305175781,91.23999786376953,92.55000305175781,1602800
ES,2022-06-02,77.9410171508789,92.41999816894531,92.7300033569336,90.41000366210938,92.58000183105469,1099400
ES,2022-06-03,77.83983612060547,92.30000305175781,92.83000183105469,91.83000183105469,92.12999725341797,691500
ES,2022-06-06,77.82296752929688,92.27999877929688,93.05000305175781,92.12000274658203,92.5199966430664,672200
ES,2022-06-07,78.29522705078125,92.83999633789062,92.88999938964844,91.2699966430664,92.13999938964844,1032900
ES,2022-06-08,76.42302703857422,90.62000274658203,92.4800033569336,90.5199966430664,92.4800033569336,1047700
ES,2022-06-09,74.06169891357422,87.81999969482422,91.38999938964844,87.7699966430664,90.76000213623047,981400
ES,2022-06-10,74.23878479003906,88.02999877929688,88.73999786376953,86.6500015258789,87.01000213623047,1439000
ES,2022-06-13,70.75581359863281,83.9000015258789,87.44000244140625,83.51000213623047,87.12999725341797,1475400
ES,2022-06-14,68.09087371826172,80.73999786376953,84.6500015258789,79.83999633789062,84.08000183105469,1592800
ES,2022-06-15,67.95594024658203,80.58000183105469,81.97000122070312,79.75,81.41000366210938,2150500
ES,2022-06-16,66.46324920654297,78.80999755859375,79.41999816894531,78.06999969482422,79.41999816894531,2214000
ES,2022-06-17,65.76325988769531,77.9800033569336,79.56999969482422,77.06999969482422,79.19000244140625,3451500
ES,2022-06-21,67.09573364257812,79.55999755859375,80.04000091552734,77.70999908447266,77.9800033569336,1563700
ES,2022-06-22,67.95594024658203,80.58000183105469,81.08000183105469,79.19000244140625,79.19000244140625,1203100
ES,2022-06-23,69.2378158569336,82.0999984741211,82.37999725341797,80.81999969482422,80.8499984741211,1263300
ES,2022-06-24,70.29197692871094,83.3499984741211,83.62000274658203,81.86000061035156,82.36000061035156,1449500
ES,2022-06-27,70.91604614257812,84.08999633789062,84.11000061035156,82.6500015258789,82.98999786376953,1279600
ES,2022-06-28,70.35101318359375,83.41999816894531,85.4000015258789,83.3499984741211,84.45999908447266,2258600
ES,2022-06-29,70.40161895751953,83.4800033569336,84.01000213623047,83.19000244140625,83.72000122070312,1576400
ES,2022-06-30,71.23652648925781,84.47000122070312,84.95999908447266,82.83000183105469,83.01000213623047,2060800
ES,2022-07-01,73.49665832519531,87.1500015258789,87.4800033569336,84.7300033569336,85.02999877929688,2426600
ES,2022-07-05,70.3088607788086,83.37000274658203,86.97000122070312,81.88999938964844,86.88999938964844,1820600
ES,2022-07-06,70.9666519165039,84.1500015258789,84.95999908447266,83.05000305175781,83.77999877929688,1448500
ES,2022-07-07,70.494384765625,83.58999633789062,84.76000213623047,83.56999969482422,84.2300033569336,1911300
ES,2022-07-08,70.26667022705078,83.31999969482422,84.37000274658203,83.19000244140625,83.7699966430664,1796300
ES,2022-07-11,70.60401153564453,83.72000122070312,84.2300033569336,82.55999755859375,83.1500015258789,1688600
ES,2022-07-12,70.3172836303711,83.37999725341797,84.43000030517578,82.98999786376953,83.37000274658203,1184900
ES,2022-07-13,69.82817077636719,82.80000305175781,83.76000213623047,82.58000183105469,82.68000030517578,891500
ES,2022-07-14,70.40161895751953,83.4800033569336,83.70999908447266,80.66999816894531,81.56999969482422,1172500
ES,2022-07-15,70.55343627929688,83.66000366210938,84.0199966430664,82.69999694824219,83.87999725341797,936700
ES,2022-07-18,69.53297424316406,82.44999694824219,83.33999633789062,82.37999725341797,83.30999755859375,970700
ES,2022-07-19,70.20764923095703,83.25,83.68000030517578,82.79000091552734,83.02999877929688,1297200
ES,2022-07-20,69.55827331542969,82.4800033569336,83.80999755859375,82.33999633789062,83.41000366210938,1553100
ES,2022-07-21,70.013671875,83.0199966430664,83.05999755859375,82.2699966430664,82.94000244140625,1263900
ES,2022-07-22,70.89076232910156,84.05999755859375,84.08000183105469,83.22000122070312,83.41000366210938,1149700
ES,2022-07-25,71.58228302001953,84.87999725341797,84.94000244140625,83.52999877929688,83.76000213623047,724700
ES,2022-07-26,72.02082824707031,85.4000015258789,85.69000244140625,84.83000183105469,84.93000030517578,840200
ES,2022-07-27,71.86058044433594,85.20999908447266,85.4000015258789,84.55999755859375,84.9800033569336,781200
ES,2022-07-28,74.43275451660156,88.26000213623047,88.3499984741211,85.62999725341797,85.9800033569336,1401000
ES,2022-07-29,74.3990249633789,88.22000122070312,89.0,87.02999877929688,87.02999877929688,2022700
ES,2022-08-01,75.23391723632812,89.20999908447266,89.44999694824219,87.95999908447266,88.5999984741211,2062600
ES,2022-08-02,76.10254669189453,90.23999786376953,91.05000305175781,89.27999877929688,89.41999816894531,1907000
ES,2022-08-03,76.60012817382812,90.83000183105469,91.06999969482422,88.63999938964844,90.25,1433300
ES,2022-08-04,76.74349212646484,91.0,91.69999694824219,90.4800033569336,90.94999694824219,1746900
ES,2022-08-05,76.22062683105469,90.37999725341797,91.08999633789062,88.7300033569336,90.66999816894531,1555500
ES,2022-08-08,76.68445587158203,90.93000030517578,91.80000305175781,90.51000213623047,91.04000091552734,1391200
ES,2022-08-09,77.27478790283203,91.62999725341797,92.06999969482422,91.18000030517578,91.26000213623047,1467900
ES,2022-08-10,77.29167175292969,91.6500015258789,92.33000183105469,91.26000213623047,92.12000274658203,1278200
ES,2022-08-11,77.2579345703125,91.61000061035156,92.44999694824219,90.94999694824219,91.61000061035156,1418600
ES,2022-08-12,78.5229263305664,93.11000061035156,93.12999725341797,91.93000030517578,92.19000244140625,1105200
ES,2022-08-15,78.69160461425781,93.30999755859375,93.48999786376953,92.62999725341797,93.19999694824219,1500900
ES,2022-08-16,78.9193115234375,93.58000183105469,94.12000274658203,92.94999694824219,92.94999694824219,959600
ES,2022-08-17,79.1132583618164,93.80999755859375,94.02999877929688,93.2699966430664,93.43000030517578,994500
ES,2022-08-18,79.2397689819336,93.95999908447266,94.41000366210938,93.58999633789062,94.0,737200
ES,2022-08-19,78.96146392822266,93.62999725341797,94.38999938964844,93.25,94.1500015258789,1217800
ES,2022-08-22,77.80609893798828,92.26000213623047,93.55000305175781,91.76000213623047,93.41000366210938,1054300
ES,2022-08-23,77.38442993164062,91.76000213623047,92.41000366210938,91.19999694824219,92.19999694824219,901300
ES,2022-08-24,77.61212921142578,92.02999877929688,92.20999908447266,91.3499984741211,91.94000244140625,772600
ES,2022-08-25,78.29522705078125,92.83999633789062,92.91000366210938,91.76000213623047,92.20999908447266,739500
ES,2022-08-26,77.24949645996094,91.5999984741211,92.97000122070312,91.5,92.86000061035156,1089500
ES,2022-08-29,77.49407196044922,91.88999938964844,92.7300033569336,90.66999816894531,91.27999877929688,1099900
ES,2022-08-30,76.54952239990234,90.7699966430664,92.06999969482422,90.4000015258789,91.61000061035156,1210000
ES,2022-08-31,75.63873291015625,89.69000244140625,90.91000366210938,89.33999633789062,90.80999755859375,2520800
ES,2022-09-01,76.63386535644531,90.87000274658203,91.33999633789062,89.4800033569336,89.83000183105469,1237900
ES,2022-09-02,75.52066040039062,89.55000305175781,91.94000244140625,89.30999755859375,91.05000305175781,1156800
ES,2022-09-06,75.18333435058594,89.1500015258789,90.86000061035156,88.88999938964844,89.66000366210938,1239000
ES,2022-09-07,77.43504333496094,91.81999969482422,92.02999877929688,89.73999786376953,89.93000030517578,1843300
ES,2022-09-08,77.09769439697266,91.41999816894531,92.44000244140625,91.13999938964844,91.5,1239000
ES,2022-09-09,77.27478790283203,91.62999725341797,92.19000244140625,90.94999694824219,91.73999786376953,1420200
ES,2022-09-12,78.042236328125,92.54000091552734,92.80000305175781,91.58999633789062,91.83000183105469,964800
ES,2022-09-13,75.59654998779297,89.63999938964844,92.0,89.25,91.75,1839800
ES,2022-09-14,76.48204803466797,90.69000244140625,91.30000305175781,89.61000061035156,89.76000213623047,1290200
ES,2022-09-15,74.37371826171875,88.19000244140625,89.93000030517578,88.08999633789062,89.91999816894531,1460800
ES,2022-09-16,74.88816833496094,88.80000305175781,89.44000244140625,88.06999969482422,88.37000274658203,3063500
ES,2022-09-19,75.5037841796875,89.52999877929688,89.58000183105469,88.06999969482422,88.51000213623047,1240300
ES,2022-09-20,74.72791290283203,88.61000061035156,89.12999725341797,87.81999969482422,88.97000122070312,1248600
ES,2022-09-21,74.07012939453125,87.83000183105469,89.83999633789062,87.81999969482422,89.19999694824219,1122500
ES,2022-09-22,74.20506286621094,87.98999786376953,88.62999725341797,86.79000091552734,87.63999938964844,1449400
ES,2022-09-23,73.77860260009766,86.8499984741211,87.06999969482422,85.86000061035156,86.77999877929688,2121500
ES,2022-09-26,71.89273071289062,84.62999725341797,86.91000366210938,83.79000091552734,86.80999755859375,1482800
ES,2022-09-27,70.07481384277344,82.48999786376953,85.16999816894531,82.3499984741211,84.86000061035156,2225900
ES,2022-09-28,70.64398193359375,83.16000366210938,84.05999755859375,82.19999694824219,83.4800033569336,1905800
ES,2022-09-29,67.60279083251953,79.58000183105469,82.80000305175781,79.48999786376953,82.80000305175781,1349800
ES,2022-09-30,66.22660064697266,77.95999908447266,80.25,77.61000061035156,80.22000122070312,3345500
ES,2022-10-03,68.21441650390625,80.30000305175781,81.02999877929688,78.63999938964844,79.38999938964844,1598100
ES,2022-10-04,68.82604217529297,81.0199966430664,81.80999755859375,80.04000091552734,80.2300033569336,1818000
ES,2022-10-05,67.0251235961914,78.9000015258789,80.0,78.01000213623047,79.94999694824219,1395600
ES,2022-10-06,64.12835693359375,75.48999786376953,78.48999786376953,75.38999938964844,78.19000244140625,1870400
ES,2022-10-07,63.07498550415039,74.25,75.61000061035156,73.73999786376953,75.27999877929688,1714600
ES,2022-10-10,63.686614990234375,74.97000122070312,75.4000015258789,74.30000305175781,74.33000183105469,1352100
ES,2022-10-11,63.22788619995117,74.43000030517578,75.43000030517578,74.25,74.75,1827400
ES,2022-10-12,60.96823501586914,71.7699966430664,74.30000305175781,71.72000122070312,74.23999786376953,1964300
ES,2022-10-13,62.65873336791992,73.76000213623047,74.27999877929688,70.54000091552734,70.87999725341797,2311600
ES,2022-10-14,61.63932800292969,72.55999755859375,74.62999725341797,72.0199966430664,74.55000305175781,2204600
ES,2022-10-17,62.75217819213867,73.87000274658203,74.61000061035156,73.52999877929688,73.52999877929688,2453200
ES,2022-10-18,64.44266510009766,75.86000061035156,76.0199966430664,74.91000366210938,75.29000091552734,1955800
ES,2022-10-19,63.28734588623047,74.5,75.25,73.79000091552734,74.83000183105469,1626500
ES,2022-10-20,60.89177703857422,71.68000030517578,74.30000305175781,71.26000213623047,74.20999908447266,1661400
ES,2022-10-21,61.66482162475586,72.58999633789062,73.04000091552734,71.33000183105469,71.87999725341797,1531100
ES,2022-10-24,61.81773376464844,72.7699966430664,73.63999938964844,72.0199966430664,72.56999969482422,1845300
ES,2022-10-25,62.99002456665039,74.1500015258789,74.20999908447266,72.87000274658203,72.93000030517578,1797400
ES,2022-10-26,62.88809585571289,74.02999877929688,75.16000366210938,73.52999877929688,74.62999725341797,1714100
ES,2022-10-27,63.4317626953125,74.66999816894531,75.94999694824219,74.56999969482422,74.77999877929688,1622300
ES,2022-10-28,65.2156982421875,76.7699966430664,77.0,74.75,74.75,2071400
ES,2022-10-31,64.79944610595703,76.27999877929688,76.91999816894531,75.81999969482422,76.45999908447266,2348000
ES,2022-11-01,65.39409637451172,76.9800033569336,77.08000183105469,76.05999755859375,76.76000213623047,1536900
ES,2022-11-02,64.76545715332031,76.23999786376953,78.25,76.19999694824219,77.04000091552734,1761100
ES,2022-11-03,64.73148345947266,76.19999694824219,76.98999786376953,73.68000030517578,75.29000091552734,1677200
ES,2022-11-04,65.5639877319336,77.18000030517578,77.27999877929688,75.58000183105469,76.2699966430664,1268200
ES,2022-11-07,63.737579345703125,75.02999877929688,77.29000091552734,73.94000244140625,77.2699966430664,1971300
ES,2022-11-08,64.51912689208984,75.94999694824219,76.48999786376953,75.12999725341797,75.37000274658203,1489100
ES,2022-11-09,63.63564682006836,74.91000366210938,76.33999633789062,74.79000091552734,75.80000305175781,1614100
ES,2022-11-10,67.21202087402344,79.12000274658203,79.26000213623047,76.1500015258789,77.13999938964844,1819000
ES,2022-11-11,66.33702850341797,78.08999633789062,79.0199966430664,77.31999969482422,78.97000122070312,1569900
ES,2022-11-14,65.9802474975586,77.66999816894531,78.94999694824219,77.66999816894531,78.3499984741211,1255700
ES,2022-11-15,66.8127670288086,78.6500015258789,79.33999633789062,77.62000274658203,78.62000274658203,1378600
ES,2022-11-16,67.53482818603516,79.5,79.83999633789062,78.83000183105469,78.83000183105469,1742100
ES,2022-11-17,66.34552764892578,78.0999984741211,79.06999969482422,77.68000030517578,78.73999786376953,2331700
ES,2022-11-18,67.66226196289062,79.6500015258789,79.69999694824219,78.86000061035156,79.08000183105469,2031800
ES,2022-11-21,68.29936981201172,80.4000015258789,80.68000030517578,79.86000061035156,79.86000061035156,1126200
ES,2022-11-22,68.81755828857422,81.01000213623047,82.02999877929688,80.43000030517578,80.9000015258789,1269600
ES,2022-11-23,69.81147003173828,82.18000030517578,82.37999725341797,80.6500015258789,80.86000061035156,1666500
ES,2022-11-25,70.03233337402344,82.44000244140625,82.88999938964844,82.1500015258789,82.5199966430664,763200
ES,2022-11-28,69.42069244384766,81.72000122070312,82.44000244140625,81.25,81.93000030517578,1263700
ES,2022-11-29,68.5117416381836,80.6500015258789,81.69999694824219,80.12000274658203,80.91000366210938,1704500
ES,2022-11-30,70.3891372680664,82.86000061035156,82.93000030517578,80.05000305175781,80.4800033569336,3388400
ES,2022-12-01,71.28111267089844,83.91000366210938,85.68000030517578,83.2300033569336,83.80000305175781,2415000
ES,2022-12-02,71.1111831665039,83.70999908447266,84.0,82.12000274658203,83.01000213623047,1549600
ES,2022-12-05,71.06024932861328,83.6500015258789,83.91999816894531,82.75,82.87000274658203,1234100
ES,2022-12-06,71.66336822509766,84.36000061035156,84.37000274658203,82.87999725341797,83.7300033569336,1884000
ES,2022-12-07,71.1536865234375,83.76000213623047,84.54000091552734,83.2300033569336,84.27999877929688,1991400
ES,2022-12-08,71.85874938964844,84.58999633789062,84.66999816894531,83.58999633789062,83.76000213623047,1342700
ES,2022-12-09,71.40003204345703,84.05000305175781,84.83999633789062,83.79000091552734,84.36000061035156,1160300
ES,2022-12-12,72.80169677734375,85.69999694824219,85.79000091552734,83.93000030517578,84.80000305175781,1480600
ES,2022-12-13,73.01409149169922,85.94999694824219,87.58000183105469,85.08999633789062,86.79000091552734,2191700
ES,2022-12-14,72.92912292480469,85.8499984741211,87.70999908447266,85.33999633789062,86.2699966430664,1339800
ES,2022-12-15,72.0030746459961,84.12999725341797,85.06999969482422,83.66000366210938,84.79000091552734,1770700
ES,2022-12-16,70.84767150878906,82.77999877929688,83.6500015258789,81.69999694824219,83.4000015258789,3362000
ES,2022-12-19,70.89045715332031,82.83000183105469,83.54000091552734,82.0999984741211,82.5,1120600
ES,2022-12-20,70.74498748779297,82.66000366210938,83.08000183105469,81.9800033569336,82.80999755859375,1379900
ES,2022-12-21,71.87470245361328,83.9800033569336,83.98999786376953,82.72000122070312,83.05999755859375,1202500
ES,2022-12-22,71.15577697753906,83.13999938964844,84.0,81.86000061035156,83.70999908447266,1164500
ES,2022-12-23,72.08866882324219,84.2300033569336,84.33999633789062,82.61000061035156,82.94999694824219,892600
ES,2022-12-27,72.72200775146484,84.97000122070312,85.2699966430664,84.0,84.55000305175781,715100
ES,2022-12-28,72.13146209716797,84.27999877929688,85.58000183105469,84.08999633789062,85.16999816894531,962500
ES,2022-12-29,72.81614685058594,85.08000183105469,85.47000122070312,84.38999938964844,84.70999908447266,605800
ES,2022-12-30,71.75487518310547,83.83999633789062,85.31999969482422,83.11000061035156,85.0999984741211,1050900
ES,2023-01-03,72.0801010131836,84.22000122070312,84.72000122070312,83.05000305175781,84.51000213623047,1266800
ES,2023-01-04,73.03010559082031,85.33000183105469,85.83999633789062,84.58000183105469,84.87999725341797,1502200
ES,2023-01-05,71.67787170410156,83.75,85.08999633789062,83.0199966430664,84.58000183105469,1210300
ES,2023-01-06,73.43235778808594,85.80000305175781,86.26000213623047,84.38999938964844,84.93000030517578,912400
ES,2023-01-09,73.35533142089844,85.70999908447266,86.83999633789062,85.18000030517578,85.29000091552734,1183600
ES,2023-01-10,73.33822631835938,85.69000244140625,85.79000091552734,84.91000366210938,85.37999725341797,1072800
ES,2023-01-11,73.44091796875,85.80999755859375,86.44000244140625,84.98999786376953,86.05000305175781,1381200
ES,2023-01-12,72.85892486572266,85.12999725341797,86.2300033569336,84.87000274658203,86.06999969482422,1327000
ES,2023-01-13,71.908935546875,84.0199966430664,84.79000091552734,83.05999755859375,84.69000244140625,1726100
ES,2023-01-17,71.6607437133789,83.7300033569336,85.08000183105469,83.62999725341797,84.19999694824219,1480800
ES,2023-01-18,69.50399017333984,81.20999908447266,84.19999694824219,80.7699966430664,84.04000091552734,1766000
ES,2023-01-19,68.28012084960938,79.77999877929688,81.30000305175781,79.7300033569336,81.18000030517578,1444100
ES,2023-01-20,68.24588775634766,79.73999786376953,80.0999984741211,77.38999938964844,79.79000091552734,2319600
ES,2023-01-23,68.374267578125,79.88999938964844,80.66000366210938,79.33999633789062,79.66999816894531,1602500
ES,2023-01-24,68.68236541748047,80.25,80.62999725341797,79.12000274658203,80.52999877929688,1159100
ES,2023-01-25,68.22020721435547,79.70999908447266,79.9800033569336,78.88999938964844,79.5999984741211,1934700
ES,2023-01-26,68.74226379394531,80.31999969482422,80.75,79.30999755859375,79.48999786376953,1256900
ES,2023-01-27,69.27289581298828,80.94000244140625,81.2300033569336,79.55999755859375,80.08000183105469,1558400
ES,2023-01-30,69.64092254638672,81.37000274658203,81.98999786376953,80.62000274658203,80.77999877929688,1607400
ES,2023-01-31,70.46253967285156,82.33000183105469,82.33999633789062,80.5199966430664,81.66000366210938,1947600
ES,2023-02-01,70.78776550292969,82.70999908447266,83.30000305175781,81.48999786376953,81.9000015258789,1689000
ES,2023-02-02,71.3782958984375,83.4000015258789,84.0,82.2300033569336,83.05999755859375,2265900
ES,2023-02-03,68.7679443359375,80.3499984741211,83.18000030517578,79.5199966430664,82.93000030517578,1739600
ES,2023-02-06,69.5895767211914,81.30999755859375,81.36000061035156,79.75,80.1500015258789,1180400
ES,2023-02-07,69.05038452148438,80.68000030517578,81.0199966430664,79.4800033569336,80.73999786376953,1458100
ES,2023-02-08,67.72380828857422,79.12999725341797,80.52999877929688,78.75,80.2699966430664,1152200
ES,2023-02-09,66.91931915283203,78.19000244140625,79.7699966430664,78.08000183105469,79.23999786376953,1075100
ES,2023-02-10,68.5283203125,80.06999969482422,80.12000274658203,78.05999755859375,78.4800033569336,1442700
ES,2023-02-13,68.71659851074219,80.29000091552734,80.70999908447266,79.94999694824219,80.08000183105469,1556600
ES,2023-02-14,67.51841735839844,78.88999938964844,81.2300033569336,78.73999786376953,81.2300033569336,2182200
ES,2023-02-15,68.3656997680664,79.87999725341797,80.16999816894531,78.4000015258789,78.51000213623047,1897200
ES,2023-02-16,67.37290954589844,78.72000122070312,79.37000274658203,78.54000091552734,78.95999908447266,2185000
ES,2023-02-17,68.6994857788086,80.2699966430664,80.56999969482422,78.48999786376953,78.94999694824219,1710100
ES,2023-02-21,67.06478881835938,78.36000061035156,79.68000030517578,78.25,79.48999786376953,1612400
ES,2023-02-22,67.12471771240234,78.43000030517578,79.36000061035156,78.13999938964844,78.44000244140625,1919600
ES,2023-02-23,66.79092407226562,78.04000091552734,79.23999786376953,77.75,78.91999816894531,1659600
ES,2023-02-24,66.22605895996094,77.37999725341797,77.68000030517578,76.66000366210938,77.25,1206500
ES,2023-02-27,65.97785186767578,77.08999633789062,78.47000122070312,76.72000122070312,77.76000213623047,1161300
ES,2023-02-28,64.49723815917969,75.36000061035156,77.16999816894531,75.30999755859375,76.72000122070312,2715500
ES,2023-03-01,63.188899993896484,73.16999816894531,74.68000030517578,72.93000030517578,74.0199966430664,2107600
ES,2023-03-02,64.03521728515625,74.1500015258789,74.3499984741211,72.83999633789062,73.0,2950700
ES,2023-03-03,65.14924621582031,75.44000244140625,75.47000122070312,73.41000366210938,74.48999786376953,2863600
ES,2023-03-06,65.36515045166016,75.69000244140625,75.91000366210938,74.95999908447266,75.55999755859375,1768500
ES,2023-03-07,63.95749282836914,74.05999755859375,76.01000213623047,73.79000091552734,75.73999786376953,1987800
ES,2023-03-08,64.70018768310547,74.91999816894531,75.0199966430664,73.5199966430664,74.12000274658203,1896000
ES,2023-03-09,64.13884735107422,74.2699966430664,75.88999938964844,74.01000213623047,75.19000244140625,1330200
ES,2023-03-10,62.938438415527344,72.87999725341797,74.58000183105469,72.45999908447266,74.44000244140625,1631000
ES,2023-03-13,64.59654998779297,74.80000305175781,76.79000091552734,72.83000183105469,73.12000274658203,2998900
ES,2023-03-14,65.5724105834961,75.93000030517578,76.58000183105469,75.12000274658203,75.12000274658203,2602200
ES,2023-03-15,66.34098815917969,76.81999969482422,77.63999938964844,75.1500015258789,75.80000305175781,2439600
ES,2023-03-16,66.32373046875,76.80000305175781,77.87999725341797,76.26000213623047,76.5199966430664,2222100
ES,2023-03-17,65.55513763427734,75.91000366210938,76.93000030517578,75.37000274658203,76.43000030517578,4695700
ES,2023-03-20,65.78829956054688,76.18000030517578,76.77999877929688,75.77999877929688,76.02999877929688,2021300
ES,2023-03-21,64.70018768310547,74.91999816894531,76.66000366210938,73.61000061035156,76.16999816894531,2322400
ES,2023-03-22,63.49114990234375,73.5199966430664,75.44000244140625,73.51000213623047,74.62000274658203,2289000
ES,2023-03-23,63.25797653198242,73.25,74.4000015258789,72.7699966430664,73.26000213623047,2582500
ES,2023-03-24,65.39968872070312,75.7300033569336,75.75,73.23999786376953,73.55999755859375,1923300
ES,2023-03-27,65.5119400024414,75.86000061035156,76.70999908447266,75.36000061035156,76.1500015258789,1771500
ES,2023-03-28,65.78829956054688,76.18000030517578,76.91999816894531,75.62999725341797,75.68000030517578,1033400
ES,2023-03-29,66.97142791748047,77.55000305175781,77.69999694824219,76.47000122070312,76.47000122070312,1510200
ES,2023-03-30,67.45503234863281,78.11000061035156,78.2300033569336,77.33999633789062,77.75,1092200
ES,2023-03-31,67.58456420898438,78.26000213623047,78.4800033569336,77.47000122070312,78.37999725341797,1734900
ES,2023-04-03,66.85053253173828,77.41000366210938,78.05000305175781,76.72000122070312,77.55000305175781,1676000
ES,2023-04-04,67.40321350097656,78.05000305175781,78.22000122070312,77.30999755859375,77.56999969482422,1072400
ES,2023-04-05,69.5362777709961,80.5199966430664,80.72000122070312,78.41999816894531,78.55999755859375,1808900
ES,2023-04-06,69.79535675048828,80.81999969482422,81.36000061035156,79.98999786376953,81.08999633789062,1175900
ES,2023-04-10,69.48446655273438,80.45999908447266,80.52999877929688,79.44000244140625,80.41000366210938,1179900
ES,2023-04-11,69.30311584472656,80.25,80.48999786376953,79.87999725341797,80.29000091552734,1907100
ES,2023-04-12,68.88858795166016,79.7699966430664,80.4800033569336,79.48999786376953,80.41000366210938,1868300
ES,2023-04-13,68.75906372070312,79.62000274658203,79.93000030517578,78.12000274658203,79.25,3175200
ES,2023-04-14,67.75728607177734,78.45999908447266,78.98999786376953,78.0999984741211,78.66000366210938,1676800
ES,2023-04-17,68.34453582763672,79.13999938964844,79.47000122070312,78.29000091552734,78.80999755859375,1540100
ES,2023-04-18,67.68820190429688,78.37999725341797,79.1500015258789,78.04000091552734,78.94000244140625,1629100
ES,2023-04-19,68.21498107910156,78.98999786376953,79.20999908447266,78.41000366210938,78.61000061035156,1112800
ES,2023-04-20,67.88682556152344,78.61000061035156,79.13999938964844,78.22000122070312,79.11000061035156,1276800
ES,2023-04-21,68.08544921875,78.83999633789062,79.58000183105469,78.37999725341797,79.27999877929688,1116600
ES,2023-04-24,68.5172348022461,79.33999633789062,79.45999908447266,78.36000061035156,78.95999908447266,847600
ES,2023-04-25,68.71588897705078,79.56999969482422,79.91999816894531,79.2699966430664,79.5,723700
ES,2023-04-26,66.93688201904297,77.51000213623047,79.43000030517578,77.45999908447266,78.83000183105469,1501500
ES,2023-04-27,67.34276580810547,77.9800033569336,78.5199966430664,76.83000183105469,77.5999984741211,1701700
ES,2023-04-28,67.02323913574219,77.61000061035156,78.33000183105469,77.11000061035156,77.5999984741211,2322000
ES,2023-05-01,67.11823272705078,77.72000122070312,78.63999938964844,77.41999816894531,77.48999786376953,1808000
ES,2023-05-02,66.0128402709961,76.44000244140625,77.70999908447266,76.16000366210938,77.58999633789062,1555600
ES,2023-05-03,66.185546875,76.63999938964844,77.48999786376953,76.19999694824219,77.26000213623047,1797800
ES,2023-05-04,66.25464630126953,76.72000122070312,77.12999725341797,75.62000274658203,76.55000305175781,2280500
ES,2023-05-05,66.87642669677734,77.44000244140625,77.97000122070312,76.05000305175781,76.54000091552734,1336400
ES,2023-05-08,66.28055572509766,76.75,77.91999816894531,76.37000274658203,77.12999725341797,1364900
ES,2023-05-09,66.02147674560547,76.44999694824219,76.69000244140625,75.81999969482422,76.69000244140625,1473300
ES,2023-05-10,66.47916412353516,76.9800033569336,77.16999816894531,76.0199966430664,77.05000305175781,1844500
ES,2023-05-11,65.8487548828125,76.25,77.16000366210938,75.93000030517578,76.95999908447266,1732000
ES,2023-05-12,66.5655288696289,77.08000183105469,77.27999877929688,76.62000274658203,76.62000274658203,1803500
ES,2023-05-15,66.35826873779297,76.83999633789062,77.52999877929688,75.95999908447266,77.43000030517578,2119700
ES,2023-05-16,64.354736328125,74.5199966430664,77.16999816894531,74.4800033569336,76.80000305175781,2306800
ES,2023-05-17,64.56824493408203,74.08999633789062,74.29000091552734,73.23999786376953,74.0,2725100
ES,2023-05-18,64.1586685180664,73.62000274658203,73.94000244140625,72.87000274658203,73.62000274658203,2210300
ES,2023-05-19,63.766475677490234,73.16999816894531,74.37999725341797,73.16999816894531,74.02999877929688,1670200
ES,2023-05-22,63.40047073364258,72.75,73.80000305175781,72.68000030517578,73.37000274658203,1830200
ES,2023-05-23,63.40047073364258,72.75,73.55999755859375,72.43000030517578,72.68000030517578,1502500
ES,2023-05-24,62.57255554199219,71.80000305175781,73.0,71.7699966430664,72.75,1871500
ES,2023-05-25,61.75337219238281,70.86000061035156,71.56999969482422,70.41999816894531,71.51000213623047,1726200
ES,2023-05-26,59.862247467041016,68.69000244140625,70.30000305175781,67.93000030517578,70.08000183105469,3965800
ES,2023-05-30,59.191200256347656,67.91999816894531,68.91000366210938,67.79000091552734,68.62000274658203,2120900
ES,2023-05-31,60.33283996582031,69.2300033569336,69.83000183105469,67.9000015258789,68.16000366210938,3574800
ES,2023-06-01,59.9842529296875,68.83000183105469,69.45999908447266,68.19000244140625,69.44000244140625,2355100
ES,2023-06-02,61.01260757446289,70.01000213623047,70.30000305175781,68.05000305175781,68.41000366210938,2754200
ES,2023-06-05,61.44833755493164,70.51000213623047,71.48999786376953,70.01000213623047,70.01000213623047,2142500
ES,2023-06-06,61.003902435302734,70.0,71.05000305175781,69.79000091552734,70.97000122070312,2007700
ES,2023-06-07,62.51155471801758,71.7300033569336,72.0,69.19999694824219,70.05999755859375,2659900
ES,2023-06-08,62.3895378112793,71.58999633789062,71.8499984741211,70.75,71.47000122070312,1852000
ES,2023-06-09,61.32634353637695,70.37000274658203,71.80000305175781,70.33000183105469,71.72000122070312,1620200
ES,2023-06-12,61.20433044433594,70.2300033569336,70.56999969482422,69.66999816894531,70.56999969482422,1834200
ES,2023-06-13,61.05617141723633,70.05999755859375,70.05999755859375,69.36000061035156,69.55999755859375,2362100
ES,2023-06-14,60.916744232177734,69.9000015258789,71.04000091552734,69.80999755859375,70.36000061035156,1660500
ES,2023-06-15,61.88407516479492,71.01000213623047,71.33999633789062,70.26000213623047,70.94999694824219,2275200
ES,2023-06-16,62.81658172607422,72.08000183105469,72.33999633789062,71.33000183105469,71.33000183105469,4269900
ES,2023-06-20,61.56163024902344,70.63999938964844,72.01000213623047,70.5999984741211,71.72000122070312,2207700
ES,2023-06-21,62.07581329345703,71.2300033569336,71.33999633789062,69.43000030517578,70.30999755859375,1649000
ES,2023-06-22,61.65749740600586,70.75,71.9800033569336,70.33999633789062,71.83999633789062,1584800
ES,2023-06-23,60.76858901977539,69.7300033569336,71.3499984741211,69.62000274658203,71.05999755859375,2878900
ES,2023-06-26,61.718502044677734,70.81999969482422,70.93000030517578,69.69000244140625,70.05000305175781,1475600
ES,2023-06-27,62.14554214477539,71.30999755859375,71.54000091552734,70.77999877929688,71.08999633789062,1902000
ES,2023-06-28,60.646583557128906,69.58999633789062,70.94000244140625,69.5199966430664,70.76000213623047,2252700
ES,2023-06-29,60.75986862182617,69.72000122070312,70.05000305175781,68.75,68.97000122070312,1733900
ES,2023-06-30,61.8056526184082,70.91999816894531,70.97000122070312,69.72000122070312,69.76000213623047,2583800
ES,2023-07-03,61.918941497802734,71.05000305175781,71.48999786376953,70.41000366210938,70.55000305175781,1027700
ES,2023-07-05,62.43311309814453,71.63999938964844,72.62999725341797,70.5,70.62999725341797,2925200
ES,2023-07-06,62.20652389526367,71.37999725341797,71.54000091552734,70.2300033569336,71.04000091552734,2001200
ES,2023-07-07,61.72722244262695,70.83000183105469,71.55999755859375,70.58000183105469,70.7300033569336,1702700
ES,2023-07-10,61.335044860839844,70.37999725341797,70.94999694824219,69.69999694824219,70.63999938964844,1310100
ES,2023-07-11,62.189117431640625,71.36000061035156,71.37999725341797,70.25,70.3499984741211,1373600
ES,2023-07-12,63.11286926269531,72.41999816894531,72.6500015258789,71.58000183105469,71.97000122070312,1644900
ES,2023-07-13,63.6531982421875,73.04000091552734,73.18000030517578,72.05000305175781,72.26000213623047,2208700
ES,2023-07-14,63.461463928222656,72.81999969482422,73.31999969482422,72.31999969482422,72.9000015258789,1545300
ES,2023-07-17,62.90372848510742,72.18000030517578,72.62000274658203,71.54000091552734,72.4000015258789,2068500
ES,2023-07-18,62.23268508911133,71.41000366210938,72.8499984741211,70.52999877929688,72.31999969482422,2004500
ES,2023-07-19,62.877586364746094,72.1500015258789,72.95999908447266,71.7699966430664,71.95999908447266,1597800
ES,2023-07-20,64.08893585205078,73.54000091552734,73.69999694824219,71.77999877929688,72.19999694824219,1581200
ES,2023-07-21,64.7599868774414,74.30999755859375,74.80999755859375,73.62999725341797,73.80999755859375,1848200
ES,2023-07-24,64.22837829589844,73.69999694824219,74.43000030517578,73.22000122070312,74.2699966430664,1830600
ES,2023-07-25,64.39395904541016,73.88999938964844,74.41000366210938,73.55999755859375,73.72000122070312,1497400
ES,2023-07-26,64.1586685180664,73.62000274658203,74.75,73.37000274658203,73.88999938964844,1617500
ES,2023-07-27,62.98215866088867,72.2699966430664,73.87000274658203,72.01000213623047,73.13999938964844,1781600
ES,2023-07-28,62.8339958190918,72.0999984741211,73.01000213623047,71.61000061035156,72.69000244140625,2103600
ES,2023-07-31,63.03444290161133,72.33000183105469,72.93000030517578,71.93000030517578,72.7300033569336,7162200
ES,2023-08-01,61.308902740478516,70.3499984741211,72.33000183105469,70.1500015258789,71.95999908447266,4156000
ES,2023-08-02,60.8296012878418,69.80000305175781,70.48999786376953,69.52999877929688,70.36000061035156,2130600
ES,2023-08-03,59.36549758911133,68.12000274658203,69.47000122070312,68.0199966430664,69.47000122070312,1818800
ES,2023-08-04,58.59859085083008,67.23999786376953,68.83000183105469,67.01000213623047,68.31999969482422,1731400
ES,2023-08-07,58.45914840698242,67.08000183105469,67.79000091552734,67.01000213623047,67.33000183105469,1536900
ES,2023-08-08,58.3371467590332,66.94000244140625,67.19000244140625,66.13999938964844,67.05000305175781,1677700
ES,2023-08-09,58.64216613769531,67.29000091552734,67.9000015258789,66.62999725341797,66.72000122070312,1546100
ES,2023-08-10,57.81424331665039,66.33999633789062,68.11000061035156,66.23999786376953,67.58000183105469,2635600
ES,2023-08-11,58.42428970336914,67.04000091552734,67.05000305175781,66.19999694824219,66.48999786376953,1473600
ES,2023-08-14,57.81424331665039,66.33999633789062,67.0,65.94000244140625,67.0,1702400
ES,2023-08-15,56.00157165527344,64.26000213623047,65.87999725341797,64.26000213623047,65.70999908447266,3118400
ES,2023-08-16,56.14100646972656,64.41999816894531,64.75,64.19000244140625,64.5,1346700
ES,2023-08-17,56.10614776611328,64.37999725341797,65.22000122070312,64.2699966430664,64.38999938964844,1503600
ES,2023-08-18,56.18458938598633,64.47000122070312,64.88999938964844,64.27999877929688,64.31999969482422,1680600
ES,2023-08-21,55.644256591796875,63.849998474121094,64.66000366210938,63.29999923706055,64.37999725341797,1646800
ES,2023-08-22,55.661685943603516,63.869998931884766,64.22000122070312,63.52000045776367,63.84000015258789,1271400
ES,2023-08-23,55.888267517089844,64.12999725341797,64.43000030517578,63.599998474121094,64.12000274658203,1913700
ES,2023-08-24,55.74884033203125,63.970001220703125,64.80999755859375,63.599998474121094,64.05999755859375,1976100
ES,2023-08-25,56.794612884521484,65.16999816894531,65.69999694824219,64.04000091552734,64.19999694824219,2271700
ES,2023-08-28,56.794612884521484,65.16999816894531,65.7699966430664,65.08999633789062,65.36000061035156,1351300
ES,2023-08-29,56.93406677246094,65.33000183105469,65.88999938964844,65.08000183105469,65.25,1090800
ES,2023-08-30,56.14100646972656,64.41999816894531,65.2300033569336,64.19000244140625,64.7699966430664,2958800
ES,2023-08-31,55.61811447143555,63.81999969482422,64.91000366210938,63.779998779296875,64.69999694824219,2421800
ES,2023-09-01,54.94707107543945,63.04999923706055,64.45999908447266,62.720001220703125,64.30999755859375,1809300
ES,2023-09-05,53.49169921875,61.380001068115234,62.95000076293945,61.13999938964844,62.86000061035156,2359700
ES,2023-09-06,53.143104553222656,60.97999954223633,61.52000045776367,60.369998931884766,61.5,3354200
ES,2023-09-07,53.46554946899414,61.349998474121094,61.97999954223633,60.97999954223633,61.47999954223633,2331700
ES,2023-09-08,54.10173416137695,62.08000183105469,62.11000061035156,61.150001525878906,61.619998931884766,2381100
ES,2023-09-11,54.34575271606445,62.36000061035156,62.709999084472656,62.02000045776367,62.040000915527344,1860000
ES,2023-09-12,54.37189483642578,62.38999938964844,62.650001525878906,61.72999954223633,62.529998779296875,1905100
ES,2023-09-13,55.20851135253906,63.349998474121094,63.650001525878906,62.599998474121094,62.630001068115234,1884400
ES,2023-09-14,56.15843200683594,64.44000244140625,64.45999908447266,63.7400016784668,63.88999938964844,2596500
ES,2023-09-15,55.95798873901367,64.20999908447266,64.83999633789062,64.05000305175781,64.23999786376953,4358600
ES,2023-09-18,56.027713775634766,64.29000091552734,64.4800033569336,63.36000061035156,64.25,1852200
ES,2023-09-19,55.59197235107422,63.790000915527344,64.52999877929688,63.72999954223633,64.33000183105469,1777000
ES,2023-09-20,55.7401237487793,63.959999084472656,64.37000274658203,63.45000076293945,64.1500015258789,2228600
ES,2023-09-21,55.78370666503906,64.01000213623047,64.83000183105469,63.38999938964844,63.849998474121094,3097100
ES,2023-09-22,55.11872100830078,62.58000183105469,63.15999984741211,62.380001068115234,63.08000183105469,2179700
ES,2023-09-25,54.44051742553711,61.810001373291016,62.36000061035156,61.41999816894531,62.06999969482422,2681100
ES,2023-09-26,52.59089660644531,59.709999084472656,61.66999816894531,59.68000030517578,61.66999816894531,2234600
ES,2023-09-27,51.76297378540039,58.77000045776367,59.90999984741211,58.470001220703125,59.560001373291016,2377900
ES,2023-09-28,50.52109146118164,57.36000061035156,59.189998626708984,57.220001220703125,59.150001525878906,2882100
ES,2023-09-29,51.21689224243164,58.150001525878906,58.83000183105469,57.61000061035156,58.0099983215332,3915000
ES,2023-10-02,49.08542251586914,55.72999954223633,57.849998474121094,55.150001525878906,57.810001373291016,3621700
ES,2023-10-03,49.36727523803711,56.04999923706055,56.27000045776367,54.209999084472656,55.189998626708984,3123800
ES,2023-10-04,49.42012405395508,56.11000061035156,56.310001373291016,55.08000183105469,56.11000061035156,2767700
ES,2023-10-05,48.62742233276367,55.209999084472656,56.029998779296875,54.869998931884766,56.029998779296875,2366900
ES,2023-10-06,49.155887603759766,55.810001373291016,55.97999954223633,53.099998474121094,54.45000076293945,3080800
ES,2023-10-09,50.4153938293457,57.2400016784668,57.27000045776367,55.599998474121094,55.810001373291016,2771100
ES,2023-10-10,51.33139419555664,58.279998779296875,58.54999923706055,57.470001220703125,57.5099983215332,3144400
ES,2023-10-11,51.93913269042969,58.970001220703125,59.029998779296875,57.91999816894531,58.650001525878906,2269200
ES,2023-10-12,48.0549201965332,54.560001373291016,59.2599983215332,54.13999938964844,58.790000915527344,6297000
ES,2023-10-13,48.46888732910156,55.029998779296875,55.09000015258789,53.720001220703125,54.41999816894531,4951000
ES,2023-10-16,49.499393463134766,56.20000076293945,56.439998626708984,53.849998474121094,55.25,3413700
ES,2023-10-17,48.847618103027344,55.459999084472656,56.540000915527344,55.2400016784668,55.560001373291016,2103500
ES,2023-10-18,47.99327850341797,54.4900016784668,55.709999084472656,54.290000915527344,55.36000061035156,3090000
ES,2023-10-19,47.47361373901367,53.900001525878906,54.93000030517578,53.810001373291016,54.279998779296875,2376500
ES,2023-10-20,47.12130355834961,53.5,54.81999969482422,53.369998931884766,53.939998626708984,2906000
ES,2023-10-23,46.205299377441406,52.459999084472656,53.38999938964844,52.209999084472656,52.86000061035156,3189700
ES,2023-10-24,47.588111877441406,54.029998779296875,54.400001525878906,52.91999816894531,53.220001220703125,2546500
ES,2023-10-25,47.75546646118164,54.220001220703125,54.36000061035156,53.15999984741211,53.220001220703125,2372200
ES,2023-10-26,47.70261764526367,54.15999984741211,55.400001525878906,54.130001068115234,54.47999954223633,2644200
ES,2023-10-27,46.82184600830078,53.15999984741211,54.59000015258789,52.97999954223633,54.0,2296800
ES,2023-10-30,47.02442169189453,53.38999938964844,53.970001220703125,52.45000076293945,53.439998626708984,2651700
ES,2023-10-31,47.37672805786133,53.790000915527344,54.09000015258789,53.040000915527344,53.65999984741211,2919700
ES,2023-11-01,46.76018524169922,53.09000015258789,53.79999923706055,52.029998779296875,53.06999969482422,3497500
ES,2023-11-02,47.80830764770508,54.279998779296875,54.63999938964844,53.45000076293945,53.5099983215332,2797400
ES,2023-11-03,48.82119369506836,55.43000030517578,56.310001373291016,54.93000030517578,55.38999938964844,4049300
ES,2023-11-06,49.81646728515625,56.560001373291016,56.61000061035156,54.689998626708984,54.83000183105469,5270700
ES,2023-11-07,49.631500244140625,56.349998474121094,57.63999938964844,55.630001068115234,56.369998931884766,3137900
ES,2023-11-08,49.050193786621094,55.689998626708984,56.34000015258789,54.900001525878906,56.16999816894531,2249200
ES,2023-11-09,47.77307891845703,54.2400016784668,56.130001068115234,54.209999084472656,55.970001220703125,2427100
ES,2023-11-10,47.38554000854492,53.79999923706055,54.75,53.630001068115234,54.56999969482422,2398300
ES,2023-11-13,46.707340240478516,53.029998779296875,53.7400016784668,52.4900016784668,53.7400016784668,2981600
ES,2023-11-14,49.52580642700195,56.22999954223633,56.380001068115234,54.2400016784668,54.59000015258789,2972900
ES,2023-11-15,50.424198150634766,57.25,57.619998931884766,56.040000915527344,56.209999084472656,3170600
ES,2023-11-16,50.62677764892578,57.47999954223633,58.279998779296875,56.86000061035156,57.720001220703125,2821600
ES,2023-11-17,51.533973693847656,58.5099983215332,58.900001525878906,57.29999923706055,57.630001068115234,5534200
ES,2023-11-20,51.34901428222656,58.29999923706055,58.59000015258789,57.119998931884766,58.060001373291016,2658800
ES,2023-11-21,51.807010650634766,58.81999969482422,59.029998779296875,57.9900016784668,58.40999984741211,2660800
ES,2023-11-22,52.4323616027832,59.529998779296875,59.599998474121094,58.47999954223633,59.09000015258789,3809000
ES,2023-11-24,52.194549560546875,59.2599983215332,59.61000061035156,58.95000076293945,59.40999984741211,946600
ES,2023-11-27,52.000789642333984,59.040000915527344,59.45000076293945,58.61000061035156,59.33000183105469,2353100
ES,2023-11-28,52.784671783447266,59.93000030517578,60.22999954223633,58.810001373291016,59.099998474121094,2586800
ES,2023-11-29,52.59089660644531,59.709999084472656,60.83000183105469,59.45000076293945,60.16999816894531,2562000
ES,2023-11-30,52.3266716003418,59.40999984741211,60.060001373291016,58.90999984741211,59.97999954223633,6350200
ES,2023-12-01,53.53333282470703,60.779998779296875,60.790000915527344,59.20000076293945,59.5099983215332,2103300
ES,2023-12-04,53.45405578613281,60.689998626708984,61.18000030517578,59.470001220703125,60.11000061035156,2223500
ES,2023-12-05,53.013671875,60.189998626708984,60.869998931884766,59.619998931884766,60.599998474121094,2029700
ES,2023-12-06,53.374786376953125,60.599998474121094,60.939998626708984,60.099998474121094,60.65999984741211,2653100
ES,2023-12-07,53.172210693359375,60.369998931884766,60.75,59.5,60.75,2712500
ES,2023-12-08,52.53805160522461,59.650001525878906,60.68000030517578,59.470001220703125,60.45000076293945,1923500
ES,2023-12-11,53.542137145996094,60.790000915527344,60.90999984741211,59.15999984741211,59.279998779296875,2885300
ES,2023-12-12,53.03128433227539,60.209999084472656,60.79999923706055,59.79999923706055,60.79999923706055,1773300
ES,2023-12-13,55.56790542602539,63.09000015258789,63.209999084472656,59.720001220703125,60.16999816894531,2357900
ES,2023-12-14,55.955440521240234,63.529998779296875,64.55999755859375,63.2400016784668,63.56999969482422,3227700
ES,2023-12-15,55.034061431884766,61.81999969482422,62.84000015258789,60.90999984741211,62.29999923706055,6718600
ES,2023-12-18,55.17649841308594,61.97999954223633,62.61000061035156,61.599998474121094,61.70000076293945,4266600
ES,2023-12-19,54.83821105957031,61.599998474121094,62.40999984741211,61.380001068115234,62.40999984741211,2339600
ES,2023-12-20,53.88566207885742,60.529998779296875,62.0099983215332,60.470001220703125,61.70000076293945,2264800
ES,2023-12-21,54.22395324707031,60.90999984741211,61.380001068115234,60.40999984741211,60.84000015258789,1106400
ES,2023-12-22,54.37528991699219,61.08000183105469,62.02000045776367,60.790000915527344,61.0099983215332,1062200
ES,2023-12-26,54.69577407836914,61.439998626708984,61.650001525878906,60.880001068115234,60.970001220703125,951900
ES,2023-12-27,54.624549865722656,61.36000061035156,61.630001068115234,61.02000045776367,61.43000030517578,1318500
ES,2023-12-28,55.15869140625,61.959999084472656,62.060001373291016,61.040000915527344,61.040000915527344,937700
ES,2023-12-29,54.94504165649414,61.720001220703125,61.86000061035156,61.13999938964844,61.540000915527344,1485900
ES,2024-01-02,56.74330520629883,63.7400016784668,63.84000015258789,61.38999938964844,61.5099983215332,2188000
ES,2024-01-03,57.23292541503906,64.29000091552734,64.63999938964844,62.900001525878906,63.470001220703125,2511800
ES,2024-01-04,55.98660659790039,62.88999938964844,64.63999938964844,62.81999969482422,64.33000183105469,2351100
ES,2024-01-05,55.256614685058594,62.06999969482422,62.849998474121094,61.65999984741211,62.70000076293945,3340600
ES,2024-01-08,55.96879959106445,62.869998931884766,62.880001068115234,61.83000183105469,61.91999816894531,1806600
ES,2024-01-09,51.63338088989258,58.0,59.779998779296875,57.959999084472656,59.779998779296875,7426200
ES,2024-01-10,51.95386505126953,58.36000061035156,58.4900016784668,57.130001068115234,57.349998474121094,3414900
ES,2024-01-11,50.849979400634766,57.119998931884766,58.22999954223633,56.29999923706055,58.119998931884766,2717500
ES,2024-01-12,50.63631820678711,56.880001068115234,57.65999984741211,56.630001068115234,57.4900016784668,2195400
ES,2024-01-16,50.06657028198242,56.2400016784668,56.90999984741211,55.970001220703125,56.68000030517578,2617800
ES,2024-01-17,48.749027252197266,54.7599983215332,56.36000061035156,54.54999923706055,55.52000045776367,2880700
ES,2024-01-18,48.07245635986328,54.0,54.83000183105469,53.54999923706055,54.5099983215332,2993700
ES,2024-01-19,47.547218322753906,53.40999984741211,54.06999969482422,53.0099983215332,54.0,5158000
ES,2024-01-22,46.98637008666992,52.779998779296875,54.0099983215332,52.630001068115234,53.599998474121094,3718700
ES,2024-01-23,47.07540512084961,52.880001068115234,53.439998626708984,52.09000015258789,53.0099983215332,4203100
ES,2024-01-24,47.32466506958008,53.15999984741211,53.560001373291016,52.86000061035156,53.380001068115234,6364800
ES,2024-01-25,48.83805465698242,54.86000061035156,55.060001373291016,53.869998931884766,54.470001220703125,4503500
ES,2024-01-26,49.06951141357422,55.119998931884766,56.13999938964844,54.77000045776367,55.220001220703125,4415800
ES,2024-01-29,49.105125427246094,55.15999984741211,55.560001373291016,54.5099983215332,54.97999954223633,2756400
ES,2024-01-30,48.79354476928711,54.810001373291016,55.41999816894531,54.65999984741211,54.939998626708984,3605200
ES,2024-01-31,48.268310546875,54.220001220703125,55.47999954223633,54.060001373291016,54.95000076293945,6070200
ES,2024-02-01,49.81731033325195,55.959999084472656,55.970001220703125,53.91999816894531,54.209999084472656,2422500
ES,2024-02-02,49.1407356262207,55.20000076293945,55.88999938964844,54.310001373291016,55.06999969482422,2443300
ES,2024-02-05,47.79648208618164,53.689998626708984,54.68000030517578,53.650001525878906,54.45000076293945,2224900
ES,2024-02-06,47.84100341796875,53.7400016784668,54.0099983215332,53.470001220703125,53.720001220703125,2942800
ES,2024-02-07,47.88550567626953,53.790000915527344,53.970001220703125,53.0099983215332,53.91999816894531,2379600
ES,2024-02-08,48.13477325439453,54.06999969482422,54.11000061035156,52.709999084472656,53.45000076293945,3148500
ES,2024-02-09,48.944881439208984,54.97999954223633,55.27000045776367,53.7599983215332,53.880001068115234,3498000
ES,2024-02-12,49.38109588623047,55.470001220703125,55.939998626708984,54.849998474121094,54.97999954223633,2375600
ES,2024-02-13,48.51757049560547,54.5,55.84000015258789,53.7599983215332,55.099998474121094,3391800
ES,2024-02-14,50.79656219482422,57.060001373291016,58.849998474121094,56.0,58.0099983215332,8427100
ES,2024-02-15,52.18531799316406,58.619998931884766,59.43000030517578,57.52000045776367,58.27000045776367,5745800
ES,2024-02-16,52.40788269042969,58.869998931884766,58.970001220703125,57.599998474121094,58.40999984741211,5241800
ES,2024-02-20,51.2060661315918,57.52000045776367,59.54999923706055,57.5099983215332,58.709999084472656,3555300
ES,2024-02-21,52.00727081298828,58.41999816894531,59.36000061035156,57.529998779296875,57.810001373291016,3286400
ES,2024-02-22,51.731300354003906,58.11000061035156,58.599998474121094,57.36000061035156,57.77000045776367,3568200
ES,2024-02-23,52.40788269042969,58.869998931884766,59.33000183105469,57.869998931884766,58.029998779296875,2184300
ES,2024-02-26,51.312896728515625,57.63999938964844,58.84000015258789,57.43000030517578,58.36000061035156,2045400
ES,2024-02-27,52.76396560668945,59.27000045776367,59.47999954223633,57.88999938964844,58.119998931884766,2677400
ES,2024-02-28,52.176414489746094,58.61000061035156,59.22999954223633,58.209999084472656,59.040000915527344,1741800
ES,2024-02-29,52.25654220581055,58.70000076293945,59.189998626708984,58.2400016784668,59.0099983215332,4728800
ES,2024-03-01,51.998374938964844,58.40999984741211,59.029998779296875,57.529998779296875,58.70000076293945,3089400
ES,2024-03-04,53.093406677246094,58.90999984741211,59.25,56.7599983215332,57.279998779296875,2789100
ES,2024-03-05,52.399436950683594,58.13999938964844,59.72999954223633,58.11000061035156,59.099998474121094,2516500
ES,2024-03-06,52.7238883972168,58.5,58.959999084472656,57.93000030517578,58.70000076293945,2078900
ES,2024-03-07,53.55304718017578,59.41999816894531,59.70000076293945,58.70000076293945,58.97999954223633,2297900
ES,2024-03-08,54.14788818359375,60.08000183105469,60.380001068115234,59.150001525878906,59.619998931884766,1874700
ES,2024-03-11,54.66161346435547,60.650001525878906,60.779998779296875,60.08000183105469,60.08000183105469,2871000
ES,2024-03-12,53.9045524597168,59.810001373291016,60.68000030517578,59.2599983215332,60.40999984741211,2028700
ES,2024-03-13,53.300697326660156,59.13999938964844,60.470001220703125,58.65999984741211,59.86000061035156,3252000
ES,2024-03-14,53.228599548339844,59.060001373291016,59.130001068115234,57.7599983215332,58.95000076293945,2950300
ES,2024-03-15,53.1024169921875,58.91999816894531,59.52000045776367,58.5,58.709999084472656,6062300
ES,2024-03-18,53.13847732543945,58.959999084472656,59.369998931884766,58.41999816894531,58.91999816894531,2246500
ES,2024-03-19,52.9942626953125,58.79999923706055,59.38999938964844,58.470001220703125,59.060001373291016,2784300
ES,2024-03-20,53.36378860473633,59.209999084472656,59.65999984741211,58.439998626708984,58.689998626708984,1955200
ES,2024-03-21,52.17411804199219,57.88999938964844,59.5,57.869998931884766,59.400001525878906,3736100
ES,2024-03-22,52.17411804199219,57.88999938964844,58.599998474121094,57.779998779296875,58.400001525878906,2157100
ES,2024-03-25,51.84064865112305,57.52000045776367,58.25,57.189998626708984,57.88999938964844,1923800
ES,2024-03-26,50.732093811035156,56.290000915527344,57.81999969482422,56.15999984741211,57.4900016784668,2165600
ES,2024-03-27,53.156494140625,58.97999954223633,58.9900016784668,56.90999984741211,56.90999984741211,2840900
ES,2024-03-28,53.86849594116211,59.77000045776367,59.9900016784668,58.79999923706055,59.27000045776367,1921000
ES,2024-04-01,53.066375732421875,58.880001068115234,59.709999084472656,58.529998779296875,59.709999084472656,1533100
ES,2024-04-02,53.41786575317383,59.27000045776367,59.650001525878906,58.5099983215332,58.560001373291016,1839500
ES,2024-04-03,52.66080093383789,58.43000030517578,59.27000045776367,58.040000915527344,59.18000030517578,1660800
ES,2024-04-04,53.1024169921875,58.91999816894531,59.599998474121094,58.29999923706055,59.43000030517578,1733600
ES,2024-04-05,52.73290252685547,58.5099983215332,58.849998474121094,58.060001373291016,58.54999923706055,1426100
ES,2024-04-08,53.598121643066406,59.470001220703125,59.61000061035156,58.58000183105469,58.58000183105469,1654300
ES,2024-04-09,54.03973388671875,59.959999084472656,60.439998626708984,59.43000030517578,59.56999969482422,1860600
ES,2024-04-10,53.23760986328125,59.06999969482422,59.38999938964844,58.279998779296875,59.2400016784668,2344800
ES,2024-04-11,53.309715270996094,59.150001525878906,59.65999984741211,58.540000915527344,59.4900016784668,1310100
ES,2024-04-12,52.985260009765625,58.790000915527344,59.5,58.43000030517578,59.349998474121094,2204600
ES,2024-04-15,52.489566802978516,58.2400016784668,59.25,57.66999816894531,59.02000045776367,2131400
ES,2024-04-16,51.552249908447266,57.20000076293945,57.900001525878906,56.66999816894531,57.900001525878906,2391600
ES,2024-04-17,52.73290252685547,58.5099983215332,58.56999969482422,57.06999969482422,57.540000915527344,1994000
ES,2024-04-18,53.16550827026367,58.9900016784668,59.189998626708984,58.08000183105469,58.77000045776367,1626200
ES,2024-04-19,53.79638671875,59.689998626708984,59.90999984741211,58.97999954223633,59.119998931884766,2323400
ES,2024-04-22,54.34616470336914,60.29999923706055,60.849998474121094,59.459999084472656,59.68000030517578,1559400
ES,2024-04-23,54.3912239074707,60.349998474121094,60.9900016784668,59.81999969482422,60.029998779296875,1831900
ES,2024-04-24,54.832847595214844,60.84000015258789,61.04999923706055,59.439998626708984,59.630001068115234,2087300
ES,2024-04-25,54.5444450378418,60.52000045776367,61.18000030517578,59.66999816894531,60.88999938964844,1432000
ES,2024-04-26,53.58910369873047,59.459999084472656,60.75,59.43000030517578,60.56999969482422,1590700
ES,2024-04-29,54.4903678894043,60.459999084472656,60.77000045776367,59.68000030517578,59.81999969482422,1789900
ES,2024-04-30,54.63457107543945,60.619998931884766,60.880001068115234,59.099998474121094,59.849998474121094,3515900
ES,2024-05-01,55.53583526611328,61.619998931884766,62.4900016784668,60.439998626708984,60.65999984741211,2087400
ES,2024-05-02,54.751731872558594,60.75,63.2400016784668,60.31999969482422,62.619998931884766,3164800
ES,2024-05-03,54.08479690551758,60.0099983215332,61.5,58.900001525878906,61.189998626708984,3447900
ES,2024-05-06,53.81442642211914,59.709999084472656,60.43000030517578,59.560001373291016,60.220001220703125,1751100
ES,2024-05-07,55.1302604675293,61.16999816894531,61.2599983215332,60.029998779296875,60.130001068115234,2076200
ES,2024-05-08,55.013099670410156,61.040000915527344,61.33000183105469,60.5099983215332,60.880001068115234,1567900
ES,2024-05-09,55.66200637817383,61.7599983215332,61.86000061035156,60.65999984741211,60.939998626708984,1376500
ES,2024-05-10,55.80620574951172,61.91999816894531,62.25,61.40999984741211,62.099998474121094,1635800
ES,2024-05-13,55.229400634765625,61.279998779296875,61.900001525878906,61.06999969482422,61.79999923706055,2147200
ES,2024-05-14,54.88692855834961,60.900001525878906,61.9900016784668,60.86000061035156,61.880001068115234,1767500
ES,2024-05-15,55.20155334472656,60.529998779296875,61.0099983215332,60.31999969482422,60.849998474121094,2109000
ES,2024-05-16,56.049678802490234,61.459999084472656,61.83000183105469,60.189998626708984,60.529998779296875,3011100
ES,2024-05-17,55.59370040893555,60.959999084472656,61.380001068115234,60.619998931884766,61.25,1921700
ES,2024-05-20,55.429542541503906,60.779998779296875,61.0099983215332,60.61000061035156,61.0,980500
ES,2024-05-21,55.830810546875,61.220001220703125,61.349998474121094,60.68000030517578,60.81999969482422,1622600
ES,2024-05-22,54.54494094848633,59.810001373291016,61.04999923706055,59.7599983215332,60.650001525878906,1565600
ES,2024-05-23,52.465641021728516,57.529998779296875,59.29999923706055,57.45000076293945,59.279998779296875,1776800
ES,2024-05-24,52.465641021728516,57.529998779296875,58.310001373291016,57.349998474121094,57.619998931884766,2058900
ES,2024-05-28,51.79990768432617,56.79999923706055,58.38999938964844,56.7599983215332,57.68000030517578,1506200
ES,2024-05-29,51.772544860839844,56.77000045776367,56.86000061035156,56.060001373291016,56.349998474121094,1972300
ES,2024-05-30,52.50212097167969,57.56999969482422,57.599998474121094,56.689998626708984,57.13999938964844,1675300
ES,2024-05-31,54.015987396240234,59.22999954223633,59.2599983215332,57.65999984741211,57.849998474121094,4679600
ES,2024-06-03,54.4263801574707,59.68000030517578,59.91999816894531,59.0,59.27000045776367,2077300
ES,2024-06-04,55.466026306152344,60.81999969482422,61.029998779296875,59.43000030517578,59.63999938964844,2705300
ES,2024-06-05,54.28046417236328,59.52000045776367,60.81999969482422,59.459999084472656,60.790000915527344,1865400
ES,2024-06-06,53.65119934082031,58.83000183105469,60.25,58.720001220703125,59.220001220703125,1238300
ES,2024-06-07,53.42321014404297,58.58000183105469,59.060001373291016,58.22999954223633,58.33000183105469,1944500
ES,2024-06-10,53.842716217041016,59.040000915527344,59.380001068115234,58.290000915527344,58.45000076293945,1785700
ES,2024-06-11,53.88832092285156,59.09000015258789,59.29999923706055,58.349998474121094,58.349998474121094,1661900
ES,2024-06-12,53.751522064208984,58.939998626708984,60.0,58.36000061035156,60.0,1301800
ES,2024-06-13,53.54176712036133,58.709999084472656,59.20000076293945,57.810001373291016,59.060001373291016,1411000
ES,2024-06-14,53.81535339355469,59.0099983215332,59.150001525878906,58.02000045776367,58.400001525878906,1677400
ES,2024-06-17,52.57508087158203,57.650001525878906,58.790000915527344,57.5099983215332,58.47999954223633,2293000
ES,2024-06-18,52.89426040649414,58.0,58.20000076293945,57.43000030517578,57.43000030517578,2352800
ES,2024-06-20,52.88514709472656,57.9900016784668,58.470001220703125,57.5,57.79999923706055,1734500
ES,2024-06-21,52.14645004272461,57.18000030517578,58.29999923706055,57.18000030517578,58.0,4128000
ES,2024-06-24,52.89426040649414,58.0,58.13999938964844,57.02000045776367,57.310001373291016,1569400
ES,2024-06-25,52.064369201660156,57.09000015258789,58.349998474121094,57.029998779296875,58.08000183105469,1542700
ES,2024-06-26,51.9549446105957,56.970001220703125,57.13999938964844,56.349998474121094,56.84000015258789,1407800
ES,2024-06-27,52.15557098388672,57.189998626708984,57.65999984741211,56.77000045776367,56.90999984741211,1274000
ES,2024-06-28,51.71782684326172,56.709999084472656,57.400001525878906,56.29999923706055,57.33000183105469,3215800
ES,2024-07-01,51.581031799316406,56.560001373291016,57.38999938964844,56.31999969482422,57.06999969482422,1984800
ES,2024-07-02,51.544551849365234,56.52000045776367,57.27000045776367,56.27000045776367,56.72999954223633,1987100
ES,2024-07-03,52.265010833740234,57.310001373291016,57.84000015258789,56.68000030517578,56.779998779296875,1105600
ES,2024-07-05,52.2285270690918,57.27000045776367,57.869998931884766,57.04999923706055,57.349998474121094,1753600
ES,2024-07-08,52.265010833740234,57.310001373291016,57.4900016784668,57.0,57.18000030517578,1535600
ES,2024-07-09,52.74835205078125,57.84000015258789,57.90999984741211,56.880001068115234,57.2400016784668,1914800
ES,2024-07-10,52.97634506225586,58.09000015258789,58.16999816894531,57.290000915527344,58.0,1876900
ES,2024-07-11,54.1710319519043,59.400001525878906,59.720001220703125,58.470001220703125,58.63999938964844,2619600
ES,2024-07-12,55.028282165527344,60.34000015258789,60.619998931884766,59.22999954223633,59.61000061035156,2294900
ES,2024-07-15,54.0433464050293,59.2599983215332,60.15999984741211,59.06999969482422,59.86000061035156,1625000
ES,2024-07-16,54.46285629272461,59.720001220703125,59.810001373291016,59.15999984741211,59.58000183105469,1413200
ES,2024-07-17,56.13176727294922,61.54999923706055,61.810001373291016,59.63999938964844,59.7400016784668,2593700
ES,2024-07-18,55.985843658447266,61.38999938964844,62.380001068115234,61.02000045776367,61.119998931884766,1695300
ES,2024-07-19,55.721370697021484,61.099998474121094,61.61000061035156,60.630001068115234,61.61000061035156,1696000
ES,2024-07-22,56.323272705078125,61.7599983215332,62.119998931884766,61.04999923706055,61.25,1530700
ES,2024-07-23,55.466026306152344,60.81999969482422,62.0,60.7400016784668,61.83000183105469,1183900
ES,2024-07-24,57.481475830078125,63.029998779296875,63.119998931884766,61.290000915527344,61.63999938964844,2386500
ES,2024-07-25,58.00130081176758,63.599998474121094,64.7699966430664,63.119998931884766,63.41999816894531,3254400
ES,2024-07-26,58.82207489013672,64.5,64.56999969482422,63.34000015258789,63.689998626708984,3160900
ES,2024-07-29,59.22334289550781,64.94000244140625,65.37000274658203,64.23999786376953,64.66000366210938,2395700
ES,2024-07-30,60.15354919433594,65.95999908447266,66.06999969482422,64.62999725341797,64.80999755859375,2054000
ES,2024-07-31,59.195987701416016,64.91000366210938,65.80000305175781,64.7699966430664,65.61000061035156,4958500
ES,2024-08-01,60.253868103027344,66.06999969482422,66.38999938964844,64.27999877929688,64.31999969482422,2578100
ES,2024-08-02,61.20231628417969,67.11000061035156,68.72000122070312,65.7699966430664,67.94999694824219,2955900
ES,2024-08-05,59.29629135131836,65.0199966430664,67.51000213623047,64.94999694824219,67.18000030517578,2500500
ES,2024-08-06,59.72492599487305,65.48999786376953,65.97000122070312,65.0199966430664,65.05999755859375,2173600
ES,2024-08-07,59.5881233215332,65.33999633789062,66.33999633789062,65.25,65.7300033569336,1887100
ES,2024-08-08,59.14126205444336,64.8499984741211,65.56999969482422,64.5,64.68000030517578,2782400
ES,2024-08-09,59.195987701416016,64.91000366210938,65.16999816894531,63.77000045776367,65.08000183105469,2768900
ES,2024-08-12,59.15950393676758,64.87000274658203,65.2300033569336,64.52999877929688,64.87000274658203,2606000
ES,2024-08-13,59.962039947509766,65.75,65.81999969482422,64.98999786376953,65.08000183105469,2426200
ES,2024-08-14,60.600406646728516,66.44999694824219,66.75,65.25,65.3499984741211,2474700
ES,2024-08-15,59.14126205444336,64.8499984741211,65.93000030517578,64.66000366210938,65.51000213623047,3628300
ES,2024-08-16,59.37837219238281,65.11000061035156,65.20999908447266,64.72000122070312,65.05999755859375,2269200
ES,2024-08-19,60.04410934448242,65.83999633789062,65.9800033569336,64.91999816894531,65.0999984741211,2722500
ES,2024-08-20,60.190025329589844,66.0,66.12999725341797,65.72000122070312,65.9000015258789,2194100
ES,2024-08-21,60.67337417602539,66.52999877929688,66.70999908447266,65.9800033569336,66.0,2247700
ES,2024-08-22,61.229671478271484,67.13999938964844,67.25,66.62000274658203,66.6500015258789,2483400
ES,2024-08-23,60.90135955810547,66.77999877929688,67.44000244140625,66.55999755859375,67.36000061035156,1562900
ES,2024-08-26,61.07464599609375,66.97000122070312,67.25,66.6500015258789,67.0,1406100
ES,2024-08-27,60.59130096435547,66.44000244140625,67.11000061035156,66.30000305175781,66.86000061035156,1560500
ES,2024-08-28,61.13848114013672,67.04000091552734,67.33000183105469,66.45999908447266,66.54000091552734,1366800
ES,2024-08-29,60.79193115234375,66.66000366210938,67.29000091552734,66.08000183105469,67.02999877929688,1089700
ES,2024-08-30,61.58534240722656,67.52999877929688,67.54000091552734,66.37999725341797,66.88999938964844,3607800
ES,2024-09-03,61.767730712890625,67.7300033569336,68.12999725341797,67.26000213623047,67.5,1526500
ES,2024-09-04,62.169002532958984,68.16999816894531,68.69999694824219,67.41000366210938,67.72000122070312,1572000
ES,2024-09-05,62.05956268310547,68.05000305175781,69.01000213623047,67.91000366210938,69.01000213623047,1366400
ES,2024-09-06,61.46678924560547,67.4000015258789,68.41000366210938,67.33000183105469,68.20999908447266,1104600
ES,2024-09-09,62.06869125366211,68.05999755859375,68.08999633789062,67.4000015258789,67.5199966430664,1351400
ES,2024-09-10,62.01396942138672,68.0,68.5999984741211,67.54000091552734,68.16999816894531,2617300
ES,2024-09-11,61.822452545166016,67.79000091552734,67.86000061035156,66.87999725341797,67.68000030517578,2126100
ES,2024-09-12,61.55799102783203,67.5,68.41000366210938,67.16999816894531,67.91000366210938,1685000
ES,2024-09-13,61.98661422729492,67.97000122070312,68.0,67.37000274658203,67.58000183105469,1850200
ES,2024-09-16,62.378761291503906,68.4000015258789,68.7300033569336,68.02999877929688,68.30000305175781,1984800
ES,2024-09-17,62.223724365234375,68.2300033569336,68.62000274658203,68.04000091552734,68.4000015258789,1600300
ES,2024-09-18,61.548858642578125,67.48999786376953,68.1500015258789,67.13999938964844,67.94999694824219,1624800
ES,2024-09-19,61.284393310546875,67.19999694824219,67.38999938964844,66.47000122070312,67.05999755859375,2331500
ES,2024-09-20,61.229671478271484,67.13999938964844,67.54000091552734,66.7699966430664,67.13999938964844,4668600
ES,2024-09-23,61.32646179199219,66.52999877929688,66.95999908447266,66.33000183105469,66.93000030517578,2064800
ES,2024-09-24,61.31723403930664,66.5199966430664,67.37999725341797,66.0,66.18000030517578,1999600
ES,2024-09-25,60.95774841308594,66.12999725341797,66.87999725341797,65.9800033569336,66.83999633789062,1554800
ES,2024-09-26,60.828704833984375,65.98999786376953,67.0,65.80999755859375,65.9800033569336,1432700
ES,2024-09-27,62.23902893066406,67.5199966430664,67.68000030517578,66.18000030517578,66.18000030517578,1844600
ES,2024-09-30,62.72757339477539,68.05000305175781,68.16999816894531,67.44000244140625,67.44000244140625,1888300
ES,2024-10-01,62.43259811401367,67.7300033569336,68.0999984741211,66.70999908447266,67.62999725341797,3450800
ES,2024-10-02,61.4647331237793,66.68000030517578,67.97000122070312,66.13999938964844,67.16999816894531,2741600
ES,2024-10-03,60.73652267456055,65.88999938964844,66.98999786376953,65.56999969482422,66.6500015258789,1604600
ES,2024-10-04,60.26639938354492,65.37999725341797,65.58999633789062,64.68000030517578,65.06999969482422,1593500
ES,2024-10-07,59.06808853149414,64.08000183105469,65.2699966430664,64.01000213623047,65.0,1374500
ES,2024-10-08,58.73624038696289,63.720001220703125,64.48999786376953,63.68000030517578,64.45999908447266,2061000
ES,2024-10-09,58.43205642700195,63.38999938964844,64.62000274658203,63.099998474121094,63.75,1533800
ES,2024-10-10,58.865291595458984,63.86000061035156,64.41999816894531,63.189998626708984,63.66999816894531,2094200
ES,2024-10-11,58.82842254638672,63.81999969482422,64.01000213623047,63.45000076293945,63.83000183105469,1718100
ES,2024-10-14,59.01277160644531,64.0199966430664,64.08999633789062,63.599998474121094,63.81999969482422,1677500
ES,2024-10-15,60.284847259521484,65.4000015258789,65.70999908447266,64.26000213623047,64.36000061035156,3339800
ES,2024-10-16,60.60747146606445,65.75,65.94000244140625,65.27999877929688,65.72000122070312,2259900
ES,2024-10-17,59.91613006591797,65.0,65.87999725341797,64.95999908447266,65.87000274658203,1624300
ES,2024-10-18,60.95774841308594,66.12999725341797,66.5,64.77999877929688,65.13999938964844,1622400
ES,2024-10-21,60.95774841308594,66.12999725341797,66.48999786376953,65.83999633789062,66.2300033569336,1227800
ES,2024-10-22,61.0499267578125,66.2300033569336,66.36000061035156,65.29000091552734,65.94000244140625,1297100
ES,2024-10-23,61.8426628112793,67.08999633789062,67.1500015258789,66.16999816894531,66.27999877929688,1382900
ES,2024-10-24,61.59378433227539,66.81999969482422,67.2300033569336,66.5,67.2300033569336,1499100
ES,2024-10-25,60.690425872802734,65.83999633789062,67.13999938964844,65.77999877929688,66.91999816894531,1386900
ES,2024-10-28,61.289588928222656,66.48999786376953,66.83999633789062,66.0,66.19000244140625,1554400
ES,2024-10-29,59.5013313293457,64.55000305175781,66.20999908447266,64.33999633789062,66.05999755859375,1891400
ES,2024-10-30,60.36780548095703,65.48999786376953,65.63999938964844,64.68000030517578,64.94999694824219,2212300
ES,2024-10-31,60.699642181396484,65.8499984741211,66.62000274658203,65.48999786376953,65.55000305175781,3621700
ES,2024-11-01,58.69015121459961,63.66999816894531,66.23999786376953,63.58000183105469,65.76000213623047,2303900
ES,2024-11-04,58.4412727355957,63.400001525878906,64.16000366210938,63.02000045776367,63.43000030517578,2063700
ES,2024-11-05,57.21529006958008,62.06999969482422,63.33000183105469,61.040000915527344,63.0099983215332,4821000
ES,2024-11-06,55.95244598388672,60.70000076293945,61.77000045776367,59.880001068115234,61.77000045776367,4184200
ES,2024-11-07,56.06306457519531,60.81999969482422,61.7599983215332,60.58000183105469,60.790000915527344,2853100
ES,2024-11-08,56.59769821166992,61.400001525878906,61.61000061035156,60.90999984741211,61.0,2412700
ES,2024-11-11,56.31194305419922,61.09000015258789,61.529998779296875,60.83000183105469,61.11000061035156,2131300
ES,2024-11-12,55.832611083984375,60.56999969482422,61.0,60.18000030517578,60.810001373291016,1699100
ES,2024-11-13,56.08150100708008,60.84000015258789,61.040000915527344,60.13999938964844,60.95000076293945,2014200
ES,2024-11-14,56.671443939208984,61.47999954223633,61.91999816894531,60.65999984741211,60.75,1728600
ES,2024-11-15,57.01249694824219,61.849998474121094,62.060001373291016,61.119998931884766,61.220001220703125,1718500
ES,2024-11-18,57.21529006958008,62.06999969482422,62.27000045776367,61.470001220703125,61.630001068115234,1684000
ES,2024-11-19,56.8465690612793,61.66999816894531,61.88999938964844,61.130001068115234,61.88999938964844,2130700
ES,2024-11-20,56.79127502441406,61.61000061035156,61.63999938964844,61.189998626708984,61.58000183105469,2371600
ES,2024-11-21,57.84210968017578,62.75,62.79999923706055,61.38999938964844,61.68000030517578,1452800
ES,2024-11-22,58.42283630371094,63.380001068115234,63.75,62.650001525878906,62.83000183105469,1415900
ES,2024-11-25,58.97591018676758,63.97999954223633,64.06999969482422,63.369998931884766,63.77000045776367,3368900
ES,2024-11-26,58.60719680786133,63.58000183105469,63.849998474121094,62.83000183105469,63.779998779296875,1420800
ES,2024-11-27,59.53819274902344,64.58999633789062,65.20999908447266,63.560001373291016,63.7400016784668,1309800
ES,2024-11-29,59.44601821899414,64.48999786376953,64.70999908447266,64.05000305175781,64.62000274658203,912500
ES,2024-12-02,58.69015121459961,63.66999816894531,64.48999786376953,63.369998931884766,64.48999786376953,2165500
ES,2024-12-03,56.514739990234375,61.310001373291016,63.54999923706055,61.27000045776367,63.0,2208300
ES,2024-12-04,56.957191467285156,61.790000915527344,62.77000045776367,61.06999969482422,61.31999969482422,2831000
ES,2024-12-05,56.81892776489258,61.63999938964844,62.20000076293945,61.400001525878906,61.97999954223633,1674600
ES,2024-12-06,55.10440444946289,59.779998779296875,61.880001068115234,59.66999816894531,61.650001525878906,2574400
ES,2024-12-09,55.53764343261719,60.25,61.16999816894531,59.65999984741211,60.0,2299300
ES,2024-12-10,55.80495834350586,60.540000915527344,60.91999816894531,59.040000915527344,60.369998931884766,1782300
ES,2024-12-11,55.297977447509766,59.9900016784668,60.849998474121094,59.65999984741211,60.470001220703125,1987900
ES,2024-12-12,55.113624572753906,59.790000915527344,60.29999923706055,59.47999954223633,59.959999084472656,2153100
ES,2024-12-13,54.86473846435547,59.52000045776367,60.13999938964844,59.2599983215332,59.56999969482422,1495100
ES,2024-12-16,53.58345413208008,58.130001068115234,59.63999938964844,58.0099983215332,59.43000030517578,2334200
ES,2024-12-17,53.93373107910156,58.5099983215332,59.029998779296875,57.720001220703125,57.86000061035156,1852700
ES,2024-12-18,52.4079704284668,56.15999984741211,58.04999923706055,56.130001068115234,57.529998779296875,2483200
ES,2024-12-19,52.16534423828125,55.900001525878906,56.86000061035156,55.88999938964844,56.150001525878906,2855400
ES,2024-12-20,53.14519119262695,56.95000076293945,57.13999938964844,55.81999969482422,55.900001525878906,7254700
ES,2024-12-23,53.35982131958008,57.18000030517578,57.22999954223633,56.279998779296875,56.709999084472656,1911700
ES,2024-12-24,53.45314025878906,57.279998779296875,57.33000183105469,56.81999969482422,57.0099983215332,552200
ES,2024-12-26,53.509132385253906,57.34000015258789,57.63999938964844,57.0,57.02000045776367,1354500
ES,2024-12-27,53.4904670715332,57.31999969482422,57.79999923706055,56.77000045776367,56.97999954223633,1083300
ES,2024-12-30,53.4718017578125,57.29999923706055,57.5099983215332,56.84000015258789,57.31999969482422,1742000
ES,2024-12-31,53.59312057495117,57.43000030517578,57.75,56.91999816894531,57.400001525878906,1635500
ES,2025-01-02,53.509132385253906,57.34000015258789,58.040000915527344,57.20000076293945,57.869998931884766,1840300
ES,2025-01-03,53.481136322021484,57.310001373291016,57.790000915527344,57.16999816894531,57.41999816894531,1718900
ES,2025-01-06,52.47328567504883,56.22999954223633,57.380001068115234,55.93000030517578,57.099998474121094,1806000
ES,2025-01-07,52.333309173583984,56.08000183105469,57.189998626708984,56.0099983215332,56.560001373291016,2007300
ES,2025-01-08,52.9305534362793,56.720001220703125,56.7599983215332,55.310001373291016,55.7400016784668,2177900
ES,2025-01-10,51.91337585449219,55.630001068115234,56.779998779296875,55.599998474121094,55.959999084472656,3693800
ES,2025-01-13,52.128013610839844,55.86000061035156,56.040000915527344,54.75,55.9900016784668,2317300
ES,2025-01-14,52.239994049072266,55.97999954223633,56.310001373291016,55.79999923706055,55.81999969482422,1748000
ES,2025-01-15,52.82790756225586,56.61000061035156,57.349998474121094,56.45000076293945,56.849998474121094,2277700
ES,2025-01-16,54.237022399902344,58.119998931884766,58.15999984741211,56.439998626708984,56.47999954223633,2310500
ES,2025-01-17,54.003726959228516,57.869998931884766,58.5099983215332,57.689998626708984,58.040000915527344,2137900
ES,2025-01-21,54.33967590332031,58.22999954223633,58.56999969482422,57.959999084472656,58.04999923706055,2048400
ES,2025-01-22,52.06269073486328,55.790000915527344,57.95000076293945,55.7599983215332,57.849998474121094,1944400
ES,2025-01-23,52.47328567504883,56.22999954223633,56.810001373291016,55.720001220703125,56.13999938964844,2438900
ES,2025-01-24,52.557281494140625,56.31999969482422,56.400001525878906,55.77000045776367,55.939998626708984,2938800
ES,2025-01-27,54.33967590332031,58.22999954223633,58.560001373291016,56.83000183105469,56.900001525878906,5876400
ES,2025-01-28,53.83574676513672,57.689998626708984,59.59000015258789,57.41999816894531,59.0,3574100
ES,2025-01-29,53.45314025878906,57.279998779296875,58.060001373291016,57.150001525878906,57.54999923706055,2657600
ES,2025-01-30,53.58378982543945,57.41999816894531,58.119998931884766,57.029998779296875,57.97999954223633,2693900
ES,2025-01-31,53.826419830322266,57.68000030517578,58.13999938964844,57.099998474121094,57.36000061035156,12767900
ES,2025-02-03,54.59163284301758,58.5,58.66999816894531,56.709999084472656,57.529998779296875,3183500
ES,2025-02-04,54.15303421020508,58.029998779296875,58.349998474121094,57.290000915527344,57.91999816894531,2480500
ES,2025-02-05,54.65695571899414,58.56999969482422,59.11000061035156,58.220001220703125,58.59000015258789,2379000
ES,2025-02-06,55.002235412597656,58.939998626708984,59.040000915527344,58.41999816894531,58.61000061035156,2305800
ES,2025-02-07,55.450164794921875,59.41999816894531,59.66999816894531,58.459999084472656,58.849998474121094,2310900
ES,2025-02-10,56.44868469238281,60.4900016784668,60.63999938964844,59.310001373291016,59.369998931884766,3379300
ES,2025-02-11,57.35387420654297,61.459999084472656,61.63999938964844,59.7599983215332,60.20000076293945,3212700
ES,2025-02-12,55.730125427246094,59.720001220703125,60.70000076293945,58.75,60.060001373291016,4620200
ES,2025-02-13,58.32439041137695,62.5,63.470001220703125,59.72999954223633,59.79999923706055,5354800
ES,2025-02-14,57.42853546142578,61.540000915527344,63.16999816894531,61.459999084472656,62.5,3268700
ES,2025-02-18,57.40053939819336,61.5099983215332,61.880001068115234,60.060001373291016,61.63999938964844,4230200
ES,2025-02-19,58.51103210449219,62.70000076293945,62.72999954223633,61.349998474121094,61.5099983215332,2853800
ES,2025-02-20,59.14560317993164,63.380001068115234,63.58000183105469,62.0,62.65999984741211,3294100
ES,2025-02-21,59.13627624511719,63.369998931884766,63.630001068115234,62.77000045776367,62.83000183105469,3830700
ES,2025-02-24,58.81898498535156,63.029998779296875,63.88999938964844,62.540000915527344,63.529998779296875,3177900
ES,2025-02-25,59.53754806518555,63.79999923706055,64.37000274658203,63.029998779296875,63.380001068115234,2660900
ES,2025-02-26,59.22025680541992,63.459999084472656,63.959999084472656,63.11000061035156,63.54999923706055,2324000
ES,2025-02-27,58.24040222167969,62.40999984741211,63.380001068115234,62.209999084472656,62.83000183105469,2489500
ES,2025-02-28,58.800315856933594,63.0099983215332,63.56999969482422,62.31999969482422,62.91999816894531,3890900
ES,2025-03-03,58.800315856933594,63.0099983215332,63.529998779296875,62.560001373291016,62.77000045776367,2622500
ES,2025-03-04,56.423072814941406,59.7400016784668,62.70000076293945,59.66999816894531,62.58000183105469,3223700
ES,2025-03-05,55.525821685791016,58.790000915527344,60.25,58.7599983215332,59.5099983215332,2119600
ES,2025-03-06,55.450260162353516,58.709999084472656,58.93000030517578,57.869998931884766,58.790000915527344,3200800
ES,2025-03-07,57.5942268371582,60.97999954223633,61.25,58.86000061035156,58.91999816894531,2954700
ES,2025-03-10,58.33091354370117,61.7599983215332,62.88999938964844,61.150001525878906,61.2400016784668,3445700
ES,2025-03-11,57.178653717041016,60.540000915527344,61.7599983215332,60.40999984741211,61.75,2498600
ES,2025-03-12,56.149173736572266,59.45000076293945,60.38999938964844,59.220001220703125,60.0,2084900
ES,2025-03-13,56.77253341674805,60.11000061035156,60.5,59.52000045776367,59.65999984741211,2172100
ES,2025-03-14,57.98146057128906,61.38999938964844,61.689998626708984,59.88999938964844,59.959999084472656,1851900
ES,2025-03-17,58.085350036621094,61.5,62.38999938964844,61.27000045776367,61.720001220703125,2979900
ES,2025-03-18,58.46314239501953,61.900001525878906,61.90999984741211,60.9900016784668,61.209999084472656,1671200
ES,2025-03-19,58.085350036621094,61.5,62.25,61.290000915527344,61.66999816894531,1591300
ES,2025-03-20,58.1797981262207,61.599998474121094,62.04999923706055,61.150001525878906,61.61000061035156,1485100
ES,2025-03-21,57.54700469970703,60.93000030517578,62.09000015258789,60.54999923706055,61.45000076293945,4539300
ES,2025-03-24,57.48088836669922,60.86000061035156,61.45000076293945,60.68000030517578,60.70000076293945,1641700
ES,2025-03-25,55.74304962158203,59.02000045776367,60.83000183105469,58.75,60.689998626708984,1892100
ES,2025-03-26,56.611968994140625,59.939998626708984,60.150001525878906,59.0099983215332,59.16999816894531,2068300
ES,2025-03-27,56.95198059082031,60.29999923706055,60.79999923706055,59.70000076293945,60.040000915527344,1487300
ES,2025-03-28,57.72644805908203,61.119998931884766,61.70000076293945,60.279998779296875,60.86000061035156,1660700
ES,2025-03-31,58.66148376464844,62.11000061035156,62.349998474121094,61.2599983215332,61.59000015258789,2448800
ES,2025-04-01,58.64259719848633,62.09000015258789,62.2599983215332,61.310001373291016,62.0,1751000
ES,2025-04-02,59.15261459350586,62.630001068115234,62.81999969482422,61.970001220703125,62.41999816894531,1985900
ES,2025-04-03,58.482032775878906,61.91999816894531,63.5,61.61000061035156,62.9900016784668,3874700
ES,2025-04-04,55.10080337524414,58.34000015258789,62.83000183105469,58.209999084472656,62.56999969482422,3531800
ES,2025-04-07,52.47515869140625,55.560001373291016,57.45000076293945,54.93000030517578,57.0,4874500
ES,2025-04-08,51.23789596557617,54.25,56.9900016784668,53.65999984741211,56.470001220703125,3500800
ES,2025-04-09,53.18351745605469,56.310001373291016,56.529998779296875,52.279998779296875,53.56999969482422,4872300
ES,2025-04-10,52.597938537597656,55.689998626708984,56.45000076293945,54.209999084472656,55.04999923706055,3411200
ES,2025-04-11,53.192962646484375,56.31999969482422,56.54999923706055,54.70000076293945,55.63999938964844,2615000
ES,2025-04-14,55.2330322265625,58.47999954223633,58.720001220703125,56.5,56.720001220703125,2702800
ES,2025-04-15,54.76079177856445,57.97999954223633,58.93000030517578,57.93000030517578,58.58000183105469,2162200
ES,2025-04-16,54.83635330200195,58.060001373291016,59.08000183105469,57.88999938964844,58.43000030517578,2099500
ES,2025-04-17,54.250770568847656,57.439998626708984,58.70000076293945,57.36000061035156,57.84000015258789,3762600
ES,2025-04-21,53.24962615966797,56.380001068115234,57.31999969482422,55.560001373291016,57.209999084472656,2013000
ES,2025-04-22,54.826900482177734,58.04999923706055,58.36000061035156,56.93000030517578,56.959999084472656,1637900
ES,2025-04-23,54.74190139770508,57.959999084472656,59.18000030517578,57.4900016784668,57.83000183105469,2170700
ES,2025-04-24,55.28025817871094,58.529998779296875,58.91999816894531,57.349998474121094,57.939998626708984,2286300
ES,2025-04-25,54.64745330810547,57.86000061035156,58.52000045776367,57.70000076293945,58.41999816894531,2992200
ES,2025-04-28,55.818607330322266,59.099998474121094,59.34000015258789,57.790000915527344,58.0,7427600
ES,2025-04-29,56.1208381652832,59.41999816894531,59.61000061035156,58.52000045776367,59.02000045776367,4396300
ES,2025-04-30,56.17750549316406,59.47999954223633,60.02000045776367,58.4900016784668,59.47999954223633,5246000
ES,2025-05-01,55.79971694946289,59.08000183105469,60.02000045776367,59.029998779296875,59.540000915527344,2793700
ES,2025-05-02,55.5635986328125,58.83000183105469,59.5,58.029998779296875,58.790000915527344,3877400
ES,2025-05-05,55.99805450439453,59.290000915527344,59.40999984741211,58.5,58.9900016784668,2067300
ES,2025-05-06,55.92250061035156,59.209999084472656,59.72999954223633,58.91999816894531,59.279998779296875,2492200
ES,2025-05-07,58.784263610839844,62.2400016784668,62.84000015258789,59.400001525878906,59.619998931884766,4553700
ES,2025-05-08,59.22816848754883,62.709999084472656,63.380001068115234,62.13999938964844,62.5099983215332,2973100
ES,2025-05-09,59.502071380615234,63.0,63.33000183105469,62.529998779296875,62.93000030517578,2341100
ES,2025-05-12,58.7937126159668,62.25,63.0099983215332,61.790000915527344,62.7400016784668,2201000
ES,2025-05-13,59.41706466674805,62.90999984741211,63.5099983215332,61.79999923706055,62.25,2705700
ES,2025-05-14,57.943687438964844,61.349998474121094,62.45000076293945,60.619998931884766,62.45000076293945,2670000
ES,2025-05-15,59.64861297607422,62.380001068115234,62.4900016784668,60.75,61.04999923706055,2942700
ES,2025-05-16,60.43270492553711,63.20000076293945,63.27000045776367,62.0099983215332,62.290000915527344,2129300
ES,2025-05-19,60.74825668334961,63.529998779296875,63.61000061035156,62.650001525878906,62.84000015258789,1887700
ES,2025-05-20,62.67981719970703,65.55000305175781,66.16000366210938,63.790000915527344,64.0,3665800
ES,2025-05-21,61.15943145751953,63.959999084472656,65.36000061035156,63.849998474121094,64.93000030517578,2674600
ES,2025-05-22,60.2988395690918,63.060001373291016,63.45000076293945,62.29999923706055,63.38999938964844,1949100
ES,2025-05-23,60.68131637573242,63.459999084472656,63.4900016784668,62.220001220703125,63.34000015258789,1587300
ES,2025-05-27,61.780967712402344,64.61000061035156,64.91000366210938,63.29999923706055,64.0,2260000
ES,2025-05-28,60.59526062011719,63.369998931884766,64.51000213623047,63.02000045776367,64.36000061035156,1692800
ES,2025-05-29,61.283729553222656,64.08999633789062,64.26000213623047,63.04999923706055,63.29999923706055,1766600
ES,2025-05-30,61.972206115722656,64.80999755859375,65.0999984741211,63.2599983215332,63.959999084472656,5660700
ES,2025-06-02,62.077388763427734,64.91999816894531,64.95999908447266,63.7599983215332,64.33000183105469,1775300
ES,2025-06-03,62.3929443359375,65.25,65.41999816894531,64.54000091552734,65.04000091552734,2928000
ES,2025-06-04,61.82878494262695,64.66000366210938,65.44999694824219,64.54000091552734,65.2300033569336,2981100
ES,2025-06-05,62.44075393676758,65.30000305175781,65.70999908447266,64.38999938964844,64.63999938964844,4307200
ES,2025-06-06,62.6224365234375,65.48999786376953,65.55999755859375,64.80000305175781,65.4800033569336,2738500
ES,2025-06-09,62.765865325927734,65.63999938964844,66.23999786376953,65.0999984741211,65.19000244140625,1840300
ES,2025-06-10,63.00491714477539,65.88999938964844,66.16999816894531,65.2699966430664,65.5199966430664,2142200
ES,2025-06-11,62.67981719970703,65.55000305175781,66.16999816894531,65.44999694824219,65.80999755859375,1393700
ES,2025-06-12,62.91886520385742,65.80000305175781,66.08999633789062,65.43000030517578,65.83999633789062,1634400
ES,2025-06-13,62.35469436645508,65.20999908447266,66.11000061035156,64.91000366210938,65.72000122070312,1750700
ES,2025-06-16,61.54191589355469,64.36000061035156,65.91000366210938,64.04000091552734,65.55999755859375,1934300
ES,2025-06-17,60.43270492553711,63.20000076293945,64.55999755859375,62.939998626708984,64.19000244140625,2568000
ES,2025-06-18,59.6677360534668,62.400001525878906,63.45000076293945,62.36000061035156,63.31999969482422,2799300
ES,2025-06-20,59.7824821472168,62.52000045776367,63.36000061035156,62.290000915527344,62.72999954223633,5066300
ES,2025-06-23,60.59526062011719,63.369998931884766,63.77000045776367,62.77000045776367,63.04999923706055,3175600
ES,2025-06-24,61.04468536376953,63.84000015258789,64.11000061035156,63.36000061035156,63.5,2793800
ES,2025-06-25,59.72511291503906,62.459999084472656,63.720001220703125,62.38999938964844,63.36000061035156,2292900
ES,2025-06-26,60.48051834106445,63.25,63.45000076293945,62.47999954223633,62.63999938964844,2389500
ES,2025-06-27,60.5857048034668,63.36000061035156,64.25,63.11000061035156,63.310001373291016,2858700
ES,2025-06-30,60.83431625366211,63.619998931884766,64.41000366210938,61.880001068115234,63.189998626708984,4386100
ES,2025-07-01,61.72359848022461,64.55000305175781,65.12000274658203,63.29999923706055,63.68000030517578,2135200
ES,2025-07-02,61.62797164916992,64.44999694824219,64.94999694824219,63.95000076293945,64.25,1855900
ES,2025-07-03,61.72359848022461,64.55000305175781,65.11000061035156,64.27999877929688,64.63999938964844,1471300
ES,2025-07-07,61.57059860229492,64.38999938964844,64.83000183105469,64.05999755859375,64.55999755859375,1781400
ES,2025-07-08,61.733154296875,64.55999755859375,64.77999877929688,63.22999954223633,63.900001525878906,2257400
ES,2025-07-09,62.25907516479492,65.11000061035156,65.13999938964844,63.91999816894531,64.76000213623047,1972000
ES,2025-07-10,63.215293884277344,66.11000061035156,66.12999725341797,64.0999984741211,64.36000061035156,1484600
ES,2025-07-11,62.832801818847656,65.70999908447266,66.06999969482422,65.16999816894531,65.43000030517578,1605800
ES,2025-07-14,62.51725387573242,65.37999725341797,66.19000244140625,65.08000183105469,65.56999969482422,2174200
ES,2025-07-15,61.88615417480469,64.72000122070312,65.44000244140625,64.29000091552734,65.29000091552734,1479700
ES,2025-07-16,61.953086853027344,64.79000091552734,65.47000122070312,64.36000061035156,64.94000244140625,1962700
ES,2025-07-17,62.000892639160156,64.83999633789062,65.25,64.31999969482422,64.5999984741211,2106400
ES,2025-07-18,62.545936584472656,65.41000366210938,65.55000305175781,64.79000091552734,64.79000091552734,3868800
ES,2025-07-21,62.670249938964844,65.54000091552734,65.97000122070312,65.06999969482422,65.52999877929688,1379200
ES,2025-07-22,63.693397521972656,66.61000061035156,66.68000030517578,65.44999694824219,65.8499984741211,1591800
ES,2025-07-23,63.46390914916992,66.37000274658203,66.87999725341797,66.02999877929688,66.76000213623047,1599700
ES,2025-07-24,63.50215530395508,66.41000366210938,66.56999969482422,66.06999969482422,66.48999786376953,1594300
ES,2025-07-25,63.70295715332031,66.62000274658203,66.79000091552734,66.19000244140625,66.41000366210938,1715900
ES,2025-07-28,62.326011657714844,65.18000030517578,66.56999969482422,64.9800033569336,66.4800033569336,1695100
ES,2025-07-29,63.46390914916992,66.37000274658203,66.41999816894531,65.05999755859375,65.2300033569336,1848900
ES,2025-07-30,63.10053634643555,65.98999786376953,66.83000183105469,65.7699966430664,66.19000244140625,1859300
ES,2025-07-31,63.20572280883789,66.0999984741211,66.30000305175781,65.51000213623047,65.51000213623047,4534200
ES,2025-08-01,62.67981719970703,65.55000305175781,66.58000183105469,65.22000122070312,66.58000183105469,2841200
ES,2025-08-04,63.549964904785156,66.45999908447266,66.69999694824219,65.75,65.75,2027800
ES,2025-08-05,62.995361328125,65.87999725341797,67.08999633789062,65.69000244140625,66.62000274658203,1606900
ES,2025-08-06,62.5650634765625,65.43000030517578,66.48999786376953,65.43000030517578,66.48999786376953,1982700
ES,2025-08-07,63.04316329956055,65.93000030517578,66.26000213623047,65.70999908447266,65.81999969482422,1692800
ES,2025-08-08,62.192138671875,65.04000091552734,66.2699966430664,64.58999633789062,65.98999786376953,2162500
ES,2025-08-11,62.81368637084961,65.69000244140625,65.7300033569336,65.12999725341797,65.44000244140625,2163300
ES,2025-08-12,62.937984466552734,65.81999969482422,65.8499984741211,65.11000061035156,65.69000244140625,1784100
ES,2025-08-13,63.39696502685547,66.30000305175781,66.30999755859375,65.51000213623047,65.81999969482422,1432300
ES,2025-08-14,62.64155578613281,65.51000213623047,66.2300033569336,65.47000122070312,65.97000122070312,2176900
ES,2025-08-15,62.660682678222656,65.52999877929688,65.80999755859375,65.19999694824219,65.76000213623047,2314000
ES,2025-08-18,61.71403503417969,64.54000091552734,65.83000183105469,64.38999938964844,65.68000030517578,1924400
ES,2025-08-19,62.832801818847656,65.70999908447266,65.7300033569336,64.5999984741211,64.5999984741211,1375900
ES,2025-08-20,62.832801818847656,65.70999908447266,67.1500015258789,65.6500015258789,66.19999694824219,1853000
ES,2025-08-21,62.55550003051758,65.41999816894531,65.97000122070312,65.30000305175781,65.63999938964844,1456400
ES,2025-08-22,63.61689376831055,66.52999877929688,66.61000061035156,65.69999694824219,65.9000015258789,1528800
ES,2025-08-25,60.614383697509766,63.38999938964844,64.22000122070312,61.529998779296875,63.5,6013500
ES,2025-08-26,61.302860260009766,64.11000061035156,64.29000091552734,63.279998779296875,63.369998931884766,5334600
ES,2025-08-27,61.96265411376953,64.80000305175781,64.97000122070312,64.19000244140625,64.55999755859375,2512700
ES,2025-08-28,61.48454284667969,64.30000305175781,64.91000366210938,64.08999633789062,64.72000122070312,1886900
ES,2025-08-29,61.264610290527344,64.06999969482422,64.75,63.959999084472656,64.30000305175781,1740700
ES,2025-09-02,60.91081619262695,63.70000076293945,64.13999938964844,63.02000045776367,63.75,1780300
ES,2025-09-03,60.528324127197266,63.29999923706055,63.619998931884766,62.97999954223633,63.2400016784668,1944700
ES,2025-09-04,60.64307403564453,63.41999816894531,63.810001373291016,62.77000045776367,63.75,2336900
ES,2025-09-05,60.74825668334961,63.529998779296875,63.77000045776367,62.95000076293945,63.56999969482422,1653300
ES,2025-09-08,60.10759353637695,62.86000061035156,63.720001220703125,62.45000076293945,63.470001220703125,2591000
ES,2025-09-09,61.08293151855469,63.880001068115234,64.5,62.630001068115234,62.869998931884766,3149300
ES,2025-09-10,61.207244873046875,64.01000213623047,64.23999786376953,63.540000915527344,64.0199966430664,3130300
ES,2025-09-11,62.20170211791992,65.05000305175781,65.0999984741211,63.56999969482422,64.01000213623047,2725500
ES,2025-09-12,62.823238372802734,65.69999694824219,65.83000183105469,64.5999984741211,64.79000091552734,2168900
ES,2025-09-15,62.651119232177734,65.5199966430664,66.23999786376953,65.38999938964844,65.80000305175781,2869600
ES,2025-09-16,60.64307403564453,63.41999816894531,65.44999694824219,63.36000061035156,65.38999938964844,2994500
ES,2025-09-17,60.528324127197266,63.29999923706055,64.18000030517578,63.22999954223633,63.959999084472656,2604100
ES,2025-09-18,61.08293151855469,63.880001068115234,64.1500015258789,62.88999938964844,63.0,3176700
ES,2025-09-19,64.06631469726562,67.0,69.47000122070312,63.689998626708984,64.41000366210938,13697800
ES,2025-09-22,65.43280792236328,67.66000366210938,68.61000061035156,65.4000015258789,66.0,6796700
ES,2025-09-23,67.13487243652344,69.41999816894531,69.47000122070312,67.44000244140625,67.5999984741211,3831200
ES,2025-09-24,66.82540130615234,69.0999984741211,69.63999938964844,68.87999725341797,69.44000244140625,3835400
ES,2025-09-25,66.24515533447266,68.5,69.5199966430664,68.43000030517578,68.70999908447266,3175500
ES,2025-09-26,67.47335052490234,69.7699966430664,69.97000122070312,68.58999633789062,68.83000183105469,3139200
ES,2025-09-29,68.20833587646484,70.52999877929688,70.6500015258789,69.47000122070312,69.8499984741211,2462500
ES,2025-09-30,68.79825592041016,71.13999938964844,71.16999816894531,70.05999755859375,70.5199966430664,2599100
ES,2025-10-01,69.24311065673828,71.5999984741211,71.98999786376953,71.16999816894531,71.62000274658203,3624600
ES,2025-10-02,69.4268569946289,71.79000091552734,71.95999908447266,71.0199966430664,71.05999755859375,2994300
ES,2025-10-03,70.14249420166016,72.52999877929688,73.4800033569336,71.86000061035156,72.0,2659200
ES,2025-10-06,70.30690002441406,72.69999694824219,73.16999816894531,72.5,72.81999969482422,2719500
ES,2025-10-07,70.44229125976562,72.83999633789062,73.06999969482422,72.01000213623047,72.91000366210938,3379900
ES,2025-10-08,71.0708999633789,73.48999786376953,74.45999908447266,72.63999938964844,73.12999725341797,2916500
ES,2025-10-09,70.0071029663086,72.38999938964844,73.51000213623047,72.33000183105469,73.5,1771000
ES,2025-10-10,69.96842193603516,72.3499984741211,72.81999969482422,71.91999816894531,72.73999786376953,1459100
ES,2025-10-13,68.63385009765625,70.97000122070312,72.08000183105469,70.5999984741211,71.55000305175781,2970700
ES,2025-10-14,68.266357421875,70.58999633789062,71.30000305175781,70.33000183105469,70.80000305175781,2986800
ES,2025-10-15,69.86204528808594,72.23999786376953,72.4800033569336,70.70999908447266,71.0999984741211,2094300
ES,2025-10-16,69.0110092163086,71.36000061035156,72.66999816894531,71.19000244140625,72.13999938964844,2116000
ES,2025-10-17,70.1715087890625,72.55999755859375,72.56999969482422,71.5199966430664,71.9000015258789,2843500
ES,2025-10-20,70.45196533203125,72.8499984741211,73.36000061035156,72.13999938964844,73.05000305175781,2344400
ES,2025-10-21,70.80011749267578,73.20999908447266,74.19000244140625,72.91000366210938,74.13999938964844,2544100
ES,2025-10-22,70.71308135986328,73.12000274658203,73.55000305175781,72.6500015258789,73.20999908447266,2771800
ES,2025-10-23,71.45773315429688,73.88999938964844,74.0199966430664,73.0,73.43000030517578,2336200
ES,2025-10-24,72.21205139160156,74.66999816894531,75.05000305175781,73.69999694824219,73.88999938964844,1807300
ES,2025-10-27,72.25074005126953,74.70999908447266,74.77999877929688,73.7300033569336,74.16999816894531,1680400
ES,2025-10-28,72.41513061523438,74.87999725341797,75.25,73.37999725341797,75.08999633789062,2287200
ES,2025-10-29,71.38036346435547,73.80999755859375,74.72000122070312,73.37000274658203,74.56999969482422,1960800
ES,2025-10-30,71.37069702148438,73.80000305175781,74.29000091552734,73.37999725341797,73.5,2358500
ES,2025-10-31,71.38036346435547,73.80999755859375,74.33999633789062,72.73999786376953,73.51000213623047,3103700
ES,2025-11-03,71.91226959228516,74.36000061035156,74.62999725341797,72.30999755859375,73.37000274658203,2638600
ES,2025-11-04,71.39002990722656,73.81999969482422,74.91000366210938,73.58000183105469,74.91000366210938,3406600
ES,2025-11-05,70.50999450683594,72.91000366210938,74.29000091552734,72.06999969482422,73.98999786376953,3167800
ES,2025-11-06,69.18508911132812,71.54000091552734,73.11000061035156,71.1500015258789,71.76000213623047,2716800
ES,2025-11-07,70.63571166992188,73.04000091552734,73.1500015258789,71.7699966430664,71.86000061035156,2701700
ES,2025-11-10,70.12315368652344,72.51000213623047,73.05000305175781,71.61000061035156,72.9000015258789,2778600
ES,2025-11-11,70.91616821289062,73.33000183105469,73.4800033569336,72.37999725341797,72.91000366210938,2591700
ES,2025-11-12,71.18695068359375,73.61000061035156,73.72000122070312,72.81999969482422,73.4800033569336,2047300
ES,2025-11-13,71.26431274414062,73.69000244140625,74.22000122070312,73.12999725341797,73.47000122070312,2142000
ES,2025-11-14,70.88715362548828,73.30000305175781,74.25,73.26000213623047,73.41000366210938,2526800
ES,2025-11-17,71.59312438964844,74.02999877929688,74.23999786376953,73.44000244140625,73.62999725341797,1804900
ES,2025-11-18,72.08634185791016,74.54000091552734,74.66999816894531,73.95999908447266,74.33999633789062,2710000
ES,2025-11-19,63.11180877685547,65.26000213623047,71.54000091552734,64.83999633789062,70.41000366210938,10405100
ES,2025-11-20,61.458099365234375,63.54999923706055,65.87999725341797,63.45000076293945,65.36000061035156,5818700
ES,2025-11-21,62.4251823425293,64.55000305175781,65.06999969482422,63.54999923706055,64.0,4206100
ES,2025-11-24,63.517982482910156,65.68000030517578,65.83999633789062,64.80000305175781,65.5,4035300
ES,2025-11-25,63.76942825317383,65.94000244140625,66.1500015258789,65.33999633789062,65.88999938964844,2356500
ES,2025-11-26,64.50440979003906,66.69999694824219,66.77999877929688,65.9800033569336,66.16999816894531,1544000
ES,2025-11-28,64.9686050415039,67.18000030517578,67.33000183105469,66.48999786376953,66.51000213623047,823300
ES,2025-12-01,64.35934448242188,66.55000305175781,67.43000030517578,66.01000213623047,66.75,2547900
ES,2025-12-02,64.12723541259766,66.30999755859375,67.0,66.0,66.88999938964844,1838500
ES,2025-12-03,63.79844665527344,65.97000122070312,67.04000091552734,65.77999877929688,66.51000213623047,1854600
ES,2025-12-04,64.85255432128906,67.05999755859375,67.06999969482422,65.37000274658203,65.7699966430664,3493200
ES,2025-12-05,64.5430908203125,66.73999786376953,67.47000122070312,66.37000274658203,67.05999755859375,2980000
ES,2025-12-08,64.50440979003906,66.69999694824219,67.5199966430664,66.30000305175781,66.9000015258789,2668600
ES,2025-12-09,65.59720611572266,67.83000183105469,68.37000274658203,67.19999694824219,67.31999969482422,3521000
ES,2025-12-10,65.40379333496094,67.62999725341797,67.95999908447266,67.05999755859375,67.80999755859375,2504700
ES,2025-12-11,65.27808380126953,67.5,68.83999633789062,67.37000274658203,67.83000183105469,1591800
ES,2025-12-12,65.86798858642578,68.11000061035156,68.3499984741211,67.66000366210938,67.80999755859375,1766500
ES,2025-12-15,66.11943817138672,68.37000274658203,68.66999816894531,67.63999938964844,68.38999938964844,2583900
ES,2025-12-16,65.65523529052734,67.88999938964844,68.77999877929688,67.08999633789062,68.69999694824219,2496700
ES,2025-12-17,65.79507446289062,67.27999877929688,67.66999816894531,66.7300033569336,67.16999816894531,3231600
ES,2025-12-18,66.47962951660156,67.9800033569336,68.18000030517578,67.29000091552734,67.33999633789062,2307000
ES,2025-12-19,65.677734375,67.16000366210938,68.0999984741211,67.0999984741211,67.8499984741211,4984100
ES,2025-12-22,64.58245086669922,66.04000091552734,66.43000030517578,64.12000274658203,66.0,4055700
ES,2025-12-23,64.90516662597656,66.37000274658203,66.8499984741211,65.83000183105469,66.0,2114500
ES,2025-12-24,65.677734375,67.16000366210938,67.25,66.41000366210938,66.51000213623047,844300
ES,2025-12-26,65.7559585571289,67.23999786376953,67.30000305175781,66.75,66.98999786376953,876300
ES,2025-12-29,65.71684265136719,67.19999694824219,67.91000366210938,67.0999984741211,67.12999725341797,1644900
ES,2025-12-30,66.05912017822266,67.55000305175781,67.94999694824219,67.29000091552734,67.29000091552734,1595100
ES,2025-12-31,65.84397888183594,67.33000183105469,67.77999877929688,67.2699966430664,67.5999984741211,1564100
ES,2026-01-02,66.557861328125,68.05999755859375,68.43000030517578,66.9800033569336,67.79000091552734,1269300
ES,2026-01-05,65.57015991210938,67.05000305175781,67.9800033569336,66.16000366210938,67.91000366210938,2447000
ES,2026-01-06,65.92221069335938,67.41000366210938,67.69000244140625,67.0199966430664,67.26000213623047,2156300
ES,2026-01-07,64.17172241210938,65.62000274658203,67.70999908447266,65.5,67.5199966430664,1768300
ES,2026-01-08,66.12757873535156,67.62000274658203,68.19000244140625,65.52999877929688,65.62000274658203,2692500
ES,2026-01-09,66.2938232421875,67.79000091552734,69.02999877929688,67.6500015258789,67.91999816894531,2003400
ES,2026-01-12,67.23263549804688,68.75,69.20999908447266,66.87000274658203,67.33000183105469,3226700
ES,2026-01-13,66.8903579711914,68.4000015258789,68.91999816894531,67.5999984741211,68.75,1743500
ES,2026-01-14,68.4061508178711,69.94999694824219,70.54000091552734,68.43000030517578,68.69000244140625,3043100
ES,2026-01-15,68.15188598632812,69.69000244140625,71.36000061035156,69.48999786376953,69.94000244140625,2504100
ES,2026-01-16,68.56261444091797,70.11000061035156,70.31999969482422,69.05000305175781,69.4000015258789,3203500
ES,2026-01-20,69.22761535644531,70.79000091552734,70.83999633789062,69.27999877929688,69.52999877929688,2583700
ES,2026-01-21,69.8045883178711,71.37999725341797,71.5999984741211,70.55000305175781,71.31999969482422,2016000
ES,2026-01-22,68.89511108398438,70.44999694824219,71.56999969482422,70.27999877929688,71.2699966430664,1475300
ES,2026-01-23,68.04431915283203,69.58000183105469,70.5199966430664,68.87999725341797,70.41999816894531,2441700
ES,2026-01-26,68.77776336669922,70.33000183105469,71.06999969482422,69.58999633789062,69.58999633789062,1587500
ES,2026-01-27,69.07113647460938,70.62999725341797,70.86000061035156,69.87999725341797,70.18000030517578,1928300
ES,2026-01-28,68.35725402832031,69.9000015258789,71.37999725341797,69.73999786376953,71.0,3141700
ES,2026-01-29,67.39888000488281,68.91999816894531,70.83999633789062,68.69999694824219,70.16000366210938,2967500
ES,2026-01-30,67.60424041748047,69.12999725341797,69.25,68.1500015258789,68.79000091552734,3315600
ES,2026-02-02,66.41117858886719,67.91000366210938,69.44000244140625,67.75,69.11000061035156,3160700
ES,2026-02-03,67.02726745605469,68.54000091552734,69.45999908447266,67.83999633789062,67.83999633789062,3142000
ES,2026-02-04,66.73389434814453,68.23999786376953,69.38999938964844,68.06999969482422,69.0999984741211,3332200
ES,2026-02-05,66.23515319824219,67.7300033569336,69.16000366210938,67.55000305175781,68.55999755859375,2548900
ES,2026-02-06,65.8733139038086,67.36000061035156,68.97000122070312,67.12000274658203,68.55999755859375,3036800
ES,2026-02-09,66.1373519897461,67.62999725341797,67.7699966430664,66.5999984741211,67.73999786376953,2612300
ES,2026-02-10,67.77050018310547,69.30000305175781,69.69000244140625,67.4000015258789,67.4000015258789,2323000
ES,2026-02-11,68.67019653320312,70.22000122070312,70.25,68.22000122070312,69.0999984741211,2739600
ES,2026-02-12,68.76799011230469,70.31999969482422,71.55999755859375,70.02999877929688,70.30000305175781,2810800
ES,2026-02-13,71.74089050292969,73.36000061035156,74.12999725341797,70.58999633789062,71.4000015258789,4279000
ES,2026-02-17,71.41816711425781,73.02999877929688,75.0,72.25,75.0,4114800
ES,2026-02-18,70.1370849609375,71.72000122070312,73.51000213623047,71.58999633789062,73.19999694824219,2263800
ES,2026-02-19,72.0440444946289,73.66999816894531,74.1500015258789,71.70999908447266,71.70999908447266,2642100
ES,2026-02-20,71.93647766113281,73.55999755859375,74.27999877929688,73.0999984741211,73.83999633789062,4759600
ES,2026-02-23,73.21756744384766,74.87000274658203,74.9800033569336,73.37000274658203,73.37000274658203,2455800
ES,2026-02-24,73.4718246459961,75.12999725341797,75.27999877929688,73.95999908447266,74.83000183105469,2336800
ES,2026-02-25,73.2664566040039,74.91999816894531,75.08999633789062,73.22000122070312,74.88999938964844,3188400
ES,2026-02-26,73.39359283447266,75.05000305175781,75.43000030517578,74.72000122070312,75.08000183105469,1770000
ES,2026-02-27,74.52799224853516,76.20999908447266,76.41000366210938,75.0199966430664,75.16999816894531,3171700
ES,2026-03-02,72.7774887084961,74.41999816894531,76.20999908447266,74.25,76.20999908447266,2455100
ES,2026-03-03,73.08065795898438,74.7300033569336,75.26000213623047,72.33000183105469,73.5,2083700
ES,2026-03-04,73.65763092041016,75.31999969482422,75.51000213623047,73.97000122070312,74.7300033569336,2337200
ES,2026-03-05,73.00340270996094,73.87000274658203,74.08999633789062,72.98999786376953,73.79000091552734,2172900
ES,2026-03-06,73.56671142578125,74.44000244140625,74.7699966430664,73.05000305175781,73.51000213623047,1938500
ES,2026-03-09,72.98363494873047,73.8499984741211,74.97000122070312,72.7300033569336,74.5,2590500
ES,2026-03-10,72.74645233154297,73.61000061035156,74.08000183105469,72.9000015258789,73.5199966430664,2038800
ES,2026-03-11,73.07257843017578,73.94000244140625,74.1500015258789,73.19999694824219,74.01000213623047,1433600
ES,2026-03-12,72.35114288330078,73.20999908447266,74.56999969482422,73.0999984741211,73.9800033569336,1998100
ES,2026-03-13,72.242431640625,73.0999984741211,74.2699966430664,72.91000366210938,74.2699966430664,2245000
ES,2026-03-16,72.34125518798828,73.19999694824219,73.83999633789062,72.12999725341797,73.44000244140625,2699600
ES,2026-03-17,71.59017944335938,72.44000244140625,73.87999725341797,72.26000213623047,73.66999816894531,2279200
ES,2026-03-18,71.88665008544922,72.73999786376953,73.26000213623047,71.8499984741211,72.19999694824219,3029600
ES,2026-03-19,68.80326080322266,69.62000274658203,73.04000091552734,69.43000030517578,72.73999786376953,4625800
ES,2026-03-20,65.88786315917969,66.66999816894531,69.66999816894531,66.31999969482422,68.9000015258789,7240500
ES,2026-03-23,66.85636901855469,67.6500015258789,68.33999633789062,66.76000213623047,67.5199966430664,2904000
ES,2026-03-24,66.67848205566406,67.47000122070312,68.0999984741211,66.76000213623047,67.0,2693700
ES,2026-03-25,66.25352478027344,67.04000091552734,68.94999694824219,66.97000122070312,68.47000122070312,3495600
ES,2026-03-26,67.16272735595703,67.95999908447266,68.55000305175781,66.97000122070312,67.0,2015800
ES,2026-03-27,66.79706573486328,67.58999633789062,68.12999725341797,67.05000305175781,67.58000183105469,2458100
ES,2026-03-30,67.60745239257812,68.41000366210938,69.73999786376953,68.0999984741211,68.58000183105469,3025200
ES,2026-03-31,68.46724700927734,69.27999877929688,69.31999969482422,68.05999755859375,68.80999755859375,3062600
ES,2026-04-01,68.8329086303711,69.6500015258789,69.75,68.0,68.5199966430664,2467200
ES,2026-04-02,68.65501403808594,69.47000122070312,69.9000015258789,69.0999984741211,69.87000274658203,2522800
ES,2026-04-06,68.62537384033203,69.44000244140625,70.08999633789062,68.98999786376953,69.19000244140625,1349900
ES,2026-04-07,68.6747817993164,69.48999786376953,69.79000091552734,69.2300033569336,69.36000061035156,1345100
ES,2026-04-08,69.12937927246094,69.94999694824219,70.36000061035156,68.9800033569336,69.25,2426900
ES,2026-04-09,69.74211120605469,70.56999969482422,71.19999694824219,69.76000213623047,69.76000213623047,2614200
ES,2026-04-10,69.14915466308594,69.97000122070312,70.81999969482422,69.73999786376953,70.58000183105469,2237200
ES,2026-04-13,67.87428283691406,68.68000030517578,69.98999786376953,68.06999969482422,69.80999755859375,1913600
ES,2026-04-14,68.2004165649414,69.01000213623047,69.1500015258789,68.02999877929688,68.62999725341797,1497700
ES,2026-04-15,67.96322631835938,68.7699966430664,69.22000122070312,68.0999984741211,68.58999633789062,1919800
ES,2026-04-16,68.36841583251953,69.18000030517578,69.44000244140625,68.41999816894531,68.70999908447266,1478200
ES,2026-04-17,68.4375991821289,69.25,69.36000061035156,68.1500015258789,69.36000061035156,1650200
ES,2026-04-20,67.70628356933594,68.51000213623047,69.55000305175781,68.18000030517578,68.87000274658203,1328800
ES,2026-04-21,66.03610229492188,66.81999969482422,68.75,66.80999755859375,68.72000122070312,1636800
ES,2026-04-22,66.26341247558594,67.05000305175781,68.12999725341797,66.81999969482422,67.48999786376953,1454400
ES,2026-04-23,67.96322631835938,68.7699966430664,68.8499984741211,67.58999633789062,67.58999633789062,1433100
ES,2026-04-24,67.83475494384766,68.63999938964844,69.19999694824219,68.11000061035156,68.93000030517578,1655800
ES,2026-04-27,67.913818359375,68.72000122070312,69.2300033569336,68.27999877929688,68.80999755859375,1436200
ES,2026-04-28,67.77545928955078,68.58000183105469,69.33999633789062,68.43000030517578,69.25,1617400
ES,2026-04-29,67.913818359375,68.72000122070312,68.76000213623047,67.68000030517578,68.05000305175781,1879600
ES,2026-04-30,69.8705825805664,70.69999694824219,71.0999984741211,68.9000015258789,69.0199966430664,4695900
ES,2026-05-01,70.23624420166016,71.06999969482422,71.76000213623047,70.16999816894531,70.69999694824219,2149700
ES,2026-05-04,68.62537384033203,69.44000244140625,70.94999694824219,68.83000183105469,70.5999984741211,1795800
ES,2026-05-05,68.09170532226562,68.9000015258789,69.94000244140625,68.87000274658203,69.58999633789062,2000300
ES,2026-05-06,67.71615600585938,68.5199966430664,69.27999877929688,68.36000061035156,68.70999908447266,1968700
ES,2026-05-07,66.25352478027344,67.04000091552734,67.95999908447266,66.47000122070312,67.69000244140625,3670900
ES,2026-05-08,65.72974395751953,66.51000213623047,68.19000244140625,66.33000183105469,67.73999786376953,3620500
ES,2026-05-11,66.451171875,67.23999786376953,68.0999984741211,67.0999984741211,67.19000244140625,2730100
ES,2026-05-12,67.92369842529297,68.7300033569336,68.94999694824219,66.83999633789062,67.25,2875500
ES,2026-05-13,67.44932556152344,68.25,68.63999938964844,67.7300033569336,68.12000274658203,1970700
ES,2026-05-14,68.00275421142578,68.80999755859375,69.0,68.1500015258789,68.55000305175781,1681300
ES,2026-05-15,66.38199615478516,67.16999816894531,68.48999786376953,66.83000183105469,68.48999786376953,2490000
ES,2026-05-18,68.08000183105469,68.08000183105469,68.12000274658203,67.0,67.0199966430664,1986200
ES,2026-05-19,68.80999755859375,68.80999755859375,69.16000366210938,67.48999786376953,67.8499984741211,2222500
ES,2026-05-20,69.05000305175781,69.05000305175781,69.48999786376953,68.76000213623047,69.25,1875200
ES,2026-05-21,69.62999725341797,69.62999725341797,70.16000366210938,68.7300033569336,69.08999633789062,2494300
ES,2026-05-22,70.0,70.0,70.30999755859375,69.30000305175781,69.98999786376953,2578900
ES,2026-05-26,69.69999694824219,69.69999694824219,70.5,69.45999908447266,70.5,2496600
ES,2026-05-27,69.62000274658203,69.62000274658203,70.18000030517578,69.19999694824219,69.4800033569336,2112000
ES,2026-05-28,69.08999633789062,69.08999633789062,70.38999938964844,69.04000091552734,69.44000244140625,2766500
ES,2026-05-29,68.2699966430664,68.2699966430664,69.30000305175781,68.05000305175781,69.19000244140625,6117700
ES,2026-06-01,66.61000061035156,66.61000061035156,68.05000305175781,66.5999984741211,67.54000091552734,2297600
ES,2026-06-02,68.51000213623047,68.51000213623047,68.72000122070312,66.87999725341797,66.87999725341797,2335400
ES,2026-06-03,68.18000030517578,68.18000030517578,69.43000030517578,68.0999984741211,68.31999969482422,3492000
ES,2026-06-04,69.87999725341797,69.87999725341797,69.94000244140625,68.38999938964844,68.76000213623047,2642300
ES,2026-06-05,70.5999984741211,70.5999984741211,71.45999908447266,69.9000015258789,70.0199966430664,3105800
ES,2026-06-08,68.08999633789062,68.08999633789062,70.62000274658203,67.76000213623047,70.44000244140625,2821400
ES,2026-06-09,69.41000366210938,69.41000366210938,69.81999969482422,68.0199966430664,68.44999694824219,3030800
ES,2026-06-10,69.18000030517578,69.18000030517578,70.01000213623047,68.56999969482422,69.83999633789062,4045500
ES,2026-06-11,68.43000030517578,68.43000030517578,69.97000122070312,68.37999725341797,69.16000366210938,3679200
ES,2026-06-12,68.69000244140625,68.69000244140625,68.81999969482422,67.33000183105469,67.83000183105469,3246300
ES,2026-06-15,69.26000213623047,69.26000213623047,69.91000366210938,68.43000030517578,68.68000030517578,2456700
ES,2026-06-16,69.79000091552734,69.79000091552734,70.80000305175781,69.48999786376953,69.48999786376953,1996300
ES,2026-06-17,69.05000305175781,69.05000305175781,70.11000061035156,68.66999816894531,69.41000366210938,2501800
ES,2026-06-18,69.58999633789062,69.58999633789062,70.18000030517578,68.91999816894531,69.66999816894531,6084100
ES,2026-06-22,70.12000274658203,70.12000274658203,70.31999969482422,69.11000061035156,69.30000305175781,2346800
ES,2026-06-23,71.02999877929688,71.02999877929688,71.29000091552734,69.87000274658203,70.23999786376953,3501100
ES,2026-06-24,71.70999908447266,71.70999908447266,71.7300033569336,70.45999908447266,71.2300033569336,3195000
ES,2026-06-25,72.08000183105469,72.08000183105469,72.73999786376953,71.48999786376953,71.91000366210938,1933700
ES,2026-06-26,73.4800033569336,73.4800033569336,73.48999786376953,72.19000244140625,72.27999877929688,3875300
ES,2026-06-29,73.7699966430664,73.7699966430664,73.77999877929688,73.05999755859375,73.4000015258789,2932200
ES,2026-06-30,72.2699966430664,72.2699966430664,73.4000015258789,72.2300033569336,73.33000183105469,2481400
ES,2026-07-01,72.19999694824219,72.19999694824219,73.12000274658203,71.9000015258789,72.38999938964844,2790900
ES,2026-07-02,74.44000244140625,74.44000244140625,74.62999725341797,72.94999694824219,73.30999755859375,2344100
ES,2026-07-06,73.2300033569336,73.2300033569336,74.44999694824219,72.80000305175781,74.4000015258789,2369700
ES,2026-07-07,74.75,74.75,75.62999725341797,74.01000213623047,74.05000305175781,2124700
ES,2026-07-08,73.80000305175781,73.80000305175781,74.76000213623047,73.69999694824219,74.66000366210938,1720400
ES,2026-07-09,73.93000030517578,73.93000030517578,74.69000244140625,73.7300033569336,73.87999725341797,2022500
ES,2026-07-10,74.81999969482422,74.81999969482422,74.87000274658203,74.0,74.01000213623047,1452300
ES,2026-07-13,74.86000061035156,74.86000061035156,76.19000244140625,74.66000366210938,74.91000366210938,2507400
ES,2026-07-14,74.63999938964844,74.63999938964844,76.0,74.44000244140625,75.41000366210938,1606000
ES,2026-07-15,73.79000091552734,73.79000091552734,74.93000030517578,73.58000183105469,74.52999877929688,2234000
ES,2026-07-16,75.04000091552734,75.04000091552734,75.12999725341797,73.63999938964844,73.79000091552734,1303300
ES,2026-07-17,74.62000274658203,74.62000274658203,76.22000122070312,74.33000183105469,75.83000183105469,2764000
ES,2026-07-20,74.05000305175781,74.05000305175781,75.48999786376953,73.77999877929688,74.68000030517578,1681300
ES,2026-07-21,73.05000305175781,73.05000305175781,74.12999725341797,72.70999908447266,73.45999908447266,1903300
ES,2026-07-22,74.45999908447266,74.45999908447266,74.68000030517578,73.5,73.68000030517578,1602800
ES,2026-07-23,74.62000274658203,74.62000274658203,75.0,73.66000366210938,73.77999877929688,2103500
ES,2026-07-24,74.91000366210938,74.91000366210938,75.55999755859375,74.63999938964844,75.0199966430664,1470800
ES,2026-07-27,74.69000244140625,74.69000244140625,75.68000030517578,74.52999877929688,74.5999984741211,1909500
ES,2026-07-28,75.38999938964844,75.38999938964844,76.56999969482422,74.93000030517578,75.19999694824219,2563200
ES,2026-07-29,74.76000213623047,74.76000213623047,76.0199966430664,74.19000244140625,75.3499984741211,2462300
ES,2026-07-30,73.83999633789062,73.83999633789062,75.58999633789062,73.2300033569336,75.58999633789062,3543600
ES,2026-07-31,71.58999633789062,71.58999633789062,72.87000274658203,71.33000183105469,72.0,5276700
ES,2026-08-03,71.94999694824219,71.94999694824219,72.69999694824219,71.33000183105469,71.4800033569336,2812800
ES,2026-08-04,72.69999694824219,72.69999694824219,73.0199966430664,70.70999908447266,71.29000091552734,2665800
ES,2026-08-05,72.47000122070312,72.47000122070312,72.91999816894531,71.86000061035156,72.91999816894531,2251900
ES,2026-08-06,72.05999755859375,72.05999755859375,73.16000366210938,71.5199966430664,73.0199966430664,2897200
ES,2026-08-07,72.33000183105469,72.33000183105469,73.05000305175781,71.33999633789062,71.91999816894531,1491500
ES,2026-08-10,71.16999816894531,71.16999816894531,71.8499984741211,70.87999725341797,71.70999908447266,1987000
ES,2026-08-11,71.12999725341797,71.12999725341797,71.63999938964844,70.62000274658203,71.19999694824219,2241800
ES,2026-08-12,71.55000305175781,71.55000305175781,71.73999786376953,70.9000015258789,71.16000366210938,1790400
ES,2026-08-13,72.22000122070312,72.22000122070312,72.4800033569336,71.69000244140625,71.87999725341797,1694600
ES,2026-08-14,72.36000061035156,72.36000061035156,72.54000091552734,71.5199966430664,71.5199966430664,1721500
ES,2026-08-17,71.91000366210938,71.91000366210938,72.41000366210938,71.61000061035156,72.13999938964844,2291200
ES,2026-08-18,72.22000122070312,72.22000122070312,73.01000213623047,72.13999938964844,72.95999908447266,1899400
ES,2026-08-19,71.98999786376953,71.98999786376953,72.87999725341797,71.54000091552734,72.5,1280800
ES,2026-08-20,72.1500015258789,72.1500015258789,72.75,71.54000091552734,71.54000091552734,1933500
ES,2026-08-21,70.20999908447266,70.20999908447266,72.51000213623047,70.13999938964844,72.51000213623047,2091000
ES,2026-08-24,71.25,71.25,71.30000305175781,70.12999725341797,70.54000091552734,1677300
ES,2026-08-25,71.02999877929688,71.02999877929688,71.5999984741211,70.76000213623047,71.44000244140625,1751300
ES,2026-08-26,71.66999816894531,71.66999816894531,71.9000015258789,70.83999633789062,71.01000213623047,1688000
ES,2026-08-27,70.91999816894531,70.91999816894531,71.11000061035156,70.4000015258789,71.11000061035156,1960900
ES,2026-08-31,70.13999938964844,70.13999938964844,70.4000015258789,69.66000366210938,70.05999755859375,2872300
ES,2026-09-01,70.5,70.5,70.80999755859375,70.06999969482422,70.48999786376953,1563600
