ticker,date,adj_close,close,high,low,open,volume
FMC,2010-01-04,18.343202590942383,24.64006805419922,24.670425415039062,24.22810173034668,24.52298355102539,2063178
FMC,2010-01-05,18.2818660736084,24.557676315307617,24.713790893554688,24.323503494262695,24.674760818481445,1226792
FMC,2010-01-06,18.459423065185547,24.796184539794922,24.9913272857666,24.418907165527344,24.579357147216797,1713127
FMC,2010-01-07,18.230213165283203,24.488290786743164,24.917606353759766,24.39722442626953,24.752819061279297,1985697
FMC,2010-01-08,18.068801879882812,24.271465301513672,24.514310836791992,23.93755340576172,24.392887115478516,2846526
FMC,2010-01-11,17.57487678527832,23.60797882080078,24.56201171875,23.521249771118164,24.40589714050293,2484715
FMC,2010-01-12,17.513534545898438,23.525585174560547,23.594970703125,23.117952346801758,23.356460571289062,1593677
FMC,2010-01-13,17.581327438354492,23.61665153503418,23.74241065979004,23.330442428588867,23.564613342285156,950303
FMC,2010-01-14,17.31983184814453,23.26539421081543,23.651344299316406,23.200347900390625,23.486557006835938,1507202
FMC,2010-01-15,17.17778968811035,23.074588775634766,23.191673278808594,22.81439781188965,23.16999053955078,3512499
FMC,2010-01-19,17.44573402404785,23.434518814086914,23.486557006835938,22.996530532836914,23.07025146484375,1557011
FMC,2010-01-20,17.38117218017578,23.347787857055664,23.4301815032959,22.83608055114746,23.1483097076416,2131897
FMC,2010-01-21,17.3843994140625,23.35212516784668,24.032957077026367,23.1656551361084,23.417173385620117,2424759
FMC,2010-01-22,17.016372680664062,22.85776138305664,23.447528839111328,22.771032333374023,23.269731521606445,2221600
FMC,2010-01-25,17.20684051513672,23.113616943359375,23.330442428588867,22.95316505432129,23.161317825317383,1247777
FMC,2010-01-26,16.95503807067871,22.77536964416504,23.126625061035156,22.692974090576172,22.95316505432129,953300
FMC,2010-01-27,16.906614303588867,22.7103214263916,22.79705047607422,22.324371337890625,22.68863868713379,1368380
FMC,2010-01-28,16.51275634765625,22.18126678466797,22.792715072631836,22.111881256103516,22.736339569091797,1688453
FMC,2010-01-29,16.444955825805664,22.090198516845703,22.792715072631836,22.059843063354492,22.44579315185547,1559317
FMC,2010-02-01,16.98731803894043,22.81873321533203,22.81873321533203,22.22463035583496,22.324371337890625,1567619
FMC,2010-02-02,17.18101692199707,23.07892417907715,23.32176971435547,22.584562301635742,22.849088668823242,1543406
FMC,2010-02-03,17.05512046813965,22.909801483154297,23.191673278808594,22.705984115600586,22.95316505432129,955837
FMC,2010-02-04,16.399765014648438,22.02948760986328,22.74934959411621,22.0078067779541,22.66261863708496,1750946
FMC,2010-02-05,17.145505905151367,23.03122329711914,23.551605224609375,22.146574020385742,22.146574020385742,4100990
FMC,2010-02-08,17.222986221313477,23.135299682617188,23.438854217529297,22.740676879882812,23.1483097076416,3298733
FMC,2010-02-09,17.726600646972656,23.81179428100586,23.963573455810547,23.27406883239746,23.503902435302734,2281556
FMC,2010-02-10,17.655582427978516,23.716392517089844,23.95490074157715,23.360797882080078,23.82046890258789,1825891
FMC,2010-02-11,18.1075382232666,24.323503494262695,24.353858947753906,23.58629608154297,23.707719802856445,2009218
FMC,2010-02-12,17.975173950195312,24.145706176757812,24.470945358276367,23.716392517089844,24.006938934326172,2536831
FMC,2010-02-16,18.233444213867188,24.49262809753418,24.518646240234375,24.119688034057617,24.39722442626953,3480676
FMC,2010-02-17,18.39485740661621,24.709453582763672,24.8265380859375,24.410234451293945,24.666088104248047,1762937
FMC,2010-02-18,18.488479614257812,24.83521270751953,24.913270950317383,24.557676315307617,24.605377197265625,1518732
FMC,2010-02-19,18.527217864990234,24.887250900268555,24.96097183227539,24.700780868530273,24.71812629699707,1837882
FMC,2010-02-22,18.333524703979492,24.627059936523438,25.013010025024414,24.384214401245117,25.013010025024414,1742183
FMC,2010-02-23,18.059114456176758,24.258455276489258,24.67909812927246,24.176061630249023,24.449262619018555,1687992
FMC,2010-02-24,18.181791305541992,24.42324447631836,24.674760818481445,24.145706176757812,24.418907165527344,1673695
FMC,2010-02-25,18.08816909790039,24.2974853515625,24.31916618347168,23.855159759521484,23.993928909301758,1747717
FMC,2010-02-26,18.45619773864746,24.791847229003906,24.926279067993164,24.388551712036133,24.388551712036133,1866246
FMC,2010-03-01,18.63697052001953,25.034692764282227,25.034692764282227,24.501300811767578,24.739809036254883,2025821
FMC,2010-03-02,18.856504440307617,25.329574584960938,25.503036499023438,25.151777267456055,25.190807342529297,1922051
FMC,2010-03-03,18.937210083007812,25.43798828125,25.845619201660156,25.398958206176758,25.472679138183594,2650286
FMC,2010-03-04,18.979175567626953,25.49436378479004,25.58542823791504,25.28187370300293,25.53339195251465,1847567
FMC,2010-03-05,19.308467864990234,25.936687469482422,25.98438835144043,25.628793716430664,25.706851959228516,1262074
FMC,2010-03-08,19.22453498840332,25.823938369750977,26.114484786987305,25.7025146484375,25.95403289794922,995500
FMC,2010-03-09,19.195472717285156,25.784908294677734,26.036426544189453,25.628793716430664,25.685169219970703,1053381
FMC,2010-03-10,19.198701858520508,25.78924560546875,25.932350158691406,25.53339195251465,25.802255630493164,1016254
FMC,2010-03-11,19.260047912597656,25.871639251708984,25.871639251708984,25.43798828125,25.685169219970703,974746
FMC,2010-03-12,19.466655731201172,26.1491756439209,26.374675750732422,25.971378326416016,26.049436569213867,1260921
FMC,2010-03-15,19.366579055786133,26.01474380493164,26.27927017211914,25.854293823242188,26.1491756439209,662744
FMC,2010-03-16,19.45374298095703,26.1318302154541,26.136167526245117,25.91500473022461,25.95403289794922,1100193
FMC,2010-03-17,19.540895462036133,26.248916625976562,26.318300247192383,26.07111930847168,26.248916625976562,684190
FMC,2010-03-18,19.50539207458496,26.201213836669922,26.379011154174805,26.010408401489258,26.27927017211914,668971
FMC,2010-03-19,19.366579055786133,26.01474380493164,26.39202117919922,25.80659294128418,26.01474380493164,1733651
FMC,2010-03-22,19.566728591918945,26.283607482910156,26.309627532958984,25.6938419342041,25.79791831970215,1297817
FMC,2010-03-23,19.828231811523438,26.63486671447754,26.63486671447754,26.214223861694336,26.348655700683594,809175
FMC,2010-03-24,19.90247917175293,26.73460578918457,26.990459442138672,26.379011154174805,26.535125732421875,1469844
FMC,2010-03-25,19.511850357055664,26.20988655090332,26.96877670288086,26.183868408203125,26.873374938964844,1091199
FMC,2010-03-26,19.466655731201172,26.1491756439209,26.49176025390625,25.97571563720703,26.261924743652344,1178366
FMC,2010-03-29,19.555622100830078,26.214223861694336,26.339982986450195,26.097137451171875,26.18820571899414,913868
FMC,2010-03-30,19.86293601989746,26.626192092895508,26.760623931884766,26.283607482910156,26.283607482910156,1776773
FMC,2010-03-31,19.58473014831543,26.253252029418945,26.64787483215332,26.153512954711914,26.504770278930664,1385675
FMC,2010-04-01,19.78529930114746,26.52211570739746,26.65654754638672,26.192541122436523,26.431049346923828,1135244
FMC,2010-04-05,20.137916564941406,26.994796752929688,27.003469467163086,26.41370391845703,26.5871639251709,1493596
FMC,2010-04-06,20.4614200592041,27.428447723388672,27.4631404876709,26.91240119934082,26.99913215637207,1560009
FMC,2010-04-07,20.545530319213867,27.541196823120117,27.75802230834961,27.320035934448242,27.385082244873047,1899222
FMC,2010-04-08,20.51641273498535,27.502168655395508,27.606245040893555,27.2896785736084,27.47614860534668,2247428
FMC,2010-04-09,20.78815460205078,27.86643409729004,27.879444122314453,27.610580444335938,27.610580444335938,958835
FMC,2010-04-12,20.716981887817383,27.771032333374023,27.935819625854492,27.68863868713379,27.896791458129883,1175599
FMC,2010-04-13,20.775218963623047,27.849088668823242,27.892454147338867,27.636600494384766,27.697311401367188,1588834
FMC,2010-04-14,20.768747329711914,27.840415954589844,27.95316505432129,27.740676879882812,27.879444122314453,843074
FMC,2010-04-15,20.7072811126709,27.75802230834961,28.009540557861328,27.697311401367188,27.736339569091797,2552281
FMC,2010-04-16,20.7008113861084,27.74934959411621,27.81873321533203,27.37640953063965,27.63226318359375,3416570
FMC,2010-04-19,20.7396240234375,27.801387786865234,27.810060501098633,27.43712043762207,27.528186798095703,2767661
FMC,2010-04-20,20.91108512878418,28.03122329711914,28.1656551361084,27.90546417236328,28.06157875061035,767667
FMC,2010-04-21,20.762271881103516,27.831743240356445,27.996530532836914,27.679964065551758,27.966175079345703,1435946
FMC,2010-04-22,20.87873649597168,27.987857818603516,28.05290412902832,27.515178680419922,27.55420684814453,1335866
FMC,2010-04-23,21.076072692871094,28.252384185791016,28.26539421081543,27.870771408081055,28.05290412902832,1317187
FMC,2010-04-26,20.83991813659668,27.935819625854492,28.378143310546875,27.88378143310547,28.28274154663086,1140548
FMC,2010-04-27,20.613460540771484,27.63226318359375,28.022550582885742,27.424110412597656,27.90546417236328,5285583
FMC,2010-04-28,20.729930877685547,27.78837776184082,27.97051239013672,27.60190773010254,27.753686904907227,3196808
FMC,2010-04-29,21.050189971923828,28.217693328857422,28.473546981811523,28.035558700561523,28.035558700561523,2472724
FMC,2010-04-30,20.587583541870117,27.597572326660156,28.49089241027832,27.584562301635742,28.347787857055664,2166487
FMC,2010-05-03,20.801088333129883,27.88378143310547,27.9748477935791,27.55420684814453,27.81873321533203,2037351
FMC,2010-05-04,20.710521697998047,27.762359619140625,28.083261489868164,26.205551147460938,27.146574020385742,9993512
FMC,2010-05-05,20.704042434692383,27.753686904907227,27.888118743896484,27.220294952392578,27.49349594116211,5185041
FMC,2010-05-06,20.704042434692383,27.753686904907227,27.979185104370117,25.95403289794922,27.53252410888672,8166930
FMC,2010-05-07,20.31584358215332,27.23330307006836,27.91413688659668,26.348655700683594,27.7103214263916,6970577
FMC,2010-05-10,20.885204315185547,27.996530532836914,28.534257888793945,27.692974090576172,28.49089241027832,3457155
FMC,2010-05-11,20.726680755615234,27.784042358398438,28.104944229125977,27.64961051940918,27.64961051940918,1698138
FMC,2010-05-12,21.072837829589844,28.248048782348633,28.287076950073242,27.779705047607422,27.879444122314453,1751407
FMC,2010-05-13,20.87873649597168,27.987857818603516,28.447528839111328,27.901126861572266,28.204683303833008,983740
FMC,2010-05-14,20.170270919799805,27.03816032409668,27.91413688659668,26.8516902923584,27.83608055114746,3557466
FMC,2010-05-17,20.34172821044922,27.26799774169922,27.44579315185547,26.786643981933594,27.059843063354492,4115979
FMC,2010-05-18,19.76589012145996,26.496097564697266,27.827407836914062,26.45273208618164,27.432783126831055,2713701
FMC,2010-05-19,19.646196365356445,26.33564567565918,26.400693893432617,25.845619201660156,26.339982986450195,2095462
FMC,2010-05-20,19.047719955444336,25.53339195251465,26.08412742614746,25.346921920776367,25.49436378479004,3387053
FMC,2010-05-21,19.287111282348633,25.854293823242188,25.89765739440918,24.752819061279297,25.22549819946289,2999645
FMC,2010-05-24,18.860088348388672,25.28187370300293,25.802255630493164,25.260190963745117,25.676496505737305,2342665
FMC,2010-05-25,19.047719955444336,25.53339195251465,25.54640007019043,24.583694458007812,24.71812629699707,2209379
FMC,2010-05-26,19.10919189453125,25.615785598754883,26.26626205444336,25.53339195251465,25.81960105895996,1795913
FMC,2010-05-27,19.892059326171875,26.665220260620117,26.665220260620117,25.932350158691406,26.192541122436523,1419112
FMC,2010-05-28,19.58796501159668,26.25758934020996,26.5871639251709,26.157848358154297,26.535125732421875,1511352
FMC,2010-06-01,18.986248016357422,25.45099639892578,26.240243911743164,25.442323684692383,26.08412742614746,1412886
FMC,2010-06-02,19.86617088317871,26.630529403686523,26.630529403686523,25.55507469177246,25.55507469177246,1594599
FMC,2010-06-03,19.69472312927246,26.400693893432617,26.751951217651367,26.114484786987305,26.517780303955078,1355006
FMC,2010-06-04,18.837440490722656,25.25151824951172,26.175195693969727,25.199480056762695,25.928014755249023,1344398
FMC,2010-06-07,18.730684280395508,25.108413696289062,25.68083381652832,25.06938362121582,25.299219131469727,1300584
FMC,2010-06-08,19.186830520629883,25.719860076904297,25.737207412719727,24.995662689208984,25.12575912475586,2327676
FMC,2010-06-09,19.154476165771484,25.676496505737305,26.25758934020996,25.550737380981445,25.8759765625,1317418
FMC,2010-06-10,19.837060928344727,26.59149932861328,26.59149932861328,26.11014747619629,26.114484786987305,1286517
FMC,2010-06-11,20.027931213378906,26.847354888916016,26.873374938964844,26.19687843322754,26.19687843322754,804333
FMC,2010-06-14,19.97940444946289,26.782306671142578,27.372072219848633,26.721595764160156,26.934085845947266,1542253
FMC,2010-06-15,20.47435760498047,27.44579315185547,27.450130462646484,26.994796752929688,27.064180374145508,1627344
FMC,2010-06-16,20.429067611694336,27.385082244873047,27.50650405883789,27.137901306152344,27.15524673461914,1407582
FMC,2010-06-17,20.535825729370117,27.528186798095703,27.575889587402344,27.103208541870117,27.497831344604492,1340708
FMC,2010-06-18,20.199386596679688,27.077190399169922,27.49349594116211,27.051170349121094,27.302688598632812,2413229
FMC,2010-06-21,20.228498458862305,27.11621856689453,27.480485916137695,26.934085845947266,27.207284927368164,2230363
FMC,2010-06-22,19.950288772583008,26.74327850341797,27.52385139465332,26.73460578918457,27.12489128112793,1426261
FMC,2010-06-23,19.921167373657227,26.70425033569336,26.89072036743164,26.52211570739746,26.790979385375977,1968863
FMC,2010-06-24,19.526498794555664,26.175195693969727,26.8516902923584,26.105810165405273,26.630529403686523,2033431
FMC,2010-06-25,19.51032066345215,26.153512954711914,26.474414825439453,26.04509925842285,26.25758934020996,2379792
FMC,2010-06-28,19.534643173217773,26.1318302154541,26.32697296142578,25.928014755249023,26.114484786987305,1200273
FMC,2010-06-29,18.879804611206055,25.2558536529541,25.832611083984375,25.121421813964844,25.763225555419922,1852640
FMC,2010-06-30,18.617231369018555,24.90459632873535,25.46834373474121,24.8265380859375,25.299219131469727,1831425
FMC,2010-07-01,18.584806442260742,24.86123275756836,25.091066360473633,24.31916618347168,25.091066360473633,2209609
FMC,2010-07-02,18.331954956054688,24.52298355102539,25.060710906982422,24.392887115478516,24.92194366455078,1467308
FMC,2010-07-06,18.23471450805664,24.392887115478516,25.043365478515625,24.128360748291016,24.956634521484375,2047267
FMC,2010-07-07,18.636682510375977,24.93061637878418,24.934951782226562,24.323503494262695,24.358196258544922,2378178
FMC,2010-07-08,19.022445678710938,25.4466609954834,25.49436378479004,25.104076385498047,25.160451889038086,2117369
FMC,2010-07-09,19.268817901611328,25.776235580444336,25.94536018371582,25.38161277770996,25.498699188232422,1210419
FMC,2010-07-12,18.93166732788086,25.325239181518555,25.78057289123535,25.24284553527832,25.737207412719727,1314881
FMC,2010-07-13,19.395244598388672,25.94536018371582,26.04509925842285,25.598438262939453,25.659149169921875,1846414
FMC,2010-07-14,19.327167510986328,25.854293823242188,26.036426544189453,25.60277557373047,25.89765739440918,1281214
FMC,2010-07-15,19.213703155517578,25.7025146484375,25.849956512451172,25.403295516967773,25.849956512451172,1531415
FMC,2010-07-16,18.811738967895508,25.16478729248047,25.59410285949707,25.11708641052246,25.54640007019043,2136740
FMC,2010-07-19,18.814973831176758,25.169124603271484,25.2558536529541,24.895923614501953,25.22549819946289,842382
FMC,2010-07-20,19.171566009521484,25.646141052246094,25.650476455688477,24.869905471801758,24.869905471801758,1074135
FMC,2010-07-21,19.009479522705078,25.4293155670166,25.95403289794922,25.303556442260742,25.81960105895996,1710130
FMC,2010-07-22,19.275300979614258,25.784908294677734,26.049436569213867,25.598438262939453,25.754552841186523,2552281
FMC,2010-07-23,19.583261489868164,26.19687843322754,26.222896575927734,25.724197387695312,25.745880126953125,2119675
FMC,2010-07-26,20.024141311645508,26.786643981933594,26.795316696166992,26.192541122436523,26.192541122436523,1553783
FMC,2010-07-27,20.017654418945312,26.777971267700195,27.18560218811035,26.630529403686523,27.05550765991211,1422802
FMC,2010-07-28,20.079256057739258,26.86036491394043,27.168256759643555,26.686904907226562,26.686904907226562,1808596
FMC,2010-07-29,20.422876358032227,27.320035934448242,27.588899612426758,25.8673038482666,27.02948760986328,3946027
FMC,2010-07-30,20.25754165649414,27.098873138427734,27.37640953063965,26.994796752929688,26.99913215637207,2261494
FMC,2010-08-02,20.60116195678711,27.558542251586914,27.66261863708496,27.220294952392578,27.47614860534668,2329982
FMC,2010-08-03,20.58171844482422,27.53252410888672,27.66261863708496,27.26799774169922,27.385082244873047,1418651
FMC,2010-08-04,20.889677047729492,27.94449234008789,27.9921932220459,27.5455322265625,27.549869537353516,1558164
FMC,2010-08-05,20.886432647705078,27.940156936645508,28.05290412902832,27.753686904907227,27.801387786865234,781273
FMC,2010-08-06,20.815120697021484,27.84475326538086,28.104944229125977,27.567216873168945,27.697311401367188,761441
FMC,2010-08-09,20.866985321044922,27.91413688659668,28.065914154052734,27.723329544067383,27.922809600830078,1048077
FMC,2010-08-10,20.34831428527832,27.220294952392578,27.645273208618164,27.020814895629883,27.56287956237793,1994690
FMC,2010-08-11,19.77776527404785,26.457069396972656,26.76496124267578,26.25758934020996,26.730268478393555,1406429
FMC,2010-08-12,19.729135513305664,26.39202117919922,26.552471160888672,26.066781997680664,26.144840240478516,819783
FMC,2010-08-13,19.683752059936523,26.331310272216797,26.5698184967041,26.18820571899414,26.29661750793457,736767
FMC,2010-08-16,19.797216415405273,26.48308753967285,26.630529403686523,26.019081115722656,26.1491756439209,728004
FMC,2010-08-17,20.273752212524414,27.120555877685547,27.424110412597656,26.81266212463379,26.81266212463379,1386367
FMC,2010-08-18,20.445568084716797,27.35038948059082,27.441457748413086,26.86036491394043,27.08586311340332,1240397
FMC,2010-08-19,19.965787887573242,26.708585739135742,27.285343170166016,26.50043487548828,27.2723331451416,852298
FMC,2010-08-20,20.046838760375977,26.816999435424805,26.8516902923584,26.33564567565918,26.474414825439453,983048
FMC,2010-08-23,20.140838623046875,26.942758560180664,27.22463035583496,26.89072036743164,26.89939308166504,1601517
FMC,2010-08-24,19.725900650024414,26.387683868408203,26.790979385375977,26.3226375579834,26.613182067871094,1122561
FMC,2010-08-25,19.580026626586914,26.192541122436523,26.248916625976562,25.6938419342041,26.19687843322754,1623885
FMC,2010-08-26,19.823148727416992,26.517780303955078,26.795316696166992,26.26626205444336,26.379011154174805,1123022
FMC,2010-08-27,20.44232177734375,27.346054077148438,27.35038948059082,26.400693893432617,26.660884857177734,879970
FMC,2010-08-30,20.23485565185547,27.068517684936523,27.428447723388672,27.042497634887695,27.276670455932617,1001496
FMC,2010-08-31,20.189472198486328,27.0078067779541,27.129228591918945,26.691240310668945,26.89072036743164,1574537
FMC,2010-09-01,20.69192886352539,27.679964065551758,27.679964065551758,27.20294952392578,27.411100387573242,2068251
FMC,2010-09-02,20.9058837890625,27.966175079345703,28.05290412902832,27.718994140625,27.74934959411621,954915
FMC,2010-09-03,21.155502319335938,28.300086975097656,28.356460571289062,28.044231414794922,28.183000564575195,1073674
FMC,2010-09-07,20.9869384765625,28.074588775634766,28.29574966430664,27.922809600830078,27.922809600830078,677042
FMC,2010-09-08,21.24627113342285,28.4215087890625,28.60797882080078,28.161317825317383,28.22636604309082,647525
FMC,2010-09-09,20.999889373779297,28.091934204101562,28.768430709838867,28.022550582885742,28.76409339904785,879047
FMC,2010-09-10,20.815120697021484,27.84475326538086,28.204683303833008,27.81873321533203,28.113616943359375,1316265
FMC,2010-09-13,21.359731674194336,28.573286056518555,28.590633392333984,28.10060691833496,28.10060691833496,826009
FMC,2010-09-14,21.3953914642334,28.620988845825195,28.881179809570312,28.486557006835938,28.512575149536133,739995
FMC,2010-09-15,21.518577575683594,28.785776138305664,28.82046890258789,28.399826049804688,28.51691246032715,827623
FMC,2010-09-16,21.609344482421875,28.90719985961914,28.980918884277344,28.746747970581055,28.751083374023438,663206
FMC,2010-09-17,21.83626937866211,29.21075439453125,29.31049346923828,28.872507095336914,29.145706176757812,1282136
FMC,2010-09-20,22.205825805664062,29.705116271972656,29.722463607788086,29.163053512573242,29.254119873046875,1072982
FMC,2010-09-21,22.183130264282227,29.674760818481445,30.086729049682617,29.588031768798828,29.77450180053711,2229441
FMC,2010-09-22,21.962696075439453,29.379878997802734,29.848222732543945,29.358196258544922,29.683435440063477,1177444
FMC,2010-09-23,21.61907196044922,28.920207977294922,29.42324447631836,28.876842498779297,29.04596710205078,1273373
FMC,2010-09-24,22.076152801513672,29.53165626525879,29.674760818481445,29.071985244750977,29.137033462524414,1845953
FMC,2010-09-27,21.94001007080078,29.349523544311523,29.566349029541016,29.284475326538086,29.488290786743164,1005647
FMC,2010-09-28,22.168964385986328,29.601041793823242,29.670425415039062,28.855159759521484,29.362533569335938,1333329
FMC,2010-09-29,22.068281173706055,29.46660804748535,29.700780868530273,29.340850830078125,29.535993576049805,1012795
FMC,2010-09-30,22.217683792114258,29.666088104248047,30.0086727142334,29.3061580657959,29.696443557739258,1358926
FMC,2010-10-01,22.029319763183594,29.41457176208496,29.605377197265625,28.98525619506836,29.50563621520996,2837533
FMC,2010-10-04,22.042301177978516,29.431917190551758,29.479618072509766,29.24978256225586,29.2888126373291,1527494
FMC,2010-10-05,22.604158401489258,30.1821346282959,30.203815460205078,29.63139533996582,29.796184539794922,1120947
FMC,2010-10-06,22.548948287963867,30.108413696289062,30.329574584960938,30.0,30.19514274597168,754293
FMC,2010-10-07,22.220932006835938,29.670425415039062,30.199480056762695,29.488290786743164,30.18647003173828,1271528
FMC,2010-10-08,22.516468048095703,30.065048217773438,30.247180938720703,29.74848175048828,29.74848175048828,1370456
FMC,2010-10-11,22.587919235229492,30.160451889038086,30.212488174438477,29.90459632873535,30.13876724243164,1036086
FMC,2010-10-12,22.61065673828125,30.190807342529297,30.2558536529541,29.579357147216797,29.926279067993164,1104805
FMC,2010-10-13,23.058835983276367,30.78924560546875,30.89765739440918,30.299219131469727,30.355594635009766,1462004
FMC,2010-10-14,22.85422706604004,30.51604461669922,30.993061065673828,30.35993194580078,30.89765739440918,838231
FMC,2010-10-15,22.906198501586914,30.58542823791504,30.893321990966797,29.94362449645996,30.654813766479492,1182747
FMC,2010-10-18,22.928932189941406,30.615785598754883,30.75889015197754,30.433650970458984,30.55507469177246,701485
FMC,2010-10-19,22.49698829650879,30.03902816772461,30.54640007019043,29.93061637878418,30.16478729248047,1316265
FMC,2010-10-20,22.74381446838379,30.36860466003418,30.7111873626709,30.190807342529297,30.229835510253906,1320877
FMC,2010-10-21,22.837989807128906,30.49436378479004,30.81960105895996,30.247180938720703,30.43798828125,945460
FMC,2010-10-22,22.792522430419922,30.433650970458984,30.628793716430664,30.2731990814209,30.57675552368164,474114
FMC,2010-10-25,23.117300033569336,30.8673038482666,31.08412742614746,30.641803741455078,30.646141052246094,721547
FMC,2010-10-26,23.010129928588867,30.724197387695312,30.754552841186523,30.216825485229492,30.68083381652832,1257692
FMC,2010-10-27,22.516468048095703,30.065048217773438,30.572420120239258,29.852558135986328,29.913270950317383,1541100
FMC,2010-10-28,23.974700927734375,32.012142181396484,32.24197769165039,30.57675552368164,30.57675552368164,2875813
FMC,2010-10-29,23.740861892700195,31.699913024902344,31.973114013671875,31.426713943481445,31.74327850341797,1744950
FMC,2010-11-01,23.85453224182129,31.8516902923584,32.025150299072266,31.604509353637695,32.012142181396484,1365152
FMC,2010-11-02,24.338451385498047,32.497833251953125,32.536861419677734,31.951431274414062,32.185604095458984,1071829
FMC,2010-11-03,24.27349281311035,32.411102294921875,32.597572326660156,32.064178466796875,32.597572326660156,960449
FMC,2010-11-04,24.760648727416992,33.06157684326172,33.08325958251953,32.7016487121582,32.83607864379883,1177213
FMC,2010-11-05,24.968503952026367,33.339115142822266,33.37380599975586,33.04423141479492,33.04423141479492,1390979
FMC,2010-11-08,25.01722526550293,33.4041633605957,33.5776252746582,33.100608825683594,33.1396369934082,1113798
FMC,2010-11-09,24.734657287597656,33.026885986328125,33.52124786376953,32.892452239990234,33.44752883911133,908103
FMC,2010-11-10,24.90679931640625,33.25672149658203,33.26972961425781,32.75802230834961,33.065914154052734,655826
FMC,2010-11-11,25.056190490722656,33.456199645996094,33.5776252746582,32.979183197021484,32.979183197021484,896803
FMC,2010-11-12,24.426136016845703,32.61491775512695,33.36947250366211,32.46747589111328,33.113616943359375,939464
FMC,2010-11-15,24.598264694213867,32.84475326538086,33.07892608642578,32.64960861206055,32.72766876220703,840998
FMC,2010-11-16,24.21178436279297,32.32870864868164,32.636600494384766,31.93842124938965,32.636600494384766,1100193
FMC,2010-11-17,24.289731979370117,32.43278503417969,32.588897705078125,32.09453582763672,32.34171676635742,612474
FMC,2010-11-18,24.955507278442383,33.32176971435547,33.54726791381836,32.81873321533203,32.85342788696289,1013487
FMC,2010-11-19,25.082176208496094,33.49089431762695,33.503902435302734,33.018211364746094,33.239376068115234,931163
FMC,2010-11-22,25.08866310119629,33.49956512451172,33.79011154174805,32.979183197021484,33.3477897644043,1014409
FMC,2010-11-23,24.66646385192871,32.935821533203125,33.23503875732422,32.74501419067383,33.23503875732422,1222641
FMC,2010-11-24,25.611553192138672,34.19774627685547,34.215091705322266,33.330440521240234,33.330440521240234,1399281
FMC,2010-11-26,25.686250686645508,34.2974853515625,34.54900360107422,33.77276611328125,33.83347702026367,650061
FMC,2010-11-29,25.59531593322754,34.176063537597656,34.28447341918945,33.59930419921875,33.941890716552734,1313728
FMC,2010-11-30,25.27379035949707,33.74674987792969,33.989593505859375,33.66435241699219,33.803123474121094,1744258
FMC,2010-12-01,26.147417068481445,34.91326904296875,35.034690856933594,33.96357345581055,34.3712043762207,2143196
FMC,2010-12-02,26.03376007080078,34.76149368286133,35.46400833129883,34.592369079589844,34.99132537841797,3019015
FMC,2010-12-03,26.053234100341797,34.78750991821289,35.17779541015625,34.63573455810547,34.653079986572266,1635876
FMC,2010-12-06,26.11170196533203,34.86556625366211,35.06071090698242,34.57502365112305,34.57502365112305,1276832
FMC,2010-12-07,26.332544326782227,35.16044998168945,35.572418212890625,35.15177917480469,35.31222915649414,1302198
FMC,2010-12-08,26.257844924926758,35.06071090698242,35.433650970458984,34.84388732910156,35.169124603271484,634611
FMC,2010-12-09,26.384511947631836,35.229835510253906,35.35125732421875,34.904598236083984,35.35125732421875,641299
FMC,2010-12-10,26.436473846435547,35.299217224121094,35.520381927490234,35.095401763916016,35.35993194580078,462814
FMC,2010-12-13,25.952566146850586,34.653079986572266,35.54640197753906,34.605377197265625,35.36426544189453,1889767
FMC,2010-12-14,25.916845321655273,34.605377197265625,34.76582717895508,34.45793533325195,34.692108154296875,1054303
FMC,2010-12-15,25.741466522216797,34.3712043762207,34.80052185058594,34.2974853515625,34.5446662902832,701485
FMC,2010-12-16,25.988292694091797,34.700782775878906,34.80052185058594,34.36253356933594,34.427581787109375,1246393
FMC,2010-12-17,25.900592803955078,34.58369445800781,34.73980712890625,34.27580261230469,34.69644546508789,1505587
FMC,2010-12-20,25.780431747436523,34.42324447631836,34.705116271972656,34.37554168701172,34.67042541503906,993655
FMC,2010-12-21,26.062978744506836,34.80052185058594,34.89592361450195,34.592369079589844,34.592369079589844,1267147
FMC,2010-12-22,25.855125427246094,34.52298355102539,34.82220458984375,34.32350540161133,34.7528190612793,680039
FMC,2010-12-23,25.884355545043945,34.56201171875,34.77450180053711,34.18473434448242,34.47528076171875,526921
FMC,2010-12-27,25.8746280670166,34.54900360107422,34.7354736328125,34.28881072998047,34.7354736328125,431683
FMC,2010-12-28,25.82590103149414,34.48395538330078,34.80052185058594,34.38421630859375,34.614051818847656,720856
FMC,2010-12-29,25.95113754272461,34.596702575683594,34.700782775878906,34.215091705322266,34.64006805419922,726851
FMC,2010-12-30,26.084503173828125,34.77450180053711,34.98699188232422,34.5446662902832,34.592369079589844,528766
FMC,2010-12-31,25.986921310424805,34.644405364990234,34.87424087524414,34.592369079589844,34.66608810424805,585493
FMC,2011-01-03,26.21135902404785,34.943626403808594,35.26019287109375,34.92627716064453,34.98699188232422,1057762
FMC,2011-01-04,25.554283142089844,34.067649841308594,35.00867462158203,33.989593505859375,35.00867462158203,1264149
FMC,2011-01-05,25.297311782836914,33.72506332397461,33.889854431152344,33.62099075317383,33.889854431152344,1851718
FMC,2011-01-06,25.059860229492188,33.40850067138672,33.97224426269531,33.31309509277344,33.74241256713867,1178597
FMC,2011-01-07,24.98504066467285,33.30876159667969,33.79444885253906,33.213356018066406,33.79444885253906,699179
FMC,2011-01-10,24.926488876342773,33.2307014465332,33.29574966430664,32.979183197021484,33.100608825683594,1710591
FMC,2011-01-11,24.965524673461914,33.28274154663086,33.451866149902344,33.13096237182617,33.365135192871094,933469
FMC,2011-01-12,25.352611541748047,33.79878616333008,33.79878616333008,33.35212326049805,33.52558517456055,599329
FMC,2011-01-13,25.235509872436523,33.642669677734375,33.954898834228516,33.52124786376953,33.764095306396484,589414
FMC,2011-01-14,25.290809631347656,33.716392517089844,33.855159759521484,33.39548873901367,33.564613342285156,843304
FMC,2011-01-18,25.661632537841797,34.21075439453125,34.293148040771484,33.62532424926758,33.73373794555664,763517
FMC,2011-01-19,24.98504066467285,33.30876159667969,34.23243713378906,33.26105880737305,34.23243713378906,757521
FMC,2011-01-20,24.64349937438965,32.85342788696289,33.122291564941406,32.48048782348633,33.122291564941406,1201426
FMC,2011-01-21,24.75408363342285,33.0008659362793,33.1743278503418,32.74501419067383,32.95750045776367,1016946
FMC,2011-01-24,25.001310348510742,33.330440521240234,33.36079788208008,33.00954055786133,33.06157684326172,1095811
FMC,2011-01-25,25.001310348510742,33.330440521240234,33.339115142822266,32.92280960083008,33.22636413574219,1088663
FMC,2011-01-26,24.848430633544922,33.126625061035156,33.729400634765625,33.08759689331055,33.300086975097656,1847106
FMC,2011-01-27,24.890710830688477,33.18300247192383,33.36947250366211,32.34605407714844,33.10927963256836,1803292
FMC,2011-01-28,24.399534225463867,32.5281867980957,33.46921157836914,32.52384948730469,33.33477783203125,1661934
FMC,2011-01-31,24.741077423095703,32.9835205078125,33.35212326049805,32.39375686645508,32.39375686645508,1477915
FMC,2011-02-01,25.729948043823242,34.301822662353516,34.56201171875,33.6123161315918,33.6123161315918,2670579
FMC,2011-02-02,25.781984329223633,34.3712043762207,34.49696350097656,34.08499526977539,34.18473434448242,1106188
FMC,2011-02-03,25.853548049926758,34.466609954833984,34.57502365112305,33.989593505859375,34.37554168701172,970134
FMC,2011-02-04,26.090999603271484,34.783172607421875,34.82220458984375,34.301822662353516,34.42324447631836,979128
FMC,2011-02-07,26.373998641967773,35.16044998168945,35.55073547363281,34.869903564453125,35.06938552856445,1584683
FMC,2011-02-08,26.83591079711914,35.77623748779297,35.958370208740234,34.301822662353516,34.614051818847656,2671270
FMC,2011-02-09,26.455320358276367,35.268863677978516,35.8586311340332,35.182132720947266,35.78924560546875,1564621
FMC,2011-02-10,26.49436378479004,35.32090377807617,35.572418212890625,35.02602005004883,35.02602005004883,1366536
FMC,2011-02-11,26.53989601135254,35.381614685058594,35.49002456665039,35.082393646240234,35.11708450317383,1105496
FMC,2011-02-14,26.53989601135254,35.381614685058594,35.572418212890625,35.307891845703125,35.32957458496094,643374
FMC,2011-02-15,26.051979064941406,34.731136322021484,35.255855560302734,34.67042541503906,35.23850631713867,1191049
FMC,2011-02-16,26.474836349487305,35.294883728027344,35.316566467285156,34.76149368286133,34.965309143066406,893344
FMC,2011-02-17,26.598451614379883,35.45967102050781,35.50737380981445,34.995662689208984,35.2818717956543,851836
FMC,2011-02-18,26.396774291992188,35.1908073425293,35.6287956237793,34.96097183227539,35.46400833129883,1559778
FMC,2011-02-22,25.21924591064453,33.62099075317383,35.22549819946289,33.55594253540039,34.87424087524414,2303233
FMC,2011-02-23,24.6662654876709,32.88378143310547,33.60797882080078,32.38508224487305,33.594970703125,1699522
FMC,2011-02-24,24.4548282623291,32.60190963745117,33.026885986328125,32.22029495239258,32.7016487121582,1827505
FMC,2011-02-25,24.734573364257812,32.974849700927734,33.22636413574219,32.77970504760742,32.849090576171875,1330793
FMC,2011-02-28,25.189971923828125,33.58195877075195,33.603641510009766,33.00520324707031,33.165653228759766,1463618
FMC,2011-03-01,24.734573364257812,32.974849700927734,33.889854431152344,32.91413879394531,33.79011154174805,1595291
FMC,2011-03-02,25.05335235595703,33.39982604980469,33.55594253540039,32.93148422241211,32.94449234008789,1112645
FMC,2011-03-03,25.716930389404297,34.28447341918945,34.39722442626953,33.777103424072266,33.79444885253906,980972
FMC,2011-03-04,25.365617752075195,33.816131591796875,34.388553619384766,33.48221969604492,34.32783889770508,991811
FMC,2011-03-07,24.90372657775879,33.200347900390625,34.154380798339844,32.99219512939453,34.06331253051758,1330793
FMC,2011-03-08,25.225751876831055,33.629661560058594,33.824806213378906,32.979183197021484,33.326107025146484,801335
FMC,2011-03-09,24.770355224609375,33.02254867553711,33.52558517456055,32.81873321533203,33.4215087890625,1374837
FMC,2011-03-10,24.435312271118164,32.575889587402344,32.862098693847656,32.150909423828125,32.623592376708984,1238322
FMC,2011-03-11,24.679277420043945,32.901126861572266,33.07892608642578,32.44145584106445,32.44145584106445,1219874
FMC,2011-03-14,24.55891990661621,32.74067687988281,33.10927963256836,32.372074127197266,32.52384948730469,1035625
FMC,2011-03-15,24.445070266723633,32.588897705078125,32.87077331542969,31.470077514648438,31.760623931884766,1723735
FMC,2011-03-16,24.445070266723633,32.588897705078125,32.9098014831543,32.17259216308594,32.549869537353516,2186088
FMC,2011-03-17,24.721559524536133,32.95750045776367,33.40850067138672,32.840415954589844,33.21769332885742,1049461
FMC,2011-03-18,25.02082633972168,33.35646057128906,33.512577056884766,33.122291564941406,33.512577056884766,1845031
FMC,2011-03-21,25.908830642700195,34.54032897949219,34.56201171875,33.67302703857422,33.824806213378906,2324217
FMC,2011-03-22,25.947893142700195,34.592369079589844,34.683433532714844,34.115352630615234,34.58803176879883,1804445
FMC,2011-03-23,26.546398162841797,35.39028549194336,35.46834182739258,34.479618072509766,34.68777084350586,1920898
FMC,2011-03-24,26.88795280456543,35.845619201660156,36.16652297973633,35.2645263671875,35.65047836303711,2150114
FMC,2011-03-25,27.15142822265625,36.196876525878906,36.38334655761719,35.932350158691406,35.98872375488281,1427414
FMC,2011-03-28,26.91071891784668,35.8759765625,36.409366607666016,35.78924560546875,36.322635650634766,1145390
FMC,2011-03-29,27.334354400634766,36.37467575073242,36.41804122924805,35.63746643066406,35.871639251708984,968289
FMC,2011-03-30,27.59831428527832,36.72593307495117,36.8603630065918,36.24457931518555,36.55680847167969,1214801
FMC,2011-03-31,27.67652702331543,36.83000946044922,37.12922668457031,36.621856689453125,36.621856689453125,830621
FMC,2011-04-01,28.064313888549805,37.34605407714844,37.36773681640625,36.986122131347656,37.111881256103516,1233018
FMC,2011-04-04,28.31524085998535,37.67996597290039,37.78404235839844,37.372074127197266,37.463138580322266,1147235
FMC,2011-04-05,28.31524085998535,37.67996597290039,38.152645111083984,37.50650405883789,37.588897705078125,1282828
FMC,2011-04-06,28.13599967956543,37.44145584106445,38.09627151489258,37.237640380859375,37.862098693847656,1011873
FMC,2011-04-07,27.99262809753418,37.250648498535156,37.7927131652832,37.08152770996094,37.376407623291016,915251
FMC,2011-04-08,27.771024703979492,36.95576858520508,37.597572326660156,36.75628662109375,37.53252410888672,947997
FMC,2011-04-11,27.4842586517334,36.574153900146484,37.098873138427734,36.51778030395508,37.08586120605469,841921
FMC,2011-04-12,27.282215118408203,36.30529022216797,36.64353942871094,36.20988845825195,36.405029296875,893575
FMC,2011-04-13,27.32457733154297,36.361663818359375,36.64787673950195,36.00606918334961,36.55247116088867,849069
FMC,2011-04-14,27.56899070739746,36.68690490722656,36.751949310302734,35.90199661254883,36.08846664428711,1254233
FMC,2011-04-15,27.813385009765625,37.012142181396484,37.159584045410156,36.64353942871094,36.83000946044922,1388673
FMC,2011-04-18,27.575504302978516,36.69557571411133,36.838680267333984,36.235904693603516,36.50910568237305,1165914
FMC,2011-04-19,27.699329376220703,36.8603630065918,36.981788635253906,36.58716583251953,36.699913024902344,1108033
FMC,2011-04-20,28.31851577758789,37.684303283691406,38.05290603637695,37.47615051269531,37.47615051269531,1343476
FMC,2011-04-21,28.637855529785156,38.10927963256836,38.113616943359375,37.597572326660156,37.82307052612305,805255
FMC,2011-04-25,28.442338943481445,37.849090576171875,38.152645111083984,37.58456039428711,38.03122329711914,489333
FMC,2011-04-26,28.686744689941406,38.1743278503418,38.451866149902344,37.948829650878906,38.13096237182617,1057301
FMC,2011-04-27,28.487957000732422,37.9098014831543,38.339115142822266,37.53252410888672,38.339115142822266,832466
FMC,2011-04-28,28.611783981323242,38.074588775634766,38.1743278503418,37.81873321533203,37.892452239990234,1089816
FMC,2011-04-29,28.768211364746094,38.28274154663086,38.62099075317383,38.161319732666016,38.26972961425781,1106880
FMC,2011-05-02,28.426061630249023,37.82740783691406,38.716392517089844,37.684303283691406,38.642669677734375,1800755
FMC,2011-05-03,27.464698791503906,36.548133850097656,37.849090576171875,35.958370208740234,37.82740783691406,3440783
FMC,2011-05-04,27.161643981933594,36.144840240478516,36.60017395019531,35.88898468017578,36.56547927856445,1812055
FMC,2011-05-05,27.14861488342285,36.12749481201172,36.3876838684082,35.6287956237793,35.84995651245117,1847567
FMC,2011-05-06,27.604825973510742,36.73460388183594,37.45880126953125,36.5611457824707,36.80398941040039,1954104
FMC,2011-05-09,27.881826400756836,37.10321044921875,37.23330307006836,36.69123840332031,36.73460388183594,879047
FMC,2011-05-10,28.106679916381836,37.402427673339844,37.51517868041992,37.22029495239258,37.276668548583984,917327
FMC,2011-05-11,27.588542938232422,36.712921142578125,37.363399505615234,36.39202117919922,37.276668548583984,916866
FMC,2011-05-12,27.406047821044922,36.47007751464844,36.55680847167969,36.02775573730469,36.55680847167969,1233710
FMC,2011-05-13,27.278968811035156,36.30095291137695,36.53946304321289,36.03642654418945,36.483089447021484,1211111
FMC,2011-05-16,27.233339309692383,36.24024200439453,36.799652099609375,35.997398376464844,36.07979202270508,870284
FMC,2011-05-17,26.897682189941406,35.793582916259766,36.15351486206055,35.47701644897461,36.04076385498047,853681
FMC,2011-05-18,27.2919864654541,36.31829833984375,36.37467575073242,35.57675552368164,36.03642654418945,1377604
FMC,2011-05-19,27.4093074798584,36.47441482543945,36.808326721191406,36.21855926513672,36.582828521728516,805486
FMC,2011-05-20,27.350648880004883,36.396358489990234,36.61751937866211,35.706851959228516,36.44405746459961,1357081
FMC,2011-05-23,26.832515716552734,35.706851959228516,35.96270751953125,35.58543014526367,35.83694839477539,1118410
FMC,2011-05-24,26.79340362548828,35.654815673828125,36.16652297973633,35.51604461669922,35.871639251708984,1634954
FMC,2011-05-25,27.03129768371582,35.971378326416016,36.144840240478516,35.39896011352539,35.53772735595703,1687300
FMC,2011-05-26,27.076915740966797,36.03208923339844,36.136165618896484,35.611446380615234,35.85429382324219,1251005
FMC,2011-05-27,27.187707901000977,36.17953109741211,36.53946304321289,35.98005294799805,36.1578483581543,1092583
FMC,2011-05-31,27.487512588500977,36.5784912109375,36.78230667114258,36.144840240478516,36.78230667114258,1532337
FMC,2011-06-01,26.562036514282227,35.346920013427734,36.47007751464844,35.31222915649414,36.14917755126953,1162224
FMC,2011-06-02,26.539226531982422,35.316566467285156,35.90633010864258,35.07805633544922,35.32090377807617,999420
FMC,2011-06-03,25.96568489074707,34.55333709716797,34.98699188232422,34.50997543334961,34.69644546508789,1572923
FMC,2011-06-06,25.77993392944336,34.306156158447266,34.93061447143555,34.154380798339844,34.41456985473633,1173293
FMC,2011-06-07,25.73757553100586,34.24978256225586,34.58803176879883,34.21075439453125,34.40589904785156,1031935
FMC,2011-06-08,25.476879119873047,33.902862548828125,34.24978256225586,33.768428802490234,34.11101531982422,987429
FMC,2011-06-09,25.933095932006836,34.50997543334961,34.75715637207031,33.894187927246094,34.42324447631836,1115412
FMC,2011-06-10,25.519243240356445,33.95923614501953,34.418907165527344,33.894187927246094,34.267127990722656,1017638
FMC,2011-06-13,25.2161808013916,33.55594253540039,34.245445251464844,33.300086975097656,34.00693893432617,1157843
FMC,2011-06-14,26.066707611083984,34.68777084350586,34.7354736328125,33.8768424987793,33.915870666503906,1819203
FMC,2011-06-15,25.750606536865234,34.267127990722656,34.53165817260742,34.17172622680664,34.202083587646484,2778730
FMC,2011-06-16,25.809263229370117,34.345184326171875,34.97397994995117,33.84648513793945,34.25845718383789,3225633
FMC,2011-06-17,25.822303771972656,34.36253356933594,34.98699188232422,34.340850830078125,34.83521270751953,1796835
FMC,2011-06-20,26.219873428344727,34.89158630371094,34.93495178222656,34.3148307800293,34.3148307800293,1198198
FMC,2011-06-21,26.734745025634766,35.57675552368164,35.654815673828125,34.98699188232422,35.082393646240234,1288362
FMC,2011-06-22,26.734745025634766,35.57675552368164,35.88898468017578,35.36426544189453,35.36426544189453,1174215
FMC,2011-06-23,26.58159065246582,35.37294006347656,35.407630920410156,34.52298355102539,34.96097183227539,986737
FMC,2011-06-24,27.080177307128906,36.03642654418945,36.30095291137695,35.43798828125,35.45967102050781,2813089
FMC,2011-06-27,27.076915740966797,36.03208923339844,36.22723388671875,35.56374740600586,35.93668746948242,931163
FMC,2011-06-28,27.550294876098633,36.5958366394043,36.61751937866211,36.02775573730469,36.11882019042969,795109
FMC,2011-06-29,27.94858169555664,37.12489318847656,37.250648498535156,36.58716583251953,36.75628662109375,2116908
FMC,2011-06-30,28.08242416381836,37.30268859863281,37.337379455566406,36.69557571411133,37.29401779174805,1465232
FMC,2011-07-01,28.575380325317383,37.95750045776367,38.152645111083984,37.237640380859375,37.30702590942383,1757633
FMC,2011-07-05,28.741891860961914,38.17866516113281,38.464874267578125,37.775367736816406,37.927146911621094,1231635
FMC,2011-07-06,28.849624633789062,38.32176971435547,38.69470977783203,38.018211364746094,38.16999053955078,1167067
FMC,2011-07-07,29.163021087646484,38.738075256347656,38.950565338134766,38.49956512451172,38.62532424926758,1085665
FMC,2011-07-08,28.960617065429688,38.46921157836914,38.594970703125,38.013877868652344,38.200347900390625,973363
FMC,2011-07-11,28.376243591308594,37.69297409057617,38.204681396484375,37.45880126953125,37.77970504760742,1036778
FMC,2011-07-12,28.392566680908203,37.714656829833984,38.026885986328125,37.58456039428711,37.60190963745117,970595
FMC,2011-07-13,28.5688533782959,37.948829650878906,38.34345245361328,37.85776138305664,37.92280960083008,845841
FMC,2011-07-14,28.275041580200195,37.55854415893555,38.152645111083984,37.337379455566406,38.013877868652344,1077594
FMC,2011-07-15,28.53948402404785,37.9098014831543,37.935821533203125,37.4544677734375,37.70598220825195,1002418
FMC,2011-07-18,28.095497131347656,37.32003402709961,37.83607864379883,37.09453582763672,37.71031951904297,992041
FMC,2011-07-19,28.810436248779297,38.26972961425781,38.3477897644043,37.4544677734375,37.46747589111328,1260921
FMC,2011-07-20,29.104249954223633,38.66001510620117,38.72506332397461,38.165653228759766,38.25672149658203,1388443
FMC,2011-07-21,30.31543731689453,40.268863677978516,40.32957458496094,38.87250518798828,39.028621673583984,3329633
FMC,2011-07-22,29.930206298828125,39.75715637207031,40.299217224121094,39.705116271972656,40.294883728027344,1495672
FMC,2011-07-25,30.011831283569336,39.86556625366211,40.16044998168945,39.32783889770508,39.3712043762207,821858
FMC,2011-07-26,29.832277297973633,39.62705993652344,40.06504821777344,39.54032897949219,40.00867462158203,878586
FMC,2011-07-27,28.934490203857422,38.43452072143555,39.72246170043945,38.43452072143555,39.566349029541016,1570617
FMC,2011-07-28,28.852880477905273,38.326107025146484,38.855159759521484,38.248050689697266,38.512577056884766,2128899
FMC,2011-07-29,28.58844757080078,37.974849700927734,38.386817932128906,37.48048782348633,37.77103042602539,2159338
FMC,2011-08-01,28.843101501464844,38.31309509277344,39.11101531982422,37.588897705078125,38.71205520629883,2588716
FMC,2011-08-02,26.949600219726562,35.797916412353516,37.60624313354492,35.698177337646484,36.7692985534668,3676917
FMC,2011-08-03,27.096498489379883,35.99306106567383,36.231571197509766,34.778839111328125,35.80659103393555,3108719
FMC,2011-08-04,25.376033782958984,33.70771789550781,35.46400833129883,33.69470977783203,35.46400833129883,3021782
FMC,2011-08-05,25.349925994873047,33.67302703857422,34.527320861816406,32.63226318359375,34.22376251220703,2351889
FMC,2011-08-08,22.947154998779297,30.481353759765625,33.100608825683594,30.442323684692383,32.69297409057617,2738836
FMC,2011-08-09,24.279125213623047,32.250648498535156,32.285343170166016,30.121421813964844,31.157848358154297,3411496
FMC,2011-08-10,23.195261001586914,30.810928344726562,32.27233123779297,30.75021743774414,31.81266212463379,2003683
FMC,2011-08-11,24.321561813354492,32.30702590942383,32.87077331542969,31.127492904663086,31.136167526245117,2714162
FMC,2011-08-12,24.517436981201172,32.56721496582031,32.73200225830078,32.098873138427734,32.64093780517578,3027317
FMC,2011-08-15,24.66761589050293,32.76669692993164,33.065914154052734,32.376407623291016,32.84475326538086,2594942
FMC,2011-08-16,23.991832733154297,31.869037628173828,32.372074127197266,31.54813575744629,32.250648498535156,2402391
FMC,2011-08-17,23.799222946166992,31.613182067871094,32.41543960571289,31.54813575744629,32.22896957397461,2134434
FMC,2011-08-18,22.25830841064453,29.566349029541016,30.667823791503906,29.258455276489258,30.62445831298828,2711856
FMC,2011-08-19,21.9024600982666,29.093669891357422,29.995662689208984,29.050304412841797,29.154380798339844,1923665
FMC,2011-08-22,21.791473388671875,28.946226119995117,29.86123275756836,28.872507095336914,29.7441463470459,1628728
FMC,2011-08-23,22.930824279785156,30.45966911315918,30.45966911315918,28.93755340576172,29.119688034057617,1685225
FMC,2011-08-24,23.227914810180664,30.854293823242188,30.871639251708984,30.15611457824707,30.32090187072754,1319493
FMC,2011-08-25,22.97653579711914,30.520381927490234,31.192541122436523,30.24284553527832,31.04509925842285,1375298
FMC,2011-08-26,23.678428649902344,31.45273208618164,31.487424850463867,29.65741539001465,30.11708641052246,1268761
FMC,2011-08-29,24.262798309326172,32.22896957397461,32.23330307006836,31.799652099609375,31.864700317382812,1791762
FMC,2011-08-30,24.726383209228516,32.84475326538086,33.018211364746094,31.908065795898438,32.04249954223633,1614661
FMC,2011-08-31,24.78840446472168,32.927146911621094,33.330440521240234,32.7016487121582,33.11795425415039,1748870
FMC,2011-09-01,24.377059936523438,32.38074493408203,33.22636413574219,32.33304214477539,32.862098693847656,1118410
FMC,2011-09-02,23.684955596923828,31.46140480041504,31.925411224365234,31.3226375579834,31.552471160888672,787038
FMC,2011-09-06,23.41072654724121,31.097137451171875,31.17953109741211,30.355594635009766,30.45966911315918,871899
FMC,2011-09-07,24.181180953979492,32.12055587768555,32.16825866699219,31.613182067871094,31.67389488220215,953992
FMC,2011-09-08,23.841657638549805,31.669557571411133,32.35039138793945,31.552471160888672,31.782306671142578,1173293
FMC,2011-09-09,23.221370697021484,30.845619201660156,31.357328414916992,30.56374740600586,31.248916625976562,1701597
FMC,2011-09-12,22.98958396911621,30.53772735595703,30.9583683013916,29.947961807250977,30.403295516967773,1223794
FMC,2011-09-13,23.606603622436523,31.357328414916992,31.46140480041504,30.51604461669922,30.706851959228516,1107341
FMC,2011-09-14,24.41297721862793,32.42844772338867,32.86643600463867,30.810928344726562,31.448394775390625,1625961
FMC,2011-09-15,24.95490264892578,33.14830780029297,33.18300247192383,32.502166748046875,32.762359619140625,1467538
FMC,2011-09-16,25.199756622314453,33.473548889160156,33.6123161315918,33.018211364746094,33.365135192871094,1809979
FMC,2011-09-19,25.026723861694336,33.24371337890625,33.4041633605957,32.18126678466797,32.74067687988281,1462465
FMC,2011-09-20,24.951631546020508,33.14397048950195,33.88551712036133,33.1396369934082,33.456199645996094,1715895
FMC,2011-09-21,23.782901763916016,31.59149932861328,33.4215087890625,31.5871639251709,33.06157684326172,1194739
FMC,2011-09-22,22.434602737426758,29.800519943237305,30.68083381652832,29.449262619018555,30.234172821044922,2740912
FMC,2011-09-23,22.470516204833984,29.848222732543945,30.667823791503906,29.418907165527344,29.64006805419922,1673695
FMC,2011-09-26,22.99612045288086,30.54640007019043,30.56374740600586,29.358196258544922,30.03902816772461,1546634
FMC,2011-09-27,24.390117645263672,32.39809036254883,32.935821533203125,31.348655700683594,31.487424850463867,2169715
FMC,2011-09-28,23.62139129638672,31.31396484375,32.4371223449707,31.25758934020996,32.4371223449707,2206381
FMC,2011-09-29,23.44474220275879,31.079792022705078,32.150909423828125,30.28187370300293,32.150909423828125,1342553
FMC,2011-09-30,22.623666763305664,29.9913272857666,30.910667419433594,29.96964454650879,30.433650970458984,1416345
FMC,2011-10-03,21.534353256225586,28.54726791381836,30.268863677978516,28.542930603027344,29.670425415039062,2350736
FMC,2011-10-04,21.989049911499023,29.150043487548828,29.271465301513672,27.67129135131836,28.074588775634766,2775963
FMC,2011-10-05,22.6890926361084,30.07805633544922,30.208152770996094,28.95923614501953,29.280139923095703,2264492
FMC,2011-10-06,23.35969352722168,30.967042922973633,31.17085838317871,29.557676315307617,30.05637550354004,1449090
FMC,2011-10-07,23.23211097717285,30.79791831970215,31.405029296875,30.420642852783203,31.088464736938477,1206269
FMC,2011-10-10,24.27562141418457,32.18126678466797,32.189937591552734,31.387683868408203,31.50043487548828,1330101
FMC,2011-10-11,24.285438537597656,32.19427490234375,32.44145584106445,31.81266212463379,31.81266212463379,828546
FMC,2011-10-12,24.66817283630371,32.7016487121582,33.18733596801758,32.35906219482422,32.55420684814453,1028245
FMC,2011-10-13,24.498071670532227,32.47615051269531,32.66695785522461,32.025150299072266,32.38074493408203,646141
FMC,2011-10-14,25.17848014831543,33.378143310546875,33.38248062133789,32.05550765991211,32.05550765991211,789574
FMC,2011-10-17,24.377033233642578,32.315696716308594,33.14830780029297,32.21162033081055,33.14830780029297,1421649
FMC,2011-10-18,25.15230941772461,33.34345245361328,33.516910552978516,31.799652099609375,32.21162033081055,1363999
FMC,2011-10-19,24.301794052124023,32.21595764160156,33.204681396484375,32.08152770996094,33.14397048950195,1402740
FMC,2011-10-20,24.38684844970703,32.32870864868164,32.83607864379883,31.799652099609375,32.463138580322266,2098691
FMC,2011-10-21,24.828458786010742,32.91413879394531,32.979183197021484,32.5281867980957,32.979183197021484,1819665
FMC,2011-10-24,25.584110260009766,33.915870666503906,33.950565338134766,33.013877868652344,33.09193420410156,1259307
FMC,2011-10-25,24.83500099182129,32.92280960083008,34.119686126708984,32.87510681152344,33.69470977783203,1265072
FMC,2011-10-26,25.531766891479492,33.84648513793945,34.09800338745117,32.74067687988281,33.278404235839844,1339094
FMC,2011-10-27,27.200092315673828,36.058109283447266,36.56547927856445,34.904598236083984,35.32090377807617,1914672
FMC,2011-10-28,26.961288452148438,35.74154281616211,36.00606918334961,35.45967102050781,35.59410095214844,1260690
FMC,2011-10-31,25.80654525756836,34.21075439453125,35.41196823120117,34.206417083740234,34.98699188232422,1288362
FMC,2011-11-01,25.629907608032227,33.97658157348633,34.830875396728516,32.5281867980957,32.775367736816406,2407233
FMC,2011-11-02,26.51640510559082,35.15177917480469,35.294883728027344,33.690372467041016,33.69470977783203,1823354
FMC,2011-11-03,27.415987014770508,36.34431838989258,36.483089447021484,34.878578186035156,35.620121002197266,1692373
FMC,2011-11-04,27.31458282470703,36.20988845825195,36.34431838989258,35.35125732421875,36.084129333496094,1217799
FMC,2011-11-07,27.51084327697754,36.47007751464844,36.55247116088867,35.823936462402344,36.03642654418945,1190127
FMC,2011-11-08,27.618791580200195,36.613182067871094,36.795318603515625,35.967041015625,36.5784912109375,923784
FMC,2011-11-09,26.179473876953125,34.705116271972656,35.607112884521484,34.466609954833984,35.4206428527832,1485295
FMC,2011-11-10,26.807540893554688,35.53772735595703,35.823936462402344,34.83521270751953,35.403297424316406,1203271
FMC,2011-11-11,27.29494857788086,36.183868408203125,36.522117614746094,35.832611083984375,36.196876525878906,1320185
FMC,2011-11-14,26.915483474731445,35.68083190917969,36.19253921508789,35.5117073059082,36.097137451171875,1240859
FMC,2011-11-15,26.931848526000977,35.7025146484375,35.88898468017578,35.130096435546875,35.58543014526367,998498
FMC,2011-11-16,26.532760620117188,35.1734619140625,35.967041015625,35.02168273925781,35.19514465332031,1168911
FMC,2011-11-17,25.790197372436523,34.18907165527344,35.268863677978516,33.97224426269531,35.143104553222656,1031704
FMC,2011-11-18,26.241628646850586,34.78750991821289,35.07805633544922,34.21942901611328,34.50130081176758,1325950
FMC,2011-11-21,25.764022827148438,34.154380798339844,34.36687088012695,33.777103424072266,33.855159759521484,901646
FMC,2011-11-22,25.374759674072266,33.638336181640625,34.32783889770508,33.39982604980469,33.941890716552734,1681766
FMC,2011-11-23,25.037824630737305,33.191673278808594,33.95923614501953,33.07892608642578,33.365135192871094,1530031
FMC,2011-11-25,25.119596481323242,33.300086975097656,33.87250518798828,33.00520324707031,33.08759689331055,466734
FMC,2011-11-28,25.89814567565918,34.332176208496094,34.917606353759766,34.08499526977539,34.45793533325195,1037239
FMC,2011-11-29,26.107500076293945,34.60971450805664,34.8091926574707,34.25845718383789,34.47528076171875,1595291
FMC,2011-11-30,27.45195960998535,36.39202117919922,36.40069580078125,35.8933219909668,36.196876525878906,1890228
FMC,2011-12-01,27.285140991210938,36.170860290527344,36.81266403198242,36.09280014038086,36.20121383666992,755907
FMC,2011-12-02,27.007080078125,35.80225372314453,36.760623931884766,35.7198600769043,36.322635650634766,744838
FMC,2011-12-05,27.608989715576172,36.60017395019531,36.97745132446289,36.20121383666992,36.64787673950195,1163608
FMC,2011-12-06,27.844514846801758,36.91240310668945,37.28968048095703,36.3313102722168,36.699913024902344,1127173
FMC,2011-12-07,28.04732894897461,37.18126678466797,37.463138580322266,35.8759765625,36.20555114746094,1530031
FMC,2011-12-08,27.213180541992188,36.07545471191406,37.04249954223633,35.96270751953125,36.712921142578125,1026170
FMC,2011-12-09,27.730016708374023,36.760623931884766,36.895057678222656,35.737205505371094,36.06244659423828,921016
FMC,2011-12-12,27.229536056518555,36.097137451171875,36.27927017211914,35.54206466674805,36.19253921508789,1031013
FMC,2011-12-13,26.882776260375977,35.63746643066406,37.17259216308594,35.46834182739258,36.582828521728516,1156459
FMC,2011-12-14,26.673423767089844,35.35993194580078,35.745880126953125,35.121421813964844,35.48569107055664,1492904
FMC,2011-12-15,27.268787384033203,36.14917755126953,36.26626205444336,35.67649459838867,35.8759765625,1387059
FMC,2011-12-16,27.638429641723633,36.63920211791992,37.107547760009766,36.357330322265625,36.673892974853516,1509046
FMC,2011-12-19,27.229536056518555,36.097137451171875,37.00780487060547,36.00606918334961,36.786643981933594,747836
FMC,2011-12-20,28.322105407714844,37.5455322265625,37.675628662109375,36.76496124267578,36.834346771240234,1322260
FMC,2011-12-21,28.112749099731445,37.26799774169922,37.73200225830078,36.543800354003906,37.60190963745117,1172601
FMC,2011-12-22,28.328655242919922,37.55420684814453,37.814395904541016,37.23330307006836,37.43278503417969,635995
FMC,2011-12-23,28.580547332763672,37.888118743896484,38.1396369934082,37.47615051269531,37.72766876220703,751525
FMC,2011-12-27,28.708114624023438,38.05724334716797,38.161319732666016,37.75802230834961,37.888118743896484,409315
FMC,2011-12-28,27.99704933166504,37.051170349121094,37.97051239013672,37.00346755981445,37.97051239013672,658824
FMC,2011-12-29,28.27557373046875,37.41977310180664,37.50650405883789,36.92974853515625,37.17259216308594,482876
FMC,2011-12-30,28.193653106689453,37.311363220214844,37.65828323364258,37.26799774169922,37.39809036254883,488411
FMC,2012-01-03,28.68515968322754,37.96183776855469,38.417171478271484,37.78404235839844,38.27406692504883,1066064
FMC,2012-01-04,28.629480361938477,37.888118743896484,38.26105880737305,37.623592376708984,37.7927131652832,1022711
FMC,2012-01-05,28.491838455200195,37.70598220825195,37.9835205078125,37.23330307006836,37.597572326660156,1239244
FMC,2012-01-06,28.82607650756836,38.14830780029297,38.30876159667969,37.510841369628906,37.675628662109375,1122561
FMC,2012-01-09,28.82607650756836,38.14830780029297,38.425846099853516,37.99219512939453,38.200347900390625,1004494
FMC,2012-01-10,29.17997932434082,38.61665344238281,38.87250518798828,38.477882385253906,38.777103424072266,760058
FMC,2012-01-11,29.30449104309082,38.78144073486328,38.89852523803711,38.41283416748047,38.46921157836914,542371
FMC,2012-01-12,29.65182876586914,39.241111755371094,39.28881072998047,38.79444885253906,38.863834381103516,805486
FMC,2012-01-13,29.533855438232422,39.08499526977539,39.21942901611328,38.69904708862305,38.954898834228516,795801
FMC,2012-01-17,29.566633224487305,39.128360748291016,40.095401763916016,39.01560974121094,39.58369445800781,924245
FMC,2012-01-18,29.83861541748047,39.4882926940918,39.51430892944336,38.85082244873047,39.002601623535156,969673
FMC,2012-01-19,30.08109474182129,39.8091926574707,39.93061447143555,39.36253356933594,39.66608810424805,610859
FMC,2012-01-20,29.99262809753418,39.692108154296875,39.908931732177734,39.63139724731445,39.72679901123047,793264
FMC,2012-01-23,29.933635711669922,39.614051818847656,40.02602005004883,39.49696350097656,39.653079986572266,653520
FMC,2012-01-24,30.08109474182129,39.8091926574707,39.90026092529297,39.23677444458008,39.353858947753906,537529
FMC,2012-01-25,30.389122009277344,40.216827392578125,40.37294006347656,39.39722442626953,39.614051818847656,792803
FMC,2012-01-26,29.982789993286133,39.67909622192383,40.59410095214844,39.605377197265625,40.41630554199219,875358
FMC,2012-01-27,30.461214065551758,40.31222915649414,40.42931365966797,39.47528076171875,39.614051818847656,1210881
FMC,2012-01-30,30.42515754699707,40.2645263671875,40.52471923828125,39.67042541503906,39.8091926574707,692492
FMC,2012-01-31,30.369447708129883,40.1908073425293,40.68950653076172,39.93928909301758,40.654815673828125,1198198
FMC,2012-02-01,30.53984832763672,40.41630554199219,40.871639251708984,40.36426544189453,40.62445831298828,1092352
FMC,2012-02-02,30.566057205200195,40.45099639892578,40.81092834472656,40.385948181152344,40.568084716796875,830160
FMC,2012-02-03,31.129669189453125,41.196876525878906,41.27927017211914,40.86730194091797,40.90199661254883,845610
FMC,2012-02-06,30.729904174804688,40.667823791503906,41.049434661865234,40.433650970458984,40.997398376464844,1178827
FMC,2012-02-07,30.490703582763672,40.35125732421875,40.845619201660156,40.19947814941406,40.529056549072266,1448168
FMC,2012-02-08,31.16244125366211,41.24024200439453,41.448394775390625,40.095401763916016,40.33824920654297,2344049
FMC,2012-02-09,30.408777236938477,40.24284362792969,41.24457931518555,39.470943450927734,41.196876525878906,2815626
FMC,2012-02-10,29.877939224243164,39.54032897949219,40.23850631713867,39.22809982299805,40.0173454284668,2109068
FMC,2012-02-13,30.7168025970459,40.65047836303711,40.71552658081055,39.83521270751953,39.917606353759766,1448860
FMC,2012-02-14,30.310470581054688,40.11274719238281,40.381614685058594,39.78750991821289,40.355594635009766,1173985
FMC,2012-02-15,30.815095901489258,40.78057098388672,40.96270751953125,40.11708450317383,40.16044998168945,1957563
FMC,2012-02-16,31.19191551208496,41.27927017211914,41.32697296142578,40.67649459838867,40.72853469848633,1485295
FMC,2012-02-17,31.660512924194336,41.899391174316406,41.95143127441406,41.457069396972656,41.53946304321289,1329409
FMC,2012-02-21,32.27983093261719,42.718994140625,42.81873321533203,41.86470031738281,41.86470031738281,1862787
FMC,2012-02-22,32.315887451171875,42.76669692993164,43.278404235839844,42.32870864868164,42.66695785522461,1711283
FMC,2012-02-23,32.299495697021484,42.74501419067383,42.93148422241211,42.28968048095703,42.714656829833984,915713
FMC,2012-02-24,32.296226501464844,42.74067687988281,42.979183197021484,42.4371223449707,42.862098693847656,832005
FMC,2012-02-27,32.512481689453125,43.026885986328125,43.23503875732422,42.107547760009766,42.402427673339844,915482
FMC,2012-02-28,32.764808654785156,43.36079788208008,43.542930603027344,43.02254867553711,43.074588775634766,1236938
FMC,2012-02-29,32.4305534362793,42.91847229003906,43.52124786376953,42.7016487121582,43.4041633605957,1513658
FMC,2012-03-01,32.84343338012695,43.464874267578125,43.560279846191406,43.04856872558594,43.08759689331055,1207883
FMC,2012-03-02,32.768089294433594,43.365135192871094,43.594970703125,43.09627151489258,43.20901870727539,1066756
FMC,2012-03-05,32.6894416809082,43.26105880737305,43.503902435302734,42.96183776855469,43.503902435302734,1608666
FMC,2012-03-06,31.703109741210938,41.95576858520508,43.31743240356445,41.88204574584961,43.30876159667969,1563468
FMC,2012-03-07,31.742433547973633,42.00780487060547,42.281005859375,41.80398941040039,41.960105895996094,1216876
FMC,2012-03-08,32.483001708984375,42.987857818603516,43.035560607910156,42.237640380859375,42.376407623291016,1147696
FMC,2012-03-09,32.47970962524414,42.9835205078125,43.365135192871094,42.75802230834961,43.0008659362793,1144237
FMC,2012-03-12,32.21428680419922,42.63226318359375,42.99219512939453,42.57155227661133,42.95316696166992,687419
FMC,2012-03-13,32.77135467529297,43.36947250366211,43.40850067138672,42.723331451416016,42.99219512939453,843535
FMC,2012-03-14,32.555076599121094,43.08325958251953,43.52992248535156,42.85776138305664,43.09193420410156,787730
FMC,2012-03-15,32.768089294433594,43.365135192871094,43.365135192871094,43.026885986328125,43.161319732666016,817708
FMC,2012-03-16,32.73530197143555,43.32176971435547,43.738075256347656,43.248050689697266,43.365135192871094,1541561
FMC,2012-03-19,32.84016799926758,43.46053695678711,43.72506332397461,43.18733596801758,43.59930419921875,657441
FMC,2012-03-20,32.50593948364258,43.018211364746094,43.23503875732422,42.9098014831543,43.1396369934082,641760
FMC,2012-03-21,32.58129119873047,43.11795425415039,43.28274154663086,42.948829650878906,43.113616943359375,530841
FMC,2012-03-22,31.932483673095703,42.25932312011719,42.95316696166992,42.03816223144531,42.675628662109375,1404354
FMC,2012-03-23,32.59111404418945,43.13096237182617,43.22203063964844,41.99045944213867,42.337379455566406,959988
FMC,2012-03-26,33.138362884521484,43.855159759521484,43.8768424987793,43.24371337890625,43.44319152832031,861522
FMC,2012-03-27,34.63258361816406,45.832611083984375,46.084129333496094,43.603641510009766,43.902862548828125,3078741
FMC,2012-03-28,34.15663146972656,45.12575912475586,45.845619201660156,44.878578186035156,45.58976745605469,1573153
FMC,2012-03-29,34.599754333496094,45.71118927001953,45.81092834472656,44.557674407958984,44.557674407958984,1208113
FMC,2012-03-30,34.747459411621094,45.90633010864258,46.06244659423828,45.472679138183594,46.00173568725586,1160149
FMC,2012-04-02,35.36127853393555,46.71725845336914,47.00346755981445,45.95403289794922,46.00606918334961,1419574
FMC,2012-04-03,35.35142135620117,46.70425033569336,46.89072036743164,46.18820571899414,46.58716583251953,929087
FMC,2012-04-04,34.94769287109375,46.170860290527344,46.235904693603516,45.56374740600586,46.183868408203125,846071
FMC,2012-04-05,34.895179748535156,46.10147476196289,46.582828521728516,45.85429382324219,46.00606918334961,541679
FMC,2012-04-09,34.353580474853516,45.385948181152344,45.706851959228516,45.16478729248047,45.4206428527832,931855
FMC,2012-04-10,33.598636627197266,44.388553619384766,45.72419738769531,44.1240234375,45.41196823120117,1618120
FMC,2012-04-11,33.628173828125,44.427581787109375,45.14744186401367,44.35819625854492,44.93928909301758,1164761
FMC,2012-04-12,34.48815155029297,45.56374740600586,45.81959915161133,44.62705993652344,44.62705993652344,1430642
FMC,2012-04-13,34.39295959472656,45.43798828125,45.66348648071289,45.00867462158203,45.294883728027344,1153461
FMC,2012-04-16,34.56364822387695,45.66348648071289,45.88898468017578,45.2818717956543,45.81092834472656,724315
FMC,2012-04-17,35.43020248413086,46.808326721191406,46.9991340637207,45.94102478027344,45.94102478027344,1339555
FMC,2012-04-18,35.19058609008789,46.49176025390625,46.708587646484375,46.22723388671875,46.2966194152832,1127634
FMC,2012-04-19,35.0199089050293,46.26626205444336,46.786643981933594,45.88898468017578,46.526451110839844,898648
FMC,2012-04-20,35.1676139831543,46.46140670776367,46.834346771240234,46.20555114746094,46.435386657714844,867517
FMC,2012-04-23,34.59649658203125,45.706851959228516,45.81526565551758,45.1908073425293,45.78057098388672,1316495
FMC,2012-04-24,34.37327194213867,45.41196823120117,45.967041015625,45.2645263671875,45.967041015625,1279599
FMC,2012-04-25,35.71249771118164,47.18126678466797,47.2072868347168,45.96270751953125,45.96270751953125,1433179
FMC,2012-04-26,36.16874313354492,47.78404235839844,47.87510681152344,46.70425033569336,46.895057678222656,1310961
FMC,2012-04-27,36.77926254272461,48.590633392333984,48.69470977783203,47.862098693847656,47.95750045776367,1855869
FMC,2012-04-30,36.254085540771484,47.89678955078125,48.954898834228516,47.2636604309082,47.87510681152344,1307041
FMC,2012-05-01,35.94553756713867,47.489158630371094,47.83174133300781,46.07545471191406,46.834346771240234,1395822
FMC,2012-05-02,35.673099517822266,47.12922668457031,47.21162033081055,46.097137451171875,46.660884857177734,1821971
FMC,2012-05-03,35.36455154418945,46.721595764160156,47.51517868041992,46.66522216796875,47.30268859863281,973132
FMC,2012-05-04,34.816383361816406,45.997398376464844,46.751949310302734,45.78057098388672,46.5958366394043,1180672
FMC,2012-05-07,34.77701187133789,45.94535827636719,46.1578483581543,45.6287956237793,45.884647369384766,847686
FMC,2012-05-08,34.67854690551758,45.81526565551758,45.88898468017578,44.88291549682617,45.63746643066406,1298509
FMC,2012-05-09,34.57678985595703,45.68083190917969,46.00173568725586,45.01300811767578,45.229835510253906,941540
FMC,2012-05-10,34.6686897277832,45.80225372314453,46.28794479370117,45.63746643066406,46.144840240478516,713246
FMC,2012-05-11,34.79015350341797,45.96270751953125,46.4223747253418,45.41196823120117,45.42931365966797,1546865
FMC,2012-05-14,34.13365936279297,45.095401763916016,45.78924560546875,45.06504821777344,45.316566467285156,1573845
FMC,2012-05-15,33.9202995300293,44.81352996826172,45.41630554199219,44.692108154296875,45.09973907470703,1399742
FMC,2012-05-16,33.0307731628418,43.638336181640625,45.19947814941406,43.594970703125,44.995662689208984,1830964
FMC,2012-05-17,31.931182861328125,42.185604095458984,43.824806213378906,42.10321044921875,43.75542068481445,1478607
FMC,2012-05-18,31.589813232421875,41.73460388183594,42.814395904541016,41.62619400024414,42.376407623291016,1376221
FMC,2012-05-21,32.89949035644531,43.464874267578125,43.57328796386719,41.8603630065918,41.86903762817383,1055917
FMC,2012-05-22,33.11611557006836,43.75108337402344,44.418907165527344,43.43452072143555,43.68170166015625,1501437
FMC,2012-05-23,33.611759185791016,44.40589904785156,44.54032897949219,42.90546417236328,43.20901870727539,1040006
FMC,2012-05-24,34.12382125854492,45.082393646240234,45.10407638549805,44.07198715209961,44.55333709716797,2449433
FMC,2012-05-25,33.73649215698242,44.57068634033203,45.2645263671875,44.19774627685547,45.04770278930664,995039
FMC,2012-05-29,34.49143600463867,45.568084716796875,45.784908294677734,44.95229721069336,45.13443374633789,851952
FMC,2012-05-30,33.97938919067383,44.89158630371094,45.299217224121094,44.7181282043457,44.908931732177734,726621
FMC,2012-05-31,33.46076583862305,44.206417083740234,45.06504821777344,43.677364349365234,44.83955001831055,1435139
FMC,2012-06-01,32.180633544921875,42.51517868041992,43.52124786376953,42.489158630371094,43.18300247192383,1038507
FMC,2012-06-04,32.141239166259766,42.463138580322266,42.801387786865234,41.95143127441406,42.64527130126953,1035163
FMC,2012-06-05,32.33160400390625,42.714656829833984,42.862098693847656,41.934085845947266,42.20294952392578,990312
FMC,2012-06-06,33.0931510925293,43.72072982788086,43.72072982788086,43.05290603637695,43.05290603637695,903376
FMC,2012-06-07,33.40168380737305,44.128360748291016,44.88291549682617,44.01560974121094,44.431915283203125,909486
FMC,2012-06-08,34.09098815917969,45.03902816772461,45.07372283935547,43.642669677734375,43.8421516418457,1167297
FMC,2012-06-11,33.31633377075195,44.01560974121094,45.63746643066406,43.96357345581055,45.620121002197266,1176406
FMC,2012-06-12,33.854644775390625,44.72679901123047,44.770164489746094,43.7033805847168,44.206417083740234,854488
FMC,2012-06-13,33.14565658569336,43.79011154174805,44.97831726074219,43.78144073486328,44.79618453979492,1370110
FMC,2012-06-14,32.83054733276367,43.37380599975586,44.466609954833984,43.00954055786133,43.97224426269531,2280634
FMC,2012-06-15,33.02750015258789,43.63399887084961,43.86817169189453,43.451866149902344,43.71205520629883,2117023
FMC,2012-06-18,33.31633377075195,44.01560974121094,44.09366989135742,43.24371337890625,43.24371337890625,980857
FMC,2012-06-19,34.511138916015625,45.59410095214844,45.81959915161133,44.31916809082031,44.3712043762207,1063412
FMC,2012-06-20,34.36014175415039,45.394622802734375,46.27927017211914,45.255855560302734,45.654815673828125,1098002
FMC,2012-06-21,32.96184539794922,43.54726791381836,45.732872009277344,43.512577056884766,45.52471923828125,1201772
FMC,2012-06-22,33.07344055175781,43.69470977783203,43.96357345581055,43.05290603637695,43.86817169189453,1650635
FMC,2012-06-25,32.587646484375,43.05290603637695,43.365135192871094,42.64527130126953,43.026885986328125,864981
FMC,2012-06-26,33.02750015258789,43.63399887084961,44.01560974121094,43.035560607910156,43.21769332885742,972901
FMC,2012-06-27,33.74433135986328,44.50130081176758,44.596702575683594,43.83347702026367,44.01560974121094,1016024
FMC,2012-06-28,34.046871185302734,44.90026092529297,44.97831726074219,43.824806213378906,44.08499526977539,1345090
FMC,2012-06-29,35.17145538330078,46.38334655761719,46.38334655761719,45.46400833129883,45.90633010864258,1513428
FMC,2012-07-02,35.2437858581543,46.47875213623047,46.574153900146484,45.55073547363281,46.47007751464844,871092
FMC,2012-07-03,35.53973388671875,46.86903762817383,46.90372848510742,46.14917755126953,46.3313102722168,439293
FMC,2012-07-05,35.31613540649414,46.574153900146484,46.981788635253906,46.235904693603516,46.73027038574219,1030436
FMC,2012-07-06,34.57297897338867,45.59410095214844,45.967041015625,45.316566467285156,45.94102478027344,1338287
FMC,2012-07-09,34.961002349853516,46.105812072753906,46.31396484375,45.2645263671875,45.6287956237793,1371378
FMC,2012-07-10,34.434879302978516,45.41196823120117,46.62619400024414,45.17779541015625,46.39202117919922,1202233
FMC,2012-07-11,33.58650588989258,44.293148040771484,45.52471923828125,44.17172622680664,45.42931365966797,1331830
FMC,2012-07-12,34.013980865478516,44.856895446777344,45.10841369628906,43.75542068481445,44.0503044128418,875934
FMC,2012-07-13,35.28982162475586,46.53946304321289,46.60017395019531,45.09973907470703,45.10841369628906,1085665
FMC,2012-07-16,35.302978515625,46.55680847167969,46.76496124267578,46.14917755126953,46.41804122924805,955952
FMC,2012-07-17,35.96722412109375,47.43278503417969,47.5281867980957,46.322635650634766,46.86903762817383,932546
FMC,2012-07-18,36.1053352355957,47.61491775512695,47.935821533203125,46.8603630065918,47.12055587768555,813672
FMC,2012-07-19,36.23684310913086,47.78837966918945,48.239376068115234,47.65828323364258,47.849090576171875,1065026
FMC,2012-07-20,35.86198425292969,47.29401779174805,47.47615051269531,46.73027038574219,47.47615051269531,1172601
FMC,2012-07-23,35.38847732543945,46.669559478759766,46.81699752807617,45.97571563720703,46.41804122924805,710940
FMC,2012-07-24,35.23063659667969,46.46140670776367,46.9991340637207,46.1405029296875,46.70425033569336,1201195
FMC,2012-07-25,35.54631423950195,46.877708435058594,47.0338249206543,46.20988845825195,46.712921142578125,686612
FMC,2012-07-26,36.3092041015625,47.88378143310547,48.09193420410156,47.38941955566406,47.71031951904297,1120255
FMC,2012-07-27,36.342079162597656,47.927146911621094,48.378143310546875,47.7016487121582,48.239376068115234,1731114
FMC,2012-07-30,36.06585693359375,47.5628776550293,48.516910552978516,47.48482131958008,47.80572509765625,1241550
FMC,2012-07-31,35.97378158569336,47.44145584106445,47.684303283691406,47.00780487060547,47.58022689819336,1296087
FMC,2012-08-01,34.77027893066406,45.85429382324219,48.326107025146484,45.42931365966797,47.97051239013672,1736764
FMC,2012-08-02,34.46775817871094,45.4553337097168,45.568084716796875,44.78750991821289,45.169124603271484,1223218
FMC,2012-08-03,35.49369812011719,46.808326721191406,46.981788635253906,46.322635650634766,46.3313102722168,706904
FMC,2012-08-06,35.60548782348633,46.95576858520508,47.311363220214844,46.76496124267578,47.00780487060547,632882
FMC,2012-08-07,36.315765380859375,47.892452239990234,48.100608825683594,47.12922668457031,47.25932312011719,1044964
FMC,2012-08-08,35.96063232421875,47.424110412597656,47.82307052612305,47.137901306152344,47.47615051269531,818861
FMC,2012-08-09,35.664695739746094,47.0338249206543,47.5455322265625,46.886383056640625,47.372074127197266,669317
FMC,2012-08-10,35.914615631103516,47.363399505615234,47.45880126953125,46.56547927856445,46.75628662109375,577422
FMC,2012-08-13,35.74361038208008,47.137901306152344,47.25932312011719,46.357330322265625,47.16392135620117,622159
FMC,2012-08-14,35.368743896484375,46.64353942871094,47.536861419677734,46.31396484375,47.372074127197266,757752
FMC,2012-08-15,35.881710052490234,47.32003402709961,47.38941955566406,46.548133850097656,46.669559478759766,529112
FMC,2012-08-16,36.55253219604492,48.204681396484375,48.26539611816406,47.14657211303711,47.450130462646484,849761
FMC,2012-08-17,36.125057220458984,47.64093780517578,48.11795425415039,47.35472869873047,47.510841369628906,1001957
FMC,2012-08-20,36.125057220458984,47.64093780517578,47.684303283691406,47.17259216308594,47.55420684814453,502823
FMC,2012-08-21,35.84883499145508,47.276668548583984,48.2307014465332,47.07719039916992,47.83174133300781,633919
FMC,2012-08-22,36.5722541809082,48.2307014465332,48.239376068115234,46.981788635253906,47.08586120605469,748758
FMC,2012-08-23,35.8356819152832,47.25932312011719,48.17866516113281,47.250648498535156,48.17866516113281,632882
FMC,2012-08-24,35.651546478271484,47.0164794921875,47.26799774169922,46.62619400024414,47.26799774169922,523923
FMC,2012-08-27,35.302978515625,46.55680847167969,47.15524673461914,46.487422943115234,47.15524673461914,556438
FMC,2012-08-28,35.25695037841797,46.496097564697266,46.582828521728516,46.19253921508789,46.409366607666016,724776
FMC,2012-08-29,35.54631423950195,46.877708435058594,47.12922668457031,46.348655700683594,46.59149932861328,665627
FMC,2012-08-30,35.40818786621094,46.69557571411133,47.025150299072266,46.37467575073242,46.496097564697266,1207652
FMC,2012-08-31,35.723873138427734,47.111881256103516,47.32870864868164,46.60884475708008,47.12922668457031,765361
FMC,2012-09-04,35.31613540649414,46.574153900146484,47.12922668457031,46.36600112915039,47.06851577758789,827278
FMC,2012-09-05,35.69099426269531,47.06851577758789,47.16392135620117,46.39202117919922,46.487422943115234,687880
FMC,2012-09-06,36.49991989135742,48.13529968261719,48.386817932128906,47.224632263183594,47.47615051269531,725237
FMC,2012-09-07,36.79586410522461,48.52558517456055,48.6123161315918,48.22203063964844,48.386817932128906,845956
FMC,2012-09-10,37.27593231201172,49.158714294433594,49.35819625854492,48.36079788208008,48.41283416748047,1054303
FMC,2012-09-11,37.64423751831055,49.644405364990234,49.8091926574707,49.15004348754883,49.15004348754883,898302
FMC,2012-09-12,37.703426361083984,49.72246170043945,50.268863677978516,49.54900360107422,49.9826545715332,1095696
FMC,2012-09-13,38.5189094543457,50.797916412353516,51.00606918334961,49.35819625854492,49.557674407958984,840883
FMC,2012-09-14,38.50577926635742,50.78057098388672,51.526451110839844,50.572418212890625,51.41370391845703,810674
FMC,2012-09-17,38.3084831237793,50.520381927490234,50.78057098388672,50.346920013427734,50.346920013427734,487373
FMC,2012-09-18,38.11775588989258,50.268863677978516,50.494361877441406,49.8265380859375,50.494361877441406,460162
FMC,2012-09-19,38.1506462097168,50.31222915649414,50.45099639892578,49.904598236083984,50.043365478515625,448517
FMC,2012-09-20,38.13747787475586,50.294883728027344,50.30355453491211,49.731136322021484,49.878578186035156,536260
FMC,2012-09-21,37.933616638183594,50.02602005004883,50.84995651245117,50.00867462158203,50.62445831298828,707481
FMC,2012-09-24,37.4600944519043,49.40156173706055,50.0,49.340850830078125,49.67909622192383,528996
FMC,2012-09-25,37.006309509277344,48.803123474121094,49.783172607421875,48.75108337402344,49.653079986572266,539373
FMC,2012-09-26,36.604488372802734,48.19601058959961,48.768428802490234,48.14397048950195,48.70771789550781,638993
FMC,2012-09-27,36.71648025512695,48.34345245361328,48.594970703125,48.039894104003906,48.594970703125,645334
FMC,2012-09-28,36.47934341430664,48.03122329711914,48.11795425415039,47.198612213134766,47.87510681152344,1415077
FMC,2012-10-01,37.10511016845703,48.855159759521484,49.01994705200195,48.11795425415039,48.11795425415039,863366
FMC,2012-10-02,36.42665481567383,47.96183776855469,49.27146530151367,47.77103042602539,48.941890716552734,919748
FMC,2012-10-03,36.294891357421875,47.78837966918945,47.979183197021484,47.40676498413086,47.94449234008789,1083589
FMC,2012-10-04,36.70330810546875,48.326107025146484,48.378143310546875,47.83174133300781,48.18733596801758,668509
FMC,2012-10-05,37.02606964111328,48.75108337402344,49.1413688659668,48.52558517456055,48.56895065307617,394441
FMC,2012-10-08,36.729652404785156,48.36079788208008,48.66435241699219,48.16999053955078,48.48221969604492,317997
FMC,2012-10-09,36.17633056640625,47.63226318359375,48.629661560058594,47.588897705078125,48.44752883911133,443674
FMC,2012-10-10,35.42539978027344,46.64353942871094,47.510841369628906,46.56547927856445,47.510841369628906,827854
FMC,2012-10-11,35.55714797973633,46.81699752807617,47.24197769165039,46.81699752807617,47.06851577758789,464083
FMC,2012-10-12,35.32660675048828,46.51344299316406,47.137901306152344,46.38334655761719,46.877708435058594,401129
FMC,2012-10-15,35.79428482055664,47.12922668457031,47.15524673461914,46.40069580078125,46.56547927856445,479072
FMC,2012-10-16,36.558406829833984,48.13529968261719,48.16999053955078,47.363399505615234,47.41543960571289,489910
FMC,2012-10-17,37.01289367675781,48.73373794555664,48.78577423095703,48.065914154052734,48.13529968261719,486335
FMC,2012-10-18,36.85480880737305,48.52558517456055,49.01994705200195,48.36947250366211,48.560279846191406,383257
FMC,2012-10-19,36.31466293334961,47.814395904541016,48.542930603027344,47.66695785522461,48.33477783203125,456588
FMC,2012-10-22,36.202693939208984,47.66695785522461,47.87510681152344,47.15524673461914,47.61491775512695,321687
FMC,2012-10-23,35.67571258544922,46.973114013671875,47.16392135620117,46.47875213623047,46.60884475708008,671738
FMC,2012-10-24,35.240970611572266,46.40069580078125,47.363399505615234,46.27927017211914,47.29401779174805,608092
FMC,2012-10-25,35.293670654296875,46.47007751464844,46.92974853515625,46.348655700683594,46.73027038574219,424650
FMC,2012-10-26,35.7547607421875,47.07719039916992,47.24197769165039,46.357330322265625,46.55680847167969,659055
FMC,2012-10-31,35.25414276123047,46.41804122924805,47.41543960571289,45.004337310791016,46.93842315673828,1222180
FMC,2012-11-01,36.011661529541016,47.41543960571289,47.450130462646484,46.20121383666992,46.37467575073242,1344283
FMC,2012-11-02,35.64936447143555,46.93842315673828,47.82307052612305,46.90372848510742,47.64960861206055,708634
FMC,2012-11-05,36.11045455932617,47.5455322265625,47.623592376708984,46.634864807128906,46.77363586425781,510664
FMC,2012-11-06,35.98530578613281,47.38074493408203,47.753684997558594,47.25932312011719,47.5281867980957,564855
FMC,2012-11-07,35.240970611572266,46.40069580078125,46.93842315673828,46.14917755126953,46.843017578125,509511
FMC,2012-11-08,34.80622482299805,45.82827377319336,46.548133850097656,45.4206428527832,46.40069580078125,690301
FMC,2012-11-09,35.0565185546875,46.1578483581543,46.75628662109375,45.6287956237793,45.646141052246094,862675
FMC,2012-11-12,34.786468505859375,45.80225372314453,46.322635650634766,45.784908294677734,46.24457931518555,417963
FMC,2012-11-13,34.42415237426758,45.32523727416992,46.097137451171875,45.32523727416992,45.57675552368164,471346
FMC,2012-11-14,33.85768508911133,44.5793571472168,45.6287956237793,44.466609954833984,45.33391189575195,703791
FMC,2012-11-15,33.884029388427734,44.614051818847656,44.70945358276367,44.02428436279297,44.55333709716797,815978
FMC,2012-11-16,34.01577377319336,44.78750991821289,45.221160888671875,44.33651351928711,44.527320861816406,870976
FMC,2012-11-19,35.39906311035156,46.60884475708008,46.90372848510742,45.32523727416992,45.394622802734375,840652
FMC,2012-11-20,35.66254806518555,46.95576858520508,47.29401779174805,46.42671203613281,46.44405746459961,790036
FMC,2012-11-21,35.49127960205078,46.73027038574219,47.26799774169922,46.721595764160156,47.04249954223633,828546
FMC,2012-11-23,36.09729766845703,47.5281867980957,47.684303283691406,47.025150299072266,47.025150299072266,433528
FMC,2012-11-26,36.558406829833984,48.13529968261719,48.13529968261719,47.285343170166016,47.44145584106445,820590
FMC,2012-11-27,36.53204345703125,48.100608825683594,48.473548889160156,47.892452239990234,47.97051239013672,710594
FMC,2012-11-28,36.55178451538086,48.126625061035156,48.26539611816406,47.06851577758789,47.753684997558594,605325
FMC,2012-11-29,36.558406829833984,48.13529968261719,48.52558517456055,47.91847229003906,48.378143310546875,559320
FMC,2012-11-30,36.53204345703125,48.100608825683594,48.49089431762695,47.80572509765625,48.152645111083984,1008183
FMC,2012-12-03,35.49787139892578,46.73894119262695,48.52558517456055,46.68690490722656,48.39548873901367,810559
FMC,2012-12-04,35.47808837890625,46.712921142578125,47.23330307006836,46.44405746459961,46.79098129272461,646602
FMC,2012-12-05,35.55714797973633,46.81699752807617,47.025150299072266,46.097137451171875,46.73894119262695,975323
FMC,2012-12-06,34.951133728027344,46.019081115722656,46.64353942871094,45.80225372314453,46.59149932861328,1190473
FMC,2012-12-07,34.96430206298828,46.03642654418945,46.235904693603516,45.75021743774414,46.21855926513672,649370
FMC,2012-12-10,35.39906311035156,46.60884475708008,46.712921142578125,45.72419738769531,46.06244659423828,1196929
FMC,2012-12-11,35.708656311035156,47.0164794921875,47.025150299072266,46.634864807128906,46.75628662109375,980396
FMC,2012-12-12,37.41470718383789,49.262794494628906,49.83521270751953,47.025150299072266,47.25932312011719,3050953
FMC,2012-12-13,37.41470718383789,49.262794494628906,49.93061447143555,48.79444885253906,49.19340896606445,1942920
FMC,2012-12-14,37.408111572265625,49.254119873046875,49.644405364990234,48.89852523803711,49.01127624511719,1143776
FMC,2012-12-17,37.763824462890625,49.72246170043945,49.73980712890625,49.09800338745117,49.43625259399414,942232
FMC,2012-12-18,38.317142486572266,50.45099639892578,50.54640197753906,49.644405364990234,49.72246170043945,1220335
FMC,2012-12-19,38.218345642089844,50.32090377807617,50.63312911987305,50.15611267089844,50.529056549072266,845841
FMC,2012-12-20,38.59379196166992,50.81526565551758,50.910667419433594,49.89592361450195,50.25151824951172,1178020
FMC,2012-12-21,38.21174621582031,50.31222915649414,50.581092834472656,50.15611267089844,50.28620910644531,1234171
FMC,2012-12-24,38.58721160888672,50.80659103393555,50.95403289794922,50.08673095703125,50.294883728027344,349359
FMC,2012-12-26,38.007530212402344,50.043365478515625,51.24024200439453,49.904598236083984,50.98872375488281,1005762
FMC,2012-12-27,38.25514602661133,50.25151824951172,50.59843826293945,49.73980712890625,50.130096435546875,1078055
FMC,2012-12-28,37.812774658203125,49.67042541503906,50.14744186401367,49.62705993652344,49.8265380859375,810790
FMC,2012-12-31,38.63809585571289,50.754554748535156,50.76322555541992,49.54032897949219,49.58369445800781,857140
FMC,2013-01-02,39.232330322265625,51.535125732421875,52.02948760986328,51.18820571899414,51.74327850341797,958950
FMC,2013-01-03,38.89558410644531,51.09280014038086,51.89072036743164,50.90199661254883,51.58716583251953,657902
FMC,2013-01-04,39.040855407714844,51.283607482910156,51.405029296875,51.01474380493164,51.10147476196289,570389
FMC,2013-01-07,39.58225631713867,51.99479675292969,52.020816802978516,50.997398376464844,51.20555114746094,692377
FMC,2013-01-08,39.885955810546875,52.39375686645508,52.44579315185547,51.283607482910156,52.107547760009766,1004148
FMC,2013-01-09,40.67167663574219,53.425846099853516,53.62532424926758,52.4718132019043,52.59323501586914,1115412
FMC,2013-01-10,40.843345642089844,53.651344299316406,53.71205520629883,52.775367736816406,53.677364349365234,799490
FMC,2013-01-11,40.53961944580078,53.252384185791016,53.71205520629883,52.9661750793457,53.71205520629883,872014
FMC,2013-01-14,40.48020553588867,53.1743278503418,53.564613342285156,53.04423141479492,53.18300247192383,533263
FMC,2013-01-15,40.38116455078125,53.04423141479492,53.44319152832031,52.888118743896484,53.00954055786133,635649
FMC,2013-01-16,40.163272857666016,52.75802230834961,52.89678955078125,52.13356399536133,52.76669692993164,842151
FMC,2013-01-17,40.163272857666016,52.75802230834961,53.035560607910156,52.51517868041992,52.91413879394531,676696
FMC,2013-01-18,40.018028259277344,52.56721496582031,52.87077331542969,52.03816223144531,52.51517868041992,1331946
FMC,2013-01-22,40.519813537597656,53.22636413574219,53.52992248535156,52.575889587402344,52.888118743896484,730080
FMC,2013-01-23,40.19629669189453,52.801387786865234,53.24371337890625,52.67996597290039,52.99219512939453,760404
FMC,2013-01-24,40.46040344238281,53.14830780029297,53.339115142822266,52.723331451416016,52.974849700927734,671046
FMC,2013-01-25,40.84994125366211,53.66001510620117,53.6686897277832,52.95750045776367,53.451866149902344,799029
FMC,2013-01-28,40.52641296386719,53.23503875732422,53.824806213378906,52.64527130126953,53.824806213378906,651906
FMC,2013-01-29,40.797119140625,53.590633392333984,53.62532424926758,52.93148422241211,53.07892608642578,405395
FMC,2013-01-30,40.63206481933594,53.37380599975586,53.74674987792969,53.29574966430664,53.46921157836914,586070
FMC,2013-01-31,40.58584213256836,53.31309509277344,53.512577056884766,52.93148422241211,53.14830780029297,523001
FMC,2013-02-01,41.21308898925781,54.13703536987305,54.31916809082031,53.287078857421875,53.75542068481445,814940
FMC,2013-02-04,41.015010833740234,53.8768424987793,54.067649841308594,53.59930419921875,53.96357345581055,689840
FMC,2013-02-05,41.33192443847656,54.293148040771484,54.770164489746094,53.92020797729492,54.11101531982422,928511
FMC,2013-02-06,40.83673858642578,53.642669677734375,54.3712043762207,53.37380599975586,54.02428436279297,1066410
FMC,2013-02-07,39.46340560913086,51.838680267333984,53.512577056884766,51.51778030395508,53.512577056884766,1899452
FMC,2013-02-08,39.496429443359375,51.88204574584961,52.11621856689453,51.222896575927734,51.786643981933594,1298739
FMC,2013-02-11,39.08705139160156,51.34431838989258,52.14223861694336,51.32697296142578,51.97745132446289,1103421
FMC,2013-02-12,38.38059616088867,50.41630554199219,51.69123840332031,50.31222915649414,51.69123840332031,1838228
FMC,2013-02-13,38.82956314086914,51.00606918334961,51.170860290527344,50.520381927490234,50.520381927490234,1274065
FMC,2013-02-14,38.96162033081055,51.17953109741211,51.24024200439453,50.520381927490234,50.81526565551758,1064104
FMC,2013-02-15,39.265323638916016,51.5784912109375,51.94275665283203,51.170860290527344,51.18820571899414,1370341
FMC,2013-02-19,39.166297912597656,51.448394775390625,52.22896957397461,51.448394775390625,51.80398941040039,1416461
FMC,2013-02-20,38.446632385253906,50.50303649902344,51.63052749633789,50.442325592041016,51.43104934692383,1636107
FMC,2013-02-21,37.93820571899414,49.83521270751953,50.23417282104492,49.43625259399414,50.23417282104492,1752445
FMC,2013-02-22,38.76353073120117,50.919342041015625,50.96270751953125,49.89592361450195,49.93061447143555,833850
FMC,2013-02-25,37.97123336791992,49.878578186035156,51.32697296142578,49.878578186035156,51.11882019042969,1383369
FMC,2013-02-26,38.63809585571289,50.754554748535156,50.92801284790039,50.00867462158203,50.121421813964844,1044387
FMC,2013-02-27,39.38417434692383,51.73460388183594,52.020816802978516,50.71118927001953,50.797916412353516,707020
FMC,2013-02-28,39.78693389892578,52.2636604309082,52.61925506591797,51.708587646484375,51.760623931884766,1806175
FMC,2013-03-01,39.54924011230469,51.95143127441406,52.22029495239258,51.29228210449219,52.012142181396484,1127749
FMC,2013-03-04,39.77372741699219,52.246315002441406,52.27233123779297,51.32697296142578,51.63920211791992,910985
FMC,2013-03-05,40.10386276245117,52.67996597290039,52.91413879394531,52.185604095458984,52.42844772338867,982010
FMC,2013-03-06,40.321746826171875,52.9661750793457,53.200347900390625,52.55854415893555,52.801387786865234,769973
FMC,2013-03-07,40.2028923034668,52.810062408447266,53.32176971435547,52.723331451416016,52.95750045776367,730656
FMC,2013-03-08,40.35475158691406,53.00954055786133,53.3477897644043,52.74067687988281,53.104942321777344,1058915
FMC,2013-03-11,40.533023834228516,53.24371337890625,53.3477897644043,52.7927131652832,53.05290603637695,818399
FMC,2013-03-12,40.45378875732422,53.1396369934082,53.48655700683594,52.91413879394531,53.191673278808594,1034126
FMC,2013-03-13,40.37454605102539,53.035560607910156,53.18300247192383,52.60190963745117,53.18300247192383,665858
FMC,2013-03-14,40.38116455078125,53.04423141479492,53.43452072143555,52.862098693847656,53.23503875732422,838692
FMC,2013-03-15,39.61526107788086,52.03816223144531,53.07025146484375,51.97745132446289,52.78404235839844,2980274
FMC,2013-03-18,39.2917594909668,51.613182067871094,52.064178466796875,51.448394775390625,51.63052749633789,1084512
FMC,2013-03-19,39.13327407836914,51.405029296875,51.77796936035156,50.67649459838867,51.708587646484375,980511
FMC,2013-03-20,39.060646057128906,51.309627532958984,51.85602951049805,51.110145568847656,51.621856689453125,744146
FMC,2013-03-21,37.75994873046875,49.60103988647461,51.03208923339844,49.51430892944336,50.96270751953125,1582954
FMC,2013-03-22,37.93160629272461,49.8265380859375,50.121421813964844,49.62705993652344,49.869903564453125,1100423
FMC,2013-03-25,37.403411865234375,49.13269805908203,49.965309143066406,49.03729248046875,49.869903564453125,1129364
FMC,2013-03-26,37.697933197021484,49.40156173706055,49.62705993652344,49.002601623535156,49.19340896606445,774240
FMC,2013-03-27,37.433189392089844,49.05464172363281,49.19340896606445,48.79444885253906,49.002601623535156,995961
FMC,2013-03-28,37.7442626953125,49.46227264404297,49.53165817260742,48.941890716552734,49.089332580566406,1338287
FMC,2013-04-01,37.15522384643555,48.690372467041016,49.63573455810547,48.603641510009766,49.63573455810547,684190
FMC,2013-04-02,37.327301025390625,48.915870666503906,49.158714294433594,48.62099075317383,48.92454528808594,1122907
FMC,2013-04-03,37.08905792236328,48.603641510009766,49.43625259399414,48.28274154663086,49.002601623535156,1938078
FMC,2013-04-04,37.234649658203125,48.79444885253906,49.19340896606445,48.386817932128906,48.79444885253906,919056
FMC,2013-04-05,36.698570251464844,48.09193420410156,48.31743240356445,47.85776138305664,48.11795425415039,1221719
FMC,2013-04-08,37.75749206542969,49.479618072509766,49.53165817260742,48.44752883911133,48.64700698852539,1362270
FMC,2013-04-09,37.823665618896484,49.566349029541016,49.956634521484375,49.22809982299805,49.60103988647461,678310
FMC,2013-04-10,38.28034591674805,50.16478729248047,50.16478729248047,49.653079986572266,49.71379089355469,891730
FMC,2013-04-11,38.8428955078125,50.90199661254883,51.049434661865234,50.13876724243164,50.14744186401367,963562
FMC,2013-04-12,38.67082595825195,50.67649459838867,50.797916412353516,50.42497634887695,50.6851692199707,988121
FMC,2013-04-15,37.320674896240234,48.90719985961914,50.45967102050781,48.90719985961914,50.26019287109375,1284096
FMC,2013-04-16,38.52521896362305,50.48569107055664,50.5117073059082,49.202083587646484,49.262794494628906,1265879
FMC,2013-04-17,38.260475158691406,50.13876724243164,50.529056549072266,49.705116271972656,50.06071090698242,1707478
FMC,2013-04-18,38.17445373535156,50.02602005004883,50.78924560546875,49.84388732910156,50.1908073425293,1232326
FMC,2013-04-19,38.30680465698242,50.19947814941406,50.63312911987305,50.034690856933594,50.22549819946289,1000343
FMC,2013-04-22,38.46564483642578,50.407630920410156,50.581092834472656,49.53165817260742,50.268863677978516,548943
FMC,2013-04-23,39.173805236816406,51.33564758300781,51.3876838684082,50.27753829956055,50.58976745605469,756714
FMC,2013-04-24,39.418697357177734,51.65654754638672,52.21162033081055,51.448394775390625,51.613182067871094,804909
FMC,2013-04-25,40.15332794189453,52.61925506591797,52.775367736816406,51.80398941040039,51.986122131347656,687419
FMC,2013-04-26,39.637088775634766,51.94275665283203,52.801387786865234,51.94275665283203,52.4718132019043,994347
FMC,2013-04-29,40.15332794189453,52.61925506591797,52.7927131652832,51.81266403198242,52.33304214477539,584225
FMC,2013-04-30,40.173179626464844,52.64527130126953,52.91413879394531,52.11621856689453,52.41977310180664,1434563
FMC,2013-05-01,38.63111114501953,50.62445831298828,53.77276611328125,48.31743240356445,49.05464172363281,2309113
FMC,2013-05-02,38.915706634521484,50.997398376464844,51.20555114746094,50.23417282104492,50.667823791503906,1519654
FMC,2013-05-03,39.425315856933594,51.66522216796875,52.14223861694336,51.46574020385742,51.673892974853516,1493827
FMC,2013-05-06,39.83564376831055,52.20294952392578,52.281005859375,51.43104934692383,51.613182067871094,570274
FMC,2013-05-07,40.14008331298828,52.60190963745117,52.73200225830078,51.86470031738281,52.185604095458984,1107918
FMC,2013-05-08,40.9144401550293,53.61665344238281,53.642669677734375,52.60190963745117,52.636600494384766,923784
FMC,2013-05-09,40.715877532958984,53.35646057128906,53.61665344238281,53.0008659362793,53.61665344238281,508127
FMC,2013-05-10,41.00046920776367,53.729400634765625,53.74674987792969,53.13096237182617,53.37380599975586,797300
FMC,2013-05-13,40.173179626464844,52.64527130126953,53.62532424926758,52.42844772338867,53.48655700683594,924591
FMC,2013-05-14,41.62919616699219,54.55333709716797,54.89158630371094,52.55854415893555,52.64527130126953,1753137
FMC,2013-05-15,41.68876647949219,54.63139724731445,54.88291549682617,54.01560974121094,54.388553619384766,949841
FMC,2013-05-16,41.03356170654297,53.77276611328125,54.5446662902832,53.71205520629883,54.440589904785156,725352
FMC,2013-05-17,41.92702865600586,54.943626403808594,54.95229721069336,53.824806213378906,53.824806213378906,807677
FMC,2013-05-20,41.8277473449707,54.81352996826172,54.90026092529297,54.40589904785156,54.80485534667969,881469
FMC,2013-05-21,41.615966796875,54.53599166870117,54.92627716064453,54.440589904785156,54.657413482666016,675658
FMC,2013-05-22,41.62919616699219,54.55333709716797,54.97831726074219,54.353858947753906,54.53599166870117,1763975
FMC,2013-05-23,42.02632522583008,55.07372283935547,55.63746643066406,53.78144073486328,54.032958984375,1430297
FMC,2013-05-24,42.03293228149414,55.082393646240234,55.11708450317383,54.50130081176758,54.7354736328125,890231
FMC,2013-05-28,42.67490005493164,55.923675537109375,56.3313102722168,55.472679138183594,55.81092834472656,970019
FMC,2013-05-29,42.22487258911133,55.33391189575195,55.77623748779297,54.97831726074219,55.4553337097168,989851
FMC,2013-05-30,42.29764175415039,55.42931365966797,55.559410095214844,54.908931732177734,55.481353759765625,677042
FMC,2013-05-31,41.50346755981445,54.388553619384766,55.394622802734375,54.388553619384766,55.10841369628906,811251
FMC,2013-06-03,41.05341339111328,53.79878616333008,54.64006805419922,53.46053695678711,54.49262619018555,1201887
FMC,2013-06-04,41.152687072753906,53.92888259887695,54.50997543334961,53.31309509277344,53.85082244873047,1363423
FMC,2013-06-05,40.51070785522461,53.08759689331055,53.93755340576172,53.06157684326172,53.66001510620117,863021
FMC,2013-06-06,40.54380798339844,53.13096237182617,53.365135192871094,52.61058044433594,53.104942321777344,994117
FMC,2013-06-07,41.609352111816406,54.527320861816406,54.57068634033203,53.156982421875,53.46053695678711,898648
FMC,2013-06-10,41.576255798339844,54.48395538330078,55.004337310791016,53.93755340576172,54.78750991821289,539028
FMC,2013-06-11,41.51007843017578,54.39722442626953,54.700782775878906,53.60797882080078,53.86817169189453,868901
FMC,2013-06-12,41.14608383178711,53.92020797729492,54.943626403808594,53.651344299316406,54.89158630371094,622389
FMC,2013-06-13,41.741722106933594,54.700782775878906,54.917606353759766,53.252384185791016,53.71205520629883,859100
FMC,2013-06-14,41.41080856323242,54.267127990722656,55.01300811767578,53.954898834228516,54.700782775878906,657902
FMC,2013-06-17,42.2579460144043,55.37727737426758,55.54206466674805,54.28447341918945,54.700782775878906,1260114
FMC,2013-06-18,42.82051086425781,56.11448287963867,56.3313102722168,55.06504821777344,55.385948181152344,912369
FMC,2013-06-19,42.43663024902344,55.611446380615234,56.33998489379883,55.52471923828125,56.183868408203125,709441
FMC,2013-06-20,41.443904876708984,54.31049346923828,55.16044998168945,53.738075256347656,53.738075256347656,944768
FMC,2013-06-21,41.417423248291016,54.27580261230469,55.03902816772461,53.6686897277832,54.856895446777344,1196353
FMC,2013-06-24,40.8482551574707,53.52992248535156,54.0503044128418,52.9835205078125,53.79011154174805,804218
FMC,2013-06-25,40.8482551574707,53.52992248535156,54.25845718383789,53.04423141479492,54.067649841308594,1099731
FMC,2013-06-26,41.242897033691406,53.92888259887695,54.16305160522461,53.339115142822266,53.93755340576172,829238
FMC,2013-06-27,41.382198333740234,54.11101531982422,54.57068634033203,54.032958984375,54.36253356933594,679348
FMC,2013-06-28,40.50001907348633,52.95750045776367,54.14570617675781,52.93148422241211,53.97224426269531,1237284
FMC,2013-07-01,40.864837646484375,53.43452072143555,54.23243713378906,53.330440521240234,53.39115524291992,530265
FMC,2013-07-02,40.81840896606445,53.37380599975586,53.79878616333008,52.575889587402344,53.40850067138672,1028361
FMC,2013-07-03,40.92452621459961,53.512577056884766,54.00693893432617,53.287078857421875,53.39115524291992,767437
FMC,2013-07-05,41.33576965332031,54.0503044128418,54.154380798339844,53.564613342285156,54.08499526977539,440331
FMC,2013-07-08,40.61278533935547,53.104942321777344,53.59930419921875,52.53252410888672,53.24371337890625,2337246
FMC,2013-07-09,41.07707214355469,53.71205520629883,53.79878616333008,53.23503875732422,53.46921157836914,1298393
FMC,2013-07-10,41.329132080078125,54.041629791259766,54.13703536987305,53.06157684326172,53.44319152832031,921247
FMC,2013-07-11,41.302589416503906,54.00693893432617,54.856895446777344,53.503902435302734,54.7528190612793,1126942
FMC,2013-07-12,41.20309829711914,53.8768424987793,54.08499526977539,53.339115142822266,54.0503044128418,997114
FMC,2013-07-15,41.46842575073242,54.22376251220703,54.431915283203125,53.79011154174805,54.00693893432617,1022019
FMC,2013-07-16,40.84492874145508,53.40850067138672,54.379878997802734,53.035560607910156,54.3712043762207,742301
FMC,2013-07-17,41.32250213623047,54.032958984375,54.27580261230469,53.32176971435547,53.72072982788086,689263
FMC,2013-07-18,41.853118896484375,54.72679901123047,54.770164489746094,53.96357345581055,54.041629791259766,986853
FMC,2013-07-19,42.10517501831055,55.056373596191406,55.09973907470703,54.50130081176758,54.84822082519531,913522
FMC,2013-07-22,41.95262145996094,54.856895446777344,55.49869918823242,54.79618453979492,55.04770278930664,477111
FMC,2013-07-23,41.766902923583984,54.614051818847656,55.229835510253906,54.55333709716797,55.221160888671875,463275
FMC,2013-07-24,42.15159225463867,55.11708450317383,55.15177917480469,54.440589904785156,54.614051818847656,751064
FMC,2013-07-25,42.217933654785156,55.20381546020508,55.27320098876953,54.527320861816406,55.06504821777344,776546
FMC,2013-07-26,42.07863235473633,55.02168273925781,55.29054641723633,54.778839111328125,54.98699188232422,669201
FMC,2013-07-29,42.17150115966797,55.143104553222656,55.37727737426758,54.48395538330078,54.770164489746094,913753
FMC,2013-07-30,43.44499969482422,56.808326721191406,56.877708435058594,53.46053695678711,55.07372283935547,2663084
FMC,2013-07-31,43.88276672363281,57.38074493408203,57.86643600463867,56.56547927856445,56.808326721191406,1656515
FMC,2013-08-01,44.347049713134766,57.987857818603516,58.100608825683594,57.45880126953125,57.74501419067383,1059953
FMC,2013-08-02,44.61237335205078,58.33477783203125,58.4041633605957,57.588897705078125,57.7363395690918,773548
FMC,2013-08-05,44.008785247802734,57.5455322265625,58.50823974609375,57.450130462646484,58.126625061035156,864404
FMC,2013-08-06,43.67715072631836,57.111881256103516,57.66695785522461,56.92107391357422,57.5281867980957,743454
FMC,2013-08-07,43.26591873168945,56.574153900146484,57.26799774169922,56.55680847167969,56.67823028564453,961026
FMC,2013-08-08,43.7501106262207,57.2072868347168,57.43278503417969,56.50476837158203,56.6522102355957,800989
FMC,2013-08-09,43.56439971923828,56.964439392089844,57.536861419677734,56.02775573730469,56.02775573730469,833043
FMC,2013-08-12,43.10674285888672,56.36600112915039,56.8256721496582,56.3313102722168,56.669559478759766,971403
FMC,2013-08-13,43.85622787475586,57.34605407714844,57.66695785522461,56.37467575073242,56.70425033569336,935775
FMC,2013-08-14,43.44499969482422,56.808326721191406,57.424110412597656,56.40069580078125,57.30268859863281,1059722
FMC,2013-08-15,43.11335754394531,56.37467575073242,56.712921142578125,55.958370208740234,56.40069580078125,1056955
FMC,2013-08-16,43.405208587646484,56.75628662109375,57.025150299072266,55.88898468017578,55.88898468017578,1113106
FMC,2013-08-19,43.10674285888672,56.36600112915039,56.712921142578125,55.9496955871582,56.496097564697266,766514
FMC,2013-08-20,43.391937255859375,56.73894119262695,57.0338249206543,56.06244659423828,56.322635650634766,647179
FMC,2013-08-21,43.45162582397461,56.81699752807617,57.137901306152344,56.60884475708008,56.669559478759766,1137780
FMC,2013-08-22,44.27410125732422,57.892452239990234,57.927146911621094,56.81699752807617,56.91240310668945,729503
FMC,2013-08-23,44.15471649169922,57.7363395690918,58.039894104003906,57.47615051269531,57.892452239990234,607516
FMC,2013-08-26,44.15471649169922,57.7363395690918,58.11795425415039,57.510841369628906,57.892452239990234,554593
FMC,2013-08-27,44.413394927978516,58.074588775634766,58.50823974609375,57.250648498535156,57.63226318359375,1657553
FMC,2013-08-28,43.962345123291016,57.48482131958008,58.02254867553711,57.25932312011719,57.88378143310547,1009336
FMC,2013-08-29,44.27410125732422,57.892452239990234,58.291412353515625,57.40676498413086,57.40676498413086,584802
FMC,2013-08-30,44.181243896484375,57.77103042602539,58.19601058959961,57.55420684814453,57.80572509765625,1006223
FMC,2013-09-03,44.28073501586914,57.901126861572266,58.75108337402344,57.588897705078125,58.49956512451172,831544
FMC,2013-09-04,44.67206954956055,58.41283416748047,58.690372467041016,57.675628662109375,57.77103042602539,729849
FMC,2013-09-05,44.665435791015625,58.4041633605957,58.96791076660156,58.27406692504883,58.27406692504883,815056
FMC,2013-09-06,44.97054672241211,58.803123474121094,59.15004348754883,58.05724334716797,58.50823974609375,858985
FMC,2013-09-09,45.52106857299805,59.52298355102539,59.69644546508789,58.79444885253906,58.95923614501953,387177
FMC,2013-09-10,45.95220947265625,60.08673095703125,60.433650970458984,59.68777084350586,59.878578186035156,510664
FMC,2013-09-11,46.65528869628906,61.00606918334961,61.03208923339844,60.043365478515625,60.208152770996094,583072
FMC,2013-09-12,46.58232879638672,60.910667419433594,61.405029296875,60.67649459838867,60.84995651245117,623312
FMC,2013-09-13,46.54253005981445,60.8586311340332,61.33564758300781,60.797916412353516,61.07545471191406,719818
FMC,2013-09-16,46.668548583984375,61.02341842651367,61.5784912109375,60.797916412353516,61.55247116088867,595179
FMC,2013-09-17,46.821109771728516,61.222896575927734,61.37900924682617,60.93668746948242,61.02341842651367,584686
FMC,2013-09-18,47.258872985839844,61.795318603515625,61.81266403198242,60.823936462402344,61.144840240478516,732847
FMC,2013-09-19,47.64358139038086,62.2983512878418,62.55854415893555,61.899391174316406,61.925411224365234,451284
FMC,2013-09-20,47.331844329833984,61.89072036743164,62.749351501464844,61.795318603515625,62.281005859375,877664
FMC,2013-09-23,47.172645568847656,61.68256759643555,62.159584045410156,61.41370391845703,61.873374938964844,690416
FMC,2013-09-24,47.37163162231445,61.94275665283203,62.19427490234375,61.5958366394043,61.5958366394043,626425
FMC,2013-09-25,47.411434173583984,61.99479675292969,62.34171676635742,61.66522216796875,62.012142181396484,591374
FMC,2013-09-26,47.607479095458984,62.13356399536133,62.402427673339844,61.66522216796875,62.03816223144531,582611
FMC,2013-09-27,47.5277214050293,62.02948760986328,62.159584045410156,61.63052749633789,61.751949310302734,645911
FMC,2013-09-30,47.66062927246094,62.20294952392578,62.376407623291016,61.405029296875,61.43104934692383,748643
FMC,2013-10-01,47.41475296020508,61.88204574584961,62.54119873046875,61.63920211791992,62.12489318847656,912023
FMC,2013-10-02,47.5742301940918,62.0901985168457,62.237640380859375,61.24024200439453,61.51778030395508,1112069
FMC,2013-10-03,47.08248519897461,61.448394775390625,61.99479675292969,61.32697296142578,61.847354888916016,986276
FMC,2013-10-04,47.92644119262695,62.549869537353516,62.636600494384766,61.33564758300781,61.448394775390625,692377
FMC,2013-10-07,47.32835006713867,61.7692985534668,62.25498580932617,61.64787673950195,62.00346755981445,475843
FMC,2013-10-08,46.92298126220703,61.24024200439453,61.934085845947266,61.12749481201172,61.69123840332031,788421
FMC,2013-10-09,46.79008865356445,61.0667839050293,61.46574020385742,60.7198600769043,61.32697296142578,540411
FMC,2013-10-10,47.64069366455078,62.17692947387695,62.463138580322266,61.64787673950195,61.82133483886719,722816
FMC,2013-10-11,48.00618362426758,62.65394592285156,62.688636779785156,61.838680267333984,62.072853088378906,634957
FMC,2013-10-14,47.966312408447266,62.60190963745117,62.76669692993164,62.14223861694336,62.237640380859375,492100
FMC,2013-10-15,47.68056106567383,62.22896957397461,62.70598220825195,62.04683303833008,62.44579315185547,408623
FMC,2013-10-16,48.23877716064453,62.95750045776367,63.26105880737305,62.59323501586914,62.76669692993164,723623
FMC,2013-10-17,48.77705383300781,63.66001510620117,63.72072982788086,62.67129135131836,62.810062408447266,573156
FMC,2013-10-18,48.78369903564453,63.6686897277832,63.85082244873047,63.425846099853516,63.79878616333008,683960
FMC,2013-10-21,48.63750076293945,63.477882385253906,63.96357345581055,63.252384185791016,63.59930419921875,500056
FMC,2013-10-22,49.51469039916992,64.62272644042969,64.66608428955078,63.63399887084961,63.63399887084961,729734
FMC,2013-10-23,49.268821716308594,64.30181884765625,64.60537719726562,63.80746078491211,64.45793914794922,419923
FMC,2013-10-24,49.434932708740234,64.51864624023438,64.67475891113281,63.96357345581055,64.27580261230469,392135
FMC,2013-10-25,49.40171432495117,64.47528076171875,64.51864624023438,63.651344299316406,64.51864624023438,693414
FMC,2013-10-28,48.85679626464844,63.764095306396484,64.54466247558594,63.74674987792969,64.33650970458984,744262
FMC,2013-10-29,48.677371978759766,63.52992248535156,63.651344299316406,61.73460388183594,63.651344299316406,2017519
FMC,2013-10-30,48.53117370605469,63.339115142822266,64.11968994140625,63.07892608642578,63.14830780029297,1097656
FMC,2013-10-31,48.351741790771484,63.104942321777344,63.99826431274414,63.07025146484375,63.365135192871094,862329
FMC,2013-11-01,48.39162826538086,63.156982421875,63.46053695678711,62.36773681640625,63.13096237182617,661822
FMC,2013-11-04,48.411556243896484,63.18300247192383,63.642669677734375,62.60190963745117,63.13096237182617,911447
FMC,2013-11-05,48.40491485595703,63.1743278503418,63.26972961425781,62.59323501586914,63.018211364746094,665512
FMC,2013-11-06,48.53782272338867,63.3477897644043,63.63399887084961,63.113616943359375,63.29574966430664,475151
FMC,2013-11-07,47.95302963256836,62.58456039428711,63.642669677734375,62.4371223449707,63.37380599975586,1035394
FMC,2013-11-08,48.79035186767578,63.677364349365234,63.68603515625,62.2636604309082,62.575889587402344,795109
FMC,2013-11-11,48.511234283447266,63.31309509277344,63.764095306396484,63.252384185791016,63.62532424926758,362388
FMC,2013-11-12,48.225494384765625,62.940155029296875,63.26972961425781,62.74067687988281,62.99219512939453,628039
FMC,2013-11-13,48.870094299316406,63.78144073486328,63.79878616333008,62.69731140136719,62.76669692993164,613857
FMC,2013-11-14,49.0694465637207,64.04163360595703,64.23243713378906,63.72072982788086,63.96357345581055,456588
FMC,2013-11-15,49.906761169433594,65.13442993164062,65.15177917480469,64.10234069824219,64.10234069824219,668048
FMC,2013-11-18,49.076080322265625,64.05030059814453,65.33391571044922,63.88551712036133,65.1257553100586,753486
FMC,2013-11-19,48.850135803222656,63.75542068481445,64.18907165527344,63.59930419921875,64.032958984375,588261
FMC,2013-11-20,48.278656005859375,63.00954055786133,63.97224426269531,62.91413879394531,63.79011154174805,504322
FMC,2013-11-21,48.36504364013672,63.122291564941406,63.38248062133789,63.00954055786133,63.24371337890625,637955
FMC,2013-11-22,48.458065032958984,63.24371337890625,63.60797882080078,63.08759689331055,63.22636413574219,1231058
FMC,2013-11-25,48.10587692260742,62.78404235839844,63.43452072143555,62.575889587402344,63.339115142822266,696643
FMC,2013-11-26,48.26536178588867,62.99219512939453,63.29574966430664,62.83607864379883,62.87077331542969,636225
FMC,2013-11-27,48.50459289550781,63.30442428588867,63.58195877075195,62.85342788696289,62.9661750793457,769973
FMC,2013-11-29,48.41820526123047,63.191673278808594,63.6686897277832,63.113616943359375,63.32176971435547,302663
FMC,2013-12-02,48.384971618652344,63.14830780029297,63.7033805847168,63.05290603637695,63.21769332885742,635418
FMC,2013-12-03,48.11252975463867,62.7927131652832,63.156982421875,62.20294952392578,62.69731140136719,920094
FMC,2013-12-04,48.47136306762695,63.26105880737305,63.52124786376953,62.38508224487305,62.67996597290039,1579379
FMC,2013-12-05,48.597633361816406,63.425846099853516,63.72072982788086,62.888118743896484,63.035560607910156,928050
FMC,2013-12-06,49.441585540771484,64.5273208618164,64.5273208618164,63.69470977783203,64.0676498413086,809521
FMC,2013-12-09,49.74061965942383,64.9176025390625,64.92627716064453,64.50997161865234,64.50997161865234,623197
FMC,2013-12-10,49.880184173583984,65.09973907470703,65.50736999511719,64.72679901123047,64.89158630371094,1096503
FMC,2013-12-11,49.302040100097656,64.34518432617188,65.21248626708984,64.07632446289062,65.1170883178711,1023172
FMC,2013-12-12,48.80363082885742,63.69470977783203,64.13703155517578,63.564613342285156,64.12836456298828,758213
FMC,2013-12-13,48.71725082397461,63.58195877075195,64.18907165527344,63.503902435302734,63.677364349365234,846533
FMC,2013-12-16,48.39162826538086,63.156982421875,64.13703155517578,63.13096237182617,63.71205520629883,1436753
FMC,2013-12-17,48.544464111328125,63.35646057128906,63.590633392333984,62.90546417236328,63.00954055786133,869823
FMC,2013-12-18,48.325164794921875,63.07025146484375,63.365135192871094,62.36773681640625,63.14830780029297,2062256
FMC,2013-12-19,48.52451705932617,63.330440521240234,63.46053695678711,62.87077331542969,63.06157684326172,1764090
FMC,2013-12-20,48.53782272338867,63.3477897644043,63.8594970703125,63.156982421875,63.278404235839844,2279020
FMC,2013-12-23,48.810279846191406,63.7033805847168,63.816131591796875,63.30442428588867,63.53859329223633,934391
FMC,2013-12-24,49.4814567565918,64.57936096191406,64.63139343261719,63.59930419921875,64.0069351196289,260347
FMC,2013-12-26,50.10612487792969,65.39462280273438,65.48135375976562,64.215087890625,64.85689544677734,640722
FMC,2013-12-27,50.23595428466797,65.44666290283203,65.63746643066406,65.06504821777344,65.10841369628906,671507
FMC,2013-12-30,50.09614181518555,65.2645263671875,65.53339385986328,64.83954620361328,65.43798828125,586070
FMC,2013-12-31,50.23595428466797,65.44666290283203,65.56808471679688,64.97831726074219,65.41197204589844,524269
FMC,2014-01-02,49.61680603027344,64.64006805419922,65.37727355957031,64.46660614013672,65.28187561035156,698603
FMC,2014-01-03,49.443721771240234,64.4145736694336,64.8829116821289,64.31916809082031,64.46660614013672,439870
FMC,2014-01-06,49.124176025390625,63.99826431274414,64.75281524658203,63.96357345581055,64.75281524658203,678310
FMC,2014-01-07,49.46369934082031,64.44058990478516,64.80485534667969,63.88551712036133,64.16305541992188,886081
FMC,2014-01-08,49.543575286865234,64.54466247558594,64.80485534667969,64.032958984375,64.4232406616211,948343
FMC,2014-01-09,49.50364685058594,64.49263000488281,65.17779541015625,64.32784271240234,64.7701644897461,586301
FMC,2014-01-10,49.41043472290039,64.37120819091797,64.80485534667969,64.16305541992188,64.65741729736328,935660
FMC,2014-01-13,48.498390197753906,63.18300247192383,64.30181884765625,63.113616943359375,64.04163360595703,765938
FMC,2014-01-14,49.31723403930664,64.24978637695312,64.26712799072266,63.20901870727539,63.20901870727539,899686
FMC,2014-01-15,50.41569519042969,65.68083190917969,65.72419738769531,64.80485534667969,64.90026092529297,1122330
FMC,2014-01-16,50.41569519042969,65.68083190917969,65.90633392333984,65.53339385986328,65.55941009521484,641875
FMC,2014-01-17,50.27587890625,65.49869537353516,65.87163543701172,65.31656646728516,65.75021362304688,503976
FMC,2014-01-21,50.455631256103516,65.73287200927734,66.4614028930664,65.52471923828125,65.91500091552734,1130978
FMC,2014-01-22,50.54884719848633,65.85429382324219,65.91500091552734,65.32524108886719,65.77623748779297,770089
FMC,2014-01-23,49.3571891784668,64.30181884765625,65.46400451660156,63.902862548828125,65.28187561035156,1059261
FMC,2014-01-24,47.67953872680664,62.11621856689453,63.80746078491211,62.11621856689453,63.69470977783203,949726
FMC,2014-01-27,47.72613525390625,62.17692947387695,62.78404235839844,61.370338439941406,61.986122131347656,1025132
FMC,2014-01-28,47.712825775146484,62.159584045410156,62.58456039428711,62.020816802978516,62.21162033081055,506628
FMC,2014-01-29,47.706172943115234,62.150909423828125,62.801387786865234,61.72593307495117,61.760623931884766,738151
FMC,2014-01-30,47.839317321777344,62.324371337890625,62.61058044433594,61.934085845947266,62.55854415893555,652829
FMC,2014-01-31,47.02048110961914,61.25758743286133,62.08152770996094,61.196876525878906,61.526451110839844,1144122
FMC,2014-02-03,45.84879684448242,59.731136322021484,61.60451126098633,59.427581787109375,61.21422576904297,1546865
FMC,2014-02-04,46.28150177001953,60.294883728027344,60.98005294799805,59.60971450805664,60.08673095703125,1215377
FMC,2014-02-05,46.261531829833984,60.268863677978516,60.55507278442383,58.803123474121094,59.97397994995117,1818627
FMC,2014-02-06,47.63959884643555,62.064178466796875,62.91413879394531,58.378143310546875,60.08673095703125,3595631
FMC,2014-02-07,47.612972259521484,62.02948760986328,62.61925506591797,61.058109283447266,62.21162033081055,1751176
FMC,2014-02-10,47.59965515136719,62.012142181396484,62.107547760009766,61.26626205444336,61.77796936035156,934737
FMC,2014-02-11,48.065670013427734,62.61925506591797,62.99219512939453,62.08152770996094,62.19427490234375,1130286
FMC,2014-02-12,47.81269454956055,62.28968048095703,63.1396369934082,62.22029495239258,62.76669692993164,896803
FMC,2014-02-13,48.039039611816406,62.58456039428711,62.74067687988281,61.63920211791992,61.986122131347656,600367
FMC,2014-02-14,48.55164337158203,63.252384185791016,63.564613342285156,62.35906219482422,62.497833251953125,883890
FMC,2014-02-18,48.45179748535156,63.122291564941406,63.451866149902344,62.940155029296875,63.09627151489258,972094
FMC,2014-02-19,48.37189483642578,63.018211364746094,63.74674987792969,62.78404235839844,63.122291564941406,1006800
FMC,2014-02-20,48.6515007019043,63.38248062133789,63.55594253540039,62.723331451416016,63.104942321777344,581573
FMC,2014-02-21,48.39853286743164,63.05290603637695,63.66001510620117,62.9835205078125,63.57328796386719,529112
FMC,2014-02-24,48.14554977416992,62.723331451416016,63.40850067138672,62.64527130126953,62.940155029296875,950187
FMC,2014-02-25,48.378562927246094,63.026885986328125,63.31309509277344,62.497833251953125,62.76669692993164,863136
FMC,2014-02-26,50.06951904296875,65.2298355102539,65.28187561035156,63.113616943359375,63.200347900390625,1628382
FMC,2014-02-27,50.76187515258789,66.13182830810547,66.660888671875,65.2298355102539,65.23851013183594,2116562
FMC,2014-02-28,51.38100051879883,66.93842315673828,67.93582153320312,66.30529022216797,66.40069580078125,1982007
FMC,2014-03-03,51.16796875,66.660888671875,66.78231048583984,65.75021362304688,66.22723388671875,869593
FMC,2014-03-04,51.980159759521484,67.718994140625,67.80572509765625,66.91239929199219,67.32870483398438,979012
FMC,2014-03-05,51.76712417602539,67.44145965576172,67.76235961914062,67.11188507080078,67.60624694824219,1248353
FMC,2014-03-06,51.980159759521484,67.718994140625,68.01387786865234,67.43278503417969,67.46747589111328,1040928
FMC,2014-03-07,51.840335845947266,67.53685760498047,68.14397430419922,67.48482513427734,67.9271469116211,1116911
FMC,2014-03-10,55.32211685180664,72.0728530883789,72.8013916015625,70.63313293457031,72.8013916015625,4036077
FMC,2014-03-11,54.017295837402344,70.37294006347656,71.59584045410156,70.05204010009766,71.2662582397461,2048650
FMC,2014-03-12,53.424781799316406,69.60104370117188,70.10407257080078,69.38421630859375,69.9653091430664,1971169
FMC,2014-03-13,53.351566314697266,69.5056381225586,70.4943618774414,69.04596710205078,69.97398376464844,1348664
FMC,2014-03-14,52.585975646972656,68.50823974609375,69.87857818603516,68.49956512451172,69.51431274414062,869247
FMC,2014-03-17,53.11189270019531,69.19340515136719,69.63573455810547,68.43885803222656,68.69037628173828,1610856
FMC,2014-03-18,52.665870666503906,68.61231231689453,69.68777465820312,67.78837585449219,69.01995086669922,2252731
FMC,2014-03-19,51.88027572631836,67.58889770507812,68.84648895263672,67.23330688476562,68.66435241699219,1324566
FMC,2014-03-20,52.68583679199219,68.63833618164062,68.67302703857422,67.38941955566406,67.52819061279297,1413347
FMC,2014-03-21,52.52605056762695,68.43018341064453,69.62705993652344,68.43018341064453,69.22810363769531,3962976
FMC,2014-03-24,52.246456146240234,68.06591796875,69.24544525146484,67.69297790527344,68.94189453125,1009913
FMC,2014-03-25,52.093326568603516,67.8664321899414,68.99392700195312,67.80572509765625,68.52558135986328,660438
FMC,2014-03-26,50.95494079589844,66.38334655761719,68.29141235351562,66.35733032226562,68.09193420410156,1232788
FMC,2014-03-27,51.46187210083008,66.91239929199219,67.44145965576172,66.2879409790039,67.44145965576172,1340363
FMC,2014-03-28,50.99494171142578,66.30529022216797,67.48482513427734,66.18386840820312,66.99046325683594,1244202
FMC,2014-03-31,51.06833267211914,66.40069580078125,66.74761199951172,65.87163543701172,66.56548309326172,2046114
FMC,2014-04-01,51.57529067993164,67.05984497070312,67.1986083984375,66.33130645751953,66.94709777832031,1378642
FMC,2014-04-02,52.25565719604492,67.94449615478516,68.0398941040039,66.82566833496094,66.90373229980469,1333329
FMC,2014-04-03,52.1889533996582,67.8577651977539,68.43018341064453,67.47615051269531,68.06591796875,1147120
FMC,2014-04-04,51.18172073364258,66.54813385009766,68.63833618164062,66.45272827148438,68.36946868896484,942232
FMC,2014-04-07,50.52802658081055,65.69818115234375,66.843017578125,65.51604461669922,66.42671203613281,1283981
FMC,2014-04-08,51.02830505371094,66.3486557006836,66.59149932861328,65.55941009521484,65.88898468017578,1030321
FMC,2014-04-09,51.7754020690918,67.32003784179688,67.32003784179688,66.25325012207031,66.4874267578125,715782
FMC,2014-04-10,50.38127517700195,65.50736999511719,67.3980941772461,65.50736999511719,67.21595764160156,877894
FMC,2014-04-11,49.560829162597656,64.44058990478516,65.35125732421875,64.3798828125,65.25585174560547,1477570
FMC,2014-04-14,49.98106384277344,64.98699188232422,65.50736999511719,64.53599548339844,65.04769897460938,911677
FMC,2014-04-15,50.3145751953125,65.42063903808594,65.54206085205078,64.57068634033203,65.16912078857422,575693
FMC,2014-04-16,51.23508834838867,66.61752319335938,66.8083267211914,65.87163543701172,66.0017318725586,601866
FMC,2014-04-17,51.195064544677734,66.56548309326172,67.00780487060547,66.22723388671875,66.38334655761719,717627
FMC,2014-04-21,51.22173309326172,66.60017395019531,66.843017578125,66.26192474365234,66.4614028930664,478264
FMC,2014-04-22,51.30178451538086,66.7042465209961,66.86903381347656,66.36600494384766,66.60017395019531,479763
FMC,2014-04-23,51.31513595581055,66.72159576416016,66.9817886352539,66.56548309326172,66.71292114257812,389253
FMC,2014-04-24,50.58140182495117,65.76756286621094,66.93842315673828,65.70685577392578,66.843017578125,786692
FMC,2014-04-25,50.427978515625,65.56808471679688,66.04509735107422,65.37727355957031,65.67215728759766,638070
FMC,2014-04-28,50.227867126464844,65.30789184570312,66.1405029296875,64.9176025390625,66.0017318725586,787614
FMC,2014-04-29,50.801509857177734,66.05377197265625,66.35733032226562,65.63746643066406,65.6461410522461,506974
FMC,2014-04-30,51.36183166503906,66.78231048583984,66.92974853515625,65.87163543701172,66.11448669433594,482415
FMC,2014-05-01,51.175048828125,66.53945922851562,66.78231048583984,66.01040649414062,66.55680847167969,652252
FMC,2014-05-02,50.808189392089844,66.06244659423828,66.92974853515625,66.01040649414062,66.47875213623047,805255
FMC,2014-05-05,50.78152084350586,66.02775573730469,66.22723388671875,65.44666290283203,65.7588882446289,1103306
FMC,2014-05-06,50.69478225708008,65.91500091552734,66.41803741455078,65.55073547363281,66.15785217285156,909948
FMC,2014-05-07,48.88710403442383,63.564613342285156,66.30529022216797,62.89678955078125,66.06244659423828,4019704
FMC,2014-05-08,48.713687896728516,63.339115142822266,64.57068634033203,63.26105880737305,63.48655700683594,1689952
FMC,2014-05-09,48.64698028564453,63.252384185791016,63.71205520629883,62.940155029296875,63.278404235839844,1051421
FMC,2014-05-12,49.033851623535156,63.75542068481445,64.31916809082031,63.451866149902344,63.49523162841797,829238
FMC,2014-05-13,48.59362030029297,63.18300247192383,64.05897521972656,63.122291564941406,63.80746078491211,885273
FMC,2014-05-14,48.76704788208008,63.40850067138672,63.68603515625,62.627925872802734,63.21769332885742,875127
FMC,2014-05-15,48.22007369995117,62.69731140136719,63.29574966430664,61.96877670288086,63.22636413574219,1196007
FMC,2014-05-16,48.31346130371094,62.81873321533203,62.862098693847656,61.50910568237305,62.44579315185547,1321453
FMC,2014-05-19,48.913795471191406,63.59930419921875,64.02428436279297,62.463138580322266,62.56721496582031,895189
FMC,2014-05-20,49.10056686401367,63.8421516418457,63.96357345581055,63.22636413574219,63.417171478271484,1508239
FMC,2014-05-21,49.66755294799805,64.57936096191406,64.66608428955078,63.94622802734375,64.0676498413086,1142738
FMC,2014-05-22,50.54804229736328,65.72419738769531,65.88031005859375,64.11968994140625,64.44926452636719,2213760
FMC,2014-05-23,50.5213508605957,65.68950653076172,65.77623748779297,65.2298355102539,65.30789184570312,1620426
FMC,2014-05-27,50.86821365356445,66.1405029296875,66.44406127929688,65.88898468017578,66.01908111572266,1074711
FMC,2014-05-28,51.021636962890625,66.33998107910156,66.660888671875,65.95836639404297,66.1405029296875,893921
FMC,2014-05-29,51.35515594482422,66.77363586425781,66.78231048583984,65.85429382324219,66.58282470703125,558859
FMC,2014-05-30,51.06833267211914,66.40069580078125,66.76496124267578,66.2792739868164,66.6955795288086,802834
FMC,2014-06-02,51.24843215942383,66.6348648071289,66.79097747802734,66.13182830810547,66.4614028930664,836271
FMC,2014-06-03,50.90824508666992,66.19254302978516,66.71292114257812,66.09713745117188,66.3486557006836,1015217
FMC,2014-06-04,51.42852020263672,66.86903381347656,66.97311401367188,65.84561920166016,66.16651916503906,625157
FMC,2014-06-05,52.195613861083984,67.8664321899414,68.06591796875,66.58282470703125,66.95576477050781,1050498
FMC,2014-06-06,52.32902908325195,68.0398941040039,68.04856872558594,67.43278503417969,67.80572509765625,449670
FMC,2014-06-09,52.06889343261719,67.70164489746094,68.08325958251953,67.47615051269531,67.96183776855469,427763
FMC,2014-06-10,52.1889533996582,67.8577651977539,67.8924560546875,66.6955795288086,67.41543579101562,595525
FMC,2014-06-11,52.022178649902344,67.64093780517578,68.0745849609375,66.99913024902344,67.45880126953125,540181
FMC,2014-06-12,51.335140228271484,66.74761199951172,67.64093780517578,66.68690490722656,67.53685760498047,479302
FMC,2014-06-13,51.52857208251953,66.99913024902344,67.0164794921875,66.65221405029297,66.78231048583984,539143
FMC,2014-06-16,51.06833267211914,66.40069580078125,67.13790130615234,66.29661560058594,66.88638305664062,557821
FMC,2014-06-17,50.561378479003906,65.74154663085938,66.44406127929688,65.68950653076172,66.41803741455078,1478146
FMC,2014-06-18,50.027748107910156,65.04769897460938,66.0017318725586,64.83954620361328,65.91500091552734,2147578
FMC,2014-06-19,49.94771194458008,64.9436264038086,65.60277557373047,64.93495178222656,65.21248626708984,1756250
FMC,2014-06-20,49.86099624633789,64.83087921142578,65.16045379638672,64.57068634033203,64.86557006835938,4124396
FMC,2014-06-23,47.426300048828125,61.66522216796875,63.677364349365234,61.535125732421875,63.677364349365234,3909708
FMC,2014-06-24,47.319576263427734,61.526451110839844,62.072853088378906,60.95403289794922,61.56981658935547,2025936
FMC,2014-06-25,47.10612487792969,61.24891662597656,61.89072036743164,60.96270751953125,61.55247116088867,1402855
FMC,2014-06-26,47.46041488647461,61.5784912109375,61.5958366394043,60.27753829956055,60.98872375488281,2306000
FMC,2014-06-27,47.340091705322266,61.4223747253418,61.483089447021484,60.997398376464844,61.405029296875,1465463
FMC,2014-06-30,47.58741760253906,61.74327850341797,61.94275665283203,61.084129333496094,61.37900924682617,1983506
FMC,2014-07-01,47.46041488647461,61.5784912109375,61.934085845947266,61.3876838684082,61.7692985534668,1322952
FMC,2014-07-02,47.166282653808594,61.196876525878906,61.760623931884766,61.049434661865234,61.43104934692383,1167297
FMC,2014-07-03,47.71442794799805,61.90806579589844,62.03816223144531,61.26626205444336,61.41370391845703,515506
FMC,2014-07-07,47.29998779296875,61.370338439941406,61.795318603515625,61.144840240478516,61.699913024902344,690878
FMC,2014-07-08,46.68499755859375,60.572418212890625,61.361663818359375,60.48569107055664,61.361663818359375,1206730
FMC,2014-07-09,46.838748931884766,60.77190017700195,60.997398376464844,60.47701644897461,60.90199661254883,952609
FMC,2014-07-10,46.21707534790039,59.965309143066406,60.433650970458984,59.58369445800781,60.08673095703125,1687877
FMC,2014-07-11,46.29729461669922,60.06938552856445,60.1734619140625,59.84388732910156,60.05203628540039,734922
FMC,2014-07-14,46.00987243652344,59.69644546508789,59.878578186035156,59.392887115478516,59.44492721557617,929087
FMC,2014-07-15,46.1970329284668,59.93928909301758,61.20555114746094,59.71379089355469,60.90199661254883,2310266
FMC,2014-07-16,46.28392028808594,60.05203628540039,60.39028549194336,59.76582717895508,60.37294006347656,1043696
FMC,2014-07-17,45.72241973876953,59.32350540161133,60.095401763916016,59.2974853515625,59.73980712890625,1190357
FMC,2014-07-18,46.21707534790039,59.965309143066406,60.043365478515625,59.06331253051758,59.38421630859375,825779
FMC,2014-07-21,45.81602478027344,59.44492721557617,60.216827392578125,59.418907165527344,59.91326904296875,584802
FMC,2014-07-22,45.989803314208984,59.67042541503906,59.92194366455078,59.46227264404297,59.80052185058594,692607
FMC,2014-07-23,45.989803314208984,59.67042541503906,59.791847229003906,59.470943450927734,59.66175079345703,619968
FMC,2014-07-24,45.77591323852539,59.392887115478516,59.84388732910156,59.340850830078125,59.84388732910156,934507
FMC,2014-07-25,45.64223098754883,59.21942901611328,59.783172607421875,59.167388916015625,59.306156158447266,747490
FMC,2014-07-28,45.74917221069336,59.35819625854492,59.75715637207031,58.98525619506836,59.35819625854492,2719812
FMC,2014-07-29,45.481781005859375,59.01127624511719,59.62705993652344,59.002601623535156,59.470943450927734,1009336
FMC,2014-07-30,44.79994583129883,58.126625061035156,59.2974853515625,58.013877868652344,59.01127624511719,1929430
FMC,2014-07-31,43.59672546386719,56.56547927856445,58.50823974609375,56.37467575073242,58.065914154052734,1900951
FMC,2014-08-01,43.77053451538086,56.79098129272461,56.92107391357422,56.322635650634766,56.3313102722168,1109301
FMC,2014-08-04,43.84406280517578,56.886383056640625,57.111881256103516,56.582828521728516,56.808326721191406,1433064
FMC,2014-08-05,43.32266616821289,56.20988845825195,56.75628662109375,55.91500473022461,56.660884857177734,1281675
FMC,2014-08-06,43.31597900390625,56.20121383666992,56.36600112915039,55.94102478027344,56.11448287963867,857256
FMC,2014-08-07,42.90153121948242,55.66348648071289,56.40069580078125,55.55073547363281,56.30529022216797,595525
FMC,2014-08-08,43.429622650146484,56.348655700683594,56.42671203613281,55.758888244628906,55.9496955871582,846994
FMC,2014-08-11,43.38283157348633,56.28794479370117,56.895057678222656,56.25325012207031,56.53078842163086,702754
FMC,2014-08-12,43.30929946899414,56.19253921508789,56.548133850097656,55.97571563720703,56.24457931518555,690762
FMC,2014-08-13,43.24244689941406,56.105812072753906,56.843017578125,56.105812072753906,56.47007751464844,1123599
FMC,2014-08-14,44.11812973022461,57.24197769165039,57.588897705078125,56.36600112915039,56.36600112915039,4183661
FMC,2014-08-15,44.14486312866211,57.276668548583984,57.96183776855469,56.62619400024414,57.79705047607422,2058336
FMC,2014-08-18,44.39219284057617,57.597572326660156,57.99653244018555,57.5281867980957,57.597572326660156,1710937
FMC,2014-08-19,44.345401763916016,57.536861419677734,57.72766876220703,57.43278503417969,57.58022689819336,928396
FMC,2014-08-20,44.39888000488281,57.60624313354492,57.99653244018555,57.337379455566406,57.536861419677734,1183555
FMC,2014-08-21,44.07802963256836,57.189937591552734,57.7363395690918,57.14657211303711,57.7363395690918,1406314
FMC,2014-08-22,43.6903190612793,56.68690490722656,57.45880126953125,56.409366607666016,57.111881256103516,1310154
FMC,2014-08-25,43.80396270751953,56.834346771240234,57.09453582763672,56.69557571411133,57.025150299072266,983048
FMC,2014-08-26,43.717063903808594,56.721595764160156,57.224632263183594,56.61751937866211,56.9991340637207,1146889
FMC,2014-08-27,43.93096160888672,56.9991340637207,57.224632263183594,56.8256721496582,56.834346771240234,1371724
FMC,2014-08-28,44.21171569824219,57.363399505615234,57.55420684814453,56.843017578125,56.895057678222656,2064677
FMC,2014-08-29,44.21171569824219,57.363399505615234,57.72766876220703,57.15524673461914,57.372074127197266,881469
FMC,2014-09-02,44.09807205200195,57.21595764160156,57.5281867980957,56.81699752807617,57.47615051269531,1212610
FMC,2014-09-03,43.91759490966797,56.981788635253906,57.51951217651367,56.877708435058594,57.34605407714844,783809
FMC,2014-09-04,43.74378204345703,56.75628662109375,57.21595764160156,56.712921142578125,57.025150299072266,1254233
FMC,2014-09-05,43.85075378417969,56.895057678222656,56.91240310668945,56.47875213623047,56.669559478759766,623427
FMC,2014-09-08,44.198333740234375,57.34605407714844,57.80572509765625,56.90372848510742,56.90372848510742,1810095
FMC,2014-09-09,42.78790283203125,55.51604461669922,57.450130462646484,55.394622802734375,57.0164794921875,1726963
FMC,2014-09-10,42.453678131103516,55.082393646240234,55.52471923828125,54.64006805419922,55.51604461669922,2038965
FMC,2014-09-11,42.507144927978516,55.15177917480469,55.66348648071289,54.778839111328125,54.856895446777344,1567273
FMC,2014-09-12,41.731727600097656,54.14570617675781,55.221160888671875,53.8421516418457,55.21249008178711,1873856
FMC,2014-09-15,42.36677551269531,54.969642639160156,55.21249008178711,54.00693893432617,54.128360748291016,2262763
FMC,2014-09-16,42.25981521606445,54.830875396728516,55.01300811767578,54.5446662902832,54.969642639160156,1154038
FMC,2014-09-17,40.97637939453125,53.165653228759766,55.09973907470703,53.14830780029297,55.07372283935547,4012440
FMC,2014-09-18,40.68894577026367,52.7927131652832,53.55594253540039,52.67996597290039,53.23503875732422,2845835
FMC,2014-09-19,40.521820068359375,52.575889587402344,52.948829650878906,52.4371223449707,52.93148422241211,1789802
FMC,2014-09-22,40.3747673034668,52.38508224487305,52.7927131652832,52.35039138793945,52.70598220825195,1250659
FMC,2014-09-23,40.1274528503418,52.064178466796875,52.51517868041992,52.04683303833008,52.39375686645508,992157
FMC,2014-09-24,39.779850006103516,51.613182067871094,52.14223861694336,51.5958366394043,52.03816223144531,1631956
FMC,2014-09-25,38.917537689208984,50.494361877441406,51.47441482543945,50.37294006347656,51.4223747253418,2250771
FMC,2014-09-26,39.018062591552734,50.494361877441406,50.693843841552734,50.346920013427734,50.41630554199219,1271990
FMC,2014-09-29,38.502017974853516,49.8265380859375,50.36426544189453,49.705116271972656,50.1908073425293,1342669
FMC,2014-09-30,38.32777404785156,49.60103988647461,50.095401763916016,49.418907165527344,49.75715637207031,4236468
FMC,2014-10-01,37.73802185058594,48.83781433105469,49.57502365112305,48.70771789550781,49.167388916015625,2464538
FMC,2014-10-02,38.15352249145508,49.37554168701172,49.53165817260742,48.56895065307617,48.65568161010742,2687182
FMC,2014-10-03,38.18034362792969,49.41023254394531,49.791847229003906,49.28881072998047,49.653079986572266,1768241
FMC,2014-10-06,38.193729400634766,49.427581787109375,49.99132537841797,49.427581787109375,49.62705993652344,1563353
FMC,2014-10-07,36.84667205810547,47.684303283691406,48.97658157348633,47.675628662109375,48.96791076660156,2712663
FMC,2014-10-08,36.772953033447266,47.588897705078125,47.86643600463867,47.12922668457031,47.762359619140625,2528875
FMC,2014-10-09,35.84810256958008,46.39202117919922,47.762359619140625,46.20988845825195,47.63226318359375,1806636
FMC,2014-10-10,35.35215759277344,45.75021743774414,46.76496124267578,45.654815673828125,46.270599365234375,1341977
FMC,2014-10-13,34.581451416015625,44.7528190612793,46.16652297973633,44.7354736328125,45.77623748779297,1497171
FMC,2014-10-14,35.399070739746094,45.81092834472656,46.45273208618164,44.267127990722656,44.64874267578125,2291818
FMC,2014-10-15,36.397647857666016,47.10321044921875,47.276668548583984,44.72679901123047,45.71552658081055,3034696
FMC,2014-10-16,37.62408447265625,48.690372467041016,48.99393081665039,46.61751937866211,46.90372848510742,2989844
FMC,2014-10-17,37.85866165161133,48.99393081665039,50.02602005004883,48.67302703857422,49.13269805908203,2020287
FMC,2014-10-20,38.06640625,49.262794494628906,49.2974853515625,48.855159759521484,48.863834381103516,1402048
FMC,2014-10-21,39.51399230957031,51.136165618896484,51.18820571899414,49.4882926940918,49.653079986572266,1865554
FMC,2014-10-22,39.17221450805664,50.693843841552734,51.751949310302734,50.59843826293945,51.69123840332031,2682570
FMC,2014-10-23,38.99126434326172,50.45967102050781,51.41370391845703,50.31222915649414,51.30095291137695,1903372
FMC,2014-10-24,38.951045989990234,50.407630920410156,50.63312911987305,49.67909622192383,50.41630554199219,1194623
FMC,2014-10-27,38.0596923828125,49.254119873046875,49.93928909301758,48.90719985961914,49.93061447143555,1212264
FMC,2014-10-28,38.723182678222656,50.11274719238281,50.121421813964844,49.32350540161133,49.53165817260742,1611894
FMC,2014-10-29,38.51543045043945,49.84388732910156,50.30355453491211,49.04596710205078,50.043365478515625,2531873
FMC,2014-10-30,38.951045989990234,50.407630920410156,50.71118927001953,47.83174133300781,48.126625061035156,3425678
FMC,2014-10-31,38.43500900268555,49.73980712890625,50.93668746948242,49.51430892944336,50.78924560546875,3149650
FMC,2014-11-03,37.704490661621094,48.79444885253906,50.05203628540039,48.64700698852539,49.85255813598633,1563007
FMC,2014-11-04,37.3828239440918,48.378143310546875,48.98525619506836,48.30876159667969,48.915870666503906,1518962
FMC,2014-11-05,37.945762634277344,49.1066780090332,49.15004348754883,48.378143310546875,48.6123161315918,1197391
FMC,2014-11-06,38.36128616333008,49.644405364990234,49.66175079345703,48.941890716552734,49.21075439453125,1412771
FMC,2014-11-07,38.20042419433594,49.43625259399414,49.83521270751953,49.27146530151367,49.644405364990234,1592178
FMC,2014-11-10,38.0596923828125,49.254119873046875,49.72246170043945,49.158714294433594,49.37554168701172,1174676
FMC,2014-11-11,38.07981491088867,49.2801399230957,49.63573455810547,49.15004348754883,49.262794494628906,1584337
FMC,2014-11-12,38.03960037231445,49.22809982299805,49.2801399230957,48.863834381103516,49.158714294433594,761326
FMC,2014-11-13,37.7916259765625,48.90719985961914,49.4882926940918,48.629661560058594,49.34952163696289,839845
FMC,2014-11-14,37.945762634277344,49.1066780090332,49.2974853515625,48.855159759521484,48.90719985961914,886196
FMC,2014-11-17,37.744712829589844,48.84648513793945,49.479618072509766,48.803123474121094,49.09800338745117,1227484
FMC,2014-11-18,38.0596923828125,49.254119873046875,49.40156173706055,48.82046890258789,48.941890716552734,1684879
FMC,2014-11-19,37.77823257446289,48.889854431152344,49.262794494628906,48.690372467041016,49.262794494628906,866941
FMC,2014-11-20,37.51014709472656,48.542930603027344,48.915870666503906,48.4041633605957,48.6123161315918,1716471
FMC,2014-11-21,37.8653450012207,49.002601623535156,49.58369445800781,48.855159759521484,49.340850830078125,1373338
FMC,2014-11-24,38.019493103027344,49.202083587646484,49.2801399230957,48.67302703857422,49.002601623535156,1806982
FMC,2014-11-25,37.670989990234375,48.75108337402344,49.28881072998047,48.72506332397461,49.262794494628906,1058569
FMC,2014-11-26,37.32250213623047,48.300086975097656,48.75108337402344,48.14397048950195,48.560279846191406,979358
FMC,2014-11-28,36.45796585083008,47.18126678466797,48.33477783203125,47.08586120605469,48.08325958251953,629538
FMC,2014-12-01,36.02234649658203,46.61751937866211,47.45880126953125,46.574153900146484,47.08586120605469,1750139
FMC,2014-12-02,36.23678970336914,46.895057678222656,47.051170349121094,46.41804122924805,46.487422943115234,1335405
FMC,2014-12-03,36.88688659667969,47.7363395690918,47.79705047607422,46.574153900146484,46.8256721496582,2172252
FMC,2014-12-04,37.027626037597656,47.91847229003906,48.161319732666016,47.588897705078125,47.597572326660156,1119448
FMC,2014-12-05,38.173641204833984,49.40156173706055,49.80052185058594,47.935821533203125,48.05724334716797,2521380
FMC,2014-12-08,37.670989990234375,48.75108337402344,49.37554168701172,48.62099075317383,49.340850830078125,1381063
FMC,2014-12-09,37.75811004638672,48.863834381103516,48.90719985961914,48.25672149658203,48.49089431762695,1050268
FMC,2014-12-10,36.96730041503906,47.840415954589844,48.889854431152344,47.684303283691406,48.62099075317383,1449206
FMC,2014-12-11,37.409610748291016,48.41283416748047,48.768428802490234,47.71031951904297,47.71031951904297,2230479
FMC,2014-12-12,36.860084533691406,47.7016487121582,48.14397048950195,47.684303283691406,48.08325958251953,2175826
FMC,2014-12-15,36.85336685180664,47.69297409057617,48.5776252746582,47.597572326660156,48.27406692504883,1888268
FMC,2014-12-16,36.39094161987305,47.09453582763672,48.28274154663086,47.04249954223633,47.536861419677734,1490137
FMC,2014-12-17,37.53025436401367,48.56895065307617,48.5776252746582,47.137901306152344,47.311363220214844,1215608
FMC,2014-12-18,37.8653450012207,49.002601623535156,50.06071090698242,48.039894104003906,50.05203628540039,2081972
FMC,2014-12-19,38.173641204833984,49.40156173706055,49.58369445800781,48.97658157348633,49.2974853515625,2848948
FMC,2014-12-22,37.8720588684082,49.01127624511719,49.54032897949219,48.4215087890625,49.245445251464844,1613508
FMC,2014-12-23,38.8170166015625,50.23417282104492,50.26019287109375,49.04596710205078,49.089332580566406,1435946
FMC,2014-12-24,38.696372985839844,50.07805633544922,50.294883728027344,49.85255813598633,50.15611267089844,410929
FMC,2014-12-26,38.57575225830078,49.92194366455078,50.30355453491211,49.88725280761719,50.268863677978516,597600
FMC,2014-12-29,38.723567962646484,49.9826545715332,50.208152770996094,49.705116271972656,49.71379089355469,771818
FMC,2014-12-30,38.6697998046875,49.91326904296875,50.216827392578125,49.73980712890625,49.85255813598633,695144
FMC,2014-12-31,38.320411682128906,49.46227264404297,50.25151824951172,49.37554168701172,49.965309143066406,1086011
FMC,2015-01-02,38.280094146728516,49.41023254394531,49.505638122558594,48.52558517456055,49.505638122558594,1154153
FMC,2015-01-05,37.440181732177734,48.326107025146484,49.115352630615234,48.05724334716797,49.03729248046875,1216184
FMC,2015-01-06,37.68206787109375,48.638336181640625,49.392887115478516,48.19601058959961,48.43018341064453,1661358
FMC,2015-01-07,37.96427917480469,49.002601623535156,49.202083587646484,48.551605224609375,48.95923614501953,852874
FMC,2015-01-08,38.90498733520508,50.216827392578125,50.24284362792969,49.262794494628906,49.340850830078125,1328602
FMC,2015-01-09,38.66309356689453,49.904598236083984,50.572418212890625,49.731136322021484,50.45967102050781,1126020
FMC,2015-01-12,39.77850341796875,51.34431838989258,51.55247116088867,49.653079986572266,50.72853469848633,2266106
FMC,2015-01-13,39.933048248291016,51.543800354003906,52.11621856689453,50.667823791503906,51.5784912109375,2040810
FMC,2015-01-14,39.590354919433594,51.10147476196289,51.144840240478516,50.13876724243164,50.78924560546875,1318571
FMC,2015-01-15,39.05952835083008,50.41630554199219,51.526451110839844,50.41630554199219,51.283607482910156,1545366
FMC,2015-01-16,39.16704177856445,50.55507278442383,50.64180374145508,49.88725280761719,50.407630920410156,1355813
FMC,2015-01-20,38.90498733520508,50.216827392578125,50.81526565551758,49.791847229003906,50.48569107055664,697565
FMC,2015-01-21,39.227516174316406,50.63312911987305,50.76322555541992,49.904598236083984,50.043365478515625,773548
FMC,2015-01-22,39.90616989135742,51.50910568237305,51.63052749633789,50.572418212890625,50.65047836303711,799375
FMC,2015-01-23,38.918434143066406,50.23417282104492,51.55247116088867,50.1734619140625,51.55247116088867,699640
FMC,2015-01-26,39.12672805786133,50.50303649902344,50.745880126953125,49.86123275756836,50.14744186401367,741610
FMC,2015-01-27,39.23423767089844,50.64180374145508,50.971378326416016,49.69644546508789,49.77450180053711,814825
FMC,2015-01-28,38.40103530883789,49.566349029541016,51.02341842651367,49.470943450927734,51.02341842651367,661130
FMC,2015-01-29,38.36745071411133,49.52298355102539,50.043365478515625,49.05464172363281,49.705116271972656,959757
FMC,2015-01-30,38.6362190246582,49.869903564453125,50.407630920410156,48.92454528808594,49.06331253051758,1215493
FMC,2015-02-02,38.85795211791992,50.15611267089844,50.33824920654297,49.38421630859375,50.23417282104492,889540
FMC,2015-02-03,39.95320510864258,51.56981658935547,51.72593307495117,50.268863677978516,50.294883728027344,1847567
FMC,2015-02-04,39.56350326538086,51.0667839050293,51.81266403198242,50.71118927001953,51.43104934692383,1489791
FMC,2015-02-05,41.70023727416992,53.824806213378906,54.596702575683594,48.35212326049805,49.52298355102539,4425445
FMC,2015-02-06,41.47176742553711,53.52992248535156,54.154380798339844,52.67129135131836,53.642669677734375,1980739
FMC,2015-02-09,41.431461334228516,53.477882385253906,53.97224426269531,53.24371337890625,53.24371337890625,1351085
FMC,2015-02-10,41.3642692565918,53.39115524291992,53.60797882080078,52.974849700927734,53.417171478271484,803295
FMC,2015-02-11,41.59271240234375,53.68603515625,53.86817169189453,53.07892608642578,53.22636413574219,1024441
FMC,2015-02-12,42.493106842041016,54.84822082519531,55.030357360839844,53.83347702026367,53.83347702026367,1400895
FMC,2015-02-13,42.78877258300781,55.229835510253906,55.33391189575195,54.78750991821289,54.84822082519531,1264265
FMC,2015-02-17,43.292728424072266,55.880313873291016,55.99306106567383,54.72679901123047,54.908931732177734,1620772
FMC,2015-02-18,43.0239372253418,55.533390045166016,56.045101165771484,55.403297424316406,55.76756286621094,1483796
FMC,2015-02-19,42.822357177734375,55.27320098876953,55.49002456665039,54.908931732177734,55.091068267822266,1102960
FMC,2015-02-20,43.010498046875,55.51604461669922,55.52471923828125,54.830875396728516,55.221160888671875,735614
FMC,2015-02-23,42.829071044921875,55.2818717956543,55.46400833129883,55.11708450317383,55.35125732421875,665858
FMC,2015-02-24,42.89627456665039,55.36860275268555,55.74154281616211,55.13443374633789,55.342586517333984,942462
FMC,2015-02-25,43.178489685058594,55.732872009277344,55.88898468017578,55.16044998168945,55.49002456665039,809175
FMC,2015-02-26,42.748451232910156,55.17779541015625,55.75021743774414,54.969642639160156,55.57675552368164,846763
FMC,2015-02-27,42.60733413696289,54.995662689208984,55.2645263671875,54.84822082519531,55.17779541015625,777699
FMC,2015-03-02,43.40022277832031,56.019081115722656,56.02775573730469,54.58803176879883,54.995662689208984,670008
FMC,2015-03-03,43.0037841796875,55.50737380981445,56.13182830810547,55.307891845703125,55.732872009277344,535914
FMC,2015-03-04,42.50655746459961,54.86556625366211,55.255855560302734,54.67476272583008,55.10841369628906,734692
FMC,2015-03-05,41.88166046142578,54.05897521972656,54.89158630371094,53.816131591796875,54.88291549682617,630576
FMC,2015-03-06,41.12909698486328,53.08759689331055,53.764095306396484,52.862098693847656,53.63399887084961,1300815
FMC,2015-03-09,41.19627380371094,53.1743278503418,53.60797882080078,52.888118743896484,53.13096237182617,1208690
FMC,2015-03-10,40.27573776245117,51.986122131347656,52.92280960083008,51.89072036743164,52.64527130126953,1447822
FMC,2015-03-11,40.46387481689453,52.22896957397461,52.41977310180664,51.838680267333984,51.986122131347656,656288
FMC,2015-03-12,40.73264694213867,52.575889587402344,52.60190963745117,52.064178466796875,52.4371223449707,749450
FMC,2015-03-13,40.484031677246094,52.25498580932617,52.55854415893555,51.934085845947266,52.2983512878418,1023633
FMC,2015-03-16,40.376529693603516,52.11621856689453,52.41977310180664,51.72593307495117,52.21162033081055,1095350
FMC,2015-03-17,39.879295349121094,51.47441482543945,52.246315002441406,51.30095291137695,51.760623931884766,1182632
FMC,2015-03-18,39.77850341796875,51.34431838989258,51.72593307495117,50.407630920410156,51.196876525878906,1527379
FMC,2015-03-19,39.61051940917969,51.12749481201172,51.41370391845703,50.8586311340332,51.11882019042969,1053496
FMC,2015-03-20,40.06743621826172,51.71725845336914,51.81266403198242,50.910667419433594,51.396358489990234,1367227
FMC,2015-03-23,40.188392639160156,51.873374938964844,52.35039138793945,51.543800354003906,51.77796936035156,1051536
FMC,2015-03-24,39.664276123046875,51.196876525878906,51.7692985534668,51.084129333496094,51.7692985534668,987199
FMC,2015-03-25,38.9453010559082,50.268863677978516,51.309627532958984,50.268863677978516,51.21422576904297,962409
FMC,2015-03-26,39.07969665527344,50.442325592041016,50.59843826293945,49.956634521484375,50.216827392578125,1370802
FMC,2015-03-27,38.42269515991211,49.45359802246094,50.36426544189453,49.34952163696289,49.97397994995117,1541215
FMC,2015-03-30,38.94829559326172,50.130096435546875,50.22549819946289,49.54032897949219,49.644405364990234,1114951
FMC,2015-03-31,38.57767105102539,49.653079986572266,50.13876724243164,49.52298355102539,49.956634521484375,1715549
FMC,2015-04-01,38.42269515991211,49.45359802246094,49.77450180053711,48.92454528808594,49.705116271972656,1379449
FMC,2015-04-02,38.21380615234375,49.18473434448242,49.52298355102539,49.167388916015625,49.23677444458008,765246
FMC,2015-04-06,38.52376937866211,49.58369445800781,49.73980712890625,49.03729248046875,49.03729248046875,1760400
FMC,2015-04-07,38.58441925048828,49.66175079345703,50.08673095703125,49.592369079589844,49.618385314941406,852759
FMC,2015-04-08,38.61811447143555,49.705116271972656,50.043365478515625,49.557674407958984,49.878578186035156,933584
FMC,2015-04-09,38.65180206298828,49.74848175048828,49.83521270751953,49.41023254394531,49.783172607421875,1950300
FMC,2015-04-10,39.33912658691406,50.63312911987305,50.63312911987305,49.705116271972656,49.92194366455078,2966784
FMC,2015-04-13,39.56150436401367,50.919342041015625,51.43104934692383,50.36426544189453,50.494361877441406,1057186
FMC,2015-04-14,39.4334716796875,50.754554748535156,50.98872375488281,50.26019287109375,50.55507278442383,1427299
FMC,2015-04-15,40.208377838134766,51.751949310302734,51.94275665283203,50.823936462402344,50.92801284790039,1465002
FMC,2015-04-16,39.87820053100586,51.32697296142578,51.68256759643555,51.231571197509766,51.60451126098633,1018676
FMC,2015-04-17,39.09654235839844,50.32090377807617,51.058109283447266,50.268863677978516,50.78924560546875,1159572
FMC,2015-04-20,39.15045166015625,50.39028549194336,50.77190017700195,50.216827392578125,50.42497634887695,947997
FMC,2015-04-21,39.04936981201172,50.26019287109375,50.71118927001953,49.791847229003906,50.39028549194336,1121177
FMC,2015-04-22,39.15719223022461,50.39896011352539,50.41630554199219,50.043365478515625,50.268863677978516,870630
FMC,2015-04-23,39.487361907958984,50.823936462402344,50.98005294799805,50.28620910644531,50.433650970458984,820936
FMC,2015-04-24,39.46715545654297,50.797916412353516,51.110145568847656,50.72853469848633,50.86730194091797,884466
FMC,2015-04-27,39.65583419799805,51.04076385498047,51.15351486206055,50.693843841552734,50.997398376464844,2023169
FMC,2015-04-28,39.82429504394531,51.25758743286133,51.33564758300781,50.7025146484375,51.084129333496094,1194393
FMC,2015-04-29,40.38359832763672,51.97745132446289,52.19427490234375,50.80659103393555,51.01474380493164,943385
FMC,2015-04-30,39.96580123901367,51.439720153808594,52.03816223144531,51.231571197509766,51.80398941040039,746337
FMC,2015-05-01,40.585731506347656,52.237640380859375,52.36773681640625,51.64787673950195,51.68256759643555,966445
FMC,2015-05-04,40.68008041381836,52.35906219482422,52.76669692993164,52.22896957397461,52.237640380859375,776546
FMC,2015-05-05,39.98600769042969,51.46574020385742,52.83607864379883,51.439720153808594,52.52384948730469,564278
FMC,2015-05-06,40.093841552734375,51.60451126098633,51.90806579589844,51.136165618896484,51.751949310302734,518850
FMC,2015-05-07,40.06014633178711,51.5611457824707,51.74327850341797,51.084129333496094,51.43104934692383,603480
FMC,2015-05-08,41.070899963378906,52.862098693847656,53.0008659362793,52.03816223144531,52.03816223144531,1745873
FMC,2015-05-11,40.88896179199219,52.627925872802734,52.688636779785156,51.41370391845703,51.50043487548828,2427757
FMC,2015-05-12,38.92806625366211,50.10407638549805,52.19427490234375,49.43625259399414,52.098873138427734,4496469
FMC,2015-05-13,39.669307708740234,51.058109283447266,51.24891662597656,49.254119873046875,50.11274719238281,2966438
FMC,2015-05-14,39.278480529785156,50.55507278442383,51.33564758300781,50.33824920654297,51.33564758300781,1300469
FMC,2015-05-15,39.325645446777344,50.61578369140625,50.63312911987305,50.27753829956055,50.442325592041016,719818
FMC,2015-05-18,38.874168395996094,50.034690856933594,50.56374740600586,49.77450180053711,50.56374740600586,839730
FMC,2015-05-19,38.63832092285156,49.731136322021484,50.19947814941406,49.470943450927734,49.91326904296875,777814
FMC,2015-05-20,38.57767105102539,49.653079986572266,49.869903564453125,49.46227264404297,49.869903564453125,505475
FMC,2015-05-21,38.94155502319336,50.121421813964844,50.19947814941406,49.45359802246094,49.60971450805664,703445
FMC,2015-05-22,39.25825881958008,50.529056549072266,50.65047836303711,49.99132537841797,50.10407638549805,774816
FMC,2015-05-26,38.89438247680664,50.06071090698242,50.48569107055664,49.93928909301758,50.25151824951172,890923
FMC,2015-05-27,39.04936981201172,50.26019287109375,50.381614685058594,49.783172607421875,50.07805633544922,785078
FMC,2015-05-28,39.02914810180664,50.23417282104492,50.268863677978516,49.93061447143555,50.07805633544922,853566
FMC,2015-05-29,38.52376937866211,49.58369445800781,50.216827392578125,49.38421630859375,50.15611267089844,1216992
FMC,2015-06-01,38.13967514038086,49.089332580566406,49.69644546508789,48.950565338134766,49.69644546508789,1131785
FMC,2015-06-02,38.02513122558594,48.941890716552734,49.340850830078125,48.716392517089844,49.002601623535156,2242931
FMC,2015-06-03,38.77309799194336,49.904598236083984,49.956634521484375,48.803123474121094,49.1066780090332,971403
FMC,2015-06-04,38.05208206176758,48.97658157348633,49.783172607421875,48.915870666503906,49.51430892944336,719703
FMC,2015-06-05,37.78254699707031,48.629661560058594,49.176063537597656,48.4388542175293,48.89852523803711,727197
FMC,2015-06-08,37.452369689941406,48.204681396484375,48.629661560058594,48.100608825683594,48.49089431762695,967713
FMC,2015-06-09,37.14913558959961,47.814395904541016,48.4215087890625,47.7016487121582,48.27406692504883,945691
FMC,2015-06-10,37.43213653564453,48.17866516113281,48.4041633605957,47.7363395690918,48.25672149658203,1288016
FMC,2015-06-11,37.411930084228516,48.152645111083984,48.68170166015625,47.97051239013672,48.28274154663086,824049
FMC,2015-06-12,37.101959228515625,47.753684997558594,48.11795425415039,47.63226318359375,48.039894104003906,836963
FMC,2015-06-15,36.994144439697266,47.61491775512695,47.64960861206055,47.30268859863281,47.502166748046875,802834
FMC,2015-06-16,37.31085205078125,48.02254867553711,48.11795425415039,47.38074493408203,47.536861419677734,591720
FMC,2015-06-17,37.486053466796875,48.248050689697266,48.53425979614258,47.753684997558594,48.14397048950195,560704
FMC,2015-06-18,37.607337951660156,48.4041633605957,48.69904708862305,48.152645111083984,48.4388542175293,680039
FMC,2015-06-19,37.021095275878906,47.64960861206055,48.56895065307617,47.623592376708984,48.25672149658203,1149541
FMC,2015-06-22,37.20977020263672,47.892452239990234,47.94449234008789,47.65828323364258,47.85776138305664,526806
FMC,2015-06-23,37.068267822265625,47.71031951904297,47.99653244018555,47.597572326660156,47.9098014831543,771934
FMC,2015-06-24,36.07771682739258,46.435386657714844,47.901126861572266,46.409366607666016,47.66695785522461,1392017
FMC,2015-06-25,35.855342864990234,46.14917755126953,46.77363586425781,46.07979202270508,46.61751937866211,1132246
FMC,2015-06-26,36.14937973022461,46.38334655761719,46.53078842163086,46.14917755126953,46.16652297973633,1650058
FMC,2015-06-29,34.99351501464844,44.90026092529297,46.097137451171875,44.88291549682617,45.98439025878906,848608
FMC,2015-06-30,35.52075958251953,45.57675552368164,45.71552658081055,44.388553619384766,45.2818717956543,1949838
FMC,2015-07-01,35.00703811645508,44.917606353759766,45.74154281616211,44.81352996826172,45.74154281616211,1615238
FMC,2015-07-02,34.78396987915039,44.63139724731445,45.143104553222656,44.267127990722656,45.06504821777344,1001150
FMC,2015-07-06,33.999881744384766,43.62532424926758,44.388553619384766,43.53859329223633,43.980918884277344,1161763
FMC,2015-07-07,33.790321350097656,43.35646057128906,43.68603515625,42.61058044433594,43.62532424926758,1436407
FMC,2015-07-08,32.931888580322266,42.25498580932617,43.04423141479492,42.17692947387695,42.974849700927734,718088
FMC,2015-07-09,32.898094177246094,42.21162033081055,43.0008659362793,42.14223861694336,42.810062408447266,884812
FMC,2015-07-10,33.472652435302734,42.948829650878906,43.00954055786133,42.52384948730469,42.662620544433594,731348
FMC,2015-07-13,33.91876983642578,43.52124786376953,43.54726791381836,43.05290603637695,43.18300247192383,574540
FMC,2015-07-14,34.40544891357422,44.14570617675781,44.154380798339844,43.1743278503418,43.40850067138672,999651
FMC,2015-07-15,33.999881744384766,43.62532424926758,44.18907165527344,43.52124786376953,43.8768424987793,1079554
FMC,2015-07-16,33.979610443115234,43.59930419921875,43.824806213378906,43.477882385253906,43.72072982788086,631729
FMC,2015-07-17,33.62811279296875,43.14830780029297,43.43452072143555,43.026885986328125,43.40850067138672,1111953
FMC,2015-07-20,33.43210220336914,42.89678955078125,43.32176971435547,42.83607864379883,43.07025146484375,1103652
FMC,2015-07-21,33.1143913269043,42.489158630371094,43.200347900390625,42.42844772338867,42.93148422241211,664474
FMC,2015-07-22,33.0062370300293,42.35039138793945,42.65394592285156,42.22896957397461,42.42844772338867,678079
FMC,2015-07-23,33.026527404785156,42.376407623291016,42.67129135131836,42.17692947387695,42.58456039428711,805140
FMC,2015-07-24,32.32353973388672,41.47441482543945,42.48048782348633,41.30095291137695,42.25498580932617,999190
FMC,2015-07-27,31.91796875,40.95403289794922,41.396358489990234,40.823936462402344,41.12749481201172,873743
FMC,2015-07-28,32.60744094848633,41.838680267333984,41.91674041748047,40.95403289794922,41.10147476196289,847916
FMC,2015-07-29,32.49253463745117,41.69123840332031,42.19427490234375,41.56981658935547,42.020816802978516,891961
FMC,2015-07-30,32.6953125,41.95143127441406,42.27233123779297,41.35299301147461,41.72593307495117,755792
FMC,2015-07-31,32.81023406982422,42.098873138427734,42.25498580932617,41.708587646484375,42.150909423828125,834887
FMC,2015-08-03,32.75614547729492,42.02948760986328,42.30702590942383,41.47441482543945,42.107547760009766,1327680
FMC,2015-08-04,32.91162109375,42.22896957397461,42.714656829833984,41.63052749633789,41.99479675292969,835118
FMC,2015-08-05,32.78318786621094,42.064178466796875,42.888118743896484,42.02948760986328,42.489158630371094,971748
FMC,2015-08-06,33.16846466064453,42.55854415893555,43.60797882080078,41.5784912109375,41.94275665283203,1720276
FMC,2015-08-07,32.01936721801758,41.084129333496094,42.54119873046875,41.03208923339844,42.402427673339844,1088893
FMC,2015-08-10,33.269859313964844,42.688636779785156,42.7927131652832,41.16218566894531,41.3876838684082,1365844
FMC,2015-08-11,32.654762268066406,41.899391174316406,42.17692947387695,41.786643981933594,42.17692947387695,980165
FMC,2015-08-12,32.03288650512695,41.10147476196289,41.65654754638672,40.94535827636719,41.3876838684082,1078632
FMC,2015-08-13,31.417768478393555,40.31222915649414,40.95403289794922,40.14744186401367,40.93668746948242,1254464
FMC,2015-08-14,31.431306838989258,40.32957458496094,40.47701644897461,40.13876724243164,40.33824920654297,1144237
FMC,2015-08-17,32.25595474243164,41.3876838684082,41.46574020385742,40.32957458496094,40.841285705566406,765131
FMC,2015-08-18,32.0802001953125,41.16218566894531,41.49176025390625,40.96270751953125,41.27493667602539,786692
FMC,2015-08-19,31.74223518371582,40.72853469848633,40.98872375488281,40.208152770996094,40.86730194091797,962063
FMC,2015-08-20,31.025741577148438,39.8091926574707,40.53772735595703,39.8091926574707,40.46834182739258,690878
FMC,2015-08-21,30.17405128479004,38.716392517089844,39.783172607421875,38.70771789550781,39.470943450927734,1563007
FMC,2015-08-24,29.160137176513672,37.41543960571289,38.72506332397461,36.660884857177734,37.07719039916992,2191968
FMC,2015-08-25,27.21341896057129,34.917606353759766,38.473548889160156,34.80485534667969,38.4388542175293,3230014
FMC,2015-08-26,27.220176696777344,34.92627716064453,35.57675552368164,34.215091705322266,35.51604461669922,4302304
FMC,2015-08-27,28.599111557006836,36.69557571411133,37.18126678466797,35.472679138183594,35.55073547363281,2063294
FMC,2015-08-28,28.65994644165039,36.77363586425781,36.843017578125,35.20381546020508,36.1405029296875,1686378
FMC,2015-08-31,28.599111557006836,36.69557571411133,37.059844970703125,36.019081115722656,36.70425033569336,1307733
FMC,2015-09-01,27.402679443359375,35.16044998168945,36.175193786621094,35.02168273925781,35.784908294677734,1474918
FMC,2015-09-02,28.193540573120117,36.175193786621094,36.175193786621094,34.7528190612793,35.698177337646484,2110105
FMC,2015-09-03,28.599111557006836,36.69557571411133,36.94709396362305,36.105812072753906,36.409366607666016,1544674
FMC,2015-09-04,28.03807258605957,35.97571563720703,36.270599365234375,35.758888244628906,36.19253921508789,1522767
FMC,2015-09-08,28.612613677978516,36.712921142578125,36.90372848510742,36.348655700683594,36.60884475708008,1183093
FMC,2015-09-09,27.93668556213379,35.845619201660156,37.276668548583984,35.758888244628906,37.00780487060547,916289
FMC,2015-09-10,27.93668556213379,35.845619201660156,36.03642654418945,35.21249008178711,35.732872009277344,1318110
FMC,2015-09-11,28.119190216064453,36.07979202270508,36.270599365234375,35.620121002197266,35.71552658081055,1277755
FMC,2015-09-14,27.240461349487305,34.95229721069336,36.07979202270508,34.78750991821289,35.99306106567383,1224025
FMC,2015-09-15,27.21341896057129,34.917606353759766,35.32523727416992,34.7181282043457,35.13443374633789,2196580
FMC,2015-09-16,27.118785858154297,34.79618453979492,35.35993194580078,34.7528190612793,34.97831726074219,2783457
FMC,2015-09-17,26.21978759765625,33.642669677734375,35.004337310791016,33.564613342285156,34.856895446777344,3101916
FMC,2015-09-18,25.5235652923584,32.749351501464844,33.74674987792969,32.59323501586914,33.61665344238281,4823114
FMC,2015-09-21,25.347822189331055,32.52384948730469,33.104942321777344,32.36773681640625,32.888118743896484,2505238
FMC,2015-09-22,25.04364776611328,32.13356399536133,32.2636604309082,31.847354888916016,32.04683303833008,4209027
FMC,2015-09-23,24.57048797607422,31.526453018188477,32.749351501464844,31.405029296875,32.44579315185547,2819085
FMC,2015-09-24,23.63768768310547,30.329574584960938,31.066781997680664,29.84388542175293,31.006071090698242,3337935
FMC,2015-09-25,23.29296112060547,29.887250900268555,30.80659294128418,29.722463607788086,30.615785598754883,1814591
FMC,2015-09-28,22.406606674194336,28.612316131591797,30.25151824951172,28.25672149658203,29.358196258544922,3045765
FMC,2015-09-29,22.365863800048828,28.560277938842773,29.332176208496094,28.334779739379883,28.612316131591797,2531757
FMC,2015-09-30,23.031471252441406,29.410234451293945,29.661752700805664,28.82914161682129,28.837814331054688,2283862
FMC,2015-10-01,23.00429916381836,29.37554168701172,29.74848175048828,29.1153507232666,29.488290786743164,2491518
FMC,2015-10-02,23.80575180053711,30.398958206176758,30.40763282775879,28.872507095336914,28.967910766601562,1775966
FMC,2015-10-05,24.328733444213867,31.066781997680664,31.50043487548828,30.54640007019043,30.607112884521484,2134780
FMC,2015-10-06,24.613996505737305,31.431049346923828,31.89072036743164,30.936687469482422,31.058109283447266,2775963
FMC,2015-10-07,25.35431480407715,32.376407623291016,32.42844772338867,31.26626205444336,31.33564567565918,3243389
FMC,2015-10-08,26.284812927246094,33.564613342285156,33.980918884277344,32.20294952392578,32.27233123779297,3286281
FMC,2015-10-09,26.13538360595703,33.37380599975586,33.86817169189453,32.9661750793457,33.62532424926758,1873164
FMC,2015-10-12,25.490154266357422,32.549869537353516,33.330440521240234,32.185604095458984,33.29574966430664,1306003
FMC,2015-10-13,24.688701629638672,31.526453018188477,31.786643981933594,30.190807342529297,30.190807342529297,6842133
FMC,2015-10-14,26.176136016845703,33.425846099853516,33.8421516418457,31.240243911743164,31.387683868408203,3529679
FMC,2015-10-15,25.84333038330078,33.0008659362793,33.68603515625,31.916738510131836,33.39115524291992,3228285
FMC,2015-10-16,25.673532485961914,32.78404235839844,33.14830780029297,32.575889587402344,33.14830780029297,1356620
FMC,2015-10-19,25.442607879638672,32.489158630371094,33.07892608642578,32.20294952392578,32.376407623291016,1657668
FMC,2015-10-20,25.490154266357422,32.549869537353516,33.1396369934082,32.237640380859375,32.44579315185547,2138700
FMC,2015-10-21,24.729454040527344,31.5784912109375,32.627925872802734,31.526453018188477,32.627925872802734,2385788
FMC,2015-10-22,25.37469482421875,32.402427673339844,32.67129135131836,31.873374938964844,31.96877670288086,1871896
FMC,2015-10-23,25.469776153564453,32.52384948730469,32.85342788696289,32.4371223449707,32.73200225830078,1286633
FMC,2015-10-26,25.075849533081055,32.020816802978516,32.662620544433594,31.951431274414062,32.42844772338867,1032742
FMC,2015-10-27,24.64794921875,31.474414825439453,32.34171676635742,31.127492904663086,32.34171676635742,1583300
FMC,2015-10-28,25.483356475830078,32.54119873046875,32.59323501586914,31.361665725708008,31.604509353637695,1995728
FMC,2015-10-29,27.011554718017578,34.49262619018555,34.70945358276367,31.5784912109375,32.14223861694336,4897713
FMC,2015-10-30,27.649991989135742,35.307891845703125,35.98439025878906,34.50130081176758,34.62272262573242,4348540
FMC,2015-11-02,27.969207763671875,35.71552658081055,36.010406494140625,35.36860275268555,35.37727737426758,2640024
FMC,2015-11-03,28.09825897216797,35.880313873291016,36.50476837158203,35.4206428527832,35.620121002197266,1788303
FMC,2015-11-04,28.19333839416504,36.00173568725586,36.808326721191406,35.758888244628906,35.90633010864258,1488638
FMC,2015-11-05,28.166170120239258,35.967041015625,36.38334655761719,35.77623748779297,35.86296463012695,1576728
FMC,2015-11-06,27.853748321533203,35.568084716796875,36.019081115722656,35.056373596191406,35.698177337646484,1270145
FMC,2015-11-09,27.575279235839844,35.21249008178711,35.68083190917969,34.778839111328125,35.44666290283203,1118295
FMC,2015-11-10,27.27642822265625,34.830875396728516,35.19514465332031,34.48395538330078,35.06504821777344,799260
FMC,2015-11-11,27.0047550201416,34.48395538330078,34.96097183227539,34.23243713378906,34.87424087524414,883890
FMC,2015-11-12,26.997961044311523,34.47528076171875,34.82220458984375,33.8768424987793,34.05897521972656,1223448
FMC,2015-11-13,27.568479537963867,35.20381546020508,35.646141052246094,34.379878997802734,34.45793533325195,1160840
FMC,2015-11-16,28.172969818115234,35.97571563720703,36.06244659423828,35.11708450317383,35.18647003173828,1409427
FMC,2015-11-17,28.471818923950195,36.357330322265625,36.75628662109375,35.67216110229492,36.045101165771484,1834769
FMC,2015-11-18,29.225717544555664,37.32003402709961,37.60624313354492,36.45273208618164,36.47007751464844,3707587
FMC,2015-11-19,28.940460205078125,36.95576858520508,37.5455322265625,36.8603630065918,37.189937591552734,804448
FMC,2015-11-20,28.46503257751465,36.348655700683594,37.16392135620117,36.270599365234375,37.051170349121094,1035509
FMC,2015-11-23,28.45823097229004,36.33998489379883,36.73027038574219,35.99306106567383,36.27927017211914,1149541
FMC,2015-11-24,28.967618942260742,36.99045944213867,37.137901306152344,35.871639251708984,36.24457931518555,1365729
FMC,2015-11-25,29.021974563598633,37.059844970703125,37.363399505615234,36.68690490722656,36.886383056640625,840076
FMC,2015-11-27,28.655193328857422,36.59149932861328,37.32003402709961,36.38334655761719,36.94709396362305,298627
FMC,2015-11-30,29.184982299804688,37.26799774169922,37.61491775512695,36.61751937866211,36.73894119262695,1731691
FMC,2015-12-01,28.50577735900879,36.40069580078125,37.44145584106445,36.097137451171875,37.44145584106445,1353046
FMC,2015-12-02,27.94203758239746,35.68083190917969,37.137901306152344,35.559410095214844,36.2966194152832,1728347
FMC,2015-12-03,28.471818923950195,36.357330322265625,36.834346771240234,35.72419738769531,35.83694839477539,1881235
FMC,2015-12-04,28.825000762939453,36.808326721191406,37.025150299072266,35.97571563720703,36.36600112915039,1321684
FMC,2015-12-07,28.125425338745117,35.91500473022461,36.60017395019531,35.58543014526367,36.51344299316406,1493250
FMC,2015-12-08,27.174556732177734,34.700782775878906,35.758888244628906,34.683433532714844,35.55073547363281,1758094
FMC,2015-12-09,27.500574111938477,35.11708450317383,36.16652297973633,34.80485534667969,35.01300811767578,2148385
FMC,2015-12-10,26.814577102661133,34.241111755371094,35.21249008178711,34.16305160522461,34.93495178222656,1359733
FMC,2015-12-11,25.816164016723633,32.9661750793457,33.66001510620117,32.84475326538086,33.43452072143555,1613278
FMC,2015-12-14,25.170934677124023,32.14223861694336,32.940155029296875,31.595836639404297,32.940155029296875,2603128
FMC,2015-12-15,25.734663009643555,32.862098693847656,32.92280960083008,32.2636604309082,32.52384948730469,1728693
FMC,2015-12-16,26.27122688293457,33.54726791381836,33.6686897277832,32.76669692993164,32.99219512939453,1390057
FMC,2015-12-17,25.4969425201416,32.55854415893555,33.61665344238281,32.44579315185547,33.49523162841797,1631034
FMC,2015-12-18,25.76182746887207,32.89678955078125,33.26105880737305,32.30702590942383,32.39375686645508,2586640
FMC,2015-12-21,25.97238540649414,33.165653228759766,33.85082244873047,32.89678955078125,33.14830780029297,1408735
FMC,2015-12-22,26.658363342285156,34.041629791259766,34.353858947753906,33.22636413574219,33.3477897644043,1029053
FMC,2015-12-23,27.69753074645996,35.36860275268555,35.758888244628906,34.36253356933594,34.42324447631836,1105266
FMC,2015-12-24,27.561687469482422,35.19514465332031,35.51604461669922,34.93495178222656,35.42931365966797,419000
FMC,2015-12-28,27.120216369628906,34.63139724731445,35.06504821777344,34.518646240234375,34.96097183227539,818861
FMC,2015-12-29,27.546480178833008,35.030357360839844,35.23850631713867,34.40589904785156,34.78750991821289,834887
FMC,2015-12-30,27.069061279296875,34.42324447631836,35.169124603271484,34.40589904785156,34.830875396728516,723508
FMC,2015-12-31,26.687135696411133,33.93755340576172,34.614051818847656,33.93755340576172,34.24978256225586,805716
FMC,2016-01-04,25.9028263092041,32.940155029296875,33.05290603637695,32.08152770996094,32.7927131652832,2017058
FMC,2016-01-05,25.630020141601562,32.59323501586914,33.43452072143555,32.38508224487305,32.99219512939453,1630342
FMC,2016-01-06,24.56608009338379,31.240243911743164,32.08152770996094,31.032089233398438,31.994796752929688,1671965
FMC,2016-01-07,24.368297576904297,30.988725662231445,31.42237663269043,30.268863677978516,30.78924560546875,2487598
FMC,2016-01-08,24.327377319335938,30.936687469482422,31.682567596435547,30.8673038482666,31.17085838317871,1785536
FMC,2016-01-11,23.979551315307617,30.49436378479004,31.19687843322754,30.24284553527832,31.058109283447266,1732037
FMC,2016-01-12,24.24553871154785,30.832611083984375,31.08412742614746,30.06938362121582,30.95403289794922,1460159
FMC,2016-01-13,23.413484573364258,29.77450180053711,31.240243911743164,29.60971450805664,30.8759765625,1452665
FMC,2016-01-14,24.115951538085938,30.667823791503906,30.815265655517578,29.349523544311523,29.887250900268555,1705056
FMC,2016-01-15,23.89771270751953,30.39028549194336,30.56374740600586,29.653078079223633,29.713790893554688,1675540
FMC,2016-01-19,23.740842819213867,30.190807342529297,30.80659294128418,29.479618072509766,30.763225555419922,1948224
FMC,2016-01-20,23.740842819213867,30.190807342529297,30.38161277770996,29.011274337768555,29.77450180053711,1961138
FMC,2016-01-21,23.94544792175293,30.45099639892578,31.066781997680664,30.0,30.0,1837306
FMC,2016-01-22,24.040929794311523,30.572420120239258,31.32697296142578,30.0,30.910667419433594,1996189
FMC,2016-01-25,22.9497127532959,29.184734344482422,30.442323684692383,29.167388916015625,30.277536392211914,1094774
FMC,2016-01-26,23.754491806030273,30.208152770996094,30.329574584960938,29.349523544311523,29.46227264404297,1441942
FMC,2016-01-27,23.672649383544922,30.104076385498047,31.02341651916504,29.878578186035156,29.982654571533203,1297586
FMC,2016-01-28,23.611263275146484,30.026018142700195,30.581092834472656,29.653078079223633,30.442323684692383,772164
FMC,2016-01-29,24.361474990844727,30.980052947998047,31.02341651916504,30.0,30.22549819946289,1124406
FMC,2016-02-01,24.327377319335938,30.936687469482422,31.01474380493164,29.783174514770508,30.572420120239258,1270030
FMC,2016-02-02,23.549880981445312,29.947961807250977,30.641803741455078,29.75715446472168,30.53772735595703,1382447
FMC,2016-02-03,24.60700225830078,31.292280197143555,31.300954818725586,29.44492530822754,30.364267349243164,1033780
FMC,2016-02-04,25.643657684326172,32.61058044433594,34.032958984375,31.431049346923828,31.457069396972656,2211454
FMC,2016-02-05,25.200353622436523,32.04683303833008,33.20901870727539,31.89939308166504,32.497833251953125,1186552
FMC,2016-02-08,23.836322784423828,30.31222915649414,31.74327850341797,29.705116271972656,31.682567596435547,2021209
FMC,2016-02-09,23.549880981445312,29.947961807250977,30.45966911315918,29.349523544311523,29.965307235717773,3950870
FMC,2016-02-10,23.33163833618164,29.670425415039062,31.01474380493164,29.627059936523438,30.208152770996094,1496018
FMC,2016-02-11,22.867868423461914,29.080659866333008,29.791847229003906,27.96183967590332,29.071985244750977,2503163
FMC,2016-02-12,23.89771270751953,30.39028549194336,30.45099639892578,28.551605224609375,29.071985244750977,1412540
FMC,2016-02-16,25.091230392456055,31.908065795898438,31.96010398864746,29.982654571533203,30.45099639892578,2300350
FMC,2016-02-17,25.82098960876465,32.83607864379883,33.46921157836914,32.185604095458984,32.30702590942383,1569925
FMC,2016-02-18,25.295839309692383,32.16825866699219,33.09627151489258,31.708585739135742,33.035560607910156,1411618
FMC,2016-02-19,24.51834487915039,31.17953109741211,32.02948760986328,31.10147476196289,32.02948760986328,791189
FMC,2016-02-22,25.80052375793457,32.810062408447266,32.81873321533203,31.431049346923828,31.49176025390625,1488408
FMC,2016-02-23,24.98893165588379,31.777971267700195,33.06157684326172,31.5784912109375,32.497833251953125,1079439
FMC,2016-02-24,25.227632522583008,32.08152770996094,32.21162033081055,30.94536018371582,31.25758934020996,788652
FMC,2016-02-25,25.493616104125977,32.41977310180664,32.4371223449707,31.439722061157227,32.12489318847656,742532
FMC,2016-02-26,25.957386016845703,33.00954055786133,33.339115142822266,32.55854415893555,32.74067687988281,1084858
FMC,2016-02-29,25.670936584472656,32.64527130126953,33.39982604980469,32.64527130126953,32.948829650878906,1550554
FMC,2016-03-01,26.17563819885254,33.287078857421875,33.39982604980469,32.801387786865234,33.05290603637695,1087279
FMC,2016-03-02,25.91646385192871,32.95750045776367,33.31309509277344,32.59323501586914,32.775367736816406,1536949
FMC,2016-03-03,26.332496643066406,33.48655700683594,33.58195877075195,32.575889587402344,32.76669692993164,1587105
FMC,2016-03-04,27.607860565185547,35.10841369628906,36.2966194152832,33.53859329223633,33.642669677734375,2424990
FMC,2016-03-07,27.832927703857422,35.394622802734375,36.25325012207031,34.96097183227539,35.13443374633789,1638413
FMC,2016-03-08,26.400691986083984,33.57328796386719,35.20381546020508,33.1396369934082,35.01300811767578,1765935
FMC,2016-03-09,26.557552337646484,33.77276611328125,34.50130081176758,33.75542068481445,33.80746078491211,1653287
FMC,2016-03-10,26.741701126098633,34.00693893432617,34.518646240234375,33.49523162841797,33.91153335571289,1099962
FMC,2016-03-11,27.382793426513672,34.82220458984375,35.2471809387207,34.518646240234375,34.518646240234375,1389019
FMC,2016-03-14,27.32823371887207,34.7528190612793,35.07372283935547,34.388553619384766,34.64006805419922,1064334
FMC,2016-03-15,26.680322647094727,33.92888259887695,34.55333709716797,33.75542068481445,34.40589904785156,818861
FMC,2016-03-16,27.40325355529785,34.84822082519531,34.917606353759766,33.83347702026367,33.8768424987793,761787
FMC,2016-03-17,28.173927307128906,35.82827377319336,36.07111740112305,34.917606353759766,34.93495178222656,1011296
FMC,2016-03-18,27.88748550415039,35.46400833129883,36.36600112915039,35.36860275268555,36.03642654418945,1224601
FMC,2016-03-21,28.180753707885742,35.83694839477539,36.1231575012207,35.472679138183594,35.481353759765625,869131
FMC,2016-03-22,28.460372924804688,36.19253921508789,36.38334655761719,35.44666290283203,35.49002456665039,1312806
FMC,2016-03-23,28.228483200073242,35.89765930175781,36.27927017211914,35.758888244628906,35.94102478027344,1203156
FMC,2016-03-24,27.655595779418945,35.169124603271484,35.784908294677734,34.778839111328125,35.568084716796875,1485525
FMC,2016-03-28,27.860193252563477,35.42931365966797,36.261924743652344,34.908931732177734,35.221160888671875,1376106
FMC,2016-03-29,28.11699867248535,35.611446380615234,35.63746643066406,34.466609954833984,35.07372283935547,1000112
FMC,2016-03-30,28.26763916015625,35.80225372314453,36.45273208618164,35.732872009277344,36.045101165771484,1583300
FMC,2016-03-31,27.644493103027344,35.01300811767578,35.83694839477539,34.70945358276367,35.80225372314453,1252619
FMC,2016-04-01,27.58971405029297,34.943626403808594,34.995662689208984,34.18907165527344,34.614051818847656,1117603
FMC,2016-04-04,26.843307495117188,33.99826431274414,34.88291549682617,33.738075256347656,34.778839111328125,1341977
FMC,2016-04-05,26.131132125854492,33.09627151489258,34.01560974121094,33.04423141479492,33.6686897277832,1769048
FMC,2016-04-06,25.93254852294922,32.84475326538086,33.21769332885742,32.020816802978516,32.99219512939453,1782077
FMC,2016-04-07,25.268310546875,32.00346755981445,32.70598220825195,31.847354888916016,32.70598220825195,1630342
FMC,2016-04-08,25.665485382080078,32.50650405883789,32.888118743896484,32.237640380859375,32.4371223449707,1353276
FMC,2016-04-11,25.603858947753906,32.42844772338867,32.95750045776367,32.27233123779297,32.723331451416016,1194047
FMC,2016-04-12,26.021570205688477,32.95750045776367,33.113616943359375,32.4371223449707,32.549869537353516,907642
FMC,2016-04-13,27.13091278076172,34.36253356933594,34.388553619384766,33.29574966430664,33.39982604980469,1261497
FMC,2016-04-14,27.062437057495117,34.27580261230469,34.56201171875,33.8421516418457,34.50130081176758,2739874
FMC,2016-04-15,27.322654724121094,34.605377197265625,34.84822082519531,34.19774627685547,34.39722442626953,1869359
FMC,2016-04-18,27.480140686035156,34.80485534667969,34.908931732177734,34.28447341918945,34.56201171875,1537410
FMC,2016-04-19,28.630573272705078,36.261924743652344,36.261924743652344,34.856895446777344,34.95229721069336,2079897
FMC,2016-04-20,29.308504104614258,37.12055587768555,37.450130462646484,36.08846664428711,36.25325012207031,1890113
FMC,2016-04-21,29.308504104614258,37.12055587768555,38.08325958251953,36.75628662109375,36.77363586425781,2445052
FMC,2016-04-22,29.41122055053711,37.250648498535156,37.82307052612305,37.059844970703125,37.29401779174805,1086011
FMC,2016-04-25,29.219484329223633,37.00780487060547,37.623592376708984,36.877708435058594,37.12922668457031,1146774
FMC,2016-04-26,29.630348205566406,37.5281867980957,37.597572326660156,37.00780487060547,37.08586120605469,1109993
FMC,2016-04-27,30.198719024658203,38.248050689697266,38.456199645996094,37.45880126953125,37.46747589111328,1443095
FMC,2016-04-28,29.801551818847656,37.74501419067383,38.28274154663086,37.536861419677734,37.74501419067383,1293666
FMC,2016-04-29,29.623497009277344,37.51951217651367,37.814395904541016,37.10321044921875,37.5455322265625,1802946
FMC,2016-05-02,29.87002182006836,37.83174133300781,37.849090576171875,37.06851577758789,37.510841369628906,1860827
FMC,2016-05-03,32.403690338134766,41.04076385498047,41.12749481201172,37.83174133300781,37.83174133300781,4896099
FMC,2016-05-04,32.48588562011719,41.144840240478516,41.483089447021484,40.48569107055664,40.84995651245117,2439172
FMC,2016-05-05,32.55436706542969,41.231571197509766,42.02948760986328,41.12749481201172,41.5611457824707,2223906
FMC,2016-05-06,32.86935043334961,41.63052749633789,41.795318603515625,41.07545471191406,41.18820571899414,1626191
FMC,2016-05-09,31.910669326782227,40.41630554199219,41.50910568237305,40.381614685058594,41.37900924682617,1629766
FMC,2016-05-10,32.28044891357422,40.884647369384766,41.110145568847656,40.32090377807617,40.581092834472656,3241314
FMC,2016-05-11,32.1845703125,40.76322555541992,41.18820571899414,40.693843841552734,40.8933219909668,2175711
FMC,2016-05-12,32.17772674560547,40.754554748535156,42.185604095458984,40.64180374145508,41.68256759643555,2271871
FMC,2016-05-13,31.49980354309082,39.89592361450195,40.90199661254883,39.89592361450195,40.754554748535156,1470652
FMC,2016-05-16,32.1845703125,40.76322555541992,40.95403289794922,39.956634521484375,40.130096435546875,2260918
FMC,2016-05-17,32.28728485107422,40.8933219909668,41.543800354003906,40.64180374145508,40.71118927001953,2720734
FMC,2016-05-18,31.253276824951172,39.58369445800781,40.94535827636719,39.54032897949219,40.607112884521484,2173290
FMC,2016-05-19,31.30121421813965,39.644405364990234,39.97397994995117,38.941890716552734,39.37554168701172,2279481
FMC,2016-05-20,31.842201232910156,40.32957458496094,40.78924560546875,39.93928909301758,39.99132537841797,1875355
FMC,2016-05-23,32.48588562011719,41.144840240478516,41.72593307495117,40.24284362792969,40.32957458496094,2660548
FMC,2016-05-24,32.410545349121094,41.049434661865234,41.63052749633789,40.884647369384766,41.50043487548828,2153343
FMC,2016-05-25,33.12957763671875,41.960105895996094,42.33304214477539,41.084129333496094,41.222896575927734,2705169
FMC,2016-05-26,32.76664352416992,41.50043487548828,42.33304214477539,41.27493667602539,42.13356399536133,1515042
FMC,2016-05-27,32.95152282714844,41.73460388183594,41.838680267333984,41.26626205444336,41.448394775390625,970250
FMC,2016-05-31,32.52012634277344,41.18820571899414,41.88204574584961,41.170860290527344,41.795318603515625,1232903
FMC,2016-06-01,32.657073974609375,41.361663818359375,41.37900924682617,40.10407638549805,41.18820571899414,1612471
FMC,2016-06-02,32.876197814941406,41.63920211791992,41.65654754638672,40.78057098388672,41.18820571899414,1042543
FMC,2016-06-03,33.4514045715332,42.36773681640625,42.497833251953125,41.613182067871094,41.71725845336914,1961599
FMC,2016-06-06,34.0129280090332,43.07892608642578,43.365135192871094,42.376407623291016,42.54119873046875,1590448
FMC,2016-06-07,34.054012298583984,43.13096237182617,43.55594253540039,42.801387786865234,43.1396369934082,1261728
FMC,2016-06-08,34.547061920166016,43.75542068481445,43.8594970703125,43.14830780029297,43.39982604980469,3083814
FMC,2016-06-09,34.47856903076172,43.6686897277832,43.79878616333008,42.940155029296875,43.330440521240234,2170984
FMC,2016-06-10,34.006072998046875,43.07025146484375,43.191673278808594,42.107547760009766,43.018211364746094,1452780
FMC,2016-06-13,33.13641357421875,41.96877670288086,43.38248062133789,41.95143127441406,42.93148422241211,1458430
FMC,2016-06-14,32.965232849121094,41.751949310302734,42.20294952392578,41.30095291137695,41.760623931884766,1069292
FMC,2016-06-15,33.26652908325195,42.13356399536133,42.73200225830078,41.751949310302734,42.020816802978516,938888
FMC,2016-06-16,33.554134368896484,42.497833251953125,42.52384948730469,41.144840240478516,41.751949310302734,1026055
FMC,2016-06-17,33.06793975830078,41.88204574584961,42.89678955078125,41.82133483886719,42.67129135131836,2069750
FMC,2016-06-20,33.29391098022461,42.16825866699219,43.32176971435547,42.11621856689453,42.463138580322266,2088775
FMC,2016-06-21,33.02685546875,41.83000946044922,42.16825866699219,41.4223747253418,42.16825866699219,1918823
FMC,2016-06-22,33.369232177734375,42.2636604309082,42.862098693847656,41.99479675292969,42.04683303833008,1732267
FMC,2016-06-23,33.759559631347656,42.75802230834961,43.026885986328125,42.463138580322266,42.688636779785156,1904295
FMC,2016-06-24,30.897193908691406,39.13269805908203,41.68256759643555,39.01127624511719,41.21422576904297,2163720
FMC,2016-06-27,28.904497146606445,36.60884475708008,38.75975799560547,36.25325012207031,38.75975799560547,2768238
FMC,2016-06-28,30.083494186401367,37.95316696166992,38.02254867553711,36.95576858520508,37.250648498535156,2204651
FMC,2016-06-29,31.176563262939453,39.332176208496094,39.53165817260742,38.39548873901367,38.542930603027344,1547672
FMC,2016-06-30,31.836536407470703,40.16478729248047,40.16478729248047,38.81179428100586,39.470943450927734,1530262
FMC,2016-07-01,31.664670944213867,39.94796371459961,40.8933219909668,39.791847229003906,40.07805633544922,1305427
FMC,2016-07-05,30.72970199584961,38.768428802490234,39.67042541503906,38.62099075317383,39.67042541503906,1849643
FMC,2016-07-06,30.358482360839844,38.300086975097656,38.64700698852539,37.51951217651367,38.560279846191406,2930234
FMC,2016-07-07,30.79845428466797,38.855159759521484,39.418907165527344,38.49956512451172,38.551605224609375,885619
FMC,2016-07-08,31.953393936157227,40.31222915649414,40.442325592041016,39.40156173706055,39.40156173706055,1179865
FMC,2016-07-11,31.912151336669922,40.26019287109375,40.8759765625,40.24284362792969,40.50303649902344,878471
FMC,2016-07-12,33.05333709716797,41.699913024902344,42.012142181396484,40.76322555541992,40.76322555541992,1439521
FMC,2016-07-13,33.197715759277344,41.88204574584961,42.020816802978516,41.37900924682617,41.88204574584961,1363653
FMC,2016-07-14,33.43832778930664,42.185604095458984,42.662620544433594,41.94275665283203,42.42844772338867,1238668
FMC,2016-07-15,33.589569091796875,42.376407623291016,42.60190963745117,42.00346755981445,42.27233123779297,1105035
FMC,2016-07-18,33.672061920166016,42.48048782348633,42.51517868041992,41.5958366394043,42.20294952392578,839730
FMC,2016-07-19,33.287086486816406,41.99479675292969,42.497833251953125,41.925411224365234,42.33304214477539,1356620
FMC,2016-07-20,33.4658317565918,42.22029495239258,42.27233123779297,41.71725845336914,42.020816802978516,1749216
FMC,2016-07-21,32.99147415161133,41.621856689453125,42.28968048095703,41.370338439941406,42.11621856689453,830506
FMC,2016-07-22,33.08770751953125,41.74327850341797,42.08152770996094,41.27493667602539,41.50910568237305,752678
FMC,2016-07-25,32.96397018432617,41.58716583251953,41.91674041748047,41.35299301147461,41.73460388183594,1254579
FMC,2016-07-26,33.548309326171875,42.324371337890625,42.41977310180664,41.58716583251953,41.69123840332031,1369188
FMC,2016-07-27,33.149574279785156,41.82133483886719,42.50650405883789,41.41370391845703,42.2983512878418,943615
FMC,2016-07-28,33.03959274291992,41.68256759643555,41.925411224365234,41.16218566894531,41.66522216796875,760404
FMC,2016-07-29,32.68211364746094,41.231571197509766,41.448394775390625,40.58976745605469,41.448394775390625,1223794
FMC,2016-08-01,32.489620208740234,40.98872375488281,41.231571197509766,40.41630554199219,41.18820571899414,1063643
FMC,2016-08-02,32.07027053833008,40.45967102050781,41.049434661865234,40.07805633544922,40.98005294799805,1271874
FMC,2016-08-03,33.135841369628906,41.80398941040039,42.36773681640625,39.58369445800781,40.32090377807617,2529221
FMC,2016-08-04,33.266448974609375,41.96877670288086,42.12489318847656,41.543800354003906,41.760623931884766,1389596
FMC,2016-08-05,33.17021560668945,41.847354888916016,42.39375686645508,41.80398941040039,42.315696716308594,1072982
FMC,2016-08-08,33.307708740234375,42.020816802978516,42.28968048095703,41.74327850341797,41.960105895996094,764900
FMC,2016-08-09,32.94334411621094,41.5611457824707,42.21162033081055,41.46574020385742,42.150909423828125,996307
FMC,2016-08-10,32.915855407714844,41.526451110839844,41.90806579589844,41.31829833984375,41.7692985534668,570850
FMC,2016-08-11,33.23897171020508,41.934085845947266,42.04683303833008,41.439720153808594,41.64787673950195,870400
FMC,2016-08-12,32.757728576660156,41.32697296142578,42.00346755981445,41.196876525878906,41.72593307495117,1262650
FMC,2016-08-15,33.197715759277344,41.88204574584961,42.13356399536133,41.370338439941406,41.58716583251953,981664
FMC,2016-08-16,32.675235748291016,41.222896575927734,42.22896957397461,41.170860290527344,42.00346755981445,940963
FMC,2016-08-17,32.310882568359375,40.76322555541992,41.27493667602539,40.30355453491211,41.21422576904297,1142623
FMC,2016-08-18,32.688987731933594,41.24024200439453,41.35299301147461,40.78057098388672,40.841285705566406,623081
FMC,2016-08-19,32.86772155761719,41.46574020385742,41.55247116088867,40.832611083984375,40.98005294799805,884697
FMC,2016-08-22,32.7096061706543,41.26626205444336,41.483089447021484,41.01474380493164,41.27493667602539,617432
FMC,2016-08-23,33.12897491455078,41.795318603515625,42.064178466796875,41.63920211791992,41.673892974853516,610744
FMC,2016-08-24,32.3177604675293,40.77190017700195,41.73460388183594,40.667823791503906,41.64787673950195,693530
FMC,2016-08-25,32.42774963378906,40.910667419433594,41.21422576904297,40.76322555541992,40.77190017700195,701139
FMC,2016-08-26,32.00839614868164,40.381614685058594,41.34431838989258,40.22549819946289,41.21422576904297,1104805
FMC,2016-08-29,32.468997955322266,40.96270751953125,41.144840240478516,40.33824920654297,40.33824920654297,1382216
FMC,2016-08-30,32.58586502075195,41.110145568847656,41.80398941040039,40.93668746948242,40.971378326416016,979474
FMC,2016-08-31,32.2696418762207,40.71118927001953,40.8933219909668,40.1734619140625,40.8933219909668,1047270
FMC,2016-09-01,32.10464096069336,40.50303649902344,40.884647369384766,40.15611267089844,40.76322555541992,801566
FMC,2016-09-02,32.66147232055664,41.20555114746094,41.24024200439453,40.72853469848633,40.94535827636719,865096
FMC,2016-09-06,32.11151885986328,40.5117073059082,41.457069396972656,40.346920013427734,41.27493667602539,602097
FMC,2016-09-07,32.24900436401367,40.6851692199707,40.78924560546875,40.23417282104492,40.31222915649414,686381
FMC,2016-09-08,32.5789909362793,41.10147476196289,41.11882019042969,40.346920013427734,40.6851692199707,1236362
FMC,2016-09-09,30.839698791503906,38.90719985961914,40.96270751953125,38.64700698852539,40.745880126953125,1823008
FMC,2016-09-12,31.699031829833984,39.99132537841797,40.043365478515625,38.50823974609375,38.62099075317383,1119448
FMC,2016-09-13,30.880958557128906,38.95923614501953,39.791847229003906,38.716392517089844,39.41023254394531,1424647
FMC,2016-09-14,31.9671630859375,40.32957458496094,40.32957458496094,38.863834381103516,39.09800338745117,2184589
FMC,2016-09-15,32.606483459472656,41.136165618896484,41.21422576904297,39.92194366455078,40.0,2000686
FMC,2016-09-16,32.853981018066406,41.448394775390625,41.838680267333984,40.71118927001953,40.71118927001953,4147918
FMC,2016-09-19,32.84710693359375,41.439720153808594,41.934085845947266,41.405029296875,41.873374938964844,1234632
FMC,2016-09-20,32.54463195800781,41.058109283447266,41.85602951049805,41.049434661865234,41.71725845336914,932546
FMC,2016-09-21,33.3970832824707,42.13356399536133,42.22896957397461,41.37900924682617,41.483089447021484,859562
FMC,2016-09-22,33.61707305908203,42.411102294921875,42.61058044433594,42.28968048095703,42.42844772338867,625272
FMC,2016-09-23,33.403953552246094,42.14223861694336,42.497833251953125,41.91674041748047,42.16825866699219,848608
FMC,2016-09-26,33.018959045410156,41.65654754638672,42.2983512878418,41.621856689453125,42.072853088378906,612243
FMC,2016-09-27,33.23897171020508,41.934085845947266,42.00346755981445,41.405029296875,41.457069396972656,873398
FMC,2016-09-28,33.483848571777344,42.098873138427734,42.159584045410156,41.29228210449219,41.81266403198242,1358811
FMC,2016-09-29,33.27690505981445,41.838680267333984,42.402427673339844,41.69123840332031,41.86470031738281,917096
FMC,2016-09-30,33.34587478637695,41.925411224365234,42.59323501586914,41.899391174316406,42.11621856689453,882622
FMC,2016-10-03,33.18722915649414,41.72593307495117,41.925411224365234,41.309627532958984,41.81266403198242,694683
FMC,2016-10-04,32.573280334472656,40.95403289794922,41.90806579589844,40.8586311340332,41.708587646484375,771934
FMC,2016-10-05,32.95957946777344,41.439720153808594,41.95143127441406,41.03208923339844,41.361663818359375,750142
FMC,2016-10-06,33.14583969116211,41.673892974853516,41.751949310302734,41.25758743286133,41.27493667602539,626310
FMC,2016-10-07,32.904396057128906,41.370338439941406,41.95143127441406,41.084129333496094,41.88204574584961,747259
FMC,2016-10-10,33.0009765625,41.49176025390625,42.22896957397461,41.46574020385742,41.838680267333984,388330
FMC,2016-10-11,32.59397888183594,40.98005294799805,41.29228210449219,40.63312911987305,41.170860290527344,635880
FMC,2016-10-12,32.42841720581055,40.77190017700195,41.04076385498047,40.7025146484375,40.98005294799805,683960
FMC,2016-10-13,31.980043411254883,40.208152770996094,40.41630554199219,39.69644546508789,40.24284362792969,1233479
FMC,2016-10-14,32.118003845214844,40.381614685058594,41.12749481201172,40.381614685058594,40.607112884521484,1032627
FMC,2016-10-17,32.01453399658203,40.25151824951172,41.283607482910156,40.216827392578125,41.283607482910156,1363077
FMC,2016-10-18,32.573280334472656,40.95403289794922,41.196876525878906,40.520381927490234,40.76322555541992,1327103
FMC,2016-10-19,33.056156158447266,41.5611457824707,41.69123840332031,40.77190017700195,41.10147476196289,566008
FMC,2016-10-20,33.17342758178711,41.708587646484375,41.90806579589844,41.20555114746094,41.283607482910156,529919
FMC,2016-10-21,32.731937408447266,41.15351486206055,41.439720153808594,40.94535827636719,41.231571197509766,700448
FMC,2016-10-24,33.00786590576172,41.50043487548828,41.5611457824707,41.16218566894531,41.439720153808594,755330
FMC,2016-10-25,32.65605926513672,41.058109283447266,41.543800354003906,40.8759765625,41.41370391845703,692953
FMC,2016-10-26,32.538787841796875,40.910667419433594,41.21422576904297,40.63312911987305,40.80659103393555,766630
FMC,2016-10-27,32.41462326049805,40.754554748535156,41.12749481201172,40.39896011352539,41.09280014038086,629653
FMC,2016-10-28,32.524986267089844,40.8933219909668,41.24891662597656,40.46834182739258,40.81526565551758,692838
FMC,2016-10-31,32.34564208984375,40.667823791503906,41.24891662597656,40.63312911987305,41.10147476196289,654097
FMC,2016-11-01,32.55948257446289,40.93668746948242,41.02341842651367,40.08673095703125,40.971378326416016,1297586
FMC,2016-11-02,31.79378318786621,39.97397994995117,40.8933219909668,39.817867279052734,40.754554748535156,1118179
FMC,2016-11-03,35.13251495361328,44.17172622680664,44.53599166870117,41.95143127441406,41.95143127441406,2883192
FMC,2016-11-04,36.18794250488281,45.49869918823242,46.31396484375,44.23243713378906,44.33651351928711,3584446
FMC,2016-11-07,36.967430114746094,46.47875213623047,46.77363586425781,45.932350158691406,46.348655700683594,1905333
FMC,2016-11-08,36.80876922607422,46.27927017211914,46.78230667114258,46.06244659423828,46.14917755126953,2570844
FMC,2016-11-09,37.42271041870117,47.051170349121094,47.14657211303711,45.316566467285156,45.54206466674805,2536254
FMC,2016-11-10,37.31922912597656,46.92107391357422,48.17866516113281,46.669559478759766,48.14397048950195,2797639
FMC,2016-11-11,36.13965606689453,45.43798828125,46.99045944213867,45.342586517333984,46.799652099609375,1786343
FMC,2016-11-14,36.39488983154297,45.758888244628906,45.932350158691406,45.307891845703125,45.706851959228516,1815975
FMC,2016-11-15,37.25026321411133,46.834346771240234,46.85169219970703,45.481353759765625,46.175193786621094,1513658
FMC,2016-11-16,36.905338287353516,46.40069580078125,46.95576858520508,46.235904693603516,46.8603630065918,898764
FMC,2016-11-17,37.11228561401367,46.660884857177734,46.93842315673828,46.28794479370117,46.61751937866211,756829
FMC,2016-11-18,37.264041900634766,46.85169219970703,46.981788635253906,46.51344299316406,46.548133850097656,1222065
FMC,2016-11-21,37.56757354736328,47.23330307006836,48.248050689697266,47.10321044921875,48.248050689697266,798568
FMC,2016-11-22,37.62965393066406,47.311363220214844,47.69297409057617,46.76496124267578,47.47615051269531,780235
FMC,2016-11-23,38.140132904052734,47.95316696166992,48.161319732666016,47.025150299072266,47.250648498535156,1113106
FMC,2016-11-25,38.01596450805664,47.79705047607422,48.11795425415039,47.64093780517578,47.95316696166992,261385
FMC,2016-11-28,38.03666305541992,47.82307052612305,48.300086975097656,47.718994140625,48.2307014465332,1075864
FMC,2016-11-29,37.80211639404297,47.5281867980957,48.26539611816406,47.48482131958008,47.60624313354492,985123
FMC,2016-11-30,38.712669372558594,48.67302703857422,48.768428802490234,47.5281867980957,47.849090576171875,1206384
FMC,2016-12-01,38.86444091796875,48.863834381103516,49.35819625854492,48.629661560058594,49.089332580566406,1523574
FMC,2016-12-02,38.99549865722656,49.028621673583984,49.53165817260742,48.473548889160156,48.777103424072266,927243
FMC,2016-12-05,39.257633209228516,49.35819625854492,49.73980712890625,49.167388916015625,49.470943450927734,995961
FMC,2016-12-06,39.07136917114258,49.1240234375,49.41023254394531,48.386817932128906,49.1066780090332,1405738
FMC,2016-12-07,40.16129684448242,50.494361877441406,50.529056549072266,49.23677444458008,49.23677444458008,958143
FMC,2016-12-08,40.69935607910156,51.170860290527344,51.21422576904297,50.50303649902344,50.64180374145508,609591
FMC,2016-12-09,40.56828689575195,51.00606918334961,51.439720153808594,50.55507278442383,51.15351486206055,635534
FMC,2016-12-12,40.54069519042969,50.971378326416016,52.03816223144531,50.93668746948242,51.60451126098633,1013372
FMC,2016-12-13,40.057823181152344,50.36426544189453,51.457069396972656,50.33824920654297,51.21422576904297,870976
FMC,2016-12-14,39.51287841796875,49.67909622192383,50.39896011352539,49.54032897949219,50.130096435546875,810905
FMC,2016-12-15,40.2095832824707,50.55507278442383,50.581092834472656,49.27146530151367,49.505638122558594,797184
FMC,2016-12-16,39.650840759277344,49.85255813598633,50.797916412353516,49.731136322021484,50.520381927490234,1500284
FMC,2016-12-19,39.41628646850586,49.557674407958984,50.14744186401367,49.34952163696289,49.731136322021484,744146
FMC,2016-12-20,39.33351516723633,49.45359802246094,49.791847229003906,49.15004348754883,49.66175079345703,580881
FMC,2016-12-21,39.44389343261719,49.592369079589844,49.93928909301758,49.21942901611328,49.54032897949219,554708
FMC,2016-12-22,39.3059196472168,49.418907165527344,49.58369445800781,48.89852523803711,49.470943450927734,512047
FMC,2016-12-23,39.105873107910156,49.167388916015625,49.470943450927734,48.89852523803711,49.40156173706055,470655
FMC,2016-12-27,39.540462493896484,49.71379089355469,49.80052185058594,49.245445251464844,49.332176208496094,947190
FMC,2016-12-28,39.19801712036133,49.1413688659668,50.130096435546875,49.089332580566406,50.02602005004883,469732
FMC,2016-12-29,39.2672004699707,49.22809982299805,49.67909622192383,48.87250518798828,49.262794494628906,526229
FMC,2016-12-30,39.12883758544922,49.05464172363281,49.69644546508789,48.87250518798828,49.392887115478516,686496
FMC,2017-01-03,39.4539909362793,49.46227264404297,50.095401763916016,48.9332160949707,49.63573455810547,795570
FMC,2017-01-04,40.27032470703125,50.48569107055664,50.56374740600586,49.63573455810547,49.731136322021484,804909
FMC,2017-01-05,40.422523498535156,50.67649459838867,51.32697296142578,50.23417282104492,50.346920013427734,916520
FMC,2017-01-06,40.3464241027832,50.581092834472656,50.971378326416016,50.346920013427734,50.71118927001953,771818
FMC,2017-01-09,40.0904541015625,50.26019287109375,50.98005294799805,50.1734619140625,50.55507278442383,718665
FMC,2017-01-10,39.91749572753906,50.043365478515625,50.54640197753906,49.783172607421875,50.381614685058594,856910
FMC,2017-01-11,40.63006591796875,50.93668746948242,50.94535827636719,49.93928909301758,50.14744186401367,920094
FMC,2017-01-12,41.017478942871094,51.4223747253418,51.47441482543945,50.45967102050781,51.10147476196289,898533
FMC,2017-01-13,41.00364303588867,51.405029296875,51.64787673950195,51.25758743286133,51.483089447021484,862213
FMC,2017-01-17,40.64390182495117,50.95403289794922,51.56981658935547,50.693843841552734,51.43104934692383,617201
FMC,2017-01-18,40.50553894042969,50.78057098388672,51.448394775390625,50.7025146484375,51.02341842651367,594256
FMC,2017-01-19,41.052059173583984,51.46574020385742,51.71725845336914,51.12749481201172,51.405029296875,1083705
FMC,2017-01-20,41.72312927246094,52.30702590942383,52.888118743896484,51.60451126098633,51.699913024902344,2772389
FMC,2017-01-23,42.02059555053711,52.67996597290039,52.74067687988281,52.03816223144531,52.05550765991211,1037585
FMC,2017-01-24,42.636322021484375,53.451866149902344,54.00693893432617,52.67996597290039,52.85342788696289,2112296
FMC,2017-01-25,43.14826202392578,54.09366989135742,54.22376251220703,53.46053695678711,53.77276611328125,1055226
FMC,2017-01-26,42.99604415893555,53.902862548828125,54.50130081176758,53.590633392333984,54.215091705322266,1341400
FMC,2017-01-27,42.71934509277344,53.55594253540039,54.08499526977539,53.330440521240234,53.86817169189453,932892
FMC,2017-01-30,41.854576110839844,52.4718132019043,53.417171478271484,51.95143127441406,53.417171478271484,1453472
FMC,2017-01-31,41.619354248046875,52.17692947387695,52.74067687988281,51.96877670288086,52.41977310180664,1263688
FMC,2017-02-01,41.92374801635742,52.55854415893555,52.775367736816406,51.934085845947266,52.36773681640625,945691
FMC,2017-02-02,41.84074020385742,52.4544677734375,52.83607864379883,51.91674041748047,52.56721496582031,898302
FMC,2017-02-03,41.71621322631836,52.2983512878418,52.82740783691406,52.0901985168457,52.61058044433594,1092122
FMC,2017-02-06,41.9721794128418,52.61925506591797,52.801387786865234,51.94275665283203,52.2983512878418,1734919
FMC,2017-02-07,39.4539909362793,49.46227264404297,51.5958366394043,49.1413688659668,50.581092834472656,4356149
FMC,2017-02-08,39.59926223754883,49.644405364990234,50.36426544189453,49.028621673583984,50.36426544189453,2190124
FMC,2017-02-09,39.633846282958984,49.68777084350586,50.208152770996094,49.4882926940918,49.956634521484375,1300353
FMC,2017-02-10,40.01435089111328,50.16478729248047,50.25151824951172,49.505638122558594,50.00867462158203,1844800
FMC,2017-02-13,40.64390182495117,50.95403289794922,51.439720153808594,50.442325592041016,50.442325592041016,1731921
FMC,2017-02-14,40.16654586791992,50.355594635009766,51.058109283447266,50.19947814941406,50.659149169921875,1582031
FMC,2017-02-15,40.05585861206055,50.216827392578125,50.77190017700195,49.9826545715332,50.07805633544922,1688799
FMC,2017-02-16,40.0074348449707,50.15611267089844,50.8586311340332,49.97397994995117,50.24284362792969,1452088
FMC,2017-02-17,40.28416442871094,50.50303649902344,50.7025146484375,49.94796371459961,50.30355453491211,2912363
FMC,2017-02-21,40.06277847290039,50.22549819946289,50.92801284790039,50.0173454284668,50.61578369140625,1540408
FMC,2017-02-22,40.42943572998047,50.6851692199707,50.94535827636719,49.92194366455078,49.9826545715332,2963210
FMC,2017-02-23,40.11811447143555,50.294883728027344,51.25758743286133,50.10407638549805,51.02341842651367,1312691
FMC,2017-02-24,40.21498489379883,50.41630554199219,50.45099639892578,49.71379089355469,49.93928909301758,1310154
FMC,2017-02-27,39.86906814575195,49.9826545715332,50.54640197753906,49.878578186035156,50.39028549194336,581227
FMC,2017-02-28,39.86215591430664,49.97397994995117,50.407630920410156,49.68777084350586,49.83521270751953,1194969
FMC,2017-03-01,40.96904754638672,51.361663818359375,51.86470031738281,50.56374740600586,50.64180374145508,2056145
FMC,2017-03-02,41.12819290161133,51.5611457824707,51.751949310302734,51.170860290527344,51.20555114746094,1754174
FMC,2017-03-03,41.010555267333984,51.41370391845703,51.847354888916016,51.21422576904297,51.63920211791992,1306810
FMC,2017-03-06,40.92062759399414,51.30095291137695,51.439720153808594,50.745880126953125,51.144840240478516,1297817
FMC,2017-03-07,40.87912368774414,51.24891662597656,51.621856689453125,50.832611083984375,51.196876525878906,1568541
FMC,2017-03-08,40.33951187133789,50.572418212890625,51.405029296875,50.53772735595703,51.21422576904297,1427183
FMC,2017-03-09,40.69924545288086,51.02341842651367,51.543800354003906,50.72853469848633,50.72853469848633,2035391
FMC,2017-03-10,41.54325485229492,52.08152770996094,52.17692947387695,51.26626205444336,51.49176025390625,1190011
FMC,2017-03-13,41.757713317871094,52.35039138793945,52.53252410888672,51.88204574584961,52.185604095458984,934507
FMC,2017-03-14,41.218101501464844,51.673892974853516,52.22896957397461,51.55247116088867,51.91674041748047,755446
FMC,2017-03-15,41.785377502441406,52.38508224487305,52.51517868041992,51.673892974853516,52.05550765991211,987545
FMC,2017-03-16,41.77847671508789,52.376407623291016,52.69731140136719,52.020816802978516,52.549869537353516,1232788
FMC,2017-03-17,42.3319206237793,53.07025146484375,53.43452072143555,52.48048782348633,52.549869537353516,1606475
FMC,2017-03-20,42.44952392578125,53.21769332885742,53.46053695678711,52.636600494384766,53.07892608642578,759366
FMC,2017-03-21,41.23193359375,51.69123840332031,53.365135192871094,51.5784912109375,53.21769332885742,946037
FMC,2017-03-22,42.352657318115234,53.09627151489258,53.191673278808594,51.396358489990234,51.60451126098633,2975547
FMC,2017-03-23,42.580970764160156,53.38248062133789,53.79878616333008,52.281005859375,52.55854415893555,1998264
FMC,2017-03-24,42.30424118041992,53.035560607910156,53.78144073486328,52.74067687988281,53.417171478271484,1209728
FMC,2017-03-27,42.511775970458984,53.29574966430664,53.38248062133789,52.04683303833008,52.35039138793945,786231
FMC,2017-03-28,42.76083755493164,53.60797882080078,53.83347702026367,52.940155029296875,53.104942321777344,1359848
FMC,2017-03-29,42.57701873779297,53.23503875732422,53.7033805847168,53.191673278808594,53.339115142822266,648563
FMC,2017-03-30,42.66025161743164,53.339115142822266,53.8594970703125,53.122291564941406,53.122291564941406,739650
FMC,2017-03-31,48.27199172973633,60.355594635009766,62.48048782348633,53.339115142822266,53.339115142822266,16282897
FMC,2017-04-03,48.819984436035156,61.04076385498047,62.14223861694336,60.54640197753906,61.5784912109375,5441699
FMC,2017-04-04,49.51365280151367,61.90806579589844,61.960105895996094,61.110145568847656,61.24024200439453,3583870
FMC,2017-04-05,49.83967590332031,62.315696716308594,63.07892608642578,61.99479675292969,62.098873138427734,2468342
FMC,2017-04-06,50.63737487792969,63.31309509277344,63.339115142822266,61.99479675292969,62.41977310180664,1685455
FMC,2017-04-07,52.1911735534668,65.25585174560547,65.85429382324219,62.948829650878906,62.948829650878906,4804897
FMC,2017-04-10,52.184242248535156,65.24718475341797,65.44666290283203,64.7007827758789,65.13442993164062,3537750
FMC,2017-04-11,52.288291931152344,65.37727355957031,65.48135375976562,64.62272644042969,65.15177917480469,2585833
FMC,2017-04-12,50.56107711791992,63.21769332885742,65.24718475341797,62.99219512939453,64.96964263916016,3080931
FMC,2017-04-13,50.33217239379883,62.93148422241211,63.54726791381836,62.497833251953125,63.113616943359375,2225751
FMC,2017-04-17,50.97034454345703,63.729400634765625,63.738075256347656,62.84475326538086,63.035560607910156,1862672
FMC,2017-04-18,51.22698974609375,64.05030059814453,64.65741729736328,63.365135192871094,63.37380599975586,1796143
FMC,2017-04-19,50.97727584838867,63.738075256347656,64.31049346923828,63.477882385253906,64.07632446289062,1685110
FMC,2017-04-20,50.921775817871094,63.6686897277832,64.16305541992188,63.451866149902344,63.92020797729492,1282943
FMC,2017-04-21,50.408470153808594,63.026885986328125,64.13703155517578,63.0008659362793,63.79878616333008,1753598
FMC,2017-04-24,51.08826446533203,63.8768424987793,63.980918884277344,63.018211364746094,63.52992248535156,1647868
FMC,2017-04-25,51.15068435668945,63.954898834228516,64.4232406616211,63.85082244873047,63.91153335571289,1319839
FMC,2017-04-26,50.984222412109375,63.74674987792969,64.02428436279297,63.39982604980469,63.824806213378906,1782192
FMC,2017-04-27,51.00502014160156,63.77276611328125,64.215087890625,62.662620544433594,63.31309509277344,2037236
FMC,2017-04-28,50.79692459106445,63.512577056884766,63.954898834228516,63.165653228759766,63.954898834228516,680847
FMC,2017-05-01,50.99113845825195,63.75542068481445,64.32784271240234,63.39115524291992,63.61665344238281,1207076
FMC,2017-05-02,51.171504974365234,63.980918884277344,64.34518432617188,63.52992248535156,63.62532424926758,1341054
FMC,2017-05-03,49.45815658569336,61.838680267333984,64.51864624023438,61.29228210449219,63.8594970703125,4534057
FMC,2017-05-04,49.062767028808594,61.34431838989258,61.81266403198242,60.65047836303711,61.65654754638672,2727191
FMC,2017-05-05,50.83854675292969,63.564613342285156,63.590633392333984,61.110145568847656,61.47441482543945,2295623
FMC,2017-05-08,50.533329010009766,63.18300247192383,63.564613342285156,62.35039138793945,62.85342788696289,1411733
FMC,2017-05-09,50.359920501708984,62.9661750793457,63.52124786376953,62.862098693847656,63.26972961425781,1191856
FMC,2017-05-10,51.393470764160156,64.25845336914062,64.4232406616211,62.948829650878906,63.122291564941406,1936002
FMC,2017-05-11,51.01197052001953,63.78144073486328,64.3538589477539,63.04423141479492,64.13703155517578,1096503
FMC,2017-05-12,50.46397018432617,63.09627151489258,63.88551712036133,63.05290603637695,63.20901870727539,843304
FMC,2017-05-15,51.92064666748047,64.9176025390625,65.28187561035156,64.2411117553711,64.2411117553711,1910060
FMC,2017-05-16,52.48945999145508,65.62879180908203,65.9323501586914,64.85689544677734,65.19514465332031,1805137
FMC,2017-05-17,51.1298828125,63.92888259887695,65.62879180908203,63.902862548828125,65.62879180908203,1862441
FMC,2017-05-18,50.179569244384766,62.74067687988281,63.0008659362793,60.659149169921875,62.00346755981445,2157494
FMC,2017-05-19,51.546085357666016,64.44926452636719,65.09973907470703,63.09627151489258,63.20901870727539,1783576
FMC,2017-05-22,51.74030685424805,64.69210815429688,65.09973907470703,63.79878616333008,64.79618072509766,990081
FMC,2017-05-23,51.691741943359375,64.63139343261719,65.04769897460938,64.0069351196289,64.78751373291016,1463042
FMC,2017-05-24,51.78886032104492,64.75281524658203,65.31656646728516,64.37120819091797,64.908935546875,650638
FMC,2017-05-25,52.24666976928711,65.32524108886719,65.38594818115234,64.65741729736328,65.03035736083984,785078
FMC,2017-05-26,52.1981201171875,65.2645263671875,65.5854263305664,65.17779541015625,65.29054260253906,790036
FMC,2017-05-30,52.02471160888672,65.04769897460938,65.65481567382812,64.85689544677734,65.2298355102539,633343
FMC,2017-05-31,52.2813606262207,65.36860656738281,65.50736999511719,64.46660614013672,64.98699188232422,2279942
FMC,2017-06-01,52.80854797363281,66.02775573730469,66.50476837158203,65.21248626708984,65.43798828125,1034587
FMC,2017-06-02,53.044395446777344,66.32263946533203,66.44406127929688,65.72419738769531,65.9323501586914,870515
FMC,2017-06-05,52.586570739746094,65.75021362304688,66.42671203613281,65.68083190917969,66.02775573730469,577307
FMC,2017-06-06,52.71837615966797,65.91500091552734,66.01040649414062,65.13442993164062,65.5767593383789,1376336
FMC,2017-06-07,52.850162506103516,66.07978820800781,66.25325012207031,65.32524108886719,66.07978820800781,1133976
FMC,2017-06-08,52.89179611206055,66.13182830810547,66.42671203613281,65.76756286621094,66.07978820800781,1115643
FMC,2017-06-09,53.148441314697266,66.45272827148438,67.11188507080078,65.967041015625,66.1405029296875,815402
FMC,2017-06-12,52.3160400390625,65.41197204589844,66.79097747802734,65.31656646728516,66.29661560058594,981549
FMC,2017-06-13,53.25249481201172,66.58282470703125,66.60884857177734,65.28187561035156,65.52471923828125,1506740
FMC,2017-06-14,52.59351348876953,65.7588882446289,66.72159576416016,65.49002838134766,66.7042465209961,1744604
FMC,2017-06-15,52.59351348876953,65.7588882446289,65.784912109375,64.58802795410156,65.04769897460938,1478261
FMC,2017-06-16,52.822425842285156,66.04509735107422,66.41803741455078,65.45533752441406,65.92367553710938,2042770
FMC,2017-06-19,52.44784164428711,65.5767593383789,66.77363586425781,65.55073547363281,66.32263946533203,1939000
FMC,2017-06-20,52.60045623779297,65.76756286621094,66.07112121582031,65.2645263671875,65.2645263671875,1106188
FMC,2017-06-21,52.4339714050293,65.55941009521484,66.20988464355469,65.51604461669922,65.82827758789062,1230828
FMC,2017-06-22,51.51140594482422,64.40589904785156,65.89765930175781,64.39722442626953,65.56808471679688,825433
FMC,2017-06-23,51.87210464477539,64.85689544677734,65.21248626708984,63.642669677734375,64.19774627685547,1308770
FMC,2017-06-26,51.86516571044922,64.84822082519531,65.41197204589844,64.69210815429688,65.20381927490234,550673
FMC,2017-06-27,51.337974548339844,64.18907165527344,65.42063903808594,64.18907165527344,65.17779541015625,616509
FMC,2017-06-28,52.15485763549805,65.06504821777344,65.41197204589844,64.34518432617188,64.43191528320312,588491
FMC,2017-06-29,51.00080108642578,63.62532424926758,65.1257553100586,62.974849700927734,65.0563735961914,1146082
FMC,2017-06-30,50.7852897644043,63.35646057128906,63.93755340576172,61.95143127441406,62.9835205078125,3845486
FMC,2017-07-03,51.14679718017578,63.80746078491211,64.032958984375,63.00954055786133,63.85082244873047,635995
FMC,2017-07-05,51.132896423339844,63.79011154174805,64.14570617675781,63.156982421875,63.8768424987793,1063181
FMC,2017-07-06,51.167659759521484,63.83347702026367,64.09366607666016,63.1743278503418,63.512577056884766,856333
FMC,2017-07-07,51.85591506958008,64.69210815429688,64.98699188232422,63.79878616333008,64.04163360595703,786923
FMC,2017-07-10,52.74578857421875,65.80225372314453,66.33130645751953,64.215087890625,64.48395538330078,1213763
FMC,2017-07-11,51.60564041137695,64.3798828125,65.55941009521484,64.11968994140625,65.53339385986328,1508239
FMC,2017-07-12,52.509403228759766,65.50736999511719,65.6201171875,64.93495178222656,65.02168273925781,914444
FMC,2017-07-13,53.41318130493164,66.6348648071289,66.82566833496094,65.39462280273438,65.82827758789062,1616737
FMC,2017-07-14,53.176822662353516,66.33998107910156,66.97311401367188,66.25325012207031,66.77363586425781,1031013
FMC,2017-07-17,53.37843322753906,66.59149932861328,66.93842315673828,66.30529022216797,66.30529022216797,852067
FMC,2017-07-18,52.83616256713867,65.91500091552734,66.33130645751953,65.784912109375,66.04509735107422,762133
FMC,2017-07-19,52.9613037109375,66.07112121582031,66.33998107910156,65.81092834472656,65.97571563720703,843881
FMC,2017-07-20,52.69016647338867,65.73287200927734,66.19254302978516,65.4032974243164,66.06244659423828,502477
FMC,2017-07-21,52.87786865234375,65.967041015625,66.07978820800781,65.4726791381836,65.77623748779297,524384
FMC,2017-07-24,53.392330169677734,66.60884857177734,66.96443939208984,65.87163543701172,65.91500091552734,748412
FMC,2017-07-25,54.21964645385742,67.64093780517578,67.7536849975586,66.58282470703125,67.02515411376953,977744
FMC,2017-07-26,53.53137969970703,66.78231048583984,67.90979766845703,66.71292114257812,67.71031951904297,863136
FMC,2017-07-27,53.27415084838867,66.4614028930664,67.45880126953125,65.72419738769531,67.00780487060547,562203
FMC,2017-07-28,53.28805923461914,66.47875213623047,67.03382873535156,65.9323501586914,66.62619018554688,679002
FMC,2017-07-31,53.10034942626953,66.24457550048828,66.93842315673828,65.95836639404297,66.78231048583984,806985
FMC,2017-08-01,53.77470016479492,67.08586120605469,67.17259216308594,65.70685577392578,66.4874267578125,1236247
FMC,2017-08-02,58.2935905456543,72.72332763671875,72.97484588623047,69.93928527832031,70.78057098388672,5762579
FMC,2017-08-03,57.93904113769531,72.281005859375,73.77276611328125,71.96878051757812,72.71466064453125,2878926
FMC,2017-08-04,58.64119338989258,73.156982421875,73.26972961425781,72.04683685302734,72.92281341552734,1265302
FMC,2017-08-07,58.81499481201172,73.37380981445312,73.80745697021484,72.93148040771484,73.57328796386719,1389826
FMC,2017-08-08,58.655094146728516,73.17433166503906,73.63399505615234,72.72332763671875,73.09626770019531,1373800
FMC,2017-08-09,58.821956634521484,73.38247680664062,73.7207260131836,72.9488296508789,73.20902252197266,1457277
FMC,2017-08-10,57.737430572509766,72.02948760986328,73.46920776367188,71.95143127441406,73.07025146484375,1343014
FMC,2017-08-11,57.51494216918945,71.751953125,72.72332763671875,71.56114196777344,71.98612213134766,893460
FMC,2017-08-14,57.945980072021484,72.28968048095703,72.79271697998047,71.81266021728516,72.1422348022461,896342
FMC,2017-08-15,58.78717041015625,73.339111328125,73.56461334228516,71.99479675292969,72.3156967163086,1061682
FMC,2017-08-16,58.912322998046875,73.49523162841797,73.86817169189453,73.2957534790039,73.48655700683594,1249160
FMC,2017-08-17,57.549705505371094,71.79531860351562,73.59930419921875,71.73460388183594,73.40850067138672,1224371
FMC,2017-08-18,57.44542694091797,71.66522216796875,72.25498962402344,71.06678009033203,71.69991302490234,1020866
FMC,2017-08-21,58.0224494934082,72.38507843017578,72.48048400878906,71.6131820678711,71.69123840332031,493945
FMC,2017-08-22,58.717681884765625,73.25238800048828,73.45186614990234,72.54987335205078,72.69731140136719,658017
FMC,2017-08-23,58.68984603881836,73.21768951416016,73.339111328125,73.03556060791016,73.03556060791016,673698
FMC,2017-08-24,58.47433853149414,72.9488296508789,73.62532806396484,72.57588958740234,73.46920776367188,918019
FMC,2017-08-25,58.6064338684082,73.11361694335938,73.7207260131836,73.08760070800781,73.66001892089844,679002
FMC,2017-08-28,58.773284912109375,73.32176971435547,73.55593872070312,72.92281341552734,73.156982421875,624926
FMC,2017-08-29,58.696807861328125,73.22636413574219,73.28707885742188,72.46314239501953,72.8360824584961,729503
FMC,2017-08-30,58.731571197509766,73.26972961425781,73.339111328125,72.89678955078125,73.00953674316406,682000
FMC,2017-08-31,59.94123077392578,74.77883911132812,76.4874267578125,74.45793914794922,76.47875213623047,2901525
FMC,2017-09-01,60.7685432434082,75.81092834472656,75.94969940185547,74.61405181884766,75.17779541015625,1218029
FMC,2017-09-05,59.524085998535156,74.25845336914062,76.36600494384766,74.215087890625,75.97571563720703,901761
FMC,2017-09-06,59.99687194824219,74.84822082519531,74.99566650390625,74.07632446289062,74.68343353271484,1069523
FMC,2017-09-07,60.94235610961914,76.02775573730469,76.16651916503906,74.7354736328125,75.13442993164062,991926
FMC,2017-09-08,60.58084487915039,75.5767593383789,76.08846282958984,75.2992172241211,75.74154663085938,892999
FMC,2017-09-11,61.85308074951172,77.1639175415039,78.23937225341797,76.14917755126953,76.32263946533203,1703096
FMC,2017-09-12,62.36058807373047,77.79705047607422,78.64701080322266,76.95576477050781,77.81439971923828,1349471
FMC,2017-09-13,62.3188591003418,77.74501037597656,78.04856872558594,77.29401397705078,77.76235961914062,983970
FMC,2017-09-14,62.43706130981445,77.8924560546875,78.05724334716797,77.40676879882812,77.62358856201172,2436635
FMC,2017-09-15,62.26325607299805,77.67562866210938,77.97051239013672,76.99046325683594,77.79705047607422,1571424
FMC,2017-09-18,63.514644622802734,79.23677062988281,79.6791000366211,77.93582153320312,77.97051239013672,1773083
FMC,2017-09-19,64.05690002441406,79.91326904296875,80.1387710571289,78.82913970947266,79.5056381225586,1820241
FMC,2017-09-20,63.92481231689453,79.74848175048828,81.04076385498047,79.09800720214844,80.5203857421875,1468576
FMC,2017-09-21,62.87505340576172,78.43885803222656,79.81786346435547,78.36946868896484,79.54900360107422,1422571
FMC,2017-09-22,62.534385681152344,78.01387786865234,79.68777465820312,77.30268859863281,78.82046508789062,1499938
FMC,2017-09-25,59.79523849487305,74.5967025756836,78.04856872558594,74.3885498046875,77.83174133300781,3003911
FMC,2017-09-26,59.58666229248047,74.33650970458984,75.92367553710938,74.14570617675781,74.90026092529297,1561277
FMC,2017-09-27,60.615596771240234,75.6201171875,76.40069580078125,74.49263000488281,74.96964263916016,1260690
FMC,2017-09-28,61.266849517822266,76.2879409790039,76.79965209960938,75.6461410522461,75.76756286621094,1244433
FMC,2017-09-29,62.207183837890625,77.45880126953125,77.83174133300781,76.0017318725586,76.57415771484375,1442057
FMC,2017-10-02,61.886775970458984,77.05984497070312,77.87510681152344,76.3486557006836,77.45880126953125,1211918
FMC,2017-10-03,62.90369415283203,78.32610321044922,78.56895446777344,77.04249572753906,77.26799774169922,1587450
FMC,2017-10-04,63.35645294189453,78.88985443115234,78.9765853881836,77.99652862548828,78.49089050292969,1501552
FMC,2017-10-05,63.88579559326172,79.54900360107422,79.6444091796875,78.82913970947266,79.28013610839844,1217453
FMC,2017-10-06,63.49576187133789,79.06331634521484,79.31483459472656,77.8924560546875,78.95923614501953,1216646
FMC,2017-10-09,63.21714401245117,78.71639251708984,79.41023254394531,78.40415954589844,79.21942901611328,529112
FMC,2017-10-10,63.16143035888672,78.64701080322266,78.9505615234375,78.19600677490234,78.81179809570312,779082
FMC,2017-10-11,64.38035583496094,80.16478729248047,80.29488372802734,79.1587142944336,79.19340515136719,924591
FMC,2017-10-12,64.72860717773438,80.59844207763672,80.89332580566406,79.6791000366211,79.95663452148438,1077824
FMC,2017-10-13,65.27888488769531,81.28360748291016,81.89071655273438,80.93668365478516,81.24891662597656,1206038
FMC,2017-10-16,66.1773910522461,82.40242767333984,82.4544677734375,81.222900390625,81.45706939697266,1277063
FMC,2017-10-17,65.76644897460938,81.89071655273438,82.26365661621094,81.59584045410156,82.26365661621094,1109763
FMC,2017-10-18,65.51566314697266,81.5784912109375,82.46314239501953,81.50910949707031,81.97744750976562,1005185
FMC,2017-10-19,65.5574951171875,81.63053131103516,81.7866439819336,80.36426544189453,81.30962371826172,874089
FMC,2017-10-20,65.85700988769531,82.00347137451172,82.22896575927734,81.48308563232422,82.09020233154297,960103
FMC,2017-10-23,65.62018585205078,81.70858764648438,82.42845153808594,81.55247497558594,82.36773681640625,741033
FMC,2017-10-24,65.59229278564453,81.67389678955078,82.22029876708984,81.4397201538086,81.77796936035156,826701
FMC,2017-10-25,64.92365264892578,80.8412857055664,81.96878051757812,79.88725280761719,81.5438003540039,1123022
FMC,2017-10-26,64.8748779296875,80.78057098388672,81.52645111083984,80.3555908203125,81.41370391845703,842036
FMC,2017-10-27,64.43606567382812,80.23416900634766,81.15351104736328,79.4362564086914,80.82393646240234,1088547
FMC,2017-10-30,64.3246078491211,80.09540557861328,80.57241821289062,79.73113250732422,80.23416900634766,1245471
FMC,2017-10-31,64.67984771728516,80.53772735595703,80.95403289794922,80.18213653564453,80.19947814941406,1150233
FMC,2017-11-01,64.01117706298828,79.70511627197266,81.44839477539062,79.14137268066406,81.38768768310547,1478261
FMC,2017-11-02,62.79224395751953,78.18733978271484,79.77449798583984,75.9930648803711,79.48828887939453,2206957
FMC,2017-11-03,63.460933685302734,79.01995086669922,79.14137268066406,77.53685760498047,78.05724334716797,1766857
FMC,2017-11-06,63.35645294189453,78.88985443115234,79.653076171875,78.39549255371094,79.20207977294922,1647176
FMC,2017-11-07,65.13259887695312,81.10147094726562,82.01213836669922,79.31483459472656,79.32350158691406,2865205
FMC,2017-11-08,64.94453430175781,80.86730194091797,82.281005859375,80.77189636230469,81.16218566894531,1622963
FMC,2017-11-09,64.19229125976562,79.93061828613281,80.64180755615234,79.6444091796875,80.26886749267578,1334482
FMC,2017-11-10,64.93061828613281,80.84996032714844,80.88465118408203,79.71379089355469,79.71379089355469,845956
FMC,2017-11-13,66.08686065673828,82.28968048095703,82.61058044433594,80.19080352783203,80.61578369140625,1636568
FMC,2017-11-14,64.7843246459961,80.6678237915039,81.9601058959961,80.23416900634766,81.62185668945312,1696409
FMC,2017-11-15,64.16444396972656,79.89592742919922,80.3208999633789,78.05724334716797,80.22550201416016,1666777
FMC,2017-11-16,65.00025939941406,80.93668365478516,81.38768768310547,79.68777465820312,80.06071472167969,1155306
FMC,2017-11-17,64.73556518554688,80.60710906982422,81.3703384399414,80.45099639892578,81.13616943359375,922515
FMC,2017-11-20,64.5475082397461,80.37294006347656,81.0147476196289,80.27753448486328,80.64180755615234,997691
FMC,2017-11-21,65.76644897460938,81.89071655273438,81.97744750976562,80.5203857421875,80.91934204101562,820014
FMC,2017-11-22,64.89579010009766,80.80659484863281,82.16825866699219,80.71986389160156,82.11621856689453,528189
FMC,2017-11-24,65.89881134033203,82.05550384521484,82.1335678100586,81.20555114746094,81.37901306152344,493138
FMC,2017-11-27,65.34156036376953,81.36166381835938,82.59323120117188,81.27493286132812,82.05550384521484,1039199
FMC,2017-11-28,65.82217407226562,81.9601058959961,81.99479675292969,80.6678237915039,81.56114196777344,808599
FMC,2017-11-29,64.92365264892578,80.8412857055664,82.03816223144531,79.8612289428711,81.751953125,1224947
FMC,2017-11-30,65.75251770019531,81.87337493896484,82.34172058105469,80.8412857055664,80.98872375488281,1329178
FMC,2017-12-01,65.42516326904297,81.46574401855469,82.34172058105469,79.80052185058594,81.9601058959961,1539486
FMC,2017-12-04,63.71168518066406,79.3321762084961,82.36773681640625,79.28881072998047,82.09020233154297,1557242
FMC,2017-12-05,62.58330154418945,77.9271469116211,79.56634521484375,77.40676879882812,79.15003967285156,1316150
FMC,2017-12-06,61.287742614746094,76.31396484375,78.08325958251953,76.2879409790039,77.56288146972656,1507086
FMC,2017-12-07,61.46883773803711,76.53945922851562,77.51951599121094,75.94102478027344,76.04509735107422,1551823
FMC,2017-12-08,61.85890197753906,77.02515411376953,78.26539611816406,76.81700134277344,77.1552505493164,1162685
FMC,2017-12-11,62.4370231628418,77.74501037597656,78.03121948242188,77.07718658447266,77.17259216308594,1077594
FMC,2017-12-12,62.79224395751953,78.18733978271484,78.6296615600586,77.3373794555664,77.74501037597656,877318
FMC,2017-12-13,63.18231201171875,78.67302703857422,79.04596710205078,77.8577651977539,78.18733978271484,1055456
FMC,2017-12-14,62.59025955200195,77.93582153320312,79.28881072998047,77.69297790527344,78.64701080322266,1227023
FMC,2017-12-15,64.22013854980469,79.9653091430664,80.26019287109375,78.55160522460938,78.62098693847656,3038962
FMC,2017-12-18,65.43909454345703,81.48308563232422,81.6131820678711,80.39895629882812,80.7025146484375,1454048
FMC,2017-12-19,65.80125427246094,81.93408203125,82.56721496582031,81.31829833984375,81.52645111083984,1265418
FMC,2017-12-20,66.11470794677734,82.32437133789062,83.07025146484375,81.67389678955078,82.30702209472656,752678
FMC,2017-12-21,66.26795959472656,82.51517486572266,83.00953674316406,82.20294952392578,82.65394592285156,818861
FMC,2017-12-22,66.49085998535156,82.79271697998047,82.8360824584961,82.17693328857422,82.67129516601562,514123
FMC,2017-12-26,66.54655456542969,82.86209869384766,83.27840423583984,82.46314239501953,83.05290222167969,566008
FMC,2017-12-27,66.03114318847656,82.22029876708984,83.1222915649414,82.20294952392578,82.9835205078125,842036
FMC,2017-12-28,66.28577423095703,82.39375305175781,82.43711853027344,81.88204956054688,82.09020233154297,609706
FMC,2017-12-29,66.0485610961914,82.09886932373047,83.00953674316406,82.08152770996094,82.6279296875,746452
FMC,2018-01-02,66.79512786865234,83.02688598632812,83.21768951416016,82.47180938720703,82.72332763671875,1361693
FMC,2018-01-03,67.65337371826172,84.09366607666016,84.18907165527344,82.68863677978516,83.20034790039062,1090046
FMC,2018-01-04,67.99526977539062,84.51864624023438,85.59410095214844,84.22376251220703,84.64874267578125,1176752
FMC,2018-01-05,68.43488311767578,85.06504821777344,85.41197204589844,84.3885498046875,84.96964263916016,1291937
FMC,2018-01-08,68.49765014648438,85.14310455322266,85.55941009521484,84.48395538330078,85.42931365966797,891846
FMC,2018-01-09,68.46973419189453,85.10841369628906,85.59410095214844,84.84822082519531,85.31656646728516,932892
FMC,2018-01-10,68.04412841796875,84.57936096191406,85.49002838134766,84.0676498413086,84.81352996826172,855180
FMC,2018-01-11,68.29531860351562,84.89158630371094,85.0563735961914,84.14570617675781,84.81352996826172,1089585
FMC,2018-01-12,68.29531860351562,84.89158630371094,85.60277557373047,84.34518432617188,85.60277557373047,783348
FMC,2018-01-16,66.27184295654297,82.37641143798828,85.4726791381836,81.97744750976562,85.24718475341797,1208459
FMC,2018-01-17,65.4903793334961,81.405029296875,83.10494232177734,81.10147094726562,83.10494232177734,1537641
FMC,2018-01-18,62.91569137573242,78.20468139648438,78.90719604492188,75.54206085205078,78.01387786865234,6012434
FMC,2018-01-19,62.69939041137695,77.93582153320312,79.07198333740234,77.42411041259766,78.88985443115234,2459349
FMC,2018-01-22,62.69241714477539,77.9271469116211,78.43018341064453,77.59757232666016,77.81439971923828,2220909
FMC,2018-01-23,62.01561737060547,77.08586120605469,78.18733978271484,76.88638305664062,77.97051239013672,1699407
FMC,2018-01-24,62.608673095703125,77.82306671142578,78.0398941040039,76.68690490722656,77.47615051269531,2096500
FMC,2018-01-25,64.171630859375,79.76583099365234,80.80659484863281,78.23070526123047,78.2740707397461,1572807
FMC,2018-01-26,64.2134780883789,79.81786346435547,80.57241821289062,79.39289093017578,79.97398376464844,1112414
FMC,2018-01-29,63.75297164916992,79.24544525146484,79.69644165039062,78.32610321044922,79.42758178710938,1103536
FMC,2018-01-30,63.87161636352539,79.39289093017578,79.92194366455078,78.2740707397461,78.52558135986328,1771008
FMC,2018-01-31,63.725059509277344,79.21075439453125,80.3208999633789,78.75975799560547,79.8265380859375,1185861
FMC,2018-02-01,62.2528190612793,77.38074493408203,79.470947265625,77.14657592773438,78.89852905273438,1147581
FMC,2018-02-02,59.81072235107422,74.34518432617188,76.95576477050781,74.215087890625,76.75628662109375,2051187
FMC,2018-02-05,57.97564697265625,72.06417846679688,75.74154663085938,71.7866439819336,73.77276611328125,2255729
FMC,2018-02-06,59.301387786865234,73.7120590209961,74.05897521972656,69.97398376464844,70.529052734375,1962867
FMC,2018-02-07,58.589683532714844,72.82740783691406,74.55333709716797,72.64527130126953,73.60797882080078,1043926
FMC,2018-02-08,56.42666244506836,70.1387710571289,73.73807525634766,70.08673095703125,72.91413879394531,1520922
FMC,2018-02-09,57.68959426879883,71.70858764648438,72.2463150024414,69.05464172363281,70.95403289794922,1643947
FMC,2018-02-12,59.46184539794922,73.91153717041016,74.3538589477539,71.96878051757812,72.69731140136719,2780344
FMC,2018-02-13,57.117431640625,70.99739837646484,75.34258270263672,70.91934204101562,74.61405181884766,3364915
FMC,2018-02-14,59.48976516723633,73.94622802734375,74.55333709716797,70.71986389160156,71.16218566894531,2486329
FMC,2018-02-15,59.47580337524414,73.92887878417969,75.88898468017578,73.3651351928711,75.38594818115234,1424993
FMC,2018-02-16,58.157073974609375,72.28968048095703,73.79878234863281,72.1335678100586,73.75542449951172,1495902
FMC,2018-02-20,58.296630859375,72.46314239501953,73.31309509277344,72.03816223144531,72.19427490234375,1143430
FMC,2018-02-21,57.2988395690918,71.222900390625,72.68863677978516,71.21422576904297,72.46314239501953,1669775
FMC,2018-02-22,58.28965759277344,72.4544677734375,72.93148040771484,71.29228210449219,71.83868408203125,1249160
FMC,2018-02-23,59.81072235107422,74.34518432617188,74.37120819091797,72.8447494506836,72.90546417236328,1430412
FMC,2018-02-26,58.366397857666016,72.54987335205078,74.32784271240234,70.2081527709961,74.31049346923828,2466844
FMC,2018-02-27,57.62678527832031,71.63053131103516,73.39982604980469,71.59584045410156,72.65394592285156,1530953
FMC,2018-02-28,54.75905990600586,68.06591796875,72.67129516601562,68.06591796875,72.1335678100586,3109756
FMC,2018-03-01,54.87067794799805,68.20468139648438,68.43885803222656,66.40937042236328,68.06591796875,3929193
FMC,2018-03-02,55.57540512084961,69.08065795898438,69.54032897949219,67.08586120605469,68.00520324707031,2453584
FMC,2018-03-05,56.3289794921875,70.01734924316406,70.529052734375,68.40415954589844,68.61231231689453,1759478
FMC,2018-03-06,57.50815963745117,71.48308563232422,71.77796936035156,70.18213653564453,70.54640197753906,1995612
FMC,2018-03-07,57.766334533691406,71.80399322509766,72.02948760986328,70.346923828125,70.71118927001953,1379565
FMC,2018-03-08,57.3895378112793,71.33564758300781,72.55854034423828,70.50303649902344,71.9254150390625,1267378
FMC,2018-03-09,58.296630859375,72.46314239501953,72.75802612304688,71.6131820678711,72.00347137451172,1325604
FMC,2018-03-12,58.5268669128418,72.74935150146484,73.3044204711914,71.62185668945312,72.54119873046875,1489791
FMC,2018-03-13,58.45709228515625,72.6626205444336,73.48655700683594,72.46314239501953,73.18299865722656,1059722
FMC,2018-03-14,57.696563720703125,71.7172622680664,73.28707885742188,71.45706939697266,72.92281341552734,1067678
FMC,2018-03-15,56.566200256347656,70.31222534179688,72.1335678100586,70.27753448486328,71.82133483886719,1201772
FMC,2018-03-16,57.41745376586914,71.3703384399414,71.94275665283203,69.87857818603516,70.18213653564453,1694103
FMC,2018-03-19,56.74063491821289,70.529052734375,71.29228210449219,70.28620910644531,70.97138214111328,957451
FMC,2018-03-20,55.81264877319336,69.37554168701172,70.97138214111328,69.16738891601562,70.79792022705078,1314651
FMC,2018-03-21,56.06383514404297,69.68777465820312,70.529052734375,68.594970703125,69.27146911621094,1667007
FMC,2018-03-22,53.977577209472656,67.09453582763672,69.73113250732422,67.06851959228516,69.10667419433594,2559660
FMC,2018-03-23,52.68674850463867,65.49002838134766,67.61492156982422,65.42931365966797,67.23330688476562,1275679
FMC,2018-03-26,53.01469039916992,65.89765930175781,67.04249572753906,65.19514465332031,66.49609375,1519078
FMC,2018-03-27,52.52626419067383,65.29054260253906,66.76496124267578,64.92627716064453,66.2792739868164,1840649
FMC,2018-03-28,51.12421798706055,63.40850067138672,65.55073547363281,63.07892608642578,65.07372283935547,1625269
FMC,2018-03-29,53.5437126159668,66.40937042236328,66.88638305664062,65.04769897460938,65.23851013183594,3472951
FMC,2018-04-02,52.43886184692383,65.03903198242188,67.77970123291016,64.7007827758789,66.71292114257812,1769624
FMC,2018-04-03,53.31294631958008,66.12315368652344,66.26192474365234,64.71812438964844,65.75021362304688,2319836
FMC,2018-04-04,53.270992279052734,66.07112121582031,66.18386840820312,63.92020797729492,64.8742446899414,2000570
FMC,2018-04-05,55.62056350708008,68.9852523803711,69.39289093017578,66.60017395019531,66.60017395019531,2867972
FMC,2018-04-06,54.634586334228516,67.76235961914062,69.16738891601562,67.21595764160156,68.30876159667969,2476298
FMC,2018-04-09,54.53669357299805,67.64093780517578,68.57762145996094,67.47615051269531,68.08325958251953,1112414
FMC,2018-04-10,55.417789459228516,68.7337417602539,69.45359802246094,68.05724334716797,68.61231231689453,1254579
FMC,2018-04-11,54.84437942504883,68.02255249023438,68.75108337402344,67.8577651977539,68.15264129638672,895766
FMC,2018-04-12,55.94224166870117,69.38421630859375,70.19080352783203,68.95923614501953,69.32350158691406,1264495
FMC,2018-04-13,56.173004150390625,69.67042541503906,70.06071472167969,69.31483459472656,69.8265380859375,1214455
FMC,2018-04-16,56.375789642333984,69.92194366455078,70.19947814941406,69.18473815917969,70.04336547851562,853681
FMC,2018-04-17,57.2219352722168,70.97138214111328,71.21422576904297,70.07805633544922,70.41630554199219,1277870
FMC,2018-04-18,57.85825729370117,71.76062774658203,72.43711853027344,71.0234146118164,71.51777648925781,1891842
FMC,2018-04-19,57.424705505371094,71.222900390625,72.05550384521484,70.44232177734375,71.76062774658203,845264
FMC,2018-04-20,57.557559967041016,71.38768768310547,71.94275665283203,70.90199279785156,71.24024200439453,1739992
FMC,2018-04-23,57.620521545410156,71.46574401855469,71.88204956054688,71.12749481201172,71.35298919677734,1984428
FMC,2018-04-24,56.417755126953125,69.97398376464844,72.23764038085938,68.86383056640625,71.8993911743164,1179288
FMC,2018-04-25,56.33384704589844,69.86990356445312,70.5637435913086,69.1240234375,69.92194366455078,1285134
FMC,2018-04-26,56.81632995605469,70.46834564208984,70.89332580566406,69.49696350097656,70.22550201416016,1056379
FMC,2018-04-27,56.802337646484375,70.45099639892578,70.88465118408203,69.87857818603516,70.42498016357422,1343130
FMC,2018-04-30,55.75343704223633,69.15003967285156,70.8759765625,69.13269805908203,70.36426544189453,1347972
FMC,2018-05-01,55.80937576293945,69.21942901611328,69.25411987304688,67.96183776855469,68.72506713867188,1127288
FMC,2018-05-02,56.18698501586914,69.68777465820312,70.21682739257812,69.1587142944336,69.1587142944336,1558856
FMC,2018-05-03,58.55055618286133,72.61925506591797,73.3651351928711,70.45099639892578,72.8447494506836,4437321
FMC,2018-05-04,61.137874603271484,75.82827758789062,76.33130645751953,73.64266967773438,73.88551330566406,3212373
FMC,2018-05-07,61.41060256958008,76.16651916503906,76.38334655761719,75.18647003173828,76.01908111572266,2131897
FMC,2018-05-08,61.10991668701172,75.7935791015625,76.60017395019531,75.28187561035156,75.82827758789062,1630803
FMC,2018-05-09,60.40363311767578,74.9176025390625,76.2879409790039,74.57936096191406,75.9930648803711,1595060
FMC,2018-05-10,61.137874603271484,75.82827758789062,76.08846282958984,74.32784271240234,75.00433349609375,1813208
FMC,2018-05-11,62.165809631347656,77.10321044921875,77.90979766845703,75.97571563720703,76.0017318725586,1735265
FMC,2018-05-14,62.78817367553711,77.87510681152344,79.28013610839844,77.64093780517578,79.15003967285156,2366187
FMC,2018-05-15,62.935035705566406,78.05724334716797,78.82046508789062,76.60884857177734,77.3634033203125,1765358
FMC,2018-05-16,64.1727523803711,79.59236907958984,79.7918472290039,77.70164489746094,77.70164489746094,1802600
FMC,2018-05-17,64.61328125,80.1387710571289,80.51171112060547,79.39289093017578,79.7918472290039,1803753
FMC,2018-05-18,63.99095153808594,79.36686706542969,80.61578369140625,78.9765853881836,79.58369445800781,963793
FMC,2018-05-21,63.865055084228516,79.21075439453125,80.33824920654297,78.84648895263672,79.91326904296875,910524
FMC,2018-05-22,63.697242736816406,79.00260162353516,80.0,78.96791076660156,79.25411987304688,1419689
FMC,2018-05-23,63.2846565246582,78.49089050292969,78.88117980957031,77.6843032836914,78.48222351074219,1096503
FMC,2018-05-24,61.767234802246094,76.60884857177734,77.64961242675781,76.29661560058594,77.64961242675781,2060872
FMC,2018-05-25,62.704254150390625,77.77103424072266,77.8577651977539,76.54813385009766,77.24197387695312,1451627
FMC,2018-05-29,61.06794357299805,75.74154663085938,77.52819061279297,75.60277557373047,77.1639175415039,1567158
FMC,2018-05-30,61.79520034790039,76.64353942871094,77.03382873535156,75.84561920166016,76.07112121582031,909025
FMC,2018-05-31,60.90011978149414,75.53339385986328,76.81700134277344,75.39462280273438,76.76496124267578,1159918
FMC,2018-06-01,61.72527313232422,76.55680847167969,76.85169219970703,75.63746643066406,75.88898468017578,1103306
FMC,2018-06-04,61.20082092285156,75.90633392333984,76.93842315673828,75.63746643066406,76.83434295654297,1137896
FMC,2018-06-05,61.72527313232422,76.55680847167969,76.91239929199219,75.97571563720703,75.9930648803711,964023
FMC,2018-06-06,63.55036163330078,78.82046508789062,78.83781433105469,76.47007751464844,76.88638305664062,1596905
FMC,2018-06-07,62.08891296386719,77.00780487060547,79.23677062988281,76.8083267211914,78.83781433105469,1328833
FMC,2018-06-08,61.98402404785156,76.8777084350586,77.3980941772461,75.967041015625,76.99046325683594,1446439
FMC,2018-06-11,62.158809661865234,77.09453582763672,77.88378143310547,76.64353942871094,76.94709777832031,1132477
FMC,2018-06-12,62.844120025634766,77.94449615478516,78.2740707397461,76.93842315673828,77.1986083984375,1482643
FMC,2018-06-13,62.87907791137695,77.98786163330078,78.55160522460938,77.70164489746094,78.04856872558594,1449782
FMC,2018-06-14,63.14481735229492,78.31743621826172,78.70771789550781,78.05724334716797,78.05724334716797,1162224
FMC,2018-06-15,62.844120025634766,77.94449615478516,78.25672149658203,77.10321044921875,78.05724334716797,2172944
FMC,2018-06-18,61.970008850097656,76.86036682128906,77.73634338378906,76.75628662109375,77.09453582763672,1490944
FMC,2018-06-19,60.27777862548828,74.76148986816406,75.88898468017578,74.10234069824219,75.76756286621094,1192663
FMC,2018-06-20,60.67634963989258,75.25585174560547,75.44666290283203,74.23243713378906,75.14310455322266,1062720
FMC,2018-06-21,60.55047607421875,75.09973907470703,75.6201171875,74.8829116821289,75.19514465332031,1395015
FMC,2018-06-22,62.19379806518555,77.13790130615234,77.53685760498047,75.42931365966797,75.62879180908203,2380945
FMC,2018-06-25,61.81618118286133,76.6695556640625,77.42411041259766,75.35993194580078,76.843017578125,2993649
FMC,2018-06-26,61.78122329711914,76.62619018554688,77.13790130615234,75.9323501586914,76.50476837158203,1240628
FMC,2018-06-27,61.970008850097656,76.86036682128906,77.97918701171875,76.73894500732422,77.3720703125,1939000
FMC,2018-06-28,61.8684196472168,76.59149932861328,76.79097747802734,75.55941009521484,76.75628662109375,1055456
FMC,2018-06-29,62.49895477294922,77.3720703125,78.15264129638672,76.47007751464844,76.8083267211914,1607282
FMC,2018-07-02,61.64425277709961,76.31396484375,77.18126678466797,75.9930648803711,76.79097747802734,972325
FMC,2018-07-03,62.46391296386719,77.32870483398438,78.04856872558594,76.93842315673828,77.12922668457031,712785
FMC,2018-07-05,62.28876876831055,77.11188507080078,77.90113067626953,75.98439025878906,77.52819061279297,1415999
FMC,2018-07-06,62.89829635620117,77.8664321899414,78.41283416748047,76.75628662109375,76.89505767822266,824164
FMC,2018-07-09,63.18552780151367,78.22203063964844,78.81179809570312,77.95316314697266,78.2740707397461,1344629
FMC,2018-07-10,63.760009765625,78.93321990966797,78.99392700195312,78.00520324707031,78.22203063964844,1011642
FMC,2018-07-11,62.057594299316406,76.82566833496094,78.05724334716797,76.60884857177734,77.95316314697266,1119794
FMC,2018-07-12,62.344825744628906,77.18126678466797,77.50216674804688,76.25325012207031,77.38941955566406,914790
FMC,2018-07-13,61.88946533203125,76.61752319335938,77.84909057617188,76.57415771484375,77.0164794921875,824510
FMC,2018-07-16,60.75449752807617,75.21248626708984,77.03382873535156,74.89158630371094,76.53079223632812,1187475
FMC,2018-07-17,61.476112365722656,76.1058120727539,76.6348648071289,74.58802795410156,74.63139343261719,1952144
FMC,2018-07-18,60.95066833496094,75.45533752441406,76.45272827148438,75.29054260253906,76.1058120727539,1498208
FMC,2018-07-19,60.67744064331055,75.1170883178711,75.4032974243164,74.2411117553711,75.06504821777344,1086126
FMC,2018-07-20,60.70545959472656,75.15177917480469,75.42063903808594,74.44926452636719,74.60537719726562,919633
FMC,2018-07-23,60.1660270690918,74.48395538330078,75.02168273925781,74.13703155517578,75.02168273925781,811251
FMC,2018-07-24,60.52330780029297,74.92627716064453,75.83694458007812,74.66608428955078,75.16045379638672,918480
FMC,2018-07-25,61.35700225830078,75.95836639404297,76.0017318725586,74.47528076171875,74.47528076171875,921132
FMC,2018-07-26,61.98752975463867,76.73894500732422,76.88638305664062,75.6461410522461,75.94102478027344,690532
FMC,2018-07-27,62.127655029296875,76.91239929199219,77.73634338378906,76.33130645751953,77.0511703491211,942578
FMC,2018-07-30,62.45691680908203,77.32003784179688,77.91847229003906,76.90373229980469,77.09453582763672,1703096
FMC,2018-07-31,62.968353271484375,77.95316314697266,78.31743621826172,76.99913024902344,77.67562866210938,1240167
FMC,2018-08-01,61.84041976928711,76.55680847167969,78.22203063964844,76.40069580078125,77.95316314697266,1641757
FMC,2018-08-02,60.62838363647461,75.0563735961914,76.22723388671875,73.11361694335938,73.7207260131836,2183782
FMC,2018-08-03,61.504119873046875,76.1405029296875,76.77363586425781,75.02168273925781,75.38594818115234,1019367
FMC,2018-08-06,61.71430969238281,76.40069580078125,76.78231048583984,75.37727355957031,75.73287200927734,896342
FMC,2018-08-07,60.95066833496094,75.45533752441406,77.09453582763672,75.35993194580078,76.86036682128906,900493
FMC,2018-08-08,62.4359130859375,77.29401397705078,77.47615051269531,75.88898468017578,75.88898468017578,1508124
FMC,2018-08-09,63.22056198120117,78.26539611816406,79.34952545166016,77.31136322021484,77.32003784179688,1738724
FMC,2018-08-10,61.483123779296875,76.11448669433594,77.40676879882812,75.7588882446289,77.3980941772461,1263457
FMC,2018-08-13,60.1309814453125,74.44058990478516,76.01908111572266,73.64266967773438,75.83694458007812,1280291
FMC,2018-08-14,59.990882873535156,74.26712799072266,75.17779541015625,73.93755340576172,74.63139343261719,822666
FMC,2018-08-15,58.701786041259766,72.67129516601562,73.92021179199219,71.51777648925781,73.49523162841797,1182978
FMC,2018-08-16,59.21321487426758,73.3044204711914,73.8941879272461,73.16565704345703,73.32176971435547,800874
FMC,2018-08-17,59.15718078613281,73.23503875732422,73.7207260131836,72.25498962402344,73.05290222167969,861637
FMC,2018-08-20,59.62657165527344,73.81613159179688,74.28447723388672,73.27840423583984,73.339111328125,827508
FMC,2018-08-21,59.962852478027344,74.23243713378906,74.70945739746094,73.56461334228516,73.80745697021484,858870
FMC,2018-08-22,59.85076141357422,74.09366607666016,74.68343353271484,73.87684631347656,74.37120819091797,1029975
FMC,2018-08-23,59.25523376464844,73.35646057128906,73.92021179199219,71.95143127441406,73.86817169189453,1431565
FMC,2018-08-24,59.92782974243164,74.18907165527344,74.70945739746094,73.3304443359375,73.8248062133789,691224
FMC,2018-08-27,60.50228500366211,74.90026092529297,75.5854263305664,74.34518432617188,74.51864624023438,774240
FMC,2018-08-28,60.509307861328125,74.908935546875,75.55073547363281,74.47528076171875,75.07372283935547,717281
FMC,2018-08-29,60.663421630859375,75.09973907470703,75.6461410522461,74.34518432617188,74.93495178222656,943269
FMC,2018-08-30,59.591552734375,73.77276611328125,75.23851013183594,73.39982604980469,74.70945739746094,1524497
FMC,2018-08-31,59.86476516723633,74.11101531982422,75.09973907470703,73.7207260131836,73.84214782714844,1060645
FMC,2018-09-04,58.162349700927734,72.00347137451172,73.62532806396484,71.63919830322266,73.21768951416016,1391325
FMC,2018-09-05,58.484622955322266,72.40242767333984,73.156982421875,71.55247497558594,72.1075439453125,1273373
FMC,2018-09-06,58.106292724609375,71.93408203125,72.74935150146484,71.43104553222656,72.40242767333984,1172370
FMC,2018-09-07,57.56685256958008,71.2662582397461,72.08152770996094,70.75455474853516,71.47441864013672,1182171
FMC,2018-09-10,57.51782989501953,71.20555114746094,72.28968048095703,71.03208923339844,71.5438003540039,918480
FMC,2018-09-11,57.79103469848633,71.5438003540039,71.80399322509766,70.26019287109375,70.39895629882812,852298
FMC,2018-09-12,58.344520568847656,72.22896575927734,72.6365966796875,71.30962371826172,71.52645111083984,881469
FMC,2018-09-13,59.374366760253906,73.50390625,73.5125732421875,72.65394592285156,72.67996215820312,1087740
FMC,2018-09-14,59.843753814697266,74.08499908447266,74.47528076171875,73.57328796386719,73.61665344238281,1064104
FMC,2018-09-17,60.411224365234375,74.78751373291016,75.19514465332031,74.19774627685547,74.31916809082031,1088317
FMC,2018-09-18,60.29212188720703,74.64006805419922,75.30789184570312,74.55333709716797,75.04769897460938,921247
FMC,2018-09-19,61.77736282348633,76.47875213623047,77.45012664794922,74.56201171875,75.02168273925781,1343130
FMC,2018-09-20,62.737159729003906,77.66695404052734,78.01387786865234,76.55680847167969,77.11188507080078,1782423
FMC,2018-09-21,62.95433044433594,77.93582153320312,78.9765853881836,77.40676879882812,78.63833618164062,1898299
FMC,2018-09-24,62.87727737426758,77.84041595458984,78.3868179321289,77.21595764160156,77.93582153320312,1269568
FMC,2018-09-25,62.78618240356445,77.72766876220703,78.36946868896484,77.35472869873047,77.91847229003906,1064219
FMC,2018-09-26,62.33079528808594,77.1639175415039,77.62358856201172,76.61752319335938,77.40676879882812,919518
FMC,2018-09-27,61.55521774291992,76.06244659423828,77.52819061279297,76.0017318725586,77.0164794921875,1009452
FMC,2018-09-28,61.19023132324219,75.6114501953125,76.38334655761719,75.06504821777344,75.84561920166016,916635
FMC,2018-10-01,61.57628631591797,76.08846282958984,76.660888671875,75.74154663085938,76.12315368652344,941425
FMC,2018-10-02,62.90986633300781,77.73634338378906,77.81439971923828,75.97571563720703,75.97571563720703,1289976
FMC,2018-10-03,64.54527282714844,79.75715637207031,80.45099639892578,78.1006088256836,78.11795043945312,1911443
FMC,2018-10-04,64.06095886230469,79.1587142944336,80.15611267089844,78.41283416748047,79.75715637207031,1595291
FMC,2018-10-05,63.632789611816406,78.6296615600586,79.40155792236328,78.04856872558594,79.05464172363281,1170756
FMC,2018-10-08,63.632789611816406,78.6296615600586,79.41023254394531,78.23937225341797,78.2740707397461,816555
FMC,2018-10-09,61.056907653808594,75.44666290283203,78.16131591796875,75.02168273925781,77.9271469116211,2158647
FMC,2018-10-10,59.182857513427734,73.13096618652344,75.4032974243164,72.93148040771484,75.34258270263672,1921129
FMC,2018-10-11,58.36869430541992,72.12489318847656,73.14830780029297,71.2662582397461,73.14830780029297,2351889
FMC,2018-10-12,59.561885833740234,73.59930419921875,74.2411117553711,72.61925506591797,73.42584228515625,1587220
FMC,2018-10-15,58.97932052612305,72.87944793701172,74.032958984375,72.86209869384766,73.48655700683594,1062605
FMC,2018-10-16,59.449588775634766,73.46054077148438,74.31049346923828,72.93148040771484,73.70338439941406,1203617
FMC,2018-10-17,58.691532135009766,72.52384948730469,73.7207260131836,71.83000946044922,73.3651351928711,1313498
FMC,2018-10-18,58.031761169433594,71.70858764648438,73.09626770019531,71.52645111083984,72.22029876708984,947305
FMC,2018-10-19,57.0982666015625,70.5550765991211,72.54119873046875,70.24284362792969,71.81266021728516,1213187
FMC,2018-10-22,56.02438735961914,69.22810363769531,71.16218566894531,69.11534881591797,71.14483642578125,1547441
FMC,2018-10-23,55.37162399291992,68.4215087890625,68.93321990966797,66.6695556640625,67.84041595458984,1201426
FMC,2018-10-24,52.78870391845703,65.2298355102539,68.32610321044922,65.1257553100586,67.8924560546875,1289169
FMC,2018-10-25,53.371273040771484,65.94969940185547,66.47875213623047,65.09973907470703,65.9323501586914,1103998
FMC,2018-10-26,53.19578552246094,65.73287200927734,66.44406127929688,64.3798828125,64.92627716064453,1403201
FMC,2018-10-29,53.5186653137207,66.13182830810547,67.21595764160156,65.42931365966797,66.54813385009766,1557588
FMC,2018-10-30,54.24862289428711,67.03382873535156,67.20728302001953,65.55073547363281,66.19254302978516,1308194
FMC,2018-10-31,54.80311965942383,67.718994140625,68.70771789550781,67.59757232666016,67.9271469116211,1281790
FMC,2018-11-01,57.224605560302734,70.71118927001953,70.98872375488281,67.99652862548828,68.71639251708984,1604630
FMC,2018-11-02,56.47358322143555,69.78317260742188,71.3703384399414,69.14137268066406,71.12749481201172,1617659
FMC,2018-11-05,56.494659423828125,69.80919647216797,70.99739837646484,69.58369445800781,70.0,3084736
FMC,2018-11-06,58.698551177978516,72.53252410888672,73.35646057128906,70.26019287109375,70.62445831298828,2725116
FMC,2018-11-07,58.91615676879883,72.8013916015625,73.7207260131836,72.20294952392578,72.81005859375,2357309
FMC,2018-11-08,58.72663116455078,72.56721496582031,73.0182113647461,71.36166381835938,72.40242767333984,3784031
FMC,2018-11-09,58.656455993652344,72.48048400878906,72.81005859375,71.63919830322266,72.16825866699219,1431680
FMC,2018-11-12,57.71592712402344,71.31829833984375,72.85342407226562,71.15351104736328,72.4891586303711,1425339
FMC,2018-11-13,57.02106475830078,70.45967102050781,71.59584045410156,70.23416900634766,71.20555114746094,1335866
FMC,2018-11-14,56.83858108520508,70.23416900634766,71.32697296142578,70.10407257080078,71.06678009033203,1292628
FMC,2018-11-15,58.024757385253906,71.69991302490234,71.77796936035156,69.27146911621094,69.73980712890625,1265302
FMC,2018-11-16,58.39673614501953,72.15958404541016,72.29835510253906,71.2315673828125,71.60450744628906,1288478
FMC,2018-11-19,57.48430252075195,71.03208923339844,72.87944793701172,70.85862731933594,71.83000946044922,1625269
FMC,2018-11-20,55.1680908203125,68.16999053955078,70.44232177734375,68.09193420410156,69.8612289428711,1667007
FMC,2018-11-21,55.7717170715332,68.9158706665039,69.68777465820312,67.90113067626953,68.39549255371094,1382101
FMC,2018-11-23,55.926124572753906,69.10667419433594,69.8265380859375,67.87510681152344,67.87510681152344,562433
FMC,2018-11-26,57.13336181640625,70.59844207763672,70.88465118408203,69.27146911621094,69.75715637207031,1143891
FMC,2018-11-27,56.50869369506836,69.8265380859375,70.45099639892578,69.34085083007812,69.94795989990234,845495
FMC,2018-11-28,58.382713317871094,72.1422348022461,72.1422348022461,69.0893325805664,69.92194366455078,1444940
FMC,2018-11-29,58.291481018066406,72.02948760986328,72.95750427246094,71.55247497558594,71.70858764648438,1263342
FMC,2018-11-30,58.073883056640625,71.76062774658203,72.25498962402344,71.2315673828125,71.55247497558594,1395822
FMC,2018-12-03,60.12338638305664,74.29314422607422,75.45533752441406,73.3651351928711,73.63399505615234,2346240
FMC,2018-12-04,58.41080093383789,72.17693328857422,74.75281524658203,72.03816223144531,74.07632446289062,1344744
FMC,2018-12-06,57.92649459838867,71.5784912109375,71.59584045410156,69.00260162353516,70.64180755615234,1751061
FMC,2018-12-07,56.20686340332031,69.45359802246094,73.13963317871094,68.87250518798828,71.7172622680664,1262189
FMC,2018-12-10,55.72256851196289,68.85516357421875,69.653076171875,67.58889770507812,68.83781433105469,777122
FMC,2018-12-11,55.31549072265625,68.35212707519531,70.46834564208984,67.64093780517578,69.91326904296875,730080
FMC,2018-12-12,55.926124572753906,69.10667419433594,70.12142181396484,68.8031234741211,69.5056381225586,916520
FMC,2018-12-13,54.915409088134766,67.8577651977539,69.67042541503906,67.718994140625,69.11534881591797,969442
FMC,2018-12-14,54.19947814941406,66.97311401367188,67.77103424072266,66.660888671875,67.12922668457031,769858
FMC,2018-12-17,53.53270721435547,66.14917755126953,67.47615051269531,65.7935791015625,66.74761199951172,1642103
FMC,2018-12-18,53.56781005859375,66.19254302978516,67.17259216308594,65.76756286621094,66.38334655761719,1390979
FMC,2018-12-19,52.54303741455078,64.92627716064453,67.9271469116211,64.64006805419922,66.39202117919922,1117142
FMC,2018-12-20,50.61285400390625,62.54119873046875,65.52471923828125,61.95143127441406,65.03903198242188,1483680
FMC,2018-12-21,49.74251937866211,61.46574020385742,64.13703155517578,61.37900924682617,62.19427490234375,2482870
FMC,2018-12-24,49.19505310058594,60.78924560546875,61.838680267333984,60.27753829956055,61.12749481201172,567161
FMC,2018-12-26,51.54637145996094,63.69470977783203,63.77276611328125,60.15611267089844,60.96270751953125,760173
FMC,2018-12-27,52.068599700927734,63.989593505859375,63.989593505859375,61.65654754638672,62.402427673339844,1023633
FMC,2018-12-28,51.68046569824219,63.512577056884766,64.69210815429688,63.122291564941406,64.36253356933594,916059
FMC,2018-12-31,52.19563293457031,64.14570617675781,64.62272644042969,63.3477897644043,63.69470977783203,709441
FMC,2019-01-02,52.97898483276367,65.10841369628906,65.39462280273438,62.810062408447266,63.08759689331055,1028476
FMC,2019-01-03,51.518131256103516,63.31309509277344,65.20381927490234,63.13096237182617,65.01300811767578,1160725
FMC,2019-01-04,54.24224853515625,66.660888671875,66.91239929199219,64.61405181884766,64.83087921142578,1216300
FMC,2019-01-07,54.87739181518555,67.44145965576172,68.46487426757812,66.13182830810547,66.67823028564453,1198082
FMC,2019-01-08,55.82309341430664,68.60364532470703,68.60364532470703,67.83174133300781,67.83174133300781,1043696
FMC,2019-01-09,56.05595779418945,68.88985443115234,69.69644165039062,68.32610321044922,69.18473815917969,832697
FMC,2019-01-10,56.93105697631836,69.9653091430664,70.0,67.91847229003906,68.46487426757812,691915
FMC,2019-01-11,56.691123962402344,69.67042541503906,69.99132537841797,68.60364532470703,69.2627944946289,661130
FMC,2019-01-14,56.38059997558594,69.28881072998047,69.8612289428711,68.594970703125,68.81179809570312,634727
FMC,2019-01-15,55.91482162475586,68.71639251708984,69.54900360107422,68.49089050292969,69.09800720214844,767667
FMC,2019-01-16,55.872474670410156,68.66435241699219,69.21075439453125,68.26539611816406,68.52558135986328,845841
FMC,2019-01-17,56.04890823364258,68.88117980957031,69.21942901611328,68.02255249023438,68.02255249023438,1198659
FMC,2019-01-18,56.91694259643555,69.94795989990234,70.43365478515625,69.24544525146484,69.41023254394531,1322952
FMC,2019-01-22,56.1477165222168,69.00260162353516,69.59236907958984,68.51691436767578,69.39289093017578,1527264
FMC,2019-01-23,55.11029052734375,67.72766876220703,69.24544525146484,67.32870483398438,69.03729248046875,941540
FMC,2019-01-24,54.90563201904297,67.47615051269531,68.2133560180664,67.24197387695312,67.5455322265625,641414
FMC,2019-01-25,56.013633728027344,68.83781433105469,69.18473815917969,68.3868179321289,68.3868179321289,891038
FMC,2019-01-28,55.83718490600586,68.62098693847656,68.67302703857422,67.80572509765625,67.98786163330078,701946
FMC,2019-01-29,56.52880859375,69.470947265625,69.6444091796875,68.72506713867188,68.7337417602539,867287
FMC,2019-01-30,56.88166809082031,69.90459442138672,70.53772735595703,68.87250518798828,69.80919647216797,921593
FMC,2019-01-31,56.31708526611328,69.21075439453125,69.8265380859375,67.34605407714844,68.94189453125,1494865
FMC,2019-02-01,60.57261276245117,74.44058990478516,74.78751373291016,71.81266021728516,73.97224426269531,2969321
FMC,2019-02-04,60.127994537353516,73.8941879272461,74.83954620361328,73.40850067138672,74.13703155517578,1487370
FMC,2019-02-05,59.97979736328125,73.7120590209961,74.27580261230469,73.39982604980469,73.77276611328125,1318571
FMC,2019-02-06,60.27620315551758,74.07632446289062,74.8742446899414,73.02688598632812,73.23503875732422,960795
FMC,2019-02-07,59.44344711303711,73.05290222167969,73.72940063476562,72.20294952392578,73.39982604980469,726736
FMC,2019-02-08,59.6693000793457,73.3304443359375,73.3304443359375,71.83868408203125,72.4197769165039,726390
FMC,2019-02-11,59.8174934387207,73.5125732421875,73.67736053466797,72.44579315185547,73.31309509277344,1224486
FMC,2019-02-12,58.05318832397461,71.34432220458984,72.6279296875,69.90459442138672,69.92194366455078,3104914
FMC,2019-02-13,59.485801696777344,73.10494232177734,73.34778594970703,71.88204956054688,72.22029876708984,1443325
FMC,2019-02-14,59.25996398925781,72.82740783691406,73.39115142822266,72.15090942382812,72.47180938720703,1258730
FMC,2019-02-15,60.2338752746582,74.02428436279297,74.14570617675781,73.00086975097656,73.72940063476562,1248468
FMC,2019-02-19,61.038414001464844,75.01300811767578,75.10841369628906,72.81873321533203,73.44319152832031,994808
FMC,2019-02-20,61.71589660644531,75.84561920166016,76.51344299316406,74.86557006835938,74.9436264038086,1415423
FMC,2019-02-21,62.24518966674805,76.49609375,76.58282470703125,75.7588882446289,75.9930648803711,1139971
FMC,2019-02-22,62.463966369628906,76.76496124267578,77.1552505493164,76.53945922851562,76.88638305664062,959873
FMC,2019-02-25,63.0638313293457,77.50216674804688,78.02255249023438,76.94709777832031,77.14657592773438,696758
FMC,2019-02-26,62.51338195800781,76.82566833496094,77.94449615478516,76.8083267211914,77.42411041259766,855065
FMC,2019-02-27,63.24732971191406,77.72766876220703,77.91847229003906,76.67823028564453,76.67823028564453,640146
FMC,2019-02-28,63.16264724731445,77.62358856201172,77.90979766845703,77.3373794555664,77.3373794555664,971518
FMC,2019-03-01,63.8260498046875,78.43885803222656,78.69904327392578,77.1639175415039,77.62358856201172,1322030
FMC,2019-03-04,64.25008392333984,78.95999908447266,79.16000366210938,77.19999694824219,78.77999877929688,1843500
FMC,2019-03-05,64.35588836669922,79.08999633789062,79.94999694824219,78.69000244140625,78.83000183105469,1156700
FMC,2019-03-06,63.84321594238281,78.45999908447266,79.66000366210938,78.38999938964844,79.27999877929688,934400
FMC,2019-03-07,63.32247543334961,77.81999969482422,78.30999755859375,76.19999694824219,78.0999984741211,1035200
FMC,2019-03-08,63.08649444580078,77.52999877929688,77.56999969482422,76.31999969482422,76.87999725341797,1255000
FMC,2019-03-11,63.82695388793945,78.44000244140625,78.44000244140625,77.83999633789062,77.91999816894531,927900
FMC,2019-03-12,63.85136032104492,78.47000122070312,78.9800033569336,78.33000183105469,78.73999786376953,645500
FMC,2019-03-13,63.8595085144043,78.4800033569336,79.18000030517578,78.37000274658203,78.81999969482422,1347600
FMC,2019-03-14,62.785404205322266,77.16000366210938,78.6500015258789,77.05000305175781,78.3499984741211,914600
FMC,2019-03-15,62.850528717041016,77.23999786376953,78.08000183105469,76.86000061035156,77.29000091552734,1660700
FMC,2019-03-18,62.59012222290039,76.91999816894531,77.55999755859375,76.44999694824219,77.5199966430664,1099300
FMC,2019-03-19,62.061214447021484,76.2699966430664,77.81999969482422,75.91000366210938,77.44999694824219,1126200
FMC,2019-03-20,61.58113098144531,75.68000030517578,76.05000305175781,74.91999816894531,76.02999877929688,1059800
FMC,2019-03-21,63.151588439941406,77.61000061035156,78.11000061035156,75.62000274658203,75.62000274658203,744600
FMC,2019-03-22,61.01155471801758,74.9800033569336,77.05000305175781,74.95999908447266,76.83000183105469,1049300
FMC,2019-03-25,60.5965461730957,74.47000122070312,75.06999969482422,73.95999908447266,74.41999816894531,684100
FMC,2019-03-26,61.092926025390625,75.08000183105469,75.36000061035156,74.27999877929688,74.69000244140625,649300
FMC,2019-03-27,61.2882080078125,75.31999969482422,75.79000091552734,74.79000091552734,74.98999786376953,1083700
FMC,2019-03-28,62.245304107666016,76.08999633789062,76.31999969482422,75.08000183105469,75.12000274658203,949000
FMC,2019-03-29,62.84251022338867,76.81999969482422,77.05999755859375,76.04000091552734,76.75,1000400
FMC,2019-04-01,64.57677459716797,78.94000244140625,79.13999938964844,77.41000366210938,77.6500015258789,1331900
FMC,2019-04-02,64.59313201904297,78.95999908447266,80.08000183105469,78.73999786376953,79.05999755859375,1006800
FMC,2019-04-03,64.74854278564453,79.1500015258789,80.5999984741211,79.04000091552734,79.79000091552734,1312400
FMC,2019-04-04,65.71385955810547,80.33000183105469,80.33000183105469,78.62999725341797,79.18000030517578,822500
FMC,2019-04-05,65.7874755859375,80.41999816894531,80.6500015258789,80.04000091552734,80.48999786376953,980800
FMC,2019-04-08,66.03286743164062,80.72000122070312,81.01000213623047,79.9000015258789,80.58999633789062,850200
FMC,2019-04-09,65.47662353515625,80.04000091552734,80.55000305175781,79.55999755859375,80.33000183105469,548000
FMC,2019-04-10,65.7874755859375,80.41999816894531,80.47000122070312,79.52999877929688,80.16000366210938,437400
FMC,2019-04-11,65.35391998291016,79.88999938964844,80.5199966430664,79.48999786376953,80.29000091552734,502900
FMC,2019-04-12,65.41934967041016,79.97000122070312,80.69000244140625,79.61000061035156,80.51000213623047,670700
FMC,2019-04-15,65.24756622314453,79.76000213623047,80.2699966430664,79.29000091552734,80.06999969482422,592200
FMC,2019-04-16,66.06560516357422,80.76000213623047,80.79000091552734,79.25,79.72000122070312,1047400
FMC,2019-04-17,66.05741882324219,80.75,81.80000305175781,80.69999694824219,81.19999694824219,783200
FMC,2019-04-18,65.40299224853516,79.94999694824219,80.63999938964844,79.3499984741211,79.76000213623047,1087800
FMC,2019-04-22,65.01033020019531,79.47000122070312,80.0199966430664,79.25,79.76000213623047,552200
FMC,2019-04-23,65.55840301513672,80.13999938964844,80.63999938964844,79.0,79.08000183105469,993700
FMC,2019-04-24,65.23120880126953,79.73999786376953,80.19999694824219,79.55999755859375,79.83999633789062,944700
FMC,2019-04-25,64.6176528930664,78.98999786376953,80.0,78.94999694824219,79.5,719900
FMC,2019-04-26,65.02668762207031,79.48999786376953,79.93000030517578,78.61000061035156,79.0999984741211,629300
FMC,2019-04-29,64.87944793701172,79.30999755859375,79.80000305175781,79.01000213623047,79.41000366210938,999300
FMC,2019-04-30,64.6749267578125,79.05999755859375,80.02999877929688,78.6500015258789,79.52999877929688,1313000
FMC,2019-05-01,62.97338104248047,76.9800033569336,79.29000091552734,76.16999816894531,79.0,1643600
FMC,2019-05-02,62.71979522705078,76.66999816894531,77.25,75.91000366210938,76.5,1074100
FMC,2019-05-03,63.4396858215332,77.55000305175781,77.83999633789062,76.95999908447266,77.13999938964844,894800
FMC,2019-05-06,62.376220703125,76.25,76.5999984741211,75.44999694824219,75.44999694824219,1150900
FMC,2019-05-07,64.22501373291016,78.51000213623047,80.4000015258789,77.5,77.94000244140625,2670700
FMC,2019-05-08,64.59313201904297,78.95999908447266,79.30000305175781,77.4000015258789,78.30000305175781,1818900
FMC,2019-05-09,65.2066650390625,79.70999908447266,79.80000305175781,77.58999633789062,78.20999908447266,1443900
FMC,2019-05-10,64.98579406738281,79.44000244140625,80.19000244140625,78.31999969482422,79.58999633789062,2301700
FMC,2019-05-13,61.345458984375,74.98999786376953,78.4800033569336,74.75,78.01000213623047,1818300
FMC,2019-05-14,61.45998764038086,75.12999725341797,76.26000213623047,74.79000091552734,75.26000213623047,3015200
FMC,2019-05-15,61.90991973876953,75.68000030517578,76.05999755859375,74.33999633789062,74.51000213623047,1281500
FMC,2019-05-16,61.98353958129883,75.7699966430664,76.58000183105469,75.5999984741211,76.43000030517578,1334000
FMC,2019-05-17,61.541805267333984,75.2300033569336,75.54000091552734,74.55000305175781,74.97000122070312,1024000
FMC,2019-05-20,59.69300079345703,72.97000122070312,74.93000030517578,72.83999633789062,74.48999786376953,984500
FMC,2019-05-21,60.8055534362793,74.33000183105469,74.37999725341797,73.08000183105469,73.12000274658203,857900
FMC,2019-05-22,59.90569305419922,73.2300033569336,74.4800033569336,73.16999816894531,74.13999938964844,713700
FMC,2019-05-23,58.37596893310547,71.36000061035156,72.41999816894531,70.93000030517578,72.04000091552734,1488900
FMC,2019-05-24,58.016014099121094,70.91999816894531,72.25,70.8499984741211,72.18000030517578,866200
FMC,2019-05-28,58.43320846557617,71.43000030517578,71.69000244140625,70.62000274658203,71.19999694824219,1129600
FMC,2019-05-29,59.40669631958008,72.62000274658203,72.80000305175781,70.66000366210938,70.76000213623047,1850700
FMC,2019-05-30,59.987518310546875,73.33000183105469,73.44000244140625,72.56999969482422,72.56999969482422,885900
FMC,2019-05-31,60.08567428588867,73.44999694824219,73.83000183105469,72.30000305175781,72.72000122070312,1326900
FMC,2019-06-03,61.14912414550781,74.75,75.44999694824219,73.58000183105469,73.66999816894531,1722100
FMC,2019-06-04,63.92232894897461,78.13999938964844,78.13999938964844,75.83000183105469,75.86000061035156,1670200
FMC,2019-06-05,64.30680084228516,78.61000061035156,79.20999908447266,76.97000122070312,78.83000183105469,1771500
FMC,2019-06-06,65.03485870361328,79.5,79.56999969482422,78.04000091552734,78.3499984741211,1493300
FMC,2019-06-07,66.03286743164062,80.72000122070312,80.87999725341797,79.13999938964844,80.0,1204900
FMC,2019-06-10,65.38662719726562,79.93000030517578,81.08000183105469,79.81999969482422,80.75,909800
FMC,2019-06-11,65.19029998779297,79.69000244140625,81.26000213623047,79.22000122070312,80.66999816894531,1707000
FMC,2019-06-12,65.3702621459961,79.91000366210938,80.37000274658203,79.30999755859375,79.69000244140625,1359200
FMC,2019-06-13,65.83655548095703,80.4800033569336,80.7300033569336,79.62000274658203,80.41999816894531,785000
FMC,2019-06-14,65.3702621459961,79.91000366210938,80.31999969482422,79.37000274658203,80.2300033569336,941800
FMC,2019-06-17,65.10847473144531,79.58999633789062,80.30999755859375,79.19999694824219,80.0999984741211,993200
FMC,2019-06-18,66.0001449584961,80.68000030517578,80.81999969482422,79.77999877929688,80.05000305175781,1077600
FMC,2019-06-19,67.11271667480469,82.04000091552734,82.2300033569336,80.66000366210938,81.01000213623047,1105100
FMC,2019-06-20,67.12907409667969,82.05999755859375,83.05999755859375,81.51000213623047,83.04000091552734,853800
FMC,2019-06-21,67.5708236694336,82.5999984741211,83.18000030517578,81.41999816894531,81.94000244140625,1710300
FMC,2019-06-24,66.92455291748047,81.80999755859375,82.83999633789062,81.66999816894531,82.63999938964844,686500
FMC,2019-06-25,67.57899475097656,82.61000061035156,82.69999694824219,81.81999969482422,82.12000274658203,740500
FMC,2019-06-26,68.2088623046875,83.37999725341797,83.70999908447266,82.55999755859375,82.72000122070312,808100
FMC,2019-06-27,68.29930877685547,83.08999633789062,83.83999633789062,82.75,83.5,780700
FMC,2019-06-28,68.18424224853516,82.94999694824219,83.41999816894531,82.7699966430664,83.27999877929688,1772900
FMC,2019-07-01,69.89395904541016,85.02999877929688,85.20999908447266,83.63999938964844,84.13999938964844,1084700
FMC,2019-07-02,68.6363296508789,83.5,84.75,83.26000213623047,84.62000274658203,696000
FMC,2019-07-03,69.69671630859375,84.79000091552734,84.91999816894531,83.5,83.83999633789062,322500
FMC,2019-07-05,69.61450958251953,84.69000244140625,84.76000213623047,83.87999725341797,84.08000183105469,421900
FMC,2019-07-08,68.8336181640625,83.73999786376953,84.87999725341797,83.62000274658203,84.55999755859375,895400
FMC,2019-07-09,67.67461395263672,82.33000183105469,83.1500015258789,82.05000305175781,82.97000122070312,847300
FMC,2019-07-10,67.02523040771484,81.54000091552734,82.75,81.41999816894531,82.55000305175781,706100
FMC,2019-07-11,67.97872924804688,82.69999694824219,82.7300033569336,81.0999984741211,81.58999633789062,768800
FMC,2019-07-12,68.43904113769531,83.26000213623047,83.56999969482422,82.9800033569336,83.06999969482422,902000
FMC,2019-07-15,69.03909301757812,83.98999786376953,84.08999633789062,82.75,83.5,607400
FMC,2019-07-16,69.43366241455078,84.47000122070312,85.51000213623047,83.68000030517578,84.22000122070312,451400
FMC,2019-07-17,68.59523010253906,83.44999694824219,84.5199966430664,83.44999694824219,84.43000030517578,550400
FMC,2019-07-18,68.8829345703125,83.80000305175781,84.54000091552734,83.08000183105469,83.08999633789062,767500
FMC,2019-07-19,68.52947235107422,83.37000274658203,84.38999938964844,83.36000061035156,84.05999755859375,1141900
FMC,2019-07-22,69.35966491699219,84.37999725341797,84.5999984741211,83.44000244140625,83.83000183105469,802800
FMC,2019-07-23,69.7789077758789,84.88999938964844,85.3499984741211,84.26000213623047,84.58999633789062,1079400
FMC,2019-07-24,70.51868438720703,85.79000091552734,85.91999816894531,84.91000366210938,85.27999877929688,692300
FMC,2019-07-25,70.06658935546875,85.23999786376953,85.76000213623047,84.75,85.41999816894531,507100
FMC,2019-07-26,70.33784484863281,85.56999969482422,85.66000366210938,84.44000244140625,85.05999755859375,700900
FMC,2019-07-29,69.1048583984375,84.06999969482422,85.52999877929688,83.94000244140625,85.5199966430664,548700
FMC,2019-07-30,69.7049331665039,84.80000305175781,85.08000183105469,83.16999816894531,83.44000244140625,1144600
FMC,2019-07-31,71.03654479980469,86.41999816894531,87.98999786376953,84.2699966430664,84.5,2128600
FMC,2019-08-01,69.91863250732422,85.05999755859375,87.55000305175781,84.77999877929688,85.43000030517578,1799900
FMC,2019-08-02,70.62555694580078,85.91999816894531,86.30000305175781,83.72000122070312,85.87999725341797,1034900
FMC,2019-08-05,67.09098052978516,81.62000274658203,84.44999694824219,80.37999725341797,83.9000015258789,1263400
FMC,2019-08-06,69.0966567993164,84.05999755859375,84.69999694824219,81.62999725341797,82.12999725341797,1357500
FMC,2019-08-07,69.78712463378906,84.9000015258789,85.0199966430664,82.52999877929688,82.94999694824219,1124100
FMC,2019-08-08,72.98468017578125,88.79000091552734,89.0199966430664,85.23999786376953,85.86000061035156,1462300
FMC,2019-08-09,72.59834289550781,88.31999969482422,90.0,88.2699966430664,90.0,1742300
FMC,2019-08-12,70.33784484863281,85.56999969482422,88.0,85.33999633789062,87.55999755859375,984000
FMC,2019-08-13,71.06942749023438,86.45999908447266,88.18000030517578,85.05000305175781,85.62000274658203,1173400
FMC,2019-08-14,68.90760803222656,83.83000183105469,85.05999755859375,83.37999725341797,84.58999633789062,890400
FMC,2019-08-15,68.66921997070312,83.54000091552734,84.77999877929688,83.12000274658203,84.33000183105469,665900
FMC,2019-08-16,70.35430908203125,85.58999633789062,85.83999633789062,83.97000122070312,84.16999816894531,745900
FMC,2019-08-19,70.86390686035156,86.20999908447266,86.58999633789062,85.80999755859375,86.56999969482422,508400
FMC,2019-08-20,70.18988037109375,85.38999938964844,86.0999984741211,85.05999755859375,86.0199966430664,691500
FMC,2019-08-21,70.83927917480469,86.18000030517578,86.76000213623047,85.43000030517578,86.0,549200
FMC,2019-08-22,70.74063873291016,86.05999755859375,86.93000030517578,85.54000091552734,86.43000030517578,493400
FMC,2019-08-23,68.0773696899414,82.81999969482422,86.04000091552734,82.47000122070312,85.47000122070312,943500
FMC,2019-08-26,68.6610107421875,83.52999877929688,84.05999755859375,83.13999938964844,83.95999908447266,497900
FMC,2019-08-27,68.422607421875,83.23999786376953,84.05999755859375,83.22000122070312,83.81999969482422,654400
FMC,2019-08-28,69.08843994140625,84.05000305175781,84.44999694824219,82.63999938964844,82.94000244140625,469800
FMC,2019-08-29,70.29676818847656,85.5199966430664,85.97000122070312,84.97000122070312,85.12999725341797,410000
FMC,2019-08-30,70.9625473022461,86.33000183105469,86.72000122070312,85.87000274658203,86.36000061035156,700900
FMC,2019-09-03,69.95152282714844,85.0999984741211,85.38999938964844,84.05999755859375,85.37000274658203,955200
FMC,2019-09-04,71.27490997314453,86.70999908447266,86.91000366210938,85.9000015258789,86.20999908447266,644500
FMC,2019-09-05,71.90785217285156,87.4800033569336,88.62000274658203,87.43000030517578,87.72000122070312,787800
FMC,2019-09-06,71.84209442138672,87.4000015258789,88.06999969482422,87.16999816894531,88.06999969482422,854900
FMC,2019-09-09,71.52974700927734,87.0199966430664,88.4000015258789,86.91000366210938,87.68000030517578,1270200
FMC,2019-09-10,71.18450927734375,86.5999984741211,87.52999877929688,86.13999938964844,87.52999877929688,1122700
FMC,2019-09-11,73.05042266845703,88.87000274658203,88.95999908447266,86.83999633789062,87.1500015258789,983300
FMC,2019-09-12,73.94640350341797,89.95999908447266,90.38999938964844,88.37000274658203,89.0,919900
FMC,2019-09-13,74.84236907958984,91.05000305175781,92.12999725341797,90.02999877929688,90.02999877929688,780100
FMC,2019-09-16,74.875244140625,91.08999633789062,91.62999725341797,90.41999816894531,91.04000091552734,661400
FMC,2019-09-17,74.51358032226562,90.6500015258789,91.52999877929688,90.4000015258789,90.72000122070312,665800
FMC,2019-09-18,74.70262908935547,90.87999725341797,91.61000061035156,89.9800033569336,90.58000183105469,931500
FMC,2019-09-19,74.29987335205078,90.38999938964844,91.18000030517578,90.1500015258789,90.97000122070312,697800
FMC,2019-09-20,73.8970947265625,89.9000015258789,90.98999786376953,89.22000122070312,90.58999633789062,1143400
FMC,2019-09-23,72.91068267822266,88.69999694824219,90.13999938964844,88.41000366210938,89.37000274658203,1095400
FMC,2019-09-24,72.28598022460938,87.94000244140625,89.18000030517578,87.33000183105469,88.62000274658203,988400
FMC,2019-09-25,72.06404113769531,87.66999816894531,88.20999908447266,86.79000091552734,87.87999725341797,838600
FMC,2019-09-26,71.86676025390625,87.43000030517578,87.98999786376953,86.9800033569336,87.5999984741211,1071800
FMC,2019-09-27,71.12355041503906,86.12999725341797,87.94999694824219,85.98999786376953,87.19999694824219,866900
FMC,2019-09-30,72.40351104736328,87.68000030517578,88.01000213623047,85.5999984741211,86.16000366210938,1231800
FMC,2019-10-01,69.5215835571289,84.19000244140625,88.47000122070312,83.7699966430664,87.97000122070312,1141800
FMC,2019-10-02,68.83617401123047,83.36000061035156,83.48999786376953,81.73999786376953,82.97000122070312,1359300
FMC,2019-10-03,68.70403289794922,83.19999694824219,83.22000122070312,81.80999755859375,83.19000244140625,840100
FMC,2019-10-04,67.87004089355469,82.19000244140625,83.5,81.8499984741211,82.9800033569336,1131200
FMC,2019-10-07,66.93690490722656,81.05999755859375,82.26000213623047,81.05000305175781,82.1500015258789,940500
FMC,2019-10-08,65.26886749267578,79.04000091552734,80.69000244140625,79.01000213623047,80.36000061035156,875000
FMC,2019-10-09,65.63218688964844,79.4800033569336,80.23999786376953,78.9000015258789,80.23999786376953,988800
FMC,2019-10-10,65.99552917480469,79.91999816894531,80.29000091552734,79.05000305175781,79.80000305175781,917600
FMC,2019-10-11,69.1582260131836,83.75,84.76000213623047,81.19999694824219,81.19999694824219,1164800
FMC,2019-10-14,68.08473205566406,82.44999694824219,83.41999816894531,82.33999633789062,83.19999694824219,561800
FMC,2019-10-15,68.57194519042969,83.04000091552734,83.69999694824219,82.19000244140625,82.94000244140625,578600
FMC,2019-10-16,69.17474365234375,83.7699966430664,85.43000030517578,83.4800033569336,83.94999694824219,1255500
FMC,2019-10-17,69.69499969482422,84.4000015258789,85.04000091552734,83.79000091552734,84.04000091552734,872400
FMC,2019-10-18,68.54717254638672,83.01000213623047,84.41999816894531,82.80999755859375,84.33000183105469,541200
FMC,2019-10-21,68.98482513427734,83.54000091552734,83.93000030517578,83.16999816894531,83.69000244140625,523000
FMC,2019-10-22,67.84527587890625,82.16000366210938,83.87000274658203,82.01000213623047,83.43000030517578,673900
FMC,2019-10-23,68.15079498291016,82.52999877929688,82.66000366210938,81.52999877929688,81.87999725341797,563500
FMC,2019-10-24,68.86094665527344,83.38999938964844,83.88999938964844,82.72000122070312,83.25,497400
FMC,2019-10-25,69.3481674194336,83.9800033569336,84.05000305175781,82.31999969482422,83.0199966430664,561200
FMC,2019-10-28,69.38943481445312,84.02999877929688,85.0999984741211,83.4800033569336,84.61000061035156,783600
FMC,2019-10-29,70.11613464355469,84.91000366210938,84.94999694824219,83.38999938964844,83.62999725341797,916500
FMC,2019-10-30,75.12030792236328,90.97000122070312,91.33000183105469,87.66000366210938,88.58999633789062,1573500
FMC,2019-10-31,75.55796813964844,91.5,93.0,90.58999633789062,91.25,1185300
FMC,2019-11-01,78.45639038085938,95.01000213623047,95.12000274658203,91.87000274658203,92.16000366210938,1732300
FMC,2019-11-04,79.2656478881836,95.98999786376953,96.30999755859375,94.83000183105469,95.01000213623047,1016700
FMC,2019-11-05,80.00057220458984,96.87999725341797,97.18000030517578,95.80999755859375,96.16000366210938,1157200
FMC,2019-11-06,80.5290756225586,97.5199966430664,98.16999816894531,96.66000366210938,97.0,1386000
FMC,2019-11-07,79.95930480957031,96.83000183105469,98.13999938964844,95.77999877929688,98.0999984741211,1060300
FMC,2019-11-08,80.677734375,97.69999694824219,97.72000122070312,96.0,96.80999755859375,787600
FMC,2019-11-11,81.75948333740234,99.01000213623047,99.0199966430664,96.62000274658203,96.83999633789062,817100
FMC,2019-11-12,81.21446228027344,98.3499984741211,99.05000305175781,97.72000122070312,98.68000030517578,1071300
FMC,2019-11-13,79.55467224121094,96.33999633789062,97.88999938964844,95.80999755859375,97.81999969482422,823600
FMC,2019-11-14,80.13272094726562,97.04000091552734,97.12999725341797,95.33000183105469,95.80000305175781,648800
FMC,2019-11-15,80.09969329833984,97.0,97.87999725341797,96.77999877929688,97.68000030517578,609400
FMC,2019-11-18,80.0666732788086,96.95999908447266,97.80000305175781,96.5199966430664,96.72000122070312,547100
FMC,2019-11-19,80.47127532958984,97.44999694824219,97.7699966430664,96.19999694824219,97.41000366210938,640400
FMC,2019-11-20,80.1657485961914,97.08000183105469,97.76000213623047,96.76000213623047,96.88999938964844,699300
FMC,2019-11-21,80.85116577148438,97.91000366210938,97.93000030517578,96.23999786376953,97.2300033569336,762300
FMC,2019-11-22,80.28961181640625,97.2300033569336,98.19999694824219,96.55000305175781,98.05000305175781,788200
FMC,2019-11-25,81.35484313964844,98.5199966430664,98.93000030517578,97.1500015258789,97.80999755859375,851600
FMC,2019-11-26,81.35484313964844,98.5199966430664,98.83000183105469,97.70999908447266,98.7300033569336,746100
FMC,2019-11-27,81.5695571899414,98.77999877929688,99.33999633789062,98.52999877929688,98.75,977100
FMC,2019-11-29,80.8924331665039,97.95999908447266,98.94999694824219,97.77999877929688,98.80000305175781,401400
FMC,2019-12-02,80.80984497070312,97.86000061035156,98.56999969482422,97.20999908447266,98.02999877929688,649400
FMC,2019-12-03,80.3061294555664,97.25,97.37000274658203,95.91000366210938,96.5999984741211,780800
FMC,2019-12-04,80.0253677368164,96.91000366210938,98.62999725341797,96.86000061035156,97.45999908447266,645700
FMC,2019-12-05,80.91719055175781,97.98999786376953,98.06999969482422,96.91000366210938,97.38999938964844,653700
FMC,2019-12-06,81.27227783203125,98.41999816894531,99.0,98.11000061035156,98.8499984741211,826800
FMC,2019-12-09,81.90811157226562,99.19000244140625,99.51000213623047,98.26000213623047,98.63999938964844,710400
FMC,2019-12-10,80.78507232666016,97.83000183105469,99.5999984741211,97.5199966430664,98.93000030517578,598900
FMC,2019-12-11,81.13191223144531,98.25,98.55999755859375,97.75,98.12000274658203,765700
FMC,2019-12-12,82.16410827636719,99.5,99.80000305175781,98.01000213623047,98.22000122070312,651200
FMC,2019-12-13,81.89988708496094,99.18000030517578,100.4800033569336,98.97000122070312,99.80000305175781,602800
FMC,2019-12-16,82.1806411743164,99.5199966430664,100.9800033569336,99.4800033569336,100.0,587400
FMC,2019-12-17,83.3366928100586,100.91999816894531,101.2300033569336,99.66999816894531,100.13999938964844,849900
FMC,2019-12-18,82.79996490478516,100.2699966430664,101.37000274658203,99.81999969482422,100.73999786376953,1348600
FMC,2019-12-19,81.23099517822266,98.37000274658203,101.94999694824219,98.05000305175781,100.26000213623047,1834200
FMC,2019-12-20,81.78425598144531,99.04000091552734,99.69000244140625,98.45999908447266,99.08000183105469,2375800
FMC,2019-12-23,82.79170227050781,100.26000213623047,100.31999969482422,97.76000213623047,99.0,719300
FMC,2019-12-24,83.3366928100586,100.91999816894531,101.31999969482422,100.0199966430664,100.22000122070312,248800
FMC,2019-12-26,83.80741119384766,101.48999786376953,101.5,100.54000091552734,100.94999694824219,307200
FMC,2019-12-27,83.51011657714844,101.12999725341797,101.77999877929688,100.86000061035156,101.61000061035156,451600
FMC,2019-12-30,82.29094696044922,99.22000122070312,100.73999786376953,99.12999725341797,100.69999694824219,452000
FMC,2019-12-31,82.78855895996094,99.81999969482422,99.94000244140625,98.91000366210938,99.0199966430664,411400
FMC,2020-01-02,82.83833312988281,99.87999725341797,101.4000015258789,99.44999694824219,100.37000274658203,1023100
FMC,2020-01-03,82.29922485351562,99.2300033569336,99.41999816894531,98.31999969482422,98.5,835100
FMC,2020-01-06,81.57767486572266,98.36000061035156,98.91000366210938,97.83000183105469,98.5999984741211,804900
FMC,2020-01-07,83.06224060058594,100.1500015258789,101.25,98.29000091552734,98.91999816894531,1462900
FMC,2020-01-08,83.3110580444336,100.44999694824219,100.72000122070312,98.8499984741211,100.33000183105469,1433500
FMC,2020-01-09,82.53975677490234,99.5199966430664,101.44000244140625,99.25,100.8499984741211,925500
FMC,2020-01-10,81.27911376953125,98.0,99.79000091552734,97.47000122070312,99.79000091552734,734200
FMC,2020-01-13,82.00064849853516,98.87000274658203,98.9000015258789,97.81999969482422,98.05999755859375,1020600
FMC,2020-01-14,81.51131439208984,98.27999877929688,99.13999938964844,98.16000366210938,98.77999877929688,731200
FMC,2020-01-15,81.70207214355469,98.51000213623047,99.2300033569336,97.98999786376953,98.87000274658203,629500
FMC,2020-01-16,82.5978012084961,99.58999633789062,99.62000274658203,98.52999877929688,98.86000061035156,485900
FMC,2020-01-17,82.93783569335938,100.0,100.0,98.77999877929688,99.75,943200
FMC,2020-01-21,81.40352630615234,98.1500015258789,99.4800033569336,98.12000274658203,99.27999877929688,872200
FMC,2020-01-22,80.94731903076172,97.5999984741211,98.30999755859375,97.47000122070312,98.29000091552734,650100
FMC,2020-01-23,80.3087158203125,96.83000183105469,97.27999877929688,94.86000061035156,96.6500015258789,905700
FMC,2020-01-24,79.35492706298828,95.68000030517578,97.30000305175781,95.20999908447266,97.06999969482422,591000
FMC,2020-01-27,77.81228637695312,93.81999969482422,94.51000213623047,92.69999694824219,93.47000122070312,889400
FMC,2020-01-28,78.86558532714844,95.08999633789062,95.30999755859375,93.79000091552734,94.25,694900
FMC,2020-01-29,79.92720031738281,96.37000274658203,96.55999755859375,95.22000122070312,95.33000183105469,854400
FMC,2020-01-30,79.66181182861328,96.05000305175781,96.62999725341797,94.93000030517578,95.30999755859375,703700
FMC,2020-01-31,79.2802734375,95.58999633789062,96.04000091552734,94.75,95.16000366210938,919500
FMC,2020-02-03,80.95561981201172,97.61000061035156,98.0999984741211,95.58000183105469,96.06999969482422,930400
FMC,2020-02-04,82.09187316894531,98.9800033569336,99.25,97.38999938964844,98.69999694824219,1044800
FMC,2020-02-05,84.44730377197266,101.81999969482422,102.0,99.38999938964844,99.83999633789062,1366100
FMC,2020-02-06,89.50652313232422,107.91999816894531,108.7699966430664,102.0999984741211,103.4800033569336,2297600
FMC,2020-02-07,87.20084381103516,105.13999938964844,107.55000305175781,103.7300033569336,107.05999755859375,1393500
FMC,2020-02-10,86.96862030029297,104.86000061035156,105.5199966430664,104.23999786376953,104.86000061035156,620000
FMC,2020-02-11,87.29209899902344,105.25,106.72000122070312,104.87000274658203,105.22000122070312,1018300
FMC,2020-02-12,88.27906036376953,106.44000244140625,106.98999786376953,105.27999877929688,106.08999633789062,681300
FMC,2020-02-13,87.44137573242188,105.43000030517578,106.08999633789062,104.01000213623047,105.7699966430664,813400
FMC,2020-02-14,87.4745864868164,105.47000122070312,106.87999725341797,104.77999877929688,105.37000274658203,588700
FMC,2020-02-18,87.73992919921875,105.79000091552734,105.83999633789062,104.58999633789062,105.19999694824219,644300
FMC,2020-02-19,88.28733825683594,106.44999694824219,107.2699966430664,105.80000305175781,106.0,599700
FMC,2020-02-20,89.81340789794922,108.29000091552734,108.58999633789062,106.33999633789062,106.45999908447266,848100
FMC,2020-02-21,88.39515686035156,106.58000183105469,107.83999633789062,106.0999984741211,107.47000122070312,631700
FMC,2020-02-24,84.92835998535156,102.4000015258789,103.31999969482422,101.41000366210938,103.04000091552734,1062700
FMC,2020-02-25,81.06346893310547,97.73999786376953,103.22000122070312,97.33000183105469,102.94000244140625,913500
FMC,2020-02-26,80.35847473144531,96.88999938964844,99.69999694824219,96.8499984741211,98.55999755859375,813900
FMC,2020-02-27,76.60140991210938,92.36000061035156,96.70999908447266,92.33999633789062,94.0,976900
FMC,2020-02-28,77.21513366699219,93.0999984741211,93.41000366210938,88.69999694824219,89.30000305175781,1861500
FMC,2020-03-02,80.37506866455078,96.91000366210938,96.95999908447266,91.08999633789062,93.5999984741211,1207000
FMC,2020-03-03,78.4509048461914,94.58999633789062,98.66999816894531,92.62999725341797,96.13999938964844,896300
FMC,2020-03-04,82.39874267578125,99.3499984741211,99.41000366210938,94.80000305175781,96.0999984741211,928800
FMC,2020-03-05,78.64998626708984,94.83000183105469,97.16000366210938,93.68000030517578,96.5999984741211,798500
FMC,2020-03-06,75.08362579345703,90.52999877929688,92.44000244140625,88.30000305175781,91.86000061035156,1127700
FMC,2020-03-09,65.71994018554688,79.23999786376953,85.43000030517578,79.0199966430664,84.5,1560000
FMC,2020-03-10,72.13933563232422,86.9800033569336,86.98999786376953,81.7699966430664,82.86000061035156,1456700
FMC,2020-03-11,69.05403900146484,83.26000213623047,85.66000366210938,82.02999877929688,84.5,1023300
FMC,2020-03-12,64.22705841064453,77.44000244140625,79.52999877929688,74.37999725341797,77.48999786376953,1594800
FMC,2020-03-13,73.02677917480469,88.05000305175781,88.2300033569336,78.20999908447266,83.52999877929688,1719100
FMC,2020-03-16,58.894161224365234,71.01000213623047,80.19000244140625,61.849998474121094,76.06999969482422,1827700
FMC,2020-03-17,56.92853546142578,68.63999938964844,72.5199966430664,67.72000122070312,72.37999725341797,1613200
FMC,2020-03-18,49.61342239379883,59.81999969482422,65.19000244140625,56.77000045776367,64.48999786376953,2340500
FMC,2020-03-19,55.99134063720703,67.51000213623047,72.25,57.08000183105469,59.040000915527344,1568500
FMC,2020-03-20,54.175010681152344,65.31999969482422,71.41999816894531,63.70000076293945,68.45999908447266,1742000
FMC,2020-03-23,53.22951126098633,64.18000030517578,66.98999786376953,62.689998626708984,64.81999969482422,1204300
FMC,2020-03-24,56.994895935058594,68.72000122070312,72.7300033569336,66.25,68.4000015258789,1463300
FMC,2020-03-25,61.092018127441406,73.66000366210938,77.19999694824219,67.95999908447266,69.16000366210938,1738500
FMC,2020-03-26,66.52442932128906,80.20999908447266,81.87000274658203,74.0,75.26000213623047,1609400
FMC,2020-03-27,63.54698181152344,76.62000274658203,78.63999938964844,75.26000213623047,76.83000183105469,1033400
FMC,2020-03-30,68.93570709228516,82.63999938964844,83.23999786376953,75.38999938964844,75.9000015258789,1614100
FMC,2020-03-31,68.14326477050781,81.69000244140625,84.98999786376953,80.54000091552734,82.5,2046500
FMC,2020-04-01,64.20597839355469,76.97000122070312,79.81999969482422,75.18000030517578,78.02999877929688,1645000
FMC,2020-04-02,61.87863540649414,74.18000030517578,80.62999725341797,73.4000015258789,77.5199966430664,1591000
FMC,2020-04-03,59.125892639160156,70.87999725341797,76.77999877929688,70.5,74.27999877929688,1562300
FMC,2020-04-06,65.0901870727539,78.02999877929688,79.16999816894531,73.94000244140625,75.19999694824219,992300
FMC,2020-04-07,66.26637268066406,79.44000244140625,84.30999755859375,79.29000091552734,82.0,1603300
FMC,2020-04-08,69.12757873535156,82.87000274658203,83.95999908447266,78.9800033569336,80.30000305175781,1045400
FMC,2020-04-09,75.07518005371094,90.0,91.01000213623047,83.51000213623047,85.5999984741211,1543500
FMC,2020-04-13,72.2640151977539,86.62999725341797,89.66000366210938,84.0999984741211,88.77999877929688,883000
FMC,2020-04-14,72.29739379882812,86.66999816894531,89.30000305175781,86.45999908447266,88.20999908447266,940900
FMC,2020-04-15,70.10354614257812,84.04000091552734,85.38999938964844,80.79000091552734,82.8499984741211,991400
FMC,2020-04-16,69.51129150390625,83.33000183105469,84.58000183105469,81.58000183105469,83.47000122070312,654300
FMC,2020-04-17,71.82193756103516,86.0999984741211,87.72000122070312,84.86000061035156,86.01000213623047,863400
FMC,2020-04-20,70.53730773925781,84.55999755859375,86.25,83.6500015258789,84.62000274658203,763700
FMC,2020-04-21,69.72815704345703,83.58999633789062,84.75,81.81999969482422,82.5,791600
FMC,2020-04-22,70.16194152832031,84.11000061035156,86.16000366210938,83.16999816894531,85.41000366210938,571400
FMC,2020-04-23,72.8813247680664,87.37000274658203,88.94000244140625,85.5,85.51000213623047,836800
FMC,2020-04-24,73.57367706298828,88.19999694824219,90.75,87.5199966430664,88.25,901100
FMC,2020-04-27,75.3921890258789,90.37999725341797,91.08000183105469,88.12000274658203,88.6500015258789,677100
FMC,2020-04-28,75.81758117675781,90.88999938964844,92.88999938964844,90.63999938964844,92.63999938964844,745400
FMC,2020-04-29,79.26271057128906,95.0199966430664,95.72000122070312,92.8499984741211,93.72000122070312,669300
FMC,2020-04-30,76.66011810302734,91.9000015258789,94.19000244140625,91.81999969482422,93.80999755859375,1130100
FMC,2020-05-01,75.00846862792969,89.91999816894531,91.12000274658203,88.38999938964844,90.0999984741211,808700
FMC,2020-05-04,74.77488708496094,89.63999938964844,89.8499984741211,87.75,88.2699966430664,693000
FMC,2020-05-05,74.65811920166016,89.5,92.55999755859375,89.0999984741211,90.75,1179100
FMC,2020-05-06,76.7268295288086,91.9800033569336,93.0,87.29000091552734,89.95999908447266,1228800
FMC,2020-05-07,78.50362396240234,94.11000061035156,96.87999725341797,93.43000030517578,94.23999786376953,829000
FMC,2020-05-08,77.97809600830078,93.4800033569336,96.37999725341797,93.37999725341797,95.41000366210938,982300
FMC,2020-05-11,76.3264389038086,91.5,92.5199966430664,90.41999816894531,91.7300033569336,730400
FMC,2020-05-12,74.35780334472656,89.13999938964844,92.62999725341797,89.0999984741211,91.51000213623047,927800
FMC,2020-05-13,74.04915618896484,88.7699966430664,89.68000030517578,86.62000274658203,88.9000015258789,770900
FMC,2020-05-14,73.91567993164062,88.61000061035156,89.06999969482422,85.58000183105469,87.37999725341797,959100
FMC,2020-05-15,73.42353057861328,88.0199966430664,88.62000274658203,87.44999694824219,88.13999938964844,784200
FMC,2020-05-18,75.7675552368164,90.83000183105469,93.06999969482422,90.79000091552734,92.04000091552734,740900
FMC,2020-05-19,74.39118194580078,89.18000030517578,91.41000366210938,89.11000061035156,90.72000122070312,732900
FMC,2020-05-20,77.6360855102539,93.06999969482422,93.63999938964844,90.20999908447266,90.72000122070312,506200
FMC,2020-05-21,76.63509368896484,91.87000274658203,93.23999786376953,91.4000015258789,92.73999786376953,442500
FMC,2020-05-22,77.82794189453125,93.30000305175781,93.38999938964844,91.16999816894531,91.43000030517578,500400
FMC,2020-05-26,79.09588623046875,94.81999969482422,97.05000305175781,94.54000091552734,96.22000122070312,629800
FMC,2020-05-27,80.26371002197266,96.22000122070312,96.97000122070312,94.45999908447266,96.44000244140625,690400
FMC,2020-05-28,81.45657348632812,97.6500015258789,98.48999786376953,95.51000213623047,97.27999877929688,752200
FMC,2020-05-29,82.09056091308594,98.41000366210938,98.69000244140625,96.33999633789062,97.33000183105469,681800
FMC,2020-06-01,82.48260498046875,98.87999725341797,99.80999755859375,97.7699966430664,98.22000122070312,687000
FMC,2020-06-02,84.17597961425781,100.91000366210938,101.04000091552734,98.19999694824219,99.45999908447266,573000
FMC,2020-06-03,85.0101318359375,101.91000366210938,104.29000091552734,101.36000061035156,102.01000213623047,763500
FMC,2020-06-04,83.25006103515625,99.80000305175781,101.44000244140625,98.73999786376953,101.31999969482422,968200
FMC,2020-06-05,86.09455871582031,103.20999908447266,104.9800033569336,101.77999877929688,102.45999908447266,846000
FMC,2020-06-08,87.24571228027344,104.58999633789062,105.76000213623047,102.55999755859375,103.0999984741211,1012800
FMC,2020-06-09,86.95372772216797,104.23999786376953,105.5199966430664,102.44999694824219,104.30999755859375,777400
FMC,2020-06-10,85.76923370361328,102.81999969482422,104.97000122070312,102.55000305175781,104.58999633789062,443900
FMC,2020-06-11,79.15425872802734,94.88999938964844,100.08999633789062,94.33999633789062,99.0199966430664,1021500
FMC,2020-06-12,81.19798278808594,97.33999633789062,98.73999786376953,95.69000244140625,98.43000030517578,696100
FMC,2020-06-15,82.02381896972656,98.33000183105469,99.06999969482422,93.5199966430664,94.66999816894531,716000
FMC,2020-06-16,83.76724243164062,100.41999816894531,102.5999984741211,98.38999938964844,101.86000061035156,807400
FMC,2020-06-17,83.90069580078125,100.58000183105469,102.0,100.04000091552734,101.33999633789062,503000
FMC,2020-06-18,82.57438659667969,98.98999786376953,100.55999755859375,98.54000091552734,99.93000030517578,527600
FMC,2020-06-19,83.80061340332031,100.45999908447266,101.62999725341797,99.05000305175781,100.91999816894531,1274100
FMC,2020-06-22,83.71717834472656,100.36000061035156,100.87999725341797,98.5999984741211,99.66999816894531,497900
FMC,2020-06-23,84.31780242919922,101.08000183105469,102.08999633789062,100.63999938964844,101.9800033569336,501800
FMC,2020-06-24,80.60572052001953,96.62999725341797,100.13999938964844,96.41000366210938,99.88999938964844,867100
FMC,2020-06-25,82.6661148071289,99.0999984741211,99.27999877929688,95.0199966430664,96.62000274658203,604300
FMC,2020-06-26,80.54732513427734,96.55999755859375,99.04000091552734,96.33999633789062,98.29000091552734,1434300
FMC,2020-06-29,81.54452514648438,97.30999755859375,98.08000183105469,96.37000274658203,96.5999984741211,730800
FMC,2020-06-30,83.48030090332031,99.62000274658203,100.62000274658203,96.66000366210938,96.94000244140625,656200
FMC,2020-07-01,83.2624282836914,99.36000061035156,100.27999877929688,98.05000305175781,100.27999877929688,821600
FMC,2020-07-02,84.75403594970703,101.13999938964844,101.86000061035156,99.83999633789062,100.93000030517578,816200
FMC,2020-07-06,85.65907287597656,102.22000122070312,103.13999938964844,100.75,103.0999984741211,883200
FMC,2020-07-07,85.35737609863281,101.86000061035156,102.98999786376953,101.01000213623047,101.01000213623047,853300
FMC,2020-07-08,83.00264739990234,99.05000305175781,102.55000305175781,98.04000091552734,102.2300033569336,755100
FMC,2020-07-09,82.03058624267578,97.88999938964844,99.93000030517578,96.05000305175781,99.93000030517578,763100
FMC,2020-07-10,83.95793914794922,100.19000244140625,100.44999694824219,97.83999633789062,97.83999633789062,613500
FMC,2020-07-13,85.1395034790039,101.5999984741211,104.04000091552734,100.61000061035156,101.48999786376953,759100
FMC,2020-07-14,86.6814193725586,103.44000244140625,103.79000091552734,100.87999725341797,101.5999984741211,563800
FMC,2020-07-15,90.39369201660156,107.87000274658203,108.55000305175781,104.5,105.23999786376953,1367600
FMC,2020-07-16,88.97749328613281,106.18000030517578,108.37000274658203,105.69999694824219,107.08000183105469,675400
FMC,2020-07-17,89.22050476074219,106.47000122070312,107.83999633789062,106.11000061035156,107.0,674300
FMC,2020-07-20,88.11437225341797,105.1500015258789,107.02999877929688,105.13999938964844,105.91999816894531,410800
FMC,2020-07-21,88.9942626953125,106.19999694824219,106.86000061035156,105.45999908447266,105.66000366210938,361000
FMC,2020-07-22,90.46910858154297,107.95999908447266,108.25,105.69000244140625,106.2300033569336,437700
FMC,2020-07-23,90.33503723144531,107.80000305175781,108.73999786376953,106.98999786376953,108.0,476500
FMC,2020-07-24,89.9495620727539,107.33999633789062,107.94999694824219,106.69999694824219,107.88999938964844,428400
FMC,2020-07-27,90.87970733642578,108.44999694824219,108.63999938964844,107.29000091552734,107.75,507600
FMC,2020-07-28,89.2037582397461,106.44999694824219,108.52999877929688,106.37999725341797,107.8499984741211,331900
FMC,2020-07-29,90.77078247070312,108.31999969482422,108.58000183105469,106.51000213623047,106.87000274658203,458800
FMC,2020-07-30,88.26519012451172,105.33000183105469,106.81999969482422,104.43000030517578,106.56999969482422,615600
FMC,2020-07-31,88.8685531616211,106.05000305175781,106.16999816894531,104.1500015258789,105.2699966430664,516700
FMC,2020-08-03,88.60877227783203,105.73999786376953,107.12000274658203,105.70999908447266,106.98999786376953,791700
FMC,2020-08-04,90.11714172363281,107.54000091552734,108.0,104.58999633789062,105.41999816894531,875000
FMC,2020-08-05,89.67302703857422,107.01000213623047,111.70999908447266,106.91000366210938,109.26000213623047,973500
FMC,2020-08-06,90.7121353149414,108.25,109.16999816894531,105.5,107.47000122070312,1337100
FMC,2020-08-07,91.98587799072266,109.7699966430664,109.83999633789062,107.02999877929688,107.9800033569336,657500
FMC,2020-08-10,92.48026275634766,110.36000061035156,111.06999969482422,108.58999633789062,109.97000122070312,710600
FMC,2020-08-11,91.49983978271484,109.19000244140625,112.44999694824219,108.55999755859375,111.26000213623047,725100
FMC,2020-08-12,91.7260971069336,109.45999908447266,111.31999969482422,109.41000366210938,110.0,692000
FMC,2020-08-13,92.27914428710938,110.12000274658203,110.8499984741211,109.11000061035156,109.1500015258789,510900
FMC,2020-08-14,91.85179138183594,109.61000061035156,110.27999877929688,108.97000122070312,109.73999786376953,446700
FMC,2020-08-17,91.34062957763672,109.0,111.04000091552734,108.41000366210938,110.19000244140625,520100
FMC,2020-08-18,91.43279266357422,109.11000061035156,110.36000061035156,108.87999725341797,109.25,401100
FMC,2020-08-19,90.94676971435547,108.52999877929688,109.6500015258789,108.01000213623047,109.05999755859375,476100
FMC,2020-08-20,90.41046142578125,107.88999938964844,108.30999755859375,107.12000274658203,107.47000122070312,336100
FMC,2020-08-21,89.94119262695312,107.33000183105469,107.76000213623047,106.0999984741211,107.20999908447266,373200
FMC,2020-08-24,91.1395034790039,108.76000213623047,108.9800033569336,107.80999755859375,108.37000274658203,321100
FMC,2020-08-25,90.99703979492188,108.58999633789062,109.5,107.43000030517578,109.5,525400
FMC,2020-08-26,91.08084106445312,108.69000244140625,109.04000091552734,107.31999969482422,108.25,371100
FMC,2020-08-27,91.68418884277344,109.41000366210938,110.22000122070312,108.98999786376953,109.33000183105469,442100
FMC,2020-08-28,91.46630859375,109.1500015258789,110.02999877929688,108.62000274658203,109.66000366210938,892700
FMC,2020-08-31,89.54734802246094,106.86000061035156,109.20999908447266,106.69999694824219,108.69999694824219,561700
FMC,2020-09-01,92.3042984008789,110.1500015258789,110.1500015258789,106.2699966430664,106.93000030517578,652100
FMC,2020-09-02,94.07244873046875,112.26000213623047,112.52999877929688,109.29000091552734,110.37000274658203,999600
FMC,2020-09-03,91.70096588134766,109.43000030517578,112.36000061035156,108.08000183105469,111.9000015258789,721300
FMC,2020-09-04,90.90485382080078,108.4800033569336,110.9000015258789,106.9800033569336,110.52999877929688,683200
FMC,2020-09-08,88.52497863769531,105.63999938964844,107.61000061035156,104.86000061035156,107.0,716900
FMC,2020-09-09,90.4272232055664,107.91000366210938,108.75,106.11000061035156,106.58999633789062,475400
FMC,2020-09-10,90.30150604248047,107.76000213623047,108.68000030517578,106.79000091552734,108.06999969482422,483100
FMC,2020-09-11,90.9719009399414,108.55999755859375,109.29000091552734,107.73999786376953,108.69999694824219,415700
FMC,2020-09-14,92.62272644042969,110.52999877929688,110.91999816894531,109.38999938964844,109.87000274658203,375000
FMC,2020-09-15,93.68696594238281,111.80000305175781,112.58999633789062,110.80000305175781,110.93000030517578,681800
FMC,2020-09-16,92.74005889892578,110.66999816894531,112.62000274658203,110.56999969482422,112.44999694824219,571900
FMC,2020-09-17,94.56685638427734,112.8499984741211,113.29000091552734,108.70999908447266,109.9800033569336,765700
FMC,2020-09-18,92.64787292480469,110.55999755859375,113.7300033569336,109.9000015258789,112.62999725341797,1037700
FMC,2020-09-21,89.2037582397461,106.44999694824219,109.30000305175781,105.19999694824219,108.30000305175781,672700
FMC,2020-09-22,90.12554931640625,107.55000305175781,107.83000183105469,105.04000091552734,106.37000274658203,608000
FMC,2020-09-23,87.57806396484375,104.51000213623047,108.4000015258789,104.37999725341797,107.12000274658203,549700
FMC,2020-09-24,87.19255828857422,104.05000305175781,105.2699966430664,102.62999725341797,103.80999755859375,728300
FMC,2020-09-25,88.34061431884766,105.41999816894531,106.26000213623047,102.80000305175781,102.91000366210938,526200
FMC,2020-09-28,89.09481048583984,106.31999969482422,107.98999786376953,106.05999755859375,106.87999725341797,609200
FMC,2020-09-29,88.61515808105469,105.30999755859375,106.69999694824219,104.77999877929688,106.13999938964844,400100
FMC,2020-09-30,89.12005615234375,105.91000366210938,107.56999969482422,105.06999969482422,105.80999755859375,562000
FMC,2020-10-01,86.8312759399414,103.19000244140625,107.16000366210938,102.62000274658203,106.36000061035156,991800
FMC,2020-10-02,87.18467712402344,103.61000061035156,105.12000274658203,101.41999816894531,101.6500015258789,793600
FMC,2020-10-05,88.63201141357422,105.33000183105469,106.3499984741211,104.56999969482422,104.62000274658203,808000
FMC,2020-10-06,87.36137390136719,103.81999969482422,106.9800033569336,103.63999938964844,105.86000061035156,768600
FMC,2020-10-07,89.43140411376953,106.27999877929688,106.86000061035156,105.33000183105469,105.44999694824219,554500
FMC,2020-10-08,89.24626159667969,106.05999755859375,107.62999725341797,105.91999816894531,106.94999694824219,457600
FMC,2020-10-09,90.89556121826172,108.0199966430664,108.93000030517578,106.05999755859375,106.30999755859375,796800
FMC,2020-10-12,91.74543762207031,109.02999877929688,109.54000091552734,107.73999786376953,108.11000061035156,936400
FMC,2020-10-13,91.28264617919922,108.4800033569336,109.79000091552734,108.19000244140625,108.69000244140625,907000
FMC,2020-10-14,92.08204650878906,109.43000030517578,111.08000183105469,108.5,108.52999877929688,433400
FMC,2020-10-15,91.77910614013672,109.06999969482422,109.48999786376953,107.36000061035156,107.70999908447266,542500
FMC,2020-10-16,91.64446258544922,108.91000366210938,109.87000274658203,108.55000305175781,109.63999938964844,543500
FMC,2020-10-19,90.76934814453125,107.87000274658203,110.36000061035156,107.7699966430664,109.2300033569336,474800
FMC,2020-10-20,90.17190551757812,107.16000366210938,109.0,107.16000366210938,108.29000091552734,440400
FMC,2020-10-21,89.81848907470703,106.73999786376953,108.55999755859375,106.69000244140625,107.56999969482422,401000
FMC,2020-10-22,90.4495620727539,107.48999786376953,107.95999908447266,106.08000183105469,107.31999969482422,537500
FMC,2020-10-23,90.69361114501953,107.77999877929688,108.9000015258789,107.5,108.44000244140625,413400
FMC,2020-10-26,88.65721893310547,105.36000061035156,106.38999938964844,103.80000305175781,106.30000305175781,502400
FMC,2020-10-27,87.88308715820312,104.44000244140625,106.69999694824219,104.37000274658203,105.69000244140625,716600
FMC,2020-10-28,86.08235168457031,102.30000305175781,103.45999908447266,101.33000183105469,102.08000183105469,627500
FMC,2020-10-29,87.20150756835938,103.62999725341797,104.55999755859375,101.61000061035156,101.73999786376953,585100
FMC,2020-10-30,86.45258331298828,102.73999786376953,103.69000244140625,100.86000061035156,103.33999633789062,900900
FMC,2020-11-02,89.99516296386719,106.94999694824219,107.62999725341797,103.77999877929688,104.62999725341797,895600
FMC,2020-11-03,88.05979919433594,104.6500015258789,109.1500015258789,104.01000213623047,107.2300033569336,894000
FMC,2020-11-04,88.24493408203125,104.87000274658203,107.30000305175781,102.5199966430664,105.33000183105469,724800
FMC,2020-11-05,91.83802032470703,109.13999938964844,110.44000244140625,106.02999877929688,107.2699966430664,615100
FMC,2020-11-06,91.43409729003906,108.66000366210938,109.63999938964844,107.80000305175781,109.08999633789062,395200
FMC,2020-11-09,92.42701721191406,109.83999633789062,115.91000366210938,109.7300033569336,113.94999694824219,804800
FMC,2020-11-10,92.01469421386719,109.3499984741211,110.76000213623047,108.41999816894531,109.93000030517578,986500
FMC,2020-11-11,91.56031799316406,108.80999755859375,110.6500015258789,108.19999694824219,110.5,513600
FMC,2020-11-12,89.87738037109375,106.80999755859375,109.08999633789062,106.33000183105469,107.86000061035156,501100
FMC,2020-11-13,91.38359069824219,108.5999984741211,109.25,107.16000366210938,107.51000213623047,441300
FMC,2020-11-16,94.2361831665039,111.98999786376953,113.04000091552734,110.33999633789062,110.44000244140625,537700
FMC,2020-11-17,97.34964752197266,115.69000244140625,116.05999755859375,111.20999908447266,111.80000305175781,1227900
FMC,2020-11-18,96.99620056152344,115.2699966430664,116.79000091552734,114.4800033569336,116.0,687800
FMC,2020-11-19,97.03828430175781,115.31999969482422,115.58000183105469,113.12999725341797,114.61000061035156,367000
FMC,2020-11-20,95.71717834472656,113.75,115.43000030517578,113.37000274658203,115.43000030517578,588600
FMC,2020-11-23,97.66096496582031,116.05999755859375,116.9800033569336,114.80999755859375,114.81999969482422,394000
FMC,2020-11-24,99.495361328125,118.23999786376953,119.2699966430664,115.7300033569336,117.0,454500
FMC,2020-11-25,98.18267059326172,116.68000030517578,118.30000305175781,116.0999984741211,117.94000244140625,489500
FMC,2020-11-27,97.33279418945312,115.66999816894531,117.38999938964844,114.9000015258789,117.05999755859375,238200
FMC,2020-11-30,97.61888885498047,116.01000213623047,116.3499984741211,114.1500015258789,115.69999694824219,865400
FMC,2020-12-01,100.07599639892578,118.93000030517578,119.20999908447266,116.55000305175781,117.4800033569336,679400
FMC,2020-12-02,99.42804718017578,118.16000366210938,120.20999908447266,117.66000366210938,118.5,706600
FMC,2020-12-03,99.61317443847656,118.37999725341797,120.68000030517578,117.75,119.01000213623047,621600
FMC,2020-12-04,102.3984375,121.69000244140625,122.29000091552734,118.54000091552734,118.6500015258789,608000
FMC,2020-12-07,99.99183654785156,118.83000183105469,121.5,118.23999786376953,121.11000061035156,423300
FMC,2020-12-08,100.79122924804688,119.77999877929688,119.81999969482422,118.06999969482422,118.30000305175781,338400
FMC,2020-12-09,100.07599639892578,118.93000030517578,120.94999694824219,118.36000061035156,120.29000091552734,598600
FMC,2020-12-10,99.00733947753906,117.66000366210938,119.18000030517578,116.06999969482422,118.30000305175781,646500
FMC,2020-12-11,97.97232818603516,116.43000030517578,118.22000122070312,115.94000244140625,116.8499984741211,816800
FMC,2020-12-14,96.36509704589844,114.5199966430664,118.36000061035156,114.44000244140625,117.98999786376953,544900
FMC,2020-12-15,96.76058197021484,114.98999786376953,116.11000061035156,113.58000183105469,115.88999938964844,554900
FMC,2020-12-16,96.23888397216797,114.37000274658203,115.77999877929688,113.36000061035156,115.69000244140625,574500
FMC,2020-12-17,97.29073333740234,115.62000274658203,115.94000244140625,113.94000244140625,114.94000244140625,455300
FMC,2020-12-18,97.31595611572266,115.6500015258789,116.55000305175781,113.68000030517578,115.73999786376953,1233400
FMC,2020-12-21,97.03828430175781,115.31999969482422,115.83000183105469,113.30000305175781,113.45999908447266,461600
FMC,2020-12-22,95.64985656738281,113.66999816894531,115.76000213623047,113.52999877929688,115.25,426700
FMC,2020-12-23,95.79289245605469,113.83999633789062,115.33000183105469,113.73999786376953,114.19000244140625,355800
FMC,2020-12-24,96.28936767578125,114.43000030517578,114.72000122070312,113.5,113.5,176600
FMC,2020-12-28,94.79154968261719,112.6500015258789,115.20999908447266,112.55000305175781,115.20999908447266,355300
FMC,2020-12-29,94.79154968261719,112.6500015258789,113.76000213623047,111.4800033569336,113.58000183105469,403700
FMC,2020-12-30,96.40563201904297,114.08000183105469,114.55000305175781,112.5199966430664,112.5199966430664,348800
FMC,2020-12-31,97.12396240234375,114.93000030517578,115.36000061035156,113.4000015258789,114.26000213623047,511000
FMC,2021-01-04,95.5943832397461,113.12000274658203,116.3499984741211,112.4800033569336,115.70999908447266,585800
FMC,2021-01-05,98.03662872314453,116.01000213623047,117.30999755859375,112.38999938964844,112.51000213623047,626600
FMC,2021-01-06,101.48451232910156,120.08999633789062,121.9000015258789,116.94999694824219,117.54000091552734,816100
FMC,2021-01-07,102.9971923828125,121.87999725341797,123.5999984741211,119.75,120.93000030517578,719500
FMC,2021-01-08,102.32113647460938,121.08000183105469,122.66000366210938,119.3499984741211,122.5,581500
FMC,2021-01-11,100.87606811523438,119.37000274658203,120.4000015258789,118.37999725341797,119.72000122070312,569400
FMC,2021-01-12,103.30986785888672,122.25,122.26000213623047,118.72000122070312,119.16000366210938,722500
FMC,2021-01-13,103.031005859375,121.91999816894531,123.66000366210938,120.80999755859375,122.66999816894531,614700
FMC,2021-01-14,102.86197662353516,121.72000122070312,122.91999816894531,120.83999633789062,122.13999938964844,548900
FMC,2021-01-15,101.45072937011719,120.05000305175781,120.91000366210938,117.95999908447266,120.91000366210938,657300
FMC,2021-01-19,98.5098648071289,116.56999969482422,117.62000274658203,113.16000366210938,114.97000122070312,1342300
FMC,2021-01-20,97.58029174804688,115.47000122070312,116.69999694824219,114.86000061035156,116.69999694824219,944900
FMC,2021-01-21,97.18309783935547,115.0,117.36000061035156,114.5,115.95999908447266,1047600
FMC,2021-01-22,96.71833801269531,114.44999694824219,115.72000122070312,113.47000122070312,114.12000274658203,811300
FMC,2021-01-25,95.54367065429688,113.05999755859375,114.02999877929688,109.5999984741211,113.44000244140625,761900
FMC,2021-01-26,93.22817993164062,110.31999969482422,114.73999786376953,110.16999816894531,114.20999908447266,740600
FMC,2021-01-27,90.8788833618164,107.54000091552734,109.5,106.06999969482422,108.68000030517578,990800
FMC,2021-01-28,92.1380386352539,109.02999877929688,109.93000030517578,107.58999633789062,109.05999755859375,807100
FMC,2021-01-29,91.5126953125,108.29000091552734,110.23999786376953,107.08999633789062,108.13999938964844,1503100
FMC,2021-02-01,92.74649047851562,109.75,110.55999755859375,108.19999694824219,109.63999938964844,967100
FMC,2021-02-02,93.8873291015625,111.0999984741211,112.58999633789062,109.16999816894531,110.91999816894531,938900
FMC,2021-02-03,93.49858856201172,110.63999938964844,112.48999786376953,109.94999694824219,111.47000122070312,993800
FMC,2021-02-04,96.31268310546875,113.97000122070312,114.08000183105469,110.16999816894531,110.91000366210938,823700
FMC,2021-02-05,97.33522033691406,115.18000030517578,117.12999725341797,114.69999694824219,115.1500015258789,808500
FMC,2021-02-08,98.57747650146484,116.6500015258789,116.76000213623047,115.16999816894531,115.9000015258789,621100
FMC,2021-02-09,98.3323974609375,116.36000061035156,117.9000015258789,115.55999755859375,116.8499984741211,673900
FMC,2021-02-10,91.18310546875,107.9000015258789,113.76000213623047,106.1500015258789,112.11000061035156,2358000
FMC,2021-02-11,93.17747497558594,110.26000213623047,110.4800033569336,107.69999694824219,109.05000305175781,1220700
FMC,2021-02-12,90.99718475341797,107.68000030517578,110.7300033569336,107.22000122070312,110.05000305175781,1766700
FMC,2021-02-16,91.8760757446289,108.72000122070312,109.77999877929688,108.0999984741211,108.94999694824219,1512600
FMC,2021-02-17,90.2112808227539,106.75,108.48999786376953,106.66999816894531,107.7699966430664,1128300
FMC,2021-02-18,88.58028411865234,104.81999969482422,107.08000183105469,104.55000305175781,106.06999969482422,1144600
FMC,2021-02-19,88.94366455078125,105.25,106.6500015258789,104.69000244140625,105.04000091552734,1251100
FMC,2021-02-22,88.73241424560547,105.0,105.94000244140625,104.05999755859375,104.91999816894531,1276200
FMC,2021-02-23,88.58028411865234,104.81999969482422,105.08000183105469,102.91999816894531,105.08000183105469,962200
FMC,2021-02-24,88.70706176757812,104.97000122070312,106.29000091552734,104.58000183105469,105.05000305175781,1158500
FMC,2021-02-25,86.11268615722656,101.9000015258789,105.20999908447266,101.62999725341797,104.66999816894531,766600
FMC,2021-02-26,85.93524169921875,101.69000244140625,102.55000305175781,101.20999908447266,102.06999969482422,1993500
FMC,2021-03-01,90.14366149902344,106.66999816894531,108.05999755859375,102.91000366210938,102.91000366210938,1436500
FMC,2021-03-02,89.1718521118164,105.5199966430664,108.86000061035156,105.27999877929688,106.86000061035156,1177900
FMC,2021-03-03,87.49015045166016,103.52999877929688,105.87999725341797,103.48999786376953,105.25,768000
FMC,2021-03-04,85.15774536132812,100.7699966430664,103.5,98.7699966430664,103.19999694824219,1312300
FMC,2021-03-05,86.79721069335938,102.70999908447266,102.98999786376953,98.16000366210938,101.87000274658203,998200
FMC,2021-03-08,87.09294128417969,103.05999755859375,105.79000091552734,102.81999969482422,103.19999694824219,884100
FMC,2021-03-09,88.58028411865234,104.81999969482422,105.86000061035156,103.13999938964844,103.83000183105469,1216100
FMC,2021-03-10,89.87325286865234,106.3499984741211,107.93000030517578,104.94000244140625,105.81999969482422,757000
FMC,2021-03-11,91.86760711669922,108.70999908447266,109.5,107.2300033569336,107.2300033569336,1300100
FMC,2021-03-12,93.05070495605469,110.11000061035156,110.70999908447266,108.3499984741211,108.3499984741211,1171000
FMC,2021-03-15,94.88451385498047,112.27999877929688,112.44000244140625,109.5199966430664,110.0,1104600
FMC,2021-03-16,91.8507080078125,108.69000244140625,112.2300033569336,108.48999786376953,112.1500015258789,756500
FMC,2021-03-17,92.42537689208984,109.37000274658203,110.16999816894531,107.93000030517578,108.26000213623047,601400
FMC,2021-03-18,93.04226684570312,110.0999984741211,111.95999908447266,108.75,109.30000305175781,743600
FMC,2021-03-19,92.86480712890625,109.88999938964844,110.91000366210938,108.66000366210938,110.5,1238100
FMC,2021-03-22,93.2112808227539,110.30000305175781,110.68000030517578,108.56999969482422,109.97000122070312,828400
FMC,2021-03-23,91.28451538085938,108.0199966430664,110.37000274658203,107.4800033569336,109.62999725341797,902200
FMC,2021-03-24,92.54367065429688,109.51000213623047,111.05000305175781,108.30000305175781,108.30000305175781,751100
FMC,2021-03-25,93.6760482788086,110.8499984741211,111.58000183105469,108.22000122070312,109.06999969482422,741100
FMC,2021-03-26,96.1436767578125,113.7699966430664,113.91000366210938,111.30000305175781,111.7699966430664,667400
FMC,2021-03-29,95.23944854736328,112.69999694824219,113.98999786376953,111.93000030517578,113.41000366210938,1009600
FMC,2021-03-30,94.22102355957031,111.0199966430664,112.5999984741211,110.27999877929688,111.98999786376953,690300
FMC,2021-03-31,93.87307739257812,110.61000061035156,111.48999786376953,109.62000274658203,111.0199966430664,807700
FMC,2021-04-01,94.98484802246094,111.91999816894531,112.36000061035156,109.94999694824219,111.38999938964844,660600
FMC,2021-04-05,96.6058349609375,113.83000183105469,114.16999816894531,112.13999938964844,112.69000244140625,708400
FMC,2021-04-06,95.75714111328125,112.83000183105469,114.22000122070312,112.55000305175781,113.37000274658203,784300
FMC,2021-04-07,94.65386199951172,111.52999877929688,113.16000366210938,111.23999786376953,112.98999786376953,610900
FMC,2021-04-08,94.61988830566406,111.48999786376953,112.12999725341797,110.8499984741211,111.58000183105469,652600
FMC,2021-04-09,94.95088958740234,111.87999725341797,112.22000122070312,111.04000091552734,112.01000213623047,580200
FMC,2021-04-12,95.39219665527344,112.4000015258789,113.16000366210938,111.69000244140625,112.2699966430664,789900
FMC,2021-04-13,93.99185943603516,110.75,112.73999786376953,110.30999755859375,112.16000366210938,618900
FMC,2021-04-14,94.36531066894531,111.19000244140625,111.98999786376953,110.56999969482422,110.56999969482422,591800
FMC,2021-04-15,95.45162200927734,112.47000122070312,112.77999877929688,111.77999877929688,112.06999969482422,611800
FMC,2021-04-16,96.44457244873047,113.63999938964844,115.08000183105469,112.87000274658203,113.62999725341797,755400
FMC,2021-04-19,95.74867248535156,112.81999969482422,114.16999816894531,111.80000305175781,113.88999938964844,548500
FMC,2021-04-20,95.90142822265625,113.0,113.94999694824219,112.02999877929688,112.93000030517578,548200
FMC,2021-04-21,97.47997283935547,114.86000061035156,114.91999816894531,112.55999755859375,112.7699966430664,425700
FMC,2021-04-22,96.29182434082031,113.45999908447266,114.80000305175781,113.1500015258789,114.5999984741211,569800
FMC,2021-04-23,98.36260223388672,115.9000015258789,116.23999786376953,113.33999633789062,113.87999725341797,472500
FMC,2021-04-26,99.87327575683594,117.68000030517578,117.7699966430664,116.2300033569336,116.48999786376953,973500
FMC,2021-04-27,100.71347045898438,118.66999816894531,119.1500015258789,117.20999908447266,117.54000091552734,688300
FMC,2021-04-28,101.18872833251953,119.2300033569336,119.8499984741211,118.30000305175781,118.75,802700
FMC,2021-04-29,102.03742218017578,120.2300033569336,120.72000122070312,118.91000366210938,120.0,750600
FMC,2021-04-30,100.34850311279297,118.23999786376953,120.44000244140625,117.51000213623047,119.94000244140625,969600
FMC,2021-05-03,101.04444885253906,119.05999755859375,119.9000015258789,118.80999755859375,119.41000366210938,697200
FMC,2021-05-04,101.02748107910156,119.04000091552734,119.22000122070312,117.5199966430664,118.16999816894531,870300
FMC,2021-05-05,103.39533233642578,121.83000183105469,121.97000122070312,118.30000305175781,120.27999877929688,1061500
FMC,2021-05-06,99.65261840820312,117.41999816894531,117.7699966430664,111.23999786376953,113.44000244140625,2553900
FMC,2021-05-07,102.19017028808594,120.41000366210938,120.54000091552734,117.18000030517578,117.5999984741211,1178800
FMC,2021-05-10,100.45036315917969,118.36000061035156,122.5,118.2300033569336,121.91999816894531,844000
FMC,2021-05-11,99.41497039794922,117.13999938964844,117.54000091552734,115.43000030517578,116.61000061035156,832900
FMC,2021-05-12,97.55633544921875,114.94999694824219,117.41000366210938,114.72000122070312,116.61000061035156,568600
FMC,2021-05-13,98.67662048339844,116.2699966430664,116.69000244140625,114.81999969482422,115.0,450000
FMC,2021-05-14,100.30609893798828,118.19000244140625,118.61000061035156,116.83999633789062,117.23999786376953,431300
FMC,2021-05-17,100.50128936767578,118.41999816894531,118.77999877929688,117.0,118.0199966430664,413700
FMC,2021-05-18,99.8647689819336,117.66999816894531,119.13999938964844,117.66000366210938,117.9800033569336,770100
FMC,2021-05-19,98.90575408935547,116.54000091552734,117.44000244140625,115.23999786376953,116.41000366210938,563800
FMC,2021-05-20,98.71905517578125,116.31999969482422,116.83999633789062,115.7300033569336,116.55000305175781,577000
FMC,2021-05-21,99.19432067871094,116.87999725341797,118.02999877929688,116.70999908447266,117.2699966430664,446600
FMC,2021-05-24,99.07549285888672,116.73999786376953,117.94000244140625,116.51000213623047,117.83999633789062,612700
FMC,2021-05-25,98.06556701660156,115.55000305175781,117.69999694824219,115.45999908447266,116.81999969482422,462300
FMC,2021-05-26,97.93827056884766,115.4000015258789,115.81999969482422,114.69999694824219,115.5199966430664,482900
FMC,2021-05-27,98.65116119384766,116.23999786376953,116.68000030517578,115.69000244140625,116.5,886700
FMC,2021-05-28,99.0330810546875,116.69000244140625,116.9800033569336,115.37999725341797,116.52999877929688,625900
FMC,2021-06-01,100.40792846679688,118.30999755859375,118.58999633789062,117.02999877929688,118.01000213623047,645700
FMC,2021-06-02,99.89022827148438,117.69999694824219,119.0,117.0,118.83000183105469,1299800
FMC,2021-06-03,100.01752471923828,117.8499984741211,117.91000366210938,116.12000274658203,117.11000061035156,643700
FMC,2021-06-04,100.44189453125,118.3499984741211,118.5999984741211,117.43000030517578,118.04000091552734,462800
FMC,2021-06-07,100.56070709228516,118.48999786376953,118.70999908447266,116.69999694824219,118.70999908447266,534700
FMC,2021-06-08,101.11235046386719,119.13999938964844,119.77999877929688,117.83000183105469,118.37000274658203,709900
FMC,2021-06-09,100.40792846679688,118.30999755859375,119.75,118.29000091552734,119.2699966430664,590100
FMC,2021-06-10,100.66253662109375,118.61000061035156,119.29000091552734,118.0,118.98999786376953,596200
FMC,2021-06-11,101.3499755859375,119.41999816894531,120.25,118.2699966430664,119.38999938964844,519100
FMC,2021-06-14,100.53524017333984,118.45999908447266,119.41999816894531,117.68000030517578,119.41999816894531,571400
FMC,2021-06-15,100.78984069824219,118.76000213623047,119.05000305175781,116.9800033569336,118.70999908447266,509300
FMC,2021-06-16,99.63562774658203,117.4000015258789,118.91999816894531,116.87000274658203,118.88999938964844,679400
FMC,2021-06-17,100.14485168457031,118.0,118.16000366210938,116.2699966430664,117.08999633789062,1173900
FMC,2021-06-18,95.08668518066406,112.04000091552734,116.88999938964844,111.91999816894531,116.43000030517578,1592700
FMC,2021-06-21,96.8689193725586,114.13999938964844,114.66999816894531,112.69999694824219,112.91000366210938,719000
FMC,2021-06-22,97.25082397460938,114.58999633789062,114.9800033569336,112.87999725341797,114.43000030517578,686800
FMC,2021-06-23,96.9283218383789,114.20999908447266,115.29000091552734,114.0199966430664,115.0,542100
FMC,2021-06-24,95.77410888671875,112.8499984741211,113.76000213623047,111.72000122070312,112.88999938964844,1331400
FMC,2021-06-25,95.06121063232422,112.01000213623047,113.83000183105469,111.87999725341797,113.73999786376953,990100
FMC,2021-06-28,93.43175506591797,110.08999633789062,111.95999908447266,109.44999694824219,111.83999633789062,912300
FMC,2021-06-29,92.9373550415039,109.02999877929688,110.80999755859375,108.69999694824219,110.25,689600
FMC,2021-06-30,92.22984313964844,108.19999694824219,109.26000213623047,107.75,108.62999725341797,1369900
FMC,2021-07-01,92.51968383789062,108.54000091552734,109.4800033569336,108.16999816894531,108.93000030517578,871100
FMC,2021-07-02,92.51113891601562,108.52999877929688,108.83999633789062,107.9000015258789,108.75,708900
FMC,2021-07-06,90.95978546142578,106.70999908447266,108.5,105.38999938964844,108.2300033569336,920600
FMC,2021-07-07,90.09034729003906,105.69000244140625,107.27999877929688,104.5,106.45999908447266,1036400
FMC,2021-07-08,89.80903625488281,105.36000061035156,105.6500015258789,103.55999755859375,104.16999816894531,914600
FMC,2021-07-09,91.76956176757812,107.66000366210938,107.91999816894531,105.52999877929688,106.76000213623047,1313300
FMC,2021-07-12,92.71570587158203,108.7699966430664,109.13999938964844,106.55999755859375,107.11000061035156,1402500
FMC,2021-07-13,91.28368377685547,107.08999633789062,108.83000183105469,106.76000213623047,108.6500015258789,478700
FMC,2021-07-14,91.38600158691406,107.20999908447266,108.62000274658203,107.0199966430664,107.52999877929688,562400
FMC,2021-07-15,91.25810241699219,107.05999755859375,108.1500015258789,106.19999694824219,106.41999816894531,457600
FMC,2021-07-16,89.62151336669922,105.13999938964844,107.5999984741211,104.88999938964844,107.54000091552734,515500
FMC,2021-07-19,87.89112091064453,103.11000061035156,104.08999633789062,102.19999694824219,103.20999908447266,899700
FMC,2021-07-20,88.08720397949219,103.33999633789062,104.4000015258789,102.44999694824219,102.83999633789062,644600
FMC,2021-07-21,89.72380828857422,105.26000213623047,105.4800033569336,104.08000183105469,104.43000030517578,828000
FMC,2021-07-22,90.25228881835938,105.87999725341797,105.9800033569336,104.29000091552734,105.41000366210938,513600
FMC,2021-07-23,90.65292358398438,106.3499984741211,106.62000274658203,105.72000122070312,106.3499984741211,511800
FMC,2021-07-26,90.89158630371094,106.62999725341797,106.91999816894531,105.52999877929688,106.0999984741211,602200
FMC,2021-07-27,90.55062866210938,106.2300033569336,106.91999816894531,104.80000305175781,105.94000244140625,412600
FMC,2021-07-28,91.0791244506836,106.8499984741211,107.1500015258789,105.62000274658203,106.43000030517578,433600
FMC,2021-07-29,91.13878631591797,106.91999816894531,107.95999908447266,106.7300033569336,107.77999877929688,774000
FMC,2021-07-30,91.16435241699219,106.94999694824219,107.93000030517578,106.12000274658203,106.88999938964844,763300
FMC,2021-08-02,90.86602020263672,106.5999984741211,108.22000122070312,105.81999969482422,107.27999877929688,821200
FMC,2021-08-03,91.01945495605469,106.77999877929688,107.18000030517578,105.04000091552734,106.80999755859375,745400
FMC,2021-08-04,84.07237243652344,98.62999725341797,106.80000305175781,98.58000183105469,105.3499984741211,1727300
FMC,2021-08-05,79.46941375732422,93.2300033569336,98.66000366210938,92.8499984741211,97.9800033569336,3454100
FMC,2021-08-06,81.2424087524414,95.30999755859375,95.69999694824219,93.5,93.58999633789062,2269400
FMC,2021-08-09,81.78792572021484,95.94999694824219,96.44000244140625,94.38999938964844,95.61000061035156,914000
FMC,2021-08-10,81.40435791015625,95.5,97.33999633789062,95.48999786376953,96.05000305175781,1041200
FMC,2021-08-11,81.99251556396484,96.19000244140625,96.44999694824219,95.26000213623047,95.93000030517578,945600
FMC,2021-08-12,80.95259094238281,94.97000122070312,96.23999786376953,94.31999969482422,95.55000305175781,1050500
FMC,2021-08-13,80.39852905273438,94.31999969482422,95.7699966430664,94.1500015258789,94.88999938964844,491400
FMC,2021-08-16,79.1028823852539,92.80000305175781,94.0,92.37000274658203,93.54000091552734,806400
FMC,2021-08-17,78.50617218017578,92.0999984741211,92.30000305175781,90.41999816894531,92.23999786376953,1237000
FMC,2021-08-18,77.86689758300781,91.3499984741211,92.45999908447266,90.8499984741211,92.4000015258789,1067800
FMC,2021-08-19,75.48017883300781,88.55000305175781,91.2699966430664,87.33000183105469,90.4800033569336,1270500
FMC,2021-08-20,74.81529235839844,87.7699966430664,88.95999908447266,87.31999969482422,88.44999694824219,697400
FMC,2021-08-23,75.9404525756836,89.08999633789062,89.5999984741211,87.2699966430664,88.22000122070312,1185200
FMC,2021-08-24,77.35546112060547,90.75,91.06999969482422,89.6500015258789,89.75,1199400
FMC,2021-08-25,79.18810272216797,92.9000015258789,93.30999755859375,90.6500015258789,91.0199966430664,1278700
FMC,2021-08-26,79.78479766845703,93.5999984741211,94.29000091552734,93.04000091552734,93.5,1358100
FMC,2021-08-27,79.33303833007812,93.06999969482422,94.0199966430664,93.0199966430664,93.3499984741211,958200
FMC,2021-08-30,79.54612731933594,93.31999969482422,94.19000244140625,93.30000305175781,93.31999969482422,1323300
FMC,2021-08-31,79.81036376953125,93.62999725341797,94.08000183105469,92.80000305175781,93.41000366210938,1601400
FMC,2021-09-01,80.45819854736328,94.38999938964844,94.7699966430664,92.95999908447266,93.6500015258789,702000
FMC,2021-09-02,82.39314270019531,96.66000366210938,97.12999725341797,94.69000244140625,94.98999786376953,1024100
FMC,2021-09-03,81.21685028076172,95.27999877929688,97.37999725341797,95.26000213623047,96.51000213623047,937200
FMC,2021-09-07,81.53223419189453,95.6500015258789,96.30000305175781,94.5199966430664,95.05999755859375,1146300
FMC,2021-09-08,82.64033508300781,96.94999694824219,98.5999984741211,94.86000061035156,95.62000274658203,2030700
FMC,2021-09-09,83.10917663574219,97.5,98.54000091552734,96.12999725341797,96.25,1300100
FMC,2021-09-10,83.63766479492188,98.12000274658203,99.08000183105469,97.51000213623047,98.26000213623047,1171000
FMC,2021-09-13,83.97860717773438,98.5199966430664,98.97000122070312,97.56999969482422,98.87999725341797,981000
FMC,2021-09-14,82.55509185791016,96.8499984741211,99.0999984741211,96.56999969482422,98.63999938964844,824100
FMC,2021-09-15,83.33931732177734,97.7699966430664,98.0199966430664,96.25,96.8499984741211,1124300
FMC,2021-09-16,82.99834442138672,97.37000274658203,98.11000061035156,96.80999755859375,97.56999969482422,854900
FMC,2021-09-17,81.1401138305664,95.19000244140625,96.94000244140625,94.08000183105469,96.19999694824219,3590800
FMC,2021-09-20,80.56900787353516,94.5199966430664,94.75,92.80999755859375,93.08999633789062,1272300
FMC,2021-09-21,79.53759765625,93.30999755859375,95.20999908447266,93.16000366210938,95.05999755859375,1149600
FMC,2021-09-22,80.15984344482422,94.04000091552734,94.69999694824219,93.16000366210938,94.30000305175781,943500
FMC,2021-09-23,80.5434341430664,94.48999786376953,95.62999725341797,94.4000015258789,94.70999908447266,722800
FMC,2021-09-24,80.2450942993164,94.13999938964844,94.83000183105469,93.9800033569336,94.30999755859375,948100
FMC,2021-09-27,81.35322570800781,95.44000244140625,96.41000366210938,94.37000274658203,94.66000366210938,857000
FMC,2021-09-28,80.04051208496094,93.9000015258789,96.16000366210938,93.87999725341797,95.80999755859375,1174100
FMC,2021-09-29,79.88631439208984,93.23999786376953,93.7699966430664,92.9800033569336,93.30999755859375,1521000
FMC,2021-09-30,78.4468994140625,91.55999755859375,93.6500015258789,91.55999755859375,93.45999908447266,2015000
FMC,2021-10-01,79.0380859375,92.25,92.44000244140625,90.88999938964844,92.13999938964844,1781100
FMC,2021-10-04,77.8642807006836,90.87999725341797,92.77999877929688,89.25,92.25,1859700
FMC,2021-10-05,79.48359680175781,92.7699966430664,92.98999786376953,90.06999969482422,90.97000122070312,1098200
FMC,2021-10-06,76.75904083251953,89.58999633789062,90.45999908447266,88.12999725341797,90.16000366210938,1568500
FMC,2021-10-07,76.99894714355469,89.87000274658203,91.44999694824219,89.6500015258789,90.26000213623047,777700
FMC,2021-10-08,76.31351470947266,89.06999969482422,90.51000213623047,89.0,89.88999938964844,892600
FMC,2021-10-11,75.61094665527344,88.25,89.7300033569336,88.22000122070312,88.87000274658203,965700
FMC,2021-10-12,75.23397064208984,87.80999755859375,88.94999694824219,87.41999816894531,88.5199966430664,934700
FMC,2021-10-13,75.73948669433594,88.4000015258789,89.08999633789062,87.55000305175781,88.3499984741211,977400
FMC,2021-10-14,78.42120361328125,91.52999877929688,91.56999969482422,88.87000274658203,89.29000091552734,1045400
FMC,2021-10-15,79.20944213867188,92.44999694824219,93.5,91.5,92.37999725341797,718700
FMC,2021-10-18,78.86673736572266,92.05000305175781,92.69000244140625,91.68000030517578,92.5999984741211,564900
FMC,2021-10-19,78.97810363769531,92.18000030517578,92.5,90.87999725341797,92.5,676300
FMC,2021-10-20,79.6207046508789,92.93000030517578,93.30999755859375,91.54000091552734,92.04000091552734,575300
FMC,2021-10-21,80.22901916503906,93.63999938964844,93.93000030517578,92.44000244140625,92.70999908447266,795600
FMC,2021-10-22,79.65496826171875,92.97000122070312,94.97000122070312,92.80999755859375,93.68000030517578,502700
FMC,2021-10-25,79.88631439208984,93.23999786376953,93.95999908447266,92.70999908447266,93.5199966430664,566500
FMC,2021-10-26,79.42363739013672,92.69999694824219,94.0,92.66999816894531,93.66000366210938,554500
FMC,2021-10-27,78.47260284423828,91.58999633789062,92.52999877929688,91.29000091552734,92.48999786376953,637300
FMC,2021-10-28,79.52644348144531,92.81999969482422,93.72000122070312,91.62000274658203,91.77999877929688,683800
FMC,2021-10-29,77.97567749023438,91.01000213623047,92.87000274658203,90.44000244140625,92.69000244140625,714300
FMC,2021-11-01,80.0833511352539,93.47000122070312,93.56999969482422,90.86000061035156,91.55999755859375,934500
FMC,2021-11-02,80.04051208496094,93.41999816894531,94.19000244140625,92.08000183105469,93.51000213623047,840300
FMC,2021-11-03,90.1419677734375,105.20999908447266,106.87999725341797,97.12000274658203,97.12000274658203,3355900
FMC,2021-11-04,89.40514373779297,104.3499984741211,106.66999816894531,103.83000183105469,106.66999816894531,1396000
FMC,2021-11-05,91.35858917236328,106.62999725341797,106.86000061035156,104.04000091552734,104.87999725341797,933800
FMC,2021-11-08,90.02201843261719,105.06999969482422,106.94999694824219,104.41999816894531,106.83000183105469,1258800
FMC,2021-11-09,91.66703033447266,106.98999786376953,108.58999633789062,104.54000091552734,105.0,1115600
FMC,2021-11-10,90.6560287475586,105.80999755859375,107.83999633789062,105.63999938964844,106.73999786376953,649100
FMC,2021-11-11,90.54466247558594,105.68000030517578,106.51000213623047,104.81999969482422,105.91999816894531,705900
FMC,2021-11-12,90.89593505859375,106.08999633789062,106.9000015258789,105.69999694824219,105.81999969482422,462100
FMC,2021-11-15,91.11869812011719,106.3499984741211,107.33999633789062,105.30000305175781,106.08000183105469,650600
FMC,2021-11-16,90.279052734375,105.37000274658203,106.87000274658203,105.33000183105469,106.6500015258789,621000
FMC,2021-11-17,89.94491577148438,104.9800033569336,105.9000015258789,104.41000366210938,105.01000213623047,493500
FMC,2021-11-18,90.03059387207031,105.08000183105469,105.93000030517578,104.45999908447266,105.13999938964844,410300
FMC,2021-11-19,89.14810180664062,104.05000305175781,105.4800033569336,104.0,104.5999984741211,537600
FMC,2021-11-22,89.26805877685547,104.19000244140625,105.97000122070312,104.05000305175781,104.37000274658203,568000
FMC,2021-11-23,89.88492584228516,104.91000366210938,105.08000183105469,102.86000061035156,104.33999633789062,630500
FMC,2021-11-24,89.20806884765625,104.12000274658203,104.80000305175781,103.2300033569336,104.18000030517578,456400
FMC,2021-11-26,87.9400405883789,102.63999938964844,102.76000213623047,100.75,101.62000274658203,393500
FMC,2021-11-29,88.7111587524414,103.54000091552734,105.33000183105469,102.51000213623047,105.2300033569336,1044400
FMC,2021-11-30,85.84092712402344,100.19000244140625,103.44999694824219,99.18000030517578,102.55000305175781,1207500
FMC,2021-12-01,85.82379913330078,100.16999816894531,104.33999633789062,100.13999938964844,102.5999984741211,788800
FMC,2021-12-02,88.70258331298828,103.52999877929688,104.29000091552734,100.5,100.83999633789062,861500
FMC,2021-12-03,88.83966064453125,103.69000244140625,106.66000366210938,102.91000366210938,104.04000091552734,982300
FMC,2021-12-06,90.44185638427734,105.55999755859375,106.56999969482422,104.44000244140625,105.18000030517578,651200
FMC,2021-12-07,91.76129150390625,107.0999984741211,108.2300033569336,105.9000015258789,106.52999877929688,774500
FMC,2021-12-08,93.19209289550781,108.7699966430664,109.31999969482422,107.02999877929688,107.31999969482422,852100
FMC,2021-12-09,92.0525894165039,107.44000244140625,108.91000366210938,107.31999969482422,107.94000244140625,619600
FMC,2021-12-10,92.67803192138672,108.16999816894531,109.38999938964844,107.20999908447266,108.72000122070312,584000
FMC,2021-12-13,89.98773956298828,105.02999877929688,107.87000274658203,104.88999938964844,107.68000030517578,968100
FMC,2021-12-14,89.6279067993164,104.61000061035156,106.37000274658203,104.43000030517578,104.9800033569336,1062500
FMC,2021-12-15,90.56178283691406,105.69999694824219,105.97000122070312,103.5199966430664,104.43000030517578,1060500
FMC,2021-12-16,89.93635559082031,104.97000122070312,107.22000122070312,104.69999694824219,105.6500015258789,1063400
FMC,2021-12-17,89.088134765625,103.9800033569336,105.23999786376953,103.45999908447266,104.80000305175781,2932500
FMC,2021-12-20,87.59733581542969,102.23999786376953,103.52999877929688,100.44999694824219,102.87000274658203,948400
FMC,2021-12-21,90.63033294677734,105.77999877929688,106.16000366210938,102.94000244140625,103.20999908447266,922700
FMC,2021-12-22,92.10398864746094,107.5,107.73999786376953,105.25,105.5,707100
FMC,2021-12-23,93.49198150634766,109.12000274658203,109.69000244140625,107.56999969482422,107.76000213623047,730300
FMC,2021-12-27,93.34634399414062,108.94999694824219,109.47000122070312,107.93000030517578,109.06999969482422,512200
FMC,2021-12-28,93.87752532958984,109.56999969482422,110.0,108.72000122070312,108.7300033569336,517700
FMC,2021-12-29,93.73188781738281,109.4000015258789,110.0,109.12000274658203,109.5199966430664,339400
FMC,2021-12-30,94.17957305908203,109.38999938964844,110.0,108.4800033569336,109.02999877929688,422500
FMC,2021-12-31,94.61003875732422,109.88999938964844,110.33999633789062,109.12000274658203,109.44999694824219,451600
FMC,2022-01-03,94.83390808105469,110.1500015258789,111.58000183105469,110.05000305175781,110.55999755859375,674600
FMC,2022-01-04,95.74652099609375,111.20999908447266,111.87999725341797,109.61000061035156,109.61000061035156,928800
FMC,2022-01-05,93.84381866455078,109.0,112.30999755859375,108.86000061035156,111.87000274658203,770300
FMC,2022-01-06,92.89677429199219,107.9000015258789,110.36000061035156,107.88999938964844,110.08000183105469,716200
FMC,2022-01-07,93.16365051269531,108.20999908447266,108.55000305175781,107.19000244140625,108.16000366210938,669200
FMC,2022-01-10,92.4662857055664,107.4000015258789,107.80999755859375,106.11000061035156,107.80999755859375,632600
FMC,2022-01-11,94.17957305908203,109.38999938964844,109.54000091552734,107.4800033569336,108.37000274658203,528200
FMC,2022-01-12,95.77233123779297,111.23999786376953,112.01000213623047,110.0999984741211,111.2300033569336,566300
FMC,2022-01-13,97.70948791503906,113.48999786376953,114.51000213623047,111.0999984741211,111.4000015258789,938500
FMC,2022-01-14,98.23465728759766,114.0999984741211,114.22000122070312,112.27999877929688,112.3499984741211,767100
FMC,2022-01-18,95.3160400390625,110.70999908447266,113.31999969482422,110.08999633789062,113.13999938964844,892000
FMC,2022-01-19,95.60875701904297,111.05000305175781,112.55000305175781,110.5199966430664,111.30999755859375,492800
FMC,2022-01-20,94.0934829711914,109.29000091552734,112.36000061035156,109.05999755859375,111.4800033569336,619100
FMC,2022-01-21,93.71466827392578,108.8499984741211,111.4000015258789,108.19999694824219,109.0,870100
FMC,2022-01-24,92.4662857055664,107.4000015258789,107.62999725341797,104.1500015258789,107.0,922400
FMC,2022-01-25,92.65570068359375,107.62000274658203,108.72000122070312,103.56999969482422,105.55999755859375,630400
FMC,2022-01-26,92.4232406616211,107.3499984741211,110.0999984741211,106.33000183105469,108.41000366210938,454600
FMC,2022-01-27,93.0603256225586,108.08999633789062,110.62999725341797,106.93000030517578,108.83000183105469,705000
FMC,2022-01-28,93.41332244873047,108.5,108.62999725341797,105.9000015258789,107.83999633789062,607200
FMC,2022-01-31,95.02330780029297,110.37000274658203,110.55999755859375,108.05999755859375,108.6500015258789,891900
FMC,2022-02-01,96.03925323486328,111.55000305175781,111.76000213623047,108.9000015258789,110.43000030517578,847500
FMC,2022-02-02,96.98627471923828,112.6500015258789,113.05000305175781,110.58000183105469,111.5,887500
FMC,2022-02-03,95.30741882324219,110.69999694824219,112.80000305175781,110.51000213623047,111.81999969482422,687400
FMC,2022-02-04,94.90278625488281,110.2300033569336,111.18000030517578,109.38999938964844,110.13999938964844,679700
FMC,2022-02-07,93.1722640991211,108.22000122070312,110.88999938964844,108.20999908447266,110.62999725341797,871500
FMC,2022-02-08,95.7206802368164,111.18000030517578,111.26000213623047,108.2300033569336,108.7300033569336,1027000
FMC,2022-02-09,101.05858612060547,117.37999725341797,119.61000061035156,112.76000213623047,113.36000061035156,2105900
FMC,2022-02-10,100.98971557617188,117.30000305175781,120.56999969482422,116.94000244140625,117.63999938964844,1164500
FMC,2022-02-11,101.48045349121094,117.87000274658203,119.33000183105469,116.80000305175781,117.44000244140625,913400
FMC,2022-02-14,99.65523529052734,115.75,118.0,114.62999725341797,117.51000213623047,610400
FMC,2022-02-15,101.40296173095703,117.77999877929688,118.16000366210938,115.91999816894531,116.75,556900
FMC,2022-02-16,102.96128845214844,119.58999633789062,119.70999908447266,117.16000366210938,117.62999725341797,702500
FMC,2022-02-17,101.68709564208984,118.11000061035156,119.91000366210938,117.66999816894531,118.33000183105469,454300
FMC,2022-02-18,100.63673400878906,116.88999938964844,119.87999725341797,116.83999633789062,118.4000015258789,840800
FMC,2022-02-22,100.00820922851562,116.16000366210938,117.70999908447266,114.93000030517578,116.4000015258789,562800
FMC,2022-02-23,98.74263000488281,114.69000244140625,117.1500015258789,114.38999938964844,116.12000274658203,792800
FMC,2022-02-24,98.92342376708984,114.9000015258789,115.19999694824219,111.41999816894531,112.44000244140625,942300
FMC,2022-02-25,101.56654357910156,117.97000122070312,118.1500015258789,114.79000091552734,115.88999938964844,721200
FMC,2022-02-28,100.94666290283203,117.25,117.2699966430664,114.5999984741211,115.76000213623047,1213000
FMC,2022-03-01,99.94794464111328,116.08999633789062,117.69000244140625,114.80999755859375,117.19999694824219,1158700
FMC,2022-03-02,102.93546295166016,119.55999755859375,120.44999694824219,116.38999938964844,117.23999786376953,1079400
FMC,2022-03-03,103.8739013671875,120.6500015258789,121.33000183105469,119.01000213623047,120.3499984741211,723100
FMC,2022-03-04,104.41630554199219,121.27999877929688,121.33999633789062,118.88999938964844,119.36000061035156,1023100
FMC,2022-03-07,102.37586212158203,118.91000366210938,122.83000183105469,117.9800033569336,121.8499984741211,1347500
FMC,2022-03-08,101.1274642944336,117.45999908447266,119.37999725341797,115.75,118.37000274658203,1015000
FMC,2022-03-09,103.31427764892578,120.0,120.66999816894531,118.4000015258789,118.62000274658203,982000
FMC,2022-03-10,107.11969757080078,124.41999816894531,124.94000244140625,118.51000213623047,119.12000274658203,1305500
FMC,2022-03-11,106.12960815429688,123.2699966430664,126.12999725341797,123.22000122070312,123.6500015258789,893300
FMC,2022-03-14,108.48861694335938,126.01000213623047,126.70999908447266,122.95999908447266,124.81999969482422,1640600
FMC,2022-03-15,109.92639923095703,127.68000030517578,127.91999816894531,125.61000061035156,126.16999816894531,1746600
FMC,2022-03-16,108.59193420410156,126.12999725341797,129.5399932861328,123.69000244140625,128.08999633789062,1830800
FMC,2022-03-17,111.61386108398438,129.63999938964844,129.64999389648438,125.19999694824219,125.68000030517578,1067300
FMC,2022-03-18,111.4416732788086,129.44000244140625,129.72000122070312,127.23999786376953,129.5500030517578,2027900
FMC,2022-03-21,113.12911224365234,131.39999389648438,131.5399932861328,129.57000732421875,130.94000244140625,1450400
FMC,2022-03-22,112.38011932373047,130.52999877929688,132.7899932861328,130.1999969482422,130.39999389648438,1210200
FMC,2022-03-23,113.00860595703125,131.25999450683594,131.5399932861328,129.1999969482422,131.2100067138672,1141700
FMC,2022-03-24,115.23847961425781,133.85000610351562,134.1300048828125,131.3699951171875,132.0,1290400
FMC,2022-03-25,117.56307983398438,136.5500030517578,136.6300048828125,133.67999267578125,133.67999267578125,907600
FMC,2022-03-28,117.04647827148438,135.9499969482422,136.5500030517578,134.0800018310547,135.8699951171875,1074800
FMC,2022-03-29,112.52645874023438,130.6999969482422,135.35000610351562,128.13999938964844,134.0,2136800
FMC,2022-03-30,114.77406311035156,132.77000427246094,136.41000366210938,130.6999969482422,131.00999450683594,1387700
FMC,2022-03-31,113.73670959472656,131.57000732421875,133.47999572753906,130.67999267578125,130.92999267578125,1793700
FMC,2022-04-01,113.35636138916016,131.1300048828125,133.6199951171875,130.1199951171875,132.74000549316406,1032000
FMC,2022-04-04,114.28997802734375,132.2100067138672,132.66000366210938,129.5800018310547,131.52000427246094,928400
FMC,2022-04-05,115.57801818847656,133.6999969482422,135.5,132.52000427246094,132.99000549316406,1575900
FMC,2022-04-06,115.83734893798828,134.0,135.0800018310547,132.75,134.17999267578125,977100
FMC,2022-04-07,117.4193115234375,135.8300018310547,136.42999267578125,133.72999572753906,134.6199951171875,748200
FMC,2022-04-08,119.64093780517578,138.39999389648438,138.75,135.61000061035156,136.75999450683594,960200
FMC,2022-04-11,118.06765747070312,136.5800018310547,139.08999633789062,135.9499969482422,138.4600067138672,829000
FMC,2022-04-12,118.56903839111328,137.16000366210938,139.0500030517578,136.63999938964844,137.02000427246094,761200
FMC,2022-04-13,119.80521392822266,138.58999633789062,138.9199981689453,137.38999938964844,137.97999572753906,534300
FMC,2022-04-14,118.24917602539062,136.7899932861328,138.47999572753906,136.6999969482422,137.61000061035156,819100
FMC,2022-04-18,118.75923919677734,137.3800048828125,140.35000610351562,136.94000244140625,137.3300018310547,964100
FMC,2022-04-19,120.44491577148438,139.3300018310547,139.97999572753906,137.25999450683594,137.64999389648438,664500
FMC,2022-04-20,120.58324432373047,139.49000549316406,140.99000549316406,137.75,139.47000122070312,1036900
FMC,2022-04-21,118.4393539428711,137.00999450683594,140.77999877929688,136.92999267578125,140.42999267578125,783900
FMC,2022-04-22,114.65303802490234,132.6300048828125,136.94000244140625,132.00999450683594,136.35000610351562,1051400
FMC,2022-04-25,113.80587005615234,131.64999389648438,132.08999633789062,128.0500030517578,131.02999877929688,1143400
FMC,2022-04-26,112.95868682861328,130.6699981689453,133.05999755859375,130.63999938964844,132.02000427246094,902100
FMC,2022-04-27,114.47148895263672,132.4199981689453,133.60000610351562,129.63999938964844,131.58999633789062,735500
FMC,2022-04-28,116.44245910644531,134.6999969482422,135.05999755859375,131.4199981689453,133.75,924300
FMC,2022-04-29,114.57522583007812,132.5399932861328,136.9600067138672,132.25,135.0,1012000
FMC,2022-05-02,113.91824340820312,131.77999877929688,133.60000610351562,129.1300048828125,133.1699981689453,1393700
FMC,2022-05-03,106.76052856445312,123.5,130.19000244140625,121.26000213623047,129.14999389648438,2057600
FMC,2022-05-04,105.92200469970703,122.52999877929688,124.68000030517578,119.9000015258789,124.19999694824219,1926700
FMC,2022-05-05,102.47282409667969,118.54000091552734,123.55000305175781,118.0999984741211,122.08000183105469,2250400
FMC,2022-05-06,102.87049102783203,119.0,119.52999877929688,115.7699966430664,118.0199966430664,1133900
FMC,2022-05-09,98.47039794921875,113.91000366210938,117.80999755859375,113.54000091552734,117.0,1125000
FMC,2022-05-10,97.39844512939453,112.66999816894531,116.0,111.44000244140625,115.2300033569336,935000
FMC,2022-05-11,99.85353088378906,115.51000213623047,117.77999877929688,112.16999816894531,112.94000244140625,1126400
FMC,2022-05-12,99.0236587524414,114.55000305175781,115.86000061035156,112.41000366210938,114.27999877929688,712000
FMC,2022-05-13,100.9427490234375,116.7699966430664,117.87999725341797,114.76000213623047,115.44999694824219,664300
FMC,2022-05-16,101.15884399414062,117.0199966430664,118.3499984741211,115.91999816894531,116.7699966430664,672400
FMC,2022-05-17,103.13846588134766,119.30999755859375,119.83999633789062,116.68000030517578,118.91000366210938,712200
FMC,2022-05-18,102.60250091552734,118.69000244140625,120.23999786376953,117.9000015258789,118.45999908447266,1027300
FMC,2022-05-19,104.92788696289062,121.37999725341797,122.3499984741211,117.22000122070312,117.5999984741211,852000
FMC,2022-05-20,103.24219512939453,119.43000030517578,122.91000366210938,116.27999877929688,122.5999984741211,885900
FMC,2022-05-23,106.76918029785156,123.51000213623047,124.08999633789062,120.05000305175781,120.86000061035156,785500
FMC,2022-05-24,106.81239318847656,123.55999755859375,124.12000274658203,120.77999877929688,122.7300033569336,638400
FMC,2022-05-25,105.70588684082031,122.27999877929688,125.37000274658203,122.04000091552734,123.1500015258789,945100
FMC,2022-05-26,106.44933319091797,123.13999938964844,124.69999694824219,122.79000091552734,123.55000305175781,1224600
FMC,2022-05-27,108.93032836914062,126.01000213623047,126.0199966430664,123.12000274658203,124.0,1216600
FMC,2022-05-31,105.96524810791016,122.58000183105469,124.26000213623047,121.5999984741211,124.19000244140625,2443100
FMC,2022-06-01,105.21315002441406,121.70999908447266,123.2300033569336,120.19000244140625,122.56999969482422,1144700
FMC,2022-06-02,108.53267669677734,125.55000305175781,125.5999984741211,121.19000244140625,122.30000305175781,934500
FMC,2022-06-03,104.87602996826172,121.31999969482422,125.1500015258789,121.26000213623047,124.79000091552734,668200
FMC,2022-06-06,104.14124298095703,120.47000122070312,122.11000061035156,119.51000213623047,122.11000061035156,1231100
FMC,2022-06-07,104.7982177734375,121.2300033569336,121.2300033569336,119.0999984741211,119.77999877929688,755900
FMC,2022-06-08,101.85907745361328,117.83000183105469,120.12999725341797,117.51000213623047,119.9800033569336,788500
FMC,2022-06-09,99.81893920898438,115.47000122070312,117.79000091552734,115.37999725341797,117.02999877929688,505000
FMC,2022-06-10,97.42440032958984,112.69999694824219,114.12999725341797,111.80000305175781,113.69000244140625,636100
FMC,2022-06-13,93.45654296875,108.11000061035156,110.08000183105469,107.43000030517578,109.61000061035156,902800
FMC,2022-06-14,93.29228210449219,107.91999816894531,109.2699966430664,107.29000091552734,108.16000366210938,612100
FMC,2022-06-15,92.63529205322266,107.16000366210938,109.87000274658203,105.0999984741211,109.56999969482422,651900
FMC,2022-06-16,89.82581329345703,103.91000366210938,105.38999938964844,103.13999938964844,104.8499984741211,1033500
FMC,2022-06-17,89.88631439208984,103.9800033569336,105.8499984741211,102.7300033569336,104.31999969482422,1548300
FMC,2022-06-21,94.07896423339844,108.83000183105469,109.56999969482422,106.58000183105469,108.13999938964844,950200
FMC,2022-06-22,93.03294372558594,107.62000274658203,108.94999694824219,106.05000305175781,106.08000183105469,728400
FMC,2022-06-23,89.63563537597656,103.69000244140625,107.97000122070312,103.4000015258789,107.2699966430664,867100
FMC,2022-06-24,93.5602798461914,108.2300033569336,108.72000122070312,103.93000030517578,104.30000305175781,1347400
FMC,2022-06-27,94.1567611694336,108.91999816894531,109.23999786376953,107.13999938964844,108.69000244140625,1117800
FMC,2022-06-28,93.21449279785156,107.83000183105469,111.63999938964844,107.73999786376953,109.98999786376953,787900
FMC,2022-06-29,94.01372528076172,108.22000122070312,108.4800033569336,106.23999786376953,107.87999725341797,473700
FMC,2022-06-30,92.96256256103516,107.01000213623047,107.69999694824219,105.5199966430664,106.94999694824219,867700
FMC,2022-07-01,93.38822174072266,107.5,107.72000122070312,104.5,106.2300033569336,674200
FMC,2022-07-05,90.33031463623047,103.9800033569336,105.5999984741211,102.06999969482422,105.2699966430664,1100600
FMC,2022-07-06,90.00017547607422,103.5999984741211,104.48999786376953,99.7699966430664,104.12000274658203,1585500
FMC,2022-07-07,90.73860168457031,104.44999694824219,105.70999908447266,104.11000061035156,104.66000366210938,700700
FMC,2022-07-08,91.15560150146484,104.93000030517578,105.5199966430664,103.18000030517578,104.86000061035156,550100
FMC,2022-07-11,90.89497375488281,104.62999725341797,105.25,103.13999938964844,103.69999694824219,726200
FMC,2022-07-12,89.94807434082031,103.54000091552734,105.30999755859375,103.13999938964844,103.94999694824219,558100
FMC,2022-07-13,89.2530746459961,102.73999786376953,103.7300033569336,101.45999908447266,101.4800033569336,462200
FMC,2022-07-14,86.90753173828125,100.04000091552734,101.5,98.23999786376953,100.5999984741211,1145600
FMC,2022-07-15,87.66332244873047,100.91000366210938,101.98999786376953,99.55000305175781,101.66000366210938,782600
FMC,2022-07-18,87.1941909790039,100.37000274658203,102.70999908447266,100.02999877929688,101.97000122070312,994900
FMC,2022-07-19,90.17395782470703,103.80000305175781,104.18000030517578,101.30000305175781,101.33999633789062,890700
FMC,2022-07-20,91.09478759765625,104.86000061035156,105.80999755859375,103.7699966430664,104.47000122070312,687100
FMC,2022-07-21,91.89401245117188,105.77999877929688,105.80000305175781,103.37999725341797,104.0199966430664,596200
FMC,2022-07-22,91.99824523925781,105.9000015258789,107.06999969482422,105.45999908447266,106.13999938964844,602500
FMC,2022-07-25,93.50115966796875,107.62999725341797,108.0199966430664,105.7300033569336,106.63999938964844,576300
FMC,2022-07-26,93.6401596069336,107.79000091552734,108.61000061035156,107.29000091552734,107.66000366210938,467000
FMC,2022-07-27,95.35155487060547,109.76000213623047,110.3499984741211,107.0,107.08999633789062,585900
FMC,2022-07-28,95.75116729736328,110.22000122070312,111.36000061035156,109.04000091552734,110.75,475200
FMC,2022-07-29,96.51565551757812,111.0999984741211,111.66000366210938,110.22000122070312,111.08000183105469,570300
FMC,2022-08-01,94.78688049316406,109.11000061035156,110.48999786376953,108.69999694824219,110.48999786376953,894600
FMC,2022-08-02,93.38822174072266,107.5,109.88999938964844,107.45999908447266,108.58999633789062,1004900
FMC,2022-08-03,94.72606658935547,109.04000091552734,110.8499984741211,107.0,107.33999633789062,1330400
FMC,2022-08-04,92.12857818603516,106.05000305175781,109.69999694824219,105.87000274658203,109.0,976000
FMC,2022-08-05,92.37181091308594,106.33000183105469,107.81999969482422,105.33999633789062,105.33999633789062,834900
FMC,2022-08-08,93.8486557006836,108.02999877929688,108.5999984741211,106.04000091552734,107.47000122070312,729300
FMC,2022-08-09,93.25792694091797,107.3499984741211,108.62000274658203,106.08000183105469,108.19999694824219,622500
FMC,2022-08-10,94.89112091064453,109.2300033569336,109.88999938964844,108.94999694824219,109.30000305175781,540000
FMC,2022-08-11,95.1865005493164,109.56999969482422,110.75,109.25,110.13999938964844,354700
FMC,2022-08-12,97.53206634521484,112.2699966430664,112.30000305175781,109.04000091552734,109.94000244140625,645100
FMC,2022-08-15,97.28881072998047,111.98999786376953,112.08999633789062,110.27999877929688,110.6500015258789,550700
FMC,2022-08-16,98.82646179199219,113.76000213623047,114.43000030517578,111.5199966430664,112.30000305175781,624600
FMC,2022-08-17,98.15753173828125,112.98999786376953,113.37000274658203,111.77999877929688,112.41999816894531,610900
FMC,2022-08-18,98.07067108154297,112.88999938964844,113.54000091552734,112.30000305175781,113.1500015258789,415100
FMC,2022-08-19,96.81103515625,111.44000244140625,112.55999755859375,110.58000183105469,112.4000015258789,461200
FMC,2022-08-22,94.53495788574219,108.81999969482422,110.2300033569336,108.05000305175781,110.16999816894531,508400
FMC,2022-08-23,98.41815185546875,113.29000091552734,113.51000213623047,109.16000366210938,109.16000366210938,688000
FMC,2022-08-24,99.62569427490234,114.68000030517578,115.95999908447266,113.2300033569336,113.5,827200
FMC,2022-08-25,102.15367889404297,117.58999633789062,117.63999938964844,115.18000030517578,115.5999984741211,762800
FMC,2022-08-26,98.96546936035156,113.91999816894531,118.4800033569336,113.9000015258789,118.3499984741211,480000
FMC,2022-08-29,98.18360137939453,113.0199966430664,114.37999725341797,112.16000366210938,112.6500015258789,495500
FMC,2022-08-30,95.30809783935547,109.70999908447266,112.9800033569336,109.2699966430664,112.7699966430664,609500
FMC,2022-08-31,93.89209747314453,108.08000183105469,109.58999633789062,107.44999694824219,109.44999694824219,951900
FMC,2022-09-01,92.79749298095703,106.81999969482422,107.02999877929688,104.41000366210938,106.61000061035156,722500
FMC,2022-09-02,92.4673843383789,106.44000244140625,108.62000274658203,105.94999694824219,108.0,662100
FMC,2022-09-06,91.24246978759766,105.02999877929688,107.80999755859375,104.5,107.05999755859375,561000
FMC,2022-09-07,94.35250854492188,108.61000061035156,109.06999969482422,104.37000274658203,104.6500015258789,446500
FMC,2022-09-08,95.54267883300781,109.9800033569336,110.22000122070312,106.91000366210938,107.33000183105469,527900
FMC,2022-09-09,97.9056167602539,112.69999694824219,113.4000015258789,110.58000183105469,111.36000061035156,782400
FMC,2022-09-12,98.21835327148438,113.05999755859375,113.33999633789062,111.56999969482422,113.33999633789062,671900
FMC,2022-09-13,95.85541534423828,110.33999633789062,113.11000061035156,110.0,110.68000030517578,645900
FMC,2022-09-14,96.42008209228516,110.98999786376953,111.11000061035156,108.73999786376953,110.2300033569336,699300
FMC,2022-09-15,94.0397720336914,108.25,111.25,107.81999969482422,110.66999816894531,626600
FMC,2022-09-16,91.98088073730469,105.87999725341797,106.95999908447266,104.68000030517578,106.22000122070312,1178200
FMC,2022-09-19,93.48377227783203,107.61000061035156,107.83999633789062,103.80999755859375,104.19000244140625,825400
FMC,2022-09-20,92.36312866210938,106.31999969482422,107.06999969482422,105.41999816894531,106.30999755859375,496000
FMC,2022-09-21,91.82451629638672,105.69999694824219,108.54000091552734,105.69000244140625,107.33999633789062,685800
FMC,2022-09-22,93.11024475097656,107.18000030517578,108.04000091552734,105.16999816894531,106.12000274658203,1044200
FMC,2022-09-23,91.04266357421875,104.80000305175781,105.5999984741211,103.25,105.19000244140625,957600
FMC,2022-09-26,89.73089599609375,103.29000091552734,106.9800033569336,103.05000305175781,104.30000305175781,982300
FMC,2022-09-27,91.21640014648438,105.0,106.41999816894531,104.13999938964844,104.91000366210938,1141100
FMC,2022-09-28,94.15272521972656,108.37999725341797,108.9800033569336,104.95999908447266,105.37000274658203,1292300
FMC,2022-09-29,92.80828094482422,106.30999755859375,107.23999786376953,105.31999969482422,107.23999786376953,916500
FMC,2022-09-30,92.27576446533203,105.69999694824219,107.33999633789062,105.47000122070312,106.0199966430664,1387700
FMC,2022-10-03,95.252685546875,109.11000061035156,109.7699966430664,107.33999633789062,107.55999755859375,1079100
FMC,2022-10-04,98.15977478027344,112.44000244140625,113.25,110.20999908447266,110.91000366210938,1136800
FMC,2022-10-05,97.81056213378906,112.04000091552734,112.5999984741211,110.33000183105469,111.33999633789062,884400
FMC,2022-10-06,97.74945831298828,111.97000122070312,113.31999969482422,111.11000061035156,111.47000122070312,826100
FMC,2022-10-07,96.6931381225586,110.76000213623047,112.0,109.47000122070312,111.29000091552734,642400
FMC,2022-10-10,98.14228820800781,112.41999816894531,113.19000244140625,110.97000122070312,111.30999755859375,589300
FMC,2022-10-11,98.14228820800781,112.41999816894531,114.6500015258789,111.66999816894531,111.87000274658203,745800
FMC,2022-10-12,100.13273620605469,114.69999694824219,115.4000015258789,112.02999877929688,112.75,1404900
FMC,2022-10-13,101.72159576416016,116.5199966430664,117.33999633789062,112.04000091552734,112.5,954300
FMC,2022-10-14,96.7629623413086,110.83999633789062,117.51000213623047,110.47000122070312,117.16999816894531,844300
FMC,2022-10-17,99.91448211669922,114.44999694824219,114.7300033569336,112.58000183105469,112.80999755859375,822000
FMC,2022-10-18,102.74298858642578,117.69000244140625,118.55000305175781,115.88999938964844,117.16999816894531,831200
FMC,2022-10-19,101.8525390625,116.66999816894531,118.69999694824219,115.63999938964844,117.2300033569336,694500
FMC,2022-10-20,100.70018768310547,115.3499984741211,118.0199966430664,114.44999694824219,117.44999694824219,917400
FMC,2022-10-21,102.31522369384766,117.19999694824219,117.52999877929688,113.94999694824219,115.20999908447266,1179300
FMC,2022-10-24,101.00572967529297,115.69999694824219,117.87000274658203,115.30000305175781,117.3499984741211,1047700
FMC,2022-10-25,103.5810775756836,118.6500015258789,119.36000061035156,115.0199966430664,115.4000015258789,1252200
FMC,2022-10-26,103.36282348632812,118.4000015258789,119.58999633789062,117.79000091552734,119.13999938964844,808500
FMC,2022-10-27,103.4937744140625,118.55000305175781,119.4800033569336,117.94999694824219,118.69999694824219,673400
FMC,2022-10-28,102.97871398925781,117.95999908447266,119.52999877929688,116.48999786376953,118.66000366210938,927300
FMC,2022-10-31,103.79932403564453,118.9000015258789,119.37999725341797,116.63999938964844,117.61000061035156,949900
FMC,2022-11-01,104.39297485351562,119.58000183105469,119.80000305175781,117.68000030517578,119.4800033569336,1102100
FMC,2022-11-02,104.6461181640625,119.87000274658203,124.5,119.0,122.81999969482422,1918700
FMC,2022-11-03,107.67543029785156,123.33999633789062,124.8499984741211,117.58000183105469,117.77999877929688,1395400
FMC,2022-11-04,108.68809509277344,124.5,125.63999938964844,121.66999816894531,125.41999816894531,930800
FMC,2022-11-07,108.66191864013672,124.47000122070312,125.31999969482422,123.36000061035156,124.63999938964844,610100
FMC,2022-11-08,111.00154113769531,127.1500015258789,127.97000122070312,124.0199966430664,125.01000213623047,673800
FMC,2022-11-09,109.88410949707031,125.87000274658203,128.02999877929688,125.62000274658203,126.4800033569336,605400
FMC,2022-11-10,110.39044189453125,126.44999694824219,129.77999877929688,126.1500015258789,129.16000366210938,839500
FMC,2022-11-11,109.60475158691406,125.55000305175781,128.3300018310547,123.56999969482422,127.47000122070312,880000
FMC,2022-11-14,110.98407745361328,127.12999725341797,129.44000244140625,124.43000030517578,125.3499984741211,666700
FMC,2022-11-15,112.38088989257812,128.72999572753906,129.3300018310547,126.12999725341797,129.27999877929688,678300
FMC,2022-11-16,110.62615203857422,126.72000122070312,128.11000061035156,126.56999969482422,127.97000122070312,617400
FMC,2022-11-17,111.13250732421875,127.30000305175781,127.44000244140625,124.33999633789062,125.0,718400
FMC,2022-11-18,111.43803405761719,127.6500015258789,128.57000732421875,126.56999969482422,128.44000244140625,700100
FMC,2022-11-21,111.10631561279297,127.2699966430664,127.91000366210938,125.76000213623047,126.29000091552734,505500
FMC,2022-11-22,111.85709381103516,128.1300048828125,129.0,127.0999984741211,128.52000427246094,638400
FMC,2022-11-23,111.96185302734375,128.25,128.99000549316406,127.0999984741211,128.38999938964844,579600
FMC,2022-11-25,112.77372741699219,129.17999267578125,129.55999755859375,128.00999450683594,128.16000366210938,172200
FMC,2022-11-28,110.90552520751953,127.04000091552734,128.75,126.69999694824219,128.10000610351562,646300
FMC,2022-11-29,111.49043273925781,127.70999908447266,128.57000732421875,126.52999877929688,127.66999816894531,543000
FMC,2022-11-30,114.04830169677734,130.63999938964844,130.72000122070312,126.70999908447266,128.05999755859375,1196500
FMC,2022-12-01,113.5157699584961,130.02999877929688,132.5,129.99000549316406,131.0,658100
FMC,2022-12-02,117.29585266113281,134.36000061035156,134.3800048828125,128.1199951171875,129.49000549316406,1061600
FMC,2022-12-05,114.12688446044922,130.72999572753906,134.2899932861328,130.05999755859375,133.49000549316406,731800
FMC,2022-12-06,111.69121551513672,127.94000244140625,131.33999633789062,126.7699966430664,131.02999877929688,983900
FMC,2022-12-07,111.67374420166016,127.91999816894531,128.7899932861328,126.95999908447266,127.86000061035156,694800
FMC,2022-12-08,111.73486328125,127.98999786376953,129.3699951171875,127.81999969482422,129.1300048828125,601000
FMC,2022-12-09,110.52140808105469,126.5999984741211,129.0,126.58000183105469,127.98999786376953,527100
FMC,2022-12-12,110.25076293945312,126.29000091552734,127.19999694824219,125.16000366210938,126.79000091552734,808300
FMC,2022-12-13,111.39439392089844,127.5999984741211,129.2100067138672,127.0199966430664,128.6199951171875,828600
FMC,2022-12-14,110.687255859375,126.79000091552734,129.22000122070312,126.37000274658203,127.87999725341797,467300
FMC,2022-12-15,109.27301788330078,125.16999816894531,125.83000183105469,124.0199966430664,125.68000030517578,774300
FMC,2022-12-16,108.51351928710938,124.30000305175781,125.5199966430664,123.2699966430664,124.05000305175781,2182200
FMC,2022-12-19,107.1690902709961,122.76000213623047,125.41999816894531,122.38999938964844,124.5,636500
FMC,2022-12-20,108.40000915527344,124.16999816894531,124.55999755859375,122.36000061035156,123.1500015258789,785400
FMC,2022-12-21,109.20317077636719,125.08999633789062,125.70999908447266,123.58999633789062,124.72000122070312,530700
FMC,2022-12-22,108.83651733398438,124.66999816894531,125.13999938964844,122.58999633789062,124.87000274658203,500800
FMC,2022-12-23,110.29441833496094,126.33999633789062,126.51000213623047,123.81999969482422,124.58000183105469,575800
FMC,2022-12-27,110.46903228759766,126.54000091552734,127.48999786376953,125.98999786376953,127.20999908447266,436800
FMC,2022-12-28,108.82779693603516,124.66000366210938,126.91999816894531,124.55999755859375,126.25,422200
FMC,2022-12-29,109.58207702636719,124.94000244140625,126.05000305175781,124.56999969482422,124.56999969482422,430600
FMC,2022-12-30,109.45928955078125,124.80000305175781,125.4000015258789,123.58999633789062,124.55999755859375,591600
FMC,2023-01-03,109.56452178955078,124.91999816894531,125.73999786376953,123.75,124.87000274658203,735700
FMC,2023-01-04,107.82791137695312,122.94000244140625,126.0,122.3499984741211,124.91000366210938,977400
FMC,2023-01-05,106.74034118652344,121.69999694824219,123.30999755859375,120.16999816894531,122.16000366210938,993200
FMC,2023-01-06,110.03814697265625,125.45999908447266,125.69000244140625,122.62999725341797,123.25,739500
FMC,2023-01-09,113.11669921875,128.97000122070312,129.4499969482422,125.5999984741211,126.5999984741211,1042700
FMC,2023-01-10,112.87989044189453,128.6999969482422,130.3000030517578,127.7699966430664,129.5,651700
FMC,2023-01-11,115.35326385498047,131.52000427246094,131.57000732421875,128.82000732421875,130.3000030517578,877200
FMC,2023-01-12,113.47631072998047,129.3800048828125,131.64999389648438,129.0399932861328,131.57000732421875,547800
FMC,2023-01-13,113.9937744140625,129.97000122070312,130.05999755859375,127.80000305175781,128.66000366210938,550100
FMC,2023-01-17,112.8185043334961,128.6300048828125,131.72000122070312,128.27999877929688,130.32000732421875,876700
FMC,2023-01-18,111.05557250976562,126.62000274658203,129.9499969482422,126.58999633789062,129.6300048828125,741300
FMC,2023-01-19,111.01171112060547,126.56999969482422,127.31999969482422,125.7699966430664,126.41999816894531,400200
FMC,2023-01-20,112.44134521484375,128.1999969482422,129.22000122070312,126.2699966430664,127.0199966430664,662800
FMC,2023-01-23,111.80986785888672,127.4800033569336,128.80999755859375,126.55999755859375,128.38999938964844,500100
FMC,2023-01-24,113.33596801757812,129.22000122070312,129.38999938964844,125.0,126.5999984741211,317400
FMC,2023-01-25,113.03776550292969,128.8800048828125,129.61000061035156,126.52999877929688,127.88999938964844,366400
FMC,2023-01-26,114.80945587158203,130.89999389648438,131.35000610351562,129.05999755859375,129.05999755859375,591400
FMC,2023-01-27,115.96721649169922,132.22000122070312,132.94000244140625,130.58999633789062,130.61000061035156,769200
FMC,2023-01-30,114.27442169189453,130.2899932861328,133.3699951171875,129.27999877929688,132.0,673500
FMC,2023-01-31,116.7653579711914,133.1300048828125,133.1999969482422,129.99000549316406,130.35000610351562,560700
FMC,2023-02-01,116.15137481689453,132.42999267578125,133.35000610351562,131.10000610351562,132.7899932861328,747400
FMC,2023-02-02,112.8974380493164,128.72000122070312,131.57000732421875,125.77999877929688,131.10000610351562,1413000
FMC,2023-02-03,111.73091125488281,127.38999938964844,129.07000732421875,127.04000091552734,128.5500030517578,1063100
FMC,2023-02-06,110.62579345703125,126.12999725341797,126.97000122070312,124.16000366210938,126.97000122070312,1350300
FMC,2023-02-07,110.62579345703125,126.12999725341797,127.11000061035156,124.87999725341797,125.7300033569336,1008700
FMC,2023-02-08,112.67814636230469,128.47000122070312,130.25,125.66999816894531,126.69000244140625,1226300
FMC,2023-02-09,113.23072052001953,129.10000610351562,130.83999633789062,126.7699966430664,129.50999450683594,1093900
FMC,2023-02-10,115.07257080078125,131.1999969482422,131.57000732421875,129.14999389648438,129.3800048828125,1145700
FMC,2023-02-13,113.09039306640625,128.94000244140625,131.77000427246094,128.66000366210938,131.1999969482422,820300
FMC,2023-02-14,112.82726287841797,128.63999938964844,129.2100067138672,127.26000213623047,128.88999938964844,760600
FMC,2023-02-15,113.17808532714844,129.0399932861328,129.2100067138672,127.06999969482422,128.0500030517578,881800
FMC,2023-02-16,113.14299774169922,129.0,131.0500030517578,127.80000305175781,128.07000732421875,976000
FMC,2023-02-17,112.44134521484375,128.1999969482422,129.25999450683594,127.63999938964844,128.92999267578125,495900
FMC,2023-02-21,110.63456726074219,126.13999938964844,128.39999389648438,126.0,127.93000030517578,593500
FMC,2023-02-22,112.90620422363281,128.72999572753906,129.0500030517578,126.19999694824219,126.56999969482422,534800
FMC,2023-02-23,113.21318817138672,129.0800018310547,130.27999877929688,128.00999450683594,128.6199951171875,525100
FMC,2023-02-24,113.02898406982422,128.8699951171875,129.42999267578125,126.29000091552734,127.87000274658203,557000
FMC,2023-02-27,113.33596801757812,129.22000122070312,130.41000366210938,128.67999267578125,129.30999755859375,483200
FMC,2023-02-28,113.2745590209961,129.14999389648438,129.85000610351562,128.66000366210938,129.30999755859375,903400
FMC,2023-03-01,112.37117004394531,128.1199951171875,129.80999755859375,127.73999786376953,128.8699951171875,701100
FMC,2023-03-02,113.02021789550781,128.86000061035156,129.1999969482422,126.56999969482422,128.24000549316406,791100
FMC,2023-03-03,112.61676025390625,128.39999389648438,129.13999938964844,127.4000015258789,129.13999938964844,729900
FMC,2023-03-06,110.49423217773438,125.9800033569336,128.27000427246094,125.06999969482422,127.80000305175781,1054300
FMC,2023-03-07,110.62579345703125,126.12999725341797,126.44999694824219,123.87000274658203,125.61000061035156,763600
FMC,2023-03-08,111.80108642578125,127.47000122070312,127.6500015258789,125.43000030517578,126.2300033569336,969400
FMC,2023-03-09,108.10858917236328,123.26000213623047,128.52000427246094,122.91999816894531,127.8499984741211,574100
FMC,2023-03-10,105.740478515625,120.55999755859375,123.19000244140625,119.88999938964844,122.75,613600
FMC,2023-03-13,104.7581558227539,119.44000244140625,121.05000305175781,117.54000091552734,118.87999725341797,1042500
FMC,2023-03-14,105.47736358642578,120.26000213623047,122.25,118.69000244140625,121.44999694824219,918500
FMC,2023-03-15,101.78485107421875,116.05000305175781,118.72000122070312,114.43000030517578,117.52999877929688,847700
FMC,2023-03-16,102.40757751464844,116.76000213623047,116.98999786376953,113.86000061035156,114.56999969482422,1137600
FMC,2023-03-17,101.80239868164062,116.06999969482422,117.52999877929688,115.41000366210938,117.01000213623047,1660800
FMC,2023-03-20,104.24943542480469,118.86000061035156,119.13999938964844,115.88999938964844,117.06999969482422,1011800
FMC,2023-03-21,106.59123229980469,121.52999877929688,121.88999938964844,119.77999877929688,120.41999816894531,821500
FMC,2023-03-22,103.54778289794922,118.05999755859375,121.69000244140625,117.87999725341797,121.5,933500
FMC,2023-03-23,102.5829849243164,116.95999908447266,118.88999938964844,115.4000015258789,118.19000244140625,840300
FMC,2023-03-24,103.2232666015625,117.69000244140625,118.16999816894531,115.0,116.12000274658203,725700
FMC,2023-03-27,103.76704406738281,118.30999755859375,119.11000061035156,117.36000061035156,119.11000061035156,502400
FMC,2023-03-28,104.59150695800781,119.25,120.33999633789062,118.1500015258789,118.62999725341797,376600
FMC,2023-03-29,106.10008239746094,120.97000122070312,121.6500015258789,119.75,120.55999755859375,722900
FMC,2023-03-30,106.71699523925781,121.08999633789062,121.62000274658203,120.16999816894531,121.33999633789062,490600
FMC,2023-03-31,107.63353729248047,122.12999725341797,122.31999969482422,121.01000213623047,121.37999725341797,516500
FMC,2023-04-03,108.14469909667969,122.70999908447266,123.25,121.6500015258789,122.66000366210938,875300
FMC,2023-04-04,107.15764617919922,121.58999633789062,123.16000366210938,120.80999755859375,122.08999633789062,879400
FMC,2023-04-05,107.4132308959961,121.87999725341797,121.91999816894531,120.08999633789062,121.2699966430664,1106100
FMC,2023-04-06,103.04196166992188,116.91999816894531,121.08999633789062,116.12000274658203,120.55000305175781,1595900
FMC,2023-04-10,104.93675231933594,119.06999969482422,119.29000091552734,116.75,117.08999633789062,712000
FMC,2023-04-11,106.43496704101562,120.7699966430664,120.88999938964844,118.33999633789062,119.06999969482422,667300
FMC,2023-04-12,107.9596176147461,122.5,123.77999877929688,120.75,121.12999725341797,889300
FMC,2023-04-13,109.14937591552734,123.8499984741211,124.7699966430664,122.29000091552734,123.87000274658203,722800
FMC,2023-04-14,108.1270980834961,122.69000244140625,124.91000366210938,121.93000030517578,123.83999633789062,563900
FMC,2023-04-17,109.55477905273438,124.30999755859375,124.31999969482422,123.0,123.5199966430664,402700
FMC,2023-04-18,109.8896713256836,124.69000244140625,125.19999694824219,124.0199966430664,124.58000183105469,390900
FMC,2023-04-19,109.06124877929688,123.75,124.58000183105469,123.19999694824219,124.0,555000
FMC,2023-04-20,108.4972152709961,123.11000061035156,123.4000015258789,122.20999908447266,122.91000366210938,648400
FMC,2023-04-21,108.59416961669922,123.22000122070312,124.19000244140625,122.91000366210938,123.13999938964844,693100
FMC,2023-04-24,109.09651184082031,123.79000091552734,124.04000091552734,122.98999786376953,123.7699966430664,397900
FMC,2023-04-25,107.54541015625,122.02999877929688,123.8499984741211,121.98999786376953,122.7699966430664,640400
FMC,2023-04-26,105.59774780273438,119.81999969482422,122.0,119.7300033569336,121.11000061035156,808800
FMC,2023-04-27,107.32508850097656,121.77999877929688,122.13999938964844,119.5,119.83999633789062,763100
FMC,2023-04-28,108.91143798828125,123.58000183105469,123.69999694824219,121.44999694824219,121.44999694824219,946200
FMC,2023-05-01,109.07007598876953,123.76000213623047,124.61000061035156,122.83000183105469,123.5,910500
FMC,2023-05-02,102.6012954711914,116.41999816894531,121.54000091552734,111.77999877929688,118.80000305175781,3243300
FMC,2023-05-03,100.45973205566406,113.98999786376953,117.25,113.80999755859375,115.9000015258789,1252000
FMC,2023-05-04,98.6090087890625,111.88999938964844,113.83999633789062,111.0,113.44000244140625,1108000
FMC,2023-05-05,100.01908874511719,113.48999786376953,114.19999694824219,112.55999755859375,113.13999938964844,816100
FMC,2023-05-08,98.67069244384766,111.95999908447266,114.66000366210938,111.7699966430664,114.47000122070312,586100
FMC,2023-05-09,97.38398742675781,110.5,111.62999725341797,110.0199966430664,111.56999969482422,1032600
FMC,2023-05-10,97.45448303222656,110.58000183105469,112.0999984741211,108.54000091552734,111.79000091552734,1036600
FMC,2023-05-11,96.50270080566406,109.5,109.62999725341797,108.30999755859375,108.9000015258789,1095200
FMC,2023-05-12,96.57318878173828,109.58000183105469,110.54000091552734,108.66999816894531,109.66000366210938,776300
FMC,2023-05-15,97.08435821533203,110.16000366210938,110.2300033569336,108.9800033569336,110.12999725341797,618100
FMC,2023-05-16,95.44513702392578,108.30000305175781,109.68000030517578,108.22000122070312,109.47000122070312,990700
FMC,2023-05-17,95.19835662841797,108.0199966430664,109.44000244140625,107.69000244140625,108.61000061035156,774200
FMC,2023-05-18,95.5949478149414,108.47000122070312,108.73999786376953,106.26000213623047,107.87999725341797,796500
FMC,2023-05-19,95.98271942138672,108.91000366210938,109.79000091552734,108.16999816894531,109.20999908447266,604600
FMC,2023-05-22,95.03091430664062,107.83000183105469,109.68000030517578,107.80999755859375,109.12000274658203,1030500
FMC,2023-05-23,93.98216247558594,106.63999938964844,107.97000122070312,106.44999694824219,107.62999725341797,801400
FMC,2023-05-24,92.45751953125,104.91000366210938,106.5999984741211,104.7300033569336,106.55999755859375,709800
FMC,2023-05-25,91.54095458984375,103.87000274658203,105.1500015258789,103.58000183105469,104.2699966430664,649500
FMC,2023-05-26,91.29418182373047,103.58999633789062,104.8499984741211,103.41000366210938,104.29000091552734,769200
FMC,2023-05-30,91.84060668945312,104.20999908447266,104.41999816894531,102.16000366210938,103.23999786376953,891500
FMC,2023-05-31,91.72602081298828,104.08000183105469,104.44000244140625,102.62999725341797,103.55000305175781,2746800
FMC,2023-06-01,91.91109466552734,104.29000091552734,105.20999908447266,103.7699966430664,104.36000061035156,1105300
FMC,2023-06-02,94.36112213134766,107.06999969482422,107.26000213623047,105.44000244140625,106.05000305175781,1089100
FMC,2023-06-05,94.68720245361328,107.44000244140625,109.11000061035156,107.20999908447266,107.69999694824219,1077000
FMC,2023-06-06,97.12841033935547,110.20999908447266,110.37000274658203,106.51000213623047,106.51000213623047,1081000
FMC,2023-06-07,98.22122955322266,111.44999694824219,111.94999694824219,109.4800033569336,110.44999694824219,957400
FMC,2023-06-08,96.90807342529297,109.95999908447266,111.44999694824219,108.76000213623047,111.16000366210938,1002900
FMC,2023-06-09,93.09205627441406,105.62999725341797,110.62999725341797,105.04000091552734,109.29000091552734,1770900
FMC,2023-06-12,92.62495422363281,105.0999984741211,106.69999694824219,104.69000244140625,105.62999725341797,1522100
FMC,2023-06-13,93.25068664550781,105.80999755859375,106.8499984741211,104.9800033569336,105.87999725341797,1242700
FMC,2023-06-14,92.13142395019531,104.54000091552734,106.83000183105469,104.27999877929688,106.25,698800
FMC,2023-06-15,93.32999420166016,105.9000015258789,106.4000015258789,104.33000183105469,105.0,772800
FMC,2023-06-16,94.09672546386719,106.7699966430664,107.29000091552734,105.41000366210938,106.30999755859375,1605400
FMC,2023-06-20,92.78357696533203,105.27999877929688,106.44999694824219,104.12000274658203,105.69000244140625,1107600
FMC,2023-06-21,95.93865203857422,108.86000061035156,108.91000366210938,104.36000061035156,105.05999755859375,1417500
FMC,2023-06-22,95.10142517089844,107.91000366210938,108.68000030517578,107.0199966430664,108.55000305175781,1102700
FMC,2023-06-23,93.18018341064453,105.7300033569336,107.68000030517578,105.4800033569336,107.22000122070312,1270900
FMC,2023-06-26,93.9380874633789,106.58999633789062,106.87000274658203,105.54000091552734,106.04000091552734,807100
FMC,2023-06-27,92.62495422363281,105.0999984741211,107.1500015258789,104.3499984741211,106.25,753900
FMC,2023-06-28,91.60264587402344,103.94000244140625,105.72000122070312,103.02999877929688,105.18000030517578,1304600
FMC,2023-06-29,92.63954162597656,104.52999877929688,104.68000030517578,102.61000061035156,103.05000305175781,747000
FMC,2023-06-30,92.47115325927734,104.33999633789062,105.2699966430664,103.5,105.2699966430664,848000
FMC,2023-07-03,94.02208709716797,106.08999633789062,106.87000274658203,103.66999816894531,104.02999877929688,450200
FMC,2023-07-05,90.87592315673828,102.54000091552734,104.73999786376953,102.41999816894531,104.7300033569336,991800
FMC,2023-07-06,91.6026382446289,103.36000061035156,103.5,101.41999816894531,101.83000183105469,1087200
FMC,2023-07-07,92.39141082763672,104.25,104.91999816894531,102.5199966430664,102.9000015258789,1453500
FMC,2023-07-10,82.09318542480469,92.62999725341797,97.62999725341797,88.7699966430664,96.04000091552734,8312700
FMC,2023-07-11,83.15670013427734,93.83000183105469,94.0,91.58000183105469,92.6500015258789,2459900
FMC,2023-07-12,84.61014556884766,95.47000122070312,96.0,93.08000183105469,95.0,2271400
FMC,2023-07-13,85.23936462402344,96.18000030517578,97.2699966430664,94.62000274658203,95.22000122070312,1643900
FMC,2023-07-14,84.39743041992188,95.2300033569336,96.76000213623047,94.97000122070312,96.31999969482422,1109500
FMC,2023-07-17,84.55696868896484,95.41000366210938,96.05999755859375,94.87000274658203,95.0,888800
FMC,2023-07-18,84.69876098632812,95.56999969482422,97.44999694824219,95.12000274658203,95.80000305175781,1218400
FMC,2023-07-19,84.75193786621094,95.62999725341797,96.91000366210938,95.47000122070312,95.91999816894531,1181500
FMC,2023-07-20,84.76079559326172,95.63999938964844,96.63999938964844,95.2300033569336,96.63999938964844,817700
FMC,2023-07-21,84.33541107177734,95.16000366210938,95.8499984741211,94.81999969482422,95.51000213623047,1150100
FMC,2023-07-24,84.55696868896484,95.41000366210938,95.83000183105469,94.05999755859375,94.16999816894531,1625000
FMC,2023-07-25,84.86715698242188,95.76000213623047,96.31999969482422,95.18000030517578,96.31999969482422,1166900
FMC,2023-07-26,84.45061492919922,95.29000091552734,96.33999633789062,95.01000213623047,95.27999877929688,647400
FMC,2023-07-27,84.37971496582031,95.20999908447266,96.63999938964844,94.88999938964844,95.29000091552734,810000
FMC,2023-07-28,85.38117218017578,96.33999633789062,96.52999877929688,95.70999908447266,96.3499984741211,1150900
FMC,2023-07-31,85.28369903564453,96.2300033569336,96.80999755859375,95.5999984741211,96.69999694824219,831300
FMC,2023-08-01,83.33394622802734,94.02999877929688,96.05000305175781,93.80999755859375,95.56999969482422,1403000
FMC,2023-08-02,82.26158905029297,92.81999969482422,94.30999755859375,92.72000122070312,93.16000366210938,1680000
FMC,2023-08-03,80.63973999023438,90.98999786376953,92.7699966430664,89.68000030517578,91.5199966430664,1840000
FMC,2023-08-04,81.08287048339844,91.48999786376953,94.06999969482422,91.33999633789062,91.33999633789062,1298000
FMC,2023-08-07,80.69293975830078,91.05000305175781,92.23999786376953,90.94999694824219,91.47000122070312,1077600
FMC,2023-08-08,78.53934478759766,88.62000274658203,90.26000213623047,88.54000091552734,90.0,1256200
FMC,2023-08-09,77.05929565429688,86.94999694824219,89.06999969482422,86.61000061035156,88.98999786376953,2064400
FMC,2023-08-10,77.768310546875,87.75,88.43000030517578,86.8499984741211,87.47000122070312,1412800
FMC,2023-08-11,78.92929077148438,89.05999755859375,89.79000091552734,87.37000274658203,87.58000183105469,1015100
FMC,2023-08-14,79.58511352539062,89.80000305175781,89.94999694824219,87.88999938964844,88.22000122070312,1417600
FMC,2023-08-15,77.52902221679688,87.4800033569336,89.47000122070312,87.41000366210938,88.91000366210938,1226500
FMC,2023-08-16,77.2365493774414,87.1500015258789,87.83000183105469,86.80999755859375,87.1500015258789,863300
FMC,2023-08-17,78.71659088134766,88.81999969482422,88.93000030517578,87.08999633789062,87.37999725341797,1146000
FMC,2023-08-18,78.8761215209961,89.0,90.33000183105469,88.25,88.26000213623047,1392300
FMC,2023-08-21,78.12281036376953,88.1500015258789,89.12000274658203,87.43000030517578,88.70999908447266,931900
FMC,2023-08-22,78.4507064819336,88.5199966430664,88.69000244140625,87.94999694824219,88.25,951900
FMC,2023-08-23,78.1493911743164,88.18000030517578,88.51000213623047,87.66999816894531,88.36000061035156,1116800
FMC,2023-08-24,78.21143341064453,88.25,88.58999633789062,87.56999969482422,88.0,903600
FMC,2023-08-25,77.94554901123047,87.94999694824219,88.97000122070312,87.87999725341797,88.7699966430664,865400
FMC,2023-08-28,78.53047943115234,88.61000061035156,89.2699966430664,88.16999816894531,88.4000015258789,610300
FMC,2023-08-29,78.60137176513672,88.69000244140625,89.22000122070312,87.9000015258789,88.9800033569336,1214400
FMC,2023-08-30,78.34436798095703,88.4000015258789,88.83000183105469,87.8499984741211,88.55999755859375,1521000
FMC,2023-08-31,76.42120361328125,86.2300033569336,88.62999725341797,85.68000030517578,88.55999755859375,2163500
FMC,2023-09-01,76.297119140625,86.08999633789062,87.3499984741211,85.87000274658203,87.06999969482422,1529900
FMC,2023-09-05,73.22185516357422,82.62000274658203,85.33000183105469,82.33999633789062,85.33000183105469,2641400
FMC,2023-09-06,72.84076690673828,82.19000244140625,82.98999786376953,81.63999938964844,82.44999694824219,1924500
FMC,2023-09-07,67.44351196289062,76.0999984741211,81.5,74.81999969482422,81.13999938964844,7138500
FMC,2023-09-08,66.87631225585938,75.45999908447266,77.0999984741211,74.80999755859375,76.47000122070312,3065100
FMC,2023-09-11,65.46717834472656,73.87000274658203,76.69999694824219,73.70999908447266,75.88999938964844,2467400
FMC,2023-09-12,66.51294708251953,75.05000305175781,75.5999984741211,73.0,73.48999786376953,2341800
FMC,2023-09-13,66.74336242675781,75.30999755859375,77.19000244140625,75.05000305175781,75.5199966430664,2213800
FMC,2023-09-14,67.00923919677734,75.61000061035156,76.62000274658203,75.0199966430664,76.12999725341797,2268600
FMC,2023-09-15,67.04470825195312,75.6500015258789,76.81999969482422,75.3499984741211,75.5,2929400
FMC,2023-09-18,65.3519515991211,73.73999786376953,75.88999938964844,73.69000244140625,75.80000305175781,1513400
FMC,2023-09-19,64.2530288696289,72.5,74.05000305175781,72.41999816894531,74.0,1655300
FMC,2023-09-20,62.905914306640625,70.9800033569336,73.0,70.91000366210938,73.0,1651100
FMC,2023-09-21,61.85128402709961,69.79000091552734,71.01000213623047,69.73999786376953,70.69999694824219,1562000
FMC,2023-09-22,60.610530853271484,68.38999938964844,70.16000366210938,68.16999816894531,70.05000305175781,1555500
FMC,2023-09-25,60.20286560058594,67.93000030517578,68.95999908447266,67.37000274658203,67.44000244140625,1242600
FMC,2023-09-26,59.41410827636719,67.04000091552734,67.80999755859375,66.55000305175781,67.41999816894531,1442800
FMC,2023-09-27,58.50126266479492,66.01000213623047,67.5,65.62000274658203,67.41999816894531,1463500
FMC,2023-09-28,58.930442810058594,65.91000366210938,66.6500015258789,65.30000305175781,65.62000274658203,1987100
FMC,2023-09-29,59.87818145751953,66.97000122070312,67.27999877929688,65.95999908447266,66.58999633789062,1944800
FMC,2023-10-02,58.3403205871582,65.25,66.6500015258789,64.80000305175781,66.63999938964844,2338700
FMC,2023-10-03,58.25091552734375,65.1500015258789,66.47000122070312,64.5199966430664,64.5999984741211,1731000
FMC,2023-10-04,57.98268127441406,64.8499984741211,66.0999984741211,64.5999984741211,65.8499984741211,1391200
FMC,2023-10-05,56.784576416015625,63.5099983215332,65.01000213623047,63.0,64.5999984741211,1186300
FMC,2023-10-06,56.14082717895508,62.790000915527344,63.41999816894531,62.22999954223633,62.810001373291016,1612400
FMC,2023-10-09,56.64152908325195,63.349998474121094,63.54999923706055,62.0099983215332,62.810001373291016,1491000
FMC,2023-10-10,57.777042388916016,64.62000274658203,64.75,63.380001068115234,63.849998474121094,1125900
FMC,2023-10-11,56.11399841308594,62.7599983215332,64.69000244140625,62.189998626708984,64.47000122070312,924300
FMC,2023-10-12,55.31825256347656,61.869998931884766,63.040000915527344,61.5,63.040000915527344,1257700
FMC,2023-10-13,55.801063537597656,62.40999984741211,62.63999938964844,61.79999923706055,62.04999923706055,1189000
FMC,2023-10-16,57.419403076171875,64.22000122070312,64.88999938964844,62.27000045776367,63.2599983215332,1336800
FMC,2023-10-17,60.11958694458008,67.23999786376953,67.2699966430664,63.709999084472656,63.790000915527344,2077800
FMC,2023-10-18,59.15395736694336,66.16000366210938,67.80999755859375,65.83000183105469,66.7300033569336,1778800
FMC,2023-10-19,59.538421630859375,66.58999633789062,67.76000213623047,65.66000366210938,65.83000183105469,1201600
FMC,2023-10-20,59.86030197143555,66.94999694824219,67.87999725341797,66.27999877929688,66.36000061035156,2749600
FMC,2023-10-23,51.96535873413086,58.119998931884766,59.900001525878906,49.70000076293945,50.15999984741211,8862400
FMC,2023-10-24,50.168209075927734,56.11000061035156,57.08000183105469,54.970001220703125,56.45000076293945,3762900
FMC,2023-10-25,49.86421203613281,55.77000045776367,56.68000030517578,54.869998931884766,56.08000183105469,1810600
FMC,2023-10-26,51.26796340942383,57.34000015258789,58.38999938964844,55.689998626708984,56.36000061035156,1642800
FMC,2023-10-27,50.856666564941406,56.880001068115234,57.97999954223633,56.7599983215332,57.61000061035156,1642300
FMC,2023-10-30,51.82229995727539,57.959999084472656,58.66999816894531,56.560001373291016,57.900001525878906,1775600
FMC,2023-10-31,47.56636428833008,53.20000076293945,56.33000183105469,52.099998474121094,56.16999816894531,3714900
FMC,2023-11-01,44.71417236328125,50.0099983215332,53.43000030517578,49.939998626708984,53.279998779296875,3631700
FMC,2023-11-02,48.89857864379883,54.689998626708984,55.119998931884766,50.27000045776367,50.4900016784668,2741500
FMC,2023-11-03,49.524452209472656,55.38999938964844,56.16999816894531,54.5,55.5,2205300
FMC,2023-11-06,49.524452209472656,55.38999938964844,55.84000015258789,54.040000915527344,55.29999923706055,1853700
FMC,2023-11-07,47.718360900878906,53.369998931884766,55.22999954223633,53.2599983215332,54.720001220703125,1230300
FMC,2023-11-08,46.86895751953125,52.41999816894531,54.060001373291016,52.380001068115234,54.040000915527344,1373200
FMC,2023-11-09,44.803585052490234,50.11000061035156,53.209999084472656,49.560001373291016,53.130001068115234,2686100
FMC,2023-11-10,45.81391525268555,51.2400016784668,51.58000183105469,49.4900016784668,50.0099983215332,1859700
FMC,2023-11-13,45.80497741699219,51.22999954223633,51.63999938964844,50.13999938964844,50.84000015258789,1347500
FMC,2023-11-14,47.15507125854492,52.7400016784668,54.36000061035156,52.02000045776367,52.02000045776367,1755600
FMC,2023-11-15,48.90751647949219,54.70000076293945,56.4900016784668,53.029998779296875,53.08000183105469,1934700
FMC,2023-11-16,47.772010803222656,53.43000030517578,56.459999084472656,52.72999954223633,56.0,1782500
FMC,2023-11-17,47.968711853027344,53.650001525878906,54.13999938964844,52.72999954223633,54.11000061035156,1533400
FMC,2023-11-20,48.02235794067383,53.709999084472656,54.43000030517578,52.560001373291016,53.619998931884766,1579600
FMC,2023-11-21,47.56636428833008,53.20000076293945,54.060001373291016,53.0,53.41999816894531,1010600
FMC,2023-11-22,47.494834899902344,53.119998931884766,53.5,52.29999923706055,53.0099983215332,959700
FMC,2023-11-24,47.468013763427734,53.09000015258789,53.88999938964844,52.880001068115234,53.33000183105469,497700
FMC,2023-11-27,46.49344253540039,52.0,52.849998474121094,51.619998931884766,52.5,1578400
FMC,2023-11-28,46.82425308227539,52.369998931884766,52.79999923706055,51.2400016784668,51.970001220703125,1249600
FMC,2023-11-29,47.10142135620117,52.68000030517578,53.7599983215332,52.130001068115234,52.619998931884766,1288100
FMC,2023-11-30,47.9776496887207,53.65999984741211,53.689998626708984,51.97999954223633,52.959999084472656,3168000
FMC,2023-12-01,49.8463249206543,55.75,55.86000061035156,53.279998779296875,54.029998779296875,2116600
FMC,2023-12-04,49.55127716064453,55.41999816894531,56.58000183105469,55.13999938964844,55.5,1866000
FMC,2023-12-05,48.084938049316406,53.779998779296875,55.18000030517578,53.540000915527344,55.06999969482422,1754600
FMC,2023-12-06,49.36351776123047,55.209999084472656,55.59000015258789,53.810001373291016,54.220001220703125,1413700
FMC,2023-12-07,49.506568908691406,55.369998931884766,56.369998931884766,54.75,54.93000030517578,1804900
FMC,2023-12-08,49.96256637573242,55.880001068115234,56.56999969482422,55.36000061035156,55.95000076293945,1307700
FMC,2023-12-11,49.89103698730469,55.79999923706055,56.029998779296875,55.09000015258789,55.65999984741211,1758100
FMC,2023-12-12,48.86281967163086,54.650001525878906,55.880001068115234,54.2400016784668,55.79999923706055,1346200
FMC,2023-12-13,51.64348220825195,57.7599983215332,57.7599983215332,54.34000015258789,54.540000915527344,1509000
FMC,2023-12-14,53.8519172668457,60.22999954223633,61.56999969482422,58.84000015258789,58.84000015258789,2532700
FMC,2023-12-15,53.208160400390625,59.5099983215332,60.5,59.5099983215332,60.0,4583700
FMC,2023-12-18,52.6538200378418,58.88999938964844,59.779998779296875,58.119998931884766,59.779998779296875,1690400
FMC,2023-12-19,54.52249526977539,60.97999954223633,61.13999938964844,59.47999954223633,59.900001525878906,1961500
FMC,2023-12-20,53.404869079589844,59.72999954223633,61.209999084472656,59.560001373291016,60.720001220703125,2172400
FMC,2023-12-21,55.523895263671875,62.099998474121094,62.11000061035156,60.18000030517578,60.56999969482422,1804100
FMC,2023-12-22,56.09611892700195,62.7400016784668,63.630001068115234,62.099998474121094,62.459999084472656,1655900
FMC,2023-12-26,56.99022674560547,63.7400016784668,64.0,62.650001525878906,63.0,1180600
FMC,2023-12-27,56.89188003540039,63.630001068115234,63.97999954223633,63.209999084472656,63.56999969482422,1194400
FMC,2023-12-28,57.126487731933594,63.310001373291016,63.68000030517578,63.08000183105469,63.68000030517578,1097100
FMC,2023-12-29,56.89187240600586,63.04999923706055,63.400001525878906,62.599998474121094,62.83000183105469,1405100
FMC,2024-01-02,58.507041931152344,64.83999633789062,65.80999755859375,62.810001373291016,62.810001373291016,1776700
FMC,2024-01-03,55.21354675292969,61.189998626708984,64.5,60.939998626708984,64.06999969482422,1815500
FMC,2024-01-04,54.38340377807617,60.27000045776367,61.970001220703125,59.86000061035156,61.63999938964844,1959700
FMC,2024-01-05,54.843589782714844,60.779998779296875,61.40999984741211,59.310001373291016,59.9900016784668,1129900
FMC,2024-01-08,55.565452575683594,61.58000183105469,61.900001525878906,59.86000061035156,60.38999938964844,1085800
FMC,2024-01-09,54.672142028808594,60.59000015258789,61.540000915527344,60.060001373291016,61.06999969482422,1018400
FMC,2024-01-10,53.69762420654297,59.5099983215332,60.4900016784668,59.220001220703125,59.93000030517578,1098800
FMC,2024-01-11,53.17428207397461,58.93000030517578,59.97999954223633,58.75,59.70000076293945,1339800
FMC,2024-01-12,52.52459716796875,58.209999084472656,59.70000076293945,58.11000061035156,59.47999954223633,1016200
FMC,2024-01-16,51.46887969970703,57.040000915527344,57.650001525878906,56.060001373291016,57.5,2003000
FMC,2024-01-17,50.052223205566406,55.470001220703125,56.79999923706055,54.95000076293945,56.209999084472656,1546900
FMC,2024-01-18,49.664215087890625,55.040000915527344,55.470001220703125,54.310001373291016,55.349998474121094,1233800
FMC,2024-01-19,50.214637756347656,55.650001525878906,56.029998779296875,54.380001068115234,55.16999816894531,1489900
FMC,2024-01-22,50.89138412475586,56.400001525878906,56.43000030517578,54.880001068115234,55.13999938964844,1303300
FMC,2024-01-23,52.172691345214844,57.81999969482422,58.040000915527344,56.91999816894531,57.5,1409100
FMC,2024-01-24,51.44180679321289,57.0099983215332,58.439998626708984,56.27000045776367,58.11000061035156,1326600
FMC,2024-01-25,51.856876373291016,57.470001220703125,57.90999984741211,56.29999923706055,57.5,864100
FMC,2024-01-26,52.65092086791992,58.349998474121094,59.08000183105469,57.95000076293945,58.34000015258789,1145300
FMC,2024-01-29,52.15464782714844,57.79999923706055,58.18000030517578,56.619998931884766,58.13999938964844,1143200
FMC,2024-01-30,51.87492752075195,57.4900016784668,58.25,57.0,57.220001220703125,922500
FMC,2024-01-31,50.710914611816406,56.20000076293945,58.310001373291016,56.18000030517578,57.59000015258789,1387500
FMC,2024-02-01,56.07075500488281,62.13999938964844,62.16999816894531,58.060001373291016,58.34000015258789,3790800
FMC,2024-02-02,55.43009948730469,61.43000030517578,62.099998474121094,60.029998779296875,61.7400016784668,2948700
FMC,2024-02-05,54.518741607666016,60.41999816894531,61.41999816894531,59.75,60.0,3620400
FMC,2024-02-06,48.22951889038086,53.45000076293945,57.33000183105469,52.0,52.099998474121094,5841200
FMC,2024-02-07,49.31230926513672,54.650001525878906,55.380001068115234,53.34000015258789,53.5099983215332,3777100
FMC,2024-02-08,46.95722579956055,52.040000915527344,54.86000061035156,51.59000015258789,54.400001525878906,2738600
FMC,2024-02-09,46.695552825927734,51.75,52.40999984741211,50.630001068115234,51.88999938964844,3290700
FMC,2024-02-12,48.37388610839844,53.61000061035156,53.959999084472656,51.5099983215332,51.90999984741211,2259500
FMC,2024-02-13,46.46094512939453,51.4900016784668,53.040000915527344,51.27000045776367,52.20000076293945,2501400
FMC,2024-02-14,46.1361083984375,51.130001068115234,52.099998474121094,50.599998474121094,51.88999938964844,2571300
FMC,2024-02-15,46.68653106689453,51.7400016784668,52.68000030517578,51.22999954223633,51.54999923706055,2154400
FMC,2024-02-16,47.22792434692383,52.34000015258789,52.790000915527344,51.099998474121094,51.47999954223633,1969800
FMC,2024-02-20,46.00978088378906,50.9900016784668,51.900001525878906,50.720001220703125,51.79999923706055,2112700
FMC,2024-02-21,46.118064880371094,51.11000061035156,51.31999969482422,50.029998779296875,50.790000915527344,1806800
FMC,2024-02-22,46.60531997680664,51.650001525878906,51.81999969482422,50.2400016784668,51.20000076293945,1536000
FMC,2024-02-23,47.26401901245117,52.380001068115234,52.560001373291016,51.060001373291016,51.369998931884766,1254000
FMC,2024-02-26,47.40839385986328,52.540000915527344,52.90999984741211,51.47999954223633,51.849998474121094,1714800
FMC,2024-02-27,47.62494659423828,52.779998779296875,53.29999923706055,52.56999969482422,53.02000045776367,1545900
FMC,2024-02-28,46.28048324584961,51.290000915527344,52.439998626708984,51.0099983215332,52.31999969482422,2023400
FMC,2024-02-29,50.882362365722656,56.38999938964844,56.54999923706055,51.439998626708984,51.59000015258789,4853000
FMC,2024-03-01,51.71250534057617,57.310001373291016,57.650001525878906,55.869998931884766,56.47999954223633,2808700
FMC,2024-03-04,53.056976318359375,58.79999923706055,59.43000030517578,57.20000076293945,57.310001373291016,2925500
FMC,2024-03-05,53.87810134887695,59.709999084472656,60.11000061035156,58.25,58.66999816894531,2030800
FMC,2024-03-06,55.51131057739258,61.52000045776367,61.91999816894531,59.630001068115234,60.29999923706055,1982300
FMC,2024-03-07,57.20769500732422,63.400001525878906,64.37000274658203,61.65999984741211,62.0,1907000
FMC,2024-03-08,56.567039489746094,62.689998626708984,64.51000213623047,62.619998931884766,63.720001220703125,1861400
FMC,2024-03-11,57.893463134765625,64.16000366210938,64.83999633789062,62.45000076293945,62.4900016784668,1847700
FMC,2024-03-12,57.613739013671875,63.849998474121094,65.04000091552734,63.15999984741211,64.77999877929688,1547200
FMC,2024-03-13,59.29207992553711,65.70999908447266,67.08000183105469,64.0,64.13999938964844,2514600
FMC,2024-03-14,57.812252044677734,64.06999969482422,65.30000305175781,63.560001373291016,65.18000030517578,1938900
FMC,2024-03-15,58.696537017822266,65.05000305175781,65.9000015258789,63.130001068115234,63.40999984741211,6225300
FMC,2024-03-18,59.607887268066406,66.05999755859375,66.91000366210938,64.08000183105469,64.41999816894531,2280400
FMC,2024-03-19,55.64665603637695,61.66999816894531,65.70999908447266,61.61000061035156,65.30000305175781,2370400
FMC,2024-03-20,57.84834671020508,64.11000061035156,64.8499984741211,63.02000045776367,63.529998779296875,2751900
FMC,2024-03-21,58.570213317871094,64.91000366210938,65.0999984741211,64.05000305175781,64.5,1899200
FMC,2024-03-22,56.26926803588867,62.36000061035156,65.44000244140625,62.36000061035156,64.94000244140625,1313100
FMC,2024-03-25,56.6843376159668,62.81999969482422,63.939998626708984,62.54999923706055,62.97999954223633,1547700
FMC,2024-03-26,56.34144592285156,62.439998626708984,64.0,62.06999969482422,63.189998626708984,1582900
FMC,2024-03-27,57.10651397705078,62.70000076293945,63.11000061035156,62.029998779296875,62.119998931884766,1299700
FMC,2024-03-28,58.01730728149414,63.70000076293945,64.33000183105469,62.43000030517578,62.90999984741211,2018000
FMC,2024-04-01,57.161163330078125,62.7599983215332,64.25,62.619998931884766,64.0,1359900
FMC,2024-04-02,54.95705032348633,60.34000015258789,62.77000045776367,60.119998931884766,62.77000045776367,1564700
FMC,2024-04-03,54.674713134765625,60.029998779296875,60.970001220703125,59.619998931884766,60.349998474121094,1630000
FMC,2024-04-04,53.927860260009766,59.209999084472656,61.25,59.08000183105469,60.58000183105469,1936600
FMC,2024-04-05,53.49979019165039,58.7400016784668,59.470001220703125,58.22999954223633,58.849998474121094,1658700
FMC,2024-04-08,54.7748908996582,60.13999938964844,61.31999969482422,58.93000030517578,59.22999954223633,1541900
FMC,2024-04-09,58.071956634521484,63.7599983215332,63.779998779296875,60.77000045776367,61.54999923706055,1817100
FMC,2024-04-10,56.66933822631836,62.220001220703125,63.66999816894531,61.52000045776367,62.349998474121094,1616800
FMC,2024-04-11,56.05000305175781,61.540000915527344,62.689998626708984,60.459999084472656,62.2400016784668,1485800
FMC,2024-04-12,51.68731689453125,56.75,60.790000915527344,56.52000045776367,60.70000076293945,2007100
FMC,2024-04-15,51.67820739746094,56.7400016784668,58.279998779296875,56.189998626708984,57.0,1553600
FMC,2024-04-16,50.48508071899414,55.43000030517578,56.83000183105469,55.380001068115234,56.40999984741211,1499900
FMC,2024-04-17,51.05887222290039,56.060001373291016,56.4900016784668,55.47999954223633,56.459999084472656,1544700
FMC,2024-04-18,51.8603630065918,56.939998626708984,57.220001220703125,56.040000915527344,56.81999969482422,1459800
FMC,2024-04-19,52.661865234375,57.81999969482422,57.849998474121094,56.599998474121094,56.790000915527344,1343800
FMC,2024-04-22,53.05350112915039,58.25,58.849998474121094,56.400001525878906,57.81999969482422,2029200
FMC,2024-04-23,53.417823791503906,58.650001525878906,59.33000183105469,57.45000076293945,57.560001373291016,1583300
FMC,2024-04-24,53.19012451171875,58.400001525878906,58.689998626708984,57.689998626708984,58.36000061035156,1011400
FMC,2024-04-25,52.64365005493164,57.79999923706055,58.58000183105469,56.86000061035156,58.310001373291016,1056900
FMC,2024-04-26,53.24476623535156,58.459999084472656,58.79999923706055,57.310001373291016,58.0,942800
FMC,2024-04-29,54.83864974975586,60.209999084472656,60.209999084472656,58.75,59.040000915527344,1642000
FMC,2024-04-30,53.74570846557617,59.0099983215332,60.310001373291016,58.9900016784668,59.689998626708984,1957900
FMC,2024-05-01,52.61632537841797,57.77000045776367,59.2599983215332,57.56999969482422,59.22999954223633,1380800
FMC,2024-05-02,55.13010025024414,60.529998779296875,60.56999969482422,58.310001373291016,59.310001373291016,1864500
FMC,2024-05-03,56.33234786987305,61.849998474121094,61.91999816894531,60.650001525878906,61.0,1482000
FMC,2024-05-06,55.53995895385742,60.97999954223633,62.66999816894531,60.70000076293945,62.0,1955100
FMC,2024-05-07,60.79521179199219,66.75,68.47000122070312,61.349998474121094,62.18000030517578,6580700
FMC,2024-05-08,59.05561065673828,64.83999633789062,67.25,64.7300033569336,66.18000030517578,2705700
FMC,2024-05-09,61.04113006591797,67.0199966430664,67.37999725341797,65.2699966430664,65.80999755859375,1352100
FMC,2024-05-10,61.50562286376953,67.52999877929688,67.94000244140625,66.58999633789062,67.44000244140625,1304100
FMC,2024-05-13,60.758785247802734,66.70999908447266,68.72000122070312,66.62999725341797,67.7300033569336,1663300
FMC,2024-05-14,60.358028411865234,66.2699966430664,68.12000274658203,66.18000030517578,67.55999755859375,1195200
FMC,2024-05-15,58.21767807006836,63.91999816894531,66.86000061035156,63.33000183105469,66.86000061035156,2520000
FMC,2024-05-16,58.427162170410156,64.1500015258789,64.77999877929688,62.65999984741211,63.72999954223633,1376400
FMC,2024-05-17,58.2723274230957,63.97999954223633,64.41000366210938,63.31999969482422,64.41000366210938,1281000
FMC,2024-05-20,58.172142028808594,63.869998931884766,64.66000366210938,63.13999938964844,63.90999984741211,864800
FMC,2024-05-21,58.317867279052734,64.02999877929688,65.2699966430664,63.400001525878906,63.599998474121094,1551400
FMC,2024-05-22,57.94444274902344,63.619998931884766,63.90999984741211,62.75,63.02000045776367,1479500
FMC,2024-05-23,54.69292449951172,60.04999923706055,63.709999084472656,59.439998626708984,63.380001068115234,1868600
FMC,2024-05-24,56.25037384033203,61.7599983215332,61.779998779296875,60.15999984741211,60.5099983215332,1435400
FMC,2024-05-28,57.279571533203125,62.88999938964844,63.0,61.27000045776367,61.9900016784668,1587200
FMC,2024-05-29,55.10277557373047,60.5,62.20000076293945,60.470001220703125,62.189998626708984,1527300
FMC,2024-05-30,55.70390319824219,61.15999984741211,61.619998931884766,60.040000915527344,60.599998474121094,1729800
FMC,2024-05-31,55.51263427734375,60.95000076293945,61.84000015258789,60.38999938964844,61.20000076293945,12101300
FMC,2024-06-03,53.67284393310547,58.93000030517578,61.310001373291016,58.5099983215332,61.2599983215332,2097100
FMC,2024-06-04,51.59624481201172,56.650001525878906,58.45000076293945,56.459999084472656,58.38999938964844,2752300
FMC,2024-06-05,52.67097091674805,57.83000183105469,58.15999984741211,56.400001525878906,57.02000045776367,2151000
FMC,2024-06-06,53.44514083862305,58.68000030517578,58.709999084472656,56.869998931884766,57.7400016784668,1549300
FMC,2024-06-07,51.6053466796875,56.65999984741211,58.68000030517578,56.61000061035156,57.41999816894531,2267700
FMC,2024-06-10,50.084327697753906,54.9900016784668,56.029998779296875,54.45000076293945,56.0,2271400
FMC,2024-06-11,52.088069915771484,57.189998626708984,57.95000076293945,53.459999084472656,54.0,3777000
FMC,2024-06-12,52.20646667480469,57.31999969482422,59.849998474121094,57.08000183105469,58.36000061035156,1987000
FMC,2024-06-13,50.47596740722656,55.41999816894531,57.290000915527344,55.060001373291016,56.959999084472656,1281400
FMC,2024-06-14,49.90216827392578,54.790000915527344,55.58000183105469,54.369998931884766,54.560001373291016,1266400
FMC,2024-06-17,50.95869064331055,55.95000076293945,56.04999923706055,54.5,55.11000061035156,1435500
FMC,2024-06-18,50.58526611328125,55.540000915527344,57.099998474121094,54.459999084472656,56.130001068115234,1864000
FMC,2024-06-20,49.52874755859375,54.380001068115234,56.16999816894531,54.220001220703125,56.150001525878906,1819400
FMC,2024-06-21,51.359432220458984,56.38999938964844,57.4900016784668,54.400001525878906,54.40999984741211,4282800
FMC,2024-06-24,52.04252243041992,57.13999938964844,58.61000061035156,56.81999969482422,57.0,1971300
FMC,2024-06-25,51.47783660888672,56.52000045776367,56.939998626708984,55.90999984741211,56.779998779296875,1268500
FMC,2024-06-26,51.705535888671875,56.77000045776367,57.189998626708984,56.060001373291016,56.25,1096200
FMC,2024-06-27,51.98788070678711,57.08000183105469,57.470001220703125,56.560001373291016,56.83000183105469,918900
FMC,2024-06-28,52.95402145385742,57.54999923706055,58.060001373291016,56.91999816894531,56.91999816894531,2772600
FMC,2024-07-01,52.08909606933594,56.61000061035156,58.15999984741211,56.349998474121094,57.36000061035156,1520300
FMC,2024-07-02,51.17815017700195,55.619998931884766,57.36000061035156,55.29999923706055,56.83000183105469,1546500
FMC,2024-07-03,51.214962005615234,55.65999984741211,56.56999969482422,55.630001068115234,56.16999816894531,708800
FMC,2024-07-05,50.718082427978516,55.119998931884766,56.0099983215332,54.720001220703125,55.27000045776367,1906200
FMC,2024-07-08,51.73944091796875,56.22999954223633,56.38999938964844,55.09000015258789,55.40999984741211,1195300
FMC,2024-07-09,50.18440628051758,54.540000915527344,55.9900016784668,54.5,55.79999923706055,1070300
FMC,2024-07-10,50.46964645385742,54.849998474121094,55.540000915527344,54.5,54.95000076293945,966900
FMC,2024-07-11,52.17190170288086,56.70000076293945,56.93000030517578,55.119998931884766,55.9900016784668,1148100
FMC,2024-07-12,52.82520294189453,57.40999984741211,57.81999969482422,56.459999084472656,57.40999984741211,1070700
FMC,2024-07-15,53.42329406738281,58.060001373291016,58.099998474121094,56.290000915527344,57.400001525878906,1156200
FMC,2024-07-16,54.50905990600586,59.2400016784668,59.2599983215332,57.33000183105469,57.83000183105469,1316700
FMC,2024-07-17,57.00263595581055,61.95000076293945,62.58000183105469,59.13999938964844,59.13999938964844,2074000
FMC,2024-07-18,55.16236114501953,59.95000076293945,62.4900016784668,59.81999969482422,61.630001068115234,1864700
FMC,2024-07-19,53.20246124267578,57.81999969482422,59.7599983215332,56.70000076293945,59.7599983215332,1651600
FMC,2024-07-22,53.2852783203125,57.90999984741211,58.380001068115234,56.68000030517578,58.189998626708984,1351100
FMC,2024-07-23,52.889617919921875,57.47999954223633,57.70000076293945,56.68000030517578,57.689998626708984,1637600
FMC,2024-07-24,52.40194320678711,56.95000076293945,57.65999984741211,56.52000045776367,57.65999984741211,1676700
FMC,2024-07-25,54.2330207824707,58.939998626708984,59.2400016784668,56.209999084472656,56.4900016784668,1511500
FMC,2024-07-26,54.84030532836914,59.599998474121094,60.189998626708984,58.599998474121094,59.2599983215332,1092000
FMC,2024-07-29,54.56426239013672,59.29999923706055,60.0,58.369998931884766,59.5,1279100
FMC,2024-07-30,53.80055236816406,58.470001220703125,59.0,57.11000061035156,58.93000030517578,1404100
FMC,2024-07-31,53.69933319091797,58.36000061035156,59.63999938964844,57.41999816894531,58.900001525878906,5021000
FMC,2024-08-01,59.2017707824707,64.33999633789062,68.55000305175781,62.810001373291016,63.349998474121094,6671200
FMC,2024-08-02,57.223472595214844,62.189998626708984,62.75,60.439998626708984,60.790000915527344,2401900
FMC,2024-08-05,56.73579788208008,61.65999984741211,62.349998474121094,58.36000061035156,59.150001525878906,2519400
FMC,2024-08-06,56.32173538208008,61.209999084472656,62.16999816894531,60.77000045776367,61.5,1458900
FMC,2024-08-07,56.35853576660156,61.25,62.790000915527344,60.970001220703125,62.060001373291016,1327000
FMC,2024-08-08,56.53335952758789,61.439998626708984,62.400001525878906,61.18000030517578,61.5,1328600
FMC,2024-08-09,56.26652908325195,61.150001525878906,61.400001525878906,60.060001373291016,61.22999954223633,1031700
FMC,2024-08-12,54.886322021484375,59.650001525878906,61.56999969482422,59.310001373291016,61.16999816894531,1119500
FMC,2024-08-13,56.39534378051758,61.290000915527344,61.43000030517578,59.63999938964844,59.939998626708984,1480600
FMC,2024-08-14,56.51496124267578,61.41999816894531,61.599998474121094,60.47999954223633,61.34000015258789,1441800
FMC,2024-08-15,57.39829635620117,62.380001068115234,62.93000030517578,61.720001220703125,62.310001373291016,1040400
FMC,2024-08-16,58.15281295776367,63.20000076293945,63.5099983215332,61.95000076293945,62.290000915527344,944800
FMC,2024-08-19,59.99308776855469,65.19999694824219,65.22000122070312,63.25,63.25,1174600
FMC,2024-08-20,58.25403594970703,63.310001373291016,65.33000183105469,63.220001220703125,64.77999877929688,771900
FMC,2024-08-21,58.86132049560547,63.970001220703125,64.3499984741211,63.20000076293945,63.869998931884766,701400
FMC,2024-08-22,58.806114196777344,63.90999984741211,64.08999633789062,63.209999084472656,63.79999923706055,498900
FMC,2024-08-23,60.158714294433594,65.37999725341797,65.43000030517578,64.0,64.36000061035156,752000
FMC,2024-08-26,59.98389434814453,65.19000244140625,66.06999969482422,65.01000213623047,65.8499984741211,552100
FMC,2024-08-27,59.88268280029297,65.08000183105469,65.5999984741211,64.29000091552734,65.02999877929688,560400
FMC,2024-08-28,59.910282135009766,65.11000061035156,65.19999694824219,64.54000091552734,64.55000305175781,641300
FMC,2024-08-29,60.17711639404297,65.4000015258789,65.9800033569336,64.44999694824219,65.80000305175781,596300
FMC,2024-08-30,59.422607421875,64.58000183105469,65.58000183105469,64.1500015258789,65.37999725341797,979700
FMC,2024-09-03,57.63753128051758,62.63999938964844,63.5099983215332,61.779998779296875,63.209999084472656,1091200
FMC,2024-09-04,58.03319549560547,63.06999969482422,63.720001220703125,62.59000015258789,62.720001220703125,600600
FMC,2024-09-05,57.65593338012695,62.65999984741211,63.779998779296875,62.5,63.33000183105469,639000
FMC,2024-09-06,55.465999603271484,60.279998779296875,62.88999938964844,60.18000030517578,62.41999816894531,1082300
FMC,2024-09-09,56.19291687011719,61.06999969482422,61.959999084472656,60.099998474121094,60.459999084472656,832500
FMC,2024-09-10,56.275733947753906,61.15999984741211,61.45000076293945,60.150001525878906,60.90999984741211,768200
FMC,2024-09-11,56.62538146972656,61.540000915527344,61.63999938964844,59.47999954223633,61.29999923706055,722500
FMC,2024-09-12,57.048648834228516,62.0,62.16999816894531,60.7400016784668,61.5099983215332,654300
FMC,2024-09-13,58.43805694580078,63.5099983215332,63.61000061035156,62.529998779296875,62.68000030517578,569700
FMC,2024-09-16,58.30003356933594,63.36000061035156,64.1500015258789,62.619998931884766,63.70000076293945,673600
FMC,2024-09-17,58.28163146972656,63.34000015258789,64.23999786376953,63.060001373291016,63.63999938964844,896700
FMC,2024-09-18,58.42884826660156,63.5,64.7300033569336,62.709999084472656,63.56999969482422,734000
FMC,2024-09-19,59.10975646972656,64.23999786376953,64.80000305175781,63.40999984741211,64.77999877929688,768100
FMC,2024-09-20,57.08544921875,62.040000915527344,63.91999816894531,62.0099983215332,63.900001525878906,3781500
FMC,2024-09-23,58.48405838012695,63.560001373291016,63.709999084472656,62.060001373291016,62.5099983215332,1112200
FMC,2024-09-24,59.48701477050781,64.6500015258789,65.87000274658203,63.7400016784668,64.38999938964844,1929600
FMC,2024-09-25,58.86132049560547,63.970001220703125,64.80999755859375,63.52000045776367,64.80999755859375,795800
FMC,2024-09-26,60.701602935791016,65.97000122070312,66.0199966430664,64.12999725341797,64.54000091552734,1078200
FMC,2024-09-27,60.80281066894531,66.08000183105469,67.31999969482422,65.88999938964844,66.73999786376953,1192100
FMC,2024-09-30,61.21126174926758,65.94000244140625,66.27999877929688,64.9800033569336,65.26000213623047,1063100
FMC,2024-10-01,60.96062469482422,65.66999816894531,66.02999877929688,65.12999725341797,65.75,809100
FMC,2024-10-02,60.73783493041992,65.43000030517578,66.5,65.04000091552734,65.7699966430664,695900
FMC,2024-10-03,59.41967010498047,64.01000213623047,65.20999908447266,63.79999923706055,64.80999755859375,1180600
FMC,2024-10-04,59.391815185546875,63.97999954223633,65.2300033569336,63.88999938964844,64.72000122070312,469400
FMC,2024-10-07,58.556358337402344,63.08000183105469,64.4000015258789,62.91999816894531,63.68000030517578,896800
FMC,2024-10-08,57.535240173339844,61.97999954223633,62.779998779296875,61.75,62.68000030517578,788500
FMC,2024-10-09,57.05253219604492,61.459999084472656,62.380001068115234,61.119998931884766,61.81999969482422,1134600
FMC,2024-10-10,56.049983978271484,60.380001068115234,61.209999084472656,59.93000030517578,61.13999938964844,1107400
FMC,2024-10-11,56.30990219116211,60.65999984741211,61.2400016784668,60.279998779296875,60.709999084472656,707600
FMC,2024-10-14,58.23146057128906,62.72999954223633,62.790000915527344,60.43000030517578,60.650001525878906,1091700
FMC,2024-10-15,57.331016540527344,61.7599983215332,62.68000030517578,61.66999816894531,62.2400016784668,820400
FMC,2024-10-16,58.23146057128906,62.72999954223633,63.400001525878906,61.900001525878906,62.209999084472656,770100
FMC,2024-10-17,58.036521911621094,62.52000045776367,62.970001220703125,61.599998474121094,62.59000015258789,928200
FMC,2024-10-18,58.1943244934082,62.689998626708984,62.959999084472656,62.0,62.959999084472656,723300
FMC,2024-10-21,57.860145568847656,62.33000183105469,62.95000076293945,61.689998626708984,62.81999969482422,694900
FMC,2024-10-22,57.906558990478516,62.380001068115234,62.52000045776367,61.369998931884766,62.09000015258789,628300
FMC,2024-10-23,57.65591812133789,62.11000061035156,62.779998779296875,61.11000061035156,61.31999969482422,735800
FMC,2024-10-24,57.08966827392578,61.5,62.45000076293945,61.310001373291016,62.439998626708984,702500
FMC,2024-10-25,57.55381393432617,62.0,62.540000915527344,61.25,61.5,637900
FMC,2024-10-28,57.12679672241211,61.540000915527344,62.93000030517578,61.470001220703125,62.209999084472656,1041300
FMC,2024-10-29,55.864322662353516,60.18000030517578,61.900001525878906,60.130001068115234,61.65999984741211,1309300
FMC,2024-10-30,61.842491149902344,66.62000274658203,67.2699966430664,63.5,63.5,3274800
FMC,2024-10-31,60.329383850097656,64.98999786376953,67.75,64.75,66.83999633789062,1552400
FMC,2024-11-01,58.621341705322266,63.150001525878906,64.97000122070312,62.93000030517578,64.62000274658203,1088900
FMC,2024-11-04,58.89982986450195,63.45000076293945,64.72000122070312,63.130001068115234,63.869998931884766,1100800
FMC,2024-11-05,59.05763244628906,63.619998931884766,63.650001525878906,62.56999969482422,63.099998474121094,831700
FMC,2024-11-06,56.560543060302734,60.93000030517578,66.22000122070312,59.63999938964844,65.98999786376953,2051500
FMC,2024-11-07,56.47699737548828,60.84000015258789,61.5,59.779998779296875,61.150001525878906,1372800
FMC,2024-11-08,55.41875076293945,59.70000076293945,61.58000183105469,59.45000076293945,61.380001068115234,1037300
FMC,2024-11-11,54.85249328613281,59.09000015258789,60.31999969482422,58.70000076293945,59.66999816894531,895900
FMC,2024-11-12,51.928382873535156,55.939998626708984,58.58000183105469,55.11000061035156,58.58000183105469,2028900
FMC,2024-11-13,51.73344802856445,55.72999954223633,56.599998474121094,55.47999954223633,56.0,1371500
FMC,2024-11-14,51.501373291015625,55.47999954223633,56.060001373291016,55.040000915527344,55.63999938964844,1099700
FMC,2024-11-15,50.489540100097656,54.38999938964844,56.0,54.25,55.47999954223633,1586200
FMC,2024-11-18,51.26930236816406,55.22999954223633,55.25,54.290000915527344,54.72999954223633,1308100
FMC,2024-11-19,51.62205505371094,55.61000061035156,56.349998474121094,54.400001525878906,54.630001068115234,1261800
FMC,2024-11-20,53.09803009033203,57.20000076293945,57.209999084472656,55.5,55.61000061035156,1138600
FMC,2024-11-21,54.14699935913086,58.33000183105469,58.599998474121094,57.0099983215332,57.099998474121094,1379200
FMC,2024-11-22,54.5275993347168,58.7400016784668,59.130001068115234,58.0,58.380001068115234,760700
FMC,2024-11-25,56.27277374267578,60.619998931884766,60.63999938964844,59.0,59.220001220703125,1362900
FMC,2024-11-26,55.66938400268555,59.970001220703125,61.2599983215332,59.61000061035156,59.95000076293945,1590600
FMC,2024-11-27,55.233089447021484,59.5,61.06999969482422,59.2599983215332,60.349998474121094,733500
FMC,2024-11-29,54.85249328613281,59.09000015258789,59.5099983215332,57.560001373291016,59.119998931884766,607100
FMC,2024-12-02,55.12169647216797,59.380001068115234,59.59000015258789,57.75,58.88999938964844,1175800
FMC,2024-12-03,55.26093292236328,59.529998779296875,60.4900016784668,58.75,59.599998474121094,1303100
FMC,2024-12-04,54.77823257446289,59.0099983215332,59.47999954223633,58.209999084472656,58.9900016784668,980300
FMC,2024-12-05,53.08875274658203,57.189998626708984,59.279998779296875,56.7400016784668,59.25,1276700
FMC,2024-12-06,52.522499084472656,56.58000183105469,57.810001373291016,56.09000015258789,57.59000015258789,1036600
FMC,2024-12-09,54.00775146484375,58.18000030517578,59.880001068115234,57.15999984741211,57.380001068115234,1331400
FMC,2024-12-10,53.14444351196289,57.25,58.02000045776367,56.41999816894531,58.02000045776367,951900
FMC,2024-12-11,52.40181350708008,56.45000076293945,57.90999984741211,56.2400016784668,57.470001220703125,2124800
FMC,2024-12-12,50.59165573120117,54.5,56.369998931884766,54.470001220703125,55.869998931884766,1739100
FMC,2024-12-13,49.663368225097656,53.5,54.70000076293945,52.650001525878906,54.290000915527344,2058000
FMC,2024-12-16,48.1873893737793,51.90999984741211,53.189998626708984,51.459999084472656,53.189998626708984,1720900
FMC,2024-12-17,47.99244689941406,51.70000076293945,52.0099983215332,50.84000015258789,51.5,1603400
FMC,2024-12-18,45.58818817138672,49.11000061035156,52.0,49.04999923706055,51.52000045776367,1995500
FMC,2024-12-19,44.42782974243164,47.86000061035156,49.65999984741211,47.72999954223633,49.380001068115234,2533700
FMC,2024-12-20,46.55360794067383,50.150001525878906,50.9900016784668,48.0099983215332,48.709999084472656,5113400
FMC,2024-12-23,46.17301559448242,49.7400016784668,50.130001068115234,48.9900016784668,50.0,1263100
FMC,2024-12-24,46.17301559448242,49.7400016784668,49.91999816894531,49.2400016784668,49.619998931884766,498200
FMC,2024-12-26,45.60675811767578,49.130001068115234,49.84000015258789,49.06999969482422,49.29999923706055,997800
FMC,2024-12-27,45.495357513427734,49.0099983215332,49.810001373291016,48.52000045776367,49.0,1258600
FMC,2024-12-30,44.975521087646484,48.45000076293945,49.0099983215332,47.709999084472656,49.0,1407600
FMC,2024-12-31,45.670780181884766,48.61000061035156,48.709999084472656,47.83000183105469,48.31999969482422,1388700
FMC,2025-01-02,45.79291534423828,48.7400016784668,49.9900016784668,48.599998474121094,48.66999816894531,1311500
FMC,2025-01-03,45.59560775756836,48.529998779296875,49.599998474121094,48.380001068115234,49.099998474121094,1226500
FMC,2025-01-06,46.66667938232422,49.66999816894531,50.630001068115234,49.18000030517578,49.25,1592500
FMC,2025-01-07,48.03840255737305,51.130001068115234,51.41999816894531,49.650001525878906,49.650001525878906,2280600
FMC,2025-01-08,47.267982482910156,50.310001373291016,50.95000076293945,49.08000183105469,50.68000030517578,1474000
FMC,2025-01-10,46.591522216796875,49.59000015258789,50.02000045776367,48.79999923706055,49.7400016784668,1183000
FMC,2025-01-13,48.893375396728516,52.040000915527344,52.08000183105469,49.58000183105469,49.90999984741211,1930700
FMC,2025-01-14,50.27449035644531,53.5099983215332,53.63999938964844,52.5,53.599998474121094,1897500
FMC,2025-01-15,50.22751235961914,53.459999084472656,54.54999923706055,53.0099983215332,54.52000045776367,1604700
FMC,2025-01-16,50.29328536987305,53.529998779296875,53.68000030517578,52.70000076293945,53.16999816894531,1085400
FMC,2025-01-17,50.1993293762207,53.43000030517578,54.130001068115234,53.41999816894531,53.650001525878906,1126800
FMC,2025-01-21,51.22342300415039,54.52000045776367,54.849998474121094,53.31999969482422,54.5,1044500
FMC,2025-01-22,51.148258209228516,54.439998626708984,54.86000061035156,54.290000915527344,54.290000915527344,976900
FMC,2025-01-23,52.27570343017578,55.63999938964844,55.93000030517578,54.31999969482422,54.45000076293945,1426000
FMC,2025-01-24,52.200538635253906,55.560001373291016,55.81999969482422,55.04999923706055,55.66999816894531,644000
FMC,2025-01-27,52.52937316894531,55.90999984741211,56.27000045776367,54.939998626708984,55.849998474121094,1370100
FMC,2025-01-28,52.848819732666016,56.25,57.0,55.5,55.869998931884766,2107600
FMC,2025-01-29,52.923980712890625,56.33000183105469,56.790000915527344,56.040000915527344,56.47999954223633,1055900
FMC,2025-01-30,52.97095489501953,56.380001068115234,56.619998931884766,55.61000061035156,56.189998626708984,1282300
FMC,2025-01-31,52.40723419189453,55.779998779296875,56.560001373291016,55.4900016784668,55.779998779296875,1845400
FMC,2025-02-03,51.59923553466797,54.91999816894531,55.27000045776367,52.650001525878906,54.4900016784668,1862500
FMC,2025-02-04,50.77244567871094,54.040000915527344,55.209999084472656,53.75,55.08000183105469,4064800
FMC,2025-02-05,33.74808120727539,35.91999816894531,36.90999984741211,34.0,35.91999816894531,25337900
FMC,2025-02-06,33.50379943847656,35.65999984741211,36.970001220703125,35.630001068115234,36.400001525878906,8528700
FMC,2025-02-07,32.45151901245117,34.540000915527344,35.060001373291016,33.79999923706055,34.9900016784668,8578500
FMC,2025-02-10,32.977657318115234,35.099998474121094,35.279998779296875,34.2400016784668,34.599998474121094,3864500
FMC,2025-02-11,34.246036529541016,36.45000076293945,36.91999816894531,34.77000045776367,34.970001220703125,3785300
FMC,2025-02-12,34.44333267211914,36.65999984741211,36.97999954223633,35.91999816894531,36.0,3123800
FMC,2025-02-13,34.49031448364258,36.709999084472656,37.189998626708984,35.91999816894531,36.779998779296875,2360800
FMC,2025-02-14,34.40575408935547,36.619998931884766,37.099998474121094,36.56999969482422,36.810001373291016,1718300
FMC,2025-02-18,35.711708068847656,38.0099983215332,38.16999816894531,36.7400016784668,36.779998779296875,3490200
FMC,2025-02-19,35.37347412109375,37.650001525878906,37.959999084472656,37.060001373291016,37.20000076293945,2516900
FMC,2025-02-20,35.88082504272461,38.189998626708984,38.29999923706055,37.65999984741211,37.95000076293945,2418400
FMC,2025-02-21,35.93719482421875,38.25,38.709999084472656,37.81999969482422,38.459999084472656,2476100
FMC,2025-02-24,35.674129486083984,37.970001220703125,38.599998474121094,37.91999816894531,38.43000030517578,2720500
FMC,2025-02-25,35.92780303955078,38.2400016784668,38.41999816894531,37.790000915527344,37.900001525878906,2445300
FMC,2025-02-26,35.890220642089844,38.20000076293945,38.5099983215332,37.869998931884766,38.47999954223633,2085800
FMC,2025-02-27,35.42045593261719,37.70000076293945,38.5099983215332,37.66999816894531,38.15999984741211,1821700
FMC,2025-02-28,34.668827056884766,36.900001525878906,37.869998931884766,36.77000045776367,37.40999984741211,2929300
FMC,2025-03-03,33.391056060791016,35.540000915527344,37.59000015258789,35.349998474121094,37.59000015258789,3007400
FMC,2025-03-04,34.386959075927734,36.599998474121094,37.08000183105469,35.33000183105469,35.4900016784668,3210900
FMC,2025-03-05,37.064640045166016,39.45000076293945,39.5,37.150001525878906,37.290000915527344,3923100
FMC,2025-03-06,37.82565689086914,40.2599983215332,40.70000076293945,39.36000061035156,39.400001525878906,3803100
FMC,2025-03-07,38.79338073730469,41.290000915527344,41.41999816894531,39.720001220703125,40.130001068115234,3628700
FMC,2025-03-10,39.06584548950195,41.58000183105469,42.36000061035156,41.13999938964844,41.310001373291016,4011400
FMC,2025-03-11,38.8779411315918,41.380001068115234,41.75,40.470001220703125,41.650001525878906,3285200
FMC,2025-03-12,37.43105697631836,39.84000015258789,41.599998474121094,39.54999923706055,41.08000183105469,4587100
FMC,2025-03-13,37.93840789794922,40.380001068115234,40.9900016784668,39.86000061035156,39.97999954223633,3896000
FMC,2025-03-14,39.169193267822266,41.689998626708984,41.81999969482422,40.61000061035156,40.790000915527344,2294800
FMC,2025-03-17,40.09933090209961,42.68000030517578,43.15999984741211,41.72999954223633,41.72999954223633,2369200
FMC,2025-03-18,40.240264892578125,42.83000183105469,43.220001220703125,42.40999984741211,42.939998626708984,2299800
FMC,2025-03-19,40.597286224365234,43.209999084472656,43.599998474121094,42.7599983215332,42.900001525878906,2410100
FMC,2025-03-20,39.7047233581543,42.2599983215332,42.95000076293945,42.060001373291016,42.880001068115234,2076400
FMC,2025-03-21,39.00007629394531,41.5099983215332,42.25,40.86000061035156,41.41999816894531,38255700
FMC,2025-03-24,39.22556686401367,41.75,42.02000045776367,41.150001525878906,41.619998931884766,2895000
FMC,2025-03-25,38.70882034301758,41.20000076293945,41.9900016784668,41.040000915527344,41.81999969482422,2101400
FMC,2025-03-26,39.610774993896484,42.15999984741211,42.31999969482422,41.369998931884766,41.439998626708984,2248400
FMC,2025-03-27,40.0523567199707,42.630001068115234,42.630001068115234,41.97999954223633,42.06999969482422,1474100
FMC,2025-03-28,39.65774917602539,42.209999084472656,42.630001068115234,41.650001525878906,42.630001068115234,1467700
FMC,2025-03-31,40.19122314453125,42.189998626708984,42.45000076293945,40.900001525878906,41.029998779296875,1739800
FMC,2025-04-01,40.15311813354492,42.150001525878906,42.56999969482422,41.529998779296875,42.349998474121094,1819700
FMC,2025-04-02,40.572265625,42.59000015258789,42.689998626708984,41.849998474121094,42.09000015258789,1733100
FMC,2025-04-03,37.095191955566406,38.939998626708984,41.4900016784668,38.720001220703125,41.4900016784668,3639400
FMC,2025-04-04,33.76100158691406,35.439998626708984,37.63999938964844,34.97999954223633,37.54999923706055,3675700
FMC,2025-04-07,33.54190444946289,35.209999084472656,37.61000061035156,33.88999938964844,34.650001525878906,3924500
FMC,2025-04-08,32.370174407958984,33.97999954223633,36.79999923706055,33.45000076293945,36.77000045776367,4036200
FMC,2025-04-09,35.50430679321289,37.27000045776367,37.81999969482422,32.83000183105469,33.33000183105469,3210600
FMC,2025-04-10,34.52311325073242,36.2400016784668,36.68000030517578,34.959999084472656,36.58000183105469,2602100
FMC,2025-04-11,35.34236145019531,37.099998474121094,37.459999084472656,35.599998474121094,36.2400016784668,1915800
FMC,2025-04-14,35.79010009765625,37.56999969482422,38.11000061035156,37.2599983215332,37.75,1589200
FMC,2025-04-15,35.63768005371094,37.40999984741211,37.79999923706055,37.130001068115234,37.150001525878906,1326000
FMC,2025-04-16,35.494781494140625,37.2599983215332,38.09000015258789,36.939998626708984,37.47999954223633,1551300
FMC,2025-04-17,36.047306060791016,37.84000015258789,38.16999816894531,37.380001068115234,37.380001068115234,1141100
FMC,2025-04-21,36.24735641479492,38.04999923706055,38.13999938964844,37.130001068115234,37.630001068115234,1594800
FMC,2025-04-22,37.47624588012695,39.34000015258789,39.41999816894531,38.22999954223633,38.470001220703125,1735300
FMC,2025-04-23,37.457191467285156,39.31999969482422,41.040000915527344,39.09000015258789,40.29999923706055,1394100
FMC,2025-04-24,38.85755157470703,40.790000915527344,40.90999984741211,39.59000015258789,39.650001525878906,1699600
FMC,2025-04-25,39.229068756103516,41.18000030517578,41.959999084472656,40.77000045776367,41.279998779296875,1554900
FMC,2025-04-28,39.61964797973633,41.59000015258789,42.25,41.15999984741211,41.15999984741211,1562500
FMC,2025-04-29,39.762542724609375,41.7400016784668,42.0,41.29999923706055,41.400001525878906,2148400
FMC,2025-04-30,39.93400573730469,41.91999816894531,42.029998779296875,40.599998474121094,40.88999938964844,2258200
FMC,2025-05-01,36.62841033935547,38.45000076293945,40.58000183105469,38.2400016784668,40.58000183105469,4021900
FMC,2025-05-02,35.99014663696289,37.779998779296875,39.220001220703125,37.70000076293945,38.959999084472656,2437700
FMC,2025-05-05,34.208740234375,35.90999984741211,37.7400016784668,35.779998779296875,37.5099983215332,2733800
FMC,2025-05-06,33.961063385009766,35.650001525878906,36.5099983215332,35.560001373291016,36.0099983215332,1988200
FMC,2025-05-07,33.32280349731445,34.97999954223633,35.88999938964844,34.849998474121094,35.66999816894531,1874300
FMC,2025-05-08,34.866050720214844,36.599998474121094,37.09000015258789,35.349998474121094,35.349998474121094,2477600
FMC,2025-05-09,35.047054290771484,36.790000915527344,36.9900016784668,36.47999954223633,36.880001068115234,1464700
FMC,2025-05-12,36.409305572509766,38.220001220703125,39.150001525878906,38.09000015258789,38.2599983215332,2371000
FMC,2025-05-13,36.30451202392578,38.11000061035156,38.4900016784668,37.900001525878906,38.150001525878906,1502900
FMC,2025-05-14,35.418575286865234,37.18000030517578,37.79999923706055,36.720001220703125,37.7599983215332,1746200
FMC,2025-05-15,37.36193084716797,39.220001220703125,39.52000045776367,36.790000915527344,37.029998779296875,2747800
FMC,2025-05-16,38.124027252197266,40.02000045776367,40.22999954223633,39.0,39.119998931884766,2100200
FMC,2025-05-19,38.10497283935547,40.0,40.060001373291016,39.29999923706055,39.5,1397200
FMC,2025-05-20,38.657501220703125,40.58000183105469,40.77000045776367,39.97999954223633,40.13999938964844,1782700
FMC,2025-05-21,37.380985260009766,39.2400016784668,40.5,39.130001068115234,40.33000183105469,1562700
FMC,2025-05-22,36.20925521850586,38.0099983215332,38.88999938964844,37.91999816894531,38.88999938964844,1658700
FMC,2025-05-23,36.409305572509766,38.220001220703125,38.34000015258789,37.459999084472656,37.68000030517578,1149000
FMC,2025-05-27,37.123775482177734,38.970001220703125,39.34000015258789,38.599998474121094,38.68000030517578,1577500
FMC,2025-05-28,37.59056091308594,39.459999084472656,40.9900016784668,39.119998931884766,39.15999984741211,2331200
FMC,2025-05-29,37.457191467285156,39.31999969482422,39.880001068115234,39.2400016784668,39.650001525878906,1852800
FMC,2025-05-30,38.63844680786133,40.560001373291016,40.79999923706055,39.060001373291016,39.31999969482422,3834900
FMC,2025-06-02,38.00971603393555,39.900001525878906,40.540000915527344,39.22999954223633,40.540000915527344,1767800
FMC,2025-06-03,38.30502700805664,40.209999084472656,40.66999816894531,39.2599983215332,39.79999923706055,1749900
FMC,2025-06-04,40.23885726928711,42.2400016784668,42.380001068115234,40.400001525878906,40.400001525878906,3067300
FMC,2025-06-05,39.91495895385742,41.900001525878906,42.810001373291016,41.709999084472656,42.779998779296875,2222000
FMC,2025-06-06,40.71516799926758,42.7400016784668,43.119998931884766,41.91999816894531,42.119998931884766,2590800
FMC,2025-06-09,41.972633361816406,44.060001373291016,44.47999954223633,42.95000076293945,43.02000045776367,2620200
FMC,2025-06-10,41.95357894897461,44.040000915527344,44.779998779296875,43.970001220703125,44.400001525878906,2330600
FMC,2025-06-11,41.886898040771484,43.970001220703125,44.4900016784668,43.619998931884766,44.099998474121094,1591200
FMC,2025-06-12,41.24863815307617,43.29999923706055,43.61000061035156,42.779998779296875,43.29999923706055,1148500
FMC,2025-06-13,39.61012268066406,41.58000183105469,43.439998626708984,41.349998474121094,42.59000015258789,1872200
FMC,2025-06-16,40.71516799926758,42.7400016784668,42.83000183105469,41.56999969482422,42.08000183105469,1847600
FMC,2025-06-17,39.876853942871094,41.86000061035156,42.77000045776367,41.650001525878906,42.45000076293945,1709000
FMC,2025-06-18,39.64822769165039,41.619998931884766,42.459999084472656,41.52000045776367,41.83000183105469,1694700
FMC,2025-06-20,39.12428665161133,41.06999969482422,41.7400016784668,40.779998779296875,41.59000015258789,2361000
FMC,2025-06-23,40.85805892944336,42.88999938964844,42.9900016784668,41.86000061035156,42.209999084472656,2084200
FMC,2025-06-24,40.610382080078125,42.630001068115234,43.290000915527344,42.349998474121094,43.13999938964844,2077800
FMC,2025-06-25,40.09596252441406,42.09000015258789,42.7400016784668,41.75,42.470001220703125,2210600
FMC,2025-06-26,41.08668899536133,43.130001068115234,43.65999984741211,42.40999984741211,42.599998474121094,1869300
FMC,2025-06-27,40.87710952758789,42.90999984741211,43.25,42.529998779296875,43.02000045776367,1556200
FMC,2025-06-30,40.3170166015625,41.75,42.45000076293945,41.41999816894531,42.439998626708984,1433200
FMC,2025-07-01,41.46617126464844,42.939998626708984,43.77000045776367,41.5,41.68000030517578,1803900
FMC,2025-07-02,42.92435073852539,44.45000076293945,44.52000045776367,42.88999938964844,43.279998779296875,1871800
FMC,2025-07-03,42.71189498901367,44.22999954223633,44.68000030517578,43.75,44.61000061035156,831200
FMC,2025-07-07,41.70759201049805,43.189998626708984,44.119998931884766,43.13999938964844,43.77000045776367,1266500
FMC,2025-07-08,41.813819885253906,43.29999923706055,44.130001068115234,43.20000076293945,43.43000030517578,1617500
FMC,2025-07-09,42.13249206542969,43.630001068115234,44.279998779296875,43.369998931884766,43.709999084472656,1712600
FMC,2025-07-10,41.1957893371582,42.65999984741211,44.060001373291016,42.56999969482422,43.27000045776367,1914500
FMC,2025-07-11,40.92539596557617,42.380001068115234,42.56999969482422,41.72999954223633,42.150001525878906,1241200
FMC,2025-07-14,40.597068786621094,42.040000915527344,42.689998626708984,41.9900016784668,42.439998626708984,1265300
FMC,2025-07-15,39.95005798339844,41.369998931884766,42.83000183105469,41.349998474121094,42.56999969482422,1551500
FMC,2025-07-16,40.8577995300293,42.310001373291016,42.34000015258789,41.38999938964844,41.41999816894531,1877700
FMC,2025-07-17,40.79020309448242,42.2400016784668,42.880001068115234,42.15999984741211,42.290000915527344,1428200
FMC,2025-07-18,40.58740997314453,42.029998779296875,42.36000061035156,41.65999984741211,42.15999984741211,1312500
FMC,2025-07-21,40.57775115966797,42.02000045776367,42.720001220703125,41.779998779296875,42.380001068115234,1085400
FMC,2025-07-22,41.871761322021484,43.36000061035156,43.369998931884766,41.959999084472656,42.189998626708984,1256000
FMC,2025-07-23,42.393226623535156,43.900001525878906,43.970001220703125,43.36000061035156,43.689998626708984,1107500
FMC,2025-07-24,40.83848190307617,42.290000915527344,43.650001525878906,42.08000183105469,43.25,1249800
FMC,2025-07-25,41.726905822753906,43.209999084472656,43.34000015258789,41.939998626708984,41.95000076293945,1146600
FMC,2025-07-28,41.18613052368164,42.650001525878906,43.06999969482422,42.25,42.90999984741211,1214100
FMC,2025-07-29,40.626033782958984,42.06999969482422,42.619998931884766,41.290000915527344,42.54999923706055,2322000
FMC,2025-07-30,39.911434173583984,41.33000183105469,42.13999938964844,40.68000030517578,41.86000061035156,3250000
FMC,2025-07-31,37.700035095214844,39.040000915527344,42.77000045776367,37.54999923706055,42.470001220703125,4617500
FMC,2025-08-01,36.70539093017578,38.0099983215332,38.91999816894531,37.560001373291016,38.709999084472656,2269300
FMC,2025-08-04,36.41568374633789,37.709999084472656,38.470001220703125,37.599998474121094,38.20000076293945,1939200
FMC,2025-08-05,36.541221618652344,37.84000015258789,38.09000015258789,37.08000183105469,38.08000183105469,2097400
FMC,2025-08-06,35.45000457763672,36.709999084472656,38.09000015258789,36.66999816894531,37.900001525878906,2044100
FMC,2025-08-07,35.2375602722168,36.4900016784668,37.290000915527344,36.029998779296875,37.16999816894531,2052800
FMC,2025-08-08,34.56158447265625,35.790000915527344,36.70000076293945,35.709999084472656,36.529998779296875,1837700
FMC,2025-08-11,33.92424011230469,35.130001068115234,36.099998474121094,34.97999954223633,35.869998931884766,2061600
FMC,2025-08-12,33.94355010986328,35.150001525878906,35.84000015258789,35.04999923706055,35.18000030517578,2082400
FMC,2025-08-13,36.251522064208984,37.540000915527344,37.61000061035156,35.209999084472656,35.40999984741211,2243300
FMC,2025-08-14,36.019752502441406,37.29999923706055,37.310001373291016,36.380001068115234,36.869998931884766,1356200
FMC,2025-08-15,36.17426681518555,37.459999084472656,37.77000045776367,37.20000076293945,37.5,1255100
FMC,2025-08-18,36.6474494934082,37.95000076293945,38.41999816894531,37.36000061035156,37.4900016784668,1745100
FMC,2025-08-19,37.284793853759766,38.61000061035156,38.81999969482422,38.130001068115234,38.2400016784668,1877300
FMC,2025-08-20,37.22685623168945,38.54999923706055,38.97999954223633,37.97999954223633,38.61000061035156,1432800
FMC,2025-08-21,37.98973846435547,39.34000015258789,39.380001068115234,38.06999969482422,38.220001220703125,1173200
FMC,2025-08-22,39.293399810791016,40.689998626708984,40.84000015258789,39.5,39.63999938964844,1566500
FMC,2025-08-25,38.76227951049805,40.13999938964844,40.68000030517578,40.029998779296875,40.68000030517578,1192000
FMC,2025-08-26,38.192527770996094,39.54999923706055,40.04999923706055,39.33000183105469,39.939998626708984,1662800
FMC,2025-08-27,38.376014709472656,39.7400016784668,39.900001525878906,39.0,39.27000045776367,1520000
FMC,2025-08-28,37.96076965332031,39.310001373291016,39.9900016784668,38.84000015258789,39.9900016784668,1124900
FMC,2025-08-29,37.75797653198242,39.099998474121094,39.630001068115234,38.93000030517578,39.16999816894531,1143400
FMC,2025-09-02,37.149600982666016,38.470001220703125,38.83000183105469,37.66999816894531,38.77000045776367,1652200
FMC,2025-09-03,35.787994384765625,37.060001373291016,38.5099983215332,36.959999084472656,38.189998626708984,1764600
FMC,2025-09-04,36.010101318359375,37.290000915527344,37.29999923706055,36.2599983215332,37.0,1770000
FMC,2025-09-05,36.483280181884766,37.779998779296875,38.18000030517578,37.0,37.54999923706055,1858100
FMC,2025-09-08,36.59916305541992,37.900001525878906,37.9900016784668,36.5099983215332,37.619998931884766,1485100
FMC,2025-09-09,35.55623245239258,36.81999969482422,37.9900016784668,36.689998626708984,37.900001525878906,1917800
FMC,2025-09-10,35.604515075683594,36.869998931884766,37.16999816894531,36.599998474121094,36.86000061035156,1782700
FMC,2025-09-11,36.88886642456055,38.20000076293945,38.25,36.849998474121094,36.91999816894531,1411400
FMC,2025-09-12,37.043373107910156,38.36000061035156,38.63999938964844,37.68000030517578,38.09000015258789,1984700
FMC,2025-09-15,36.34808349609375,37.63999938964844,38.599998474121094,37.4900016784668,38.599998474121094,2482300
FMC,2025-09-16,35.7590217590332,37.029998779296875,37.93000030517578,36.97999954223633,37.70000076293945,1511200
FMC,2025-09-17,35.99078369140625,37.27000045776367,38.68000030517578,36.95000076293945,37.06999969482422,2042100
FMC,2025-09-18,35.93284606933594,37.209999084472656,37.52000045776367,36.720001220703125,37.29999923706055,1532000
FMC,2025-09-19,34.976829528808594,36.220001220703125,37.31999969482422,36.18000030517578,37.2599983215332,2896900
FMC,2025-09-22,34.31050491333008,35.529998779296875,36.18000030517578,35.5,36.06999969482422,2327600
FMC,2025-09-23,33.46071243286133,34.650001525878906,36.04999923706055,34.61000061035156,35.7400016784668,2353900
FMC,2025-09-24,33.06478500366211,34.2400016784668,35.04999923706055,34.16999816894531,34.79999923706055,2195100
FMC,2025-09-25,32.0121955871582,33.150001525878906,34.38999938964844,32.9900016784668,34.15999984741211,2556400
FMC,2025-09-26,32.485374450683594,33.63999938964844,33.959999084472656,33.290000915527344,33.29999923706055,2100400
FMC,2025-09-29,32.35983657836914,33.5099983215332,34.0099983215332,33.220001220703125,34.0,1858300
FMC,2025-09-30,33.04772186279297,33.630001068115234,33.63999938964844,32.68000030517578,33.130001068115234,1856300
FMC,2025-10-01,31.151138305664062,31.700000762939453,33.400001525878906,31.649999618530273,33.349998474121094,3840900
FMC,2025-10-02,30.885812759399414,31.43000030517578,32.0099983215332,31.139999389648438,31.559999465942383,3078600
FMC,2025-10-03,31.68178939819336,32.2400016784668,32.34000015258789,31.579999923706055,31.780000686645508,3677900
FMC,2025-10-06,30.7580623626709,31.299999237060547,32.0,31.18000030517578,32.0,2724000
FMC,2025-10-07,30.581180572509766,31.1200008392334,31.520000457763672,30.989999771118164,31.299999237060547,2140500
FMC,2025-10-08,29.81468391418457,30.34000015258789,31.329999923706055,30.149999618530273,31.270000457763672,3337500
FMC,2025-10-09,29.362648010253906,29.8799991607666,31.18000030517578,29.84000015258789,30.84000015258789,2793000
FMC,2025-10-10,28.576501846313477,29.079999923706055,30.149999618530273,28.799999237060547,30.0,2278800
FMC,2025-10-13,29.028539657592773,29.540000915527344,29.81999969482422,29.290000915527344,29.6200008392334,1755700
FMC,2025-10-14,29.883472442626953,30.40999984741211,30.579999923706055,29.170000076293945,29.270000457763672,2006200
FMC,2025-10-15,29.569011688232422,30.09000015258789,31.299999237060547,30.06999969482422,30.600000381469727,2353700
FMC,2025-10-16,29.46091651916504,29.979999542236328,30.309999465942383,29.530000686645508,30.309999465942383,1960800
FMC,2025-10-17,28.890960693359375,29.399999618530273,30.100000381469727,29.18000030517578,29.799999237060547,2957500
FMC,2025-10-20,29.01871109008789,29.530000686645508,29.81999969482422,29.1299991607666,29.399999618530273,2008800
FMC,2025-10-21,29.431438446044922,29.950000762939453,30.239999771118164,29.299999237060547,29.5,1660700
FMC,2025-10-22,29.146459579467773,29.65999984741211,30.139999389648438,29.520000457763672,29.6200008392334,1644100
FMC,2025-10-23,29.775375366210938,30.299999237060547,30.65999984741211,29.850000381469727,30.209999084472656,1539100
FMC,2025-10-24,29.922780990600586,30.450000762939453,30.81999969482422,30.290000915527344,30.5,1556500
FMC,2025-10-27,30.09966278076172,30.6299991607666,30.950000762939453,30.43000030517578,30.610000610351562,2026500
FMC,2025-10-28,30.01122283935547,30.540000915527344,30.68000030517578,30.079999923706055,30.360000610351562,1719600
FMC,2025-10-29,28.537195205688477,29.040000915527344,30.540000915527344,28.709999084472656,30.299999237060547,5252000
FMC,2025-10-30,15.261109352111816,15.529999732971191,22.0,15.460000038146973,21.8799991607666,45473500
FMC,2025-10-31,14.907341957092285,15.170000076293945,15.390000343322754,14.649999618530273,15.010000228881836,20320600
FMC,2025-11-03,13.944311141967773,14.1899995803833,15.029999732971191,14.119999885559082,15.020000457763672,13920100
FMC,2025-11-04,13.177815437316895,13.40999984741211,13.970000267028809,13.399999618530273,13.930000305175781,9873800
FMC,2025-11-05,13.128681182861328,13.359999656677246,13.789999961853027,13.319999694824219,13.479999542236328,7679900
FMC,2025-11-06,12.745433807373047,12.970000267028809,13.460000038146973,12.930000305175781,13.359999656677246,6651800
FMC,2025-11-07,13.747773170471191,13.989999771118164,14.100000381469727,12.869999885559082,12.869999885559082,6649000
FMC,2025-11-10,13.84604263305664,14.09000015258789,14.1899995803833,13.710000038146973,14.140000343322754,5539800
FMC,2025-11-11,13.669158935546875,13.90999984741211,14.300000190734863,13.850000381469727,14.25,5681000
FMC,2025-11-12,13.600370407104492,13.84000015258789,14.3100004196167,13.819999694824219,13.930000305175781,5828400
FMC,2025-11-13,13.403833389282227,13.640000343322754,14.180000305175781,13.619999885559082,13.789999961853027,4860100
FMC,2025-11-14,13.659331321716309,13.899999618530273,13.970000267028809,13.569999694824219,13.600000381469727,4341900
FMC,2025-11-17,12.72577953338623,12.949999809265137,13.899999618530273,12.9399995803833,13.6899995803833,6013500
FMC,2025-11-18,12.588204383850098,12.8100004196167,12.989999771118164,12.609999656677246,12.859999656677246,5192100
FMC,2025-11-19,12.470280647277832,12.6899995803833,12.890000343322754,12.4399995803833,12.850000381469727,4312000
FMC,2025-11-20,11.96911334991455,12.180000305175781,12.899999618530273,12.170000076293945,12.760000228881836,4517200
FMC,2025-11-21,12.529242515563965,12.75,13.050000190734863,12.1899995803833,12.210000038146973,5435800
FMC,2025-11-24,12.951798439025879,13.180000305175781,13.220000267028809,12.619999885559082,12.84000015258789,5671600
FMC,2025-11-25,13.187642097473145,13.420000076293945,13.600000381469727,13.289999961853027,13.300000190734863,4404100
FMC,2025-11-26,13.708465576171875,13.949999809265137,14.130000114440918,13.359999656677246,13.380000114440918,4208600
FMC,2025-11-28,14.04257869720459,14.289999961853027,14.5,14.010000228881836,14.050000190734863,2648200
FMC,2025-12-01,13.600370407104492,13.84000015258789,14.479999542236328,13.779999732971191,14.25,3806400
FMC,2025-12-02,13.462794303894043,13.699999809265137,14.020000457763672,13.479999542236328,13.949999809265137,3942500
FMC,2025-12-03,13.364526748657227,13.600000381469727,13.989999771118164,13.460000038146973,13.779999732971191,3550700
FMC,2025-12-04,13.059892654418945,13.289999961853027,13.739999771118164,13.140000343322754,13.649999618530273,4009200
FMC,2025-12-05,13.050065994262695,13.279999732971191,13.699999809265137,13.229999542236328,13.289999961853027,4994200
FMC,2025-12-08,12.873183250427246,13.100000381469727,13.300000190734863,12.920000076293945,13.300000190734863,4809500
FMC,2025-12-09,13.138507843017578,13.369999885559082,13.630000114440918,12.8100004196167,12.880000114440918,6246300
FMC,2025-12-10,13.384180068969727,13.619999885559082,13.630000114440918,13.149999618530273,13.420000076293945,5795000
FMC,2025-12-11,13.423486709594727,13.65999984741211,14.289999961853027,13.569999694824219,13.569999694824219,5118000
FMC,2025-12-12,13.669158935546875,13.90999984741211,14.119999885559082,13.65999984741211,13.670000076293945,4101400
FMC,2025-12-15,12.892836570739746,13.119999885559082,14.039999961853027,12.850000381469727,14.029999732971191,6818400
FMC,2025-12-16,12.932144165039062,13.15999984741211,13.609999656677246,13.0,13.079999923706055,4640500
FMC,2025-12-17,13.541409492492676,13.779999732971191,13.899999618530273,13.029999732971191,13.100000381469727,4870700
FMC,2025-12-18,13.394006729125977,13.630000114440918,14.149999618530273,13.619999885559082,13.829999923706055,4263800
FMC,2025-12-19,13.089373588562012,13.319999694824219,13.729999542236328,13.270000457763672,13.5600004196167,7063800
FMC,2025-12-22,12.951798439025879,13.180000305175781,13.449999809265137,13.069999694824219,13.369999885559082,3560800
FMC,2025-12-23,12.902663230895996,13.130000114440918,13.1899995803833,12.949999809265137,13.140000343322754,3186200
FMC,2025-12-24,13.099201202392578,13.329999923706055,13.470000267028809,13.09000015258789,13.109999656677246,1878000
FMC,2025-12-26,13.325218200683594,13.5600004196167,13.600000381469727,13.260000228881836,13.350000381469727,2664100
FMC,2025-12-29,13.590543746948242,13.829999923706055,13.930000305175781,13.470000267028809,13.5,3568600
FMC,2025-12-30,13.737946510314941,13.979999542236328,14.15999984741211,13.800000190734863,13.829999923706055,3139800
FMC,2025-12-31,13.708295822143555,13.869999885559082,14.270000457763672,13.8100004196167,13.899999618530273,3106800
FMC,2026-01-02,14.17281723022461,14.34000015258789,14.470000267028809,13.5600004196167,14.039999961853027,3554400
FMC,2026-01-05,13.925731658935547,14.09000015258789,14.460000038146973,13.949999809265137,14.34000015258789,4569000
FMC,2026-01-06,14.676871299743652,14.850000381469727,14.899999618530273,13.9399995803833,14.0,4537200
FMC,2026-01-07,14.449552536010742,14.619999885559082,15.029999732971191,14.319999694824219,14.850000381469727,3661600
FMC,2026-01-08,14.835005760192871,15.010000228881836,15.229999542236328,14.489999771118164,14.569999694824219,3885900
FMC,2026-01-09,15.02278995513916,15.199999809265137,15.319999694824219,14.890000343322754,15.079999923706055,4014700
FMC,2026-01-12,14.973373413085938,15.149999618530273,15.550000190734863,15.0600004196167,15.199999809265137,4420600
FMC,2026-01-13,15.131507873535156,15.3100004196167,15.59000015258789,15.229999542236328,15.239999771118164,3620300
FMC,2026-01-14,14.96349048614502,15.140000343322754,15.65999984741211,15.0600004196167,15.420000076293945,3204900
FMC,2026-01-15,15.29952621459961,15.479999542236328,15.479999542236328,14.649999618530273,15.15999984741211,4045300
FMC,2026-01-16,15.171042442321777,15.350000381469727,15.65999984741211,15.020000457763672,15.149999618530273,3909300
FMC,2026-01-20,15.210576057434082,15.390000343322754,15.449999809265137,14.899999618530273,15.010000228881836,3941100
FMC,2026-01-21,15.724513053894043,15.90999984741211,15.949999809265137,15.430000305175781,15.65999984741211,3235700
FMC,2026-01-22,15.833230972290039,16.020000457763672,16.739999771118164,15.800000190734863,16.170000076293945,3905700
FMC,2026-01-23,16.090198516845703,16.280000686645508,16.309999465942383,15.930000305175781,16.030000686645508,2410900
FMC,2026-01-26,15.941947937011719,16.1299991607666,16.3700008392334,15.920000076293945,16.3700008392334,3190200
FMC,2026-01-27,15.89253044128418,16.079999923706055,16.350000381469727,15.829999923706055,16.100000381469727,2378900
FMC,2026-01-28,15.833230972290039,16.020000457763672,16.399999618530273,15.720000267028809,16.239999771118164,3848000
FMC,2026-01-29,15.724513053894043,15.90999984741211,16.280000686645508,15.5600004196167,16.059999465942383,4029200
FMC,2026-01-30,15.615795135498047,15.800000190734863,16.219999313354492,15.140000343322754,15.84000015258789,5330500
FMC,2026-02-02,15.467544555664062,15.649999618530273,15.819999694824219,15.34000015258789,15.5,4338100
FMC,2026-02-03,15.862879753112793,16.049999237060547,16.219999313354492,15.510000228881836,15.649999618530273,4377600
FMC,2026-02-04,16.791921615600586,16.989999771118164,17.010000228881836,16.059999465942383,16.100000381469727,9058600
FMC,2026-02-05,13.510627746582031,13.670000076293945,15.09000015258789,12.479999542236328,15.09000015258789,21200500
FMC,2026-02-06,14.587920188903809,14.760000228881836,14.84000015258789,13.270000457763672,13.579999923706055,9423200
FMC,2026-02-09,15.210576057434082,15.390000343322754,15.729999542236328,14.75,14.779999732971191,7144800
FMC,2026-02-10,15.823347091674805,16.010000228881836,16.75,15.390000343322754,15.470000267028809,5831600
FMC,2026-02-11,15.862879753112793,16.049999237060547,16.43000030517578,15.84000015258789,16.280000686645508,3545800
FMC,2026-02-12,14.360601425170898,14.529999732971191,16.239999771118164,14.390000343322754,15.960000038146973,4721300
FMC,2026-02-13,14.17281723022461,14.34000015258789,14.789999961853027,14.329999923706055,14.510000228881836,3021000
FMC,2026-02-17,14.31118392944336,14.479999542236328,14.75,14.100000381469727,14.140000343322754,2751400
FMC,2026-02-18,14.31118392944336,14.479999542236328,14.75,14.25,14.460000038146973,2769100
FMC,2026-02-19,14.68675422668457,14.859999656677246,15.109999656677246,14.5,14.5,2746800
FMC,2026-02-20,14.449552536010742,14.619999885559082,14.949999809265137,14.25,14.729999542236328,2373500
FMC,2026-02-23,13.500743865966797,13.65999984741211,14.539999961853027,13.390000343322754,14.479999542236328,2866900
FMC,2026-02-24,13.718179702758789,13.880000114440918,14.0,13.619999885559082,13.720000267028809,2611700
FMC,2026-02-25,14.795472145080566,14.970000267028809,15.050000190734863,13.579999923706055,13.9399995803833,4715700
FMC,2026-02-26,14.42978572845459,14.600000381469727,15.109999656677246,14.109999656677246,14.989999771118164,2657000
FMC,2026-02-27,14.568153381347656,14.739999771118164,14.75,14.100000381469727,14.399999618530273,3164100
FMC,2026-03-02,14.23211669921875,14.399999618530273,14.550000190734863,14.039999961853027,14.34000015258789,2688000
FMC,2026-03-03,13.678646087646484,13.84000015258789,14.229999542236328,13.300000190734863,13.920000076293945,3673700
FMC,2026-03-04,13.520511627197266,13.680000305175781,14.199999809265137,13.609999656677246,14.020000457763672,2323200
FMC,2026-03-05,14.12339973449707,14.289999961853027,14.729999542236328,13.770000457763672,13.920000076293945,3593100
FMC,2026-03-06,13.876314163208008,14.039999961853027,14.4399995803833,13.550000190734863,14.390000343322754,2659100
FMC,2026-03-09,13.955382347106934,14.119999885559082,14.199999809265137,13.59000015258789,13.699999809265137,3698000
FMC,2026-03-10,13.579812049865723,13.739999771118164,14.420000076293945,13.710000038146973,14.010000228881836,2726200
FMC,2026-03-11,14.073982238769531,14.239999771118164,14.279999732971191,13.510000228881836,13.970000267028809,3426900
FMC,2026-03-12,14.162933349609375,14.329999923706055,14.949999809265137,14.229999542236328,14.34000015258789,4380200
FMC,2026-03-13,13.876314163208008,14.039999961853027,14.800000190734863,14.029999732971191,14.739999771118164,3081900
FMC,2026-03-16,13.639113426208496,13.800000190734863,14.069999694824219,13.569999694824219,13.899999618530273,3522400
FMC,2026-03-17,14.09375,14.260000228881836,14.970000267028809,13.970000267028809,13.970000267028809,4210800
FMC,2026-03-18,14.380369186401367,14.550000190734863,15.050000190734863,14.119999885559082,14.34000015258789,4515700
FMC,2026-03-19,13.767597198486328,13.930000305175781,14.470000267028809,13.539999961853027,14.4399995803833,4073800
FMC,2026-03-20,12.937390327453613,13.09000015258789,13.949999809265137,13.039999961853027,13.8100004196167,13986800
FMC,2026-03-23,14.064099311828613,14.229999542236328,14.569999694824219,13.1899995803833,13.25,5447100
FMC,2026-03-24,14.6571044921875,14.829999923706055,15.520000457763672,14.3100004196167,14.3100004196167,5271700
FMC,2026-03-25,15.259992599487305,15.4399995803833,15.5600004196167,14.789999961853027,15.050000190734863,3062400
FMC,2026-03-26,15.47742748260498,15.65999984741211,15.880000114440918,15.149999618530273,15.149999618530273,3560900
FMC,2026-03-27,15.576262474060059,15.760000228881836,15.989999771118164,15.220000267028809,15.479999542236328,2548800
FMC,2026-03-30,16.6140193939209,16.809999465942383,16.940000534057617,15.920000076293945,15.9399995803833,5113100
FMC,2026-03-31,17.100622177124023,17.219999313354492,17.329999923706055,16.75,16.799999237060547,4018300
FMC,2026-04-01,17.031108856201172,17.149999618530273,17.31999969482422,16.790000915527344,17.170000076293945,3051800
FMC,2026-04-02,17.626949310302734,17.75,17.760000228881836,16.780000686645508,17.09000015258789,3209400
FMC,2026-04-06,17.0906925201416,17.209999084472656,17.780000686645508,17.15999984741211,17.450000762939453,2384000
FMC,2026-04-07,17.517711639404297,17.639999389648438,17.790000915527344,17.219999313354492,17.399999618530273,2243500
FMC,2026-04-08,17.716325759887695,17.84000015258789,18.020000457763672,17.110000610351562,17.739999771118164,3134700
FMC,2026-04-09,17.0906925201416,17.209999084472656,18.170000076293945,17.030000686645508,17.920000076293945,1728300
FMC,2026-04-10,17.329029083251953,17.450000762939453,17.540000915527344,17.18000030517578,17.290000915527344,1274600
FMC,2026-04-13,17.944730758666992,18.06999969482422,18.290000915527344,17.489999771118164,17.600000381469727,1959000
FMC,2026-04-14,17.299236297607422,17.420000076293945,18.170000076293945,17.299999237060547,18.149999618530273,1852200
FMC,2026-04-15,17.299236297607422,17.420000076293945,17.93000030517578,17.309999465942383,17.68000030517578,1932300
FMC,2026-04-16,17.458127975463867,17.579999923706055,17.829999923706055,17.079999923706055,17.719999313354492,1461500
FMC,2026-04-17,17.05097007751465,17.170000076293945,17.360000610351562,17.030000686645508,17.31999969482422,2477900
FMC,2026-04-20,17.22972297668457,17.350000381469727,17.440000534057617,16.809999465942383,16.959999084472656,2065300
FMC,2026-04-21,15.759982109069824,15.869999885559082,17.09000015258789,15.670000076293945,17.0,3339200
FMC,2026-04-22,14.588162422180176,14.6899995803833,15.850000381469727,14.520000457763672,15.720000267028809,4548300
FMC,2026-04-23,14.349825859069824,14.449999809265137,14.859999656677246,14.039999961853027,14.619999885559082,2860800
FMC,2026-04-24,14.77684497833252,14.880000114440918,14.970000267028809,14.279999732971191,14.5600004196167,2865200
FMC,2026-04-27,15.452131271362305,15.5600004196167,15.90999984741211,15.15999984741211,15.170000076293945,2837000
FMC,2026-04-28,15.154211044311523,15.260000228881836,15.899999618530273,15.09000015258789,15.739999771118164,2121600
FMC,2026-04-29,14.548439025878906,14.649999618530273,15.5600004196167,14.59000015258789,15.40999984741211,4992900
FMC,2026-04-30,15.2733793258667,15.380000114440918,16.399999618530273,15.1899995803833,16.139999389648438,5083600
FMC,2026-05-01,14.71726131439209,14.819999694824219,15.550000190734863,14.579999923706055,15.210000038146973,3643600
FMC,2026-05-04,14.459064483642578,14.5600004196167,15.010000228881836,14.520000457763672,14.829999923706055,2356900
FMC,2026-05-05,14.766914367675781,14.869999885559082,15.149999618530273,14.5,14.779999732971191,1961700
FMC,2026-05-06,14.687469482421875,14.789999961853027,15.149999618530273,14.649999618530273,14.869999885559082,2247800
FMC,2026-05-07,13.585165023803711,13.680000305175781,14.970000267028809,13.640000343322754,14.699999809265137,3443700
FMC,2026-05-08,13.30710506439209,13.399999618530273,13.8100004196167,13.359999656677246,13.6899995803833,3858700
FMC,2026-05-11,13.019115447998047,13.109999656677246,13.8100004196167,12.970000267028809,13.59000015258789,3345900
FMC,2026-05-12,13.058837890625,13.149999618530273,13.289999961853027,12.800000190734863,13.239999771118164,4340300
FMC,2026-05-13,12.641749382019043,12.729999542236328,13.09000015258789,12.65999984741211,13.050000190734863,2858300
FMC,2026-05-14,13.465996742248535,13.5600004196167,13.779999732971191,12.8100004196167,12.859999656677246,3595900
FMC,2026-05-15,14.071767807006836,14.170000076293945,14.220000267028809,13.520000457763672,13.520000457763672,4780900
FMC,2026-05-18,13.456066131591797,13.550000190734863,14.479999542236328,13.529999732971191,14.039999961853027,2742800
FMC,2026-05-19,12.671542167663574,12.760000228881836,13.600000381469727,12.6899995803833,13.5,3456600
FMC,2026-05-20,12.60202693939209,12.6899995803833,12.930000305175781,12.220000267028809,12.579999923706055,2727500
FMC,2026-05-21,12.919809341430664,13.010000228881836,13.180000305175781,12.369999885559082,12.5,2256900
FMC,2026-05-22,13.019115447998047,13.109999656677246,13.289999961853027,12.859999656677246,13.0,2173800
FMC,2026-05-26,12.890016555786133,12.979999542236328,13.380000114440918,12.819999694824219,13.09000015258789,1884500
FMC,2026-05-27,13.416342735290527,13.510000228881836,13.880000114440918,13.100000381469727,13.100000381469727,2533200
FMC,2026-05-28,13.475926399230957,13.569999694824219,13.680000305175781,13.279999732971191,13.329999923706055,1577800
FMC,2026-05-29,13.565302848815918,13.65999984741211,13.979999542236328,13.479999542236328,13.59000015258789,3974700
FMC,2026-06-01,13.24752140045166,13.34000015258789,13.649999618530273,13.029999732971191,13.649999618530273,2407700
FMC,2026-06-02,13.03897762298584,13.130000114440918,13.329999923706055,12.979999542236328,13.210000038146973,1641900
FMC,2026-06-03,12.264385223388672,12.350000381469727,13.050000190734863,12.300000190734863,13.029999732971191,2925700
FMC,2026-06-04,12.105493545532227,12.1899995803833,12.739999771118164,12.140000343322754,12.430000305175781,2958900
FMC,2026-06-05,11.559307098388672,11.640000343322754,12.359999656677246,11.40999984741211,12.170000076293945,3667100
FMC,2026-06-08,11.023050308227539,11.100000381469727,11.6899995803833,10.970000267028809,11.529999732971191,4314900
FMC,2026-06-09,11.420276641845703,11.5,11.630000114440918,10.920000076293945,11.100000381469727,4496200
FMC,2026-06-10,10.725130081176758,10.800000190734863,11.550000190734863,10.779999732971191,11.300000190734863,3301000
FMC,2026-06-11,11.191871643066406,11.270000457763672,11.430000305175781,10.720000267028809,10.779999732971191,3448500
FMC,2026-06-12,11.767850875854492,11.850000381469727,12.140000343322754,11.40999984741211,11.40999984741211,3330300
FMC,2026-06-15,11.430208206176758,11.510000228881836,12.390000343322754,11.479999542236328,12.130000114440918,3180300
FMC,2026-06-16,11.519583702087402,11.600000381469727,11.800000190734863,11.479999542236328,11.479999542236328,3083800
FMC,2026-06-17,11.89694881439209,11.979999542236328,12.670000076293945,11.890000343322754,11.890000343322754,4476900
FMC,2026-06-18,11.469930648803711,11.550000190734863,12.09000015258789,11.0600004196167,12.0,8192200
FMC,2026-06-22,10.953535079956055,11.029999732971191,11.5,10.90999984741211,11.229999542236328,3604500
FMC,2026-06-23,10.943605422973633,11.020000457763672,11.270000457763672,10.75,11.15999984741211,3359000
FMC,2026-06-24,11.241524696350098,11.319999694824219,11.449999809265137,10.890000343322754,10.899999618530273,3767200
FMC,2026-06-25,11.241524696350098,11.319999694824219,11.880000114440918,11.220000267028809,11.489999771118164,3623900
FMC,2026-06-26,11.668543815612793,11.75,11.819999694824219,11.229999542236328,11.229999542236328,22300700
FMC,2026-06-29,11.460000038146973,11.539999961853027,11.619999885559082,11.130000114440918,11.579999923706055,4014300
FMC,2026-06-30,11.5,11.5,11.899999618530273,11.260000228881836,11.539999961853027,3507800
FMC,2026-07-01,10.949999809265137,10.949999809265137,12.300000190734863,10.75,12.079999923706055,8770900
FMC,2026-07-02,11.350000381469727,11.350000381469727,11.770000457763672,11.0,11.0,6051000
FMC,2026-07-06,11.380000114440918,11.380000114440918,11.550000190734863,10.84000015258789,11.109999656677246,4451300
FMC,2026-07-07,11.59000015258789,11.59000015258789,11.880000114440918,11.4399995803833,11.449999809265137,3964900
FMC,2026-07-08,10.9399995803833,10.9399995803833,11.680000305175781,10.899999618530273,11.600000381469727,4596400
FMC,2026-07-09,10.890000343322754,10.890000343322754,11.260000228881836,10.770000457763672,10.850000381469727,3462800
FMC,2026-07-10,10.90999984741211,10.90999984741211,11.149999618530273,10.680000305175781,10.979999542236328,3496300
FMC,2026-07-13,10.90999984741211,10.90999984741211,11.4399995803833,10.880000114440918,11.0600004196167,3312200
FMC,2026-07-14,10.720000267028809,10.720000267028809,11.180000305175781,10.65999984741211,11.069999694824219,3015800
FMC,2026-07-15,10.829999923706055,10.829999923706055,10.920000076293945,10.5600004196167,10.75,3867200
FMC,2026-07-16,11.4399995803833,11.4399995803833,11.619999885559082,10.869999885559082,10.899999618530273,4482700
FMC,2026-07-17,11.210000038146973,11.210000038146973,11.699999809265137,11.079999923706055,11.529999732971191,3725300
FMC,2026-07-20,11.1899995803833,11.1899995803833,11.329999923706055,11.0,11.0600004196167,2969000
FMC,2026-07-21,11.369999885559082,11.369999885559082,11.470000267028809,11.079999923706055,11.1899995803833,2963700
FMC,2026-07-22,11.779999732971191,11.779999732971191,12.149999618530273,11.619999885559082,11.699999809265137,3274600
FMC,2026-07-23,11.6899995803833,11.6899995803833,12.010000228881836,11.460000038146973,11.779999732971191,2527100
FMC,2026-07-24,11.300000190734863,11.300000190734863,11.760000228881836,11.289999961853027,11.75,2118300
FMC,2026-07-27,11.119999885559082,11.119999885559082,11.359999656677246,11.050000190734863,11.260000228881836,2318700
FMC,2026-07-28,10.9399995803833,10.9399995803833,11.460000038146973,10.890000343322754,11.210000038146973,2747400
FMC,2026-07-29,10.010000228881836,10.010000228881836,11.010000228881836,9.949999809265137,10.930000305175781,7679100
FMC,2026-07-30,11.829999923706055,11.829999923706055,11.850000381469727,10.489999771118164,10.5,9908500
FMC,2026-07-31,10.710000038146973,10.710000038146973,11.739999771118164,10.649999618530273,11.569999694824219,5332100
FMC,2026-08-03,10.359999656677246,10.359999656677246,10.899999618530273,10.220000267028809,10.710000038146973,5787700
FMC,2026-08-04,10.550000190734863,10.550000190734863,10.5600004196167,10.09000015258789,10.260000228881836,4471700
FMC,2026-08-05,10.779999732971191,10.779999732971191,11.069999694824219,10.5,10.529999732971191,3217200
FMC,2026-08-06,10.550000190734863,10.550000190734863,10.84000015258789,10.449999809265137,10.6899995803833,3117500
FMC,2026-08-07,10.59000015258789,10.59000015258789,10.819999694824219,10.529999732971191,10.630000114440918,1990700
FMC,2026-08-10,10.460000038146973,10.460000038146973,10.65999984741211,10.119999885559082,10.510000228881836,3290400
FMC,2026-08-11,10.40999984741211,10.40999984741211,10.680000305175781,10.350000381469727,10.489999771118164,1896800
FMC,2026-08-12,10.239999771118164,10.239999771118164,10.449999809265137,10.079999923706055,10.449999809265137,2939800
FMC,2026-08-13,10.15999984741211,10.15999984741211,10.199999809265137,9.949999809265137,10.199999809265137,3546300
FMC,2026-08-14,10.149999618530273,10.149999618530273,10.329999923706055,10.020000457763672,10.199999809265137,2354200
FMC,2026-08-17,10.180000305175781,10.180000305175781,10.359999656677246,9.979999542236328,10.119999885559082,3124700
FMC,2026-08-18,10.119999885559082,10.119999885559082,10.329999923706055,10.0,10.270000457763672,1743700
FMC,2026-08-19,10.8100004196167,10.8100004196167,11.100000381469727,10.289999961853027,10.289999961853027,3499000
FMC,2026-08-20,10.880000114440918,10.880000114440918,10.979999542236328,10.529999732971191,10.760000228881836,2088200
FMC,2026-08-21,11.020000457763672,11.020000457763672,11.350000381469727,10.850000381469727,11.010000228881836,2819900
FMC,2026-08-24,11.279999732971191,11.279999732971191,11.430000305175781,10.970000267028809,11.050000190734863,2274600
FMC,2026-08-25,11.170000076293945,11.170000076293945,11.220000267028809,10.90999984741211,11.119999885559082,1876000
FMC,2026-08-26,11.079999923706055,11.079999923706055,11.619999885559082,11.050000190734863,11.180000305175781,2085700
FMC,2026-08-27,10.65999984741211,10.65999984741211,11.050000190734863,10.649999618530273,11.020000457763672,2602600
FMC,2026-08-31,11.529999732971191,11.529999732971191,11.600000381469727,11.170000076293945,11.289999961853027,3735700
FMC,2026-09-01,11.880000114440918,11.880000114440918,11.9399995803833,11.390000343322754,11.4399995803833,3628100
