ticker,date,adj_close,close,high,low,open,volume
GD,2010-01-04,47.070369720458984,69.19000244140625,69.19000244140625,68.16999816894531,68.51000213623047,1198500
GD,2010-01-05,47.14518737792969,69.30000305175781,69.77999877929688,68.80999755859375,69.29000091552734,1535400
GD,2010-01-06,47.10436248779297,69.23999786376953,69.36000061035156,68.75,69.02999877929688,1149700
GD,2010-01-07,47.240440368652344,69.44000244140625,69.5,68.7300033569336,69.08999633789062,1262300
GD,2010-01-08,47.240440368652344,69.44000244140625,69.69999694824219,68.91000366210938,69.43000030517578,1582000
GD,2010-01-11,48.1180305480957,70.7300033569336,70.75,69.66000366210938,69.83000183105469,1508400
GD,2010-01-12,47.82550048828125,70.30000305175781,70.6500015258789,69.8499984741211,70.2699966430664,1677200
GD,2010-01-13,48.61210250854492,71.06999969482422,71.48999786376953,69.95999908447266,70.16999816894531,1797800
GD,2010-01-14,48.63261032104492,71.0999984741211,71.23999786376953,70.30999755859375,70.87000274658203,2332600
GD,2010-01-15,48.2974739074707,70.61000061035156,71.08000183105469,69.8499984741211,71.08000183105469,1829400
GD,2010-01-19,48.35218811035156,70.69000244140625,70.83000183105469,70.0199966430664,70.48999786376953,1498700
GD,2010-01-20,47.44245529174805,69.36000061035156,70.29000091552734,68.3499984741211,70.12000274658203,2193500
GD,2010-01-21,46.607967376708984,68.13999938964844,69.72000122070312,67.7300033569336,69.2699966430664,1984500
GD,2010-01-22,45.84188461303711,67.0199966430664,68.7699966430664,66.94000244140625,68.0999984741211,1868300
GD,2010-01-25,46.416446685791016,67.86000061035156,69.04000091552734,67.8499984741211,68.68000030517578,1781100
GD,2010-01-26,47.00469207763672,68.72000122070312,69.4000015258789,67.43000030517578,67.56999969482422,2618400
GD,2010-01-27,45.985530853271484,67.2300033569336,68.75,65.91999816894531,68.75,3839500
GD,2010-01-28,46.23860168457031,67.5999984741211,68.25,67.04000091552734,67.61000061035156,1839000
GD,2010-01-29,45.72560119628906,66.8499984741211,67.7300033569336,66.72000122070312,67.41000366210938,2268400
GD,2010-02-01,47.49034118652344,69.43000030517578,69.58000183105469,66.79000091552734,67.22000122070312,3613300
GD,2010-02-02,47.90074920654297,70.02999877929688,70.20999908447266,68.66000366210938,69.43000030517578,3599700
GD,2010-02-03,47.962303161621094,70.12000274658203,70.38999938964844,69.51000213623047,69.81999969482422,1902400
GD,2010-02-04,46.62165832519531,68.16000366210938,69.9800033569336,68.05999755859375,69.63999938964844,2995400
GD,2010-02-05,45.59565353393555,66.66000366210938,68.37999725341797,65.30000305175781,68.06999969482422,4387600
GD,2010-02-08,45.38359069824219,66.3499984741211,67.52999877929688,65.91000366210938,66.72000122070312,2017100
GD,2010-02-09,46.53955841064453,68.04000091552734,68.55999755859375,66.55000305175781,66.94999694824219,2008500
GD,2010-02-10,46.265968322753906,67.63999938964844,68.33999633789062,67.41999816894531,68.05000305175781,2704100
GD,2010-02-11,46.37541198730469,67.80000305175781,67.8499984741211,66.55000305175781,67.45999908447266,2978000
GD,2010-02-12,46.47801208496094,67.94999694824219,68.27999877929688,66.37999725341797,67.33000183105469,2433400
GD,2010-02-16,47.77762222290039,69.8499984741211,69.8499984741211,68.12999725341797,68.37000274658203,2745100
GD,2010-02-17,47.9486198425293,70.0999984741211,70.0999984741211,69.0999984741211,69.76000213623047,2284400
GD,2010-02-18,49.097740173339844,71.77999877929688,71.98999786376953,69.58999633789062,69.86000061035156,2692800
GD,2010-02-19,49.66548538208008,72.61000061035156,73.0999984741211,71.43000030517578,71.63999938964844,2474900
GD,2010-02-22,49.638099670410156,72.56999969482422,72.97000122070312,71.73999786376953,72.62000274658203,1753900
GD,2010-02-23,49.118263244628906,71.80999755859375,72.87999725341797,71.52999877929688,72.27999877929688,1747700
GD,2010-02-24,49.65862274169922,72.5999984741211,72.73999786376953,71.70999908447266,71.83000183105469,1220500
GD,2010-02-25,49.38502502441406,72.19999694824219,72.23999786376953,70.80999755859375,72.0999984741211,1651400
GD,2010-02-26,49.62440872192383,72.55000305175781,72.73999786376953,71.58999633789062,72.38999938964844,1504200
GD,2010-03-01,50.5546760559082,73.91000366210938,74.12999725341797,72.54000091552734,72.54000091552734,2384900
GD,2010-03-02,50.602542877197266,73.9800033569336,74.6500015258789,73.41000366210938,74.6500015258789,2203000
GD,2010-03-03,49.815948486328125,72.83000183105469,74.33000183105469,72.6500015258789,74.25,3344600
GD,2010-03-04,49.89118194580078,72.94000244140625,73.04000091552734,71.08999633789062,71.94999694824219,3061300
GD,2010-03-05,50.431556701660156,73.7300033569336,73.77999877929688,72.52999877929688,72.87999725341797,2350000
GD,2010-03-08,50.376834869384766,73.6500015258789,73.91999816894531,73.0999984741211,73.4000015258789,1766500
GD,2010-03-09,50.3973503112793,73.68000030517578,74.08999633789062,72.6500015258789,73.37999725341797,1363000
GD,2010-03-10,50.57520294189453,73.94000244140625,74.30999755859375,73.37999725341797,73.47000122070312,1903600
GD,2010-03-11,50.71882629394531,74.1500015258789,74.22000122070312,72.75,73.5,2017000
GD,2010-03-12,50.452056884765625,73.76000213623047,74.1500015258789,73.01000213623047,74.1500015258789,1587400
GD,2010-03-15,50.383670806884766,73.66000366210938,73.73999786376953,72.95999908447266,73.72000122070312,1620400
GD,2010-03-16,50.41786575317383,73.70999908447266,73.9800033569336,73.26000213623047,73.66999816894531,1380500
GD,2010-03-17,51.286556243896484,74.9800033569336,75.0,73.58999633789062,73.91000366210938,2250100
GD,2010-03-18,51.46438217163086,75.23999786376953,75.5,74.79000091552734,74.86000061035156,2430200
GD,2010-03-19,51.63539123535156,75.48999786376953,76.23999786376953,75.23999786376953,75.48999786376953,2438000
GD,2010-03-22,51.75167465209961,75.66000366210938,75.81999969482422,74.58999633789062,75.2300033569336,1340200
GD,2010-03-23,52.62720489501953,76.94000244140625,76.95999908447266,75.79000091552734,75.87999725341797,1818800
GD,2010-03-24,51.80637741088867,75.73999786376953,76.76000213623047,75.5999984741211,76.73999786376953,1476100
GD,2010-03-25,52.13471221923828,76.22000122070312,76.95999908447266,75.7300033569336,76.33999633789062,2168100
GD,2010-03-26,52.6135139465332,76.91999816894531,77.05000305175781,76.1500015258789,76.5,1644700
GD,2010-03-29,53.68057632446289,78.4800033569336,78.62000274658203,77.16999816894531,77.3499984741211,3168600
GD,2010-03-30,53.00339889526367,77.48999786376953,78.4800033569336,77.06999969482422,78.4800033569336,2199000
GD,2010-03-31,52.80503845214844,77.19999694824219,77.79000091552734,76.9800033569336,77.33999633789062,2131100
GD,2010-04-01,53.29069137573242,77.91000366210938,78.33000183105469,77.37000274658203,77.52999877929688,1285500
GD,2010-04-05,53.50957107543945,78.2300033569336,78.95999908447266,77.73999786376953,78.47000122070312,1299200
GD,2010-04-06,52.94869613647461,77.41000366210938,77.97000122070312,76.73999786376953,77.69999694824219,3102500
GD,2010-04-07,52.5910758972168,76.47000122070312,77.19000244140625,76.31999969482422,76.97000122070312,1958100
GD,2010-04-08,52.824893951416016,76.80999755859375,77.12999725341797,75.94000244140625,76.19999694824219,1221600
GD,2010-04-09,53.326934814453125,77.54000091552734,77.58000183105469,76.68000030517578,77.08000183105469,1094000
GD,2010-04-12,53.161869049072266,77.30000305175781,78.18000030517578,77.13999938964844,77.54000091552734,1061600
GD,2010-04-13,52.852386474609375,76.8499984741211,77.3499984741211,76.06999969482422,77.3499984741211,1858000
GD,2010-04-14,52.756103515625,76.70999908447266,76.97000122070312,76.30000305175781,76.87000274658203,2395100
GD,2010-04-15,52.58417510986328,76.45999908447266,77.05999755859375,76.19000244140625,76.43000030517578,2439500
GD,2010-04-16,52.29533767700195,76.04000091552734,76.94999694824219,75.52999877929688,76.22000122070312,2426200
GD,2010-04-19,52.364112854003906,76.13999938964844,76.31999969482422,75.61000061035156,75.94000244140625,1927400
GD,2010-04-20,52.914268493652344,76.94000244140625,77.05999755859375,76.19000244140625,76.33999633789062,1704700
GD,2010-04-21,53.67766189575195,78.05000305175781,78.23999786376953,76.75,77.0199966430664,2041300
GD,2010-04-22,53.7877082824707,78.20999908447266,78.30000305175781,76.5999984741211,77.55999755859375,2048200
GD,2010-04-23,54.05592727661133,78.5999984741211,78.63999938964844,77.56999969482422,78.27999877929688,1803500
GD,2010-04-26,54.104061126708984,78.66999816894531,79.0,78.26000213623047,78.37999725341797,1629600
GD,2010-04-27,52.652950286865234,76.55999755859375,78.69999694824219,76.5199966430664,78.5,2750300
GD,2010-04-28,52.941802978515625,76.9800033569336,77.3499984741211,75.94999694824219,76.72000122070312,2124400
GD,2010-04-29,53.61577224731445,77.95999908447266,78.0999984741211,76.58000183105469,77.55000305175781,1523000
GD,2010-04-30,52.51540756225586,76.36000061035156,78.33000183105469,76.33000183105469,78.12000274658203,1563400
GD,2010-05-03,53.33381271362305,77.55000305175781,77.58000183105469,76.36000061035156,76.83000183105469,1365300
GD,2010-05-04,51.77265167236328,75.27999877929688,76.80999755859375,74.72000122070312,76.80999755859375,1830300
GD,2010-05-05,51.552589416503906,74.95999908447266,75.61000061035156,74.31999969482422,74.6500015258789,1602700
GD,2010-05-06,49.55813980102539,72.05999755859375,75.2300033569336,64.58000183105469,74.5199966430664,3256400
GD,2010-05-07,48.48528289794922,70.5,72.0999984741211,69.45999908447266,72.0999984741211,4081500
GD,2010-05-10,50.2802734375,73.11000061035156,74.25,71.43000030517578,73.0,3488500
GD,2010-05-11,49.963905334472656,72.6500015258789,73.54000091552734,72.12999725341797,72.68000030517578,2276600
GD,2010-05-12,50.95425033569336,74.08999633789062,74.47000122070312,72.77999877929688,72.97000122070312,1418700
GD,2010-05-13,50.17709732055664,72.95999908447266,74.38999938964844,72.87999725341797,74.02999877929688,1319900
GD,2010-05-14,49.31743240356445,71.70999908447266,72.66999816894531,70.9000015258789,72.30000305175781,1824000
GD,2010-05-17,49.358699798583984,71.7699966430664,72.31999969482422,70.33999633789062,72.04000091552734,1646100
GD,2010-05-18,48.5196647644043,70.55000305175781,72.33999633789062,70.44000244140625,71.80999755859375,1556400
GD,2010-05-19,47.921348571777344,69.68000030517578,70.3499984741211,68.55000305175781,70.13999938964844,1979100
GD,2010-05-20,45.596797943115234,66.30000305175781,68.26000213623047,66.30000305175781,68.22000122070312,2909700
GD,2010-05-21,46.3876953125,67.44999694824219,67.68000030517578,64.9000015258789,65.38999938964844,2487200
GD,2010-05-24,45.36296463012695,65.95999908447266,67.27999877929688,65.87999725341797,67.27999877929688,2056800
GD,2010-05-25,45.417999267578125,66.04000091552734,66.16000366210938,64.0,64.05999755859375,2136200
GD,2010-05-26,45.65180587768555,66.37999725341797,67.44999694824219,66.18000030517578,66.5199966430664,2165000
GD,2010-05-27,47.09605026245117,68.4800033569336,68.4800033569336,67.16999816894531,67.19999694824219,1560900
GD,2010-05-28,46.697166442871094,67.9000015258789,68.69000244140625,67.5199966430664,68.48999786376953,1991500
GD,2010-06-01,45.89939498901367,66.73999786376953,68.41999816894531,66.7300033569336,67.0,1745100
GD,2010-06-02,46.71092224121094,67.91999816894531,67.98999786376953,65.94999694824219,67.16999816894531,2028700
GD,2010-06-03,46.8140983581543,68.06999969482422,69.0999984741211,67.6500015258789,68.19999694824219,2219600
GD,2010-06-04,44.8265266418457,65.18000030517578,67.05999755859375,64.94999694824219,67.05999755859375,2969000
GD,2010-06-07,42.69456481933594,62.08000183105469,65.31999969482422,61.970001220703125,65.31999969482422,5017400
GD,2010-06-08,43.08657455444336,62.650001525878906,62.93000030517578,61.790000915527344,62.099998474121094,4364500
GD,2010-06-09,43.0178108215332,62.54999923706055,63.84000015258789,62.33000183105469,62.790000915527344,1994100
GD,2010-06-10,44.06315231323242,64.06999969482422,64.23999786376953,63.2400016784668,63.29999923706055,2472800
GD,2010-06-11,44.413902282714844,64.58000183105469,64.69999694824219,62.95000076293945,63.40999984741211,1782400
GD,2010-06-14,44.228206634521484,64.30999755859375,65.41000366210938,64.1500015258789,65.12999725341797,1728900
GD,2010-06-15,45.81687545776367,66.62000274658203,66.66999816894531,64.6500015258789,64.88999938964844,1950900
GD,2010-06-16,45.58992385864258,66.29000091552734,66.61000061035156,65.87000274658203,66.0999984741211,1551800
GD,2010-06-17,45.603675842285156,66.30999755859375,66.55000305175781,65.44000244140625,66.22000122070312,1770700
GD,2010-06-18,46.00944519042969,66.9000015258789,67.08999633789062,66.41999816894531,66.41999816894531,3334200
GD,2010-06-21,45.926902770996094,66.77999877929688,68.08000183105469,66.44999694824219,67.9800033569336,2187700
GD,2010-06-22,45.01223373413086,65.44999694824219,67.3499984741211,65.30999755859375,67.11000061035156,1825900
GD,2010-06-23,44.627098083496094,64.88999938964844,65.62999725341797,64.01000213623047,65.55000305175781,2771700
GD,2010-06-24,43.49921417236328,63.25,65.0999984741211,63.13999938964844,64.66999816894531,2864700
GD,2010-06-25,43.478572845458984,63.220001220703125,63.68000030517578,62.310001373291016,63.349998474121094,3015700
GD,2010-06-28,42.818355560302734,62.2599983215332,63.41999816894531,62.15999984741211,63.41999816894531,2861600
GD,2010-06-29,40.872066497802734,59.43000030517578,61.56999969482422,59.20000076293945,61.33000183105469,4487800
GD,2010-06-30,40.56037902832031,58.560001373291016,59.689998626708984,58.470001220703125,58.91999816894531,3261300
GD,2010-07-01,40.518829345703125,58.5,58.84000015258789,57.68000030517578,58.61000061035156,2983600
GD,2010-07-02,40.657352447509766,58.70000076293945,59.25,58.29999923706055,58.790000915527344,2281100
GD,2010-07-06,40.61579895019531,58.63999938964844,59.709999084472656,58.119998931884766,59.08000183105469,2539700
GD,2010-07-07,41.710140228271484,60.220001220703125,60.27000045776367,58.58000183105469,58.869998931884766,3237600
GD,2010-07-08,42.2296028137207,60.970001220703125,61.08000183105469,60.310001373291016,60.58000183105469,1790500
GD,2010-07-09,42.139564514160156,60.84000015258789,60.86000061035156,60.0,60.779998779296875,1299300
GD,2010-07-12,41.46773910522461,59.869998931884766,60.43000030517578,59.52000045776367,60.34000015258789,1869200
GD,2010-07-13,41.945640563964844,60.560001373291016,60.83000183105469,60.06999969482422,60.41999816894531,1946100
GD,2010-07-14,42.67289352416992,61.61000061035156,61.61000061035156,60.15999984741211,60.2599983215332,2813900
GD,2010-07-15,42.575923919677734,61.470001220703125,61.83000183105469,60.45000076293945,61.599998474121094,2131100
GD,2010-07-16,40.795867919921875,58.900001525878906,61.290000915527344,58.75,60.970001220703125,2316800
GD,2010-07-19,40.588077545166016,58.599998474121094,59.040000915527344,58.20000076293945,58.84000015258789,2013400
GD,2010-07-20,41.010589599609375,59.209999084472656,59.220001220703125,56.93000030517578,57.90999984741211,3230100
GD,2010-07-21,41.0590705871582,59.279998779296875,60.439998626708984,59.0,59.529998779296875,2485900
GD,2010-07-22,42.27117156982422,61.029998779296875,61.400001525878906,59.900001525878906,59.900001525878906,1922800
GD,2010-07-23,42.45124816894531,61.290000915527344,61.869998931884766,60.47999954223633,60.97999954223633,2056600
GD,2010-07-26,43.28241729736328,62.4900016784668,63.08000183105469,61.290000915527344,61.310001373291016,1486700
GD,2010-07-27,42.78371047973633,61.77000045776367,62.7400016784668,61.70000076293945,62.56999969482422,1821900
GD,2010-07-28,42.80450439453125,61.79999923706055,62.56999969482422,61.220001220703125,61.52000045776367,2405600
GD,2010-07-29,42.75601577758789,61.72999954223633,62.689998626708984,61.029998779296875,62.29999923706055,1852100
GD,2010-07-30,42.42353820800781,61.25,61.52000045776367,60.58000183105469,60.9900016784668,2805900
GD,2010-08-02,43.573326110839844,62.90999984741211,63.150001525878906,61.7400016784668,62.060001373291016,2149800
GD,2010-08-03,43.40708541870117,62.66999816894531,63.20000076293945,62.439998626708984,62.61000061035156,1561400
GD,2010-08-04,43.87114715576172,63.34000015258789,63.459999084472656,62.720001220703125,62.93000030517578,1584500
GD,2010-08-05,44.16897201538086,63.77000045776367,63.790000915527344,62.88999938964844,63.06999969482422,1617000
GD,2010-08-06,44.1759033203125,63.779998779296875,64.0199966430664,62.970001220703125,63.279998779296875,2403300
GD,2010-08-09,44.54991912841797,64.31999969482422,64.4000015258789,63.869998931884766,64.05000305175781,1192700
GD,2010-08-10,44.3906364440918,64.08999633789062,64.44000244140625,63.09000015258789,63.630001068115234,2083600
GD,2010-08-11,42.47202682495117,61.31999969482422,63.18000030517578,61.02000045776367,63.16999816894531,2317600
GD,2010-08-12,42.056453704833984,60.720001220703125,61.02000045776367,60.209999084472656,60.279998779296875,2083400
GD,2010-08-13,42.02181625366211,60.66999816894531,61.15999984741211,60.400001525878906,60.52000045776367,1895100
GD,2010-08-16,41.84868240356445,60.41999816894531,60.70000076293945,59.75,60.27000045776367,1551100
GD,2010-08-17,43.17851257324219,62.34000015258789,62.790000915527344,61.029998779296875,61.099998474121094,2721300
GD,2010-08-18,43.28241729736328,62.4900016784668,62.66999816894531,62.0,62.54999923706055,1825200
GD,2010-08-19,41.987186431884766,60.619998931884766,62.349998474121094,60.38999938964844,62.310001373291016,2418900
GD,2010-08-20,41.71707534790039,60.22999954223633,60.5099983215332,59.709999084472656,60.16999816894531,2368000
GD,2010-08-23,41.093711853027344,59.33000183105469,60.36000061035156,59.2400016784668,60.13999938964844,1987600
GD,2010-08-24,40.082462310791016,57.869998931884766,58.790000915527344,57.619998931884766,58.45000076293945,2138400
GD,2010-08-25,39.47296142578125,56.9900016784668,57.709999084472656,56.27000045776367,57.5099983215332,4329000
GD,2010-08-26,39.36212921142578,56.83000183105469,57.720001220703125,56.650001525878906,57.150001525878906,2066100
GD,2010-08-27,39.736148834228516,57.369998931884766,57.40999984741211,55.459999084472656,56.59000015258789,2812500
GD,2010-08-30,39.182044982910156,56.56999969482422,57.529998779296875,56.52000045776367,57.130001068115234,2045800
GD,2010-08-31,38.69721221923828,55.869998931884766,56.43000030517578,55.68000030517578,56.2599983215332,2418800
GD,2010-09-01,40.0201301574707,57.779998779296875,58.0,56.22999954223633,56.70000076293945,1940100
GD,2010-09-02,40.83051300048828,58.95000076293945,58.959999084472656,57.810001373291016,58.13999938964844,2034900
GD,2010-09-03,41.36383056640625,59.720001220703125,59.9900016784668,59.25,59.540000915527344,1639300
GD,2010-09-07,40.51189041137695,58.4900016784668,59.29999923706055,57.720001220703125,59.2400016784668,2226000
GD,2010-09-08,41.20452880859375,59.4900016784668,59.849998474121094,58.59000015258789,58.79999923706055,2807400
GD,2010-09-09,41.43308639526367,59.81999969482422,60.41999816894531,59.2599983215332,60.0,1839700
GD,2010-09-10,42.340423583984375,61.130001068115234,61.25,59.849998474121094,60.11000061035156,2462300
GD,2010-09-13,43.06768798828125,62.18000030517578,62.880001068115234,61.7599983215332,61.7599983215332,2813200
GD,2010-09-14,42.569007873535156,61.459999084472656,62.06999969482422,61.150001525878906,61.939998626708984,2156100
GD,2010-09-15,42.43739318847656,61.27000045776367,61.29999923706055,60.529998779296875,61.02000045776367,2314000
GD,2010-09-16,42.46510696411133,61.310001373291016,61.369998931884766,60.869998931884766,61.16999816894531,1887000
GD,2010-09-17,43.42093276977539,62.689998626708984,62.810001373291016,61.439998626708984,61.52000045776367,3122300
GD,2010-09-20,44.0720100402832,63.630001068115234,63.72999954223633,62.349998474121094,63.11000061035156,1824500
GD,2010-09-21,44.05815887451172,63.61000061035156,64.20999908447266,63.25,63.61000061035156,1347600
GD,2010-09-22,43.54560089111328,62.869998931884766,63.91999816894531,62.58000183105469,63.630001068115234,1642900
GD,2010-09-23,42.929161071777344,61.97999954223633,62.849998474121094,61.86000061035156,62.34000015258789,1484800
GD,2010-09-24,44.10663986206055,63.68000030517578,63.75,62.54999923706055,62.54999923706055,1270400
GD,2010-09-27,43.7256965637207,63.130001068115234,63.959999084472656,63.02000045776367,63.83000183105469,1288500
GD,2010-09-28,43.822654724121094,63.27000045776367,63.349998474121094,62.22999954223633,63.25,2395700
GD,2010-09-29,43.677207946777344,63.060001373291016,63.189998626708984,62.349998474121094,62.970001220703125,2165700
GD,2010-09-30,43.50405502319336,62.810001373291016,64.5999984741211,62.619998931884766,63.4900016784668,2454000
GD,2010-10-01,43.26163864135742,62.459999084472656,63.43000030517578,62.380001068115234,63.33000183105469,1756900
GD,2010-10-04,42.769859313964844,61.75,62.72999954223633,61.5099983215332,62.41999816894531,1935500
GD,2010-10-05,43.91962814331055,63.40999984741211,63.47999954223633,61.88999938964844,62.38999938964844,2735600
GD,2010-10-06,44.37283706665039,63.63999938964844,63.77000045776367,63.02000045776367,63.13999938964844,2134800
GD,2010-10-07,44.01724624633789,63.130001068115234,64.02999877929688,62.79999923706055,63.810001373291016,1519500
GD,2010-10-08,44.18459701538086,63.369998931884766,63.650001525878906,62.689998626708984,63.13999938964844,1454000
GD,2010-10-11,44.01724624633789,63.130001068115234,63.529998779296875,62.9900016784668,63.47999954223633,790100
GD,2010-10-12,44.18459701538086,63.369998931884766,63.56999969482422,62.130001068115234,62.970001220703125,1415800
GD,2010-10-13,44.66569519042969,64.05999755859375,64.5199966430664,63.58000183105469,63.58000183105469,1554200
GD,2010-10-14,44.04513931274414,63.16999816894531,64.19999694824219,62.91999816894531,64.12000274658203,1760200
GD,2010-10-15,44.575042724609375,63.93000030517578,64.05000305175781,62.900001525878906,63.5,2961800
GD,2010-10-18,44.8818359375,64.37000274658203,64.4800033569336,63.54999923706055,63.939998626708984,1271700
GD,2010-10-19,43.89871597290039,62.959999084472656,63.66999816894531,62.16999816894531,63.45000076293945,2166700
GD,2010-10-20,44.50532150268555,63.83000183105469,64.3499984741211,63.22999954223633,63.2599983215332,1795000
GD,2010-10-21,45.00733947753906,64.55000305175781,65.16000366210938,64.16999816894531,64.16999816894531,1741500
GD,2010-10-22,44.97246551513672,64.5,64.7300033569336,64.04000091552734,64.54000091552734,1218900
GD,2010-10-25,44.66569519042969,64.05999755859375,65.12999725341797,63.9900016784668,65.11000061035156,1762900
GD,2010-10-26,44.686614990234375,64.08999633789062,64.43000030517578,63.43000030517578,63.83000183105469,2025500
GD,2010-10-27,45.61394119262695,65.41999816894531,65.52999877929688,63.47999954223633,64.23999786376953,3872300
GD,2010-10-28,47.25943374633789,67.77999877929688,67.87999725341797,66.0199966430664,66.31999969482422,5072000
GD,2010-10-29,47.496517181396484,68.12000274658203,68.12999725341797,67.29000091552734,67.38999938964844,3459400
GD,2010-11-01,47.31523895263672,67.86000061035156,68.8499984741211,67.30999755859375,68.33000183105469,1852400
GD,2010-11-02,47.405879974365234,67.98999786376953,69.0999984741211,67.9800033569336,68.54000091552734,2069700
GD,2010-11-03,47.37799835205078,67.94999694824219,68.7699966430664,67.2699966430664,68.20999908447266,2405600
GD,2010-11-04,48.228633880615234,69.16999816894531,69.30000305175781,68.25,68.80999755859375,2283900
GD,2010-11-05,48.57027053833008,69.66000366210938,69.97000122070312,68.9000015258789,69.0999984741211,1778300
GD,2010-11-08,48.38898468017578,69.4000015258789,69.80000305175781,68.95999908447266,69.13999938964844,1342900
GD,2010-11-09,48.24954605102539,69.19999694824219,69.61000061035156,68.9000015258789,69.52999877929688,1714000
GD,2010-11-10,47.559261322021484,68.20999908447266,69.0999984741211,67.9800033569336,69.05999755859375,1632100
GD,2010-11-11,47.00843048095703,67.41999816894531,68.0,67.08000183105469,67.72000122070312,1976300
GD,2010-11-12,46.366973876953125,66.5,67.18000030517578,66.25,67.05999755859375,1752400
GD,2010-11-15,46.40184783935547,66.55000305175781,67.19000244140625,66.22000122070312,66.58999633789062,1278200
GD,2010-11-16,45.69760513305664,65.54000091552734,66.37999725341797,65.08000183105469,66.04000091552734,2031300
GD,2010-11-17,45.593017578125,65.38999938964844,65.7300033569336,64.83000183105469,65.58999633789062,1722100
GD,2010-11-18,46.75045394897461,67.05000305175781,67.05999755859375,65.44000244140625,65.91999816894531,2321900
GD,2010-11-19,46.43667984008789,66.5999984741211,67.22000122070312,66.23999786376953,67.08999633789062,1654900
GD,2010-11-22,46.19961166381836,66.26000213623047,66.5999984741211,65.56999969482422,66.30000305175781,1482000
GD,2010-11-23,46.35303497314453,66.4800033569336,66.62000274658203,65.4800033569336,65.62999725341797,1896600
GD,2010-11-24,47.42678451538086,68.0199966430664,68.47000122070312,66.77999877929688,66.77999877929688,1924100
GD,2010-11-26,46.79927444458008,67.12000274658203,67.69999694824219,66.83999633789062,67.4000015258789,555800
GD,2010-11-29,46.23448944091797,66.30999755859375,66.5199966430664,65.05000305175781,66.51000213623047,2452500
GD,2010-11-30,46.081085205078125,66.08999633789062,66.58999633789062,65.44000244140625,65.81999969482422,2141900
GD,2010-12-01,47.147891998291016,67.62000274658203,67.80999755859375,67.02999877929688,67.02999877929688,1712900
GD,2010-12-02,47.27340316772461,67.80000305175781,68.4000015258789,67.37999725341797,67.8499984741211,2093800
GD,2010-12-03,47.12000274658203,67.58000183105469,67.87000274658203,67.27999877929688,67.55999755859375,1844400
GD,2010-12-06,47.15485382080078,67.62999725341797,67.80000305175781,66.95999908447266,67.58999633789062,1998400
GD,2010-12-07,47.921844482421875,68.7300033569336,69.12999725341797,68.12999725341797,68.33000183105469,2380900
GD,2010-12-08,47.740543365478516,68.47000122070312,68.7699966430664,67.91999816894531,68.72000122070312,1532700
GD,2010-12-09,48.03340148925781,68.88999938964844,69.18000030517578,67.95999908447266,68.91000366210938,2334000
GD,2010-12-10,48.500545501708984,69.55999755859375,69.7300033569336,68.77999877929688,68.91000366210938,1982900
GD,2010-12-13,48.38898468017578,69.4000015258789,69.83999633789062,68.52999877929688,69.70999908447266,2564000
GD,2010-12-14,48.79340362548828,69.9800033569336,70.38999938964844,69.18000030517578,69.18000030517578,2731000
GD,2010-12-15,48.3541145324707,69.3499984741211,69.9800033569336,69.26000213623047,69.69999694824219,1685800
GD,2010-12-16,49.10016632080078,70.41999816894531,70.48999786376953,69.30999755859375,69.76000213623047,1685600
GD,2010-12-17,49.0025520324707,70.27999877929688,70.5,69.7300033569336,70.31999969482422,2935600
GD,2010-12-20,48.814327239990234,70.01000213623047,70.47000122070312,69.62999725341797,70.38999938964844,1714700
GD,2010-12-21,48.9398193359375,70.19000244140625,70.72000122070312,70.01000213623047,70.18000030517578,1255900
GD,2010-12-22,49.1768798828125,70.52999877929688,70.52999877929688,70.0999984741211,70.51000213623047,915700
GD,2010-12-23,49.51852798461914,71.0199966430664,71.33999633789062,70.30999755859375,70.37000274658203,1226000
GD,2010-12-27,49.574317932128906,71.0999984741211,71.33000183105469,70.5199966430664,70.83000183105469,1074900
GD,2010-12-28,49.51852798461914,71.0199966430664,71.23999786376953,70.44000244140625,71.11000061035156,1305800
GD,2010-12-29,49.386077880859375,70.83000183105469,71.44000244140625,70.7699966430664,71.11000061035156,1397600
GD,2010-12-30,49.34421920776367,70.7699966430664,71.11000061035156,70.31999969482422,70.54000091552734,1385400
GD,2010-12-31,49.4766960144043,70.95999908447266,71.33000183105469,70.23999786376953,70.5999984741211,1454900
GD,2011-01-03,48.786415100097656,69.97000122070312,70.56999969482422,69.87000274658203,70.26000213623047,2769300
GD,2011-01-04,49.009544372558594,70.29000091552734,70.41999816894531,69.44999694824219,70.2300033569336,2362800
GD,2011-01-05,49.2326545715332,70.61000061035156,70.81999969482422,69.83999633789062,69.95999908447266,2379900
GD,2011-01-06,49.77651596069336,71.38999938964844,71.98999786376953,70.19999694824219,70.44000244140625,2030800
GD,2011-01-07,50.20880889892578,72.01000213623047,72.30000305175781,71.4000015258789,71.73999786376953,3318200
GD,2011-01-10,49.630069732666016,71.18000030517578,71.75,70.86000061035156,71.75,1910000
GD,2011-01-11,49.67890167236328,71.25,71.77999877929688,71.0199966430664,71.44999694824219,1902600
GD,2011-01-12,49.910343170166016,71.16000366210938,71.9000015258789,71.05999755859375,71.5199966430664,1187700
GD,2011-01-13,50.3452033996582,71.77999877929688,72.1500015258789,71.44000244140625,71.8499984741211,2041300
GD,2011-01-14,50.625770568847656,72.18000030517578,72.27999877929688,71.22000122070312,71.66999816894531,1529000
GD,2011-01-18,51.011531829833984,72.7300033569336,73.04000091552734,71.61000061035156,72.37999725341797,3287800
GD,2011-01-19,50.969425201416016,72.66999816894531,72.66999816894531,71.86000061035156,72.16000366210938,2221100
GD,2011-01-20,51.516517639160156,73.44999694824219,73.47000122070312,72.47000122070312,72.48999786376953,2407700
GD,2011-01-21,51.179847717285156,72.97000122070312,73.86000061035156,72.87999725341797,73.69999694824219,1884600
GD,2011-01-24,51.01856231689453,72.73999786376953,73.08999633789062,72.2699966430664,72.45999908447266,1570400
GD,2011-01-25,52.02151870727539,74.16999816894531,74.27999877929688,72.58000183105469,72.68000030517578,2882000
GD,2011-01-26,52.35116958618164,74.63999938964844,75.19000244140625,72.91999816894531,74.19999694824219,3572900
GD,2011-01-27,53.44533157348633,76.19999694824219,76.5,74.5999984741211,74.5999984741211,3116400
GD,2011-01-28,51.993465423583984,74.12999725341797,76.19999694824219,73.8499984741211,76.05000305175781,2331000
GD,2011-01-31,52.88420486450195,75.4000015258789,75.41000366210938,74.16000366210938,74.25,2152400
GD,2011-02-01,53.326080322265625,76.02999877929688,76.12999725341797,75.05999755859375,75.48999786376953,1233900
GD,2011-02-02,53.361148834228516,76.08000183105469,76.75,75.7699966430664,75.83000183105469,1664900
GD,2011-02-03,53.066585540771484,75.66000366210938,76.44000244140625,75.31999969482422,76.44000244140625,1438500
GD,2011-02-04,53.038516998291016,75.62000274658203,75.9800033569336,75.29000091552734,75.86000061035156,1319900
GD,2011-02-07,53.6136474609375,76.44000244140625,76.48999786376953,75.72000122070312,75.93000030517578,1409500
GD,2011-02-08,54.60258102416992,77.8499984741211,77.95999908447266,76.63999938964844,77.04000091552734,1981000
GD,2011-02-09,54.63768005371094,77.9000015258789,78.20999908447266,77.18000030517578,77.58000183105469,1711600
GD,2011-02-10,54.18879318237305,77.26000213623047,77.9000015258789,77.05000305175781,77.88999938964844,2082900
GD,2011-02-11,54.32204818725586,77.44999694824219,77.72000122070312,76.58999633789062,77.08000183105469,1332100
GD,2011-02-14,53.915252685546875,76.87000274658203,77.6500015258789,76.5,77.58999633789062,1329800
GD,2011-02-15,54.44127655029297,77.62000274658203,77.72000122070312,76.08000183105469,76.41000366210938,1864500
GD,2011-02-16,54.04150390625,77.05000305175781,77.80000305175781,76.22000122070312,77.69999694824219,1458400
GD,2011-02-17,54.21683883666992,77.30000305175781,77.51000213623047,76.56999969482422,76.7699966430664,962300
GD,2011-02-18,54.78496551513672,78.11000061035156,78.2699966430664,77.69000244140625,77.8499984741211,1971300
GD,2011-02-22,53.45933532714844,76.22000122070312,77.33999633789062,75.94999694824219,77.30000305175781,1371300
GD,2011-02-23,52.919273376464844,75.44999694824219,76.7300033569336,74.88999938964844,76.04000091552734,1683900
GD,2011-02-24,53.382205963134766,76.11000061035156,76.44999694824219,75.12999725341797,75.54000091552734,1606600
GD,2011-02-25,53.262962341308594,75.94000244140625,76.80000305175781,75.55999755859375,76.29000091552734,1320000
GD,2011-02-28,53.38920974731445,76.12000274658203,76.79000091552734,75.93000030517578,76.2699966430664,2031200
GD,2011-03-01,52.652774810791016,75.06999969482422,76.87000274658203,74.9000015258789,76.3499984741211,1779500
GD,2011-03-02,52.68082046508789,75.11000061035156,75.44000244140625,74.18000030517578,74.73999786376953,1825200
GD,2011-03-03,54.46934127807617,77.66000366210938,78.12000274658203,75.86000061035156,75.86000061035156,2069300
GD,2011-03-04,53.52948760986328,76.31999969482422,76.5999984741211,74.87999725341797,76.12999725341797,3654400
GD,2011-03-07,52.919273376464844,75.44999694824219,77.0,75.06999969482422,76.41999816894531,1941300
GD,2011-03-08,53.69781494140625,76.55999755859375,76.87999725341797,75.4800033569336,75.54000091552734,1479600
GD,2011-03-09,53.992393493652344,76.9800033569336,77.01000213623047,75.80999755859375,76.31999969482422,1529800
GD,2011-03-10,52.849151611328125,75.3499984741211,76.29000091552734,75.16000366210938,76.16000366210938,1478000
GD,2011-03-11,53.39622116088867,76.12999725341797,76.66000366210938,74.37000274658203,75.55000305175781,1899900
GD,2011-03-14,52.94033432006836,75.4800033569336,75.93000030517578,74.6500015258789,75.43000030517578,1372500
GD,2011-03-15,52.48442459106445,74.83000183105469,75.27999877929688,73.30999755859375,73.51000213623047,2311400
GD,2011-03-16,51.7269401550293,73.75,74.83000183105469,73.22000122070312,74.7699966430664,3142400
GD,2011-03-17,51.87422180175781,73.95999908447266,75.38999938964844,73.56999969482422,75.0,2936100
GD,2011-03-18,52.168800354003906,74.37999725341797,75.27999877929688,73.73999786376953,75.1500015258789,4492100
GD,2011-03-21,53.101627349853516,75.70999908447266,76.44000244140625,74.95999908447266,75.02999877929688,1397800
GD,2011-03-22,53.33310317993164,76.04000091552734,76.27999877929688,75.66999816894531,75.83000183105469,1375100
GD,2011-03-23,53.466346740722656,76.2300033569336,76.62000274658203,75.63999938964844,76.02999877929688,1185900
GD,2011-03-24,53.90120315551758,76.8499984741211,76.9800033569336,76.01000213623047,76.55999755859375,1006600
GD,2011-03-25,53.662742614746094,76.51000213623047,77.13999938964844,76.33999633789062,76.93000030517578,1166500
GD,2011-03-28,53.255943298339844,75.93000030517578,76.73999786376953,75.72000122070312,76.58999633789062,1570100
GD,2011-03-29,53.49441146850586,76.2699966430664,76.5,75.55999755859375,75.91000366210938,1270900
GD,2011-03-30,53.30503463745117,76.0,76.70999908447266,75.5199966430664,76.70999908447266,1876700
GD,2011-03-31,53.69781494140625,76.55999755859375,76.98999786376953,75.69999694824219,75.83000183105469,1646100
GD,2011-04-01,54.30101776123047,77.41999816894531,78.0,76.7300033569336,76.83000183105469,1700300
GD,2011-04-04,51.460418701171875,73.37000274658203,74.69999694824219,72.12000274658203,74.69999694824219,11382300
GD,2011-04-05,52.3231201171875,74.5999984741211,74.88999938964844,73.0199966430664,73.25,3090000
GD,2011-04-06,52.753662109375,74.73999786376953,74.87999725341797,74.0999984741211,74.68000030517578,2022400
GD,2011-04-07,52.90189743041992,74.94999694824219,75.19999694824219,74.2699966430664,74.66000366210938,1703500
GD,2011-04-08,52.59132385253906,74.51000213623047,75.37000274658203,74.2699966430664,75.23999786376953,1660000
GD,2011-04-11,52.054901123046875,73.75,74.76000213623047,73.55999755859375,74.44000244140625,2040800
GD,2011-04-12,51.46906661987305,72.91999816894531,73.58999633789062,72.62999725341797,73.47000122070312,1756400
GD,2011-04-13,50.685577392578125,71.80999755859375,73.44000244140625,70.9800033569336,73.31999969482422,2997300
GD,2011-04-14,50.43854522705078,71.45999908447266,71.80000305175781,70.93000030517578,71.44000244140625,2316100
GD,2011-04-15,50.73497772216797,71.87999725341797,72.37999725341797,71.13999938964844,71.80999755859375,1994400
GD,2011-04-18,49.96564483642578,70.79000091552734,71.19000244140625,70.47000122070312,71.01000213623047,2118100
GD,2011-04-19,50.15620803833008,71.05999755859375,71.43000030517578,70.8499984741211,71.0,1443000
GD,2011-04-20,51.08085250854492,72.37000274658203,72.7300033569336,71.27999877929688,71.83000183105469,1424000
GD,2011-04-21,50.996158599853516,72.25,72.86000061035156,72.1500015258789,72.86000061035156,1058800
GD,2011-04-25,50.91850662231445,72.13999938964844,72.51000213623047,71.94999694824219,72.3499984741211,944700
GD,2011-04-26,51.271419525146484,72.63999938964844,73.1500015258789,72.25,72.55999755859375,1800000
GD,2011-04-27,51.327880859375,72.72000122070312,73.63999938964844,72.26000213623047,72.91999816894531,1669200
GD,2011-04-28,50.50204849243164,71.55000305175781,72.55000305175781,70.54000091552734,72.41999816894531,3576700
GD,2011-04-29,51.39848327636719,72.81999969482422,72.94999694824219,71.7300033569336,71.76000213623047,2066900
GD,2011-05-02,51.94194030761719,73.58999633789062,74.25,73.05999755859375,73.1500015258789,2571000
GD,2011-05-03,52.450172424316406,74.30999755859375,74.44999694824219,73.16999816894531,73.41999816894531,1884600
GD,2011-05-04,52.02666473388672,73.70999908447266,74.86000061035156,73.63999938964844,74.4000015258789,2645600
GD,2011-05-05,52.0125617980957,73.69000244140625,74.58999633789062,73.04000091552734,73.36000061035156,2601600
GD,2011-05-06,52.54193115234375,74.44000244140625,74.80000305175781,73.93000030517578,74.51000213623047,2408900
GD,2011-05-09,52.63367462158203,74.56999969482422,75.06999969482422,74.05999755859375,74.33000183105469,1381300
GD,2011-05-10,52.577213287353516,74.48999786376953,74.80000305175781,73.77999877929688,74.16999816894531,1966500
GD,2011-05-11,52.753662109375,74.73999786376953,74.97000122070312,74.16000366210938,74.31999969482422,1579000
GD,2011-05-12,52.80308151245117,74.80999755859375,75.29000091552734,74.33000183105469,74.61000061035156,1155200
GD,2011-05-13,52.49251937866211,74.37000274658203,74.98999786376953,73.7300033569336,74.73999786376953,1879600
GD,2011-05-16,52.4007568359375,74.23999786376953,74.62999725341797,73.66000366210938,74.22000122070312,1388300
GD,2011-05-17,51.878440856933594,73.5,74.33999633789062,72.86000061035156,73.9800033569336,1586500
GD,2011-05-18,52.231361389160156,74.0,74.30000305175781,73.2699966430664,73.73999786376953,1403900
GD,2011-05-19,52.14665222167969,73.87999725341797,74.9800033569336,73.76000213623047,74.52999877929688,2009300
GD,2011-05-20,51.546688079833984,73.02999877929688,73.88999938964844,72.86000061035156,73.80000305175781,1833400
GD,2011-05-23,50.389129638671875,71.38999938964844,72.7699966430664,71.37999725341797,72.22000122070312,2498000
GD,2011-05-24,50.07855987548828,70.94999694824219,71.95999908447266,70.80000305175781,71.54000091552734,2774700
GD,2011-05-25,49.78212356567383,70.52999877929688,70.80000305175781,70.16999816894531,70.80000305175781,2721300
GD,2011-05-26,49.5492057800293,70.19999694824219,70.61000061035156,69.83000183105469,70.29000091552734,2005500
GD,2011-05-27,50.29736328125,71.26000213623047,71.54000091552734,70.45999908447266,70.52999877929688,2903000
GD,2011-05-31,52.38664627075195,74.22000122070312,74.68000030517578,72.7699966430664,73.19000244140625,5001600
GD,2011-06-01,50.67852783203125,71.80000305175781,74.13999938964844,71.79000091552734,73.83000183105469,2946500
GD,2011-06-02,50.41031265258789,71.41999816894531,72.5,71.3499984741211,71.97000122070312,2423400
GD,2011-06-03,49.8315315246582,70.5999984741211,70.86000061035156,70.04000091552734,70.52999877929688,2751300
GD,2011-06-06,49.902103424072266,70.69999694824219,71.11000061035156,70.31999969482422,70.41000366210938,2139900
GD,2011-06-07,49.87387466430664,70.66000366210938,71.1500015258789,70.58999633789062,71.05000305175781,2269800
GD,2011-06-08,49.69036102294922,70.4000015258789,70.8499984741211,70.04000091552734,70.62999725341797,2010400
GD,2011-06-09,49.75389862060547,70.48999786376953,70.94000244140625,70.05999755859375,70.68000030517578,1547100
GD,2011-06-10,48.963356018066406,69.37000274658203,70.63999938964844,69.19999694824219,70.16999816894531,2812100
GD,2011-06-13,49.1539192199707,69.63999938964844,69.87999725341797,69.2300033569336,69.69000244140625,1929700
GD,2011-06-14,49.71859359741211,70.44000244140625,70.81999969482422,70.30000305175781,70.33000183105469,1634300
GD,2011-06-15,50.007991790771484,70.8499984741211,71.06999969482422,69.94999694824219,69.9800033569336,3247600
GD,2011-06-16,50.31147766113281,71.27999877929688,72.05000305175781,70.8499984741211,71.08000183105469,1771800
GD,2011-06-17,50.58676528930664,71.66999816894531,72.55000305175781,71.4800033569336,71.87999725341797,1672700
GD,2011-06-20,51.363182067871094,72.7699966430664,72.87999725341797,71.22000122070312,71.2699966430664,1744000
GD,2011-06-21,51.807861328125,73.4000015258789,73.73999786376953,73.0199966430664,73.0199966430664,1627800
GD,2011-06-22,51.779624938964844,73.36000061035156,74.05000305175781,73.01000213623047,73.08000183105469,1842600
GD,2011-06-23,51.45494842529297,72.9000015258789,73.0,72.0,72.45999908447266,2211500
GD,2011-06-24,51.02437973022461,72.29000091552734,73.19999694824219,72.05999755859375,72.87999725341797,2355400
GD,2011-06-27,51.70904541015625,73.26000213623047,73.4800033569336,72.19999694824219,72.47000122070312,1644600
GD,2011-06-28,52.0478401184082,73.73999786376953,74.04000091552734,73.30000305175781,73.45999908447266,1487500
GD,2011-06-29,52.495361328125,73.9000015258789,73.98999786376953,73.45999908447266,73.81999969482422,1527800
GD,2011-06-30,52.93577575683594,74.5199966430664,74.9800033569336,73.83000183105469,74.08999633789062,1481300
GD,2011-07-01,53.85215377807617,75.80999755859375,75.93000030517578,74.33999633789062,74.44000244140625,1454400
GD,2011-07-05,53.205718994140625,74.9000015258789,75.80999755859375,74.41999816894531,75.54000091552734,1883200
GD,2011-07-06,53.01390838623047,74.62999725341797,75.33000183105469,74.48999786376953,75.02999877929688,1593100
GD,2011-07-07,53.702945709228516,75.5999984741211,75.63999938964844,74.5,75.43000030517578,2238000
GD,2011-07-08,53.035240173339844,74.66000366210938,75.05000305175781,74.30000305175781,75.05000305175781,1978400
GD,2011-07-11,52.38168716430664,73.73999786376953,74.37999725341797,73.58000183105469,73.9000015258789,1612200
GD,2011-07-12,51.84183883666992,72.9800033569336,73.87999725341797,72.9000015258789,73.5199966430664,1505200
GD,2011-07-13,51.607425689697266,72.6500015258789,73.68000030517578,72.41000366210938,73.4000015258789,1321200
GD,2011-07-14,50.698150634765625,71.37000274658203,72.73999786376953,71.19999694824219,72.7300033569336,2359900
GD,2011-07-15,49.98069381713867,70.36000061035156,71.4800033569336,69.69999694824219,71.4800033569336,2593400
GD,2011-07-18,49.34138107299805,69.45999908447266,70.12999725341797,69.02999877929688,69.94999694824219,1773300
GD,2011-07-19,49.67524719238281,69.93000030517578,70.02999877929688,69.38999938964844,69.8499984741211,2070600
GD,2011-07-20,49.68235778808594,69.94000244140625,70.8499984741211,69.66000366210938,70.62000274658203,2723000
GD,2011-07-21,50.84024429321289,71.56999969482422,71.91999816894531,70.06999969482422,70.26000213623047,1822300
GD,2011-07-22,50.29326629638672,70.80000305175781,71.61000061035156,70.72000122070312,71.61000061035156,1550800
GD,2011-07-25,50.54186248779297,71.1500015258789,71.5,70.08000183105469,70.4800033569336,2185100
GD,2011-07-26,49.95228958129883,70.31999969482422,71.08999633789062,70.2699966430664,70.91999816894531,1672200
GD,2011-07-27,48.75177764892578,68.62999725341797,71.04000091552734,68.16000366210938,71.0199966430664,3072500
GD,2011-07-28,48.126670837402344,67.75,69.66999816894531,67.66000366210938,68.54000091552734,2606400
GD,2011-07-29,48.40369415283203,68.13999938964844,68.62999725341797,66.55999755859375,67.37000274658203,2525200
GD,2011-08-01,47.95618438720703,67.51000213623047,68.44999694824219,66.33999633789062,68.44999694824219,4057800
GD,2011-08-02,46.997215270996094,66.16000366210938,68.05000305175781,66.16000366210938,67.13999938964844,3024900
GD,2011-08-03,46.81251907348633,65.9000015258789,66.5,64.7300033569336,66.08999633789062,2686000
GD,2011-08-04,44.90876007080078,63.220001220703125,65.12999725341797,63.16999816894531,64.62000274658203,3974000
GD,2011-08-05,45.775386810302734,64.44000244140625,64.87999725341797,62.65999984741211,64.05999755859375,4895200
GD,2011-08-08,43.189693450927734,60.79999923706055,63.720001220703125,60.779998779296875,62.880001068115234,5830400
GD,2011-08-09,44.3404655456543,62.41999816894531,62.560001373291016,58.119998931884766,60.779998779296875,7067800
GD,2011-08-10,41.470619201660156,58.380001068115234,61.16999816894531,58.209999084472656,61.16999816894531,4580800
GD,2011-08-11,43.69404220581055,61.5099983215332,62.34000015258789,58.58000183105469,58.650001525878906,3805200
GD,2011-08-12,43.459617614746094,61.18000030517578,62.2400016784668,60.81999969482422,62.119998931884766,3947800
GD,2011-08-15,44.589088439941406,62.77000045776367,62.83000183105469,61.630001068115234,61.84000015258789,2338200
GD,2011-08-16,44.070533752441406,62.040000915527344,62.5,61.22999954223633,61.470001220703125,1756000
GD,2011-08-17,43.95688247680664,61.880001068115234,62.58000183105469,61.040000915527344,62.29999923706055,2461500
GD,2011-08-18,41.364078521728516,58.22999954223633,60.09000015258789,57.75,59.88999938964844,3686300
GD,2011-08-19,40.82419967651367,57.470001220703125,58.86000061035156,57.38999938964844,57.459999084472656,3800900
GD,2011-08-22,41.3427619934082,58.20000076293945,58.900001525878906,57.900001525878906,58.56999969482422,2636800
GD,2011-08-23,42.27333450317383,59.5099983215332,59.5099983215332,58.0,58.38999938964844,2238700
GD,2011-08-24,43.3317756652832,61.0,61.119998931884766,59.34000015258789,59.47999954223633,1758400
GD,2011-08-25,42.62141418457031,60.0,61.689998626708984,59.790000915527344,61.31999969482422,1826700
GD,2011-08-26,43.53065490722656,61.279998779296875,61.4900016784668,58.709999084472656,59.619998931884766,1987300
GD,2011-08-29,44.759578704833984,63.0099983215332,63.04999923706055,61.880001068115234,61.95000076293945,1382600
GD,2011-08-30,45.42731857299805,63.95000076293945,64.29000091552734,62.29999923706055,62.959999084472656,2115900
GD,2011-08-31,45.51964569091797,64.08000183105469,64.88999938964844,63.459999084472656,64.43000030517578,1744900
GD,2011-09-01,44.82350158691406,63.099998474121094,64.66000366210938,62.91999816894531,64.08000183105469,1657300
GD,2011-09-02,43.289146423339844,60.939998626708984,62.060001373291016,60.7400016784668,62.060001373291016,2223500
GD,2011-09-06,42.834503173828125,60.29999923706055,60.40999984741211,58.720001220703125,59.27000045776367,2616800
GD,2011-09-07,43.580379486083984,61.349998474121094,61.849998474121094,60.61000061035156,61.119998931884766,2647500
GD,2011-09-08,42.905548095703125,60.400001525878906,61.630001068115234,60.29999923706055,60.650001525878906,2276900
GD,2011-09-09,41.91104507446289,59.0,59.790000915527344,58.400001525878906,59.560001373291016,2599200
GD,2011-09-12,41.839996337890625,58.900001525878906,58.95000076293945,57.77000045776367,58.59000015258789,2698400
GD,2011-09-13,41.90394592285156,58.9900016784668,60.0099983215332,58.45000076293945,58.970001220703125,2523000
GD,2011-09-14,42.52195358276367,59.86000061035156,60.65999984741211,57.939998626708984,59.33000183105469,3188500
GD,2011-09-15,43.488040924072266,61.220001220703125,61.439998626708984,60.209999084472656,60.22999954223633,2426700
GD,2011-09-16,43.047603607177734,60.599998474121094,61.75,60.20000076293945,61.75,4340900
GD,2011-09-19,42.742156982421875,60.16999816894531,60.400001525878906,59.29999923706055,59.66999816894531,2474900
GD,2011-09-20,42.301753997802734,59.54999923706055,60.650001525878906,59.5,60.43000030517578,2007000
GD,2011-09-21,40.68212890625,57.27000045776367,59.91999816894531,57.220001220703125,59.79999923706055,2595100
GD,2011-09-22,39.687625885009766,55.869998931884766,56.20000076293945,55.27000045776367,56.08000183105469,3434000
GD,2011-09-23,39.72314453125,55.91999816894531,56.689998626708984,53.95000076293945,53.970001220703125,2845400
GD,2011-09-26,40.3837776184082,56.849998474121094,57.45000076293945,56.04999923706055,56.4900016784668,2866500
GD,2011-09-27,41.406700134277344,58.290000915527344,59.15999984741211,57.59000015258789,57.59000015258789,2511700
GD,2011-09-28,40.80289077758789,57.439998626708984,58.95000076293945,57.349998474121094,58.369998931884766,2081200
GD,2011-09-29,41.328556060791016,58.18000030517578,59.2400016784668,57.09000015258789,58.380001068115234,1766700
GD,2011-09-30,40.412193298339844,56.88999938964844,58.36000061035156,56.880001068115234,57.45000076293945,2432100
GD,2011-10-03,39.545562744140625,55.66999816894531,57.720001220703125,55.599998474121094,56.849998474121094,2220900
GD,2011-10-04,40.5684700012207,57.11000061035156,57.20000076293945,54.720001220703125,55.02000045776367,3300000
GD,2011-10-05,41.334869384765625,57.709999084472656,57.84000015258789,56.400001525878906,56.779998779296875,2513500
GD,2011-10-06,42.2230224609375,58.95000076293945,58.970001220703125,57.56999969482422,57.849998474121094,1507100
GD,2011-10-07,42.65276336669922,59.54999923706055,60.290000915527344,58.959999084472656,59.439998626708984,2423800
GD,2011-10-10,44.17837905883789,61.68000030517578,61.68000030517578,60.560001373291016,60.560001373291016,1585400
GD,2011-10-11,44.03512954711914,61.47999954223633,61.790000915527344,61.13999938964844,61.189998626708984,1769800
GD,2011-10-12,44.78003692626953,62.52000045776367,63.220001220703125,61.7400016784668,62.040000915527344,1771900
GD,2011-10-13,44.271480560302734,61.810001373291016,62.04999923706055,60.90999984741211,61.900001525878906,1325500
GD,2011-10-14,44.43623352050781,62.040000915527344,62.7400016784668,61.59000015258789,62.58000183105469,1630900
GD,2011-10-17,43.64119338989258,60.93000030517578,62.310001373291016,60.790000915527344,61.86000061035156,1736000
GD,2011-10-18,44.86598205566406,62.63999938964844,63.279998779296875,60.349998474121094,61.02000045776367,1969300
GD,2011-10-19,44.74422073364258,62.470001220703125,63.25,62.349998474121094,62.70000076293945,1809300
GD,2011-10-20,45.23127365112305,63.150001525878906,63.459999084472656,61.810001373291016,62.630001068115234,1996900
GD,2011-10-21,46.7855339050293,65.31999969482422,65.33000183105469,63.58000183105469,63.599998474121094,3229700
GD,2011-10-24,47.007568359375,65.62999725341797,65.91000366210938,64.94999694824219,65.27999877929688,1865700
GD,2011-10-25,46.74256134033203,65.26000213623047,66.08000183105469,64.5999984741211,65.23999786376953,2382600
GD,2011-10-26,45.761295318603516,63.88999938964844,66.41999816894531,63.560001373291016,66.41999816894531,4161900
GD,2011-10-27,46.99325942993164,65.61000061035156,66.16999816894531,64.31999969482422,65.55999755859375,2695100
GD,2011-10-28,46.89296340942383,65.47000122070312,66.25,65.02999877929688,65.52999877929688,2010100
GD,2011-10-31,45.97617721557617,64.19000244140625,65.52999877929688,64.19000244140625,64.97000122070312,2022500
GD,2011-11-01,43.99930953979492,61.43000030517578,63.20000076293945,60.790000915527344,62.790000915527344,2959900
GD,2011-11-02,44.371768951416016,61.95000076293945,62.619998931884766,61.77000045776367,62.439998626708984,2760300
GD,2011-11-03,45.575077056884766,63.630001068115234,63.970001220703125,62.470001220703125,62.470001220703125,2589200
GD,2011-11-04,45.446136474609375,63.45000076293945,63.529998779296875,62.470001220703125,63.150001525878906,1291900
GD,2011-11-07,45.98332977294922,64.19999694824219,64.27999877929688,62.849998474121094,63.25,1341600
GD,2011-11-08,46.649444580078125,65.12999725341797,65.16999816894531,63.84000015258789,64.69000244140625,1712500
GD,2011-11-09,45.09518814086914,62.959999084472656,63.88999938964844,62.720001220703125,63.650001525878906,1932300
GD,2011-11-10,45.39601516723633,63.380001068115234,63.970001220703125,62.939998626708984,63.900001525878906,1822500
GD,2011-11-11,47.07202911376953,65.72000122070312,65.87999725341797,64.30000305175781,64.30000305175781,1874700
GD,2011-11-14,46.77837371826172,65.30999755859375,66.37999725341797,65.12000274658203,65.5,1676700
GD,2011-11-15,47.265411376953125,65.98999786376953,66.3499984741211,64.83999633789062,65.30000305175781,1408500
GD,2011-11-16,46.57065200805664,65.0199966430664,65.58999633789062,64.76000213623047,65.36000061035156,2504000
GD,2011-11-17,45.42464828491211,63.41999816894531,64.83000183105469,62.88999938964844,64.83000183105469,1714700
GD,2011-11-18,45.72547149658203,63.84000015258789,64.12999725341797,63.0099983215332,64.12999725341797,2046600
GD,2011-11-21,45.17396545410156,63.06999969482422,63.310001373291016,61.279998779296875,62.84000015258789,2679200
GD,2011-11-22,45.56792068481445,63.619998931884766,63.81999969482422,62.150001525878906,63.130001068115234,3633300
GD,2011-11-23,43.433475494384766,60.63999938964844,62.75,60.599998474121094,62.720001220703125,2923200
GD,2011-11-25,43.78445053100586,61.130001068115234,62.150001525878906,60.75,60.77000045776367,913100
GD,2011-11-28,45.883060455322266,64.05999755859375,64.3499984741211,63.2400016784668,63.900001525878906,2506900
GD,2011-11-29,45.761295318603516,63.88999938964844,64.55000305175781,63.75,64.3499984741211,1935700
GD,2011-11-30,47.3155632019043,66.05999755859375,66.37999725341797,65.5199966430664,65.8499984741211,3294800
GD,2011-12-01,47.63071823120117,66.5,66.94999694824219,65.9800033569336,66.06999969482422,1428200
GD,2011-12-02,47.07202911376953,65.72000122070312,67.36000061035156,65.62999725341797,66.87000274658203,2176900
GD,2011-12-05,47.02190399169922,65.6500015258789,66.87999725341797,65.33000183105469,66.83000183105469,2105500
GD,2011-12-06,47.172306060791016,65.86000061035156,66.33999633789062,65.52999877929688,65.70999908447266,1403500
GD,2011-12-07,47.029056549072266,65.66000366210938,66.04000091552734,64.69999694824219,65.19999694824219,1344600
GD,2011-12-08,45.94751739501953,64.1500015258789,65.7699966430664,63.97999954223633,65.41000366210938,1694400
GD,2011-12-09,46.60646438598633,65.06999969482422,65.27999877929688,64.5199966430664,64.62999725341797,1775400
GD,2011-12-12,45.84724807739258,64.01000213623047,64.97000122070312,63.54999923706055,64.58999633789062,1154800
GD,2011-12-13,45.48194885253906,63.5,64.94999694824219,63.189998626708984,64.51000213623047,1404400
GD,2011-12-14,45.27424621582031,63.209999084472656,63.7599983215332,63.11000061035156,63.38999938964844,1197400
GD,2011-12-15,45.33870315551758,63.29999923706055,64.11000061035156,63.150001525878906,63.91999816894531,1576200
GD,2011-12-16,45.267093658447266,63.20000076293945,64.38999938964844,62.599998474121094,63.380001068115234,2748400
GD,2011-12-19,44.737060546875,62.459999084472656,63.88999938964844,62.310001373291016,63.04999923706055,1140700
GD,2011-12-20,46.44172286987305,64.83999633789062,65.12999725341797,63.41999816894531,63.43000030517578,1481700
GD,2011-12-21,46.39875793457031,64.77999877929688,64.9800033569336,64.05999755859375,64.80000305175781,1509100
GD,2011-12-22,47.372859954833984,66.13999938964844,66.36000061035156,64.70999908447266,64.9800033569336,1186500
GD,2011-12-23,47.530433654785156,66.36000061035156,66.56999969482422,65.56999969482422,66.22000122070312,883000
GD,2011-12-27,47.673675537109375,66.55999755859375,66.79000091552734,66.0,66.38999938964844,651500
GD,2011-12-28,47.23676681518555,65.94999694824219,66.87999725341797,65.69999694824219,66.58000183105469,1137100
GD,2011-12-29,47.93152618408203,66.91999816894531,67.0199966430664,66.01000213623047,66.22000122070312,1091300
GD,2011-12-30,47.56623840332031,66.41000366210938,67.29000091552734,66.4000015258789,67.01000213623047,1008300
GD,2012-01-03,48.705101013183594,68.0,68.56999969482422,67.83999633789062,67.97000122070312,1683500
GD,2012-01-04,48.7910270690918,68.12000274658203,68.98999786376953,67.88999938964844,68.56999969482422,1880800
GD,2012-01-05,48.27534103393555,67.4000015258789,67.80999755859375,66.76000213623047,67.75,1677800
GD,2012-01-06,48.43291091918945,67.62000274658203,67.76000213623047,67.18000030517578,67.5999984741211,1788100
GD,2012-01-09,48.9701042175293,68.37000274658203,68.4800033569336,67.29000091552734,67.83000183105469,2064900
GD,2012-01-10,50.08745193481445,69.93000030517578,70.44000244140625,68.98999786376953,69.69999694824219,2779500
GD,2012-01-11,50.202049255371094,70.08999633789062,70.19000244140625,69.44999694824219,69.54000091552734,1282700
GD,2012-01-12,50.81085968017578,70.94000244140625,71.08999633789062,70.05000305175781,70.2699966430664,4528500
GD,2012-01-13,50.56733322143555,70.5999984741211,70.97000122070312,70.01000213623047,70.23999786376953,3780300
GD,2012-01-17,51.17615509033203,71.44999694824219,71.83000183105469,71.30000305175781,71.30000305175781,2438400
GD,2012-01-18,51.637577056884766,71.62000274658203,71.69000244140625,70.79000091552734,70.9800033569336,1779600
GD,2012-01-19,52.06297302246094,72.20999908447266,72.44000244140625,71.55000305175781,71.83999633789062,1267700
GD,2012-01-20,52.250423431396484,72.47000122070312,72.66000366210938,71.7699966430664,72.33000183105469,1984600
GD,2012-01-23,51.724098205566406,71.73999786376953,72.88999938964844,71.66999816894531,72.3499984741211,1744800
GD,2012-01-24,51.43570327758789,71.33999633789062,71.83999633789062,70.94000244140625,71.33999633789062,1899200
GD,2012-01-25,51.60154342651367,71.56999969482422,71.76000213623047,69.47000122070312,70.48999786376953,3543700
GD,2012-01-26,51.55828857421875,71.51000213623047,71.87000274658203,70.38999938964844,70.58000183105469,1764100
GD,2012-01-27,50.721920013427734,70.3499984741211,71.26000213623047,70.25,71.26000213623047,1413300
GD,2012-01-30,49.87113952636719,69.16999816894531,69.81999969482422,69.02999877929688,69.62000274658203,2328000
GD,2012-01-31,49.86393737792969,69.16000366210938,69.83999633789062,68.87000274658203,69.62999725341797,1844900
GD,2012-02-01,50.260494232177734,69.70999908447266,69.91000366210938,69.38999938964844,69.81999969482422,2805700
GD,2012-02-02,50.282135009765625,69.73999786376953,70.0,69.25,69.91000366210938,1374700
GD,2012-02-03,50.83729553222656,70.51000213623047,70.93000030517578,69.97000122070312,70.16000366210938,1730800
GD,2012-02-06,51.298709869384766,71.1500015258789,71.19999694824219,70.02999877929688,70.12000274658203,1456700
GD,2012-02-07,51.40686798095703,71.30000305175781,71.45999908447266,70.66999816894531,70.81999969482422,1283000
GD,2012-02-08,51.615943908691406,71.58999633789062,71.7300033569336,71.0199966430664,71.38999938964844,1660500
GD,2012-02-09,51.08240509033203,70.8499984741211,71.81999969482422,70.75,71.7699966430664,1561700
GD,2012-02-10,50.68586730957031,70.30000305175781,70.56999969482422,70.16000366210938,70.36000061035156,1427800
GD,2012-02-13,50.55609893798828,70.12000274658203,70.7699966430664,70.06999969482422,70.69000244140625,1802900
GD,2012-02-14,50.58494186401367,70.16000366210938,70.2300033569336,69.0999984741211,70.0,1978600
GD,2012-02-15,50.50564193725586,70.05000305175781,70.30000305175781,69.55999755859375,70.22000122070312,1941600
GD,2012-02-16,50.77239990234375,70.41999816894531,70.41999816894531,69.75,70.16000366210938,1253900
GD,2012-02-17,51.104034423828125,70.87999725341797,71.04000091552734,70.37999725341797,70.80000305175781,1115900
GD,2012-02-21,51.2843017578125,71.12999725341797,71.80999755859375,70.9000015258789,71.22000122070312,1327300
GD,2012-02-22,50.75798416137695,70.4000015258789,71.18000030517578,70.23999786376953,70.95999908447266,1423200
GD,2012-02-23,50.90217208862305,70.5999984741211,70.77999877929688,70.08999633789062,70.52999877929688,1052600
GD,2012-02-24,52.199974060058594,72.4000015258789,73.05000305175781,70.80000305175781,70.80000305175781,1816100
GD,2012-02-27,52.264869689941406,72.48999786376953,73.01000213623047,71.73999786376953,72.26000213623047,1357400
GD,2012-02-28,52.44509506225586,72.73999786376953,73.1500015258789,72.41000366210938,72.58000183105469,1286100
GD,2012-02-29,52.79838562011719,73.2300033569336,73.66999816894531,72.73999786376953,73.0,1841000
GD,2012-03-01,52.58207702636719,72.93000030517578,73.36000061035156,72.58000183105469,72.76000213623047,1606000
GD,2012-03-02,52.38022232055664,72.6500015258789,73.0,72.43000030517578,72.81999969482422,1057800
GD,2012-03-05,52.2720832824707,72.5,72.61000061035156,71.80000305175781,72.41000366210938,1887800
GD,2012-03-06,51.08240509033203,70.8499984741211,71.97000122070312,70.69000244140625,71.63999938964844,2307300
GD,2012-03-07,51.370826721191406,71.25,71.31999969482422,70.69999694824219,70.94999694824219,1085400
GD,2012-03-08,51.91878128051758,72.01000213623047,72.29000091552734,71.4800033569336,71.86000061035156,1197900
GD,2012-03-09,51.7529411315918,71.77999877929688,72.29000091552734,71.54000091552734,72.06999969482422,1129900
GD,2012-03-12,51.724098205566406,71.73999786376953,71.91999816894531,71.29000091552734,71.91999816894531,1181700
GD,2012-03-13,52.69024658203125,73.08000183105469,73.12000274658203,71.75,72.20999908447266,1532000
GD,2012-03-14,52.70465850830078,73.0999984741211,73.29000091552734,72.7699966430664,73.08000183105469,1113500
GD,2012-03-15,52.8776969909668,73.33999633789062,73.62000274658203,73.0,73.08999633789062,1515000
GD,2012-03-16,52.56046676635742,72.9000015258789,73.62999725341797,72.80000305175781,73.23999786376953,1762500
GD,2012-03-19,52.61814498901367,72.9800033569336,73.2300033569336,72.5,72.72000122070312,906400
GD,2012-03-20,52.156700134277344,72.33999633789062,72.68000030517578,72.0,72.61000061035156,853300
GD,2012-03-21,52.11345291137695,72.27999877929688,72.56999969482422,72.08000183105469,72.37999725341797,910800
GD,2012-03-22,52.0918083190918,72.25,72.36000061035156,71.70999908447266,71.80000305175781,969300
GD,2012-03-23,52.47395324707031,72.77999877929688,72.88999938964844,72.33000183105469,72.44000244140625,1238200
GD,2012-03-26,53.288658142089844,73.91000366210938,74.1500015258789,72.97000122070312,73.08999633789062,1867300
GD,2012-03-27,53.02909469604492,73.55000305175781,74.05000305175781,73.43000030517578,73.9800033569336,1135400
GD,2012-03-28,52.719085693359375,73.12000274658203,73.55000305175781,72.62000274658203,73.55000305175781,1351100
GD,2012-03-29,52.38022232055664,72.6500015258789,73.0,71.87999725341797,73.0,1430700
GD,2012-03-30,52.90654373168945,73.37999725341797,73.58000183105469,72.76000213623047,73.06999969482422,1259400
GD,2012-04-02,53.4184455871582,74.08999633789062,74.54000091552734,73.11000061035156,73.38999938964844,1222300
GD,2012-04-03,52.70465850830078,73.0999984741211,74.05000305175781,72.6500015258789,74.0,1188800
GD,2012-04-04,52.36579132080078,72.62999725341797,72.70999908447266,71.81999969482422,72.55999755859375,1528900
GD,2012-04-05,51.76737594604492,71.80000305175781,72.47000122070312,71.75,72.31999969482422,1586800
GD,2012-04-09,51.06080627441406,70.81999969482422,71.0999984741211,70.44000244140625,70.77999877929688,1365500
GD,2012-04-10,50.09466552734375,69.4800033569336,70.66999816894531,69.26000213623047,70.5999984741211,1567400
GD,2012-04-11,50.37065124511719,69.3499984741211,69.87999725341797,68.06999969482422,68.31999969482422,1775000
GD,2012-04-12,50.59581756591797,69.66000366210938,70.02999877929688,69.18000030517578,69.56999969482422,1759800
GD,2012-04-13,50.029293060302734,68.87999725341797,69.5,68.86000061035156,69.22000122070312,1541800
GD,2012-04-16,50.261722564697266,69.19999694824219,69.73999786376953,68.94999694824219,69.23999786376953,1622300
GD,2012-04-17,50.75563049316406,69.87999725341797,70.19000244140625,69.08000183105469,69.58000183105469,1602300
GD,2012-04-18,50.515926361083984,69.55000305175781,69.88999938964844,69.4800033569336,69.68000030517578,1269400
GD,2012-04-19,50.06561279296875,68.93000030517578,69.86000061035156,68.7300033569336,69.83000183105469,1397100
GD,2012-04-20,50.66845703125,69.76000213623047,69.91000366210938,68.97000122070312,69.2699966430664,1821300
GD,2012-04-23,50.312564849853516,69.2699966430664,69.44000244140625,68.55000305175781,68.95999908447266,1260100
GD,2012-04-24,50.88637161254883,70.05999755859375,70.19999694824219,69.33999633789062,69.45999908447266,1380700
GD,2012-04-25,49.07053756713867,67.55999755859375,70.47000122070312,67.20999908447266,69.87999725341797,3670700
GD,2012-04-26,48.70011901855469,67.05000305175781,67.51000213623047,66.44000244140625,66.79000091552734,2672000
GD,2012-04-27,49.0850830078125,67.58000183105469,67.86000061035156,67.06999969482422,67.37999725341797,2254400
GD,2012-04-30,49.0269775390625,67.5,67.73999786376953,67.01000213623047,67.52999877929688,2200600
GD,2012-05-01,49.375587463378906,67.9800033569336,68.68000030517578,67.33999633789062,67.56999969482422,2327600
GD,2012-05-02,49.5644645690918,68.23999786376953,68.23999786376953,67.55000305175781,67.75,2035900
GD,2012-05-03,49.49906921386719,68.1500015258789,68.58999633789062,67.9800033569336,68.5,2649800
GD,2012-05-04,48.70011901855469,67.05000305175781,68.01000213623047,66.80999755859375,67.83999633789062,2206700
GD,2012-05-07,48.968841552734375,67.41999816894531,67.88999938964844,66.95999908447266,66.95999908447266,2306000
GD,2012-05-08,49.04875183105469,67.52999877929688,67.56999969482422,66.69999694824219,67.19999694824219,1949600
GD,2012-05-09,48.22799301147461,66.4000015258789,67.0,66.33999633789062,66.9000015258789,1541300
GD,2012-05-10,48.32967758178711,66.54000091552734,67.05999755859375,66.38999938964844,66.75,1326300
GD,2012-05-11,48.32242965698242,66.52999877929688,67.43000030517578,66.16000366210938,66.33000183105469,2060900
GD,2012-05-14,48.1553840637207,66.30000305175781,66.81999969482422,65.80000305175781,66.08999633789062,1281800
GD,2012-05-15,47.741371154785156,65.7300033569336,66.69000244140625,65.63999938964844,66.27999877929688,1815800
GD,2012-05-16,47.356407165527344,65.19999694824219,66.33999633789062,65.18000030517578,65.94000244140625,1334600
GD,2012-05-17,46.281463623046875,63.720001220703125,65.41000366210938,63.70000076293945,65.26000213623047,1621500
GD,2012-05-18,46.00544738769531,63.34000015258789,64.41999816894531,63.16999816894531,64.16999816894531,2154400
GD,2012-05-21,46.884315490722656,64.55000305175781,64.6500015258789,63.439998626708984,63.619998931884766,1547500
GD,2012-05-22,46.82620620727539,64.47000122070312,64.9800033569336,64.13999938964844,64.62999725341797,1199800
GD,2012-05-23,46.927894592285156,64.61000061035156,64.73999786376953,63.290000915527344,64.1500015258789,1856600
GD,2012-05-24,46.00544738769531,63.34000015258789,64.62000274658203,62.77000045776367,64.12000274658203,2051000
GD,2012-05-25,46.17978286743164,63.58000183105469,64.12999725341797,62.880001068115234,62.880001068115234,1694300
GD,2012-05-29,46.73904800415039,64.3499984741211,64.4000015258789,63.720001220703125,64.05999755859375,1389000
GD,2012-05-30,46.36134338378906,63.83000183105469,64.13999938964844,63.5,63.91999816894531,1312100
GD,2012-05-31,46.492088317871094,64.01000213623047,64.54000091552734,63.279998779296875,63.81999969482422,1695600
GD,2012-06-01,45.55513381958008,62.720001220703125,63.33000183105469,62.68000030517578,63.13999938964844,1755800
GD,2012-06-04,45.00312042236328,61.959999084472656,63.0099983215332,61.540000915527344,62.880001068115234,2155000
GD,2012-06-05,45.01764678955078,61.97999954223633,62.18000030517578,61.54999923706055,61.7599983215332,1895600
GD,2012-06-06,46.20882797241211,63.619998931884766,63.630001068115234,62.029998779296875,62.029998779296875,1306200
GD,2012-06-07,46.259666442871094,63.689998626708984,64.8499984741211,63.540000915527344,64.12000274658203,2732200
GD,2012-06-08,46.52839660644531,64.05999755859375,64.06999969482422,63.599998474121094,63.61000061035156,1753600
GD,2012-06-11,46.29598617553711,63.7400016784668,64.66000366210938,63.65999984741211,64.37999725341797,1832500
GD,2012-06-12,46.57923889160156,64.12999725341797,64.1500015258789,63.2400016784668,63.84000015258789,1645800
GD,2012-06-13,46.11439514160156,63.4900016784668,64.11000061035156,63.22999954223633,63.9900016784668,1051200
GD,2012-06-14,46.492088317871094,64.01000213623047,64.27999877929688,63.369998931884766,63.54999923706055,1333300
GD,2012-06-15,47.109474182128906,64.86000061035156,65.11000061035156,64.37000274658203,64.37000274658203,2417900
GD,2012-06-18,47.036827087402344,64.76000213623047,65.22000122070312,64.13999938964844,64.4800033569336,1324700
GD,2012-06-19,47.349159240722656,65.19000244140625,65.51000213623047,64.94000244140625,65.0,1341900
GD,2012-06-20,46.956932067871094,64.6500015258789,65.16000366210938,64.05999755859375,65.0999984741211,1706400
GD,2012-06-21,45.94007873535156,63.25,65.11000061035156,63.20000076293945,65.02999877929688,1799800
GD,2012-06-22,45.94736099243164,63.2599983215332,63.56999969482422,62.619998931884766,63.540000915527344,2167900
GD,2012-06-25,45.191959381103516,62.220001220703125,62.77000045776367,62.099998474121094,62.77000045776367,1044700
GD,2012-06-26,45.01038360595703,61.970001220703125,62.58000183105469,61.779998779296875,62.31999969482422,1214000
GD,2012-06-27,45.918304443359375,63.220001220703125,63.34000015258789,62.08000183105469,62.130001068115234,1056500
GD,2012-06-28,45.87470626831055,63.15999984741211,63.25,62.220001220703125,62.84000015258789,1060000
GD,2012-06-29,47.908424377441406,65.95999908447266,65.95999908447266,64.41000366210938,64.6500015258789,1770000
GD,2012-07-02,47.981056213378906,66.05999755859375,66.54000091552734,65.48999786376953,66.08999633789062,2000700
GD,2012-07-03,48.434879302978516,66.16999816894531,66.33999633789062,65.54000091552734,65.54000091552734,791200
GD,2012-07-05,48.48611831665039,66.23999786376953,66.58999633789062,65.9000015258789,66.22000122070312,1046500
GD,2012-07-06,47.75414276123047,65.23999786376953,65.80000305175781,64.88999938964844,65.79000091552734,976300
GD,2012-07-09,47.61506271362305,65.05000305175781,65.52999877929688,64.66999816894531,65.26000213623047,1273000
GD,2012-07-10,47.161251068115234,64.43000030517578,65.69000244140625,63.88999938964844,63.88999938964844,1277300
GD,2012-07-11,46.78062057495117,63.90999984741211,64.80999755859375,63.61000061035156,64.55000305175781,1159000
GD,2012-07-12,46.49513626098633,63.52000045776367,63.95000076293945,62.9900016784668,63.5,973300
GD,2012-07-13,47.47600173950195,64.86000061035156,65.04000091552734,63.599998474121094,63.75,1305300
GD,2012-07-16,46.87577438354492,64.04000091552734,64.91000366210938,63.529998779296875,64.55000305175781,1952000
GD,2012-07-17,47.351558685302734,64.69000244140625,64.70999908447266,63.56999969482422,64.12999725341797,1484300
GD,2012-07-18,48.1640510559082,65.80000305175781,65.94000244140625,64.13999938964844,64.19000244140625,1424000
GD,2012-07-19,48.30311965942383,65.98999786376953,66.33999633789062,65.55000305175781,65.91999816894531,1577800
GD,2012-07-20,47.556514739990234,64.97000122070312,65.37999725341797,64.6500015258789,65.2699966430664,4674600
GD,2012-07-23,46.78792953491211,63.91999816894531,64.23999786376953,63.369998931884766,64.0999984741211,1799800
GD,2012-07-24,46.407310485839844,63.400001525878906,64.12999725341797,62.900001525878906,63.849998474121094,1785800
GD,2012-07-25,45.382530212402344,62.0,63.9900016784668,61.29999923706055,63.75,4042900
GD,2012-07-26,46.041316986083984,62.900001525878906,63.720001220703125,62.439998626708984,62.849998474121094,2331700
GD,2012-07-27,46.72206115722656,63.83000183105469,64.20999908447266,62.7400016784668,63.04999923706055,1690400
GD,2012-07-30,46.45854187011719,63.470001220703125,64.13999938964844,63.25,63.66999816894531,1450600
GD,2012-07-31,46.436588287353516,63.439998626708984,63.95000076293945,63.09000015258789,63.290000915527344,1923200
GD,2012-08-01,46.15111541748047,63.04999923706055,63.95000076293945,62.95000076293945,63.70000076293945,1636400
GD,2012-08-02,45.37521743774414,61.9900016784668,62.939998626708984,61.09000015258789,62.88999938964844,2104400
GD,2012-08-03,46.187705993652344,63.099998474121094,63.470001220703125,62.779998779296875,62.779998779296875,1490000
GD,2012-08-06,46.099857330322266,62.97999954223633,63.709999084472656,62.77000045776367,63.43000030517578,1211900
GD,2012-08-07,46.773284912109375,63.900001525878906,64.23999786376953,63.0,63.06999969482422,1405600
GD,2012-08-08,46.79525375366211,63.93000030517578,64.08000183105469,63.22999954223633,63.72999954223633,1397600
GD,2012-08-09,46.42926788330078,63.43000030517578,63.81999969482422,62.97999954223633,63.66999816894531,1599400
GD,2012-08-10,46.53907012939453,63.58000183105469,63.68000030517578,63.130001068115234,63.380001068115234,1110200
GD,2012-08-13,46.3633918762207,63.34000015258789,63.77000045776367,62.880001068115234,63.45000076293945,919900
GD,2012-08-14,46.692771911621094,63.790000915527344,63.97999954223633,63.279998779296875,63.630001068115234,1149700
GD,2012-08-15,46.99287796020508,64.19999694824219,64.44999694824219,63.540000915527344,63.68000030517578,1559400
GD,2012-08-16,47.84197998046875,65.36000061035156,65.70999908447266,64.19000244140625,64.19000244140625,1713300
GD,2012-08-17,48.09085464477539,65.69999694824219,65.7699966430664,64.75,64.80000305175781,1768400
GD,2012-08-20,48.40558624267578,66.12999725341797,66.26000213623047,65.22000122070312,65.44999694824219,1353800
GD,2012-08-21,48.69839096069336,66.52999877929688,66.58000183105469,65.72000122070312,66.1500015258789,1975000
GD,2012-08-22,48.53002166748047,66.30000305175781,66.4800033569336,65.8499984741211,66.25,1767900
GD,2012-08-23,48.02497100830078,65.61000061035156,66.23999786376953,65.41000366210938,66.01000213623047,1569100
GD,2012-08-24,48.376319885253906,66.08999633789062,66.16000366210938,65.12000274658203,65.43000030517578,1433700
GD,2012-08-27,48.03227996826172,65.62000274658203,66.38999938964844,65.58999633789062,66.25,1146300
GD,2012-08-28,48.13477325439453,65.76000213623047,65.94000244140625,65.25,65.3499984741211,1730400
GD,2012-08-29,48.20064163208008,65.8499984741211,66.19000244140625,65.33999633789062,65.87000274658203,1292200
GD,2012-08-30,47.812705993652344,65.31999969482422,65.69000244140625,64.77999877929688,65.44999694824219,1165300
GD,2012-08-31,47.95178985595703,65.51000213623047,66.12000274658203,65.3499984741211,65.83999633789062,1397000
GD,2012-09-04,47.32228088378906,64.6500015258789,65.86000061035156,64.47000122070312,65.55000305175781,1511600
GD,2012-09-05,47.41742706298828,64.77999877929688,65.1500015258789,64.29000091552734,64.87000274658203,1483400
GD,2012-09-06,48.83746337890625,66.72000122070312,66.7300033569336,65.0999984741211,65.30000305175781,1593900
GD,2012-09-07,49.18882369995117,67.19999694824219,67.29000091552734,66.75,66.88999938964844,1163600
GD,2012-09-10,48.544681549072266,66.31999969482422,67.08000183105469,66.30000305175781,66.94999694824219,2214000
GD,2012-09-11,48.295806884765625,65.9800033569336,66.3499984741211,65.9000015258789,66.30000305175781,2204300
GD,2012-09-12,48.21528244018555,65.87000274658203,66.27999877929688,65.5999984741211,66.20999908447266,1845400
GD,2012-09-13,48.398284912109375,66.12000274658203,66.30999755859375,65.0199966430664,65.68000030517578,2509400
GD,2012-09-14,48.88136291503906,66.77999877929688,67.19999694824219,66.19999694824219,66.23999786376953,1870900
GD,2012-09-17,48.764278411865234,66.62000274658203,67.0999984741211,66.41999816894531,66.56999969482422,1087300
GD,2012-09-18,48.786231994628906,66.6500015258789,66.8499984741211,66.41000366210938,66.58000183105469,997200
GD,2012-09-19,48.68374252319336,66.51000213623047,66.75,66.0,66.55000305175781,1019200
GD,2012-09-20,48.5153923034668,66.27999877929688,66.37999725341797,65.8499984741211,66.13999938964844,1182100
GD,2012-09-21,48.42023849487305,66.1500015258789,66.83000183105469,66.05000305175781,66.4800033569336,4062100
GD,2012-09-24,48.581275939941406,66.37000274658203,66.45999908447266,65.23999786376953,65.72000122070312,1105300
GD,2012-09-25,48.65446853637695,66.47000122070312,66.93000030517578,66.16999816894531,66.5,2257700
GD,2012-09-26,48.7569580078125,66.61000061035156,67.19000244140625,66.52999877929688,66.58999633789062,1671100
GD,2012-09-27,48.64716339111328,66.45999908447266,66.88999938964844,66.11000061035156,66.7699966430664,1234100
GD,2012-09-28,48.398284912109375,66.12000274658203,66.47000122070312,65.66999816894531,66.11000061035156,1719800
GD,2012-10-01,49.3498420715332,67.41999816894531,67.69999694824219,66.0,66.02999877929688,2114300
GD,2012-10-02,49.26201629638672,67.30000305175781,67.73999786376953,66.93000030517578,67.44999694824219,1405400
GD,2012-10-03,49.01860427856445,66.45999908447266,67.16999816894531,66.30999755859375,67.16999816894531,910600
GD,2012-10-04,49.28414535522461,66.81999969482422,67.2699966430664,66.6500015258789,66.73999786376953,940800
GD,2012-10-05,49.63079833984375,67.29000091552734,67.87999725341797,67.11000061035156,67.18000030517578,1145100
GD,2012-10-08,49.0112419128418,66.44999694824219,67.05999755859375,66.41000366210938,67.0,1037000
GD,2012-10-09,48.63508605957031,65.94000244140625,66.88999938964844,65.94000244140625,66.5199966430664,978600
GD,2012-10-10,48.05978012084961,65.16000366210938,66.05999755859375,65.05999755859375,65.91999816894531,1331600
GD,2012-10-11,48.37693405151367,65.58999633789062,66.04000091552734,65.52999877929688,65.56999969482422,902000
GD,2012-10-12,48.75311279296875,66.0999984741211,66.63999938964844,65.77999877929688,65.83000183105469,920800
GD,2012-10-15,48.79734420776367,66.16000366210938,66.36000061035156,65.9000015258789,66.25,966800
GD,2012-10-16,49.57916259765625,67.22000122070312,67.37999725341797,66.33999633789062,66.54000091552734,1010700
GD,2012-10-17,49.90370559692383,67.66000366210938,67.91000366210938,66.91000366210938,67.41000366210938,1023000
GD,2012-10-18,50.582275390625,68.58000183105469,68.7300033569336,67.2699966430664,67.51000213623047,1486800
GD,2012-10-19,49.54227828979492,67.16999816894531,68.3499984741211,67.05999755859375,68.26000213623047,1747400
GD,2012-10-22,49.52753448486328,67.1500015258789,67.68000030517578,66.54000091552734,67.0999984741211,1062600
GD,2012-10-23,48.83422088623047,66.20999908447266,66.4800033569336,65.02999877929688,66.38999938964844,2029800
GD,2012-10-24,49.99957275390625,67.79000091552734,68.75,65.4800033569336,65.58000183105469,2983600
GD,2012-10-25,49.866825103759766,67.61000061035156,68.55999755859375,66.95999908447266,68.2300033569336,1544500
GD,2012-10-26,49.652923583984375,67.31999969482422,67.68000030517578,66.75,67.55999755859375,1599900
GD,2012-10-31,50.21345901489258,68.08000183105469,68.5,67.5199966430664,67.79000091552734,1631000
GD,2012-11-01,51.20180130004883,69.41999816894531,69.73999786376953,68.0199966430664,68.29000091552734,2200600
GD,2012-11-02,50.75189971923828,68.80999755859375,69.87999725341797,68.6500015258789,69.73999786376953,1866900
GD,2012-11-05,50.42737579345703,68.37000274658203,68.80999755859375,67.97000122070312,68.80999755859375,1679900
GD,2012-11-06,51.08378982543945,69.26000213623047,69.94999694824219,68.30000305175781,68.5999984741211,1635500
GD,2012-11-07,49.114501953125,66.58999633789062,68.0999984741211,65.7699966430664,68.06999969482422,3075200
GD,2012-11-08,47.447601318359375,64.33000183105469,66.58000183105469,64.13999938964844,66.44999694824219,3382900
GD,2012-11-09,47.536109924316406,64.44999694824219,65.16000366210938,64.13999938964844,64.30999755859375,2200900
GD,2012-11-12,47.336971282958984,64.18000030517578,64.55999755859375,63.869998931884766,64.4800033569336,1416800
GD,2012-11-13,47.01982116699219,63.75,64.63999938964844,63.599998474121094,63.650001525878906,1376100
GD,2012-11-14,45.876590728759766,62.20000076293945,63.939998626708984,62.02000045776367,63.91999816894531,1964600
GD,2012-11-15,45.83232879638672,62.13999938964844,62.54999923706055,61.84000015258789,62.099998474121094,1705500
GD,2012-11-16,45.824954986572266,62.130001068115234,62.59000015258789,61.70000076293945,62.18000030517578,2340400
GD,2012-11-19,47.137821197509766,63.90999984741211,63.90999984741211,62.63999938964844,62.810001373291016,2273800
GD,2012-11-20,47.01982116699219,63.75,63.849998474121094,63.119998931884766,63.83000183105469,1833100
GD,2012-11-21,47.469730377197266,64.36000061035156,64.56999969482422,63.59000015258789,63.79999923706055,1005500
GD,2012-11-23,48.24415969848633,65.41000366210938,65.41000366210938,64.33999633789062,64.58999633789062,553500
GD,2012-11-26,47.98603057861328,65.05999755859375,65.19000244140625,64.63999938964844,65.0,1392600
GD,2012-11-27,47.91226577758789,64.95999908447266,65.5,64.7300033569336,64.97000122070312,1668800
GD,2012-11-28,48.46544647216797,65.70999908447266,65.72000122070312,64.41000366210938,64.4800033569336,1435200
GD,2012-11-29,49.070247650146484,66.52999877929688,66.61000061035156,65.5,66.0,1946900
GD,2012-11-30,49.04811477661133,66.5,66.61000061035156,66.0999984741211,66.5,1935000
GD,2012-12-03,48.450714111328125,65.69000244140625,66.9800033569336,65.29000091552734,66.77999877929688,1151700
GD,2012-12-04,49.003868103027344,66.44000244140625,66.5199966430664,65.58000183105469,65.68000030517578,1535900
GD,2012-12-05,49.32838821411133,66.87999725341797,67.1500015258789,65.73999786376953,66.44999694824219,1760400
GD,2012-12-06,49.195621490478516,66.69999694824219,66.8499984741211,65.87000274658203,66.80000305175781,1530600
GD,2012-12-07,49.55703353881836,67.19000244140625,67.22000122070312,66.4000015258789,67.08000183105469,1174400
GD,2012-12-10,50.33887481689453,68.25,68.30000305175781,66.91000366210938,67.19000244140625,1713700
GD,2012-12-11,50.86989974975586,68.97000122070312,69.19999694824219,68.30000305175781,68.5,1864600
GD,2012-12-12,50.81827926635742,68.9000015258789,69.56999969482422,68.79000091552734,69.12999725341797,1646700
GD,2012-12-13,50.15446472167969,68.0,68.98999786376953,67.9000015258789,68.9000015258789,1861400
GD,2012-12-14,50.154476165771484,67.48999786376953,67.97000122070312,67.36000061035156,67.66000366210938,1445200
GD,2012-12-17,50.533470153808594,68.0,68.37999725341797,67.5,67.62999725341797,1626800
GD,2012-12-18,51.28404235839844,69.01000213623047,69.05000305175781,67.81999969482422,68.08000183105469,1714500
GD,2012-12-19,51.66303634643555,69.5199966430664,69.7699966430664,68.7699966430664,68.94000244140625,1713400
GD,2012-12-20,52.22782897949219,70.27999877929688,70.27999877929688,69.16999816894531,69.61000061035156,1811000
GD,2012-12-21,52.31699752807617,70.4000015258789,70.43000030517578,69.30999755859375,69.33999633789062,3458400
GD,2012-12-24,51.625885009765625,69.47000122070312,70.58999633789062,68.94000244140625,70.58999633789062,1096900
GD,2012-12-26,51.30634307861328,69.04000091552734,70.18000030517578,69.0,69.61000061035156,1129900
GD,2012-12-27,51.291465759277344,69.0199966430664,69.47000122070312,68.20999908447266,69.13999938964844,1057300
GD,2012-12-28,50.44428634643555,67.87999725341797,68.79000091552734,67.83999633789062,68.41999816894531,1010100
GD,2012-12-31,51.47725296020508,69.2699966430664,69.30999755859375,67.13999938964844,67.54000091552734,1581900
GD,2013-01-02,52.918949127197266,71.20999908447266,71.20999908447266,70.23999786376953,70.66999816894531,2021500
GD,2013-01-03,53.12702560424805,71.48999786376953,71.75,70.58999633789062,71.12000274658203,1740800
GD,2013-01-04,52.81491470336914,71.06999969482422,71.66000366210938,71.0,71.6500015258789,2406300
GD,2013-01-07,53.401973724365234,71.86000061035156,72.01000213623047,70.76000213623047,70.77999877929688,1941700
GD,2013-01-08,52.32444763183594,70.41000366210938,71.68000030517578,70.27999877929688,71.5,1734900
GD,2013-01-09,52.52507400512695,70.68000030517578,70.95999908447266,70.20999908447266,70.52999877929688,1404400
GD,2013-01-10,53.24595260620117,71.6500015258789,71.6500015258789,70.91999816894531,71.02999877929688,1176700
GD,2013-01-11,52.56966781616211,70.73999786376953,71.93000030517578,70.73999786376953,71.93000030517578,1588100
GD,2013-01-14,52.27983093261719,70.3499984741211,70.81999969482422,70.13999938964844,70.5999984741211,2036300
GD,2013-01-15,52.45075988769531,70.58000183105469,70.76000213623047,69.91000366210938,70.18000030517578,1488000
GD,2013-01-16,51.871116638183594,69.80000305175781,70.79000091552734,69.51000213623047,70.61000061035156,1966900
GD,2013-01-17,52.77774429321289,71.0199966430664,71.19999694824219,69.61000061035156,70.08999633789062,2186800
GD,2013-01-18,52.51021194458008,70.66000366210938,71.1500015258789,70.41000366210938,70.88999938964844,2283400
GD,2013-01-22,52.54739761352539,70.70999908447266,70.7699966430664,70.41000366210938,70.47000122070312,1853400
GD,2013-01-23,53.0972785949707,71.44999694824219,71.69000244140625,67.19999694824219,68.37000274658203,8097300
GD,2013-01-24,52.4953727722168,70.63999938964844,71.44999694824219,70.02999877929688,71.36000061035156,4237700
GD,2013-01-25,52.73314666748047,70.95999908447266,71.08999633789062,70.19999694824219,70.75,2513400
GD,2013-01-28,52.027164459228516,70.01000213623047,70.8499984741211,69.93000030517578,70.66999816894531,2846100
GD,2013-01-29,51.46238708496094,69.25,69.91000366210938,69.02999877929688,69.8499984741211,2953600
GD,2013-01-30,50.853004455566406,68.43000030517578,69.3499984741211,68.23999786376953,69.33000183105469,3040900
GD,2013-01-31,49.2701301574707,66.30000305175781,68.37000274658203,66.12999725341797,68.22000122070312,5447300
GD,2013-02-01,48.95801544189453,65.87999725341797,66.83999633789062,64.94999694824219,66.45999908447266,7156000
GD,2013-02-04,47.98451232910156,64.56999969482422,65.63999938964844,64.47000122070312,65.16000366210938,4565300
GD,2013-02-05,48.408103942871094,65.13999938964844,66.0199966430664,64.9000015258789,65.0199966430664,4732800
GD,2013-02-06,49.247840881347656,66.2699966430664,66.31999969482422,65.0,65.0,4061800
GD,2013-02-07,49.61941146850586,66.7699966430664,67.12000274658203,65.9800033569336,66.29000091552734,3747200
GD,2013-02-08,49.65657043457031,66.81999969482422,66.87999725341797,66.47000122070312,66.73999786376953,2099200
GD,2013-02-11,49.537662506103516,66.66000366210938,67.08999633789062,66.30000305175781,66.81999969482422,1650700
GD,2013-02-12,49.552513122558594,66.68000030517578,66.98999786376953,66.5,66.93000030517578,1950800
GD,2013-02-13,49.12894821166992,66.11000061035156,66.9000015258789,65.72000122070312,66.70999908447266,2673800
GD,2013-02-14,49.21067428588867,66.22000122070312,66.75,65.62999725341797,65.80999755859375,2642200
GD,2013-02-15,49.344451904296875,66.4000015258789,66.48999786376953,65.9000015258789,66.18000030517578,2015400
GD,2013-02-19,49.812625885009766,67.02999877929688,67.02999877929688,66.20999908447266,66.5199966430664,2391600
GD,2013-02-20,49.50051498413086,66.61000061035156,67.11000061035156,66.58000183105469,67.04000091552734,2304000
GD,2013-02-21,49.41133499145508,66.48999786376953,66.75,66.04000091552734,66.5999984741211,1910300
GD,2013-02-22,50.02811813354492,67.31999969482422,67.7699966430664,66.70999908447266,66.70999908447266,2115100
GD,2013-02-25,49.55995178222656,66.69000244140625,67.88999938964844,66.66999816894531,67.70999908447266,3383200
GD,2013-02-26,49.723445892333984,66.91000366210938,67.19000244140625,66.5,67.01000213623047,2701900
GD,2013-02-27,50.94218444824219,68.55000305175781,68.73999786376953,66.5999984741211,66.75,3236400
GD,2013-02-28,50.51116943359375,67.97000122070312,69.04000091552734,67.95999908447266,68.44999694824219,2338200
GD,2013-03-01,50.332820892333984,67.7300033569336,68.13999938964844,66.91000366210938,67.54000091552734,1726500
GD,2013-03-04,49.82004928588867,67.04000091552734,67.63999938964844,66.47000122070312,67.41999816894531,1598000
GD,2013-03-05,50.2882194519043,67.66999816894531,67.87000274658203,67.27999877929688,67.30000305175781,1432300
GD,2013-03-06,50.295658111572266,67.68000030517578,68.0,67.4000015258789,67.87999725341797,1945400
GD,2013-03-07,50.34025573730469,67.73999786376953,68.31999969482422,67.56999969482422,67.9000015258789,1930400
GD,2013-03-08,51.19487380981445,68.88999938964844,68.95999908447266,68.05000305175781,68.05000305175781,2456600
GD,2013-03-11,51.39550018310547,69.16000366210938,69.30000305175781,68.58000183105469,68.8499984741211,1492800
GD,2013-03-12,51.105674743652344,68.7699966430664,69.33999633789062,68.37999725341797,69.11000061035156,1341700
GD,2013-03-13,52.101497650146484,70.11000061035156,70.18000030517578,68.87999725341797,68.9000015258789,2444300
GD,2013-03-14,51.75963592529297,69.6500015258789,70.37999725341797,69.5999984741211,70.12999725341797,1580800
GD,2013-03-15,51.95287322998047,69.91000366210938,69.91000366210938,69.12000274658203,69.31999969482422,3352500
GD,2013-03-18,51.78936767578125,69.69000244140625,70.0999984741211,69.12999725341797,69.19999694824219,1314400
GD,2013-03-19,51.960296630859375,69.91999816894531,70.48999786376953,69.68000030517578,70.0,1847600
GD,2013-03-20,51.8265380859375,69.73999786376953,70.4800033569336,69.68000030517578,70.20999908447266,1572300
GD,2013-03-21,51.19487380981445,68.88999938964844,69.69000244140625,68.86000061035156,69.37000274658203,1544300
GD,2013-03-22,51.49211502075195,69.29000091552734,69.44000244140625,69.0,69.13999938964844,1138700
GD,2013-03-25,51.67047882080078,69.52999877929688,69.91999816894531,69.16000366210938,69.52999877929688,1949200
GD,2013-03-26,52.24268341064453,70.30000305175781,70.36000061035156,69.7300033569336,69.77999877929688,2362200
GD,2013-03-27,52.21294403076172,70.26000213623047,70.61000061035156,69.68000030517578,69.80999755859375,2560600
GD,2013-03-28,52.39875030517578,70.51000213623047,70.80000305175781,70.18000030517578,70.29000091552734,2504300
GD,2013-04-01,50.65237045288086,68.16000366210938,70.23999786376953,68.12000274658203,70.13999938964844,2788800
GD,2013-04-02,49.79034423828125,67.0,68.66000366210938,66.6500015258789,68.54000091552734,3552900
GD,2013-04-03,50.82329559326172,68.38999938964844,68.62999725341797,66.87000274658203,67.16000366210938,3044400
GD,2013-04-04,50.3030891418457,67.69000244140625,68.72000122070312,67.19000244140625,68.48999786376953,2333600
GD,2013-04-05,51.69277572631836,69.55999755859375,69.63999938964844,67.16999816894531,67.37000274658203,3411400
GD,2013-04-08,51.336055755615234,69.08000183105469,69.55999755859375,68.62999725341797,69.55000305175781,1861500
GD,2013-04-09,51.521846771240234,69.33000183105469,69.68000030517578,68.79000091552734,69.37000274658203,1502700
GD,2013-04-10,52.03878402709961,69.45999908447266,69.70999908447266,68.73999786376953,68.8499984741211,1748100
GD,2013-04-11,53.43977737426758,71.33000183105469,71.37999725341797,69.5999984741211,69.69999694824219,2784600
GD,2013-04-12,52.89287185668945,70.5999984741211,70.91000366210938,69.98999786376953,70.77999877929688,3324400
GD,2013-04-15,51.087318420410156,68.19000244140625,70.0,68.0999984741211,69.66999816894531,2224500
GD,2013-04-16,51.23714828491211,68.38999938964844,68.83999633789062,67.97000122070312,68.55000305175781,1810300
GD,2013-04-17,49.768733978271484,66.43000030517578,67.97000122070312,65.7699966430664,67.73999786376953,3789700
GD,2013-04-18,49.439083099365234,65.98999786376953,66.66000366210938,65.37000274658203,66.5,3396300
GD,2013-04-19,50.195777893066406,67.0,67.12999725341797,66.2699966430664,66.3499984741211,2861600
GD,2013-04-22,49.72378158569336,66.37000274658203,67.16000366210938,66.05000305175781,67.16000366210938,1760900
GD,2013-04-23,50.27069091796875,67.0999984741211,67.18000030517578,66.2300033569336,66.94000244140625,1719000
GD,2013-04-24,53.73942947387695,71.7300033569336,72.18000030517578,68.5,68.5199966430664,5152800
GD,2013-04-25,55.0880012512207,73.52999877929688,73.95999908447266,71.12000274658203,71.55999755859375,4411900
GD,2013-04-26,54.91569900512695,73.30000305175781,73.9000015258789,73.01000213623047,73.36000061035156,2026300
GD,2013-04-29,54.900699615478516,73.27999877929688,73.4800033569336,72.97000122070312,73.4800033569336,1994400
GD,2013-04-30,55.41014099121094,73.95999908447266,74.08999633789062,72.68000030517578,73.30000305175781,2080300
GD,2013-05-01,55.27529525756836,73.77999877929688,74.54000091552734,73.66999816894531,73.68000030517578,2345900
GD,2013-05-02,55.78472900390625,74.45999908447266,74.47000122070312,73.69000244140625,73.83999633789062,1293300
GD,2013-05-03,56.36909866333008,75.23999786376953,75.37999725341797,74.4800033569336,74.5,1803100
GD,2013-05-06,56.37660598754883,75.25,75.5,74.9000015258789,75.06999969482422,1480900
GD,2013-05-07,56.339149475097656,75.19999694824219,75.5999984741211,74.88999938964844,75.29000091552734,1595700
GD,2013-05-08,56.50394058227539,75.41999816894531,75.62999725341797,74.73999786376953,75.0999984741211,1584400
GD,2013-05-09,56.37660598754883,75.25,75.87000274658203,75.0199966430664,75.44000244140625,1202100
GD,2013-05-10,56.71372604370117,75.69999694824219,75.7699966430664,75.1500015258789,75.25,1876600
GD,2013-05-13,56.339149475097656,75.19999694824219,75.69999694824219,74.76000213623047,75.41999816894531,1733300
GD,2013-05-14,57.417972564697266,76.63999938964844,77.0,75.31999969482422,75.31999969482422,2664000
GD,2013-05-15,57.39549255371094,76.61000061035156,76.72000122070312,75.70999908447266,76.33000183105469,2191700
GD,2013-05-16,57.04336929321289,76.13999938964844,77.05000305175781,76.04000091552734,76.55000305175781,2057100
GD,2013-05-17,58.654151916503906,78.29000091552734,78.29000091552734,76.37999725341797,76.38999938964844,2720900
GD,2013-05-20,58.88637161254883,78.5999984741211,78.66999816894531,77.88999938964844,78.1500015258789,2315700
GD,2013-05-21,58.421878814697266,77.9800033569336,78.69000244140625,77.81999969482422,78.47000122070312,1875000
GD,2013-05-22,58.00233840942383,77.41999816894531,78.5999984741211,77.13999938964844,78.12000274658203,1742100
GD,2013-05-23,57.642723083496094,76.94000244140625,77.2699966430664,76.16000366210938,76.44000244140625,1368300
GD,2013-05-24,57.9423942565918,77.33999633789062,77.69999694824219,76.37000274658203,76.6500015258789,1278600
GD,2013-05-28,58.33948516845703,77.87000274658203,78.5199966430664,77.48999786376953,78.12000274658203,1068300
GD,2013-05-29,58.084754943847656,77.52999877929688,78.08999633789062,77.08999633789062,77.45999908447266,1151000
GD,2013-05-30,58.699100494384766,78.3499984741211,78.76000213623047,77.7699966430664,77.79000091552734,1167600
GD,2013-05-31,57.76259994506836,77.0999984741211,78.37999725341797,77.0999984741211,78.0,1715800
GD,2013-06-03,58.1147346496582,77.56999969482422,77.91999816894531,76.80999755859375,77.2300033569336,1612700
GD,2013-06-04,57.84502029418945,77.20999908447266,77.80999755859375,76.3499984741211,77.41000366210938,1661400
GD,2013-06-05,57.44792556762695,76.68000030517578,77.16000366210938,76.45999908447266,76.87000274658203,1310000
GD,2013-06-06,58.32450485229492,77.8499984741211,77.87999725341797,76.37999725341797,76.69000244140625,1844100
GD,2013-06-07,59.275962829589844,79.12000274658203,79.45999908447266,78.08000183105469,78.30000305175781,1914000
GD,2013-06-10,58.87140655517578,78.58000183105469,79.25,78.36000061035156,79.0199966430664,1672300
GD,2013-06-11,58.56423568725586,78.16999816894531,79.11000061035156,77.80000305175781,77.94999694824219,1448800
GD,2013-06-12,58.66162872314453,78.30000305175781,79.0,77.91000366210938,78.66000366210938,1258500
GD,2013-06-13,58.48933029174805,78.06999969482422,78.58999633789062,77.69000244140625,78.1500015258789,2498400
GD,2013-06-14,58.43688201904297,78.0,79.0,77.9000015258789,78.11000061035156,1570000
GD,2013-06-17,58.7215690612793,78.37999725341797,79.12999725341797,77.95999908447266,78.62999725341797,1322200
GD,2013-06-18,59.07368469238281,78.8499984741211,79.4800033569336,78.52999877929688,78.58000183105469,1890300
GD,2013-06-19,58.062286376953125,77.5,78.95999908447266,77.4800033569336,78.94000244140625,1735200
GD,2013-06-20,57.11079788208008,76.2300033569336,77.62999725341797,76.12999725341797,76.9800033569336,2246400
GD,2013-06-21,57.08832550048828,76.19999694824219,77.20999908447266,76.19999694824219,76.80999755859375,3264400
GD,2013-06-24,57.29811477661133,76.4800033569336,77.0999984741211,75.62999725341797,76.04000091552734,2283500
GD,2013-06-25,57.2531852722168,76.41999816894531,77.12000274658203,76.0999984741211,76.97000122070312,2067900
GD,2013-06-26,58.35445785522461,77.88999938964844,77.97000122070312,76.69000244140625,77.19999694824219,2217400
GD,2013-06-27,58.9388313293457,78.66999816894531,79.01000213623047,78.02999877929688,78.33999633789062,1848700
GD,2013-06-28,58.684104919433594,78.33000183105469,78.93000030517578,78.2699966430664,78.44000244140625,2382600
GD,2013-07-01,59.19356918334961,79.01000213623047,79.37000274658203,77.95999908447266,78.05999755859375,2260700
GD,2013-07-02,58.90684127807617,78.06999969482422,78.7300033569336,77.5999984741211,78.20999908447266,2863900
GD,2013-07-03,59.11056137084961,78.33999633789062,78.58999633789062,77.4000015258789,77.91000366210938,885800
GD,2013-07-05,59.925445556640625,79.41999816894531,79.56999969482422,78.62000274658203,79.04000091552734,1172000
GD,2013-07-08,60.1518440246582,79.72000122070312,80.1500015258789,79.37999725341797,79.91000366210938,2848800
GD,2013-07-09,60.2574462890625,79.86000061035156,80.54000091552734,79.72000122070312,80.20999908447266,1942800
GD,2013-07-10,60.81581115722656,80.5999984741211,80.95999908447266,79.91999816894531,79.98999786376953,2234500
GD,2013-07-11,62.211700439453125,82.44999694824219,82.72000122070312,81.22000122070312,81.33000183105469,2794200
GD,2013-07-12,62.32491683959961,82.5999984741211,83.05999755859375,82.2300033569336,82.27999877929688,2296900
GD,2013-07-15,63.049251556396484,83.55999755859375,83.58000183105469,82.55000305175781,82.6500015258789,1563800
GD,2013-07-16,62.634254455566406,83.01000213623047,83.87999725341797,82.94999694824219,83.62999725341797,3147300
GD,2013-07-17,62.57391357421875,82.93000030517578,83.44000244140625,82.62000274658203,83.02999877929688,1020700
GD,2013-07-18,63.16996765136719,83.72000122070312,84.1500015258789,83.08999633789062,83.25,1553400
GD,2013-07-19,63.683048248291016,84.4000015258789,84.66999816894531,83.54000091552734,83.80999755859375,2955200
GD,2013-07-22,63.55479049682617,84.2300033569336,84.80999755859375,83.93000030517578,84.16000366210938,1897500
GD,2013-07-23,63.40388870239258,84.02999877929688,84.55999755859375,83.77999877929688,84.44999694824219,1469800
GD,2013-07-24,64.36968994140625,85.30999755859375,86.5999984741211,84.94000244140625,85.0199966430664,2996300
GD,2013-07-25,64.73941040039062,85.80000305175781,85.91999816894531,84.62999725341797,85.4000015258789,1605500
GD,2013-07-26,64.7846908569336,85.86000061035156,85.86000061035156,85.05000305175781,85.31999969482422,1142900
GD,2013-07-29,64.15087890625,85.0199966430664,85.33000183105469,83.98999786376953,84.80000305175781,2024900
GD,2013-07-30,64.626220703125,85.6500015258789,86.01000213623047,85.0,85.16999816894531,1496400
GD,2013-07-31,64.39232635498047,85.33999633789062,86.16999816894531,85.06999969482422,85.5,2853400
GD,2013-08-01,65.50151062011719,86.80999755859375,86.97000122070312,85.76000213623047,85.80000305175781,1524400
GD,2013-08-02,66.01457977294922,87.48999786376953,87.54000091552734,86.44000244140625,86.68000030517578,1761700
GD,2013-08-05,66.16552734375,87.69000244140625,87.81999969482422,86.55000305175781,87.04000091552734,1547900
GD,2013-08-06,65.90142822265625,87.33999633789062,87.8499984741211,87.2300033569336,87.27999877929688,1658600
GD,2013-08-07,65.6599349975586,87.0199966430664,87.54000091552734,86.79000091552734,87.30000305175781,2125300
GD,2013-08-08,65.6599349975586,87.0199966430664,87.80000305175781,86.86000061035156,87.37999725341797,998500
GD,2013-08-09,65.58451080322266,86.91999816894531,87.27999877929688,86.45999908447266,87.02999877929688,1337700
GD,2013-08-12,64.71676635742188,85.7699966430664,86.70999908447266,85.73999786376953,86.62999725341797,1265400
GD,2013-08-13,64.89031982421875,86.0,86.19000244140625,85.27999877929688,85.80999755859375,1266100
GD,2013-08-14,64.35457611083984,85.29000091552734,86.04000091552734,85.16000366210938,86.02999877929688,1384400
GD,2013-08-15,63.23787307739258,83.80999755859375,84.77999877929688,83.72000122070312,84.44000244140625,1171700
GD,2013-08-16,63.192630767822266,83.75,84.30000305175781,83.41000366210938,83.4800033569336,1466300
GD,2013-08-19,63.494415283203125,84.1500015258789,84.55000305175781,83.41000366210938,83.43000030517578,1299800
GD,2013-08-20,63.4642333984375,84.11000061035156,84.77999877929688,84.05999755859375,84.13999938964844,882900
GD,2013-08-21,63.16244125366211,83.70999908447266,84.2699966430664,83.54000091552734,84.0,1084600
GD,2013-08-22,63.758514404296875,84.5,84.69000244140625,83.87000274658203,84.0,1022200
GD,2013-08-23,63.841514587402344,84.61000061035156,84.70999908447266,84.19000244140625,84.47000122070312,954500
GD,2013-08-26,63.562339782714844,84.23999786376953,85.19999694824219,84.23999786376953,84.66999816894531,1534100
GD,2013-08-27,62.55880355834961,82.91000366210938,84.3499984741211,82.7300033569336,83.73999786376953,1275400
GD,2013-08-28,62.51353454589844,82.8499984741211,83.36000061035156,82.2300033569336,82.87000274658203,1265600
GD,2013-08-29,63.064308166503906,83.58000183105469,83.7699966430664,82.45999908447266,82.69000244140625,1011300
GD,2013-08-30,62.815338134765625,83.25,83.70999908447266,83.01000213623047,83.63999938964844,1178700
GD,2013-09-03,63.645328521728516,84.3499984741211,84.73999786376953,83.97000122070312,84.31999969482422,1239500
GD,2013-09-04,64.12824249267578,84.98999786376953,85.08999633789062,84.0199966430664,84.12999725341797,2013800
GD,2013-09-05,64.12824249267578,84.98999786376953,85.05000305175781,84.33000183105469,84.83999633789062,838500
GD,2013-09-06,63.81134033203125,84.56999969482422,85.16999816894531,83.76000213623047,85.11000061035156,973800
GD,2013-09-09,64.34703826904297,85.27999877929688,85.48999786376953,84.76000213623047,84.76000213623047,1101100
GD,2013-09-10,65.44866943359375,86.73999786376953,86.76000213623047,85.5199966430664,85.5999984741211,1348700
GD,2013-09-11,65.56941223144531,86.9000015258789,86.98999786376953,86.11000061035156,86.30000305175781,1072900
GD,2013-09-12,65.36569213867188,86.62999725341797,87.12999725341797,86.38999938964844,87.0199966430664,931400
GD,2013-09-13,65.74293518066406,87.12999725341797,87.27999877929688,86.30999755859375,86.86000061035156,922300
GD,2013-09-16,66.45222473144531,88.06999969482422,88.33000183105469,87.43000030517578,87.56999969482422,1209000
GD,2013-09-17,67.25957489013672,89.13999938964844,89.19999694824219,86.6500015258789,86.6500015258789,1315800
GD,2013-09-18,67.44820404052734,89.38999938964844,89.77999877929688,88.08999633789062,89.0,1319800
GD,2013-09-19,67.6443862915039,89.6500015258789,89.94000244140625,88.9000015258789,89.37999725341797,1279800
GD,2013-09-20,66.5125732421875,88.1500015258789,89.70999908447266,88.0999984741211,89.62000274658203,1688900
GD,2013-09-23,66.33149719238281,87.91000366210938,88.61000061035156,87.61000061035156,88.05999755859375,1293700
GD,2013-09-24,66.34659576416016,87.93000030517578,88.33000183105469,87.7699966430664,87.8499984741211,1536000
GD,2013-09-25,66.20323181152344,87.73999786376953,88.16000366210938,87.58000183105469,88.04000091552734,1288100
GD,2013-09-26,66.58805084228516,88.25,88.45999908447266,87.56999969482422,87.68000030517578,823300
GD,2013-09-27,66.61822509765625,88.29000091552734,88.37999725341797,87.7300033569336,87.9000015258789,1126100
GD,2013-09-30,66.03720092773438,87.5199966430664,87.91000366210938,86.16999816894531,86.25,1695600
GD,2013-10-01,66.76158142089844,88.4800033569336,88.48999786376953,87.44000244140625,87.44999694824219,1127400
GD,2013-10-02,66.02967071533203,87.51000213623047,88.04000091552734,86.66999816894531,88.04000091552734,1303300
GD,2013-10-03,64.87523651123047,85.9800033569336,87.45999908447266,85.19000244140625,87.45999908447266,1472700
GD,2013-10-04,64.82243347167969,85.91000366210938,86.27999877929688,85.41000366210938,85.87000274658203,911400
GD,2013-10-07,65.01859283447266,86.16999816894531,86.80999755859375,85.25,85.36000061035156,1232400
GD,2013-10-08,64.11314392089844,84.97000122070312,86.48999786376953,84.91999816894531,86.30999755859375,1491300
GD,2013-10-09,64.01439666748047,84.27999877929688,84.9000015258789,83.61000061035156,84.5199966430664,1513200
GD,2013-10-10,66.39178466796875,87.41000366210938,87.41000366210938,84.94999694824219,85.02999877929688,1765800
GD,2013-10-11,66.65764617919922,87.76000213623047,87.7699966430664,87.13999938964844,87.41000366210938,963500
GD,2013-10-14,66.69561004638672,87.80999755859375,87.94000244140625,86.79000091552734,87.12999725341797,709500
GD,2013-10-15,65.9664306640625,86.8499984741211,88.0,86.51000213623047,87.88999938964844,787900
GD,2013-10-16,66.49811553955078,87.55000305175781,87.62999725341797,86.94000244140625,87.16000366210938,1025000
GD,2013-10-17,67.1285400390625,88.37999725341797,88.5,87.18000030517578,87.47000122070312,801400
GD,2013-10-18,67.14371490478516,88.4000015258789,88.55000305175781,87.91999816894531,88.47000122070312,1360300
GD,2013-10-21,66.83990478515625,88.0,88.73999786376953,87.93000030517578,88.5999984741211,1980300
GD,2013-10-22,66.96145629882812,88.16000366210938,88.69000244140625,87.98999786376953,88.44999694824219,2098200
GD,2013-10-23,65.49551391601562,86.2300033569336,88.9800033569336,85.83000183105469,88.88999938964844,2410100
GD,2013-10-24,66.17151641845703,87.12000274658203,87.1500015258789,85.79000091552734,86.19999694824219,2036300
GD,2013-10-25,67.03739929199219,88.26000213623047,88.30000305175781,86.55000305175781,86.91999816894531,1907600
GD,2013-10-28,66.57408142089844,87.6500015258789,88.16000366210938,87.33999633789062,88.11000061035156,1750100
GD,2013-10-29,66.74876403808594,87.87999725341797,87.91999816894531,87.0999984741211,87.81999969482422,1762700
GD,2013-10-30,65.69300079345703,86.48999786376953,88.44999694824219,86.3499984741211,88.08999633789062,2055100
GD,2013-10-31,65.79934692382812,86.62999725341797,86.93000030517578,86.12999725341797,86.62000274658203,1446800
GD,2013-11-01,66.19430541992188,87.1500015258789,87.7300033569336,86.66000366210938,86.8499984741211,877700
GD,2013-11-04,66.1411361694336,87.08000183105469,87.56999969482422,86.95999908447266,87.45999908447266,800900
GD,2013-11-05,66.15631103515625,87.0999984741211,87.54000091552734,86.76000213623047,87.05000305175781,1081500
GD,2013-11-06,66.58926391601562,87.66999816894531,87.8499984741211,87.19999694824219,87.58999633789062,1192200
GD,2013-11-07,65.92842864990234,86.80000305175781,87.98999786376953,86.73999786376953,87.70999908447266,1349900
GD,2013-11-08,66.23226165771484,87.19999694824219,87.45999908447266,86.58999633789062,86.76000213623047,1427900
GD,2013-11-11,66.20950317382812,87.16999816894531,87.30999755859375,87.04000091552734,87.22000122070312,989400
GD,2013-11-12,65.87532043457031,86.7300033569336,87.25,86.63999938964844,86.76000213623047,1014000
GD,2013-11-13,66.1411361694336,87.08000183105469,87.1500015258789,86.36000061035156,86.51000213623047,1846200
GD,2013-11-14,66.79435729980469,87.94000244140625,87.94000244140625,87.20999908447266,87.5,2238800
GD,2013-11-15,67.37918853759766,88.70999908447266,88.77999877929688,87.29000091552734,87.81999969482422,1588600
GD,2013-11-18,67.82733154296875,89.30000305175781,89.93000030517578,88.91000366210938,89.0,1407500
GD,2013-11-19,68.21466827392578,89.80999755859375,89.93000030517578,89.05000305175781,89.16999816894531,1796600
GD,2013-11-20,68.07038116455078,89.62000274658203,90.41999816894531,89.30000305175781,89.9000015258789,1688900
GD,2013-11-21,69.19449615478516,91.0999984741211,91.16000366210938,89.83000183105469,90.0,1796900
GD,2013-11-22,69.99201202392578,92.1500015258789,92.22000122070312,90.72000122070312,90.94000244140625,1538400
GD,2013-11-25,69.63504791259766,91.68000030517578,92.48999786376953,91.30000305175781,92.30999755859375,1122900
GD,2013-11-26,69.8173599243164,91.91999816894531,92.29000091552734,91.69000244140625,91.72000122070312,1004700
GD,2013-11-27,70.08316802978516,92.2699966430664,92.75,91.91999816894531,91.98999786376953,886300
GD,2013-11-29,69.61983489990234,91.66000366210938,92.5,91.56999969482422,92.33000183105469,776200
GD,2013-12-02,69.28563690185547,91.22000122070312,92.08000183105469,91.0199966430664,91.4000015258789,1136900
GD,2013-12-03,68.61725616455078,90.33999633789062,91.36000061035156,90.0199966430664,91.08999633789062,1198600
GD,2013-12-04,67.96403503417969,89.4800033569336,90.7699966430664,88.8499984741211,90.0,1597700
GD,2013-12-05,67.77413940429688,89.2300033569336,90.26000213623047,89.0999984741211,89.27999877929688,882000
GD,2013-12-06,68.95903015136719,90.79000091552734,90.79000091552734,89.77999877929688,90.05999755859375,1042700
GD,2013-12-09,68.76156616210938,90.52999877929688,90.9800033569336,90.41000366210938,90.88999938964844,690200
GD,2013-12-10,68.77674102783203,90.55000305175781,90.95999908447266,89.98999786376953,90.2300033569336,893000
GD,2013-12-11,68.13111114501953,89.69999694824219,90.9000015258789,89.18000030517578,90.73999786376953,1924600
GD,2013-12-12,68.27547454833984,89.88999938964844,90.0999984741211,89.41000366210938,89.47000122070312,1141100
GD,2013-12-13,68.55646514892578,90.26000213623047,90.62000274658203,89.37999725341797,89.88999938964844,1178100
GD,2013-12-16,69.05778503417969,90.91999816894531,91.33999633789062,90.29000091552734,90.4800033569336,1200800
GD,2013-12-17,69.4527359008789,91.44000244140625,91.5,91.01000213623047,91.2699966430664,1124200
GD,2013-12-18,71.05538940429688,93.55000305175781,93.61000061035156,91.01000213623047,91.4000015258789,1926800
GD,2013-12-19,70.37938690185547,92.66000366210938,93.12999725341797,92.05000305175781,92.94999694824219,1365600
GD,2013-12-20,70.91866302490234,93.37000274658203,93.91000366210938,92.63999938964844,92.63999938964844,1832100
GD,2013-12-23,70.77433776855469,93.18000030517578,93.91000366210938,93.01000213623047,93.8499984741211,1019500
GD,2013-12-24,71.22247314453125,93.7699966430664,93.7699966430664,93.13999938964844,93.31999969482422,358400
GD,2013-12-26,72.03520965576172,94.83999633789062,94.94000244140625,93.94999694824219,93.94999694824219,786800
GD,2013-12-27,72.15673828125,95.0,95.04000091552734,94.44999694824219,94.48999786376953,944600
GD,2013-12-30,72.23268127441406,95.0999984741211,95.0999984741211,94.66000366210938,94.97000122070312,1015100
GD,2013-12-31,72.5744857788086,95.55000305175781,95.76000213623047,94.36000061035156,94.73999786376953,1078900
GD,2014-01-02,71.96685028076172,94.75,95.52999877929688,94.54000091552734,94.8499984741211,1816400
GD,2014-01-03,71.9592514038086,94.73999786376953,95.37000274658203,94.33999633789062,94.76000213623047,1045600
GD,2014-01-06,71.7465591430664,94.45999908447266,95.2699966430664,94.02999877929688,94.94999694824219,1581900
GD,2014-01-07,72.35417938232422,95.26000213623047,95.66000366210938,94.66999816894531,94.69999694824219,1470800
GD,2014-01-08,71.94403839111328,94.72000122070312,95.30000305175781,94.19999694824219,95.16000366210938,1842200
GD,2014-01-09,72.33145141601562,95.2300033569336,95.97000122070312,94.98999786376953,95.0199966430664,1848500
GD,2014-01-10,72.23268127441406,95.0999984741211,95.63999938964844,94.52999877929688,95.5999984741211,1459900
GD,2014-01-13,72.16431427001953,95.01000213623047,96.27999877929688,94.69999694824219,94.88999938964844,1846500
GD,2014-01-14,72.8858871459961,95.95999908447266,95.95999908447266,95.0,95.44000244140625,1659900
GD,2014-01-15,73.03105163574219,95.58999633789062,96.6500015258789,94.93000030517578,95.2300033569336,2668300
GD,2014-01-16,72.88587951660156,95.4000015258789,95.83000183105469,95.18000030517578,95.44999694824219,777300
GD,2014-01-17,72.93936920166016,95.47000122070312,95.91999816894531,95.33000183105469,95.4000015258789,1748500
GD,2014-01-21,72.80949401855469,95.30000305175781,96.87000274658203,95.20999908447266,95.83999633789062,1673100
GD,2014-01-22,76.13292694091797,99.6500015258789,100.5999984741211,93.8499984741211,96.12000274658203,5421000
GD,2014-01-23,77.58450317382812,101.55000305175781,101.80000305175781,99.93000030517578,99.95999908447266,3070600
GD,2014-01-24,75.109130859375,98.30999755859375,100.20999908447266,98.0999984741211,100.04000091552734,3503500
GD,2014-01-27,76.36210632324219,99.94999694824219,100.37000274658203,97.86000061035156,97.86000061035156,3145800
GD,2014-01-28,76.7823257446289,100.5,101.7300033569336,100.0199966430664,100.0199966430664,3568800
GD,2014-01-29,75.6439437866211,99.01000213623047,99.98999786376953,98.43000030517578,99.77999877929688,2536200
GD,2014-01-30,76.77465057373047,100.48999786376953,100.70999908447266,99.11000061035156,99.13999938964844,2363900
GD,2014-01-31,77.40113067626953,101.30999755859375,102.18000030517578,98.83000183105469,99.20999908447266,3304200
GD,2014-02-03,75.23139190673828,98.47000122070312,101.7699966430664,98.4000015258789,101.0,2721800
GD,2014-02-04,76.15584564208984,99.68000030517578,101.58999633789062,98.75,100.81999969482422,7819300
GD,2014-02-05,75.54460144042969,98.87999725341797,99.83999633789062,97.58000183105469,99.26000213623047,4055600
GD,2014-02-06,77.33238983154297,101.22000122070312,101.58999633789062,99.62000274658203,100.1500015258789,3383200
GD,2014-02-07,79.6014633178711,104.19000244140625,104.58000183105469,101.51000213623047,101.87000274658203,3158900
GD,2014-02-10,78.31793212890625,102.51000213623047,103.63999938964844,102.44000244140625,103.19999694824219,2759600
GD,2014-02-11,78.86038970947266,103.22000122070312,103.75,102.55999755859375,102.76000213623047,1949100
GD,2014-02-12,79.19657897949219,103.66000366210938,103.80999755859375,103.04000091552734,103.29000091552734,2008900
GD,2014-02-13,79.2500228881836,103.7300033569336,104.01000213623047,102.9000015258789,103.04000091552734,1629500
GD,2014-02-14,81.251708984375,106.3499984741211,106.44999694824219,103.22000122070312,103.62000274658203,2579600
GD,2014-02-18,81.57259368896484,106.7699966430664,107.22000122070312,105.58000183105469,106.08000183105469,2246800
GD,2014-02-19,80.41896057128906,105.26000213623047,107.25,105.05000305175781,106.33000183105469,2762400
GD,2014-02-20,82.32132720947266,107.75,108.0,105.52999877929688,105.6500015258789,2377000
GD,2014-02-21,82.09212493896484,107.44999694824219,108.20999908447266,107.05999755859375,108.06999969482422,2426000
GD,2014-02-24,83.09298706054688,108.76000213623047,109.56999969482422,107.0,107.2699966430664,2642400
GD,2014-02-25,82.7186050415039,108.2699966430664,109.26000213623047,107.9800033569336,108.61000061035156,2090400
GD,2014-02-26,82.53523254394531,108.02999877929688,108.69999694824219,107.38999938964844,108.23999786376953,2137700
GD,2014-02-27,83.26107025146484,108.9800033569336,109.04000091552734,107.41000366210938,107.9800033569336,1894100
GD,2014-02-28,83.68890380859375,109.54000091552734,110.25,108.79000091552734,109.04000091552734,2282300
GD,2014-03-03,84.50636291503906,110.61000061035156,110.9800033569336,107.7300033569336,108.05999755859375,3125000
GD,2014-03-04,86.07257080078125,112.66000366210938,113.56999969482422,111.0999984741211,111.12999725341797,3641800
GD,2014-03-05,85.44609832763672,111.83999633789062,113.0999984741211,111.69000244140625,112.4000015258789,2236800
GD,2014-03-06,85.14813995361328,111.44999694824219,112.12999725341797,110.72000122070312,110.80999755859375,2589700
GD,2014-03-07,85.1786880493164,111.48999786376953,112.08999633789062,110.62000274658203,110.83000183105469,2642300
GD,2014-03-10,84.35357666015625,110.41000366210938,111.27999877929688,110.01000213623047,110.5199966430664,2191300
GD,2014-03-11,83.26868438720703,108.98999786376953,110.62999725341797,108.91999816894531,109.83999633789062,1905200
GD,2014-03-12,83.56665802001953,109.37999725341797,109.45999908447266,108.04000091552734,108.5,1793500
GD,2014-03-13,82.50468444824219,107.98999786376953,110.31999969482422,107.30000305175781,109.58000183105469,3006200
GD,2014-03-14,82.22966003417969,107.62999725341797,108.47000122070312,107.20999908447266,107.8499984741211,2445400
GD,2014-03-17,82.82559967041016,108.41000366210938,108.91999816894531,106.29000091552734,106.36000061035156,1756700
GD,2014-03-18,83.58193969726562,109.4000015258789,109.63999938964844,108.68000030517578,108.88999938964844,2034200
GD,2014-03-19,82.527587890625,108.0199966430664,110.33000183105469,107.4800033569336,109.66000366210938,2185600
GD,2014-03-20,81.93932342529297,107.25,108.37999725341797,106.87000274658203,107.94999694824219,2057300
GD,2014-03-21,81.80945587158203,107.08000183105469,108.44000244140625,107.04000091552734,108.27999877929688,5152100
GD,2014-03-24,81.42741394042969,106.58000183105469,107.95999908447266,105.66000366210938,107.5,2191600
GD,2014-03-25,82.24490356445312,107.6500015258789,108.5199966430664,106.80999755859375,107.12999725341797,1850800
GD,2014-03-26,81.48857879638672,106.66000366210938,108.81999969482422,106.66000366210938,108.19000244140625,2073500
GD,2014-03-27,81.2669906616211,106.37000274658203,107.2300033569336,105.5,106.19999694824219,1893000
GD,2014-03-28,82.28311157226562,107.69999694824219,108.08000183105469,106.37999725341797,106.43000030517578,1505700
GD,2014-03-31,83.21520233154297,108.91999816894531,109.18000030517578,108.19000244140625,108.5,1713500
GD,2014-04-01,83.79583740234375,109.68000030517578,109.73999786376953,108.66000366210938,109.16000366210938,1441100
GD,2014-04-02,84.50636291503906,110.61000061035156,111.20999908447266,109.75,109.7699966430664,1672500
GD,2014-04-03,84.72029113769531,110.88999938964844,111.31999969482422,110.19999694824219,110.95999908447266,1199100
GD,2014-04-04,82.73387145996094,108.29000091552734,111.83000183105469,108.01000213623047,111.3499984741211,2052000
GD,2014-04-07,82.24490356445312,107.6500015258789,109.25,107.13999938964844,108.29000091552734,2338300
GD,2014-04-08,81.27464294433594,106.37999725341797,108.0,106.0999984741211,107.6500015258789,2403500
GD,2014-04-09,83.02677917480469,108.04000091552734,108.18000030517578,106.05000305175781,106.1500015258789,1695400
GD,2014-04-10,81.23621368408203,105.70999908447266,108.69999694824219,105.6500015258789,108.2699966430664,1453700
GD,2014-04-11,80.6828842163086,104.98999786376953,106.13999938964844,104.94000244140625,105.37000274658203,1447800
GD,2014-04-14,80.79048919677734,105.12999725341797,106.0199966430664,104.22000122070312,105.41000366210938,1718200
GD,2014-04-15,81.99700164794922,106.69999694824219,106.91999816894531,104.69999694824219,105.44999694824219,1709900
GD,2014-04-16,83.13436126708984,108.18000030517578,108.19000244140625,106.69000244140625,107.44999694824219,1194800
GD,2014-04-17,83.81063842773438,109.05999755859375,109.48999786376953,107.61000061035156,108.43000030517578,1556800
GD,2014-04-21,83.99507141113281,109.30000305175781,109.5999984741211,108.41999816894531,109.19000244140625,1280000
GD,2014-04-22,83.02677917480469,108.04000091552734,109.91000366210938,108.01000213623047,109.36000061035156,2020900
GD,2014-04-23,85.7472152709961,111.58000183105469,112.0999984741211,106.54000091552734,108.37000274658203,2264700
GD,2014-04-24,84.8557357788086,110.41999816894531,111.98999786376953,109.91999816894531,111.80000305175781,2016700
GD,2014-04-25,83.7721939086914,109.01000213623047,110.38999938964844,108.7300033569336,110.0,1258400
GD,2014-04-28,82.5272445678711,107.38999938964844,109.91000366210938,106.58000183105469,109.87000274658203,2644200
GD,2014-04-29,83.19584655761719,108.26000213623047,109.08000183105469,108.12999725341797,108.54000091552734,2801700
GD,2014-04-30,84.11034393310547,109.44999694824219,109.9000015258789,107.83999633789062,108.37999725341797,2409100
GD,2014-05-01,84.35627746582031,109.7699966430664,110.79000091552734,109.18000030517578,109.51000213623047,1880500
GD,2014-05-02,85.30917358398438,111.01000213623047,111.69000244140625,109.70999908447266,109.97000122070312,2124700
GD,2014-05-05,85.9777603149414,111.87999725341797,111.98999786376953,110.41000366210938,110.5999984741211,2117800
GD,2014-05-06,85.85479736328125,111.72000122070312,112.2300033569336,111.16999816894531,111.33999633789062,1795200
GD,2014-05-07,86.03921508789062,111.95999908447266,112.37000274658203,111.20999908447266,112.0,2503700
GD,2014-05-08,86.01615142822266,111.93000030517578,112.55999755859375,111.43000030517578,111.97000122070312,2128800
GD,2014-05-09,86.67706298828125,112.79000091552734,112.79000091552734,111.08000183105469,111.86000061035156,2129900
GD,2014-05-12,88.2601318359375,114.8499984741211,114.94000244140625,112.93000030517578,113.0,2412000
GD,2014-05-13,88.5982666015625,115.29000091552734,115.95999908447266,114.75,115.0,2225400
GD,2014-05-14,88.11415100097656,114.66000366210938,115.87000274658203,114.56999969482422,115.33999633789062,1958600
GD,2014-05-15,87.00751495361328,113.22000122070312,114.83000183105469,113.08999633789062,114.55999755859375,2110100
GD,2014-05-16,87.26878356933594,113.55999755859375,113.69999694824219,112.43000030517578,113.31999969482422,2534700
GD,2014-05-19,88.23709106445312,114.81999969482422,115.0,112.81999969482422,112.93000030517578,2027800
GD,2014-05-20,86.8999252319336,113.08000183105469,114.55999755859375,112.62999725341797,114.04000091552734,1853500
GD,2014-05-21,88.10643005371094,114.6500015258789,114.7300033569336,113.26000213623047,113.27999877929688,1550800
GD,2014-05-22,88.36006927490234,114.9800033569336,115.23999786376953,114.30999755859375,114.69999694824219,1313200
GD,2014-05-23,88.75196838378906,115.48999786376953,115.87999725341797,114.9800033569336,115.02999877929688,1472100
GD,2014-05-27,89.412841796875,116.3499984741211,116.4800033569336,115.48999786376953,115.75,1151600
GD,2014-05-28,90.34273529052734,117.55999755859375,117.75,115.55999755859375,116.06999969482422,2146700
GD,2014-05-29,90.65780639648438,117.97000122070312,118.19000244140625,116.83000183105469,117.52999877929688,1893300
GD,2014-05-30,90.77307891845703,118.12000274658203,118.22000122070312,116.97000122070312,117.69999694824219,1870900
GD,2014-06-02,90.69622039794922,118.0199966430664,118.4800033569336,117.62999725341797,118.11000061035156,1508700
GD,2014-06-03,90.95753479003906,118.36000061035156,118.76000213623047,117.0,117.0,2090900
GD,2014-06-04,90.95753479003906,118.36000061035156,118.66000366210938,117.86000061035156,118.31999969482422,1512700
GD,2014-06-05,92.90174865722656,120.88999938964844,120.91000366210938,118.66999816894531,118.75,1969200
GD,2014-06-06,92.85563659667969,120.83000183105469,121.54000091552734,120.4800033569336,120.7699966430664,1871600
GD,2014-06-09,92.69430541992188,120.62000274658203,121.68000030517578,120.29000091552734,121.0,2245200
GD,2014-06-10,92.84796142578125,120.81999969482422,121.08999633789062,119.98999786376953,120.55000305175781,1586000
GD,2014-06-11,92.1179428100586,119.87000274658203,120.73999786376953,119.61000061035156,120.31999969482422,1578200
GD,2014-06-12,91.03433990478516,118.45999908447266,120.06999969482422,118.12000274658203,119.7699966430664,1049300
GD,2014-06-13,91.55693054199219,119.13999938964844,119.56999969482422,118.26000213623047,118.76000213623047,956500
GD,2014-06-16,91.60303497314453,119.19999694824219,119.70999908447266,118.69999694824219,118.9000015258789,1251200
GD,2014-06-17,91.52617645263672,119.0999984741211,119.37999725341797,118.19000244140625,119.26000213623047,1197900
GD,2014-06-18,91.94116973876953,119.63999938964844,119.79000091552734,118.45999908447266,119.31999969482422,926500
GD,2014-06-19,92.24856567382812,120.04000091552734,120.16999816894531,118.9800033569336,119.66000366210938,1256800
GD,2014-06-20,91.87200927734375,119.55000305175781,120.0999984741211,119.44000244140625,119.69999694824219,2210200
GD,2014-06-23,91.24951934814453,118.73999786376953,119.81999969482422,118.43000030517578,119.81999969482422,1193200
GD,2014-06-24,89.67414855957031,116.69000244140625,118.8499984741211,116.62999725341797,118.11000061035156,1483400
GD,2014-06-25,90.08145904541016,117.22000122070312,117.41000366210938,116.19999694824219,116.69999694824219,1215900
GD,2014-06-26,89.89700317382812,116.9800033569336,117.37000274658203,116.16000366210938,117.29000091552734,909200
GD,2014-06-27,90.29662322998047,117.5,117.75,116.75,116.77999877929688,1522400
GD,2014-06-30,89.56655883789062,116.55000305175781,117.55999755859375,116.37999725341797,117.41000366210938,1231500
GD,2014-07-01,89.9682846069336,116.44999694824219,117.06999969482422,114.66000366210938,115.16999816894531,2174100
GD,2014-07-02,89.23435974121094,115.5,116.44999694824219,115.12999725341797,116.19000244140625,1484300
GD,2014-07-03,89.63607788085938,116.0199966430664,116.5199966430664,115.75,116.05000305175781,888900
GD,2014-07-07,89.427490234375,115.75,116.2300033569336,115.33999633789062,116.16999816894531,1392000
GD,2014-07-08,88.69355010986328,114.80000305175781,115.75,114.31999969482422,115.66999816894531,1316300
GD,2014-07-09,89.32705688476562,115.62000274658203,115.68000030517578,114.52999877929688,115.0,1094800
GD,2014-07-10,89.25749969482422,115.52999877929688,116.12000274658203,114.04000091552734,114.06999969482422,1173200
GD,2014-07-11,90.27734375,116.8499984741211,117.0199966430664,115.30999755859375,115.66999816894531,1513300
GD,2014-07-14,90.14600372314453,116.68000030517578,117.44999694824219,116.41000366210938,117.08999633789062,1556900
GD,2014-07-15,90.78726196289062,117.51000213623047,118.0999984741211,116.87000274658203,116.88999938964844,1596700
GD,2014-07-16,90.78726196289062,117.51000213623047,118.1500015258789,117.1500015258789,117.95999908447266,798800
GD,2014-07-17,89.69788360595703,116.0999984741211,117.55000305175781,116.05000305175781,117.05999755859375,795800
GD,2014-07-18,90.88768768310547,117.63999938964844,117.87999725341797,116.51000213623047,116.6500015258789,1424900
GD,2014-07-21,91.43622589111328,118.3499984741211,118.47000122070312,117.0999984741211,117.4800033569336,828500
GD,2014-07-22,91.59075164794922,118.55000305175781,119.13999938964844,118.3499984741211,118.70999908447266,1382700
GD,2014-07-23,93.2750015258789,120.7300033569336,121.11000061035156,119.11000061035156,120.3499984741211,2915400
GD,2014-07-24,93.85443878173828,121.4800033569336,121.93000030517578,120.6500015258789,120.72000122070312,2182100
GD,2014-07-25,93.5917739868164,121.13999938964844,122.16999816894531,120.86000061035156,120.95999908447266,1220600
GD,2014-07-28,93.08186340332031,120.4800033569336,121.11000061035156,119.70999908447266,120.70999908447266,1239300
GD,2014-07-29,92.07746887207031,119.18000030517578,120.70999908447266,119.18000030517578,120.4800033569336,990000
GD,2014-07-30,92.10063934326172,119.20999908447266,119.9800033569336,118.55000305175781,119.2300033569336,1184200
GD,2014-07-31,90.21553039550781,116.7699966430664,118.87000274658203,116.44999694824219,118.33000183105469,2168100
GD,2014-08-01,90.68680572509766,117.37999725341797,118.08000183105469,116.41999816894531,116.41999816894531,1540200
GD,2014-08-04,90.57093048095703,117.2300033569336,117.5999984741211,115.91000366210938,117.37999725341797,1814900
GD,2014-08-05,89.89104461669922,116.3499984741211,118.5,116.16000366210938,117.0,1914300
GD,2014-08-06,88.6549072265625,114.75,115.98999786376953,114.5999984741211,115.55999755859375,1826600
GD,2014-08-07,88.37677001953125,114.38999938964844,116.0999984741211,114.0999984741211,114.73999786376953,1566300
GD,2014-08-08,90.516845703125,117.16000366210938,117.29000091552734,114.5999984741211,114.5999984741211,1873500
GD,2014-08-11,91.0267562866211,117.81999969482422,118.51000213623047,117.41999816894531,117.86000061035156,1139000
GD,2014-08-12,90.56322479248047,117.22000122070312,118.5999984741211,116.86000061035156,117.72000122070312,936800
GD,2014-08-13,92.03113555908203,119.12000274658203,119.30000305175781,117.63999938964844,117.8499984741211,921100
GD,2014-08-14,92.03113555908203,119.12000274658203,119.93000030517578,119.05000305175781,119.3499984741211,966000
GD,2014-08-15,92.20110321044922,119.33999633789062,120.0,118.55000305175781,119.55000305175781,1879600
GD,2014-08-18,93.6226806640625,121.18000030517578,121.48999786376953,120.16999816894531,120.19999694824219,1079400
GD,2014-08-19,94.10939025878906,121.80999755859375,121.9800033569336,121.30000305175781,121.4000015258789,1054800
GD,2014-08-20,95.3996353149414,123.4800033569336,123.75,121.48999786376953,121.6500015258789,1220800
GD,2014-08-21,95.55416107177734,123.68000030517578,124.25,123.12999725341797,123.47000122070312,1254700
GD,2014-08-22,95.68549346923828,123.8499984741211,124.37999725341797,123.12000274658203,123.66999816894531,1121600
GD,2014-08-25,96.12586975097656,124.41999816894531,124.8499984741211,123.62999725341797,124.19000244140625,1167900
GD,2014-08-26,96.11041259765625,124.4000015258789,124.88999938964844,124.26000213623047,124.66000366210938,760300
GD,2014-08-27,95.79362487792969,123.98999786376953,124.76000213623047,123.68000030517578,124.5999984741211,878500
GD,2014-08-28,95.330078125,123.38999938964844,123.79000091552734,122.94000244140625,123.69999694824219,1083900
GD,2014-08-29,95.22190856933594,123.25,123.5999984741211,122.63999938964844,123.05000305175781,1140600
GD,2014-09-02,94.76611328125,122.66000366210938,123.83999633789062,122.54000091552734,123.3499984741211,1711300
GD,2014-09-03,96.51985168457031,124.93000030517578,124.9800033569336,123.47000122070312,123.55000305175781,2142800
GD,2014-09-04,96.34219360351562,124.69999694824219,126.22000122070312,124.51000213623047,124.94999694824219,1493000
GD,2014-09-05,96.92162322998047,125.44999694824219,125.5,123.55999755859375,124.7300033569336,1459800
GD,2014-09-08,97.16886138916016,125.7699966430664,126.44999694824219,125.04000091552734,125.26000213623047,1479400
GD,2014-09-09,97.54743957519531,126.26000213623047,127.0199966430664,125.72000122070312,125.7699966430664,1607800
GD,2014-09-10,98.44361877441406,127.41999816894531,127.69000244140625,126.02999877929688,126.12999725341797,1203000
GD,2014-09-11,97.8255615234375,126.62000274658203,127.19999694824219,126.33999633789062,127.08999633789062,1241800
GD,2014-09-12,97.65560150146484,126.4000015258789,126.69000244140625,125.80000305175781,126.61000061035156,1027200
GD,2014-09-15,98.00324249267578,126.8499984741211,127.12999725341797,125.77999877929688,126.33999633789062,1099300
GD,2014-09-16,98.6985855102539,127.75,128.33999633789062,126.18000030517578,126.5999984741211,1253000
GD,2014-09-17,99.07717895507812,128.24000549316406,128.89999389648438,127.33000183105469,128.0,985100
GD,2014-09-18,99.88067626953125,129.27999877929688,129.42999267578125,128.55999755859375,128.60000610351562,1122600
GD,2014-09-19,100.01200866699219,129.4499969482422,130.1699981689453,129.00999450683594,130.0,2467400
GD,2014-09-22,98.90718078613281,128.02000427246094,129.3800048828125,127.88999938964844,129.27000427246094,1155900
GD,2014-09-23,97.32337951660156,125.97000122070312,128.02999877929688,125.87999725341797,127.62000274658203,1603700
GD,2014-09-24,98.10368347167969,126.9800033569336,127.19999694824219,125.9000015258789,126.13999938964844,1289300
GD,2014-09-25,96.5816879272461,125.01000213623047,127.0,124.69999694824219,126.87000274658203,1431100
GD,2014-09-26,98.65998077392578,127.69999694824219,127.94999694824219,125.23999786376953,125.47000122070312,1569300
GD,2014-09-29,98.49771881103516,127.48999786376953,128.47999572753906,126.58999633789062,126.80000305175781,1303600
GD,2014-09-30,98.18865966796875,127.08999633789062,128.38999938964844,126.88999938964844,127.5,1820500
GD,2014-10-01,96.02539825439453,124.29000091552734,126.22000122070312,124.11000061035156,126.16999816894531,1929300
GD,2014-10-02,94.1016616821289,121.80000305175781,123.6500015258789,120.55999755859375,123.08000183105469,5747200
GD,2014-10-03,95.44596099853516,123.54000091552734,123.79000091552734,122.43000030517578,122.62000274658203,2679800
GD,2014-10-06,95.11376953125,123.11000061035156,124.91999816894531,122.38999938964844,124.16000366210938,1493700
GD,2014-10-07,93.24408721923828,120.69000244140625,122.94999694824219,120.66000366210938,122.80000305175781,1783700
GD,2014-10-08,95.6359634399414,123.1500015258789,123.31999969482422,119.54000091552734,120.2699966430664,1767100
GD,2014-10-09,94.35460662841797,121.5,123.36000061035156,120.95999908447266,123.19000244140625,2090900
GD,2014-10-10,94.13716888427734,121.22000122070312,122.44999694824219,120.55000305175781,121.66999816894531,2437300
GD,2014-10-13,91.84625244140625,118.2699966430664,123.08999633789062,118.16000366210938,122.19000244140625,2319600
GD,2014-10-14,92.11028289794922,118.61000061035156,120.1500015258789,118.12999725341797,118.52999877929688,2469000
GD,2014-10-15,91.62103271484375,117.9800033569336,118.66999816894531,114.7300033569336,117.5999984741211,2292700
GD,2014-10-16,91.52009582519531,117.8499984741211,118.63999938964844,115.62999725341797,115.98999786376953,2157100
GD,2014-10-17,93.86534881591797,120.87000274658203,121.5,119.01000213623047,119.01000213623047,1929900
GD,2014-10-20,94.19930267333984,121.30000305175781,121.3499984741211,120.27999877929688,120.51000213623047,1114000
GD,2014-10-21,96.21063995361328,123.88999938964844,124.19000244140625,121.19000244140625,121.19000244140625,1781000
GD,2014-10-22,98.08995819091797,126.30999755859375,128.22000122070312,125.58999633789062,127.18000030517578,2620900
GD,2014-10-23,101.21957397460938,130.33999633789062,131.44000244140625,128.47000122070312,128.58999633789062,2192400
GD,2014-10-24,102.89701080322266,132.5,132.5399932861328,129.86000061035156,130.33999633789062,1407800
GD,2014-10-27,103.35520935058594,133.08999633789062,133.2899932861328,131.83999633789062,132.3300018310547,1988500
GD,2014-10-28,106.08099365234375,136.60000610351562,136.60000610351562,133.74000549316406,133.8000030517578,2041100
GD,2014-10-29,105.96448516845703,136.4499969482422,136.9199981689453,135.60000610351562,136.4199981689453,1828900
GD,2014-10-30,107.39338684082031,138.2899932861328,139.02000427246094,134.6699981689453,135.55999755859375,2275000
GD,2014-10-31,108.53499603271484,139.75999450683594,140.77999877929688,138.6300048828125,139.7899932861328,2758600
GD,2014-11-03,108.50389862060547,139.72000122070312,140.4199981689453,138.72000122070312,139.75999450683594,2339100
GD,2014-11-04,109.33485412597656,140.7899932861328,140.88999938964844,139.3000030517578,139.64999389648438,1965200
GD,2014-11-05,110.23568725585938,141.9499969482422,142.3800048828125,140.27000427246094,141.13999938964844,1916200
GD,2014-11-06,109.93284606933594,141.55999755859375,142.57000732421875,141.36000061035156,142.0,1490900
GD,2014-11-07,108.83008575439453,140.13999938964844,141.72999572753906,139.72999572753906,141.5,1994800
GD,2014-11-10,109.3581771850586,140.82000732421875,141.47000122070312,139.9199981689453,140.3000030517578,1762500
GD,2014-11-11,109.73087310791016,141.3000030517578,142.1199951171875,141.00999450683594,141.0500030517578,1276600
GD,2014-11-12,109.73087310791016,141.3000030517578,141.64999389648438,140.7100067138672,140.8800048828125,1226800
GD,2014-11-13,110.82591247558594,142.7100067138672,143.5,140.88999938964844,140.97999572753906,1977400
GD,2014-11-14,110.78709411621094,142.66000366210938,143.4199981689453,141.5500030517578,142.61000061035156,1768500
GD,2014-11-17,110.3133316040039,142.0500030517578,142.94000244140625,141.6999969482422,142.2100067138672,1298600
GD,2014-11-18,111.77330780029297,143.92999267578125,144.6999969482422,141.92999267578125,142.24000549316406,1349000
GD,2014-11-19,111.3384017944336,143.3699951171875,143.63999938964844,142.47000122070312,143.50999450683594,1069700
GD,2014-11-20,111.63352966308594,143.75,143.92999267578125,141.97000122070312,142.75999450683594,1103000
GD,2014-11-21,112.28583526611328,144.58999633789062,145.72000122070312,144.27000427246094,145.35000610351562,1404900
GD,2014-11-24,112.51103210449219,144.8800048828125,145.9199981689453,144.63999938964844,145.08999633789062,1631900
GD,2014-11-25,112.29362487792969,144.60000610351562,145.44000244140625,144.55999755859375,145.39999389648438,1614600
GD,2014-11-26,112.2392807006836,144.52999877929688,145.0500030517578,144.38999938964844,144.89999389648438,1552800
GD,2014-11-28,112.88381958007812,145.36000061035156,146.1300048828125,145.02999877929688,145.30999755859375,840100
GD,2014-12-01,111.64128112792969,143.75999450683594,145.1999969482422,143.6999969482422,145.0,1823400
GD,2014-12-02,111.99851989746094,144.22000122070312,144.63999938964844,143.8699951171875,144.08999633789062,1489400
GD,2014-12-03,112.70523071289062,145.1300048828125,145.38999938964844,144.3300018310547,144.75,1980500
GD,2014-12-04,112.51103210449219,144.8800048828125,145.32000732421875,144.10000610351562,145.32000732421875,1365300
GD,2014-12-05,112.72076416015625,145.14999389648438,145.5,144.72000122070312,145.0,1812400
GD,2014-12-08,112.5732192993164,144.9600067138672,145.6300048828125,144.3000030517578,145.25,2135500
GD,2014-12-09,112.61976623535156,145.02000427246094,145.64999389648438,142.94000244140625,143.55999755859375,1850400
GD,2014-12-10,109.60663604736328,141.13999938964844,144.8300018310547,140.94000244140625,144.66000366210938,1993800
GD,2014-12-11,110.58515167236328,142.39999389648438,143.35000610351562,141.6699981689453,141.75999450683594,1599700
GD,2014-12-12,106.70999145507812,137.41000366210938,141.2899932861328,137.33999633789062,141.00999450683594,2988700
GD,2014-12-15,105.31218719482422,135.61000061035156,138.60000610351562,135.49000549316406,137.6699981689453,2468200
GD,2014-12-16,105.92566680908203,136.39999389648438,138.9499969482422,135.0500030517578,135.42999267578125,2210100
GD,2014-12-17,106.57022857666016,137.22999572753906,137.8699951171875,135.47999572753906,136.60000610351562,1954400
GD,2014-12-18,108.58158874511719,139.82000732421875,140.25,138.72000122070312,138.72000122070312,3154500
GD,2014-12-19,108.58934020996094,139.8300018310547,140.83999633789062,139.75,140.1199951171875,4035600
GD,2014-12-22,109.80855560302734,141.39999389648438,142.00999450683594,140.2100067138672,140.67999267578125,3251700
GD,2014-12-23,109.73867797851562,141.30999755859375,142.3800048828125,141.1699981689453,142.13999938964844,1553800
GD,2014-12-24,109.91728210449219,141.5399932861328,142.0500030517578,141.42999267578125,141.60000610351562,815300
GD,2014-12-26,109.80081939697266,141.38999938964844,142.0800018310547,141.3000030517578,141.92999267578125,570700
GD,2014-12-29,109.24166870117188,140.6699981689453,141.30999755859375,140.22999572753906,141.0,985400
GD,2014-12-30,108.43402862548828,139.6300048828125,140.72999572753906,139.4499969482422,140.6199951171875,965900
GD,2014-12-31,106.87309265136719,137.6199951171875,139.88999938964844,137.50999450683594,139.1999969482422,1169400
GD,2015-01-02,107.51766967773438,138.4499969482422,139.0500030517578,137.16000366210938,138.47000122070312,1111700
GD,2015-01-05,105.27333068847656,135.55999755859375,138.6300048828125,135.3800048828125,137.9600067138672,1437100
GD,2015-01-06,105.39759063720703,135.72000122070312,136.61000061035156,134.17999267578125,135.77999877929688,2766800
GD,2015-01-07,104.99376678466797,135.1999969482422,136.6699981689453,134.97000122070312,135.7899932861328,2067200
GD,2015-01-08,107.525390625,138.4600067138672,138.57000732421875,135.97000122070312,136.1300048828125,3858400
GD,2015-01-09,107.9214859008789,138.97000122070312,139.50999450683594,137.3800048828125,138.3699951171875,3032700
GD,2015-01-12,107.09049224853516,137.89999389648438,139.60000610351562,137.52999877929688,139.58999633789062,1386200
GD,2015-01-13,107.0051040649414,137.7899932861328,140.75,136.69000244140625,139.50999450683594,1722100
GD,2015-01-14,107.1455307006836,137.35000610351562,137.82000732421875,135.39999389648438,135.8300018310547,1258800
GD,2015-01-15,107.4263916015625,137.7100067138672,138.47999572753906,136.74000549316406,138.16000366210938,1481500
GD,2015-01-16,108.48728942871094,139.07000732421875,139.14999389648438,136.80999755859375,137.49000549316406,1681500
GD,2015-01-20,107.7227783203125,138.08999633789062,139.88999938964844,136.61000061035156,139.08999633789062,1761500
GD,2015-01-21,108.34685516357422,138.88999938964844,139.33999633789062,137.80999755859375,138.30999755859375,1197900
GD,2015-01-22,110.15670776367188,141.2100067138672,141.55999755859375,138.4600067138672,139.4199981689453,1311200
GD,2015-01-23,110.24250030517578,141.32000732421875,142.41000366210938,140.3300018310547,141.16000366210938,895600
GD,2015-01-26,109.25956726074219,140.05999755859375,141.1300048828125,139.50999450683594,141.1300048828125,1223300
GD,2015-01-27,107.02851867675781,137.1999969482422,138.75,137.0500030517578,138.3300018310547,1590100
GD,2015-01-28,106.40442657470703,136.39999389648438,141.9199981689453,136.1300048828125,139.0,2764700
GD,2015-01-29,104.90666198730469,134.47999572753906,136.83999633789062,133.0399932861328,136.32000732421875,3133200
GD,2015-01-30,103.91596221923828,133.2100067138672,135.11000061035156,132.6300048828125,132.8300018310547,3479800
GD,2015-02-02,106.18601989746094,136.1199951171875,136.49000549316406,132.5,133.88999938964844,2031000
GD,2015-02-03,108.39366912841797,138.9499969482422,139.10000610351562,136.47000122070312,136.89999389648438,1893100
GD,2015-02-04,108.06600952148438,138.52999877929688,139.8699951171875,138.25999450683594,138.75,1500500
GD,2015-02-05,108.19083404541016,138.69000244140625,139.1999969482422,138.02000427246094,138.55999755859375,1399500
GD,2015-02-06,108.65887451171875,139.2899932861328,140.35000610351562,138.3000030517578,138.69000244140625,1428400
GD,2015-02-09,106.82567596435547,136.94000244140625,139.25999450683594,136.6300048828125,138.64999389648438,1902100
GD,2015-02-10,107.77739715576172,138.16000366210938,138.72999572753906,136.6999969482422,138.72999572753906,1361300
GD,2015-02-11,107.03632354736328,137.2100067138672,138.24000549316406,136.32000732421875,138.08999633789062,1297400
GD,2015-02-12,107.76960754394531,138.14999389648438,138.5500030517578,137.05999755859375,137.27000427246094,860900
GD,2015-02-13,107.3483657836914,137.61000061035156,138.1999969482422,136.97000122070312,137.6999969482422,1361700
GD,2015-02-17,107.69160461425781,138.0500030517578,138.25999450683594,136.25999450683594,137.30999755859375,1242400
GD,2015-02-18,108.16744232177734,138.66000366210938,138.89999389648438,137.63999938964844,137.74000549316406,755200
GD,2015-02-19,108.83051300048828,139.50999450683594,139.9199981689453,138.00999450683594,138.33999633789062,741900
GD,2015-02-20,110.96018981933594,142.24000549316406,142.5500030517578,139.0399932861328,139.32000732421875,1341200
GD,2015-02-23,110.19567108154297,141.25999450683594,142.0500030517578,140.77000427246094,141.74000549316406,747400
GD,2015-02-24,110.52335357666016,141.67999267578125,142.05999755859375,140.82000732421875,140.8800048828125,764100
GD,2015-02-25,109.32201385498047,140.13999938964844,141.67999267578125,139.97999572753906,141.67999267578125,735300
GD,2015-02-26,108.76805877685547,139.42999267578125,140.63999938964844,139.0,140.1999969482422,1059500
GD,2015-02-27,108.26107025146484,138.77999877929688,139.5399932861328,138.72999572753906,139.05999755859375,1267800
GD,2015-03-02,109.05672454833984,139.8000030517578,140.6199951171875,138.77999877929688,138.77999877929688,1278200
GD,2015-03-03,106.94271850585938,137.08999633789062,139.1699981689453,136.35000610351562,139.1199951171875,1513400
GD,2015-03-04,106.2874526977539,136.25,137.52999877929688,136.02999877929688,136.52999877929688,1866600
GD,2015-03-05,106.42782592773438,136.42999267578125,137.27999877929688,135.74000549316406,136.2100067138672,1660500
GD,2015-03-06,105.00025939941406,134.60000610351562,136.2100067138672,134.47999572753906,135.66000366210938,1393100
GD,2015-03-09,106.0300064086914,135.9199981689453,136.55999755859375,134.07000732421875,134.3699951171875,1115300
GD,2015-03-10,103.51032257080078,132.69000244140625,134.99000549316406,132.6300048828125,134.50999450683594,1997000
GD,2015-03-11,103.20606231689453,132.3000030517578,133.77000427246094,132.07000732421875,133.4499969482422,1495100
GD,2015-03-12,104.27476501464844,133.6699981689453,134.07000732421875,132.5399932861328,132.5399932861328,1520000
GD,2015-03-13,103.1202392578125,132.19000244140625,134.85000610351562,131.3300018310547,133.5399932861328,1627300
GD,2015-03-16,105.2889175415039,134.97000122070312,135.02000427246094,132.80999755859375,132.94000244140625,1899800
GD,2015-03-17,104.63360595703125,134.1300048828125,134.5500030517578,133.39999389648438,134.27000427246094,1171200
GD,2015-03-18,106.18601989746094,136.1199951171875,136.2899932861328,132.4499969482422,133.5,2032800
GD,2015-03-19,105.53072357177734,135.27999877929688,136.27000427246094,135.02000427246094,135.55999755859375,1628500
GD,2015-03-20,105.63211822509766,135.41000366210938,137.3000030517578,134.89999389648438,135.60000610351562,5233200
GD,2015-03-23,105.998779296875,135.8800048828125,137.02999877929688,135.8300018310547,136.4499969482422,1596600
GD,2015-03-24,105.46833801269531,135.1999969482422,137.1699981689453,135.1199951171875,135.83999633789062,1435100
GD,2015-03-25,104.34500122070312,133.75999450683594,136.52999877929688,133.6699981689453,135.8800048828125,1803500
GD,2015-03-26,104.9456787109375,134.52999877929688,135.0500030517578,132.27999877929688,132.99000549316406,1856200
GD,2015-03-27,105.34352111816406,135.0399932861328,135.32000732421875,134.13999938964844,134.35000610351562,945700
GD,2015-03-30,107.27037811279297,137.50999450683594,138.0500030517578,135.17999267578125,135.66000366210938,1099100
GD,2015-03-31,105.88179779052734,135.72999572753906,137.0,135.6699981689453,136.47999572753906,1286400
GD,2015-04-01,104.51663208007812,133.97999572753906,135.13999938964844,132.67999267578125,135.07000732421875,1131400
GD,2015-04-02,104.32159423828125,133.72999572753906,135.17999267578125,133.6199951171875,134.08999633789062,815200
GD,2015-04-06,105.71018981933594,135.50999450683594,136.0800018310547,133.00999450683594,133.25999450683594,1112100
GD,2015-04-07,105.31228637695312,135.0,136.2100067138672,134.9499969482422,135.8000030517578,1610600
GD,2015-04-08,106.04155731201172,135.24000549316406,135.7100067138672,134.1999969482422,134.1999969482422,1157500
GD,2015-04-09,106.46495056152344,135.77999877929688,136.5500030517578,134.7100067138672,135.2899932861328,845000
GD,2015-04-10,106.5668716430664,135.91000366210938,136.82000732421875,135.5500030517578,136.22000122070312,1028100
GD,2015-04-13,105.6729965209961,134.77000427246094,136.39999389648438,134.5500030517578,135.63999938964844,754100
GD,2015-04-14,104.36354064941406,133.10000610351562,134.77000427246094,132.13999938964844,134.64999389648438,1486400
GD,2015-04-15,103.97149658203125,132.60000610351562,134.4199981689453,132.47999572753906,133.6699981689453,1256900
GD,2015-04-16,104.40276336669922,133.14999389648438,133.85000610351562,131.47000122070312,132.2899932861328,1352500
GD,2015-04-17,102.92862701416016,131.27000427246094,132.57000732421875,130.91000366210938,132.57000732421875,1223100
GD,2015-04-20,104.50469970703125,133.27999877929688,133.8800048828125,131.94000244140625,132.0500030517578,776600
GD,2015-04-21,104.39491271972656,133.13999938964844,134.1199951171875,132.7100067138672,133.82000732421875,742300
GD,2015-04-22,104.84185791015625,133.7100067138672,133.97999572753906,132.0,133.02000427246094,869400
GD,2015-04-23,104.12834930419922,132.8000030517578,133.35000610351562,132.27000427246094,133.02000427246094,1613800
GD,2015-04-24,105.14764404296875,134.10000610351562,134.1999969482422,132.52000427246094,132.8000030517578,1229000
GD,2015-04-27,104.72423553466797,133.55999755859375,134.66000366210938,133.3699951171875,134.49000549316406,1069900
GD,2015-04-28,104.66148376464844,133.47999572753906,133.66000366210938,132.1999969482422,133.27999877929688,1163400
GD,2015-04-29,108.6212158203125,138.52999877929688,140.19000244140625,136.17999267578125,136.69000244140625,2822600
GD,2015-04-30,107.6724624633789,137.32000732421875,139.16000366210938,136.7899932861328,137.91000366210938,2908000
GD,2015-05-01,109.88360595703125,140.13999938964844,140.30999755859375,137.80999755859375,137.82000732421875,1885700
GD,2015-05-04,110.24430084228516,140.60000610351562,140.99000549316406,138.92999267578125,139.83999633789062,1697300
GD,2015-05-05,108.1899642944336,137.97999572753906,140.5500030517578,137.55999755859375,140.5500030517578,1652100
GD,2015-05-06,107.91552734375,137.6300048828125,138.72000122070312,137.16000366210938,138.60000610351562,1792800
GD,2015-05-07,108.44088745117188,138.3000030517578,138.38999938964844,137.05999755859375,137.5,1157400
GD,2015-05-08,111.075439453125,141.66000366210938,141.9600067138672,138.75,140.10000610351562,1727600
GD,2015-05-11,109.94632720947266,140.22000122070312,141.5,140.1699981689453,141.5,968200
GD,2015-05-12,109.32687377929688,139.42999267578125,139.86000061035156,138.4499969482422,139.13999938964844,804100
GD,2015-05-13,109.00541687011719,139.02000427246094,140.3800048828125,138.75999450683594,140.0,953300
GD,2015-05-14,110.51090240478516,140.94000244140625,141.1199951171875,139.89999389648438,140.0,875500
GD,2015-05-15,109.86013793945312,140.11000061035156,141.4199981689453,139.8699951171875,141.0,1278200
GD,2015-05-18,109.9933853149414,140.27999877929688,140.72999572753906,139.8699951171875,140.1999969482422,1074500
GD,2015-05-19,109.81302642822266,140.0500030517578,140.8000030517578,139.7100067138672,140.22000122070312,881100
GD,2015-05-20,109.73460388183594,139.9499969482422,140.89999389648438,139.89999389648438,140.5399932861328,951500
GD,2015-05-21,110.45599365234375,140.8699951171875,141.10000610351562,139.85000610351562,139.9600067138672,1248100
GD,2015-05-22,109.49150848388672,139.63999938964844,140.36000061035156,138.77000427246094,139.8800048828125,1183800
GD,2015-05-26,108.19779205322266,137.99000549316406,139.49000549316406,137.50999450683594,139.4600067138672,1092200
GD,2015-05-27,110.21295928955078,140.55999755859375,140.99000549316406,138.52999877929688,138.64999389648438,1615600
GD,2015-05-28,110.0953369140625,140.41000366210938,140.52000427246094,139.35000610351562,139.9600067138672,1134600
GD,2015-05-29,109.8992691040039,140.16000366210938,140.52999877929688,138.77000427246094,140.50999450683594,1699000
GD,2015-06-01,109.96985626220703,140.25,140.86000061035156,138.7899932861328,140.35000610351562,1221600
GD,2015-06-02,110.24430084228516,140.60000610351562,141.08999633789062,138.5500030517578,139.6199951171875,932200
GD,2015-06-03,110.30703735351562,140.67999267578125,141.85000610351562,140.25,140.7899932861328,1036900
GD,2015-06-04,108.97405242919922,138.97999572753906,140.97999572753906,138.42999267578125,139.80999755859375,1590400
GD,2015-06-05,109.16221618652344,139.22000122070312,139.6199951171875,137.5800018310547,138.5,873700
GD,2015-06-08,108.47224426269531,138.33999633789062,140.0,138.32000732421875,139.1699981689453,1027900
GD,2015-06-09,108.73881530761719,138.67999267578125,139.44000244140625,137.8300018310547,138.33999633789062,1284200
GD,2015-06-10,110.9813232421875,141.5399932861328,141.89999389648438,138.67999267578125,138.67999267578125,1335400
GD,2015-06-11,111.5380859375,142.25,142.6699981689453,141.1199951171875,141.67999267578125,1425000
GD,2015-06-12,111.3812255859375,142.0500030517578,142.2899932861328,140.22999572753906,141.75999450683594,1203900
GD,2015-06-15,111.35775756835938,142.02000427246094,142.5,140.17999267578125,140.74000549316406,1414300
GD,2015-06-16,112.30645751953125,143.22999572753906,144.19000244140625,141.66000366210938,141.7100067138672,1888300
GD,2015-06-17,113.3022689819336,144.5,144.7899932861328,142.8800048828125,143.52000427246094,1395000
GD,2015-06-18,114.47057342529297,145.99000549316406,147.02999877929688,144.66000366210938,144.66000366210938,1717500
GD,2015-06-19,113.764892578125,145.08999633789062,146.2899932861328,145.02000427246094,145.58999633789062,1469000
GD,2015-06-22,113.98445892333984,145.3699951171875,146.07000732421875,144.35000610351562,145.6999969482422,1223400
GD,2015-06-23,113.98445892333984,145.3699951171875,146.02000427246094,144.6300048828125,146.02000427246094,1293500
GD,2015-06-24,114.1020736694336,145.52000427246094,146.10000610351562,144.69000244140625,145.25,1583300
GD,2015-06-25,113.01219177246094,144.1300048828125,146.0,144.0800018310547,146.0,1140500
GD,2015-06-26,114.2745361328125,145.74000549316406,146.0399932861328,144.2899932861328,144.55999755859375,2906900
GD,2015-06-29,111.2165756225586,141.83999633789062,144.88999938964844,141.75999450683594,144.3699951171875,1627000
GD,2015-06-30,111.64208221435547,141.69000244140625,142.7899932861328,140.67999267578125,142.41000366210938,1363400
GD,2015-07-01,112.80821228027344,143.1699981689453,144.2899932861328,142.36000061035156,142.42999267578125,1217100
GD,2015-07-02,112.79244232177734,143.14999389648438,144.1199951171875,142.7100067138672,143.8000030517578,1098900
GD,2015-07-06,112.94214630126953,143.33999633789062,144.02999877929688,141.72000122070312,142.24000549316406,1307500
GD,2015-07-07,113.18637084960938,143.64999389648438,143.6999969482422,141.4499969482422,143.55999755859375,1539300
GD,2015-07-08,112.09117126464844,142.25999450683594,143.55999755859375,141.82000732421875,142.72999572753906,1566300
GD,2015-07-09,113.36764526367188,143.8800048828125,144.72999572753906,143.69000244140625,143.8000030517578,1790500
GD,2015-07-10,115.11682891845703,146.10000610351562,146.97999572753906,145.2100067138672,145.8699951171875,1707400
GD,2015-07-13,115.2192611694336,146.22999572753906,147.55999755859375,145.89999389648438,147.22999572753906,1723700
GD,2015-07-14,115.80233001708984,146.97000122070312,147.63999938964844,146.57000732421875,146.57000732421875,1787200
GD,2015-07-15,116.02291870117188,147.25,147.74000549316406,146.72999572753906,147.14999389648438,1646000
GD,2015-07-16,116.9684829711914,148.4499969482422,148.6699981689453,147.72999572753906,148.0,1315600
GD,2015-07-17,117.12606048583984,148.64999389648438,148.83999633789062,146.99000549316406,148.60000610351562,1064800
GD,2015-07-20,117.40973663330078,149.00999450683594,149.33999633789062,148.3800048828125,148.63999938964844,983100
GD,2015-07-21,115.26655578613281,146.2899932861328,148.61000061035156,145.38999938964844,148.5399932861328,1451900
GD,2015-07-22,114.42347717285156,145.22000122070312,146.3699951171875,144.16000366210938,146.11000061035156,2012400
GD,2015-07-23,114.0925064086914,144.8000030517578,146.3300018310547,144.58999633789062,145.6199951171875,1467400
GD,2015-07-24,112.37483215332031,142.6199951171875,144.8300018310547,142.30999755859375,144.80999755859375,1659000
GD,2015-07-27,112.20938110351562,142.41000366210938,142.92999267578125,141.8000030517578,142.1199951171875,1466000
GD,2015-07-28,113.69068145751953,144.2899932861328,145.8699951171875,142.8699951171875,142.94000244140625,2061100
GD,2015-07-29,118.15827941894531,149.9600067138672,153.39999389648438,149.07000732421875,149.27000427246094,4004500
GD,2015-07-30,118.4103775024414,150.27999877929688,151.2100067138672,149.64999389648438,149.9499969482422,1603600
GD,2015-07-31,117.4885025024414,149.11000061035156,150.63999938964844,148.75,150.55999755859375,1309400
GD,2015-08-03,117.28367614746094,148.85000610351562,149.5800018310547,147.66000366210938,149.1300048828125,921500
GD,2015-08-04,117.24425506591797,148.8000030517578,149.91000366210938,147.63999938964844,148.6999969482422,897200
GD,2015-08-05,118.04796600341797,149.82000732421875,150.8300018310547,149.52999877929688,149.75,814200
GD,2015-08-06,117.76428985595703,149.4600067138672,150.39999389648438,148.47999572753906,150.11000061035156,813900
GD,2015-08-07,117.96912384033203,149.72000122070312,149.97999572753906,148.42999267578125,149.27999877929688,951300
GD,2015-08-10,119.73411560058594,151.9600067138672,152.3699951171875,150.6699981689453,150.6699981689453,1011900
GD,2015-08-11,118.66252899169922,150.60000610351562,150.97000122070312,149.49000549316406,150.6699981689453,950400
GD,2015-08-12,118.4970932006836,150.38999938964844,150.69000244140625,147.6699981689453,149.11000061035156,1227500
GD,2015-08-13,118.61522674560547,150.5399932861328,151.0800018310547,149.5399932861328,150.1300048828125,851500
GD,2015-08-14,119.45832061767578,151.61000061035156,151.6999969482422,149.7100067138672,150.41000366210938,712900
GD,2015-08-17,120.43537902832031,152.85000610351562,153.0,150.8300018310547,151.0800018310547,1182100
GD,2015-08-18,120.77417755126953,153.27999877929688,153.52000427246094,151.88999938964844,152.3000030517578,982200
GD,2015-08-19,120.35658264160156,152.75,153.75999450683594,151.77999877929688,152.7899932861328,1287900
GD,2015-08-20,117.34667205810547,148.92999267578125,152.11000061035156,148.86000061035156,151.85000610351562,1292500
GD,2015-08-21,114.38406372070312,145.1699981689453,147.74000549316406,145.1300048828125,147.74000549316406,2652100
GD,2015-08-24,110.94869995117188,140.80999755859375,146.0800018310547,132.02000427246094,136.00999450683594,3009400
GD,2015-08-25,109.39644622802734,138.83999633789062,144.75,138.74000549316406,144.08999633789062,2175900
GD,2015-08-26,113.50157928466797,144.0500030517578,144.14999389648438,139.1999969482422,141.85000610351562,1806200
GD,2015-08-27,114.38406372070312,145.1699981689453,145.91000366210938,142.58999633789062,144.82000732421875,2418300
GD,2015-08-28,113.87979888916016,144.52999877929688,145.3699951171875,143.38999938964844,144.52999877929688,1203200
GD,2015-08-31,111.90995025634766,142.02999877929688,144.0,141.50999450683594,143.75999450683594,1224900
GD,2015-09-01,109.43582153320312,138.88999938964844,140.6300048828125,138.27999877929688,139.94000244140625,2290000
GD,2015-09-02,112.24090576171875,142.4499969482422,142.4499969482422,140.2100067138672,140.30999755859375,1171800
GD,2015-09-03,112.99728393554688,143.41000366210938,144.5399932861328,142.4600067138672,142.66000366210938,1356400
GD,2015-09-04,111.24022674560547,141.17999267578125,141.99000549316406,140.5,141.61000061035156,974000
GD,2015-09-08,113.76945495605469,144.38999938964844,144.38999938964844,142.69000244140625,143.41000366210938,1375600
GD,2015-09-09,112.25667572021484,142.47000122070312,145.85000610351562,142.17999267578125,145.5800018310547,1207900
GD,2015-09-10,110.86985778808594,140.7100067138672,142.47999572753906,140.05999755859375,142.47000122070312,1590200
GD,2015-09-11,111.79175567626953,141.8800048828125,141.89999389648438,140.02000427246094,140.25,1259000
GD,2015-09-14,110.82264709472656,140.64999389648438,142.4600067138672,140.27999877929688,142.0,1053800
GD,2015-09-15,111.72086334228516,141.7899932861328,142.08999633789062,140.1300048828125,141.00999450683594,1124700
GD,2015-09-16,111.76024627685547,141.83999633789062,142.0,140.92999267578125,141.8300018310547,1147300
GD,2015-09-17,111.53962707519531,141.55999755859375,143.75999450683594,141.27000427246094,142.00999450683594,1215600
GD,2015-09-18,109.71160888671875,139.24000549316406,140.49000549316406,138.72000122070312,139.97000122070312,3093400
GD,2015-09-21,110.08979797363281,139.72000122070312,140.5800018310547,138.88999938964844,139.5399932861328,897800
GD,2015-09-22,108.69520568847656,137.9499969482422,138.7899932861328,137.4199981689453,138.02000427246094,1390400
GD,2015-09-23,107.6078872680664,136.57000732421875,138.32000732421875,136.02000427246094,137.9600067138672,950800
GD,2015-09-24,109.1364517211914,138.50999450683594,138.99000549316406,134.63999938964844,135.6699981689453,1982700
GD,2015-09-25,108.75038146972656,138.02000427246094,139.82000732421875,137.41000366210938,139.22999572753906,1174200
GD,2015-09-28,106.45745086669922,135.11000061035156,137.63999938964844,135.0399932861328,136.80999755859375,1762700
GD,2015-09-29,106.8356704711914,135.58999633789062,135.85000610351562,134.10000610351562,134.8300018310547,1869600
GD,2015-09-30,108.69520568847656,137.9499969482422,138.50999450683594,136.2899932861328,137.3800048828125,1557700
GD,2015-10-01,108.87641906738281,138.17999267578125,138.7899932861328,136.4199981689453,138.0,1226800
GD,2015-10-02,109.62493896484375,139.1300048828125,139.14999389648438,135.77000427246094,135.99000549316406,1169800
GD,2015-10-05,113.5567398071289,144.1199951171875,144.41000366210938,140.24000549316406,140.47999572753906,1774800
GD,2015-10-06,110.83048248291016,140.66000366210938,144.58999633789062,140.47999572753906,143.50999450683594,1787000
GD,2015-10-07,111.13932037353516,140.36000061035156,142.13999938964844,139.58999633789062,140.82000732421875,1405800
GD,2015-10-08,112.36661529541016,141.91000366210938,142.17999267578125,138.6199951171875,139.58999633789062,1102900
GD,2015-10-09,113.00794219970703,142.72000122070312,143.49000549316406,141.8699951171875,141.91000366210938,1265600
GD,2015-10-12,113.77606201171875,143.69000244140625,144.00999450683594,142.72999572753906,143.07000732421875,588600
GD,2015-10-13,112.2082748413086,141.7100067138672,143.57000732421875,141.58999633789062,142.16000366210938,703700
GD,2015-10-14,110.45832824707031,139.5,142.41000366210938,139.22000122070312,141.77000427246094,865400
GD,2015-10-15,111.8757095336914,141.2899932861328,141.2899932861328,139.5500030517578,140.5500030517578,749800
GD,2015-10-16,112.2003173828125,141.6999969482422,142.00999450683594,140.3800048828125,141.05999755859375,1058400
GD,2015-10-19,111.84400177001953,141.25,141.32000732421875,140.3699951171875,140.92999267578125,958100
GD,2015-10-20,111.84400177001953,141.25,141.7100067138672,140.5399932861328,141.19000244140625,990500
GD,2015-10-21,113.30095672607422,143.08999633789062,144.8300018310547,141.66000366210938,142.0,1099600
GD,2015-10-22,116.5948715209961,147.25,147.67999267578125,143.88999938964844,144.0,1330100
GD,2015-10-23,117.41051483154297,148.27999877929688,148.8000030517578,147.38999938964844,148.25,1198400
GD,2015-10-26,117.30750274658203,148.14999389648438,148.8800048828125,147.5800018310547,148.22000122070312,851800
GD,2015-10-27,117.5054931640625,148.39999389648438,149.07000732421875,147.39999389648438,147.67999267578125,1621200
GD,2015-10-28,119.38999938964844,150.77999877929688,152.50999450683594,147.2100067138672,150.8699951171875,2626800
GD,2015-10-29,118.74866485595703,149.97000122070312,150.92999267578125,147.5,150.47000122070312,1680100
GD,2015-10-30,117.64800262451172,148.5800018310547,150.94000244140625,147.27999877929688,150.35000610351562,2127500
GD,2015-11-02,117.75885772705078,148.72000122070312,149.3800048828125,147.6699981689453,149.24000549316406,1651100
GD,2015-11-03,116.53155517578125,147.1699981689453,148.10000610351562,146.1699981689453,147.5800018310547,1868000
GD,2015-11-04,116.6186752319336,147.27999877929688,147.8800048828125,146.8300018310547,147.2899932861328,893600
GD,2015-11-05,116.45237731933594,147.07000732421875,147.67999267578125,145.5399932861328,147.2100067138672,1272600
GD,2015-11-06,115.54178619384766,145.9199981689453,146.99000549316406,144.83999633789062,146.69000244140625,1744600
GD,2015-11-09,114.25112915039062,144.2899932861328,145.67999267578125,143.66000366210938,145.4600067138672,1164100
GD,2015-11-10,113.97401428222656,143.94000244140625,144.72999572753906,142.5,143.72999572753906,1455300
GD,2015-11-11,113.47515106201172,143.30999755859375,144.7899932861328,143.25999450683594,144.42999267578125,1218000
GD,2015-11-12,112.31912994384766,141.85000610351562,143.00999450683594,141.6199951171875,143.00999450683594,1667900
GD,2015-11-13,111.32935333251953,140.60000610351562,142.24000549316406,140.17999267578125,141.22999572753906,1634100
GD,2015-11-16,113.45142364501953,143.27999877929688,143.36000061035156,141.0800018310547,141.25,1731400
GD,2015-11-17,113.12674713134766,142.8699951171875,144.4499969482422,142.5,143.7100067138672,1426700
GD,2015-11-18,113.79193115234375,143.7100067138672,143.97999572753906,142.27999877929688,143.2899932861328,1037700
GD,2015-11-19,114.97168731689453,145.1999969482422,145.9199981689453,144.27999877929688,144.8300018310547,1510500
GD,2015-11-20,115.20923614501953,145.5,146.72000122070312,145.38999938964844,146.25,1644600
GD,2015-11-23,114.4886703491211,144.58999633789062,146.0,144.3699951171875,145.75999450683594,1129700
GD,2015-11-24,115.23302459716797,145.52999877929688,146.00999450683594,143.63999938964844,143.8699951171875,1260000
GD,2015-11-25,114.9558334350586,145.17999267578125,145.9499969482422,144.89999389648438,145.6300048828125,1157700
GD,2015-11-27,115.2567367553711,145.55999755859375,145.99000549316406,145.13999938964844,145.52999877929688,542100
GD,2015-11-30,115.96939849853516,146.4600067138672,147.58999633789062,146.0,146.5,1960600
GD,2015-12-01,116.8720703125,147.60000610351562,148.39999389648438,146.8300018310547,147.22999572753906,1618800
GD,2015-12-02,115.09049224853516,145.35000610351562,147.49000549316406,145.22999572753906,147.41000366210938,1576400
GD,2015-12-03,112.40621948242188,141.9600067138672,145.72000122070312,141.5800018310547,145.44000244140625,2988700
GD,2015-12-04,113.89482879638672,143.83999633789062,144.27000427246094,142.3699951171875,142.4499969482422,1882700
GD,2015-12-07,113.30095672607422,143.08999633789062,144.19000244140625,141.52999877929688,143.75999450683594,1782800
GD,2015-12-08,112.43785858154297,142.0,142.57000732421875,140.85000610351562,142.1699981689453,1423100
GD,2015-12-09,110.98886108398438,140.1699981689453,142.6300048828125,139.32000732421875,141.89999389648438,1653600
GD,2015-12-10,110.85425567626953,140.0,141.0399932861328,139.50999450683594,140.1999969482422,1355300
GD,2015-12-11,109.14392852783203,137.83999633789062,139.25,137.57000732421875,138.91000366210938,1307800
GD,2015-12-14,110.21290588378906,139.19000244140625,139.3000030517578,137.05999755859375,138.3300018310547,1244400
GD,2015-12-15,109.30228424072266,138.0399932861328,140.47999572753906,137.9499969482422,139.8300018310547,2181900
GD,2015-12-16,110.56916046142578,139.63999938964844,140.08999633789062,136.4199981689453,137.74000549316406,2163100
GD,2015-12-17,109.39730072021484,138.16000366210938,140.0800018310547,138.00999450683594,139.57000732421875,1186700
GD,2015-12-18,108.2491683959961,136.7100067138672,138.1199951171875,136.0800018310547,137.39999389648438,2570800
GD,2015-12-21,109.34184265136719,138.08999633789062,139.13999938964844,136.66000366210938,137.27999877929688,941800
GD,2015-12-22,110.80677032470703,139.94000244140625,140.50999450683594,138.50999450683594,139.1300048828125,1283600
GD,2015-12-23,110.76710510253906,139.88999938964844,140.8699951171875,139.44000244140625,140.42999267578125,967300
GD,2015-12-24,110.7275619506836,139.83999633789062,140.19000244140625,139.49000549316406,139.72999572753906,358100
GD,2015-12-28,110.52960205078125,139.58999633789062,140.16000366210938,138.3000030517578,139.75,731200
GD,2015-12-29,111.12347412109375,140.33999633789062,141.2899932861328,139.74000549316406,140.63999938964844,776600
GD,2015-12-30,110.26829528808594,139.25999450683594,140.61000061035156,138.85000610351562,140.22999572753906,766000
GD,2015-12-31,108.76386260986328,137.36000061035156,138.74000549316406,136.6199951171875,138.5,786500
GD,2016-01-04,107.74240112304688,136.07000732421875,136.10000610351562,134.80999755859375,135.6199951171875,1772200
GD,2016-01-05,108.1937255859375,136.63999938964844,137.35000610351562,135.52999877929688,136.10000610351562,1525100
GD,2016-01-06,107.1010513305664,135.25999450683594,136.1300048828125,134.0800018310547,135.0,1576200
GD,2016-01-07,103.56953430175781,130.8000030517578,133.97000122070312,130.4199981689453,133.69000244140625,2096200
GD,2016-01-08,103.0865478515625,130.19000244140625,132.2100067138672,129.8699951171875,130.94000244140625,2120800
GD,2016-01-11,103.95753479003906,131.2899932861328,132.17999267578125,130.14999389648438,131.39999389648438,2080100
GD,2016-01-12,104.9076919555664,132.49000549316406,132.88999938964844,131.02999877929688,132.44000244140625,1516800
GD,2016-01-13,102.71882629394531,129.0500030517578,132.8300018310547,128.82000732421875,132.52000427246094,1400900
GD,2016-01-14,102.71086120605469,129.0399932861328,130.14999389648438,127.36000061035156,129.1300048828125,1713300
GD,2016-01-15,100.28317260742188,125.98999786376953,127.11000061035156,124.56999969482422,125.83000183105469,2849300
GD,2016-01-19,101.38954162597656,127.37999725341797,128.10000610351562,126.11000061035156,126.9000015258789,1643700
GD,2016-01-20,98.84246826171875,124.18000030517578,126.08999633789062,121.61000061035156,125.4000015258789,2161800
GD,2016-01-21,98.95393371582031,124.31999969482422,125.61000061035156,123.69000244140625,124.37999725341797,1568300
GD,2016-01-22,100.58565521240234,126.37000274658203,126.48999786376953,124.76000213623047,125.5,1195800
GD,2016-01-25,99.1767807006836,124.5999984741211,126.33000183105469,124.43000030517578,126.01000213623047,1788000
GD,2016-01-26,101.38954162597656,127.37999725341797,127.80999755859375,123.93000030517578,124.29000091552734,1777300
GD,2016-01-27,102.67901611328125,129.0,135.33999633789062,122.66999816894531,124.11000061035156,5841600
GD,2016-01-28,102.40043640136719,128.64999389648438,130.0399932861328,127.36000061035156,128.85000610351562,2504500
GD,2016-01-29,106.47575378417969,133.77000427246094,134.22999572753906,129.14999389648438,129.14999389648438,3751600
GD,2016-02-01,106.35639190673828,133.6199951171875,134.3800048828125,130.8300018310547,132.3000030517578,2793900
GD,2016-02-02,106.28472900390625,133.52999877929688,133.94000244140625,131.99000549316406,132.67999267578125,2896700
GD,2016-02-03,106.49166107177734,133.7899932861328,134.41000366210938,131.4600067138672,134.08999633789062,2046600
GD,2016-02-04,107.73339080810547,135.35000610351562,136.08999633789062,133.13999938964844,133.75999450683594,2306300
GD,2016-02-05,106.81803894042969,134.1999969482422,136.1300048828125,133.83999633789062,135.2100067138672,1799100
GD,2016-02-08,105.27388000488281,132.25999450683594,132.72999572753906,130.72999572753906,132.32000732421875,1941100
GD,2016-02-09,105.17037200927734,132.1300048828125,132.9199981689453,130.47000122070312,130.47000122070312,2205400
GD,2016-02-10,105.91857147216797,133.07000732421875,134.3699951171875,132.5,132.52999877929688,1337200
GD,2016-02-11,102.34469604492188,128.5800018310547,131.1699981689453,125.73999786376953,130.58999633789062,2580400
GD,2016-02-12,103.61827087402344,130.17999267578125,130.5500030517578,127.68000030517578,129.63999938964844,1722100
GD,2016-02-16,104.67687225341797,131.50999450683594,132.58999633789062,130.25,131.47999572753906,1620500
GD,2016-02-17,107.4786605834961,135.02999877929688,135.47999572753906,132.24000549316406,132.24000549316406,1566300
GD,2016-02-18,107.49458312988281,135.0500030517578,136.27000427246094,134.1999969482422,134.6199951171875,1359100
GD,2016-02-19,107.6617431640625,135.25999450683594,136.00999450683594,134.32000732421875,134.88999938964844,1370700
GD,2016-02-22,108.74422454833984,136.6199951171875,137.72000122070312,135.25999450683594,135.25999450683594,1208600
GD,2016-02-23,108.1791000366211,135.91000366210938,137.19000244140625,135.27000427246094,135.94000244140625,1221900
GD,2016-02-24,107.57417297363281,135.14999389648438,135.6300048828125,132.85000610351562,135.0,1371800
GD,2016-02-25,109.23776245117188,137.24000549316406,137.35000610351562,135.30999755859375,135.52000427246094,1091400
GD,2016-02-26,109.13424682617188,137.11000061035156,138.52999877929688,137.00999450683594,137.61000061035156,1752800
GD,2016-02-29,108.46566009521484,136.27000427246094,137.5500030517578,135.5500030517578,136.89999389648438,2944700
GD,2016-03-01,110.03370666503906,138.24000549316406,138.3699951171875,136.63999938964844,136.97000122070312,1290600
GD,2016-03-02,107.9403305053711,135.61000061035156,138.1199951171875,133.57000732421875,137.69000244140625,2665800
GD,2016-03-03,108.04380798339844,135.74000549316406,136.52999877929688,134.6699981689453,135.74000549316406,2012600
GD,2016-03-04,107.67765045166016,135.27999877929688,136.52000427246094,134.8800048828125,135.74000549316406,1710300
GD,2016-03-07,105.32953643798828,132.3300018310547,134.9499969482422,131.50999450683594,134.1699981689453,2099300
GD,2016-03-08,104.58930969238281,131.39999389648438,132.27000427246094,130.74000549316406,131.27999877929688,1782200
GD,2016-03-09,104.9952621459961,131.91000366210938,132.33999633789062,130.6300048828125,131.6199951171875,1503200
GD,2016-03-10,106.31655883789062,133.57000732421875,134.25999450683594,131.94000244140625,132.8000030517578,2234600
GD,2016-03-11,107.8686752319336,135.52000427246094,136.0399932861328,134.32000732421875,134.5500030517578,1495900
GD,2016-03-14,106.82598876953125,134.2100067138672,135.55999755859375,134.1300048828125,134.94000244140625,1419300
GD,2016-03-15,106.09368133544922,133.2899932861328,134.08999633789062,132.3800048828125,134.08999633789062,1468200
GD,2016-03-16,106.6508560180664,133.99000549316406,134.42999267578125,132.5399932861328,133.27999877929688,1146600
GD,2016-03-17,106.75434112548828,134.1199951171875,134.47000122070312,133.52000427246094,134.25999450683594,1617000
GD,2016-03-18,107.81298828125,135.4499969482422,136.08999633789062,134.1699981689453,134.49000549316406,2581200
GD,2016-03-21,107.27967834472656,134.77999877929688,135.41000366210938,134.38999938964844,134.89999389648438,1151300
GD,2016-03-22,107.64583587646484,135.24000549316406,135.97999572753906,134.02000427246094,134.67999267578125,954900
GD,2016-03-23,106.91354370117188,134.32000732421875,135.52000427246094,134.08999633789062,135.1999969482422,785600
GD,2016-03-24,102.74272918701172,129.0800018310547,132.39999389648438,127.73999786376953,132.39999389648438,3344100
GD,2016-03-28,104.12767028808594,130.82000732421875,131.11000061035156,128.99000549316406,129.5,1786100
GD,2016-03-29,104.95545196533203,131.86000061035156,132.1999969482422,130.05999755859375,130.7899932861328,1633800
GD,2016-03-30,104.85201263427734,131.72999572753906,132.39999389648438,131.24000549316406,132.1300048828125,1400200
GD,2016-03-31,104.56543731689453,131.3699951171875,131.82000732421875,130.4199981689453,131.57000732421875,1820800
GD,2016-04-01,105.3375473022461,132.33999633789062,132.6199951171875,129.69000244140625,130.3800048828125,2060900
GD,2016-04-04,104.82012939453125,131.69000244140625,133.07000732421875,131.52000427246094,132.2899932861328,1555300
GD,2016-04-05,104.1435546875,130.83999633789062,132.3300018310547,130.6199951171875,131.33999633789062,1488700
GD,2016-04-06,105.45658111572266,131.72000122070312,131.85000610351562,129.5500030517578,129.7899932861328,1455200
GD,2016-04-07,105.19236755371094,131.38999938964844,133.0,130.83999633789062,131.27999877929688,1419800
GD,2016-04-08,106.40930938720703,132.91000366210938,133.8000030517578,132.2899932861328,132.4199981689453,1120800
GD,2016-04-11,105.60069274902344,131.89999389648438,134.07000732421875,131.86000061035156,133.3800048828125,902200
GD,2016-04-12,106.92172241210938,133.5500030517578,133.85000610351562,131.82000732421875,131.94000244140625,826900
GD,2016-04-13,107.53819274902344,134.32000732421875,134.99000549316406,133.5,134.47999572753906,1387800
GD,2016-04-14,106.9377212524414,133.57000732421875,134.44000244140625,132.89999389648438,134.1199951171875,1159900
GD,2016-04-15,107.93047332763672,134.80999755859375,135.13999938964844,133.50999450683594,133.69000244140625,1158600
GD,2016-04-18,109.11537170410156,136.2899932861328,136.50999450683594,134.33999633789062,134.6199951171875,1283500
GD,2016-04-19,109.43562316894531,136.69000244140625,136.9499969482422,135.5800018310547,136.5500030517578,1567800
GD,2016-04-20,109.45164489746094,136.7100067138672,139.0399932861328,136.60000610351562,136.74000549316406,1639000
GD,2016-04-21,110.26024627685547,137.72000122070312,138.77000427246094,136.6999969482422,136.86000061035156,1492600
GD,2016-04-22,110.40433502197266,137.89999389648438,138.42999267578125,136.44000244140625,138.02999877929688,1140100
GD,2016-04-25,109.51570129394531,136.7899932861328,137.75,136.5,137.0500030517578,951500
GD,2016-04-26,111.05288696289062,138.7100067138672,139.0,137.24000549316406,137.50999450683594,1468500
GD,2016-04-27,114.97589874267578,143.61000061035156,144.14999389648438,138.60000610351562,139.0,2888100
GD,2016-04-28,113.0143814086914,141.16000366210938,143.4499969482422,140.6699981689453,142.2100067138672,1783000
GD,2016-04-29,112.50198364257812,140.52000427246094,140.8300018310547,139.0,140.10000610351562,1893500
GD,2016-05-02,113.55076599121094,141.8300018310547,142.8000030517578,139.97000122070312,140.72000122070312,1529100
GD,2016-05-03,113.95909118652344,142.33999633789062,142.82000732421875,140.07000732421875,141.13999938964844,1291700
GD,2016-05-04,113.23051452636719,141.42999267578125,142.35000610351562,140.66000366210938,141.99000549316406,958200
GD,2016-05-05,113.8470230102539,142.1999969482422,142.60000610351562,141.00999450683594,141.66000366210938,1429000
GD,2016-05-06,114.83976745605469,143.44000244140625,143.6699981689453,141.72999572753906,141.99000549316406,1780800
GD,2016-05-09,114.46348571777344,142.97000122070312,144.75999450683594,142.7100067138672,143.27999877929688,1400000
GD,2016-05-10,116.65715789794922,145.7100067138672,145.8000030517578,143.60000610351562,143.74000549316406,1565000
GD,2016-05-11,116.05671691894531,144.9600067138672,146.30999755859375,144.7100067138672,145.74000549316406,1383500
GD,2016-05-12,116.33690643310547,145.30999755859375,145.97999572753906,144.2899932861328,144.74000549316406,1372100
GD,2016-05-13,115.5843505859375,144.3699951171875,145.67999267578125,144.1699981689453,144.8699951171875,991200
GD,2016-05-16,116.38494110107422,145.3699951171875,145.80999755859375,144.0,144.05999755859375,937300
GD,2016-05-17,116.08869934082031,145.0,147.16000366210938,144.25999450683594,145.42999267578125,1557500
GD,2016-05-18,115.53628540039062,144.30999755859375,145.9199981689453,143.41000366210938,144.30999755859375,1154400
GD,2016-05-19,114.95986938476562,143.58999633789062,143.9600067138672,142.30999755859375,143.4600067138672,1236900
GD,2016-05-20,115.78447723388672,144.6199951171875,144.94000244140625,143.72000122070312,144.47999572753906,1194500
GD,2016-05-23,113.8870620727539,142.25,144.6300048828125,142.25,144.27999877929688,1632000
GD,2016-05-24,114.45548248291016,142.9600067138672,143.36000061035156,142.72000122070312,142.75,1977800
GD,2016-05-25,114.46348571777344,142.97000122070312,143.55999755859375,142.5500030517578,143.4499969482422,1349500
GD,2016-05-26,114.35135650634766,142.8300018310547,143.27999877929688,142.47000122070312,142.9499969482422,951400
GD,2016-05-27,114.59156799316406,143.1300048828125,143.42999267578125,142.7899932861328,142.8000030517578,761100
GD,2016-05-31,113.58280181884766,141.8699951171875,143.91000366210938,141.5399932861328,143.5399932861328,1690900
GD,2016-06-01,113.26254272460938,141.47000122070312,141.8699951171875,140.97000122070312,141.8699951171875,5111200
GD,2016-06-02,112.18973541259766,140.1300048828125,141.47000122070312,139.99000549316406,140.9199981689453,2087000
GD,2016-06-03,112.26982116699219,140.22999572753906,140.8699951171875,138.75999450683594,140.00999450683594,2602400
GD,2016-06-06,112.35786437988281,140.33999633789062,141.25,140.0399932861328,140.52999877929688,979900
GD,2016-06-07,112.9343032836914,141.05999755859375,141.80999755859375,140.55999755859375,140.75,1826600
GD,2016-06-08,113.27855682373047,141.49000549316406,141.6699981689453,140.60000610351562,140.8699951171875,870500
GD,2016-06-09,113.6708755493164,141.97999572753906,142.1300048828125,141.0,141.19000244140625,1347100
GD,2016-06-10,113.31061553955078,141.52999877929688,142.08999633789062,141.02999877929688,141.1699981689453,1400800
GD,2016-06-13,111.37310791015625,139.11000061035156,141.6199951171875,139.02999877929688,141.1999969482422,1390800
GD,2016-06-14,111.62928009033203,139.42999267578125,139.4600067138672,138.3000030517578,138.99000549316406,1084100
GD,2016-06-15,112.17375946044922,140.11000061035156,140.80999755859375,139.52999877929688,139.75,1462200
GD,2016-06-16,111.89351654052734,139.75999450683594,140.64999389648438,138.42999267578125,139.5399932861328,946200
GD,2016-06-17,111.27700805664062,138.99000549316406,140.08999633789062,138.0800018310547,139.89999389648438,1520400
GD,2016-06-20,112.82221984863281,140.9199981689453,141.55999755859375,139.97000122070312,140.4199981689453,1897400
GD,2016-06-21,111.61331939697266,139.41000366210938,141.5800018310547,139.41000366210938,141.22000122070312,1597100
GD,2016-06-22,111.11692810058594,138.7899932861328,140.38999938964844,138.61000061035156,139.77999877929688,1359900
GD,2016-06-23,111.90951538085938,139.77999877929688,140.14999389648438,138.8699951171875,140.14999389648438,1017900
GD,2016-06-24,108.99533081054688,136.13999938964844,138.8800048828125,135.02999877929688,135.88999938964844,4483700
GD,2016-06-27,106.52942657470703,133.05999755859375,135.4499969482422,132.67999267578125,135.0,2301500
GD,2016-06-28,107.23394012451172,133.94000244140625,134.55999755859375,132.80999755859375,134.55999755859375,1912100
GD,2016-06-29,109.20665740966797,135.6300048828125,135.8000030517578,133.25,134.74000549316406,1299900
GD,2016-06-30,112.11333465576172,139.24000549316406,139.5399932861328,135.80999755859375,135.82000732421875,2677000
GD,2016-07-01,113.80419921875,141.33999633789062,141.5399932861328,139.5,139.52000427246094,3943000
GD,2016-07-05,111.44502258300781,138.41000366210938,141.0,137.7899932861328,140.92999267578125,1948700
GD,2016-07-06,112.63665771484375,139.88999938964844,140.02999877929688,136.7100067138672,138.13999938964844,1998700
GD,2016-07-07,111.67047882080078,138.69000244140625,140.89999389648438,138.36000061035156,139.69000244140625,1439200
GD,2016-07-08,113.11177062988281,140.47999572753906,140.8000030517578,139.10000610351562,139.55999755859375,2033900
GD,2016-07-11,113.68342590332031,141.19000244140625,141.9499969482422,140.55999755859375,140.55999755859375,1331400
GD,2016-07-12,113.96524810791016,141.5399932861328,142.69000244140625,141.44000244140625,142.10000610351562,1853700
GD,2016-07-13,114.11824798583984,141.72999572753906,142.4199981689453,141.41000366210938,141.6999969482422,1100700
GD,2016-07-14,114.78654479980469,142.55999755859375,143.1999969482422,142.0500030517578,142.80999755859375,1111800
GD,2016-07-15,114.40813446044922,142.08999633789062,143.0,142.0399932861328,142.91000366210938,1447900
GD,2016-07-18,113.53044891357422,141.0,142.2899932861328,140.9199981689453,142.0500030517578,1278000
GD,2016-07-19,115.39044189453125,143.30999755859375,143.67999267578125,140.8699951171875,141.0,2450100
GD,2016-07-20,116.38079833984375,144.5399932861328,144.69000244140625,143.4199981689453,143.7100067138672,1511700
GD,2016-07-21,115.02812957763672,142.86000061035156,144.6199951171875,142.17999267578125,144.61000061035156,979900
GD,2016-07-22,115.76079559326172,143.77000427246094,143.88999938964844,142.1300048828125,142.58999633789062,830000
GD,2016-07-25,115.72053527832031,143.72000122070312,143.97000122070312,142.52999877929688,143.27999877929688,1141300
GD,2016-07-26,116.35663604736328,144.50999450683594,144.61000061035156,143.49000549316406,143.99000549316406,1312400
GD,2016-07-27,118.06361389160156,146.6300048828125,147.6699981689453,143.5800018310547,146.07000732421875,2743000
GD,2016-07-28,118.44208526611328,147.10000610351562,147.49000549316406,145.0500030517578,146.5,2150500
GD,2016-07-29,118.27299499511719,146.88999938964844,147.19000244140625,145.69000244140625,146.4600067138672,1591400
GD,2016-08-01,120.04435729980469,149.08999633789062,149.3699951171875,146.92999267578125,147.14999389648438,2237800
GD,2016-08-02,119.34383392333984,148.22000122070312,149.30999755859375,147.3699951171875,148.58999633789062,1711300
GD,2016-08-03,119.01374816894531,147.80999755859375,148.44000244140625,147.19000244140625,148.17999267578125,1192500
GD,2016-08-04,118.65948486328125,147.3699951171875,148.3800048828125,146.82000732421875,147.9600067138672,1398400
GD,2016-08-05,119.88328552246094,148.88999938964844,149.00999450683594,147.4499969482422,147.57000732421875,1138100
GD,2016-08-08,119.25528717041016,148.11000061035156,149.16000366210938,147.8000030517578,148.55999755859375,833900
GD,2016-08-09,119.62569427490234,148.57000732421875,148.8699951171875,148.10000610351562,148.13999938964844,921300
GD,2016-08-10,121.960693359375,151.47000122070312,151.60000610351562,149.58999633789062,149.58999633789062,2667800
GD,2016-08-11,121.82379150390625,151.3000030517578,151.75999450683594,150.5500030517578,151.3800048828125,2155800
GD,2016-08-12,121.960693359375,151.47000122070312,151.75,150.72999572753906,150.72999572753906,1045000
GD,2016-08-15,123.51468658447266,153.39999389648438,153.8000030517578,151.3699951171875,151.42999267578125,2128700
GD,2016-08-16,122.7094955444336,152.39999389648438,153.35000610351562,152.02000427246094,152.75,1206400
GD,2016-08-17,123.16850280761719,152.97000122070312,153.08999633789062,151.77000427246094,152.5500030517578,1155700
GD,2016-08-18,122.73365020751953,152.42999267578125,153.1999969482422,151.77000427246094,152.91000366210938,1514100
GD,2016-08-19,122.69342041015625,152.3800048828125,152.57000732421875,151.33999633789062,151.94000244140625,1152200
GD,2016-08-22,122.56459045410156,152.22000122070312,152.5800018310547,151.7899932861328,152.3699951171875,1086300
GD,2016-08-23,122.50823974609375,152.14999389648438,153.0,151.64999389648438,153.0,1352000
GD,2016-08-24,122.62096405029297,152.2899932861328,152.52999877929688,151.4199981689453,151.8300018310547,1039700
GD,2016-08-25,122.93500518798828,152.67999267578125,153.00999450683594,151.80999755859375,152.2899932861328,908000
GD,2016-08-26,122.04927062988281,151.5800018310547,153.19000244140625,150.9600067138672,152.92999267578125,1153800
GD,2016-08-29,123.04769134521484,152.82000732421875,152.89999389648438,151.38999938964844,151.47999572753906,954400
GD,2016-08-30,122.83834838867188,152.55999755859375,153.0,151.88999938964844,152.69000244140625,665000
GD,2016-08-31,122.56459045410156,152.22000122070312,152.6999969482422,151.61000061035156,152.55999755859375,1053700
GD,2016-09-01,123.06379699707031,152.83999633789062,153.14999389648438,151.5800018310547,152.6300048828125,597600
GD,2016-09-02,123.8448257446289,153.80999755859375,153.92999267578125,152.99000549316406,153.1999969482422,1041900
GD,2016-09-06,124.50507354736328,154.6300048828125,154.97999572753906,153.58999633789062,153.74000549316406,993000
GD,2016-09-07,123.28117370605469,153.11000061035156,154.75,152.7899932861328,154.47999572753906,1053500
GD,2016-09-08,122.7094955444336,152.39999389648438,152.8699951171875,151.35000610351562,152.8699951171875,1002500
GD,2016-09-09,120.70458984375,149.91000366210938,151.67999267578125,149.89999389648438,151.60000610351562,1195900
GD,2016-09-12,122.23445129394531,151.80999755859375,152.22999572753906,149.13999938964844,149.13999938964844,1006200
GD,2016-09-13,121.26019287109375,150.60000610351562,151.6300048828125,150.11000061035156,150.99000549316406,919500
GD,2016-09-14,120.64018249511719,149.8300018310547,151.97000122070312,149.47999572753906,150.57000732421875,1427700
GD,2016-09-15,122.5162582397461,152.16000366210938,152.24000549316406,149.85000610351562,150.14999389648438,1214500
GD,2016-09-16,121.38095092773438,150.75,151.66000366210938,149.57000732421875,151.5500030517578,1869300
GD,2016-09-19,122.52433013916016,152.1699981689453,152.8699951171875,151.60000610351562,151.67999267578125,886900
GD,2016-09-20,122.27472686767578,151.86000061035156,152.88999938964844,151.47000122070312,152.41000366210938,726700
GD,2016-09-21,123.27318572998047,153.10000610351562,153.19000244140625,151.67999267578125,152.0,800700
GD,2016-09-22,124.69029998779297,154.86000061035156,154.8800048828125,153.47000122070312,153.8800048828125,1160500
GD,2016-09-23,123.8448257446289,153.80999755859375,154.36000061035156,150.0,152.0399932861328,876800
GD,2016-09-26,123.89313507080078,153.8699951171875,154.8800048828125,153.07000732421875,153.47000122070312,1252600
GD,2016-09-27,125.02845001220703,155.27999877929688,155.6999969482422,153.5399932861328,153.72000122070312,1413000
GD,2016-09-28,125.61619567871094,156.00999450683594,156.2100067138672,155.10000610351562,155.77000427246094,1082500
GD,2016-09-29,125.294189453125,155.61000061035156,156.97000122070312,154.82000732421875,155.16000366210938,1771300
GD,2016-09-30,124.93181610107422,155.16000366210938,156.9499969482422,154.69000244140625,156.36000061035156,1856900
GD,2016-10-03,124.56948852539062,154.7100067138672,155.64999389648438,154.2100067138672,154.5800018310547,1325200
GD,2016-10-04,123.63548278808594,153.5500030517578,155.61000061035156,152.8699951171875,155.4600067138672,1413000
GD,2016-10-05,124.38804626464844,153.72000122070312,154.47999572753906,153.27999877929688,153.38999938964844,1142200
GD,2016-10-06,124.72784423828125,154.13999938964844,154.42999267578125,153.1300048828125,153.8000030517578,1685100
GD,2016-10-07,123.77301025390625,152.9600067138672,153.22000122070312,150.25999450683594,151.8300018310547,2063600
GD,2016-10-10,123.71636199951172,152.88999938964844,154.25999450683594,152.5800018310547,153.52999877929688,1247700
GD,2016-10-11,121.05415344238281,149.60000610351562,152.36000061035156,149.0399932861328,152.05999755859375,1694000
GD,2016-10-12,121.37783813476562,150.0,150.55999755859375,149.5500030517578,149.61000061035156,1151700
GD,2016-10-13,122.1950912475586,151.00999450683594,151.4600067138672,149.49000549316406,149.49000549316406,950600
GD,2016-10-14,122.4621810913086,151.33999633789062,152.7899932861328,151.30999755859375,152.7899932861328,862600
GD,2016-10-17,121.76624298095703,150.47999572753906,151.61000061035156,150.35000610351562,151.27999877929688,971600
GD,2016-10-18,122.89913177490234,151.8800048828125,152.2899932861328,151.24000549316406,151.35000610351562,703800
GD,2016-10-19,122.52689361572266,151.4199981689453,152.6999969482422,151.41000366210938,152.10000610351562,706700
GD,2016-10-20,121.9523696899414,150.7100067138672,151.77999877929688,150.22999572753906,151.47999572753906,944100
GD,2016-10-21,121.52350616455078,150.17999267578125,150.32000732421875,149.1300048828125,149.5800018310547,1245700
GD,2016-10-24,122.54310607910156,151.44000244140625,152.17999267578125,151.0,151.1699981689453,905500
GD,2016-10-25,123.47361755371094,152.58999633789062,153.0500030517578,151.2100067138672,151.2100067138672,1448700
GD,2016-10-26,122.30033874511719,151.13999938964844,152.9499969482422,149.0500030517578,149.6699981689453,2787400
GD,2016-10-27,121.48302459716797,150.1300048828125,151.67999267578125,149.10000610351562,151.5800018310547,1594000
GD,2016-10-28,122.59159088134766,151.5,152.49000549316406,150.08999633789062,150.4600067138672,1500900
GD,2016-10-31,121.97663116455078,150.74000549316406,152.2100067138672,150.72000122070312,152.02999877929688,1568000
GD,2016-11-01,121.3616714477539,149.97999572753906,152.1199951171875,149.47999572753906,151.07000732421875,1529900
GD,2016-11-02,121.11080169677734,149.6699981689453,151.1199951171875,149.55999755859375,149.69000244140625,1309400
GD,2016-11-03,121.40215301513672,150.02999877929688,150.49000549316406,148.75999450683594,150.0,1461200
GD,2016-11-04,121.22410583496094,149.80999755859375,151.10000610351562,149.6699981689453,150.02999877929688,1059600
GD,2016-11-07,123.31177520751953,152.38999938964844,152.42999267578125,150.89999389648438,151.30999755859375,1425300
GD,2016-11-08,124.43655395507812,153.77999877929688,154.3300018310547,152.05999755859375,152.25999450683594,1216900
GD,2016-11-09,131.1609344482422,162.08999633789062,163.55999755859375,157.6699981689453,157.6699981689453,5323100
GD,2016-11-10,134.73751831054688,166.50999450683594,166.82000732421875,162.47000122070312,162.47000122070312,3251800
GD,2016-11-11,136.38824462890625,168.5500030517578,168.60000610351562,164.08999633789062,165.99000549316406,1725600
GD,2016-11-14,137.71530151367188,170.19000244140625,171.19000244140625,168.55999755859375,169.86000061035156,2589700
GD,2016-11-15,135.9593505859375,168.02000427246094,170.82000732421875,166.3699951171875,169.97000122070312,2508500
GD,2016-11-16,134.19534301757812,165.83999633789062,167.88999938964844,165.2899932861328,167.72000122070312,1611700
GD,2016-11-17,134.025390625,165.6300048828125,166.91000366210938,165.22000122070312,165.82000732421875,1553300
GD,2016-11-18,134.82655334472656,166.6199951171875,167.36000061035156,164.97000122070312,165.50999450683594,1596900
GD,2016-11-21,136.29115295410156,168.42999267578125,168.6999969482422,166.80999755859375,166.9499969482422,1524000
GD,2016-11-22,137.70724487304688,170.17999267578125,170.3800048828125,168.4199981689453,169.6999969482422,1446400
GD,2016-11-23,138.00656127929688,170.5500030517578,171.19000244140625,169.8699951171875,170.39999389648438,1432500
GD,2016-11-25,139.2446746826172,172.0800018310547,172.22999572753906,170.4600067138672,170.77999877929688,627000
GD,2016-11-28,139.7220916748047,172.6699981689453,173.5500030517578,172.0,172.24000549316406,1835400
GD,2016-11-29,141.71270751953125,175.1300048828125,175.6999969482422,172.97000122070312,172.97000122070312,1640300
GD,2016-11-30,141.8907012939453,175.35000610351562,176.4499969482422,174.6999969482422,175.4199981689453,2326600
GD,2016-12-01,142.7403564453125,176.39999389648438,177.38999938964844,175.58999633789062,175.80999755859375,1691600
GD,2016-12-02,144.57720947265625,178.6699981689453,178.72999572753906,176.3000030517578,176.5,1716000
GD,2016-12-05,144.45584106445312,178.52000427246094,180.08999633789062,178.25,179.8000030517578,1744600
GD,2016-12-06,144.1078643798828,178.08999633789062,178.77000427246094,176.33999633789062,177.58999633789062,1923500
GD,2016-12-07,144.3829803466797,178.42999267578125,178.47000122070312,176.6699981689453,178.10000610351562,1941800
GD,2016-12-08,140.53128051757812,173.6699981689453,178.1300048828125,173.44000244140625,178.0800018310547,2366100
GD,2016-12-09,141.92306518554688,175.38999938964844,175.63999938964844,173.27999877929688,173.42999267578125,1495400
GD,2016-12-12,140.587890625,173.74000549316406,174.1300048828125,168.0,172.22000122070312,2961300
GD,2016-12-13,141.0491485595703,174.30999755859375,176.27999877929688,173.52999877929688,174.61000061035156,1462800
GD,2016-12-14,140.587890625,173.74000549316406,175.5,173.50999450683594,174.49000549316406,1721100
GD,2016-12-15,140.8953857421875,174.1199951171875,175.86000061035156,173.33999633789062,173.33999633789062,1193700
GD,2016-12-16,141.13006591796875,174.41000366210938,176.39999389648438,173.86000061035156,174.47000122070312,3017400
GD,2016-12-19,141.30807495117188,174.6300048828125,175.75,173.61000061035156,175.0,1358800
GD,2016-12-20,141.81787109375,175.25999450683594,176.07000732421875,174.11000061035156,174.9600067138672,1185600
GD,2016-12-21,140.8792266845703,174.10000610351562,175.9199981689453,174.02000427246094,175.60000610351562,944400
GD,2016-12-22,141.22714233398438,174.52999877929688,175.08999633789062,173.8800048828125,174.55999755859375,904700
GD,2016-12-23,141.80978393554688,175.25,175.4600067138672,173.8300018310547,173.88999938964844,685100
GD,2016-12-27,141.26763916015625,174.5800018310547,176.36000061035156,173.97000122070312,175.9499969482422,999300
GD,2016-12-28,140.029541015625,173.0500030517578,175.30999755859375,172.94000244140625,174.6999969482422,1182500
GD,2016-12-29,140.15907287597656,173.2100067138672,174.07000732421875,172.35000610351562,173.5500030517578,967800
GD,2016-12-30,139.71397399902344,172.66000366210938,174.27000427246094,171.64999389648438,173.75,1192200
GD,2017-01-03,141.97166442871094,175.4499969482422,176.72000122070312,174.25999450683594,174.38999938964844,1321800
GD,2017-01-04,142.04443359375,175.5399932861328,176.25999450683594,174.2100067138672,176.13999938964844,1238500
GD,2017-01-05,142.5299072265625,176.13999938964844,178.36000061035156,175.10000610351562,175.77999877929688,1279700
GD,2017-01-06,143.59811401367188,177.4600067138672,177.77000427246094,175.74000549316406,176.0,998600
GD,2017-01-09,142.47337341308594,176.07000732421875,177.5,175.7100067138672,176.60000610351562,1072100
GD,2017-01-10,142.70794677734375,176.36000061035156,177.89999389648438,175.75,176.77000427246094,1094600
GD,2017-01-11,143.2825469970703,177.07000732421875,177.11000061035156,175.27000427246094,176.3300018310547,1425700
GD,2017-01-12,142.8374786376953,176.52000427246094,177.22999572753906,173.60000610351562,177.22999572753906,1275700
GD,2017-01-13,143.94606018066406,177.88999938964844,178.0800018310547,176.41000366210938,176.77000427246094,952900
GD,2017-01-17,142.39244079589844,175.97000122070312,177.99000549316406,174.97000122070312,177.0,1202200
GD,2017-01-18,143.02630615234375,175.99000549316406,176.08999633789062,174.3000030517578,175.1699981689453,949900
GD,2017-01-19,144.50538635253906,177.80999755859375,178.36000061035156,175.89999389648438,177.0,1523600
GD,2017-01-20,144.8873748779297,178.27999877929688,178.9199981689453,176.85000610351562,178.30999755859375,1755400
GD,2017-01-23,144.03404235839844,177.22999572753906,179.19000244140625,176.10000610351562,178.52000427246094,1265500
GD,2017-01-24,144.05027770996094,177.25,178.4199981689453,175.85000610351562,176.33999633789062,1213800
GD,2017-01-25,142.48182678222656,175.32000732421875,177.1999969482422,172.42999267578125,176.4199981689453,2656100
GD,2017-01-26,144.09091186523438,177.3000030517578,177.6199951171875,175.25,175.5,1844700
GD,2017-01-27,150.46241760253906,185.13999938964844,187.3699951171875,175.6999969482422,176.30999755859375,4340200
GD,2017-01-30,148.29257202148438,182.47000122070312,186.30999755859375,180.67999267578125,185.22999572753906,2802800
GD,2017-01-31,147.16297912597656,181.0800018310547,181.47000122070312,178.89999389648438,181.13999938964844,2235800
GD,2017-02-01,147.12229919433594,181.02999877929688,182.44000244140625,180.14999389648438,181.30999755859375,1244300
GD,2017-02-02,146.57778930664062,180.36000061035156,181.30999755859375,179.11000061035156,180.75,1129600
GD,2017-02-03,148.82078552246094,183.1199951171875,183.25,180.02000427246094,180.02999877929688,1544700
GD,2017-02-06,148.75576782226562,183.0399932861328,184.61000061035156,182.6699981689453,183.39999389648438,1106800
GD,2017-02-07,148.89395141601562,183.2100067138672,185.0,183.10000610351562,183.91000366210938,1532600
GD,2017-02-08,148.83706665039062,183.13999938964844,183.94000244140625,181.94000244140625,182.89999389648438,1249600
GD,2017-02-09,148.3900909423828,182.58999633789062,183.83999633789062,182.4199981689453,183.67999267578125,1310500
GD,2017-02-10,149.8610382080078,184.39999389648438,184.66000366210938,182.16000366210938,182.83999633789062,1414100
GD,2017-02-13,151.64898681640625,186.60000610351562,187.5,184.64999389648438,184.64999389648438,1272300
GD,2017-02-14,152.1609649658203,187.22999572753906,187.47999572753906,184.61000061035156,187.0500030517578,1391200
GD,2017-02-15,152.77862548828125,187.99000549316406,188.3000030517578,186.24000549316406,186.75999450683594,998600
GD,2017-02-16,153.38816833496094,188.74000549316406,188.75999450683594,186.42999267578125,188.0500030517578,1153500
GD,2017-02-17,153.6482391357422,189.05999755859375,189.10000610351562,187.39999389648438,188.60000610351562,1163300
GD,2017-02-21,154.07896423339844,189.58999633789062,189.94000244140625,188.60000610351562,189.02000427246094,1102800
GD,2017-02-22,154.32276916503906,189.88999938964844,189.97999572753906,188.74000549316406,189.5800018310547,765700
GD,2017-02-23,153.0305633544922,188.3000030517578,190.58999633789062,187.52999877929688,189.8699951171875,1157700
GD,2017-02-24,154.11148071289062,189.6300048828125,189.7100067138672,187.00999450683594,187.89999389648438,1147500
GD,2017-02-27,154.73721313476562,190.39999389648438,190.88999938964844,188.27000427246094,189.64999389648438,1605000
GD,2017-02-28,154.25772094726562,189.80999755859375,191.30999755859375,189.3000030517578,190.19000244140625,1874400
GD,2017-03-01,156.37075805664062,192.41000366210938,193.1699981689453,190.24000549316406,190.5,2088600
GD,2017-03-02,155.26548767089844,191.0500030517578,192.64999389648438,190.6699981689453,192.1999969482422,1064900
GD,2017-03-03,154.12767028808594,189.64999389648438,191.0500030517578,188.74000549316406,190.99000549316406,1501800
GD,2017-03-06,155.17608642578125,190.94000244140625,191.30999755859375,189.00999450683594,189.27999877929688,1126100
GD,2017-03-07,155.60679626464844,191.47000122070312,192.1999969482422,190.42999267578125,190.89999389648438,926600
GD,2017-03-08,154.72100830078125,190.3800048828125,191.38999938964844,190.0800018310547,191.32000732421875,925800
GD,2017-03-09,154.68849182128906,190.33999633789062,191.3300018310547,189.8300018310547,190.52999877929688,843200
GD,2017-03-10,155.09481811523438,190.83999633789062,191.85000610351562,189.6199951171875,191.85000610351562,835600
GD,2017-03-13,155.6799774169922,191.55999755859375,191.67999267578125,190.6199951171875,190.8300018310547,853000
GD,2017-03-14,154.20896911621094,189.75,191.0,189.3300018310547,190.8300018310547,1055100
GD,2017-03-15,155.76124572753906,191.66000366210938,192.0,189.75,190.0800018310547,985900
GD,2017-03-16,154.94036865234375,190.64999389648438,192.17999267578125,189.9199981689453,191.97000122070312,1082600
GD,2017-03-17,157.06968688964844,193.27000427246094,194.0,190.89999389648438,191.30999755859375,1824500
GD,2017-03-20,156.02134704589844,191.97999572753906,193.64999389648438,191.77000427246094,193.1999969482422,930500
GD,2017-03-21,153.3474884033203,188.69000244140625,193.16000366210938,188.25,192.35000610351562,1266500
GD,2017-03-22,154.08709716796875,189.60000610351562,190.1300048828125,187.9499969482422,188.8800048828125,835900
GD,2017-03-23,154.0545654296875,189.55999755859375,190.61000061035156,189.00999450683594,189.5399932861328,794500
GD,2017-03-24,152.3966827392578,187.52000427246094,189.89999389648438,186.35000610351562,189.5399932861328,1498600
GD,2017-03-27,150.74688720703125,185.49000549316406,186.17999267578125,183.72000122070312,184.88999938964844,1930600
GD,2017-03-28,153.1443328857422,188.44000244140625,189.4499969482422,184.8800048828125,185.0,1231000
GD,2017-03-29,153.02247619628906,188.2899932861328,188.9199981689453,187.1999969482422,188.0,869700
GD,2017-03-30,153.420654296875,188.77999877929688,189.3000030517578,188.1999969482422,188.44000244140625,926000
GD,2017-03-31,152.13658142089844,187.1999969482422,188.55999755859375,186.4199981689453,188.38999938964844,2063800
GD,2017-04-03,152.575439453125,187.74000549316406,188.1999969482422,186.25999450683594,187.47999572753906,1259500
GD,2017-04-04,152.55917358398438,187.72000122070312,188.3300018310547,186.33999633789062,187.74000549316406,1073600
GD,2017-04-05,151.71841430664062,185.85000610351562,189.32000732421875,185.72999572753906,187.6199951171875,932000
GD,2017-04-06,152.08572387695312,186.3000030517578,187.1300048828125,185.85000610351562,185.8699951171875,745700
GD,2017-04-07,153.50616455078125,188.0399932861328,189.4199981689453,186.60000610351562,188.8000030517578,1189400
GD,2017-04-10,153.19593811035156,187.66000366210938,188.85000610351562,187.25999450683594,188.08999633789062,911100
GD,2017-04-11,153.78375244140625,188.3800048828125,188.94000244140625,186.6699981689453,187.44000244140625,810600
GD,2017-04-12,152.1183624267578,186.33999633789062,188.6999969482422,186.1300048828125,188.42999267578125,1121000
GD,2017-04-13,152.43675231933594,186.72999572753906,188.00999450683594,185.63999938964844,186.0399932861328,1173300
GD,2017-04-17,154.20004272460938,188.88999938964844,188.97000122070312,186.8699951171875,187.17999267578125,843900
GD,2017-04-18,152.96739196777344,187.3800048828125,189.60000610351562,187.07000732421875,188.3000030517578,1199400
GD,2017-04-19,153.26942443847656,187.75,188.24000549316406,187.02999877929688,187.83999633789062,1239800
GD,2017-04-20,153.5796356201172,188.1300048828125,189.0399932861328,187.3800048828125,188.02000427246094,984000
GD,2017-04-21,154.24090576171875,188.94000244140625,189.89999389648438,188.1999969482422,188.83999633789062,1153300
GD,2017-04-24,156.66542053222656,191.91000366210938,192.49000549316406,190.41000366210938,191.3800048828125,1561400
GD,2017-04-25,157.75120544433594,193.24000549316406,193.47999572753906,190.69000244140625,190.8699951171875,1819800
GD,2017-04-26,159.06549072265625,194.85000610351562,196.97000122070312,193.74000549316406,194.6699981689453,1958000
GD,2017-04-27,159.2124786376953,195.02999877929688,196.6199951171875,193.9499969482422,195.47999572753906,976500
GD,2017-04-28,158.2001190185547,193.7899932861328,195.27999877929688,193.42999267578125,195.0399932861328,1195400
GD,2017-05-01,157.67774963378906,193.14999389648438,195.0,193.14999389648438,194.24000549316406,1004500
GD,2017-05-02,158.42880249023438,194.07000732421875,194.07000732421875,193.0,193.89999389648438,941500
GD,2017-05-03,158.51852416992188,194.17999267578125,194.5,192.88999938964844,193.8699951171875,773500
GD,2017-05-04,158.82058715820312,194.5500030517578,195.1300048828125,193.3800048828125,194.27999877929688,1101800
GD,2017-05-05,159.97979736328125,195.97000122070312,195.99000549316406,194.27000427246094,194.75,703200
GD,2017-05-08,160.27371215820312,196.3300018310547,196.5,195.1300048828125,195.58999633789062,893600
GD,2017-05-09,160.48594665527344,196.58999633789062,197.0,196.07000732421875,196.49000549316406,749300
GD,2017-05-10,158.6899871826172,194.38999938964844,195.88999938964844,193.35000610351562,195.05999755859375,1365500
GD,2017-05-11,159.17164611816406,194.97999572753906,195.42999267578125,193.1699981689453,194.25999450683594,905600
GD,2017-05-12,159.66961669921875,195.58999633789062,195.63999938964844,194.1699981689453,194.36000061035156,674900
GD,2017-05-15,159.33489990234375,195.17999267578125,196.02999877929688,194.8800048828125,195.47999572753906,906000
GD,2017-05-16,159.4246826171875,195.2899932861328,196.19000244140625,194.80999755859375,195.07000732421875,790000
GD,2017-05-17,156.74705505371094,192.00999450683594,195.2899932861328,191.61000061035156,195.2899932861328,1379000
GD,2017-05-18,157.26138305664062,192.63999938964844,193.50999450683594,190.30999755859375,191.7899932861328,1256200
GD,2017-05-19,159.8982391357422,195.8699951171875,196.5,192.9600067138672,193.2100067138672,1070000
GD,2017-05-22,161.43292236328125,197.75,199.0,196.3000030517578,197.47999572753906,1453400
GD,2017-05-23,162.71458435058594,199.32000732421875,199.3699951171875,197.0399932861328,198.22000122070312,1018900
GD,2017-05-24,163.2533721923828,199.97999572753906,200.61000061035156,199.0800018310547,199.60000610351562,679100
GD,2017-05-25,164.15951538085938,201.08999633789062,201.89999389648438,200.19000244140625,200.50999450683594,1122100
GD,2017-05-26,165.09829711914062,202.24000549316406,202.5800018310547,200.85000610351562,201.08999633789062,751100
GD,2017-05-30,164.91061401367188,202.00999450683594,202.64999389648438,200.9499969482422,202.19000244140625,921100
GD,2017-05-31,165.9228515625,203.25,203.27999877929688,201.5800018310547,202.3699951171875,1488800
GD,2017-06-01,165.326904296875,202.52000427246094,203.47000122070312,201.8800048828125,203.16000366210938,1293500
GD,2017-06-02,166.29017639160156,203.6999969482422,205.07000732421875,202.5800018310547,202.6999969482422,917400
GD,2017-06-05,164.46975708007812,201.47000122070312,203.47999572753906,201.33999633789062,203.3699951171875,902000
GD,2017-06-06,161.99618530273438,198.44000244140625,201.24000549316406,198.3000030517578,200.92999267578125,1192700
GD,2017-06-07,162.3472442626953,198.8699951171875,199.02000427246094,197.72999572753906,198.85000610351562,938600
GD,2017-06-08,162.97579956054688,199.63999938964844,199.8300018310547,197.58999633789062,198.8699951171875,996500
GD,2017-06-09,162.8370819091797,199.47000122070312,200.74000549316406,198.44000244140625,199.63999938964844,1056500
GD,2017-06-12,161.9635772705078,198.39999389648438,200.05999755859375,197.02999877929688,199.47000122070312,1858300
GD,2017-06-13,163.71868896484375,200.5500030517578,200.92999267578125,198.1199951171875,198.39999389648438,1263500
GD,2017-06-14,164.31463623046875,201.27999877929688,202.4499969482422,200.35000610351562,200.5500030517578,934600
GD,2017-06-15,164.9268798828125,202.02999877929688,202.27000427246094,199.24000549316406,199.77000427246094,827500
GD,2017-06-16,165.4493408203125,202.6699981689453,203.3000030517578,201.66000366210938,202.3699951171875,1391500
GD,2017-06-19,166.95960998535156,204.52000427246094,204.74000549316406,203.0,203.41000366210938,1066100
GD,2017-06-20,166.4207763671875,203.86000061035156,205.1699981689453,203.75999450683594,203.75999450683594,838400
GD,2017-06-21,166.4452667236328,203.88999938964844,204.8800048828125,203.5,204.39999389648438,669700
GD,2017-06-22,164.29832458496094,201.25999450683594,203.97999572753906,201.19000244140625,203.7899932861328,907800
GD,2017-06-23,164.34725952148438,201.32000732421875,202.4199981689453,200.80999755859375,201.22999572753906,1203300
GD,2017-06-26,163.43299865722656,200.1999969482422,202.3300018310547,200.1300048828125,201.77000427246094,676900
GD,2017-06-27,162.32273864746094,198.83999633789062,200.36000061035156,198.8300018310547,200.11000061035156,713800
GD,2017-06-28,163.94725036621094,200.8300018310547,201.4199981689453,199.3300018310547,199.82000732421875,787100
GD,2017-06-29,160.7880096435547,196.9600067138672,201.07000732421875,196.1300048828125,200.99000549316406,1423000
GD,2017-06-30,161.71865844726562,198.10000610351562,199.2100067138672,196.25999450683594,197.75,944700
GD,2017-07-03,162.9921875,199.66000366210938,200.5500030517578,198.13999938964844,199.4199981689453,750600
GD,2017-07-05,164.56617736816406,200.74000549316406,201.2100067138672,198.9499969482422,199.02999877929688,1152300
GD,2017-07-06,163.15606689453125,199.02000427246094,201.07000732421875,198.7899932861328,200.6999969482422,799700
GD,2017-07-07,164.99246215820312,201.25999450683594,202.17999267578125,199.1199951171875,199.5,1300600
GD,2017-07-10,164.83663940429688,201.07000732421875,202.24000549316406,200.2100067138672,201.22000122070312,1028600
GD,2017-07-11,163.88572692871094,199.91000366210938,201.00999450683594,198.75,200.8000030517578,1139400
GD,2017-07-12,164.86947631835938,201.11000061035156,202.47000122070312,199.8699951171875,201.32000732421875,1404100
GD,2017-07-13,164.08242797851562,200.14999389648438,201.47000122070312,199.97000122070312,201.19000244140625,778900
GD,2017-07-14,164.90228271484375,201.14999389648438,201.67999267578125,200.05999755859375,200.27999877929688,1032700
GD,2017-07-17,164.07427978515625,200.13999938964844,201.4199981689453,199.5,201.0800018310547,1150800
GD,2017-07-18,165.12364196777344,201.4199981689453,201.6699981689453,199.27999877929688,200.25,1128900
GD,2017-07-19,165.87786865234375,202.33999633789062,202.4600067138672,201.25,202.0,739800
GD,2017-07-20,165.92706298828125,202.39999389648438,203.19000244140625,202.0,202.50999450683594,1064400
GD,2017-07-21,167.68960571289062,204.5500030517578,204.5500030517578,201.8300018310547,202.11000061035156,992900
GD,2017-07-24,168.0010986328125,204.92999267578125,205.50999450683594,204.1300048828125,204.5500030517578,1073400
GD,2017-07-25,166.8780059814453,203.55999755859375,205.89999389648438,202.91000366210938,205.66000366210938,1209100
GD,2017-07-26,159.581787109375,194.66000366210938,199.3699951171875,193.57000732421875,199.10000610351562,4079700
GD,2017-07-27,158.90953063964844,193.83999633789062,195.92999267578125,192.83999633789062,195.72999572753906,2265700
GD,2017-07-28,162.27073669433594,197.94000244140625,198.07000732421875,194.0399932861328,194.0500030517578,1785800
GD,2017-07-31,160.9508514404297,196.3300018310547,198.58999633789062,196.0800018310547,198.5800018310547,1470400
GD,2017-08-01,161.1147918701172,196.52999877929688,196.97999572753906,193.89999389648438,196.9600067138672,1403100
GD,2017-08-02,162.3527069091797,198.0399932861328,198.17999267578125,196.0800018310547,196.52999877929688,980900
GD,2017-08-03,163.4102325439453,199.3300018310547,199.39999389648438,197.3300018310547,198.3000030517578,1070700
GD,2017-08-04,164.0168914794922,200.07000732421875,200.07000732421875,198.47000122070312,199.52000427246094,1247100
GD,2017-08-07,164.89410400390625,201.13999938964844,201.5500030517578,199.42999267578125,200.33999633789062,1482100
GD,2017-08-08,162.97572326660156,198.8000030517578,200.92999267578125,198.22000122070312,199.24000549316406,1352600
GD,2017-08-09,164.77931213378906,201.0,201.9199981689453,198.25,199.2899932861328,1353900
GD,2017-08-10,162.54945373535156,198.27999877929688,200.99000549316406,198.0399932861328,200.6699981689453,1122800
GD,2017-08-11,162.22972106933594,197.88999938964844,199.86000061035156,197.8000030517578,198.52000427246094,1105900
GD,2017-08-14,164.20545959472656,200.3000030517578,200.5,198.49000549316406,199.1699981689453,1192200
GD,2017-08-15,163.5414276123047,199.49000549316406,200.55999755859375,198.88999938964844,200.55999755859375,1017900
GD,2017-08-16,164.45953369140625,200.61000061035156,201.3300018310547,199.6300048828125,200.0,876400
GD,2017-08-17,162.31175231933594,197.99000549316406,200.10000610351562,197.88999938964844,199.36000061035156,1020500
GD,2017-08-18,162.91835021972656,198.72999572753906,199.8000030517578,196.77000427246094,198.3800048828125,1581700
GD,2017-08-21,162.91835021972656,198.72999572753906,199.02999877929688,196.88999938964844,198.74000549316406,1202000
GD,2017-08-22,164.96786499023438,201.22999572753906,201.5800018310547,198.99000549316406,199.4499969482422,877500
GD,2017-08-23,163.7545928955078,199.75,201.1699981689453,199.39999389648438,200.6999969482422,831300
GD,2017-08-24,163.52505493164062,199.47000122070312,200.27000427246094,198.75,200.22000122070312,723500
GD,2017-08-25,163.18069458007812,199.0500030517578,200.75999450683594,198.94000244140625,200.32000732421875,651500
GD,2017-08-28,162.2133331298828,197.8699951171875,199.91000366210938,197.6999969482422,199.91000366210938,808600
GD,2017-08-29,164.73829650878906,200.9499969482422,201.02000427246094,198.25,198.27000427246094,984900
GD,2017-08-30,164.9596710205078,201.22000122070312,201.25999450683594,200.07000732421875,200.9499969482422,893600
GD,2017-08-31,165.0662384033203,201.35000610351562,202.27000427246094,201.16000366210938,201.74000549316406,842700
GD,2017-09-01,163.95950317382812,200.0,201.8699951171875,199.97999572753906,201.77000427246094,734700
GD,2017-09-05,162.91835021972656,198.72999572753906,200.91000366210938,198.13999938964844,200.91000366210938,1114100
GD,2017-09-06,161.2869873046875,196.74000549316406,199.5800018310547,196.64999389648438,199.5500030517578,997800
GD,2017-09-07,161.5328826904297,197.0399932861328,197.75,195.6999969482422,197.0,977100
GD,2017-09-08,162.2133331298828,197.8699951171875,198.39999389648438,196.0,196.52000427246094,614000
GD,2017-09-11,164.23001098632812,200.3300018310547,200.5,198.57000732421875,198.6199951171875,1048900
GD,2017-09-12,163.13970947265625,199.0,200.30999755859375,198.57000732421875,199.88999938964844,749300
GD,2017-09-13,161.37710571289062,196.85000610351562,198.5,196.8000030517578,198.3000030517578,852600
GD,2017-09-14,162.01661682128906,197.6300048828125,197.80999755859375,196.4499969482422,196.6300048828125,920000
GD,2017-09-15,162.541259765625,198.27000427246094,198.72000122070312,197.60000610351562,198.10000610351562,2095600
GD,2017-09-18,165.74664306640625,202.17999267578125,202.35000610351562,198.86000061035156,199.0,1313000
GD,2017-09-19,166.5172882080078,203.1199951171875,203.94000244140625,201.25999450683594,201.91000366210938,784100
GD,2017-09-20,167.46006774902344,204.27000427246094,205.2899932861328,202.6999969482422,202.77999877929688,1308300
GD,2017-09-21,168.64874267578125,205.72000122070312,206.57000732421875,204.0,204.55999755859375,860000
GD,2017-09-22,168.3945770263672,205.41000366210938,206.50999450683594,204.6300048828125,206.08999633789062,1040800
GD,2017-09-25,167.951904296875,204.8699951171875,205.5,203.22000122070312,205.5,1202800
GD,2017-09-26,168.32904052734375,205.3300018310547,206.2100067138672,204.72999572753906,205.0500030517578,705300
GD,2017-09-27,169.53414916992188,206.8000030517578,207.60000610351562,205.35000610351562,205.77000427246094,903700
GD,2017-09-28,168.0830841064453,205.02999877929688,206.05999755859375,204.41000366210938,205.8699951171875,638900
GD,2017-09-29,168.5339813232422,205.5800018310547,205.7100067138672,204.02000427246094,204.8300018310547,732200
GD,2017-10-02,171.1081085205078,208.72000122070312,208.75999450683594,205.5800018310547,205.5800018310547,721900
GD,2017-10-03,172.5919952392578,210.52999877929688,210.94000244140625,208.4199981689453,208.72000122070312,907100
GD,2017-10-04,173.22320556640625,211.3000030517578,211.63999938964844,209.9199981689453,210.0500030517578,843000
GD,2017-10-05,175.68418884277344,213.4499969482422,214.11000061035156,210.6199951171875,210.75999450683594,1215200
GD,2017-10-06,174.98460388183594,212.60000610351562,213.2899932861328,211.72999572753906,212.86000061035156,941900
GD,2017-10-09,175.7500457763672,213.52999877929688,213.58999633789062,212.24000549316406,213.02000427246094,671600
GD,2017-10-10,174.94338989257812,212.5500030517578,214.0800018310547,212.00999450683594,214.0,642500
GD,2017-10-11,175.17388916015625,212.8300018310547,213.10000610351562,212.22999572753906,212.94000244140625,704900
GD,2017-10-12,175.9064483642578,213.72000122070312,213.97999572753906,212.47999572753906,212.47999572753906,727200
GD,2017-10-13,175.59365844726562,213.33999633789062,214.80999755859375,213.27999877929688,214.5,782700
GD,2017-10-16,175.6759490966797,213.44000244140625,214.5500030517578,212.55999755859375,213.5,748000
GD,2017-10-17,174.11215209960938,211.5399932861328,213.3300018310547,210.9499969482422,212.75,770000
GD,2017-10-18,173.16561889648438,210.38999938964844,212.0,209.86000061035156,211.3000030517578,945600
GD,2017-10-19,174.19442749023438,211.63999938964844,211.9499969482422,209.7100067138672,210.3000030517578,674500
GD,2017-10-20,176.02162170410156,213.86000061035156,214.02000427246094,211.72999572753906,212.58999633789062,898900
GD,2017-10-23,174.91050720214844,212.50999450683594,214.1699981689453,212.47000122070312,213.86000061035156,837300
GD,2017-10-24,174.55654907226562,212.0800018310547,214.80999755859375,211.86000061035156,212.50999450683594,1350900
GD,2017-10-25,170.58119201660156,207.25,211.25,206.00999450683594,208.1999969482422,2000800
GD,2017-10-26,167.83212280273438,203.91000366210938,208.5,202.02999877929688,208.17999267578125,1474200
GD,2017-10-27,168.72103881835938,204.99000549316406,205.67999267578125,204.10000610351562,204.5,1255100
GD,2017-10-30,169.69224548339844,206.1699981689453,206.92999267578125,204.82000732421875,204.82000732421875,1259700
GD,2017-10-31,167.066650390625,202.97999572753906,206.36000061035156,202.92999267578125,206.36000061035156,995800
GD,2017-11-01,165.94729614257812,201.6199951171875,204.2100067138672,200.5399932861328,203.57000732421875,1735300
GD,2017-11-02,167.75804138183594,203.82000732421875,204.17999267578125,201.30999755859375,201.72999572753906,1079300
GD,2017-11-03,167.95556640625,204.05999755859375,205.5,203.25,204.32000732421875,995300
GD,2017-11-06,166.56459045410156,202.3699951171875,204.02000427246094,202.33999633789062,204.0,739900
GD,2017-11-07,167.7086639404297,203.75999450683594,203.86000061035156,202.2100067138672,202.3699951171875,918000
GD,2017-11-08,166.7703399658203,202.6199951171875,203.9600067138672,202.5,203.88999938964844,841200
GD,2017-11-09,163.6838836669922,198.8699951171875,202.3800048828125,198.60000610351562,202.1699981689453,1363700
GD,2017-11-10,164.42462158203125,199.77000427246094,201.8699951171875,198.0800018310547,198.85000610351562,929800
GD,2017-11-13,164.7209014892578,200.1300048828125,201.75,199.02000427246094,199.1300048828125,912200
GD,2017-11-14,164.79502868652344,200.22000122070312,201.0500030517578,199.00999450683594,199.25,813600
GD,2017-11-15,163.78260803222656,198.99000549316406,201.64999389648438,198.85000610351562,199.4499969482422,1069100
GD,2017-11-16,163.97195434570312,199.22000122070312,200.1699981689453,198.6699981689453,199.49000549316406,1103800
GD,2017-11-17,162.77847290039062,197.77000427246094,199.55999755859375,197.75,198.25999450683594,762500
GD,2017-11-20,163.57687377929688,198.74000549316406,199.39999389648438,197.7100067138672,198.00999450683594,1283900
GD,2017-11-21,164.69622802734375,200.10000610351562,200.33999633789062,197.8800048828125,198.72000122070312,1190800
GD,2017-11-22,164.6468048095703,200.0399932861328,200.64999389648438,199.22000122070312,199.82000732421875,921800
GD,2017-11-24,164.61392211914062,200.0,200.75999450683594,199.88999938964844,200.19000244140625,411400
GD,2017-11-27,165.4945526123047,201.07000732421875,201.35000610351562,199.75999450683594,200.0,1026700
GD,2017-11-28,168.06259155273438,204.19000244140625,204.72999572753906,201.14999389648438,201.88999938964844,1159400
GD,2017-11-29,168.04608154296875,204.1699981689453,204.9600067138672,203.64999389648438,204.61000061035156,724300
GD,2017-11-30,170.507080078125,207.16000366210938,207.85000610351562,203.75,204.2100067138672,1912200
GD,2017-12-01,166.78684997558594,202.63999938964844,207.17999267578125,199.7899932861328,207.11000061035156,1311500
GD,2017-12-04,166.00489807128906,201.69000244140625,204.61000061035156,201.13999938964844,203.75,1706000
GD,2017-12-05,164.53982543945312,199.91000366210938,202.52000427246094,199.8300018310547,202.4199981689453,960200
GD,2017-12-06,164.78672790527344,200.2100067138672,201.33999633789062,199.92999267578125,199.92999267578125,1223000
GD,2017-12-07,164.75384521484375,200.1699981689453,201.16000366210938,199.27999877929688,200.27999877929688,1236100
GD,2017-12-08,165.4945526123047,201.07000732421875,201.2100067138672,198.8699951171875,200.24000549316406,1344600
GD,2017-12-11,164.31759643554688,199.63999938964844,201.3300018310547,199.30999755859375,201.1999969482422,804200
GD,2017-12-12,161.46981811523438,196.17999267578125,198.47999572753906,196.07000732421875,197.91000366210938,1961000
GD,2017-12-13,161.84017944335938,196.6300048828125,198.13999938964844,196.38999938964844,196.6699981689453,1417900
GD,2017-12-14,161.50267028808594,196.22000122070312,198.42999267578125,195.69000244140625,198.07000732421875,1136700
GD,2017-12-15,163.6591339111328,198.83999633789062,199.88999938964844,196.3300018310547,196.3300018310547,1982000
GD,2017-12-18,163.338134765625,198.4499969482422,199.32000732421875,196.75,199.16000366210938,1559000
GD,2017-12-19,164.47396850585938,199.8300018310547,200.5399932861328,198.1300048828125,198.60000610351562,1300000
GD,2017-12-20,165.6838836669922,201.3000030517578,201.77000427246094,199.9499969482422,200.0800018310547,1049100
GD,2017-12-21,166.65512084960938,202.47999572753906,203.16000366210938,200.69000244140625,201.4499969482422,1502000
GD,2017-12-22,166.78684997558594,202.63999938964844,203.4499969482422,202.16000366210938,203.0,787500
GD,2017-12-26,166.2353515625,201.97000122070312,203.72999572753906,201.69000244140625,202.85000610351562,574800
GD,2017-12-27,166.85267639160156,202.72000122070312,203.36000061035156,201.17999267578125,202.00999450683594,601000
GD,2017-12-28,167.7909393310547,203.86000061035156,204.0399932861328,202.77999877929688,203.4499969482422,692800
GD,2017-12-29,167.45350646972656,203.4499969482422,204.63999938964844,203.2100067138672,204.0,768800
GD,2018-01-02,165.0172119140625,200.49000549316406,204.0,199.97000122070312,203.5399932861328,1588000
GD,2018-01-03,166.0460662841797,201.74000549316406,202.14999389648438,199.5,200.2100067138672,1692700
GD,2018-01-04,168.90213012695312,205.2100067138672,205.52999877929688,201.8300018310547,202.3699951171875,1473200
GD,2018-01-05,168.4823455810547,204.6999969482422,206.25,203.6300048828125,205.97999572753906,1722600
GD,2018-01-08,168.4823455810547,204.6999969482422,205.5800018310547,204.32000732421875,204.85000610351562,1044900
GD,2018-01-09,169.45355224609375,205.8800048828125,206.97999572753906,205.0,205.49000549316406,1290200
GD,2018-01-10,168.52346801757812,204.75,206.0500030517578,204.25,205.0,956900
GD,2018-01-11,169.14903259277344,205.50999450683594,206.1699981689453,204.6999969482422,204.7899932861328,1245600
GD,2018-01-12,173.33021545410156,210.58999633789062,211.75,205.58999633789062,206.52999877929688,1892700
GD,2018-01-16,169.82395935058594,206.3300018310547,211.6199951171875,206.0,211.00999450683594,1753800
GD,2018-01-17,171.62648010253906,208.52000427246094,209.0500030517578,206.7899932861328,207.75999450683594,1421000
GD,2018-01-18,171.72561645507812,207.8000030517578,209.44000244140625,207.19000244140625,208.36000061035156,1241700
GD,2018-01-19,172.79995727539062,209.10000610351562,209.41000366210938,207.52999877929688,209.41000366210938,1413900
GD,2018-01-22,172.05615234375,208.1999969482422,209.22999572753906,207.0399932861328,209.0800018310547,1895000
GD,2018-01-23,171.461181640625,207.47999572753906,208.7899932861328,206.8300018310547,208.3000030517578,2277400
GD,2018-01-24,181.20443725585938,219.27000427246094,220.16000366210938,201.39999389648438,202.99000549316406,4176200
GD,2018-01-25,187.2040557861328,226.52999877929688,227.7100067138672,219.60000610351562,220.0,3237700
GD,2018-01-26,186.96444702148438,226.24000549316406,226.5500030517578,221.6699981689453,224.9499969482422,1977700
GD,2018-01-29,186.35289001464844,225.5,229.5399932861328,225.22999572753906,226.5,1737700
GD,2018-01-30,185.3446807861328,224.27999877929688,225.8699951171875,222.3000030517578,224.91000366210938,1590200
GD,2018-01-31,183.85714721679688,222.47999572753906,226.91000366210938,222.3800048828125,226.08999633789062,1833600
GD,2018-02-01,186.11326599121094,225.2100067138672,227.82000732421875,222.0,222.38999938964844,1779800
GD,2018-02-02,183.22911071777344,221.72000122070312,225.44000244140625,220.83999633789062,220.83999633789062,1377900
GD,2018-02-05,174.55189514160156,211.22000122070312,222.35000610351562,208.91000366210938,220.44000244140625,2376000
GD,2018-02-06,175.57667541503906,212.4600067138672,213.08999633789062,203.89999389648438,206.32000732421875,2901400
GD,2018-02-07,177.6343994140625,214.9499969482422,218.6199951171875,212.00999450683594,212.41000366210938,1962100
GD,2018-02-08,170.27944946289062,206.0500030517578,217.22999572753906,205.97000122070312,216.1300048828125,1969900
GD,2018-02-09,175.2791748046875,212.10000610351562,214.3300018310547,206.9600067138672,208.1199951171875,2682400
GD,2018-02-12,173.1552734375,209.52999877929688,215.08999633789062,207.8699951171875,214.1699981689453,2698800
GD,2018-02-13,175.0395050048828,211.80999755859375,212.69000244140625,207.5,207.91000366210938,2556500
GD,2018-02-14,180.36154174804688,218.25,218.39999389648438,210.60000610351562,211.10000610351562,2475600
GD,2018-02-15,186.2702178955078,225.39999389648438,225.39999389648438,220.72000122070312,224.3800048828125,2624500
GD,2018-02-16,185.2703094482422,224.19000244140625,226.0,222.5,225.60000610351562,1939200
GD,2018-02-20,183.32000732421875,221.8300018310547,224.0800018310547,221.17999267578125,223.0,1211100
GD,2018-02-21,182.427490234375,220.75,224.88999938964844,220.72999572753906,221.44000244140625,1151100
GD,2018-02-22,181.9233856201172,220.13999938964844,222.5800018310547,219.75999450683594,221.67999267578125,897600
GD,2018-02-23,182.63409423828125,221.0,222.16000366210938,219.8699951171875,221.4499969482422,1034300
GD,2018-02-26,187.41065979003906,226.77999877929688,227.27999877929688,222.00999450683594,222.97000122070312,1445900
GD,2018-02-27,185.02239990234375,223.88999938964844,227.77999877929688,223.8699951171875,226.49000549316406,1083400
GD,2018-02-28,183.8323516845703,222.4499969482422,226.38999938964844,222.4499969482422,224.60000610351562,1028000
GD,2018-03-01,181.10523986816406,219.14999389648438,225.60000610351562,218.0,222.97999572753906,2009600
GD,2018-03-02,184.56788635253906,223.33999633789062,224.02000427246094,217.64999389648438,217.72999572753906,2058700
GD,2018-03-05,185.6421661376953,224.63999938964844,224.75999450683594,219.3000030517578,220.63999938964844,1965600
GD,2018-03-06,185.78268432617188,224.80999755859375,225.44000244140625,223.16000366210938,225.0800018310547,1337300
GD,2018-03-07,186.99742126464844,226.27999877929688,226.47999572753906,221.3800048828125,222.5500030517578,1238300
GD,2018-03-08,187.30323791503906,226.64999389648438,227.0500030517578,224.47999572753906,227.0,1054700
GD,2018-03-09,190.0303497314453,229.9499969482422,230.0,226.74000549316406,227.94000244140625,1309000
GD,2018-03-12,185.6421661376953,224.63999938964844,229.9499969482422,223.92999267578125,229.5,1218900
GD,2018-03-13,184.5760955810547,223.35000610351562,226.8699951171875,222.8300018310547,225.9199981689453,1165600
GD,2018-03-14,183.2042999267578,221.69000244140625,224.6199951171875,220.58999633789062,224.58999633789062,1002600
GD,2018-03-15,183.95632934570312,222.60000610351562,223.8699951171875,221.25999450683594,222.50999450683594,871700
GD,2018-03-16,184.072021484375,222.74000549316406,223.8800048828125,221.27999877929688,223.4600067138672,1980400
GD,2018-03-19,185.0306396484375,223.89999389648438,224.3300018310547,221.0500030517578,222.64999389648438,907900
GD,2018-03-20,186.2537078857422,225.3800048828125,226.89999389648438,224.10000610351562,224.41000366210938,798100
GD,2018-03-21,184.90667724609375,223.75,226.1699981689453,223.74000549316406,225.3699951171875,897000
GD,2018-03-22,180.46063232421875,218.3699951171875,223.97999572753906,217.8300018310547,222.25,1172100
GD,2018-03-23,180.82427978515625,218.80999755859375,224.47000122070312,218.5,218.5,1437900
GD,2018-03-26,184.67529296875,223.47000122070312,223.82000732421875,220.8699951171875,221.92999267578125,1319000
GD,2018-03-27,182.6919403076172,221.07000732421875,225.77999877929688,219.7899932861328,225.0,1135100
GD,2018-03-28,179.5598907470703,217.27999877929688,221.8800048828125,216.6999969482422,221.72000122070312,1722400
GD,2018-03-29,182.55148315429688,220.89999389648438,223.4600067138672,218.02000427246094,219.58999633789062,1945500
GD,2018-04-02,180.8821258544922,218.8800048828125,222.02999877929688,215.5500030517578,220.50999450683594,1345400
GD,2018-04-03,182.0721893310547,220.32000732421875,221.4499969482422,217.2100067138672,219.9499969482422,1387700
GD,2018-04-04,180.6011199951172,218.5399932861328,218.6999969482422,214.27000427246094,215.14999389648438,2753300
GD,2018-04-05,182.81590270996094,221.22000122070312,221.7100067138672,218.35000610351562,220.44000244140625,2209200
GD,2018-04-06,178.28724670410156,215.74000549316406,220.66000366210938,213.77000427246094,219.47999572753906,1496100
GD,2018-04-09,177.64263916015625,214.9600067138672,218.25,214.5399932861328,217.00999450683594,1256700
GD,2018-04-10,177.22117614746094,214.4499969482422,218.30999755859375,213.91000366210938,217.88999938964844,1684700
GD,2018-04-11,178.7665557861328,216.32000732421875,217.47999572753906,214.0,214.0,1173600
GD,2018-04-12,181.11537170410156,218.22000122070312,219.24000549316406,216.16000366210938,216.3699951171875,1248200
GD,2018-04-13,181.27305603027344,218.41000366210938,219.82000732421875,217.17999267578125,219.4199981689453,942600
GD,2018-04-16,181.2647705078125,218.39999389648438,220.49000549316406,218.33999633789062,219.72999572753906,1381400
GD,2018-04-17,183.762939453125,221.41000366210938,222.80999755859375,219.24000549316406,219.27999877929688,1143100
GD,2018-04-18,187.1492156982422,225.49000549316406,227.6999969482422,223.50999450683594,224.6199951171875,1470700
GD,2018-04-19,186.72593688964844,224.97999572753906,225.72000122070312,222.97999572753906,225.5500030517578,1027300
GD,2018-04-20,185.17388916015625,223.11000061035156,225.8800048828125,222.47999572753906,225.8800048828125,1280100
GD,2018-04-23,187.539306640625,225.9600067138672,226.1199951171875,222.9199981689453,222.9199981689453,1822500
GD,2018-04-24,184.26919555664062,222.02000427246094,229.74000549316406,218.0800018310547,227.75,2912500
GD,2018-04-25,178.05271911621094,214.52999877929688,217.99000549316406,207.1999969482422,215.91000366210938,4583900
GD,2018-04-26,175.74546813964844,211.75,215.52000427246094,210.4600067138672,214.9199981689453,2415300
GD,2018-04-27,169.07254028320312,203.7100067138672,212.0,203.27999877929688,211.74000549316406,2217900
GD,2018-04-30,167.08056640625,201.30999755859375,205.25,201.24000549316406,203.7899932861328,2569900
GD,2018-05-01,163.75244140625,197.3000030517578,201.14999389648438,194.47000122070312,201.14999389648438,2926500
GD,2018-05-02,162.4078826904297,195.67999267578125,200.5,195.50999450683594,197.3000030517578,1906400
GD,2018-05-03,161.84352111816406,195.0,196.7100067138672,191.0,194.85000610351562,2053800
GD,2018-05-04,161.90159606933594,195.07000732421875,195.75,193.19000244140625,193.9600067138672,1499400
GD,2018-05-07,163.04698181152344,196.4499969482422,198.57000732421875,195.0,195.97000122070312,1281400
GD,2018-05-08,165.677978515625,199.6199951171875,199.92999267578125,196.00999450683594,196.97000122070312,2150200
GD,2018-05-09,166.86483764648438,201.0500030517578,202.11000061035156,199.58999633789062,200.3000030517578,1755100
GD,2018-05-10,167.37939453125,201.6699981689453,203.0,200.89999389648438,201.7100067138672,1092400
GD,2018-05-11,169.246826171875,203.9199981689453,204.47000122070312,201.36000061035156,201.36000061035156,1296600
GD,2018-05-14,168.54136657714844,203.07000732421875,204.44000244140625,201.11000061035156,203.67999267578125,1522400
GD,2018-05-15,167.36276245117188,201.64999389648438,202.8300018310547,200.0800018310547,202.16000366210938,1012200
GD,2018-05-16,166.4083251953125,200.5,202.6999969482422,200.22999572753906,202.0,1009900
GD,2018-05-17,167.45407104492188,201.75999450683594,202.10000610351562,200.3000030517578,200.42999267578125,1207700
GD,2018-05-18,168.0849151611328,202.52000427246094,203.63999938964844,201.3800048828125,201.3800048828125,2016900
GD,2018-05-21,170.78228759765625,205.77000427246094,206.07000732421875,203.2899932861328,204.13999938964844,1088100
GD,2018-05-22,169.62033081054688,204.3699951171875,205.77000427246094,204.08999633789062,205.6300048828125,1299200
GD,2018-05-23,170.6079559326172,205.55999755859375,205.77000427246094,202.3800048828125,202.80999755859375,1111500
GD,2018-05-24,173.23895263671875,208.72999572753906,208.8800048828125,205.19000244140625,205.6300048828125,1408800
GD,2018-05-25,172.73265075683594,208.1199951171875,208.69000244140625,207.02000427246094,208.25,1179900
GD,2018-05-29,167.4955291748047,201.80999755859375,206.7899932861328,200.08999633789062,206.33999633789062,1661700
GD,2018-05-30,169.34642028808594,204.0399932861328,204.57000732421875,201.1199951171875,202.24000549316406,1241300
GD,2018-05-31,167.41259765625,201.7100067138672,204.47000122070312,201.58999633789062,204.0500030517578,1867900
GD,2018-06-01,168.87335205078125,203.47000122070312,204.6699981689453,202.64999389648438,203.6999969482422,955000
GD,2018-06-04,168.15127563476562,202.60000610351562,204.66000366210938,202.11000061035156,203.91000366210938,1125600
GD,2018-06-05,166.9062957763672,201.10000610351562,202.91000366210938,199.82000732421875,202.1699981689453,1659400
GD,2018-06-06,167.24659729003906,201.50999450683594,202.0500030517578,200.07000732421875,201.8300018310547,1601300
GD,2018-06-07,168.35877990722656,202.85000610351562,203.33999633789062,201.5,201.97999572753906,853300
GD,2018-06-08,168.13465881347656,202.5800018310547,202.99000549316406,199.0500030517578,202.6699981689453,1320900
GD,2018-06-11,167.404296875,201.6999969482422,204.11000061035156,201.6199951171875,202.67999267578125,1077400
GD,2018-06-12,164.7484130859375,198.5,202.52999877929688,197.52999877929688,201.32000732421875,2190400
GD,2018-06-13,165.84397888183594,199.82000732421875,201.27000427246094,198.0800018310547,198.24000549316406,2037000
GD,2018-06-14,162.52407836914062,195.82000732421875,201.0,195.50999450683594,200.89999389648438,2384500
GD,2018-06-15,162.50746154785156,195.8000030517578,195.89999389648438,193.3300018310547,194.52999877929688,2854300
GD,2018-06-18,162.64857482910156,195.97000122070312,196.5,194.61000061035156,194.72999572753906,1419000
GD,2018-06-19,158.266357421875,190.69000244140625,194.75999450683594,190.52999877929688,194.0,1530900
GD,2018-06-20,158.8556365966797,191.39999389648438,191.9499969482422,190.17999267578125,191.0800018310547,1049600
GD,2018-06-21,156.390625,188.42999267578125,191.66000366210938,187.30999755859375,190.44000244140625,2401200
GD,2018-06-22,157.17909240722656,189.3800048828125,190.13999938964844,187.4600067138672,190.10000610351562,1542800
GD,2018-06-25,156.9467010498047,189.10000610351562,190.1199951171875,187.0500030517578,188.25999450683594,1288900
GD,2018-06-26,156.69772338867188,188.8000030517578,189.9600067138672,187.86000061035156,189.27000427246094,1435100
GD,2018-06-27,154.2825164794922,185.88999938964844,190.72000122070312,185.85000610351562,189.16000366210938,1762200
GD,2018-06-28,155.5689697265625,187.44000244140625,188.25,184.2100067138672,186.1199951171875,1070600
GD,2018-06-29,154.71412658691406,186.41000366210938,188.6300048828125,186.27999877929688,188.00999450683594,1581000
GD,2018-07-02,155.51087951660156,187.3699951171875,187.5399932861328,184.64999389648438,185.19000244140625,1036600
GD,2018-07-03,157.4364013671875,189.69000244140625,193.35000610351562,188.0,188.4499969482422,1764900
GD,2018-07-05,157.38632202148438,188.6999969482422,189.86000061035156,187.66000366210938,189.41000366210938,1498700
GD,2018-07-06,157.50306701660156,188.83999633789062,190.17999267578125,187.30999755859375,188.57000732421875,1483900
GD,2018-07-09,159.7550811767578,191.5399932861328,192.3000030517578,188.6999969482422,189.2100067138672,1249600
GD,2018-07-10,160.8059844970703,192.8000030517578,194.30999755859375,191.77000427246094,192.22999572753906,1353700
GD,2018-07-11,159.73004150390625,191.50999450683594,192.0800018310547,190.8300018310547,192.0399932861328,1005200
GD,2018-07-12,161.506591796875,193.63999938964844,194.05999755859375,191.9199981689453,193.00999450683594,1333700
GD,2018-07-13,160.75596618652344,192.74000549316406,195.07000732421875,192.47000122070312,193.24000549316406,1832300
GD,2018-07-16,159.72171020507812,191.5,193.75,190.6999969482422,193.13999938964844,1163900
GD,2018-07-17,160.40565490722656,192.32000732421875,192.5500030517578,190.4600067138672,191.52999877929688,1210800
GD,2018-07-18,162.99951171875,195.42999267578125,195.9199981689453,191.22000122070312,192.25,1522700
GD,2018-07-19,162.09881591796875,194.35000610351562,195.72000122070312,193.44000244140625,194.94000244140625,1086900
GD,2018-07-20,162.8744354248047,195.27999877929688,196.1300048828125,193.69000244140625,193.88999938964844,964400
GD,2018-07-23,161.1646270751953,193.22999572753906,195.57000732421875,192.77999877929688,195.27999877929688,1213500
GD,2018-07-24,164.10052490234375,196.75,198.8000030517578,193.69000244140625,195.0,2108500
GD,2018-07-25,169.6886444091797,203.4499969482422,204.05999755859375,195.41000366210938,198.8000030517578,2554400
GD,2018-07-26,167.2115478515625,200.47999572753906,203.67999267578125,199.33999633789062,202.02000427246094,2346800
GD,2018-07-27,165.6851806640625,198.64999389648438,202.0500030517578,197.97999572753906,201.35000610351562,1201000
GD,2018-07-30,163.6918182373047,196.25999450683594,200.2100067138672,195.97999572753906,198.64999389648438,1064400
GD,2018-07-31,166.6110076904297,199.75999450683594,200.35000610351562,197.60000610351562,198.5500030517578,2239300
GD,2018-08-01,163.48329162597656,196.00999450683594,199.88999938964844,195.55999755859375,199.38999938964844,1465100
GD,2018-08-02,162.5908660888672,194.94000244140625,196.8300018310547,193.27000427246094,194.17999267578125,2201000
GD,2018-08-03,161.88189697265625,194.08999633789062,194.5399932861328,191.85000610351562,194.0399932861328,2613300
GD,2018-08-06,161.40647888183594,193.52000427246094,193.77000427246094,192.1199951171875,193.67999267578125,2042800
GD,2018-08-07,163.70851135253906,196.27999877929688,196.41000366210938,193.67999267578125,193.67999267578125,1208400
GD,2018-08-08,162.7493438720703,195.1300048828125,196.44000244140625,194.02000427246094,196.27000427246094,1051200
GD,2018-08-09,160.61416625976562,192.57000732421875,195.3000030517578,192.39999389648438,194.97999572753906,861600
GD,2018-08-10,159.9803009033203,191.80999755859375,192.77000427246094,190.66000366210938,192.3800048828125,954300
GD,2018-08-13,160.00526428222656,191.83999633789062,192.77999877929688,190.47999572753906,191.92999267578125,813100
GD,2018-08-14,161.49822998046875,193.6300048828125,194.1699981689453,191.75,192.0,779100
GD,2018-08-15,160.3973388671875,192.30999755859375,193.47000122070312,190.77000427246094,192.8300018310547,1121000
GD,2018-08-16,160.50575256347656,192.44000244140625,194.05999755859375,191.97999572753906,192.6300048828125,999900
GD,2018-08-17,161.53994750976562,193.67999267578125,194.02999877929688,192.22999572753906,192.8000030517578,808100
GD,2018-08-20,162.57418823242188,194.9199981689453,195.57000732421875,193.86000061035156,194.25,936000
GD,2018-08-21,162.60755920410156,194.9600067138672,195.6199951171875,193.8300018310547,194.64999389648438,1013400
GD,2018-08-22,160.53909301757812,192.47999572753906,194.91000366210938,192.27000427246094,194.38999938964844,806700
GD,2018-08-23,159.79676818847656,191.58999633789062,192.99000549316406,191.39999389648438,192.3800048828125,855500
GD,2018-08-24,160.6308135986328,192.58999633789062,192.64999389648438,191.3699951171875,192.0,619100
GD,2018-08-27,162.88275146484375,195.2899932861328,195.77000427246094,193.0,193.0,885300
GD,2018-08-28,163.15802001953125,195.6199951171875,196.39999389648438,194.92999267578125,196.1999969482422,1015100
GD,2018-08-29,162.39903259277344,194.7100067138672,195.9499969482422,193.7100067138672,195.42999267578125,976800
GD,2018-08-30,160.56410217285156,192.50999450683594,196.14999389648438,192.0500030517578,194.41000366210938,1016200
GD,2018-08-31,161.306396484375,193.39999389648438,193.60000610351562,191.35000610351562,191.58999633789062,1032500
GD,2018-09-04,160.64749145507812,192.61000061035156,193.3800048828125,191.39999389648438,192.47999572753906,741100
GD,2018-09-05,161.7901611328125,193.97999572753906,194.35000610351562,191.63999938964844,191.85000610351562,1162600
GD,2018-09-06,162.84107971191406,195.24000549316406,195.94000244140625,194.1999969482422,194.39999389648438,741400
GD,2018-09-07,162.39903259277344,194.7100067138672,195.4199981689453,193.75,194.77000427246094,998100
GD,2018-09-10,163.2164306640625,195.69000244140625,196.89999389648438,195.0399932861328,195.19000244140625,1083300
GD,2018-09-11,163.5249481201172,196.05999755859375,196.60000610351562,194.6999969482422,194.72999572753906,960700
GD,2018-09-12,163.64178466796875,196.1999969482422,197.00999450683594,195.5,195.57000732421875,886600
GD,2018-09-13,165.61849975585938,198.57000732421875,198.80999755859375,196.9199981689453,197.1300048828125,949300
GD,2018-09-14,167.23655700683594,200.50999450683594,200.6300048828125,198.33999633789062,198.6300048828125,998200
GD,2018-09-17,168.8379364013672,202.42999267578125,202.8800048828125,200.33999633789062,200.6300048828125,1072400
GD,2018-09-18,170.65618896484375,204.61000061035156,204.9499969482422,202.42999267578125,202.8000030517578,1050900
GD,2018-09-19,170.15574645996094,204.00999450683594,206.3800048828125,203.42999267578125,204.7899932861328,1363900
GD,2018-09-20,169.1965789794922,202.86000061035156,205.1699981689453,200.4499969482422,204.5,1347700
GD,2018-09-21,170.69789123535156,204.66000366210938,206.14999389648438,203.75999450683594,204.08999633789062,2464200
GD,2018-09-24,169.17156982421875,202.8300018310547,204.61000061035156,202.27999877929688,204.3000030517578,1133600
GD,2018-09-25,169.7136688232422,203.47999572753906,203.8699951171875,201.72999572753906,202.67999267578125,877300
GD,2018-09-26,168.36251831054688,201.86000061035156,203.97000122070312,201.49000549316406,203.5,1223300
GD,2018-09-27,168.5460205078125,202.0800018310547,202.52999877929688,201.08999633789062,202.27000427246094,947300
GD,2018-09-28,170.7479705810547,204.72000122070312,204.99000549316406,201.11000061035156,201.97999572753906,1569700
GD,2018-10-01,171.39845275878906,205.5,206.19000244140625,204.55999755859375,206.0,829800
GD,2018-10-02,170.96478271484375,204.97999572753906,205.94000244140625,204.05999755859375,205.77000427246094,797900
GD,2018-10-03,171.58200073242188,205.72000122070312,206.6300048828125,204.6699981689453,205.7100067138672,1096000
GD,2018-10-04,172.5203857421875,205.91000366210938,206.17999267578125,203.80999755859375,204.3000030517578,970400
GD,2018-10-05,172.86390686035156,206.32000732421875,207.72000122070312,205.50999450683594,206.08999633789062,1923300
GD,2018-10-08,173.56768798828125,207.16000366210938,207.47000122070312,205.3300018310547,206.02999877929688,1528900
GD,2018-10-09,171.05410766601562,204.16000366210938,207.0,204.00999450683594,206.5399932861328,931900
GD,2018-10-10,165.74221801757812,197.82000732421875,204.16000366210938,197.72000122070312,204.16000366210938,1648200
GD,2018-10-11,161.653564453125,192.94000244140625,198.16000366210938,192.66000366210938,197.77000427246094,2066000
GD,2018-10-12,160.74024963378906,191.85000610351562,195.64999389648438,189.4199981689453,195.63999938964844,1310400
GD,2018-10-15,161.39382934570312,192.6300048828125,194.39999389648438,191.9199981689453,192.05999755859375,1044500
GD,2018-10-16,163.13653564453125,194.7100067138672,195.19000244140625,191.77000427246094,193.2899932861328,1081900
GD,2018-10-17,162.4075927734375,193.83999633789062,196.0399932861328,193.41000366210938,195.42999267578125,1014900
GD,2018-10-18,160.2124481201172,191.22000122070312,193.67999267578125,190.0,192.2899932861328,1072900
GD,2018-10-19,159.4081573486328,190.25999450683594,192.3300018310547,190.22999572753906,191.44000244140625,942800
GD,2018-10-22,159.3075714111328,190.13999938964844,191.75999450683594,189.0,190.91000366210938,1138200
GD,2018-10-23,157.3051300048828,187.75,190.0800018310547,186.75,187.6199951171875,1914400
GD,2018-10-24,145.1479949951172,173.24000549316406,186.0,172.86000061035156,184.83999633789062,4887600
GD,2018-10-25,142.9361114501953,170.60000610351562,173.77000427246094,169.32000732421875,172.97999572753906,3254600
GD,2018-10-26,142.316162109375,169.86000061035156,171.8800048828125,167.27000427246094,168.7100067138672,2877200
GD,2018-10-29,139.95338439941406,167.0399932861328,172.52000427246094,164.75999450683594,170.72000122070312,2586700
GD,2018-10-30,144.01690673828125,171.88999938964844,172.6199951171875,166.44000244140625,167.3800048828125,2405800
GD,2018-10-31,144.5950469970703,172.5800018310547,175.6199951171875,172.24000549316406,173.50999450683594,2215000
GD,2018-11-01,149.4713134765625,178.39999389648438,179.3300018310547,173.19000244140625,173.27000427246094,1848500
GD,2018-11-02,148.28158569335938,176.97999572753906,181.82000732421875,176.44000244140625,178.97000122070312,3515900
GD,2018-11-05,149.1110382080078,177.97000122070312,179.88999938964844,176.8800048828125,177.5399932861328,2455800
GD,2018-11-06,152.65509033203125,182.1999969482422,182.83999633789062,177.67999267578125,177.67999267578125,1637100
GD,2018-11-07,155.02618408203125,185.02999877929688,185.3300018310547,182.13999938964844,184.82000732421875,1879200
GD,2018-11-08,154.63241577148438,184.55999755859375,185.80999755859375,184.02999877929688,185.02000427246094,1317000
GD,2018-11-09,154.58216857910156,184.5,185.14999389648438,183.0,183.36000061035156,1245200
GD,2018-11-12,151.65805053710938,181.00999450683594,185.52000427246094,180.58999633789062,184.9600067138672,1146800
GD,2018-11-13,150.8788604736328,180.0800018310547,183.92999267578125,179.4499969482422,181.75999450683594,1298400
GD,2018-11-14,150.6777801513672,179.83999633789062,182.47000122070312,178.94000244140625,181.44000244140625,1790400
GD,2018-11-15,152.77239990234375,182.33999633789062,182.5399932861328,177.5,178.0,1206700
GD,2018-11-16,153.37564086914062,183.05999755859375,184.91000366210938,180.8800048828125,181.33999633789062,1584900
GD,2018-11-19,150.29238891601562,179.3800048828125,183.16000366210938,178.49000549316406,183.16000366210938,986700
GD,2018-11-20,147.39344787597656,175.9199981689453,177.49000549316406,175.16000366210938,176.5399932861328,1546800
GD,2018-11-21,148.08883666992188,176.75,178.6300048828125,176.25999450683594,177.0,1113000
GD,2018-11-23,149.35401916503906,178.25999450683594,179.4600067138672,175.2899932861328,175.97999572753906,447200
GD,2018-11-26,150.55210876464844,179.69000244140625,180.58999633789062,177.4499969482422,179.52000427246094,1370100
GD,2018-11-27,149.67239379882812,178.63999938964844,179.47000122070312,176.5,178.5500030517578,1524800
GD,2018-11-28,152.5126190185547,182.02999877929688,183.7100067138672,179.0399932861328,179.33999633789062,1589800
GD,2018-11-29,152.62994384765625,182.1699981689453,183.24000549316406,180.83999633789062,181.66000366210938,1823100
GD,2018-11-30,154.90892028808594,184.88999938964844,185.0399932861328,182.35000610351562,182.35000610351562,1647100
GD,2018-12-03,152.12728881835938,181.57000732421875,187.47000122070312,180.7899932861328,187.05999755859375,1399300
GD,2018-12-04,145.0977020263672,173.17999267578125,180.85000610351562,172.97000122070312,180.41000366210938,1760600
GD,2018-12-06,143.28802490234375,171.02000427246094,171.9199981689453,165.3000030517578,170.88999938964844,2481700
GD,2018-12-07,140.2382049560547,167.3800048828125,173.52999877929688,166.7100067138672,170.5399932861328,1779200
GD,2018-12-10,144.27664184570312,172.1999969482422,173.60000610351562,168.5500030517578,169.19000244140625,2253700
GD,2018-12-11,144.3353271484375,172.27000427246094,177.67999267578125,170.8800048828125,174.55999755859375,2391700
GD,2018-12-12,143.45558166503906,171.22000122070312,175.36000061035156,171.0,174.5399932861328,3235200
GD,2018-12-13,143.27964782714844,171.00999450683594,173.19000244140625,170.5,172.16000366210938,2760700
GD,2018-12-14,141.5703887939453,168.97000122070312,171.41000366210938,168.5399932861328,169.2899932861328,1898200
GD,2018-12-17,136.94557189941406,163.4499969482422,168.83999633789062,162.47000122070312,168.58999633789062,2420600
GD,2018-12-18,136.40931701660156,162.80999755859375,166.5,161.82000732421875,164.7100067138672,1688900
GD,2018-12-19,133.20875549316406,158.99000549316406,163.77999877929688,157.16000366210938,161.8000030517578,2088700
GD,2018-12-20,129.53900146484375,154.61000061035156,159.1199951171875,153.00999450683594,158.02000427246094,2494800
GD,2018-12-21,126.08709716796875,150.49000549316406,154.99000549316406,149.77000427246094,151.64999389648438,4348300
GD,2018-12-24,124.17679595947266,148.2100067138672,149.67999267578125,145.33999633789062,148.75999450683594,1572200
GD,2018-12-26,127.49463653564453,152.1699981689453,152.25999450683594,143.8699951171875,147.9499969482422,2180500
GD,2018-12-27,129.9662628173828,155.1199951171875,155.1699981689453,148.6300048828125,150.35000610351562,1720300
GD,2018-12-28,130.1338653564453,155.32000732421875,157.36000061035156,154.27000427246094,155.99000549316406,1455700
GD,2018-12-31,131.71739196777344,157.2100067138672,157.2100067138672,155.38999938964844,156.41000366210938,1223200
GD,2019-01-02,131.75926208496094,157.25999450683594,157.4600067138672,153.82000732421875,155.32000732421875,1276200
GD,2019-01-03,128.50009155273438,153.3699951171875,156.72999572753906,152.44000244140625,156.0,1436000
GD,2019-01-04,132.18658447265625,157.77000427246094,157.8300018310547,154.1199951171875,155.35000610351562,1840000
GD,2019-01-07,132.92393493652344,158.64999389648438,159.6699981689453,155.92999267578125,157.6300048828125,1047400
GD,2019-01-08,132.9322509765625,158.66000366210938,159.9199981689453,156.75,159.2899932861328,1350300
GD,2019-01-09,134.80905151367188,160.89999389648438,161.50999450683594,159.16000366210938,159.25999450683594,1483800
GD,2019-01-10,136.0909423828125,162.42999267578125,162.5500030517578,159.3699951171875,160.27000427246094,1131600
GD,2019-01-11,137.24716186523438,163.80999755859375,163.85000610351562,160.89999389648438,161.27999877929688,1239200
GD,2019-01-14,137.85040283203125,164.52999877929688,164.94000244140625,162.24000549316406,162.3000030517578,1368000
GD,2019-01-15,136.68580627441406,163.13999938964844,165.38999938964844,162.38999938964844,164.85000610351562,1906800
GD,2019-01-16,137.0712432861328,163.60000610351562,164.67999267578125,162.69000244140625,162.7899932861328,1090800
GD,2019-01-17,139.64122009277344,165.72000122070312,166.8300018310547,161.75,162.0,976400
GD,2019-01-18,142.05117797851562,168.5800018310547,170.1300048828125,166.24000549316406,167.0,1665800
GD,2019-01-22,140.9052276611328,167.22000122070312,168.7899932861328,165.55999755859375,167.64999389648438,1298100
GD,2019-01-23,142.24493408203125,168.80999755859375,169.91000366210938,166.13999938964844,168.47999572753906,1199800
GD,2019-01-24,143.93865966796875,170.82000732421875,172.5,169.19000244140625,169.19000244140625,1329700
GD,2019-01-25,144.27574157714844,171.22000122070312,172.89999389648438,170.8000030517578,172.64999389648438,1192100
GD,2019-01-28,145.0930633544922,172.19000244140625,172.25999450683594,169.22000122070312,169.67999267578125,1285000
GD,2019-01-29,148.3035125732422,176.0,176.16000366210938,172.72999572753906,172.72999572753906,1573700
GD,2019-01-30,144.0144805908203,170.91000366210938,171.35000610351562,165.02000427246094,169.83999633789062,4073400
GD,2019-01-31,144.23358154296875,171.1699981689453,173.3000030517578,169.0800018310547,169.17999267578125,2162600
GD,2019-02-01,142.43032836914062,169.02999877929688,172.0,168.25,171.3800048828125,1716700
GD,2019-02-04,147.1322479248047,174.61000061035156,174.61000061035156,169.22000122070312,169.3800048828125,1664700
GD,2019-02-05,145.11837768554688,172.22000122070312,174.9499969482422,171.99000549316406,174.61000061035156,1583300
GD,2019-02-06,145.57333374023438,172.75999450683594,174.52999877929688,171.97999572753906,171.97999572753906,1180300
GD,2019-02-07,146.27279663085938,173.58999633789062,173.63999938964844,170.4499969482422,172.1199951171875,1538300
GD,2019-02-08,145.03411865234375,172.1199951171875,173.27000427246094,171.3000030517578,172.86000061035156,2255600
GD,2019-02-11,144.03135681152344,170.92999267578125,172.89999389648438,170.67999267578125,172.47000122070312,1159700
GD,2019-02-12,145.57333374023438,172.75999450683594,173.19000244140625,171.3800048828125,171.6300048828125,1303400
GD,2019-02-13,146.18011474609375,173.47999572753906,174.3800048828125,173.00999450683594,173.44000244140625,1053600
GD,2019-02-14,145.01719665527344,172.10000610351562,173.0800018310547,171.49000549316406,173.02000427246094,843000
GD,2019-02-15,147.6631317138672,175.24000549316406,175.39999389648438,171.69000244140625,172.5399932861328,1222900
GD,2019-02-19,147.2755126953125,174.77999877929688,175.47000122070312,173.72000122070312,175.0,902400
GD,2019-02-20,146.99746704101562,174.4499969482422,175.30999755859375,173.4499969482422,174.8800048828125,1038500
GD,2019-02-21,144.62123107910156,171.6300048828125,174.30999755859375,170.88999938964844,174.17999267578125,979800
GD,2019-02-22,145.38795471191406,172.5399932861328,172.72000122070312,171.6300048828125,172.1699981689453,1388400
GD,2019-02-25,145.8936004638672,173.13999938964844,174.36000061035156,172.97999572753906,174.0399932861328,951900
GD,2019-02-26,143.24769592285156,170.0,173.0399932861328,169.89999389648438,172.80999755859375,1424100
GD,2019-02-27,142.69155883789062,169.33999633789062,169.99000549316406,168.22999572753906,169.39999389648438,1514800
GD,2019-02-28,143.43310546875,170.22000122070312,170.97999572753906,168.88999938964844,169.1999969482422,1739600
GD,2019-03-01,142.64100646972656,169.27999877929688,171.02999877929688,168.57000732421875,171.0,1109100
GD,2019-03-04,140.5091552734375,166.75,170.39999389648438,166.4600067138672,170.39999389648438,1706500
GD,2019-03-05,141.5877227783203,168.02999877929688,168.3800048828125,166.75,166.75,1837300
GD,2019-03-06,140.273193359375,166.47000122070312,168.8300018310547,166.38999938964844,167.8800048828125,1080700
GD,2019-03-07,140.1636505126953,166.33999633789062,166.5399932861328,163.92999267578125,166.17999267578125,1218300
GD,2019-03-08,139.9951171875,166.13999938964844,166.32000732421875,164.1199951171875,165.17999267578125,1324100
GD,2019-03-11,142.83480834960938,169.50999450683594,169.86000061035156,164.67999267578125,165.1199951171875,1443700
GD,2019-03-12,142.21131896972656,168.77000427246094,170.52999877929688,168.5,169.55999755859375,1452500
GD,2019-03-13,144.69705200195312,171.72000122070312,173.10000610351562,169.02999877929688,169.42999267578125,1244700
GD,2019-03-14,142.9022674560547,169.58999633789062,171.7100067138672,169.52999877929688,171.3699951171875,1261300
GD,2019-03-15,143.0707550048828,169.7899932861328,170.9600067138672,168.66000366210938,169.63999938964844,3972100
GD,2019-03-18,144.65489196777344,171.6699981689453,171.99000549316406,169.6699981689453,169.77000427246094,1718800
GD,2019-03-19,143.85443115234375,170.72000122070312,173.47999572753906,170.36000061035156,172.5,1314800
GD,2019-03-20,141.9753875732422,168.49000549316406,170.97000122070312,168.36000061035156,170.69000244140625,871300
GD,2019-03-21,143.10446166992188,169.8300018310547,170.36000061035156,168.17999267578125,168.35000610351562,702400
GD,2019-03-22,139.7508087158203,165.85000610351562,169.5399932861328,165.7100067138672,169.39999389648438,816500
GD,2019-03-25,140.3996124267578,166.6199951171875,167.2100067138672,165.42999267578125,166.27999877929688,854000
GD,2019-03-26,140.6355743408203,166.89999389648438,168.5,165.9199981689453,167.9199981689453,905900
GD,2019-03-27,140.3490447998047,166.55999755859375,168.5800018310547,165.64999389648438,167.2899932861328,712100
GD,2019-03-28,141.36021423339844,167.75999450683594,168.1999969482422,166.05999755859375,167.19000244140625,859100
GD,2019-03-29,142.64100646972656,169.27999877929688,169.42999267578125,168.5,168.8699951171875,1333700
GD,2019-04-01,145.1942138671875,172.30999755859375,172.77000427246094,170.0399932861328,170.25,1055100
GD,2019-04-02,143.1971893310547,169.94000244140625,172.1999969482422,169.52000427246094,171.9199981689453,1367800
GD,2019-04-03,141.35179138183594,167.75,170.60000610351562,166.75,170.60000610351562,1484900
GD,2019-04-04,142.54827880859375,169.1699981689453,170.3699951171875,167.82000732421875,168.0,1062100
GD,2019-04-05,144.1914825439453,171.1199951171875,171.1300048828125,168.58999633789062,169.25999450683594,1240400
GD,2019-04-08,145.185791015625,172.3000030517578,172.52999877929688,170.10000610351562,170.52000427246094,1159800
GD,2019-04-09,142.54827880859375,169.1699981689453,171.57000732421875,169.05999755859375,171.1699981689453,1037100
GD,2019-04-10,142.71688842773438,169.3699951171875,169.8300018310547,167.61000061035156,169.22000122070312,926700
GD,2019-04-11,145.32786560058594,171.42999267578125,171.64999389648438,168.38999938964844,168.7899932861328,1212300
GD,2019-04-12,148.2949981689453,174.92999267578125,175.49000549316406,172.0500030517578,172.6699981689453,1454000
GD,2019-04-15,145.8110809326172,172.0,174.75,171.5,174.3699951171875,1601500
GD,2019-04-16,147.28616333007812,173.74000549316406,174.72999572753906,172.6999969482422,172.6999969482422,931700
GD,2019-04-17,147.9558868408203,174.52999877929688,176.47999572753906,174.27000427246094,175.0,988400
GD,2019-04-18,149.922607421875,176.85000610351562,177.0,174.50999450683594,174.89999389648438,1348300
GD,2019-04-22,150.0752410888672,177.02999877929688,177.86000061035156,175.27000427246094,175.8699951171875,1466900
GD,2019-04-23,154.6021270751953,182.3699951171875,183.1300048828125,178.8000030517578,179.66000366210938,1948100
GD,2019-04-24,153.2118377685547,180.72999572753906,193.11000061035156,180.24000549316406,193.11000061035156,3087200
GD,2019-04-25,149.94808959960938,176.8800048828125,180.22000122070312,175.9199981689453,179.74000549316406,1799100
GD,2019-04-26,150.9568634033203,178.07000732421875,178.14999389648438,176.14999389648438,177.13999938964844,852300
GD,2019-04-29,151.92327880859375,179.2100067138672,179.63999938964844,177.60000610351562,178.0,844900
GD,2019-04-30,151.50787353515625,178.72000122070312,179.97999572753906,176.72000122070312,179.5500030517578,1213200
GD,2019-05-01,149.5326690673828,176.38999938964844,179.92999267578125,176.35000610351562,179.1199951171875,1224100
GD,2019-05-02,147.98980712890625,174.57000732421875,176.35000610351562,172.8000030517578,175.80999755859375,2036500
GD,2019-05-03,149.78700256347656,176.69000244140625,176.7899932861328,175.0800018310547,175.24000549316406,1354400
GD,2019-05-06,148.65951538085938,175.36000061035156,175.7100067138672,172.61000061035156,173.60000610351562,992100
GD,2019-05-07,144.5225372314453,170.47999572753906,173.97999572753906,169.94000244140625,173.39999389648438,1614700
GD,2019-05-08,142.666015625,168.2899932861328,170.74000549316406,167.88999938964844,170.3800048828125,2021500
GD,2019-05-09,145.8534393310547,172.0500030517578,173.16000366210938,167.1699981689453,167.5800018310547,2037700
GD,2019-05-10,146.72666931152344,173.0800018310547,173.5399932861328,169.49000549316406,170.74000549316406,1254300
GD,2019-05-13,142.4116668701172,167.99000549316406,171.02000427246094,166.7899932861328,170.5399932861328,1762500
GD,2019-05-14,142.83558654785156,168.49000549316406,170.41000366210938,167.82000732421875,168.0399932861328,847900
GD,2019-05-15,142.18280029296875,167.72000122070312,169.22999572753906,165.64999389648438,167.02000427246094,787500
GD,2019-05-16,143.9884490966797,169.85000610351562,170.42999267578125,168.10000610351562,168.3300018310547,634200
GD,2019-05-17,141.03834533691406,166.3699951171875,168.41000366210938,166.10000610351562,167.86000061035156,998100
GD,2019-05-20,143.51373291015625,169.2899932861328,170.4499969482422,167.38999938964844,168.11000061035156,1359100
GD,2019-05-21,145.3448486328125,171.4499969482422,172.02000427246094,169.83999633789062,170.1999969482422,1182300
GD,2019-05-22,143.50523376464844,169.27999877929688,171.2100067138672,168.42999267578125,170.58999633789062,939200
GD,2019-05-23,138.67318725585938,163.5800018310547,168.25,162.69000244140625,167.77000427246094,1883600
GD,2019-05-24,139.05465698242188,164.02999877929688,164.82000732421875,161.4600067138672,163.91000366210938,1508100
GD,2019-05-28,138.74093627929688,163.66000366210938,165.44000244140625,163.07000732421875,164.27999877929688,2609600
GD,2019-05-29,137.59649658203125,162.30999755859375,163.9499969482422,161.86000061035156,163.5500030517578,1204100
GD,2019-05-30,137.52867126464844,162.22999572753906,163.64999389648438,161.60000610351562,162.4600067138672,839400
GD,2019-05-31,136.3333740234375,160.82000732421875,161.5800018310547,160.2100067138672,160.44000244140625,1306300
GD,2019-06-03,138.3086395263672,163.14999389648438,165.49000549316406,161.02999877929688,161.3699951171875,1515300
GD,2019-06-04,142.233642578125,167.77999877929688,167.91000366210938,164.27000427246094,164.27000427246094,1034400
GD,2019-06-05,145.76022338867188,171.94000244140625,171.97000122070312,168.22999572753906,168.3300018310547,1251600
GD,2019-06-06,145.7941131591797,171.97999572753906,172.60000610351562,169.67999267578125,171.92999267578125,862000
GD,2019-06-07,147.48114013671875,173.97000122070312,174.3800048828125,172.47999572753906,173.14999389648438,973400
GD,2019-06-10,146.9894256591797,173.38999938964844,176.44000244140625,173.1699981689453,175.8000030517578,1054100
GD,2019-06-11,143.88670349121094,169.72999572753906,174.44000244140625,168.52999877929688,174.0399932861328,853900
GD,2019-06-12,144.1495361328125,170.0399932861328,170.42999267578125,168.67999267578125,169.9199981689453,585500
GD,2019-06-13,145.76022338867188,171.94000244140625,171.94000244140625,169.4499969482422,170.16000366210938,1128000
GD,2019-06-14,145.17529296875,171.25,172.25,170.1300048828125,172.25,724400
GD,2019-06-17,145.62464904785156,171.77999877929688,172.42999267578125,170.3800048828125,171.69000244140625,925000
GD,2019-06-18,147.15902709960938,173.58999633789062,174.8699951171875,172.3699951171875,172.5800018310547,857800
GD,2019-06-19,147.18441772460938,173.6199951171875,174.47999572753906,172.5500030517578,174.22999572753906,531700
GD,2019-06-20,150.86367797851562,177.9600067138672,178.41000366210938,174.38999938964844,175.83999633789062,1266000
GD,2019-06-21,150.41433715820312,177.42999267578125,178.3300018310547,175.8000030517578,178.1300048828125,1851300
GD,2019-06-24,150.74497985839844,177.82000732421875,178.2899932861328,176.3300018310547,176.7100067138672,976300
GD,2019-06-25,150.59239196777344,177.63999938964844,178.80999755859375,177.10000610351562,178.07000732421875,763500
GD,2019-06-26,151.66050720214844,178.89999389648438,179.75,176.8699951171875,177.25,1334100
GD,2019-06-27,150.66015625,177.72000122070312,178.97000122070312,176.6999969482422,178.97000122070312,966500
GD,2019-06-28,154.13589477539062,181.82000732421875,182.0800018310547,178.1199951171875,178.1199951171875,2450800
GD,2019-07-01,154.74627685546875,182.5399932861328,184.35000610351562,181.52999877929688,183.3300018310547,1141300
GD,2019-07-02,155.6194305419922,183.57000732421875,183.6199951171875,182.0800018310547,183.25,928200
GD,2019-07-03,155.70469665527344,182.64999389648438,182.88999938964844,180.9499969482422,182.77999877929688,533600
GD,2019-07-05,155.38929748535156,182.27999877929688,182.47999572753906,180.27000427246094,181.8000030517578,481800
GD,2019-07-08,154.6987762451172,181.47000122070312,182.92999267578125,180.5800018310547,181.22000122070312,822900
GD,2019-07-09,154.15316772460938,180.8300018310547,180.97999572753906,179.1199951171875,180.13999938964844,1378800
GD,2019-07-10,155.6109161376953,182.5399932861328,183.86000061035156,181.57000732421875,182.35000610351562,886700
GD,2019-07-11,156.51455688476562,183.60000610351562,183.6300048828125,182.3699951171875,182.52999877929688,707900
GD,2019-07-12,158.424072265625,185.83999633789062,185.9499969482422,183.6999969482422,184.55999755859375,827500
GD,2019-07-15,158.90151977539062,186.39999389648438,186.83999633789062,185.4499969482422,185.83999633789062,1215300
GD,2019-07-16,159.31918334960938,186.88999938964844,187.47999572753906,186.55999755859375,186.91000366210938,1078200
GD,2019-07-17,156.47189331054688,183.5500030517578,186.0500030517578,183.42999267578125,185.72999572753906,2259800
GD,2019-07-18,156.156494140625,183.17999267578125,183.5500030517578,180.58999633789062,183.5500030517578,1223700
GD,2019-07-19,156.72769165039062,183.85000610351562,184.8699951171875,183.64999389648438,184.11000061035156,939900
GD,2019-07-22,157.38406372070312,184.6199951171875,185.00999450683594,183.1199951171875,183.8300018310547,702600
GD,2019-07-23,158.53494262695312,185.97000122070312,186.0,183.6300048828125,185.91000366210938,1150600
GD,2019-07-24,159.9585418701172,187.63999938964844,189.55999755859375,185.0500030517578,185.97999572753906,1368200
GD,2019-07-25,159.93296813964844,187.61000061035156,189.0,185.5,187.38999938964844,1106300
GD,2019-07-26,161.740234375,189.72999572753906,189.89999389648438,186.44000244140625,187.27999877929688,1745200
GD,2019-07-29,161.82545471191406,189.8300018310547,190.16000366210938,188.75,189.72000122070312,924100
GD,2019-07-30,161.22018432617188,189.1199951171875,189.4600067138672,187.4600067138672,189.1300048828125,939500
GD,2019-07-31,158.5093536376953,185.94000244140625,189.66000366210938,184.8000030517578,189.02999877929688,1187400
GD,2019-08-01,156.36961364746094,183.42999267578125,186.74000549316406,182.4600067138672,185.58999633789062,1273200
GD,2019-08-02,155.125,181.97000122070312,183.5800018310547,181.13999938964844,183.33999633789062,941700
GD,2019-08-05,150.69215393066406,176.77000427246094,179.99000549316406,175.02999877929688,179.97000122070312,1197700
GD,2019-08-06,154.01675415039062,180.6699981689453,180.72999572753906,176.77000427246094,178.35000610351562,886400
GD,2019-08-07,154.17022705078125,180.85000610351562,181.52000427246094,177.50999450683594,178.36000061035156,1003300
GD,2019-08-08,157.00042724609375,184.1699981689453,185.10000610351562,182.07000732421875,182.66000366210938,778600
GD,2019-08-09,156.94082641601562,184.10000610351562,185.1300048828125,182.75,183.32000732421875,719600
GD,2019-08-12,154.5965118408203,181.35000610351562,183.39999389648438,180.6199951171875,183.19000244140625,573200
GD,2019-08-13,156.09683227539062,183.11000061035156,184.61000061035156,180.64999389648438,181.14999389648438,801500
GD,2019-08-14,154.15316772460938,180.8300018310547,182.30999755859375,179.6999969482422,181.9600067138672,1555500
GD,2019-08-15,155.33815002441406,182.22000122070312,182.86000061035156,180.19000244140625,180.8300018310547,1200800
GD,2019-08-16,157.1539306640625,184.35000610351562,186.38999938964844,183.35000610351562,183.69000244140625,1450900
GD,2019-08-19,159.91590881347656,187.58999633789062,188.02000427246094,185.89999389648438,186.52999877929688,758200
GD,2019-08-20,159.55789184570312,187.1699981689453,187.86000061035156,186.08999633789062,186.72999572753906,941700
GD,2019-08-21,160.67462158203125,188.47999572753906,189.0399932861328,186.6699981689453,189.0,1012800
GD,2019-08-22,159.8818359375,187.5500030517578,189.30999755859375,186.10000610351562,189.05999755859375,634000
GD,2019-08-23,156.47189331054688,183.5500030517578,189.27000427246094,182.47000122070312,186.75999450683594,1618100
GD,2019-08-26,157.40963745117188,184.64999389648438,185.7100067138672,182.1999969482422,185.22999572753906,632100
GD,2019-08-27,156.3099365234375,183.36000061035156,185.63999938964844,182.5800018310547,185.32000732421875,623700
GD,2019-08-28,158.08309936523438,185.44000244140625,185.6199951171875,182.1300048828125,182.7899932861328,533600
GD,2019-08-29,161.51858520507812,189.47000122070312,189.83999633789062,186.4499969482422,186.85000610351562,1300400
GD,2019-08-30,163.05303955078125,191.27000427246094,192.22000122070312,190.0,190.5,1149500
GD,2019-09-03,161.35659790039062,189.27999877929688,190.82000732421875,187.1699981689453,190.0399932861328,826000
GD,2019-09-04,162.57565307617188,190.7100067138672,192.11000061035156,190.1699981689453,191.02000427246094,963300
GD,2019-09-05,163.90550231933594,192.27000427246094,193.63999938964844,191.67999267578125,192.4499969482422,818600
GD,2019-09-06,164.24652099609375,192.6699981689453,193.75999450683594,192.0399932861328,193.08999633789062,699000
GD,2019-09-09,160.32513427734375,188.07000732421875,193.0,187.52999877929688,192.83999633789062,1612300
GD,2019-09-10,160.15457153320312,187.8699951171875,187.8699951171875,185.39999389648438,187.6999969482422,1097400
GD,2019-09-11,160.7769775390625,188.60000610351562,188.6199951171875,186.35000610351562,187.86000061035156,836500
GD,2019-09-12,161.46743774414062,189.41000366210938,190.0,187.1300048828125,190.0,1042600
GD,2019-09-13,161.93630981445312,189.9600067138672,190.22999572753906,189.00999450683594,190.14999389648438,1064600
GD,2019-09-16,162.7973175048828,190.97000122070312,191.6699981689453,188.35000610351562,190.83999633789062,1550900
GD,2019-09-17,163.08712768554688,191.30999755859375,192.5800018310547,189.55999755859375,192.5800018310547,1212800
GD,2019-09-18,162.2261199951172,190.3000030517578,191.05999755859375,187.89999389648438,191.05999755859375,1208400
GD,2019-09-19,160.37628173828125,188.1300048828125,190.19000244140625,187.00999450683594,189.13999938964844,1299000
GD,2019-09-20,159.72836303710938,187.3699951171875,189.0,186.07000732421875,188.67999267578125,7626700
GD,2019-09-23,159.23390197753906,186.7899932861328,188.55999755859375,185.05999755859375,186.25,1318100
GD,2019-09-24,157.45225524902344,184.6999969482422,188.85000610351562,184.41000366210938,187.97000122070312,1817900
GD,2019-09-25,158.56048583984375,186.0,186.41000366210938,184.55999755859375,185.4499969482422,1755900
GD,2019-09-26,158.56048583984375,186.0,186.80999755859375,185.22000122070312,186.52000427246094,1176300
GD,2019-09-27,156.02008056640625,183.02000427246094,186.88999938964844,182.5399932861328,186.80999755859375,1140800
GD,2019-09-30,155.7728729248047,182.72999572753906,184.32000732421875,182.66000366210938,183.36000061035156,1187700
GD,2019-10-01,152.34593200683594,178.7100067138672,184.5399932861328,177.6300048828125,183.83999633789062,1582900
GD,2019-10-02,148.68028259277344,174.41000366210938,178.25999450683594,174.1199951171875,177.5399932861328,1201800
GD,2019-10-03,149.08091735839844,174.8800048828125,175.0,172.00999450683594,174.30999755859375,870600
GD,2019-10-04,150.58131408691406,176.63999938964844,176.88999938964844,173.75,175.0,904900
GD,2019-10-07,150.63247680664062,176.6999969482422,178.1999969482422,175.8800048828125,176.22999572753906,928100
GD,2019-10-08,150.46192932128906,176.5,178.47999572753906,174.82000732421875,175.64999389648438,1377500
GD,2019-10-09,150.9308319091797,177.0500030517578,178.8699951171875,176.1999969482422,178.0,962700
GD,2019-10-10,151.49668884277344,176.69000244140625,178.52000427246094,175.5,175.5,796700
GD,2019-10-11,154.0175018310547,179.6300048828125,181.14999389648438,178.3699951171875,178.8000030517578,853400
GD,2019-10-14,153.58023071289062,179.1199951171875,179.86000061035156,178.8000030517578,179.66000366210938,591400
GD,2019-10-15,153.0058135986328,178.4499969482422,179.6300048828125,178.33999633789062,179.17999267578125,818000
GD,2019-10-16,152.8686065673828,178.2899932861328,179.22999572753906,177.2100067138672,178.4499969482422,768600
GD,2019-10-17,151.55673217773438,176.75999450683594,178.55999755859375,176.5800018310547,178.11000061035156,785200
GD,2019-10-18,149.5589599609375,174.42999267578125,177.0500030517578,173.99000549316406,177.0500030517578,1070100
GD,2019-10-21,150.43353271484375,175.4499969482422,176.9199981689453,174.64999389648438,175.3000030517578,941600
GD,2019-10-22,154.23191833496094,179.8800048828125,180.05999755859375,175.32000732421875,175.32000732421875,1249500
GD,2019-10-23,148.8130340576172,173.55999755859375,177.72000122070312,172.39999389648438,177.69000244140625,1988400
GD,2019-10-24,149.76478576660156,174.6699981689453,177.75999450683594,174.6300048828125,175.97999572753906,2444000
GD,2019-10-25,148.79586791992188,173.5399932861328,176.74000549316406,173.33999633789062,175.24000549316406,1893500
GD,2019-10-28,149.98765563964844,174.92999267578125,175.97000122070312,173.97000122070312,174.27999877929688,1516200
GD,2019-10-29,150.93084716796875,176.02999877929688,178.22999572753906,174.9199981689453,175.07000732421875,1831800
GD,2019-10-30,152.82569885253906,178.24000549316406,178.69000244140625,176.0,176.44000244140625,1252300
GD,2019-10-31,151.5910186767578,176.8000030517578,178.24000549316406,175.52999877929688,177.77999877929688,1364400
GD,2019-11-01,154.10324096679688,179.72999572753906,180.19000244140625,178.02999877929688,178.02999877929688,1119800
GD,2019-11-04,152.67996215820312,178.07000732421875,181.4600067138672,176.97000122070312,181.17999267578125,2442100
GD,2019-11-05,153.7345733642578,179.3000030517578,179.69000244140625,177.10000610351562,177.92999267578125,2200500
GD,2019-11-06,155.68089294433594,181.57000732421875,181.69000244140625,179.9199981689453,179.9199981689453,1321300
GD,2019-11-07,156.86416625976562,182.9499969482422,183.22999572753906,181.52999877929688,182.0,1314500
GD,2019-11-08,158.69044494628906,185.0800018310547,185.9600067138672,182.6699981689453,182.6699981689453,1433700
GD,2019-11-11,158.06451416015625,184.35000610351562,184.86000061035156,182.4600067138672,184.25,678800
GD,2019-11-12,158.86192321777344,185.27999877929688,185.64999389648438,183.52999877929688,184.0500030517578,852700
GD,2019-11-13,158.3817901611328,184.72000122070312,186.0800018310547,184.0800018310547,185.30999755859375,944500
GD,2019-11-14,158.78480529785156,185.19000244140625,185.80999755859375,184.52000427246094,184.58999633789062,736600
GD,2019-11-15,160.40525817871094,187.0800018310547,187.9199981689453,185.82000732421875,186.33999633789062,1052100
GD,2019-11-18,159.97657775878906,186.5800018310547,187.02000427246094,186.19000244140625,186.89999389648438,750100
GD,2019-11-19,158.57896423339844,184.9499969482422,186.92999267578125,184.66000366210938,186.92999267578125,742700
GD,2019-11-20,158.04736328125,184.3300018310547,185.1999969482422,183.35000610351562,184.75,727600
GD,2019-11-21,156.86416625976562,182.9499969482422,184.8800048828125,182.8000030517578,184.0500030517578,808800
GD,2019-11-22,156.80413818359375,182.8800048828125,183.57000732421875,182.16000366210938,183.32000732421875,557800
GD,2019-11-25,156.615478515625,182.66000366210938,183.72000122070312,182.47000122070312,183.1999969482422,847200
GD,2019-11-26,156.06674194335938,182.02000427246094,183.77999877929688,181.72999572753906,182.7899932861328,1848200
GD,2019-11-27,156.34974670410156,182.35000610351562,182.8800048828125,181.63999938964844,182.44000244140625,1930400
GD,2019-11-29,155.82669067382812,181.74000549316406,182.69000244140625,181.1999969482422,182.69000244140625,915600
GD,2019-12-02,152.6113739013672,177.99000549316406,182.25999450683594,177.75,182.02999877929688,1943200
GD,2019-12-03,151.79684448242188,177.0399932861328,178.1999969482422,175.6999969482422,177.0,2983400
GD,2019-12-04,152.6885528564453,178.0800018310547,180.6999969482422,177.75,177.8300018310547,1409000
GD,2019-12-05,156.36685180664062,182.3699951171875,182.5800018310547,178.6999969482422,179.0,2458300
GD,2019-12-06,157.37855529785156,183.5500030517578,183.74000549316406,181.97999572753906,183.0,1444600
GD,2019-12-09,157.05279541015625,183.1699981689453,183.92999267578125,182.25,183.0399932861328,1275100
GD,2019-12-10,154.74635314941406,180.47999572753906,183.2899932861328,180.24000549316406,183.02999877929688,1191400
GD,2019-12-11,153.70884704589844,179.27000427246094,180.57000732421875,177.57000732421875,180.27999877929688,1603000
GD,2019-12-12,154.73776245117188,180.47000122070312,182.6699981689453,179.38999938964844,180.0,1204700
GD,2019-12-13,153.5030517578125,179.02999877929688,180.9199981689453,178.41000366210938,179.89999389648438,968300
GD,2019-12-16,154.84063720703125,180.58999633789062,180.88999938964844,178.85000610351562,179.4199981689453,1031500
GD,2019-12-17,155.27793884277344,181.10000610351562,182.0500030517578,180.67999267578125,181.2899932861328,857500
GD,2019-12-18,153.01434326171875,178.4600067138672,181.32000732421875,178.4199981689453,181.07000732421875,995100
GD,2019-12-19,153.17724609375,178.64999389648438,179.94000244140625,178.22999572753906,179.10000610351562,1161900
GD,2019-12-20,152.90289306640625,178.3300018310547,179.5399932861328,178.11000061035156,178.75999450683594,1961900
GD,2019-12-23,154.1118621826172,179.74000549316406,180.72000122070312,178.50999450683594,179.1699981689453,1404400
GD,2019-12-24,153.322998046875,178.82000732421875,180.0800018310547,178.27000427246094,180.02000427246094,321400
GD,2019-12-26,152.78286743164062,178.19000244140625,179.27000427246094,177.41000366210938,179.1199951171875,664600
GD,2019-12-27,152.18270874023438,177.49000549316406,178.94000244140625,177.13999938964844,178.38999938964844,781100
GD,2019-12-30,150.91366577148438,176.00999450683594,177.8699951171875,175.77000427246094,177.5399932861328,886600
GD,2019-12-31,151.20521545410156,176.35000610351562,176.8699951171875,175.32000732421875,175.97999572753906,726300
GD,2020-01-02,152.98863220214844,178.42999267578125,179.0399932861328,176.9199981689453,177.4499969482422,1472100
GD,2020-01-03,154.48912048339844,180.17999267578125,180.42999267578125,178.0,178.0,1662200
GD,2020-01-06,156.1267547607422,182.08999633789062,182.97999572753906,181.0,181.5500030517578,1957000
GD,2020-01-07,154.35195922851562,180.02000427246094,181.6300048828125,179.75,180.4199981689453,1454600
GD,2020-01-08,154.74635314941406,180.47999572753906,181.94000244140625,179.60000610351562,180.1999969482422,1226400
GD,2020-01-09,155.7152099609375,181.61000061035156,182.91000366210938,180.9600067138672,181.0,1581600
GD,2020-01-10,153.91465759277344,179.50999450683594,181.7899932861328,179.41000366210938,181.50999450683594,831700
GD,2020-01-13,155.30369567871094,181.1300048828125,182.08999633789062,180.0399932861328,180.24000549316406,898000
GD,2020-01-14,155.1664581298828,180.97000122070312,181.52999877929688,179.66000366210938,181.0,917900
GD,2020-01-15,155.7152099609375,181.61000061035156,182.9600067138672,181.07000732421875,181.07000732421875,1174700
GD,2020-01-16,157.27587890625,182.39999389648438,183.07000732421875,181.11000061035156,181.52999877929688,1289900
GD,2020-01-17,156.83612060546875,181.88999938964844,183.1199951171875,181.47999572753906,182.77999877929688,1820000
GD,2020-01-21,158.04330444335938,183.2899932861328,184.55999755859375,180.82000732421875,181.4600067138672,2074800
GD,2020-01-22,157.87948608398438,183.10000610351562,185.5800018310547,183.08999633789062,183.86000061035156,1058700
GD,2020-01-23,159.19012451171875,184.6199951171875,185.47000122070312,182.0500030517578,182.8699951171875,1146700
GD,2020-01-24,159.578125,185.07000732421875,185.80999755859375,184.3300018310547,185.22999572753906,925500
GD,2020-01-27,157.42250061035156,182.57000732421875,183.72999572753906,181.58999633789062,182.36000061035156,1132300
GD,2020-01-28,158.33648681640625,183.6300048828125,184.67999267578125,180.75999450683594,183.0800018310547,1533900
GD,2020-01-29,158.1985321044922,183.47000122070312,184.4199981689453,179.61000061035156,183.9199981689453,2033200
GD,2020-01-30,156.26707458496094,181.22999572753906,183.49000549316406,179.72000122070312,182.3000030517578,1842500
GD,2020-01-31,151.27450561523438,175.44000244140625,180.91000366210938,174.7899932861328,180.24000549316406,2365700
GD,2020-02-03,152.2920379638672,176.6199951171875,178.6199951171875,175.19000244140625,177.16000366210938,1605300
GD,2020-02-04,154.80123901367188,179.52999877929688,180.66000366210938,179.0,179.24000549316406,1882500
GD,2020-02-05,158.62965393066406,183.97000122070312,184.4600067138672,180.0800018310547,181.00999450683594,1273300
GD,2020-02-06,160.49212646484375,186.1300048828125,187.30999755859375,185.1999969482422,185.64999389648438,1319600
GD,2020-02-07,161.01808166503906,186.74000549316406,188.3000030517578,185.58999633789062,185.77999877929688,1715400
GD,2020-02-10,160.59561157226562,186.25,188.47000122070312,185.33999633789062,186.50999450683594,1239900
GD,2020-02-11,161.19053649902344,186.94000244140625,188.3800048828125,185.3800048828125,186.92999267578125,1599100
GD,2020-02-12,162.75123596191406,188.75,188.75,186.44000244140625,187.36000061035156,1447900
GD,2020-02-13,163.3375701904297,189.42999267578125,190.0800018310547,187.5800018310547,187.82000732421875,1546000
GD,2020-02-14,162.15628051757812,188.05999755859375,189.39999389648438,186.6199951171875,189.36000061035156,1351800
GD,2020-02-18,162.2252960205078,188.13999938964844,188.72999572753906,186.69000244140625,187.16000366210938,1139900
GD,2020-02-19,160.854248046875,186.5500030517578,188.69000244140625,186.3300018310547,188.22999572753906,1191200
GD,2020-02-20,160.3369140625,185.9499969482422,187.35000610351562,184.42999267578125,186.07000732421875,1247900
GD,2020-02-21,161.75965881347656,187.60000610351562,187.86000061035156,183.61000061035156,184.91000366210938,1416900
GD,2020-02-24,159.1814727783203,184.61000061035156,185.64999389648438,182.0800018310547,183.11000061035156,1857900
GD,2020-02-25,149.9639129638672,173.9199981689453,185.63999938964844,173.27000427246094,184.9499969482422,2780100
GD,2020-02-26,147.9203643798828,171.5500030517578,176.83999633789062,171.22000122070312,175.25,2737400
GD,2020-02-27,143.25559997558594,166.13999938964844,172.69000244140625,165.52999877929688,169.17999267578125,2809100
GD,2020-02-28,137.6939697265625,159.69000244140625,163.69000244140625,155.47000122070312,160.5800018310547,3827400
GD,2020-03-02,142.29844665527344,165.02999877929688,165.22999572753906,157.60000610351562,160.55999755859375,2233200
GD,2020-03-03,138.86669921875,161.0500030517578,170.19000244140625,160.72999572753906,164.88999938964844,2418200
GD,2020-03-04,145.10079956054688,168.27999877929688,169.72000122070312,161.2100067138672,163.44000244140625,2694600
GD,2020-03-05,140.85845947265625,163.36000061035156,167.92999267578125,161.63999938964844,164.66000366210938,2951400
GD,2020-03-06,140.57395935058594,163.02999877929688,164.19000244140625,157.11000061035156,159.35000610351562,1879300
GD,2020-03-09,129.35601806640625,150.02000427246094,157.1199951171875,146.58999633789062,152.0399932861328,3241700
GD,2020-03-10,133.90872192382812,155.3000030517578,155.63999938964844,149.61000061035156,155.00999450683594,2606800
GD,2020-03-11,128.00222778320312,148.4499969482422,154.3000030517578,147.13999938964844,150.6300048828125,2753300
GD,2020-03-12,114.01640319824219,132.22999572753906,139.4600067138672,128.52999877929688,137.63999938964844,5116200
GD,2020-03-13,120.40573120117188,139.63999938964844,141.57000732421875,131.6199951171875,139.13999938964844,4187600
GD,2020-03-16,109.24811553955078,126.69999694824219,137.10000610351562,126.26000213623047,126.26000213623047,3951400
GD,2020-03-17,113.46453857421875,131.58999633789062,131.94000244140625,125.4000015258789,128.1699981689453,3327300
GD,2020-03-18,104.42808532714844,121.11000061035156,126.31999969482422,115.70999908447266,123.38999938964844,2780000
GD,2020-03-19,101.7723388671875,118.02999877929688,120.01000213623047,110.0199966430664,120.01000213623047,3248100
GD,2020-03-20,98.28881072998047,113.98999786376953,121.83999633789062,113.27999877929688,118.19000244140625,3390300
GD,2020-03-23,91.91673278808594,106.5999984741211,113.0,100.55000305175781,112.16000366210938,3724400
GD,2020-03-24,98.47850036621094,114.20999908447266,116.02999877929688,110.58000183105469,112.20999908447266,3280800
GD,2020-03-25,105.19549560546875,122.0,125.70999908447266,114.5199966430664,116.5,3310200
GD,2020-03-26,114.81830596923828,133.16000366210938,134.8800048828125,124.13999938964844,124.47000122070312,2842400
GD,2020-03-27,112.1539306640625,130.07000732421875,133.58999633789062,128.0,129.47999572753906,2431300
GD,2020-03-30,115.19769287109375,133.60000610351562,134.4600067138672,127.08000183105469,130.0,1880700
GD,2020-03-31,114.08538055419922,132.30999755859375,134.57000732421875,131.1300048828125,132.5,1701200
GD,2020-04-01,109.8517074584961,127.4000015258789,129.0,125.19000244140625,126.70999908447266,1439100
GD,2020-04-02,110.30006408691406,127.91999816894531,130.25999450683594,124.9000015258789,125.9000015258789,1426300
GD,2020-04-03,108.36861419677734,125.68000030517578,128.58999633789062,124.69999694824219,127.23999786376953,1207500
GD,2020-04-06,115.27530670166016,133.69000244140625,134.49000549316406,130.3000030517578,131.6199951171875,2370700
GD,2020-04-07,115.88749694824219,134.39999389648438,141.3800048828125,134.17999267578125,140.41000366210938,2783900
GD,2020-04-08,119.4432373046875,137.38999938964844,138.3800048828125,134.0399932861328,135.4199981689453,1701000
GD,2020-04-09,122.59038543701172,141.00999450683594,142.4600067138672,138.61000061035156,140.35000610351562,2273700
GD,2020-04-13,119.06070709228516,136.9499969482422,141.42999267578125,136.52000427246094,140.94000244140625,1406700
GD,2020-04-14,120.40825653076172,138.5,141.52000427246094,138.4199981689453,139.00999450683594,1446600
GD,2020-04-15,116.33087158203125,133.80999755859375,136.0,131.8000030517578,135.1999969482422,1609100
GD,2020-04-16,115.13983917236328,132.44000244140625,134.05999755859375,130.55999755859375,133.61000061035156,1289500
GD,2020-04-17,120.13871765136719,138.19000244140625,139.5,135.25,136.00999450683594,2036600
GD,2020-04-20,117.58279418945312,135.25,138.1999969482422,135.1999969482422,137.99000549316406,1272500
GD,2020-04-21,114.48780822753906,131.69000244140625,133.85000610351562,130.67999267578125,132.4499969482422,1328000
GD,2020-04-22,115.9483413696289,133.3699951171875,134.8800048828125,132.5800018310547,134.57000732421875,1692700
GD,2020-04-23,113.44458770751953,130.49000549316406,134.82000732421875,130.36000061035156,134.0,1885200
GD,2020-04-24,112.4100112915039,129.3000030517578,131.6199951171875,128.66000366210938,131.39999389648438,2651400
GD,2020-04-27,116.93075561523438,134.5,135.60000610351562,129.75999450683594,130.0,3679500
GD,2020-04-28,118.66078186035156,136.49000549316406,139.22000122070312,135.8000030517578,138.41000366210938,1967200
GD,2020-04-29,118.79989624023438,136.64999389648438,140.25999450683594,134.7899932861328,139.8000030517578,3700700
GD,2020-04-30,113.55757904052734,130.6199951171875,135.27000427246094,129.50999450683594,133.94000244140625,2784400
GD,2020-05-01,111.10594940185547,127.80000305175781,129.33999633789062,126.38999938964844,129.16000366210938,1881200
GD,2020-05-04,108.4804458618164,124.77999877929688,126.55000305175781,123.52999877929688,126.08000183105469,3111000
GD,2020-05-05,109.85406494140625,126.36000061035156,129.3800048828125,125.51000213623047,126.0,1987700
GD,2020-05-06,105.828857421875,121.7300033569336,127.12000274658203,121.66999816894531,126.70999908447266,1792900
GD,2020-05-07,110.52345275878906,127.12999725341797,127.36000061035156,123.11000061035156,123.2699966430664,1855900
GD,2020-05-08,117.66973876953125,135.35000610351562,135.5800018310547,128.8000030517578,128.8000030517578,2916000
GD,2020-05-11,116.33087158203125,133.80999755859375,136.89999389648438,133.0399932861328,134.02000427246094,3247400
GD,2020-05-12,114.79208374023438,132.0399932861328,134.8300018310547,131.72999572753906,134.11000061035156,4013200
GD,2020-05-13,114.32262420654297,131.5,132.0399932861328,129.9499969482422,131.5399932861328,3236800
GD,2020-05-14,115.54845428466797,132.91000366210938,134.30999755859375,129.11000061035156,130.0,2547600
GD,2020-05-15,113.81838989257812,130.9199981689453,134.02999877929688,130.1999969482422,131.32000732421875,2975600
GD,2020-05-18,121.2602310180664,139.47999572753906,140.4499969482422,134.99000549316406,136.22999572753906,1719600
GD,2020-05-19,118.40001678466797,136.19000244140625,140.52999877929688,136.05999755859375,140.1199951171875,1415700
GD,2020-05-20,119.09548950195312,136.99000549316406,138.4199981689453,136.5500030517578,137.85000610351562,1336300
GD,2020-05-21,120.55604553222656,138.6699981689453,139.10000610351562,136.39999389648438,137.1999969482422,1271400
GD,2020-05-22,120.46912384033203,138.57000732421875,139.3000030517578,136.60000610351562,139.3000030517578,884100
GD,2020-05-26,125.75489044189453,144.64999389648438,146.0500030517578,142.55999755859375,143.0800018310547,1619500
GD,2020-05-27,130.79725646972656,150.4499969482422,150.57000732421875,147.50999450683594,149.22999572753906,1901200
GD,2020-05-28,129.09329223632812,148.49000549316406,152.4499969482422,148.02999877929688,152.1699981689453,1429400
GD,2020-05-29,127.65013885498047,146.8300018310547,147.8300018310547,143.8000030517578,147.24000549316406,1611000
GD,2020-06-01,128.03265380859375,147.27000427246094,148.8000030517578,146.47999572753906,146.75,957000
GD,2020-06-02,129.8148651123047,149.32000732421875,149.97000122070312,147.3699951171875,148.3300018310547,1225600
GD,2020-06-03,134.95285034179688,155.22999572753906,155.72000122070312,151.05999755859375,151.38999938964844,1284100
GD,2020-06-04,136.56993103027344,157.08999633789062,157.44000244140625,153.8699951171875,155.22000122070312,1387700
GD,2020-06-05,141.02981567382812,162.22000122070312,165.13999938964844,160.9199981689453,164.3699951171875,1969800
GD,2020-06-08,145.8634490966797,167.77999877929688,168.3300018310547,164.02000427246094,164.14999389648438,1770800
GD,2020-06-09,142.1251983642578,163.47999572753906,165.75,162.0,165.0,1389400
GD,2020-06-10,137.4044952392578,158.0500030517578,162.80999755859375,157.97000122070312,162.80999755859375,1187000
GD,2020-06-11,129.1454620361328,148.5500030517578,153.66000366210938,148.11000061035156,151.6699981689453,1864500
GD,2020-06-12,129.71054077148438,149.1999969482422,153.67999267578125,147.39999389648438,153.3300018310547,1859500
GD,2020-06-15,133.09239196777344,153.08999633789062,154.47999572753906,144.52000427246094,145.11000061035156,1338700
GD,2020-06-16,135.61361694335938,155.99000549316406,159.47999572753906,154.14999389648438,158.69000244140625,1694800
GD,2020-06-17,136.53512573242188,157.0500030517578,158.85000610351562,156.25,156.57000732421875,1273600
GD,2020-06-18,138.28253173828125,159.05999755859375,160.55999755859375,155.3699951171875,156.0,1589000
GD,2020-06-19,137.03067016601562,157.6199951171875,161.7899932861328,156.52000427246094,161.7899932861328,3180200
GD,2020-06-22,133.7096405029297,153.8000030517578,156.6300048828125,153.1999969482422,155.72999572753906,1632800
GD,2020-06-23,132.7967987060547,152.75,155.3300018310547,152.49000549316406,154.10000610351562,1057400
GD,2020-06-24,127.31974792480469,146.4499969482422,151.0,145.89999389648438,151.0,1811000
GD,2020-06-25,127.76316833496094,146.9600067138672,147.08999633789062,143.67999267578125,145.0,1589500
GD,2020-06-26,126.9720230102539,146.0500030517578,147.32000732421875,144.52000427246094,146.47999572753906,2073100
GD,2020-06-29,129.8322296142578,149.33999633789062,149.38999938964844,147.05999755859375,148.22000122070312,1032600
GD,2020-06-30,129.93658447265625,149.4600067138672,150.2100067138672,147.6999969482422,148.1300048828125,1330300
GD,2020-07-01,128.86805725097656,147.13999938964844,150.61000061035156,146.91000366210938,149.0,873300
GD,2020-07-02,129.0082244873047,147.3000030517578,150.86000061035156,147.05999755859375,149.63999938964844,761200
GD,2020-07-06,130.0329132080078,148.47000122070312,149.66000366210938,147.02000427246094,149.50999450683594,931300
GD,2020-07-07,127.1514663696289,145.17999267578125,149.1999969482422,145.00999450683594,148.0,1511700
GD,2020-07-08,126.0304183959961,143.89999389648438,145.80999755859375,143.05999755859375,145.52000427246094,1176300
GD,2020-07-09,120.88063049316406,138.02000427246094,143.88999938964844,137.82000732421875,142.97999572753906,1301400
GD,2020-07-10,124.34008026123047,141.97000122070312,142.05999755859375,138.1999969482422,138.1999969482422,948900
GD,2020-07-13,125.08454132080078,142.82000732421875,144.42999267578125,141.35000610351562,142.9199981689453,1293500
GD,2020-07-14,125.55747985839844,143.36000061035156,143.92999267578125,141.11000061035156,142.25,960100
GD,2020-07-15,127.68572998046875,145.7899932861328,146.85000610351562,145.2100067138672,146.85000610351562,1999900
GD,2020-07-16,130.06796264648438,148.50999450683594,149.58999633789062,144.55999755859375,145.52000427246094,1648400
GD,2020-07-17,130.4182891845703,148.91000366210938,149.63999938964844,148.02999877929688,149.39999389648438,827100
GD,2020-07-20,127.387939453125,145.4499969482422,148.47000122070312,145.35000610351562,147.85000610351562,1010400
GD,2020-07-21,129.45489501953125,147.80999755859375,149.75999450683594,146.3000030517578,146.66000366210938,881000
GD,2020-07-22,132.7129364013672,151.52999877929688,151.5800018310547,146.6199951171875,146.9199981689453,1253500
GD,2020-07-23,132.2574920654297,151.00999450683594,152.9199981689453,150.11000061035156,152.1999969482422,963200
GD,2020-07-24,131.5042724609375,150.14999389648438,153.25999450683594,149.52000427246094,151.6199951171875,787700
GD,2020-07-27,129.60374450683594,147.97999572753906,149.50999450683594,147.50999450683594,149.47000122070312,695000
GD,2020-07-28,130.1205291748047,148.57000732421875,150.64999389648438,147.10000610351562,147.5,1000700
GD,2020-07-29,130.8824462890625,149.44000244140625,149.64999389648438,144.5800018310547,147.22999572753906,1918500
GD,2020-07-30,130.37448120117188,148.86000061035156,149.69000244140625,146.8000030517578,147.02000427246094,1408800
GD,2020-07-31,128.5177459716797,146.74000549316406,148.22999572753906,144.75999450683594,148.22999572753906,1659600
GD,2020-08-03,129.3760223388672,147.72000122070312,148.3699951171875,144.32000732421875,145.66000366210938,1387600
GD,2020-08-04,128.9556427001953,147.24000549316406,149.0399932861328,146.75,148.1199951171875,2103900
GD,2020-08-05,130.6634979248047,149.19000244140625,149.88999938964844,148.0800018310547,148.6999969482422,1148300
GD,2020-08-06,130.61968994140625,149.13999938964844,149.64999389648438,148.3300018310547,148.99000549316406,867200
GD,2020-08-07,133.97409057617188,152.97000122070312,152.97999572753906,148.50999450683594,149.11000061035156,1851900
GD,2020-08-10,137.11827087402344,156.55999755859375,156.77000427246094,153.42999267578125,153.52000427246094,1144600
GD,2020-08-11,139.1239471435547,158.85000610351562,160.83999633789062,157.9499969482422,159.47999572753906,1793200
GD,2020-08-12,136.9869384765625,156.41000366210938,160.67999267578125,154.69000244140625,160.3699951171875,1312000
GD,2020-08-13,135.7082061767578,154.9499969482422,156.5,153.74000549316406,154.32000732421875,1053800
GD,2020-08-14,137.0307159423828,156.4600067138672,157.66000366210938,153.64999389648438,154.11000061035156,719100
GD,2020-08-17,134.63101196289062,153.72000122070312,156.7899932861328,153.35000610351562,156.52000427246094,1089900
GD,2020-08-18,134.02664184570312,153.02999877929688,154.10000610351562,152.72000122070312,153.27999877929688,617500
GD,2020-08-19,133.55374145507812,152.49000549316406,154.55999755859375,152.08999633789062,152.9600067138672,701900
GD,2020-08-20,132.1962127685547,150.94000244140625,151.9499969482422,150.49000549316406,151.25,801500
GD,2020-08-21,131.20652770996094,149.80999755859375,151.35000610351562,149.02999877929688,150.0,1518900
GD,2020-08-24,134.26312255859375,153.3000030517578,153.38999938964844,149.75,150.49000549316406,1002300
GD,2020-08-25,132.6603546142578,151.47000122070312,154.72999572753906,150.8699951171875,154.3000030517578,741200
GD,2020-08-26,131.7845458984375,150.47000122070312,151.49000549316406,149.4199981689453,150.9199981689453,806200
GD,2020-08-27,133.50991821289062,152.44000244140625,153.52999877929688,150.39999389648438,150.61000061035156,1147600
GD,2020-08-28,133.3610382080078,152.27000427246094,152.99000549316406,150.72999572753906,152.83999633789062,670600
GD,2020-08-31,130.8036346435547,149.35000610351562,152.39999389648438,148.9499969482422,152.07000732421875,1176600
GD,2020-09-01,131.5393524169922,150.19000244140625,150.32000732421875,147.36000061035156,147.8000030517578,954300
GD,2020-09-02,134.80615234375,153.9199981689453,154.5,149.9199981689453,150.05999755859375,1259100
GD,2020-09-03,133.072021484375,151.94000244140625,156.55999755859375,150.61000061035156,155.0,1338400
GD,2020-09-04,132.86184692382812,151.6999969482422,154.3800048828125,149.7899932861328,153.5,1121700
GD,2020-09-08,128.71046447753906,146.9600067138672,150.5500030517578,146.60000610351562,149.77999877929688,1587900
GD,2020-09-09,128.01853942871094,146.1699981689453,147.7899932861328,145.14999389648438,147.27999877929688,1289700
GD,2020-09-10,124.87435150146484,142.5800018310547,147.75,142.41000366210938,146.60000610351562,1396000
GD,2020-09-11,127.30915832519531,145.36000061035156,146.1999969482422,142.6199951171875,144.10000610351562,1131500
GD,2020-09-14,129.15711975097656,147.47000122070312,148.52000427246094,145.75,146.4600067138672,763800
GD,2020-09-15,127.116455078125,145.13999938964844,148.11000061035156,144.97999572753906,147.32000732421875,830900
GD,2020-09-16,128.5527801513672,146.77999877929688,148.5500030517578,144.3000030517578,145.25,1069000
GD,2020-09-17,126.63475799560547,144.58999633789062,144.91000366210938,139.50999450683594,140.64999389648438,1532800
GD,2020-09-18,125.23346710205078,142.99000549316406,145.6300048828125,142.72999572753906,143.00999450683594,1836500
GD,2020-09-21,121.15208435058594,138.3300018310547,141.49000549316406,137.42999267578125,141.35000610351562,1373600
GD,2020-09-22,122.13302612304688,139.4499969482422,140.25,137.35000610351562,138.36000061035156,935500
GD,2020-09-23,119.55810546875,136.50999450683594,141.82000732421875,136.19000244140625,140.07000732421875,1033400
GD,2020-09-24,119.89966583251953,136.89999389648438,138.4499969482422,135.16000366210938,136.1199951171875,929400
GD,2020-09-25,121.04701232910156,138.2100067138672,138.77000427246094,135.55999755859375,135.83999633789062,883000
GD,2020-09-28,123.42041015625,140.9199981689453,142.39999389648438,139.6999969482422,139.6999969482422,721500
GD,2020-09-29,121.34477233886719,138.5500030517578,140.5800018310547,137.88999938964844,140.42999267578125,1066600
GD,2020-09-30,121.23965454101562,138.42999267578125,140.13999938964844,137.07000732421875,139.16000366210938,1208700
GD,2020-10-01,121.05577087402344,138.22000122070312,140.0800018310547,136.8000030517578,138.88999938964844,887400
GD,2020-10-02,123.04388427734375,140.49000549316406,140.94000244140625,133.60000610351562,133.72000122070312,1325300
GD,2020-10-05,125.0057144165039,142.72999572753906,143.35000610351562,141.11000061035156,141.97999572753906,936200
GD,2020-10-06,124.63782501220703,142.30999755859375,146.97000122070312,142.02999877929688,144.0800018310547,1347500
GD,2020-10-07,126.87997436523438,144.8699951171875,145.64999389648438,143.52999877929688,143.6699981689453,1204100
GD,2020-10-08,128.0007781982422,145.0399932861328,145.66000366210938,143.60000610351562,145.0,854600
GD,2020-10-09,126.78290557861328,143.66000366210938,146.11000061035156,143.52999877929688,146.11000061035156,1974000
GD,2020-10-12,127.72720336914062,144.72999572753906,146.75999450683594,143.83999633789062,144.8000030517578,1611700
GD,2020-10-13,126.4122085571289,143.24000549316406,144.97999572753906,141.66000366210938,144.60000610351562,1235800
GD,2020-10-14,126.10335540771484,142.88999938964844,145.39999389648438,142.6999969482422,142.8000030517578,1350800
GD,2020-10-15,124.2677230834961,140.80999755859375,142.0,140.17999267578125,141.6999969482422,1336200
GD,2020-10-16,125.52970123291016,142.24000549316406,142.5,140.25,141.6199951171875,2653200
GD,2020-10-19,122.38793182373047,138.67999267578125,142.77000427246094,138.1999969482422,142.25,1500400
GD,2020-10-20,122.19378662109375,138.4600067138672,140.57000732421875,137.77000427246094,140.25,889100
GD,2020-10-21,120.56112670898438,136.61000061035156,138.7100067138672,136.5,137.83999633789062,1007200
GD,2020-10-22,123.04098510742188,139.4199981689453,139.6699981689453,136.36000061035156,136.5800018310547,1282400
GD,2020-10-23,124.17064666748047,140.6999969482422,141.19000244140625,139.41000366210938,140.39999389648438,993100
GD,2020-10-26,122.23789978027344,138.50999450683594,139.61000061035156,136.42999267578125,139.25999450683594,1646200
GD,2020-10-27,119.0255126953125,134.8699951171875,138.11000061035156,134.8699951171875,137.9499969482422,1998200
GD,2020-10-28,116.8721694946289,132.42999267578125,137.66000366210938,132.1699981689453,134.83999633789062,1866900
GD,2020-10-29,115.892578125,131.32000732421875,133.47999572753906,130.1199951171875,131.82000732421875,1454900
GD,2020-10-30,115.90141296386719,131.3300018310547,132.72000122070312,129.1699981689453,130.55999755859375,2350000
GD,2020-11-02,120.1021957397461,136.08999633789062,136.52999877929688,132.57000732421875,133.3699951171875,1417100
GD,2020-11-03,121.9643325805664,138.1999969482422,139.58999633789062,136.97000122070312,137.75,1928500
GD,2020-11-04,122.74978637695312,139.08999633789062,143.3300018310547,137.24000549316406,138.97999572753906,1855900
GD,2020-11-05,122.80267333984375,139.14999389648438,141.1300048828125,138.0,139.52999877929688,1158200
GD,2020-11-06,122.95274353027344,139.32000732421875,140.13999938964844,138.13999938964844,139.5500030517578,999000
GD,2020-11-09,129.84523010253906,147.1300048828125,150.38999938964844,144.77000427246094,147.17999267578125,2276200
GD,2020-11-10,133.5341796875,151.30999755859375,152.02999877929688,148.14999389648438,148.8000030517578,1994800
GD,2020-11-11,132.63400268554688,150.2899932861328,151.08999633789062,148.1699981689453,151.08999633789062,1794600
GD,2020-11-12,130.17173767089844,147.5,149.52000427246094,146.6999969482422,148.55999755859375,1298400
GD,2020-11-13,133.39295959472656,151.14999389648438,151.3800048828125,148.00999450683594,148.75,1217500
GD,2020-11-16,134.96389770507812,152.92999267578125,154.08999633789062,151.75999450683594,153.8300018310547,1605400
GD,2020-11-17,133.67539978027344,151.47000122070312,153.2899932861328,150.9199981689453,151.67999267578125,1241700
GD,2020-11-18,135.4669189453125,153.5,155.22000122070312,151.83999633789062,152.42999267578125,1536200
GD,2020-11-19,132.36923217773438,149.99000549316406,153.1999969482422,149.2899932861328,152.5,1413100
GD,2020-11-20,130.93069458007812,148.36000061035156,150.3300018310547,147.5,150.0,1358800
GD,2020-11-23,132.39573669433594,150.02000427246094,150.75999450683594,148.86000061035156,148.99000549316406,1413000
GD,2020-11-24,135.616943359375,153.6699981689453,153.74000549316406,151.22000122070312,152.63999938964844,1784700
GD,2020-11-25,134.17837524414062,152.0399932861328,153.85000610351562,151.5399932861328,153.85000610351562,845000
GD,2020-11-27,134.19607543945312,152.05999755859375,153.02999877929688,151.27000427246094,151.6199951171875,629000
GD,2020-11-30,131.804443359375,149.35000610351562,152.1699981689453,148.64999389648438,151.00999450683594,1572300
GD,2020-12-01,133.93130493164062,151.75999450683594,154.2899932861328,150.6999969482422,151.0399932861328,1302700
GD,2020-12-02,135.3345489501953,153.35000610351562,153.6199951171875,150.1199951171875,150.8699951171875,1123000
GD,2020-12-03,135.80224609375,153.8800048828125,155.22000122070312,152.94000244140625,153.35000610351562,1081800
GD,2020-12-04,137.70849609375,156.0399932861328,156.13999938964844,153.9199981689453,153.9199981689453,1065000
GD,2020-12-07,135.02565002441406,153.0,155.6300048828125,152.5,154.9499969482422,1033000
GD,2020-12-08,135.52870178222656,153.57000732421875,154.3000030517578,152.1199951171875,152.3000030517578,958700
GD,2020-12-09,136.03173828125,154.13999938964844,154.7899932861328,152.9199981689453,153.6999969482422,1204000
GD,2020-12-10,132.70460510253906,150.3699951171875,153.58999633789062,150.0800018310547,152.57000732421875,2042500
GD,2020-12-11,133.5518341064453,151.3300018310547,151.9199981689453,148.77999877929688,149.8000030517578,2444700
GD,2020-12-14,135.32568359375,153.33999633789062,155.08999633789062,152.72999572753906,152.86000061035156,1757700
GD,2020-12-15,136.4376983642578,154.60000610351562,155.38999938964844,152.05999755859375,153.63999938964844,1242100
GD,2020-12-16,135.378662109375,153.39999389648438,155.3000030517578,152.6300048828125,154.89999389648438,1373400
GD,2020-12-17,133.7812957763672,151.58999633789062,154.1199951171875,151.52999877929688,153.85000610351562,951300
GD,2020-12-18,134.73440551757812,152.6699981689453,153.77000427246094,151.02000427246094,151.27999877929688,2447600
GD,2020-12-21,132.0868377685547,149.6699981689453,150.91000366210938,147.32000732421875,150.00999450683594,1980300
GD,2020-12-22,129.28924560546875,146.5,149.6699981689453,146.2899932861328,149.6199951171875,1604900
GD,2020-12-23,130.74539184570312,148.14999389648438,149.39999389648438,147.0,147.36000061035156,1113800
GD,2020-12-24,131.5043487548828,149.00999450683594,149.14999389648438,147.60000610351562,148.33999633789062,447400
GD,2020-12-28,131.24844360351562,148.72000122070312,150.49000549316406,148.36000061035156,149.1999969482422,777900
GD,2020-12-29,130.2158966064453,147.5500030517578,149.77999877929688,146.38999938964844,149.77999877929688,1105300
GD,2020-12-30,130.87779235839844,148.3000030517578,149.41000366210938,147.47999572753906,147.49000549316406,995800
GD,2020-12-31,131.3367156982422,148.82000732421875,148.91000366210938,147.35000610351562,148.1300048828125,1753100
GD,2021-01-04,128.79502868652344,145.94000244140625,149.25999450683594,144.80999755859375,149.25999450683594,1426600
GD,2021-01-05,128.8568115234375,146.00999450683594,146.7100067138672,144.5,146.1999969482422,1184400
GD,2021-01-06,132.1486358642578,149.74000549316406,150.63999938964844,145.25,145.25,1845300
GD,2021-01-07,133.89601135253906,151.72000122070312,152.24000549316406,148.75999450683594,150.02000427246094,1340400
GD,2021-01-08,133.05760192871094,150.77000427246094,152.6199951171875,148.60000610351562,150.4199981689453,2246000
GD,2021-01-11,133.94895935058594,151.77999877929688,152.24000549316406,149.41000366210938,150.25,1431100
GD,2021-01-12,135.4669189453125,153.5,154.94000244140625,151.75,151.77999877929688,1531600
GD,2021-01-13,134.69912719726562,152.6300048828125,153.44000244140625,151.3300018310547,152.88999938964844,1186800
GD,2021-01-14,136.9747314453125,154.08999633789062,155.3800048828125,151.91000366210938,152.5,1556900
GD,2021-01-15,136.15696716308594,153.1699981689453,154.2100067138672,151.8800048828125,153.57000732421875,1822100
GD,2021-01-19,136.12139892578125,153.1300048828125,155.36000061035156,153.05999755859375,154.3800048828125,1439000
GD,2021-01-20,136.9214324951172,154.02999877929688,154.39999389648438,152.41000366210938,153.24000549316406,1068700
GD,2021-01-21,134.2813262939453,151.05999755859375,154.74000549316406,150.5,153.83999633789062,1395200
GD,2021-01-22,135.80140686035156,152.77000427246094,153.14999389648438,149.80999755859375,150.41000366210938,1171500
GD,2021-01-25,136.14805603027344,153.16000366210938,155.6999969482422,151.11000061035156,151.82000732421875,1849100
GD,2021-01-26,133.63238525390625,150.3300018310547,154.6300048828125,150.02000427246094,154.33999633789062,1588700
GD,2021-01-27,135.7657928466797,152.72999572753906,158.99000549316406,148.89999389648438,150.75,2373500
GD,2021-01-28,133.7212677001953,150.42999267578125,153.52000427246094,149.6300048828125,153.16000366210938,1993500
GD,2021-01-29,130.3878173828125,146.67999267578125,151.07000732421875,146.6199951171875,149.1199951171875,3102600
GD,2021-02-01,131.26785278320312,147.6699981689453,148.5800018310547,146.52999877929688,147.4199981689453,1765000
GD,2021-02-02,133.17904663085938,149.82000732421875,151.39999389648438,148.3300018310547,148.5,2036100
GD,2021-02-03,136.076904296875,153.0800018310547,153.82000732421875,148.7100067138672,148.7100067138672,1500500
GD,2021-02-04,140.03268432617188,157.52999877929688,157.67999267578125,153.0500030517578,153.7100067138672,1613300
GD,2021-02-05,141.17941284179688,158.82000732421875,160.47999572753906,157.64999389648438,159.02000427246094,1859000
GD,2021-02-08,141.90829467773438,159.63999938964844,159.75,157.11000061035156,159.0,1247000
GD,2021-02-09,144.13063049316406,162.13999938964844,162.5399932861328,158.4199981689453,159.6699981689453,1108800
GD,2021-02-10,145.0106964111328,163.1300048828125,164.02999877929688,161.88999938964844,162.63999938964844,1363100
GD,2021-02-11,145.29510498046875,163.4499969482422,166.2100067138672,162.57000732421875,162.57000732421875,1612300
GD,2021-02-12,146.5218505859375,164.8300018310547,165.38999938964844,162.75999450683594,163.07000732421875,1263200
GD,2021-02-16,145.17955017089844,163.32000732421875,166.24000549316406,163.02999877929688,165.1199951171875,1361100
GD,2021-02-17,146.2196044921875,164.49000549316406,165.08999633789062,161.57000732421875,162.97000122070312,770000
GD,2021-02-18,145.0995330810547,163.22999572753906,164.4499969482422,162.4600067138672,164.02000427246094,672200
GD,2021-02-19,146.47738647460938,164.77999877929688,165.24000549316406,163.82000732421875,164.27000427246094,773900
GD,2021-02-22,147.93521118164062,166.4199981689453,167.14999389648438,163.8800048828125,164.4499969482422,1426500
GD,2021-02-23,148.7619171142578,167.35000610351562,168.3000030517578,164.52000427246094,168.1199951171875,1367800
GD,2021-02-24,149.3930206298828,168.05999755859375,168.92999267578125,166.39999389648438,167.4199981689453,1163700
GD,2021-02-25,147.73968505859375,166.1999969482422,168.97000122070312,165.52999877929688,167.6699981689453,1133700
GD,2021-02-26,145.31288146972656,163.47000122070312,166.8300018310547,163.36000061035156,166.66000366210938,1730700
GD,2021-03-01,148.504150390625,167.05999755859375,168.55999755859375,164.8800048828125,165.0,1113200
GD,2021-03-02,149.0552520751953,167.67999267578125,168.77000427246094,166.58999633789062,166.6999969482422,1155800
GD,2021-03-03,149.29530334472656,167.9499969482422,169.60000610351562,167.50999450683594,168.1999969482422,951000
GD,2021-03-04,147.3573760986328,165.77000427246094,168.5,163.1199951171875,168.1300048828125,1311000
GD,2021-03-05,151.579833984375,170.52000427246094,171.47999572753906,165.8000030517578,166.9499969482422,1187900
GD,2021-03-08,153.50877380371094,172.69000244140625,175.27000427246094,170.64999389648438,171.7899932861328,1344700
GD,2021-03-09,149.99754333496094,168.74000549316406,173.27000427246094,168.3800048828125,172.69000244140625,1846200
GD,2021-03-10,153.268798828125,172.4199981689453,172.82000732421875,168.61000061035156,169.57000732421875,1079900
GD,2021-03-11,153.4910430908203,172.6699981689453,174.4499969482422,170.39999389648438,171.27999877929688,1127600
GD,2021-03-12,156.7089385986328,176.2899932861328,176.61000061035156,174.10000610351562,174.10000610351562,1004300
GD,2021-03-15,157.08229064941406,176.7100067138672,177.02000427246094,173.94000244140625,176.5,1034500
GD,2021-03-16,155.84669494628906,175.32000732421875,176.27999877929688,173.80999755859375,176.16000366210938,1090000
GD,2021-03-17,157.80230712890625,177.52000427246094,178.8000030517578,175.14999389648438,176.60000610351562,1197200
GD,2021-03-18,159.33126831054688,179.24000549316406,180.35000610351562,177.52000427246094,177.52000427246094,1288800
GD,2021-03-19,157.89122009277344,177.6199951171875,178.9199981689453,174.9499969482422,178.27000427246094,2759100
GD,2021-03-22,156.94894409179688,176.55999755859375,177.52000427246094,173.52000427246094,177.52000427246094,1041600
GD,2021-03-23,155.4466552734375,174.8699951171875,176.99000549316406,174.32000732421875,175.8800048828125,859100
GD,2021-03-24,156.82447814941406,176.4199981689453,179.41000366210938,176.30999755859375,176.30999755859375,920600
GD,2021-03-25,160.0602264404297,180.05999755859375,180.25999450683594,175.75,175.80999755859375,1015400
GD,2021-03-26,161.37574768066406,181.5399932861328,181.83999633789062,179.00999450683594,180.0,1074200
GD,2021-03-29,162.9403076171875,183.3000030517578,184.0399932861328,180.02000427246094,181.82000732421875,1711400
GD,2021-03-30,161.8735809326172,182.10000610351562,184.3699951171875,181.8000030517578,183.33999633789062,793300
GD,2021-03-31,161.3935546875,181.55999755859375,182.36000061035156,180.64999389648438,181.32000732421875,1052700
GD,2021-04-01,160.7446746826172,180.8300018310547,181.72999572753906,179.85000610351562,181.6300048828125,851000
GD,2021-04-05,164.9759521484375,185.58999633789062,185.66000366210938,182.0,182.1999969482422,1189200
GD,2021-04-06,164.5492706298828,185.11000061035156,185.6999969482422,184.41000366210938,184.41000366210938,930500
GD,2021-04-07,164.26478576660156,184.7899932861328,186.0,183.5,185.57000732421875,984900
GD,2021-04-08,164.72109985351562,184.11000061035156,184.5800018310547,182.07000732421875,182.75,887400
GD,2021-04-09,163.72799682617188,183.0,183.7899932861328,180.8800048828125,181.8300018310547,1258200
GD,2021-04-12,165.46371459960938,184.94000244140625,185.1999969482422,182.9600067138672,183.4499969482422,1132700
GD,2021-04-13,163.0838623046875,182.27999877929688,183.94000244140625,182.00999450683594,183.19000244140625,1237200
GD,2021-04-14,164.15744018554688,183.47999572753906,185.02999877929688,182.44000244140625,182.72999572753906,823900
GD,2021-04-15,164.56002807617188,183.92999267578125,184.2899932861328,182.42999267578125,184.0,922900
GD,2021-04-16,165.04318237304688,184.47000122070312,185.24000549316406,183.27000427246094,185.22000122070312,1418300
GD,2021-04-19,165.3294677734375,184.7899932861328,184.91000366210938,182.77999877929688,184.44000244140625,1156600
GD,2021-04-20,164.68531799316406,184.07000732421875,185.8699951171875,183.3699951171875,184.72000122070312,1204900
GD,2021-04-21,166.27786254882812,185.85000610351562,185.8699951171875,183.22999572753906,183.6300048828125,863900
GD,2021-04-22,165.07005310058594,184.5,186.08999633789062,184.25999450683594,185.44000244140625,827500
GD,2021-04-23,166.84153747558594,186.47999572753906,186.97999572753906,184.38999938964844,184.92999267578125,795400
GD,2021-04-26,165.68736267089844,185.19000244140625,188.4499969482422,185.0500030517578,187.50999450683594,1168800
GD,2021-04-27,166.31365966796875,185.88999938964844,187.00999450683594,184.19000244140625,185.0399932861328,1197100
GD,2021-04-28,165.75,185.25999450683594,189.0,185.05999755859375,188.85000610351562,1412100
GD,2021-04-29,170.62603759765625,190.7100067138672,191.4600067138672,187.72999572753906,188.1199951171875,1363900
GD,2021-04-30,170.1966094970703,190.22999572753906,191.1199951171875,188.77999877929688,190.07000732421875,1492300
GD,2021-05-03,171.50286865234375,191.69000244140625,192.74000549316406,189.3800048828125,190.99000549316406,833400
GD,2021-05-04,171.7712860107422,191.99000549316406,192.7899932861328,191.5800018310547,191.64999389648438,1396000
GD,2021-05-05,170.5991973876953,190.67999267578125,191.89999389648438,189.4499969482422,191.6199951171875,1412700
GD,2021-05-06,172.38856506347656,192.67999267578125,192.75,190.6699981689453,191.72000122070312,1263200
GD,2021-05-07,174.30323791503906,194.82000732421875,195.33999633789062,192.35000610351562,193.0,1367700
GD,2021-05-10,174.1063690185547,194.60000610351562,197.50999450683594,194.42999267578125,195.47999572753906,1004500
GD,2021-05-11,171.36866760253906,191.5399932861328,194.32000732421875,189.75,193.80999755859375,1091700
GD,2021-05-12,167.1993865966797,186.8800048828125,192.39999389648438,186.6999969482422,192.0,1730500
GD,2021-05-13,171.14495849609375,191.2899932861328,192.0800018310547,186.80999755859375,187.75,1047700
GD,2021-05-14,171.7265167236328,191.94000244140625,192.6999969482422,190.63999938964844,191.7100067138672,890800
GD,2021-05-17,171.467041015625,191.64999389648438,192.27000427246094,189.61000061035156,191.10000610351562,966800
GD,2021-05-18,169.40928649902344,189.35000610351562,191.80999755859375,189.32000732421875,191.74000549316406,872500
GD,2021-05-19,168.6666717529297,188.52000427246094,188.5800018310547,185.32000732421875,187.77000427246094,927100
GD,2021-05-20,169.1498260498047,189.05999755859375,189.75999450683594,188.10000610351562,188.83999633789062,800900
GD,2021-05-21,169.8834686279297,189.8800048828125,191.52999877929688,188.44000244140625,189.72000122070312,1641500
GD,2021-05-24,169.6329345703125,189.60000610351562,190.72999572753906,188.94000244140625,190.7100067138672,891200
GD,2021-05-25,169.01560974121094,188.91000366210938,190.6999969482422,188.6999969482422,189.36000061035156,631600
GD,2021-05-26,169.1140594482422,189.02000427246094,189.86000061035156,187.67999267578125,189.6699981689453,709300
GD,2021-05-27,170.59022521972656,190.6699981689453,191.55999755859375,189.82000732421875,190.88999938964844,1157000
GD,2021-05-28,169.91026306152344,189.91000366210938,191.6699981689453,189.6300048828125,191.00999450683594,713900
GD,2021-06-01,169.57923889160156,189.5399932861328,191.5,189.33999633789062,191.25,813200
GD,2021-06-02,171.36866760253906,191.5399932861328,191.6199951171875,189.25,190.1999969482422,1143900
GD,2021-06-03,170.71551513671875,190.80999755859375,192.00999450683594,190.10000610351562,191.39999389648438,885100
GD,2021-06-04,173.18490600585938,193.57000732421875,193.85000610351562,191.02999877929688,191.5,1126200
GD,2021-06-07,171.57444763183594,191.77000427246094,194.27000427246094,190.63999938964844,193.92999267578125,1018800
GD,2021-06-08,172.4243927001953,192.72000122070312,193.3800048828125,191.22000122070312,191.77999877929688,1004700
GD,2021-06-09,171.66387939453125,191.8699951171875,193.3699951171875,191.25,192.63999938964844,870600
GD,2021-06-10,171.31494140625,191.47999572753906,193.52999877929688,191.2100067138672,192.99000549316406,790100
GD,2021-06-11,171.32388305664062,191.49000549316406,192.27000427246094,190.7100067138672,192.27000427246094,1385400
GD,2021-06-14,170.74237060546875,190.83999633789062,191.41000366210938,189.44000244140625,191.0,1165800
GD,2021-06-15,172.18280029296875,192.4499969482422,193.02000427246094,191.2899932861328,191.3800048828125,935900
GD,2021-06-16,170.0624237060547,190.0800018310547,192.4600067138672,190.0,192.30999755859375,750800
GD,2021-06-17,167.9151611328125,187.67999267578125,191.1199951171875,186.36000061035156,190.66000366210938,915600
GD,2021-06-18,165.65158081054688,185.14999389648438,186.72000122070312,184.52999877929688,185.25,2567800
GD,2021-06-21,170.6886749267578,190.77999877929688,190.88999938964844,186.74000549316406,186.7899932861328,1237300
GD,2021-06-22,169.61508178710938,189.5800018310547,190.72999572753906,189.0800018310547,190.30999755859375,968100
GD,2021-06-23,167.13677978515625,186.80999755859375,189.99000549316406,186.77999877929688,189.99000549316406,1018000
GD,2021-06-24,168.29983520507812,188.11000061035156,188.3000030517578,186.24000549316406,188.0399932861328,810400
GD,2021-06-25,169.82083129882812,189.80999755859375,190.07000732421875,187.8000030517578,187.8000030517578,849200
GD,2021-06-28,168.97984313964844,188.8699951171875,190.19000244140625,188.25,190.05999755859375,1159400
GD,2021-06-29,167.03831481933594,186.6999969482422,190.60000610351562,186.49000549316406,189.7899932861328,1064100
GD,2021-06-30,168.43405151367188,188.25999450683594,188.58999633789062,186.50999450683594,186.5500030517578,1102200
GD,2021-07-01,169.31646728515625,188.0500030517578,189.08999633789062,187.27999877929688,187.82000732421875,894500
GD,2021-07-02,169.75765991210938,188.5399932861328,189.55999755859375,187.3699951171875,188.25,619700
GD,2021-07-06,168.29002380371094,186.91000366210938,188.0399932861328,184.3000030517578,187.80999755859375,838400
GD,2021-07-07,170.88308715820312,189.7899932861328,190.27000427246094,185.88999938964844,185.88999938964844,1168500
GD,2021-07-08,169.28944396972656,188.02000427246094,189.41000366210938,186.7899932861328,187.8300018310547,962200
GD,2021-07-09,171.270263671875,190.22000122070312,191.24000549316406,188.58999633789062,190.13999938964844,1077200
GD,2021-07-12,170.46893310546875,189.3300018310547,190.52999877929688,188.3699951171875,189.50999450683594,779000
GD,2021-07-13,169.93772888183594,188.74000549316406,190.2899932861328,188.66000366210938,189.3699951171875,840400
GD,2021-07-14,170.5859832763672,189.4600067138672,190.1199951171875,188.3000030517578,188.97000122070312,708200
GD,2021-07-15,170.48695373535156,189.35000610351562,189.83999633789062,187.5800018310547,188.0,920300
GD,2021-07-16,170.4239044189453,189.27999877929688,190.6300048828125,188.5500030517578,190.27999877929688,1057300
GD,2021-07-19,165.7509307861328,184.08999633789062,187.63999938964844,182.66000366210938,187.1699981689453,1158200
GD,2021-07-20,171.0811767578125,190.00999450683594,190.6300048828125,185.05999755859375,185.14999389648438,1029600
GD,2021-07-21,172.53982543945312,191.6300048828125,192.41000366210938,190.60000610351562,191.0,699000
GD,2021-07-22,171.58543395996094,190.57000732421875,191.1999969482422,189.8000030517578,191.1999969482422,524800
GD,2021-07-23,172.7468719482422,191.86000061035156,192.17999267578125,190.63999938964844,191.6699981689453,455500
GD,2021-07-26,172.80087280273438,191.9199981689453,192.60000610351562,191.25,191.25,710200
GD,2021-07-27,174.71875,194.0500030517578,195.58999633789062,190.80999755859375,191.61000061035156,1258900
GD,2021-07-28,176.0332794189453,195.50999450683594,199.9499969482422,194.02999877929688,198.39999389648438,1267600
GD,2021-07-29,178.40126037597656,198.13999938964844,198.91000366210938,195.4499969482422,197.30999755859375,1147800
GD,2021-07-30,176.50148010253906,196.02999877929688,197.82000732421875,194.94000244140625,197.8000030517578,907500
GD,2021-08-02,176.3214111328125,195.8300018310547,198.80999755859375,195.5800018310547,196.8000030517578,1038400
GD,2021-08-03,177.66297912597656,197.32000732421875,197.41000366210938,193.36000061035156,196.50999450683594,738600
GD,2021-08-04,176.3573760986328,195.8699951171875,197.25,194.88999938964844,195.8000030517578,610300
GD,2021-08-05,177.09571838378906,196.69000244140625,197.80999755859375,195.52000427246094,195.52000427246094,585600
GD,2021-08-06,179.24761962890625,199.0800018310547,199.4499969482422,197.4499969482422,198.13999938964844,876500
GD,2021-08-09,177.59092712402344,197.24000549316406,198.58999633789062,196.8000030517578,198.39999389648438,697900
GD,2021-08-10,179.19358825683594,199.02000427246094,199.13999938964844,196.6999969482422,196.99000549316406,596800
GD,2021-08-11,180.69723510742188,200.69000244140625,200.74000549316406,198.57000732421875,199.42999267578125,739400
GD,2021-08-12,179.32867431640625,199.1699981689453,201.14999389648438,198.36000061035156,200.77999877929688,526100
GD,2021-08-13,178.60836791992188,198.3699951171875,199.61000061035156,198.0,199.47000122070312,655100
GD,2021-08-16,180.49014282226562,200.4600067138672,200.5399932861328,196.3300018310547,198.19000244140625,629100
GD,2021-08-17,179.46371459960938,199.32000732421875,200.4600067138672,197.88999938964844,199.47999572753906,764800
GD,2021-08-18,177.19476318359375,196.8000030517578,199.42999267578125,196.5500030517578,198.88999938964844,1004800
GD,2021-08-19,176.0152587890625,195.49000549316406,197.33999633789062,194.08999633789062,195.50999450683594,738000
GD,2021-08-20,177.64495849609375,197.3000030517578,197.89999389648438,195.24000549316406,195.6300048828125,1242300
GD,2021-08-23,178.2842254638672,198.00999450683594,199.10000610351562,197.1199951171875,198.0800018310547,556700
GD,2021-08-24,179.1035614013672,198.9199981689453,199.60000610351562,198.1199951171875,198.6699981689453,416900
GD,2021-08-25,179.44569396972656,199.3000030517578,200.07000732421875,198.22000122070312,199.57000732421875,396100
GD,2021-08-26,179.2386474609375,199.07000732421875,199.38999938964844,198.1199951171875,198.8800048828125,483700
GD,2021-08-27,179.82388305664062,199.72000122070312,200.52000427246094,199.11000061035156,199.8699951171875,622000
GD,2021-08-30,179.3466796875,199.19000244140625,200.00999450683594,198.52999877929688,199.92999267578125,396000
GD,2021-08-31,180.35508728027344,200.30999755859375,200.77000427246094,199.22999572753906,199.3000030517578,786500
GD,2021-09-01,179.8868865966797,199.7899932861328,201.0,198.52999877929688,201.0,784600
GD,2021-09-02,182.14688110351562,202.3000030517578,202.39999389648438,200.30999755859375,200.30999755859375,948000
GD,2021-09-03,182.2909393310547,202.4600067138672,202.89999389648438,201.19000244140625,202.0,881300
GD,2021-09-07,182.2278594970703,202.38999938964844,203.25,200.75,201.6699981689453,1396900
GD,2021-09-08,184.03765869140625,204.39999389648438,205.0,201.57000732421875,202.17999267578125,1085700
GD,2021-09-09,183.50643920898438,203.80999755859375,206.4600067138672,203.77000427246094,205.0,1237400
GD,2021-09-10,181.5166015625,201.60000610351562,205.13999938964844,201.55999755859375,204.9499969482422,1045000
GD,2021-09-13,179.55374145507812,199.4199981689453,202.8800048828125,197.44000244140625,202.33999633789062,1484900
GD,2021-09-14,177.0687255859375,196.66000366210938,200.42999267578125,195.92999267578125,200.42999267578125,1007700
GD,2021-09-15,178.70742797851562,198.47999572753906,199.4600067138672,196.0800018310547,196.61000061035156,930900
GD,2021-09-16,175.4660186767578,194.8800048828125,199.5,194.8300018310547,198.91000366210938,819600
GD,2021-09-17,175.68212890625,195.1199951171875,195.7899932861328,193.57000732421875,194.1199951171875,2722100
GD,2021-09-20,174.1604461669922,193.42999267578125,194.57000732421875,191.05999755859375,194.0,940400
GD,2021-09-21,172.1436004638672,191.19000244140625,194.77999877929688,190.69000244140625,193.92999267578125,726000
GD,2021-09-22,174.4486083984375,193.75,194.9499969482422,192.3300018310547,192.77999877929688,698200
GD,2021-09-23,177.14974975585938,196.75,197.8800048828125,195.0,195.60000610351562,639000
GD,2021-09-24,177.75302124023438,197.4199981689453,198.1199951171875,196.6199951171875,196.64999389648438,468900
GD,2021-09-27,178.05914306640625,197.75999450683594,200.2100067138672,197.42999267578125,198.16000366210938,645900
GD,2021-09-28,177.46487426757812,197.10000610351562,198.6999969482422,195.33999633789062,197.7899932861328,887700
GD,2021-09-29,178.6264190673828,198.38999938964844,199.52000427246094,197.08999633789062,198.08999633789062,672000
GD,2021-09-30,176.50148010253906,196.02999877929688,199.49000549316406,196.00999450683594,198.9600067138672,1059500
GD,2021-10-01,178.47329711914062,198.22000122070312,199.3000030517578,194.05999755859375,197.27000427246094,876700
GD,2021-10-04,177.83401489257812,197.50999450683594,199.74000549316406,195.7899932861328,197.66000366210938,853100
GD,2021-10-05,178.41929626464844,198.16000366210938,199.66000366210938,196.6199951171875,198.22999572753906,959000
GD,2021-10-06,179.49972534179688,199.36000061035156,199.41000366210938,195.0,197.1199951171875,727100
GD,2021-10-07,182.72433471679688,201.72999572753906,202.19000244140625,199.75,199.88999938964844,664200
GD,2021-10-08,183.0775909423828,202.1199951171875,202.83999633789062,200.86000061035156,201.94000244140625,723100
GD,2021-10-11,183.76597595214844,202.8800048828125,205.83999633789062,201.88999938964844,202.5,701700
GD,2021-10-12,184.3728485107422,203.5500030517578,205.4499969482422,202.6999969482422,202.8800048828125,796300
GD,2021-10-13,184.22796630859375,203.38999938964844,204.05999755859375,200.92999267578125,203.3800048828125,674100
GD,2021-10-14,185.81304931640625,205.13999938964844,205.6699981689453,203.39999389648438,204.72000122070312,737100
GD,2021-10-15,188.45797729492188,208.05999755859375,208.92999267578125,205.75,205.75,1076700
GD,2021-10-18,187.18988037109375,206.66000366210938,208.27000427246094,205.74000549316406,206.9199981689453,591300
GD,2021-10-19,188.9652099609375,208.6199951171875,209.02999877929688,206.0500030517578,207.0800018310547,746000
GD,2021-10-20,188.80218505859375,208.44000244140625,209.6300048828125,207.97000122070312,208.6199951171875,939500
GD,2021-10-21,188.43983459472656,208.0399932861328,208.1999969482422,205.16000366210938,207.9600067138672,831300
GD,2021-10-22,189.78041076660156,209.52000427246094,210.2100067138672,207.47000122070312,208.7100067138672,767800
GD,2021-10-25,188.32208251953125,207.91000366210938,209.6300048828125,207.8000030517578,209.05999755859375,672500
GD,2021-10-26,185.2967529296875,204.57000732421875,205.52999877929688,198.63999938964844,199.2100067138672,1855400
GD,2021-10-27,186.40179443359375,205.7899932861328,208.7100067138672,201.27000427246094,204.99000549316406,1138800
GD,2021-10-28,183.52142333984375,202.61000061035156,207.49000549316406,201.08999633789062,207.25,1119700
GD,2021-10-29,183.64822387695312,202.75,204.0500030517578,201.35000610351562,202.60000610351562,1485500
GD,2021-11-01,182.86927795410156,201.88999938964844,203.83999633789062,199.77000427246094,202.80999755859375,767700
GD,2021-11-02,182.74244689941406,201.75,203.4600067138672,200.97000122070312,202.50999450683594,847800
GD,2021-11-03,182.2533416748047,201.2100067138672,201.25,197.61000061035156,200.9499969482422,1338300
GD,2021-11-04,179.4906768798828,198.16000366210938,201.17999267578125,197.61000061035156,200.72999572753906,1138400
GD,2021-11-05,182.0631103515625,201.0,201.36000061035156,199.00999450683594,200.25,1306700
GD,2021-11-08,183.54861450195312,202.63999938964844,203.1699981689453,200.0800018310547,201.91000366210938,1085900
GD,2021-11-09,183.76597595214844,202.8800048828125,203.6300048828125,201.22999572753906,202.82000732421875,666900
GD,2021-11-10,182.36203002929688,201.3300018310547,203.75,201.10000610351562,203.0800018310547,625200
GD,2021-11-11,180.33303833007812,199.08999633789062,201.4499969482422,198.80999755859375,200.77000427246094,904600
GD,2021-11-12,182.03590393066406,200.97000122070312,201.4499969482422,198.52000427246094,199.08999633789062,944100
GD,2021-11-15,182.1265411376953,201.07000732421875,202.0399932861328,200.14999389648438,202.0399932861328,679900
GD,2021-11-16,180.0160369873047,198.74000549316406,201.69000244140625,198.69000244140625,200.91000366210938,860100
GD,2021-11-17,180.66818237304688,199.4600067138672,200.10000610351562,198.6699981689453,198.6699981689453,617600
GD,2021-11-18,179.34573364257812,198.0,199.74000549316406,196.82000732421875,199.74000549316406,750000
GD,2021-11-19,177.81500244140625,196.30999755859375,198.3800048828125,196.0500030517578,197.8000030517578,792100
GD,2021-11-22,180.57760620117188,199.36000061035156,200.57000732421875,196.6199951171875,197.2100067138672,689500
GD,2021-11-23,181.42002868652344,200.2899932861328,201.72999572753906,199.49000549316406,199.89999389648438,604400
GD,2021-11-24,180.0160369873047,198.74000549316406,200.63999938964844,198.05999755859375,200.07000732421875,524200
GD,2021-11-26,175.15194702148438,193.3699951171875,194.5500030517578,190.8000030517578,194.1999969482422,847300
GD,2021-11-29,176.12112426757812,194.44000244140625,195.8000030517578,193.1300048828125,195.0,878600
GD,2021-11-30,171.16653442382812,188.97000122070312,193.72000122070312,188.63999938964844,192.49000549316406,2083900
GD,2021-12-01,171.6012725830078,189.4499969482422,194.50999450683594,189.42999267578125,192.0,1320400
GD,2021-12-02,176.1573944091797,194.47999572753906,196.77999877929688,190.32000732421875,191.44000244140625,1246500
GD,2021-12-03,179.01060485839844,197.6300048828125,198.05999755859375,194.55999755859375,194.7100067138672,1424200
GD,2021-12-06,180.76785278320312,199.57000732421875,201.89999389648438,198.69000244140625,200.07000732421875,820500
GD,2021-12-07,180.5413818359375,199.32000732421875,201.19000244140625,198.97000122070312,200.0,880200
GD,2021-12-08,181.95443725585938,200.8800048828125,202.75,199.85000610351562,199.85000610351562,781100
GD,2021-12-09,182.90550231933594,201.92999267578125,202.13999938964844,198.67999267578125,200.0,938000
GD,2021-12-10,185.62283325195312,204.92999267578125,205.85000610351562,201.5,203.1699981689453,1038000
GD,2021-12-13,184.3185272216797,203.49000549316406,205.02000427246094,202.00999450683594,202.8800048828125,1017200
GD,2021-12-14,184.30043029785156,203.47000122070312,206.55999755859375,202.3000030517578,204.7100067138672,1160300
GD,2021-12-15,186.8094482421875,206.24000549316406,206.35000610351562,203.35000610351562,203.99000549316406,781200
GD,2021-12-16,186.7550811767578,206.17999267578125,209.0800018310547,205.9199981689453,206.66000366210938,1030100
GD,2021-12-17,183.15008544921875,202.1999969482422,206.35000610351562,202.19000244140625,206.0500030517578,2703100
GD,2021-12-20,179.96165466308594,198.67999267578125,201.39999389648438,197.02999877929688,201.0,969100
GD,2021-12-21,184.13734436035156,203.2899932861328,204.25999450683594,199.60000610351562,199.89999389648438,1251800
GD,2021-12-22,184.5630645751953,203.75999450683594,204.88999938964844,203.27000427246094,203.42999267578125,608500
GD,2021-12-23,185.4054412841797,204.69000244140625,205.85000610351562,203.77999877929688,204.83999633789062,665800
GD,2021-12-27,187.61557006835938,207.1300048828125,207.2100067138672,204.5399932861328,205.07000732421875,849200
GD,2021-12-28,188.10467529296875,207.6699981689453,208.8699951171875,206.5,206.5,899400
GD,2021-12-29,188.30397033691406,207.88999938964844,208.55999755859375,206.1300048828125,207.77000427246094,715700
GD,2021-12-30,187.98695373535156,207.5399932861328,209.35000610351562,207.17999267578125,207.6999969482422,718600
GD,2021-12-31,188.829345703125,208.47000122070312,209.47000122070312,206.3300018310547,207.32000732421875,868400
GD,2022-01-03,187.9145050048828,207.4600067138672,209.5500030517578,206.13999938964844,209.0,721500
GD,2022-01-04,192.07208251953125,212.0500030517578,212.4600067138672,208.2100067138672,209.07000732421875,1129400
GD,2022-01-05,190.49598693847656,210.30999755859375,214.42999267578125,210.02999877929688,212.77000427246094,876500
GD,2022-01-06,191.791259765625,211.74000549316406,214.0399932861328,210.1300048828125,212.52999877929688,864100
GD,2022-01-07,192.1082763671875,212.08999633789062,213.8699951171875,211.6699981689453,212.57000732421875,1408500
GD,2022-01-10,190.76773071289062,210.61000061035156,214.6999969482422,209.5,212.60000610351562,1235300
GD,2022-01-11,191.64633178710938,211.5800018310547,211.75999450683594,209.42999267578125,210.61000061035156,1021700
GD,2022-01-12,191.96336364746094,211.92999267578125,212.6999969482422,210.6300048828125,212.0,968700
GD,2022-01-13,192.53721618652344,211.3699951171875,213.1199951171875,210.39999389648438,211.41000366210938,766500
GD,2022-01-14,194.11312866210938,213.10000610351562,213.6199951171875,209.52000427246094,210.4600067138672,1111000
GD,2022-01-18,192.34593200683594,211.16000366210938,212.5,208.97000122070312,212.1300048828125,1104800
GD,2022-01-19,191.61721801757812,210.36000061035156,213.44000244140625,210.36000061035156,211.1300048828125,826800
GD,2022-01-20,190.3601531982422,208.97999572753906,212.9600067138672,208.47999572753906,210.47000122070312,933100
GD,2022-01-21,188.13755798339844,206.5399932861328,210.89999389648438,206.32000732421875,209.25999450683594,1237200
GD,2022-01-24,188.6294403076172,207.0800018310547,207.55999755859375,200.64999389648438,204.44000244140625,1464200
GD,2022-01-25,187.60928344726562,205.9600067138672,206.83999633789062,200.94000244140625,205.0,1765900
GD,2022-01-26,186.66192626953125,204.9199981689453,210.14999389648438,200.7899932861328,204.1699981689453,1988400
GD,2022-01-27,190.19622802734375,208.8000030517578,211.6300048828125,205.0800018310547,205.0800018310547,2402800
GD,2022-01-28,193.85804748535156,212.82000732421875,213.0,206.24000549316406,209.83999633789062,1500400
GD,2022-01-31,193.20216369628906,212.10000610351562,212.6199951171875,208.3800048828125,210.4600067138672,1566400
GD,2022-02-01,193.903564453125,212.8699951171875,213.61000061035156,209.75,212.19000244140625,1371700
GD,2022-02-02,195.0057830810547,214.0800018310547,214.4499969482422,210.60000610351562,212.3000030517578,1888600
GD,2022-02-03,193.26596069335938,212.1699981689453,213.25,207.83999633789062,207.83999633789062,1380700
GD,2022-02-04,193.37525939941406,212.2899932861328,216.2100067138672,210.77999877929688,213.50999450683594,1462300
GD,2022-02-07,193.2203826904297,212.1199951171875,213.92999267578125,211.58999633789062,213.27999877929688,1045400
GD,2022-02-08,195.35189819335938,214.4600067138672,215.07000732421875,211.8800048828125,213.36000061035156,1064500
GD,2022-02-09,196.24459838867188,215.44000244140625,216.1699981689453,214.5,215.72000122070312,1037700
GD,2022-02-10,192.6738739013672,211.52000427246094,215.7899932861328,210.30999755859375,213.75,1102200
GD,2022-02-11,194.71426391601562,213.75999450683594,214.94000244140625,210.86000061035156,211.63999938964844,1206200
GD,2022-02-14,192.35507202148438,211.1699981689453,214.63999938964844,210.02999877929688,213.75,1227500
GD,2022-02-15,193.81248474121094,212.77000427246094,214.1699981689453,211.0,211.97999572753906,690100
GD,2022-02-16,195.3063507080078,214.41000366210938,215.32000732421875,212.52000427246094,212.67999267578125,814100
GD,2022-02-17,195.29725646972656,214.39999389648438,215.5500030517578,212.24000549316406,213.72999572753906,1014300
GD,2022-02-18,196.5907440185547,215.82000732421875,218.60000610351562,213.8300018310547,213.8300018310547,1609000
GD,2022-02-22,197.50167846679688,216.82000732421875,220.10000610351562,215.1300048828125,220.0,2170000
GD,2022-02-23,197.00062561035156,216.27000427246094,218.8800048828125,215.80999755859375,218.05999755859375,1744300
GD,2022-02-24,199.05929565429688,218.52999877929688,218.94000244140625,211.41000366210938,216.7899932861328,2062700
GD,2022-02-25,207.66729736328125,227.97999572753906,228.1999969482422,218.55999755859375,218.55999755859375,1979400
GD,2022-02-28,213.56085205078125,234.4499969482422,234.99000549316406,229.13999938964844,229.58999633789062,3284600
GD,2022-03-01,212.53155517578125,233.32000732421875,237.02999877929688,232.10000610351562,235.0,2082500
GD,2022-03-02,214.74502563476562,235.75,236.63999938964844,229.16000366210938,235.0,2780300
GD,2022-03-03,216.9129180908203,238.1300048828125,239.75999450683594,236.1699981689453,236.77999877929688,1875300
GD,2022-03-04,223.4349822998047,245.2899932861328,245.55999755859375,235.05999755859375,236.10000610351562,3300500
GD,2022-03-07,225.2567901611328,247.2899932861328,254.99000549316406,245.47999572753906,245.50999450683594,4791800
GD,2022-03-08,214.34422302246094,235.30999755859375,247.86000061035156,235.25,247.3800048828125,2769800
GD,2022-03-09,215.71060180664062,236.80999755859375,238.4199981689453,231.6199951171875,234.97999572753906,2425400
GD,2022-03-10,214.53549194335938,235.52000427246094,238.80999755859375,234.33999633789062,235.99000549316406,1576800
GD,2022-03-11,211.76634216308594,232.47999572753906,238.9499969482422,232.3800048828125,235.8000030517578,1804900
GD,2022-03-14,212.99607849121094,233.8300018310547,235.60000610351562,230.47000122070312,234.35000610351562,1379600
GD,2022-03-15,216.44837951660156,237.6199951171875,238.41000366210938,233.4199981689453,235.4499969482422,1145800
GD,2022-03-16,207.4031219482422,227.69000244140625,236.3699951171875,224.3800048828125,234.44000244140625,2457600
GD,2022-03-17,209.9718475341797,230.50999450683594,232.4199981689453,227.75,230.44000244140625,1712500
GD,2022-03-18,209.71682739257812,230.22999572753906,231.1199951171875,228.58999633789062,230.6300048828125,2605200
GD,2022-03-21,215.03648376464844,236.07000732421875,238.49000549316406,230.99000549316406,231.0,1566400
GD,2022-03-22,216.63970947265625,237.8300018310547,237.8800048828125,234.10000610351562,236.14999389648438,1157800
GD,2022-03-23,218.33392333984375,239.69000244140625,241.66000366210938,238.22999572753906,238.6999969482422,1370400
GD,2022-03-24,219.52725219726562,241.0,243.36000061035156,239.13999938964844,240.0,1179400
GD,2022-03-25,222.5878448486328,244.36000061035156,244.44000244140625,240.36000061035156,240.8300018310547,1127200
GD,2022-03-28,219.42706298828125,240.88999938964844,243.05999755859375,239.47999572753906,242.52000427246094,1247100
GD,2022-03-29,219.6092071533203,241.08999633789062,241.19000244140625,234.1300048828125,237.3300018310547,1643500
GD,2022-03-30,222.55145263671875,244.32000732421875,245.6300048828125,242.0,242.0,1377800
GD,2022-03-31,219.69119262695312,241.17999267578125,245.57000732421875,241.14999389648438,242.13999938964844,1316100
GD,2022-04-01,220.90264892578125,242.50999450683594,243.24000549316406,239.2100067138672,241.1699981689453,1004800
GD,2022-04-04,217.91493225097656,239.22999572753906,242.50999450683594,236.9600067138672,242.49000549316406,1158500
GD,2022-04-05,217.84202575683594,239.14999389648438,242.67999267578125,238.61000061035156,238.61000061035156,1207300
GD,2022-04-06,219.30862426757812,240.75999450683594,242.0500030517578,238.75,239.02999877929688,1399800
GD,2022-04-07,223.0720977783203,243.61000061035156,244.72999572753906,237.83999633789062,239.39999389648438,1266200
GD,2022-04-08,221.63446044921875,242.0399932861328,246.1300048828125,241.60000610351562,244.9199981689453,1081400
GD,2022-04-11,223.01718139648438,243.5500030517578,246.91000366210938,241.75,244.30999755859375,1390400
GD,2022-04-12,223.26441955566406,243.82000732421875,246.02000427246094,242.10000610351562,243.30999755859375,754600
GD,2022-04-13,223.16371154785156,243.7100067138672,246.64999389648438,242.5399932861328,244.9600067138672,751500
GD,2022-04-14,223.19114685058594,243.74000549316406,245.97000122070312,243.0,244.8000030517578,957500
GD,2022-04-18,223.301025390625,243.86000061035156,248.72999572753906,243.3000030517578,243.4199981689453,1022400
GD,2022-04-19,225.80084228515625,246.58999633789062,247.13999938964844,243.0800018310547,244.08999633789062,1182700
GD,2022-04-20,226.80810546875,247.69000244140625,249.69000244140625,246.0800018310547,247.3000030517578,862400
GD,2022-04-21,221.6527862548828,242.05999755859375,248.25,241.77000427246094,248.0,1265000
GD,2022-04-22,218.65846252441406,238.7899932861328,242.42999267578125,238.5500030517578,241.16000366210938,1076400
GD,2022-04-25,219.01559448242188,239.17999267578125,239.77000427246094,234.85000610351562,239.02000427246094,1525100
GD,2022-04-26,216.95526123046875,236.92999267578125,241.6199951171875,236.92999267578125,238.6300048828125,1297000
GD,2022-04-27,219.7481689453125,239.97999572753906,247.0,237.11000061035156,237.66000366210938,2282000
GD,2022-04-28,220.86526489257812,241.1999969482422,243.27999877929688,239.35000610351562,242.42999267578125,1443600
GD,2022-04-29,216.58900451660156,236.52999877929688,242.0,235.99000549316406,241.0,1839600
GD,2022-05-02,213.58554077148438,233.25,238.55999755859375,230.42999267578125,236.52999877929688,1776700
GD,2022-05-03,213.70457458496094,233.3800048828125,236.6999969482422,232.38999938964844,234.58999633789062,1829800
GD,2022-05-04,222.44027709960938,242.9199981689453,243.36000061035156,232.11000061035156,233.99000549316406,1914600
GD,2022-05-05,219.07054138183594,239.24000549316406,244.14999389648438,238.0,242.4600067138672,2174300
GD,2022-05-06,219.4001922607422,239.60000610351562,240.9199981689453,236.0,238.39999389648438,1329700
GD,2022-05-09,210.03265380859375,229.3699951171875,238.2899932861328,228.47000122070312,237.97999572753906,1915600
GD,2022-05-10,209.968505859375,229.3000030517578,233.83999633789062,226.77000427246094,230.0,1748800
GD,2022-05-11,207.80747985839844,226.94000244140625,232.47999572753906,226.08999633789062,229.33999633789062,1830800
GD,2022-05-12,204.6483612060547,223.49000549316406,227.99000549316406,219.42999267578125,226.02000427246094,2121700
GD,2022-05-13,207.23060607910156,226.30999755859375,227.3000030517578,222.86000061035156,225.0399932861328,1557800
GD,2022-05-16,208.59500122070312,227.8000030517578,228.35000610351562,225.25999450683594,226.7100067138672,1237300
GD,2022-05-17,212.09292602539062,231.6199951171875,232.41000366210938,226.8300018310547,229.25,1084700
GD,2022-05-18,206.92845153808594,225.97999572753906,232.25,225.4499969482422,230.52000427246094,1929200
GD,2022-05-19,199.4197235107422,217.77999877929688,224.38999938964844,216.66000366210938,223.89999389648438,2108500
GD,2022-05-20,195.5005645751953,213.5,218.5800018310547,210.19000244140625,218.3800048828125,1985800
GD,2022-05-23,198.4307861328125,216.6999969482422,217.77999877929688,214.8000030517578,215.19000244140625,1812500
GD,2022-05-24,201.28778076171875,219.82000732421875,220.99000549316406,215.75999450683594,216.19000244140625,1480500
GD,2022-05-25,201.4983673095703,220.0500030517578,221.11000061035156,217.60000610351562,219.77999877929688,1498700
GD,2022-05-26,202.6063690185547,221.25999450683594,224.0500030517578,220.72000122070312,221.72999572753906,1477300
GD,2022-05-27,207.4137420654297,226.50999450683594,226.63999938964844,222.1300048828125,222.64999389648438,1403900
GD,2022-05-31,205.94863891601562,224.91000366210938,226.25999450683594,223.39999389648438,224.24000549316406,1637300
GD,2022-06-01,207.14820861816406,226.22000122070312,228.0,224.22000122070312,227.08999633789062,1204000
GD,2022-06-02,210.09674072265625,229.44000244140625,230.74000549316406,223.83999633789062,228.6699981689453,1101700
GD,2022-06-03,210.7285614013672,230.1300048828125,231.83999633789062,228.38999938964844,228.38999938964844,1410400
GD,2022-06-06,210.51795959472656,229.89999389648438,232.41000366210938,229.47999572753906,231.3300018310547,956900
GD,2022-06-07,215.71910095214844,235.5800018310547,235.82000732421875,228.14999389648438,228.8699951171875,1341400
GD,2022-06-08,211.85487365722656,231.36000061035156,234.3300018310547,230.77000427246094,233.5,1024600
GD,2022-06-09,207.76170349121094,226.88999938964844,231.60000610351562,226.77000427246094,230.72999572753906,823200
GD,2022-06-10,205.6922607421875,224.6300048828125,227.11000061035156,222.89999389648438,224.4499969482422,1351900
GD,2022-06-13,199.19082641601562,217.52999877929688,221.64999389648438,216.66000366210938,220.91000366210938,1288500
GD,2022-06-14,197.69825744628906,215.89999389648438,218.8699951171875,214.36000061035156,218.36000061035156,1182400
GD,2022-06-15,199.54795837402344,217.9199981689453,220.7100067138672,215.32000732421875,217.1999969482422,1276500
GD,2022-06-16,194.02630615234375,211.88999938964844,215.67999267578125,211.3000030517578,214.7100067138672,1338600
GD,2022-06-17,192.09422302246094,209.77999877929688,213.38999938964844,208.1199951171875,212.2100067138672,3063800
GD,2022-06-21,198.29345703125,216.5500030517578,218.47000122070312,211.55999755859375,211.55999755859375,1233400
GD,2022-06-22,197.79896545410156,216.00999450683594,218.91000366210938,212.8699951171875,213.36000061035156,1129400
GD,2022-06-23,198.3392333984375,216.60000610351562,217.85000610351562,213.9499969482422,216.25,1181200
GD,2022-06-24,203.58615112304688,222.3300018310547,222.72999572753906,216.91000366210938,217.42999267578125,1675600
GD,2022-06-27,204.65750122070312,223.5,226.25,222.0800018310547,223.07000732421875,1277100
GD,2022-06-28,201.9012908935547,220.49000549316406,228.0,220.0500030517578,224.77999877929688,1616900
GD,2022-06-29,200.7932891845703,219.27999877929688,221.99000549316406,218.9600067138672,221.6699981689453,1235600
GD,2022-06-30,203.76805114746094,221.25,222.38999938964844,215.64999389648438,216.83999633789062,1343300
GD,2022-07-01,206.17185974121094,223.86000061035156,224.47999572753906,219.74000549316406,221.24000549316406,705800
GD,2022-07-05,197.57907104492188,214.52999877929688,221.0399932861328,209.83999633789062,220.2100067138672,1613100
GD,2022-07-06,202.21160888671875,219.55999755859375,220.7100067138672,214.07000732421875,214.07000732421875,1095400
GD,2022-07-07,203.15101623535156,220.5800018310547,221.94000244140625,219.3000030517578,220.55999755859375,951100
GD,2022-07-08,203.63912963867188,221.11000061035156,222.14999389648438,218.61000061035156,221.27999877929688,1118600
GD,2022-07-11,202.3865966796875,219.75,221.86000061035156,218.8000030517578,219.67999267578125,652200
GD,2022-07-12,199.5131378173828,216.6300048828125,221.0,216.13999938964844,219.9199981689453,744600
GD,2022-07-13,196.5291290283203,213.38999938964844,216.32000732421875,213.24000549316406,213.6300048828125,850100
GD,2022-07-14,193.82142639160156,210.4499969482422,210.91000366210938,207.4199981689453,209.94000244140625,1044400
GD,2022-07-15,195.95809936523438,212.77000427246094,213.11000061035156,210.00999450683594,213.11000061035156,857600
GD,2022-07-18,193.21356201171875,209.7899932861328,215.0,208.77999877929688,213.97000122070312,1040100
GD,2022-07-19,197.71722412109375,214.67999267578125,215.3000030517578,209.0,209.6999969482422,906000
GD,2022-07-20,199.59600830078125,216.72000122070312,217.74000549316406,212.67999267578125,214.47999572753906,1030300
GD,2022-07-21,199.75257873535156,216.88999938964844,217.00999450683594,214.57000732421875,215.8800048828125,611400
GD,2022-07-22,199.63284301757812,216.75999450683594,220.1699981689453,216.0800018310547,217.75999450683594,834200
GD,2022-07-25,201.51168823242188,218.8000030517578,220.2899932861328,216.9499969482422,216.9499969482422,745100
GD,2022-07-26,200.43408203125,217.6300048828125,219.63999938964844,217.1199951171875,219.36000061035156,1038100
GD,2022-07-27,202.47869873046875,219.85000610351562,222.25,214.8000030517578,219.4499969482422,1156000
GD,2022-07-28,206.11656188964844,223.8000030517578,223.86000061035156,217.39999389648438,219.02000427246094,1032300
GD,2022-07-29,208.75979614257812,226.6699981689453,227.4499969482422,223.38999938964844,223.52000427246094,1230100
GD,2022-08-01,208.3085479736328,226.17999267578125,228.1199951171875,224.58999633789062,226.5500030517578,1086300
GD,2022-08-02,209.1005859375,227.0399932861328,229.67999267578125,224.02000427246094,227.27999877929688,1007300
GD,2022-08-03,212.44371032714844,230.6699981689453,231.75,223.8800048828125,227.1699981689453,1226500
GD,2022-08-04,211.0530548095703,229.16000366210938,232.83999633789062,228.85000610351562,231.32000732421875,895100
GD,2022-08-05,210.68467712402344,228.75999450683594,229.4499969482422,225.8699951171875,228.99000549316406,699600
GD,2022-08-08,207.94935607910156,225.7899932861328,230.42999267578125,224.72000122070312,230.36000061035156,961600
GD,2022-08-09,209.63473510742188,227.6199951171875,228.19000244140625,226.1199951171875,226.97000122070312,878400
GD,2022-08-10,212.25033569335938,230.4600067138672,230.88999938964844,228.5500030517578,229.00999450683594,877000
GD,2022-08-11,213.5029296875,231.82000732421875,231.99000549316406,229.8000030517578,230.80999755859375,1447800
GD,2022-08-12,219.14852905273438,237.9499969482422,238.10000610351562,232.0,232.0,1409200
GD,2022-08-15,222.18775939941406,241.25,242.19000244140625,235.67999267578125,236.6999969482422,1469400
GD,2022-08-16,222.39962768554688,241.47999572753906,242.49000549316406,240.7100067138672,241.25,807700
GD,2022-08-17,223.51400756835938,242.69000244140625,243.4499969482422,239.14999389648438,239.63999938964844,860900
GD,2022-08-18,224.43499755859375,243.69000244140625,244.0800018310547,242.24000549316406,243.66000366210938,1026100
GD,2022-08-19,222.57461547851562,241.6699981689453,243.24000549316406,241.1300048828125,243.05999755859375,724800
GD,2022-08-22,215.96192932128906,234.49000549316406,239.91000366210938,234.2899932861328,239.30999755859375,841500
GD,2022-08-23,215.5106201171875,234.0,235.5,233.05999755859375,234.2899932861328,864700
GD,2022-08-24,215.96192932128906,234.49000549316406,235.27000427246094,232.85000610351562,234.86000061035156,783800
GD,2022-08-25,219.20379638671875,238.00999450683594,238.14999389648438,234.39999389648438,235.0,551000
GD,2022-08-26,214.2120361328125,232.58999633789062,239.10000610351562,232.36000061035156,239.10000610351562,665400
GD,2022-08-29,215.23431396484375,233.6999969482422,234.9600067138672,230.02000427246094,230.97999572753906,680300
GD,2022-08-30,212.85818481445312,231.1199951171875,234.47000122070312,230.4600067138672,233.9600067138672,659100
GD,2022-08-31,210.8412322998047,228.92999267578125,232.67999267578125,228.72000122070312,231.22999572753906,1037800
GD,2022-09-01,207.5625,225.3699951171875,228.88999938964844,223.50999450683594,228.8000030517578,1782300
GD,2022-09-02,207.11123657226562,224.8800048828125,229.6199951171875,224.30999755859375,227.3000030517578,930900
GD,2022-09-06,206.80734252929688,224.5500030517578,227.5,223.66000366210938,225.13999938964844,926400
GD,2022-09-07,209.7452850341797,227.74000549316406,227.8699951171875,222.49000549316406,223.5399932861328,660800
GD,2022-09-08,209.69921875,227.69000244140625,228.10000610351562,225.55999755859375,226.6699981689453,720800
GD,2022-09-09,213.30947875976562,231.61000061035156,232.36000061035156,227.6699981689453,228.66000366210938,994600
GD,2022-09-12,216.8368682861328,235.44000244140625,237.41000366210938,230.92999267578125,232.16000366210938,1559700
GD,2022-09-13,209.96630859375,227.97999572753906,233.63999938964844,227.05999755859375,232.0800018310547,1367700
GD,2022-09-14,212.49899291992188,230.72999572753906,232.41000366210938,227.52999877929688,228.58999633789062,1057500
GD,2022-09-15,210.4083709716797,228.4600067138672,230.6300048828125,227.3699951171875,230.3699951171875,983800
GD,2022-09-16,209.47817993164062,227.4499969482422,229.3000030517578,225.35000610351562,226.50999450683594,3317900
GD,2022-09-19,210.93333435058594,229.02999877929688,229.25,225.8000030517578,225.8000030517578,830800
GD,2022-09-20,211.0070343017578,229.11000061035156,229.92999267578125,225.22000122070312,228.14999389648438,934100
GD,2022-09-21,210.16891479492188,228.1999969482422,236.05999755859375,228.1999969482422,232.9199981689453,983100
GD,2022-09-22,210.067626953125,228.08999633789062,230.52999877929688,226.38999938964844,228.7899932861328,844600
GD,2022-09-23,204.36669921875,221.89999389648438,226.0399932861328,219.02000427246094,225.82000732421875,920300
GD,2022-09-26,203.01283264160156,220.42999267578125,224.0500030517578,219.22999572753906,221.32000732421875,797400
GD,2022-09-27,201.3919219970703,218.6699981689453,222.97999572753906,217.55999755859375,222.42999267578125,741700
GD,2022-09-28,203.03131103515625,220.4499969482422,221.91000366210938,215.82000732421875,218.25999450683594,952800
GD,2022-09-29,197.4869384765625,214.42999267578125,220.19000244140625,212.61000061035156,219.89999389648438,987300
GD,2022-09-30,195.40554809570312,212.1699981689453,215.50999450683594,212.02999877929688,213.22999572753906,1208800
GD,2022-10-03,203.10494995117188,220.52999877929688,221.3300018310547,214.3000030517578,214.88999938964844,1139900
GD,2022-10-04,208.73219299316406,226.63999938964844,226.92999267578125,222.0500030517578,222.0500030517578,801300
GD,2022-10-05,208.76901245117188,226.67999267578125,228.86000061035156,224.4199981689453,225.49000549316406,984900
GD,2022-10-06,206.90750122070312,223.41000366210938,226.10000610351562,223.19000244140625,224.97999572753906,929800
GD,2022-10-07,207.15753173828125,223.67999267578125,224.11000061035156,220.83999633789062,222.63999938964844,1226900
GD,2022-10-10,208.759765625,225.41000366210938,228.72000122070312,223.02000427246094,226.1999969482422,759800
GD,2022-10-11,210.91766357421875,227.74000549316406,230.5399932861328,226.0399932861328,226.5800018310547,1138300
GD,2022-10-12,206.82415771484375,223.32000732421875,227.0,223.3000030517578,226.22999572753906,833300
GD,2022-10-13,212.20497131347656,229.1300048828125,229.9499969482422,219.75,220.44000244140625,792300
GD,2022-10-14,204.8329620361328,221.1699981689453,230.0,220.94000244140625,230.0,1039600
GD,2022-10-17,211.93638610839844,228.83999633789062,229.83999633789062,224.33999633789062,224.33999633789062,1082900
GD,2022-10-18,219.9381866455078,237.47999572753906,238.52999877929688,231.82000732421875,232.5,1204500
GD,2022-10-19,221.68858337402344,239.3699951171875,241.50999450683594,236.25999450683594,237.82000732421875,1158900
GD,2022-10-20,219.90113830566406,237.44000244140625,241.02000427246094,235.8699951171875,240.0,1184100
GD,2022-10-21,224.6800079345703,242.60000610351562,243.6300048828125,236.3300018310547,236.85000610351562,1365900
GD,2022-10-24,225.80059814453125,243.80999755859375,246.41000366210938,243.25999450683594,244.67999267578125,955200
GD,2022-10-25,227.5973358154297,245.75,246.49000549316406,242.0500030517578,243.1199951171875,1283000
GD,2022-10-26,227.55099487304688,245.6999969482422,248.8000030517578,242.80999755859375,247.5,1389200
GD,2022-10-27,229.6811065673828,248.0,249.25999450683594,246.05999755859375,247.3300018310547,1140300
GD,2022-10-28,232.2002410888672,250.72000122070312,252.2100067138672,245.39999389648438,247.3000030517578,1526900
GD,2022-10-31,231.34814453125,249.8000030517578,250.86000061035156,247.39999389648438,248.8300018310547,1480900
GD,2022-11-01,231.45004272460938,249.91000366210938,251.47000122070312,249.1999969482422,250.5500030517578,1005300
GD,2022-11-02,228.17152404785156,246.3699951171875,251.14999389648438,245.9600067138672,249.0,1419800
GD,2022-11-03,230.55165100097656,248.94000244140625,251.86000061035156,243.00999450683594,243.35000610351562,1307900
GD,2022-11-04,230.94065856933594,249.36000061035156,252.67999267578125,245.0,250.19000244140625,1385000
GD,2022-11-07,232.9966583251953,251.5800018310547,251.8300018310547,248.17999267578125,249.8699951171875,846900
GD,2022-11-08,233.88575744628906,252.5399932861328,253.61000061035156,250.41000366210938,251.83999633789062,883400
GD,2022-11-09,231.08885192871094,249.52000427246094,252.92999267578125,249.4499969482422,252.33999633789062,599000
GD,2022-11-10,234.75633239746094,253.47999572753906,254.39999389648438,249.6199951171875,253.97999572753906,1150600
GD,2022-11-11,225.1708526611328,243.1300048828125,251.75999450683594,242.75,251.67999267578125,1395200
GD,2022-11-14,224.88375854492188,242.82000732421875,246.97000122070312,242.7899932861328,243.85000610351562,1461200
GD,2022-11-15,227.95849609375,246.13999938964844,247.3000030517578,242.30999755859375,244.36000061035156,1223200
GD,2022-11-16,226.78231811523438,244.8699951171875,247.24000549316406,244.2100067138672,246.13999938964844,709000
GD,2022-11-17,228.3104705810547,246.52000427246094,246.80999755859375,242.52000427246094,243.0,668200
GD,2022-11-18,229.88485717773438,248.22000122070312,250.35000610351562,247.3699951171875,247.8800048828125,1020100
GD,2022-11-21,232.07054138183594,250.5800018310547,252.08999633789062,247.44000244140625,247.44000244140625,802400
GD,2022-11-22,232.9411163330078,251.52000427246094,253.1999969482422,251.00999450683594,252.57000732421875,730000
GD,2022-11-23,233.6542205810547,252.2899932861328,253.22000122070312,251.08999633789062,251.19000244140625,941200
GD,2022-11-25,235.02491760253906,253.77000427246094,253.97999572753906,252.4499969482422,253.47999572753906,368400
GD,2022-11-28,231.9871826171875,250.49000549316406,253.5399932861328,249.85000610351562,252.2899932861328,656400
GD,2022-11-29,232.66329956054688,251.22000122070312,251.75,249.9199981689453,250.72000122070312,598300
GD,2022-11-30,233.74685668945312,252.38999938964844,252.55999755859375,247.42999267578125,250.19000244140625,1907200
GD,2022-12-01,233.6356964111328,252.27000427246094,253.55999755859375,250.3699951171875,253.19000244140625,833900
GD,2022-12-02,236.8494110107422,255.74000549316406,256.8599853515625,250.5800018310547,250.63999938964844,1059000
GD,2022-12-05,232.3761749267578,250.91000366210938,254.11000061035156,250.5399932861328,252.6199951171875,966900
GD,2022-12-06,229.9404296875,248.27999877929688,251.47000122070312,246.50999450683594,251.27000427246094,847600
GD,2022-12-07,228.02333068847656,246.2100067138672,249.02999877929688,245.13999938964844,247.99000549316406,898600
GD,2022-12-08,229.38475036621094,247.67999267578125,249.10000610351562,246.5500030517578,248.41000366210938,768900
GD,2022-12-09,228.7920379638672,247.0399932861328,249.38999938964844,246.5,247.27000427246094,748200
GD,2022-12-12,231.1814422607422,249.6199951171875,249.66000366210938,246.3699951171875,247.86000061035156,765300
GD,2022-12-13,230.3572235107422,248.72999572753906,253.94000244140625,247.5,253.0,993400
GD,2022-12-14,230.62579345703125,249.02000427246094,251.8300018310547,247.75,249.0,768900
GD,2022-12-15,227.03237915039062,245.13999938964844,248.86000061035156,241.9199981689453,247.8800048828125,914800
GD,2022-12-16,227.95849609375,246.13999938964844,247.27999877929688,242.67999267578125,244.3800048828125,2123200
GD,2022-12-19,226.25440979003906,244.3000030517578,249.8800048828125,243.63999938964844,246.0,1134900
GD,2022-12-20,228.40306091308594,246.6199951171875,249.33999633789062,244.0,244.36000061035156,848500
GD,2022-12-21,231.505615234375,249.97000122070312,250.47999572753906,246.92999267578125,248.13999938964844,701000
GD,2022-12-22,228.37527465820312,246.58999633789062,250.0,242.5399932861328,248.5,612600
GD,2022-12-23,229.58848571777344,247.89999389648438,248.58999633789062,246.07000732421875,246.58999633789062,581600
GD,2022-12-27,230.3665008544922,248.74000549316406,249.7899932861328,247.83999633789062,249.24000549316406,590800
GD,2022-12-28,228.72720336914062,246.97000122070312,250.0,246.9199981689453,249.24000549316406,384600
GD,2022-12-29,230.82028198242188,249.22999572753906,250.3000030517578,246.77999877929688,247.52999877929688,458000
GD,2022-12-30,229.782958984375,248.11000061035156,249.67999267578125,244.69000244140625,248.66000366210938,725300
GD,2023-01-03,230.23680114746094,248.60000610351562,249.41000366210938,246.32000732421875,247.85000610351562,777900
GD,2023-01-04,227.10647583007812,245.22000122070312,248.75999450683594,242.9600067138672,247.49000549316406,1076700
GD,2023-01-05,226.55078125,244.6199951171875,246.47000122070312,243.7899932861328,244.5500030517578,945800
GD,2023-01-06,229.91262817382812,248.25,251.94000244140625,245.0,247.32000732421875,1074800
GD,2023-01-09,227.0972137451172,245.2100067138672,249.6199951171875,244.5500030517578,248.5500030517578,1571500
GD,2023-01-10,229.2550811767578,247.5399932861328,248.9199981689453,245.72000122070312,246.24000549316406,1274200
GD,2023-01-11,230.3201446533203,248.69000244140625,249.0,244.75,248.6300048828125,856300
GD,2023-01-12,229.4032745361328,247.6999969482422,250.25999450683594,247.19000244140625,248.83999633789062,685500
GD,2023-01-13,222.54061889648438,240.2899932861328,245.3300018310547,238.88999938964844,243.97999572753906,1459600
GD,2023-01-17,223.3278350830078,241.13999938964844,242.82000732421875,239.89999389648438,240.85000610351562,1339000
GD,2023-01-18,219.49366760253906,237.0,242.0,236.75999450683594,241.1999969482422,1697900
GD,2023-01-19,215.5924072265625,231.5500030517578,236.97999572753906,231.47999572753906,235.82000732421875,1200400
GD,2023-01-20,216.74696350097656,232.7899932861328,232.7899932861328,228.25999450683594,232.11000061035156,1499900
GD,2023-01-23,216.4303436279297,232.4499969482422,234.17999267578125,231.55999755859375,232.7899932861328,1264500
GD,2023-01-24,219.2236328125,235.4499969482422,235.72000122070312,230.49000549316406,233.30999755859375,1443500
GD,2023-01-25,211.2442626953125,226.8800048828125,229.1300048828125,220.3300018310547,224.86000061035156,2727600
GD,2023-01-26,212.3894805908203,228.11000061035156,229.94000244140625,223.41000366210938,227.0,1429800
GD,2023-01-27,211.8122100830078,227.49000549316406,229.1300048828125,226.02000427246094,227.36000061035156,1324300
GD,2023-01-30,212.35223388671875,228.07000732421875,230.10000610351562,226.3699951171875,228.64999389648438,1138000
GD,2023-01-31,216.9983367919922,233.05999755859375,233.1999969482422,227.83999633789062,228.9600067138672,1303100
GD,2023-02-01,214.5681915283203,230.4499969482422,232.8300018310547,228.5500030517578,231.1999969482422,1137700
GD,2023-02-02,215.4620361328125,231.41000366210938,232.55999755859375,227.55999755859375,228.30999755859375,1541100
GD,2023-02-03,215.58309936523438,231.5399932861328,234.8699951171875,230.9499969482422,233.72999572753906,1650100
GD,2023-02-06,216.33729553222656,232.35000610351562,235.64999389648438,231.1999969482422,232.25,1099100
GD,2023-02-07,215.97413635253906,231.9600067138672,232.0800018310547,228.4600067138672,231.77000427246094,1186100
GD,2023-02-08,213.32984924316406,229.1199951171875,231.6199951171875,228.8300018310547,230.33999633789062,1138700
GD,2023-02-09,212.9015655517578,228.66000366210938,230.5800018310547,227.57000732421875,230.38999938964844,1095300
GD,2023-02-10,217.14730834960938,233.22000122070312,233.27000427246094,229.0800018310547,229.7100067138672,851700
GD,2023-02-13,216.8307342529297,232.8800048828125,235.66000366210938,231.6999969482422,235.0,784700
GD,2023-02-14,216.07655334472656,232.07000732421875,233.17999267578125,231.0,232.8699951171875,730600
GD,2023-02-15,216.448974609375,232.47000122070312,232.47999572753906,230.6999969482422,231.08999633789062,631100
GD,2023-02-16,215.359619140625,231.3000030517578,233.16000366210938,230.19000244140625,230.6300048828125,881200
GD,2023-02-17,219.04673767089844,235.25999450683594,236.05999755859375,231.25,231.82000732421875,1504100
GD,2023-02-21,217.42665100097656,233.52000427246094,237.75999450683594,232.58999633789062,236.6199951171875,1063900
GD,2023-02-22,217.5476837158203,233.64999389648438,234.77999877929688,232.36000061035156,233.3800048828125,704100
GD,2023-02-23,215.4248046875,231.3699951171875,234.8300018310547,230.27999877929688,233.85000610351562,788200
GD,2023-02-24,215.96482849121094,231.9499969482422,232.00999450683594,229.82000732421875,230.5399932861328,667100
GD,2023-02-27,214.7264862060547,230.6199951171875,232.97999572753906,229.5500030517578,232.24000549316406,985600
GD,2023-02-28,212.2032928466797,227.91000366210938,231.0800018310547,227.8000030517578,230.5800018310547,1049300
GD,2023-03-01,211.99842834472656,227.69000244140625,228.5,226.5500030517578,227.1999969482422,899100
GD,2023-03-02,214.38198852539062,230.25,230.75,227.1999969482422,227.1999969482422,1095600
GD,2023-03-03,215.11752319335938,231.0399932861328,231.3699951171875,229.5500030517578,231.0,1576800
GD,2023-03-06,216.57005310058594,232.60000610351562,233.39999389648438,230.5399932861328,231.0,1136500
GD,2023-03-07,214.13992309570312,229.99000549316406,233.77999877929688,229.97999572753906,232.77999877929688,1032500
GD,2023-03-08,211.41184997558594,227.05999755859375,230.52999877929688,224.6199951171875,229.8300018310547,1441900
GD,2023-03-09,207.5105743408203,222.8699951171875,229.16000366210938,222.41000366210938,228.2100067138672,1653200
GD,2023-03-10,205.70431518554688,220.92999267578125,224.11000061035156,220.64999389648438,222.27000427246094,1544300
GD,2023-03-13,203.71177673339844,218.7899932861328,220.50999450683594,216.92999267578125,218.0,1580800
GD,2023-03-14,204.6801300048828,219.8300018310547,221.82000732421875,217.92999267578125,221.27000427246094,1070600
GD,2023-03-15,201.81236267089844,216.75,217.85000610351562,212.77000427246094,217.0500030517578,1419700
GD,2023-03-16,204.8849334716797,220.0500030517578,227.7899932861328,215.4600067138672,215.77999877929688,2632600
GD,2023-03-17,203.1158905029297,218.14999389648438,219.99000549316406,216.60000610351562,219.14999389648438,2413800
GD,2023-03-20,204.75457763671875,219.91000366210938,221.2100067138672,219.0,219.14999389648438,983000
GD,2023-03-21,207.04505920410156,222.3699951171875,222.99000549316406,221.47000122070312,222.00999450683594,892900
GD,2023-03-22,204.12147521972656,219.22999572753906,223.22999572753906,219.22999572753906,222.6199951171875,1043900
GD,2023-03-23,204.94081115722656,220.11000061035156,221.77000427246094,219.10000610351562,219.9600067138672,1472700
GD,2023-03-24,208.09718322753906,223.5,223.75,219.66000366210938,220.10000610351562,1370600
GD,2023-03-27,209.52175903320312,225.02999877929688,225.67999267578125,223.67999267578125,225.00999450683594,865100
GD,2023-03-28,209.95933532714844,225.5,226.47000122070312,224.82000732421875,225.02000427246094,662900
GD,2023-03-29,211.16973876953125,226.8000030517578,226.8000030517578,225.39999389648438,226.11000061035156,722800
GD,2023-03-30,210.88113403320312,226.49000549316406,227.7100067138672,225.4600067138672,227.27999877929688,935800
GD,2023-03-31,212.4826202392578,228.2100067138672,228.3000030517578,226.63999938964844,227.5500030517578,1323500
GD,2023-04-03,216.34657287597656,232.36000061035156,233.35000610351562,228.2100067138672,228.7100067138672,1027800
GD,2023-04-04,213.5160675048828,229.32000732421875,232.52000427246094,228.4199981689453,231.89999389648438,1437500
GD,2023-04-05,213.1995391845703,228.97999572753906,230.75,228.07000732421875,229.0500030517578,1332200
GD,2023-04-06,212.01705932617188,227.7100067138672,231.0800018310547,226.52000427246094,229.36000061035156,1511400
GD,2023-04-10,213.2647247314453,229.0500030517578,230.4199981689453,226.66000366210938,226.89999389648438,911100
GD,2023-04-11,212.53843688964844,228.27000427246094,230.16000366210938,228.02000427246094,229.64999389648438,1145900
GD,2023-04-12,213.44163513183594,229.24000549316406,231.07000732421875,228.4199981689453,228.4199981689453,944800
GD,2023-04-13,214.2376251220703,228.77000427246094,229.47000122070312,226.0,227.77000427246094,901900
GD,2023-04-14,213.2261962890625,227.69000244140625,228.5,226.22999572753906,227.69000244140625,1130400
GD,2023-04-17,214.88377380371094,229.4600067138672,229.47999572753906,226.82000732421875,227.11000061035156,1631100
GD,2023-04-18,215.3520050048828,229.9600067138672,232.02999877929688,229.10000610351562,229.8000030517578,972000
GD,2023-04-19,214.2657012939453,228.8000030517578,230.6300048828125,228.5500030517578,230.10000610351562,557000
GD,2023-04-20,213.06700134277344,227.52000427246094,228.72999572753906,226.5,228.72999572753906,651700
GD,2023-04-21,210.72579956054688,225.02000427246094,228.33999633789062,224.64999389648438,228.33999633789062,913300
GD,2023-04-24,210.23883056640625,224.5,225.72000122070312,223.6999969482422,225.0500030517578,791500
GD,2023-04-25,208.5906982421875,222.74000549316406,224.08999633789062,221.89999389648438,223.8800048828125,994000
GD,2023-04-26,201.1831512451172,214.8300018310547,216.72000122070312,210.11000061035156,216.50999450683594,2765700
GD,2023-04-27,201.98849487304688,215.69000244140625,216.97000122070312,214.02999877929688,215.1699981689453,1643800
GD,2023-04-28,204.47015380859375,218.33999633789062,218.60000610351562,214.9199981689453,215.2100067138672,2210500
GD,2023-05-01,204.2734832763672,218.1300048828125,220.4199981689453,218.0,218.0500030517578,1845200
GD,2023-05-02,199.4787139892578,213.00999450683594,217.5500030517578,211.88999938964844,217.5500030517578,2609200
GD,2023-05-03,196.6693115234375,210.00999450683594,213.77000427246094,209.7100067138672,213.25,1230200
GD,2023-05-04,195.58302307128906,208.85000610351562,209.83999633789062,205.39999389648438,209.52000427246094,1402000
GD,2023-05-05,198.45797729492188,211.9199981689453,212.50999450683594,209.00999450683594,209.22999572753906,1050400
GD,2023-05-08,197.3248291015625,210.7100067138672,213.0399932861328,210.0,212.91000366210938,719300
GD,2023-05-09,197.7837371826172,211.1999969482422,211.7899932861328,209.4499969482422,211.1300048828125,1047100
GD,2023-05-10,198.09274291992188,211.52999877929688,212.5500030517578,208.94000244140625,212.0,1263100
GD,2023-05-11,194.83383178710938,208.0500030517578,210.60000610351562,206.55999755859375,210.10000610351562,1491100
GD,2023-05-12,196.6225128173828,209.9600067138672,210.3300018310547,208.11000061035156,208.85000610351562,1137800
GD,2023-05-15,196.85662841796875,210.2100067138672,211.50999450683594,209.3699951171875,210.2100067138672,787200
GD,2023-05-16,194.4030303955078,207.58999633789062,210.36000061035156,207.55999755859375,210.11000061035156,942500
GD,2023-05-17,197.89608764648438,211.32000732421875,211.49000549316406,208.61000061035156,208.85000610351562,1068500
GD,2023-05-18,197.5308837890625,210.92999267578125,211.6999969482422,208.8699951171875,210.9199981689453,774200
GD,2023-05-19,197.26869201660156,210.64999389648438,211.9600067138672,209.10000610351562,211.74000549316406,1035200
GD,2023-05-22,199.01986694335938,212.52000427246094,213.92999267578125,208.77000427246094,210.49000549316406,1239300
GD,2023-05-23,193.80368041992188,206.9499969482422,212.0399932861328,206.47000122070312,212.0399932861328,1798200
GD,2023-05-24,193.41036987304688,206.52999877929688,208.4600067138672,205.83999633789062,206.8000030517578,1598500
GD,2023-05-25,191.36886596679688,204.35000610351562,206.32000732421875,202.8800048828125,205.5500030517578,1502300
GD,2023-05-26,192.21168518066406,205.25,207.22999572753906,204.52000427246094,204.7100067138672,1146500
GD,2023-05-30,192.20233154296875,205.24000549316406,205.85000610351562,202.35000610351562,204.0800018310547,1379300
GD,2023-05-31,191.20968627929688,204.17999267578125,205.85000610351562,202.91000366210938,204.99000549316406,1624500
GD,2023-06-01,192.28662109375,205.3300018310547,206.60000610351562,203.97000122070312,205.3699951171875,1137100
GD,2023-06-02,195.80775451660156,209.08999633789062,209.64999389648438,206.3300018310547,207.07000732421875,1641700
GD,2023-06-05,195.95761108398438,209.25,211.10000610351562,208.91000366210938,209.99000549316406,1337000
GD,2023-06-06,197.4185028076172,210.80999755859375,211.33999633789062,208.72999572753906,209.35000610351562,901000
GD,2023-06-07,200.57443237304688,214.17999267578125,214.49000549316406,210.72999572753906,211.5,994000
GD,2023-06-08,199.97508239746094,213.5399932861328,214.85000610351562,212.8000030517578,214.4499969482422,921300
GD,2023-06-09,198.78578186035156,212.27000427246094,214.14999389648438,211.7899932861328,214.14999389648438,717200
GD,2023-06-12,199.5349578857422,213.07000732421875,213.3800048828125,211.52000427246094,212.32000732421875,720800
GD,2023-06-13,200.22793579101562,213.80999755859375,214.6699981689453,211.66000366210938,213.0,995500
GD,2023-06-14,198.66400146484375,212.13999938964844,213.9499969482422,211.47000122070312,213.2100067138672,1037800
GD,2023-06-15,201.30490112304688,214.9600067138672,215.4499969482422,212.16000366210938,212.16000366210938,879900
GD,2023-06-16,203.53369140625,217.33999633789062,217.8000030517578,215.41000366210938,215.63999938964844,1561500
GD,2023-06-20,201.80120849609375,215.49000549316406,217.66000366210938,214.7899932861328,217.0,940900
GD,2023-06-21,203.71160888671875,217.52999877929688,217.66000366210938,214.17999267578125,215.07000732421875,698600
GD,2023-06-22,200.82723999023438,214.4499969482422,217.52999877929688,213.67999267578125,217.30999755859375,833700
GD,2023-06-23,198.89813232421875,212.38999938964844,214.66000366210938,212.19000244140625,213.9499969482422,1113600
GD,2023-06-26,198.61720275878906,212.08999633789062,212.4499969482422,209.50999450683594,211.50999450683594,727200
GD,2023-06-27,198.58909606933594,212.05999755859375,212.6199951171875,211.10000610351562,212.25,887000
GD,2023-06-28,197.59642028808594,211.0,212.44000244140625,209.25,212.2899932861328,914600
GD,2023-06-29,200.69618225097656,214.30999755859375,214.5,210.66000366210938,210.9199981689453,838600
GD,2023-06-30,201.48281860351562,215.14999389648438,216.32000732421875,213.27000427246094,215.3300018310547,933100
GD,2023-07-03,202.07276916503906,215.77999877929688,216.92999267578125,214.22999572753906,214.4600067138672,475200
GD,2023-07-05,201.520263671875,215.19000244140625,215.64999389648438,213.22000122070312,214.77999877929688,832300
GD,2023-07-06,201.90658569335938,214.27999877929688,214.82000732421875,211.94000244140625,213.14999389648438,995200
GD,2023-07-07,201.7841033935547,214.14999389648438,217.27000427246094,213.60000610351562,213.94000244140625,1026800
GD,2023-07-10,202.28347778320312,214.67999267578125,216.69000244140625,213.99000549316406,214.14999389648438,1191200
GD,2023-07-11,204.6391143798828,217.17999267578125,217.47000122070312,213.89999389648438,214.9199981689453,1481900
GD,2023-07-12,205.0443115234375,217.61000061035156,218.6199951171875,216.44000244140625,217.94000244140625,1767000
GD,2023-07-13,204.4318389892578,216.9600067138672,217.80999755859375,216.3699951171875,217.55999755859375,995900
GD,2023-07-14,202.88650512695312,215.32000732421875,216.9199981689453,214.27000427246094,216.9199981689453,714900
GD,2023-07-17,203.87588500976562,216.3699951171875,217.44000244140625,214.89999389648438,215.2899932861328,646400
GD,2023-07-18,201.1904754638672,213.52000427246094,219.55999755859375,212.5800018310547,217.14999389648438,1451900
GD,2023-07-19,201.21871948242188,213.5500030517578,215.3800048828125,212.83999633789062,213.58999633789062,1234900
GD,2023-07-20,203.6026611328125,216.0800018310547,216.9199981689453,214.33999633789062,214.85000610351562,1726700
GD,2023-07-21,203.02786254882812,215.47000122070312,217.14999389648438,214.7899932861328,216.5800018310547,1148300
GD,2023-07-24,205.07257080078125,217.63999938964844,218.10000610351562,215.72000122070312,215.77000427246094,950500
GD,2023-07-25,205.41177368164062,218.0,218.05999755859375,213.47000122070312,214.74000549316406,1392400
GD,2023-07-26,209.915771484375,222.77999877929688,225.44000244140625,217.52000427246094,220.1999969482422,2475400
GD,2023-07-27,207.12669372558594,219.82000732421875,223.8000030517578,216.42999267578125,223.22000122070312,2650500
GD,2023-07-28,209.7838592529297,222.63999938964844,223.07000732421875,219.0,221.0,1597600
GD,2023-07-31,210.66957092285156,223.5800018310547,224.57000732421875,222.5,223.3800048828125,2232700
GD,2023-08-01,212.3279571533203,225.33999633789062,225.47999572753906,223.27000427246094,223.36000061035156,1039500
GD,2023-08-02,213.18536376953125,226.25,226.39999389648438,223.27000427246094,225.25,1397300
GD,2023-08-03,212.6011962890625,225.6300048828125,227.3800048828125,224.69000244140625,226.5,1084100
GD,2023-08-04,211.07472229003906,224.00999450683594,227.5,223.55999755859375,226.69000244140625,1199400
GD,2023-08-07,214.0710906982422,227.19000244140625,227.44000244140625,224.8300018310547,224.8300018310547,1023000
GD,2023-08-08,211.50819396972656,224.47000122070312,226.8800048828125,223.75999450683594,226.2100067138672,1002700
GD,2023-08-09,213.0817413330078,226.13999938964844,227.02000427246094,224.47000122070312,225.0,1079900
GD,2023-08-10,212.62945556640625,225.66000366210938,227.22999572753906,225.17999267578125,226.17999267578125,861300
GD,2023-08-11,213.88267517089844,226.99000549316406,228.72999572753906,225.50999450683594,225.6699981689453,1210400
GD,2023-08-14,213.29844665527344,226.3699951171875,227.52999877929688,225.82000732421875,226.9499969482422,952700
GD,2023-08-15,210.24557495117188,223.1300048828125,225.36000061035156,222.6999969482422,225.17999267578125,1150300
GD,2023-08-16,210.67897033691406,223.58999633789062,223.97999572753906,222.32000732421875,222.7100067138672,897800
GD,2023-08-17,209.47291564941406,222.30999755859375,225.47999572753906,222.24000549316406,224.08999633789062,990300
GD,2023-08-18,211.4610595703125,224.4199981689453,225.16000366210938,221.22000122070312,221.75,1040600
GD,2023-08-21,211.3291473388672,224.27999877929688,224.82000732421875,223.4600067138672,223.8300018310547,769800
GD,2023-08-22,211.3291473388672,224.27999877929688,225.02000427246094,223.10000610351562,224.27999877929688,689500
GD,2023-08-23,211.87567138671875,224.86000061035156,225.1999969482422,223.22000122070312,224.6300048828125,720600
GD,2023-08-24,210.9522247314453,223.8800048828125,225.77999877929688,223.72000122070312,224.22000122070312,673700
GD,2023-08-25,210.67897033691406,223.58999633789062,224.97000122070312,221.9199981689453,224.97000122070312,619000
GD,2023-08-28,212.3373565673828,225.35000610351562,225.60000610351562,223.33999633789062,223.6199951171875,747400
GD,2023-08-29,213.0911407470703,226.14999389648438,226.2100067138672,223.9499969482422,225.44000244140625,822700
GD,2023-08-30,214.11822509765625,227.24000549316406,228.5800018310547,226.0,226.72999572753906,649500
GD,2023-08-31,213.55288696289062,226.63999938964844,228.3699951171875,226.42999267578125,227.77000427246094,865800
GD,2023-09-01,213.29844665527344,226.3699951171875,227.94000244140625,225.6300048828125,227.85000610351562,568900
GD,2023-09-05,210.43399047851562,223.3300018310547,226.55999755859375,223.2100067138672,226.55999755859375,909200
GD,2023-09-06,205.45887756347656,218.0500030517578,223.0,217.83999633789062,223.0,1082900
GD,2023-09-07,206.06195068359375,218.69000244140625,219.47000122070312,217.6199951171875,218.8800048828125,798500
GD,2023-09-08,205.2892608642578,217.8699951171875,219.27000427246094,217.36000061035156,218.97999572753906,800600
GD,2023-09-11,203.78167724609375,216.27000427246094,217.5399932861328,215.11000061035156,217.0,1880300
GD,2023-09-12,204.82757568359375,217.3800048828125,218.25,214.60000610351562,215.5500030517578,1211000
GD,2023-09-13,207.00418090820312,219.69000244140625,219.7899932861328,217.4199981689453,218.00999450683594,880100
GD,2023-09-14,208.67198181152344,221.4600067138672,221.52000427246094,219.00999450683594,220.02000427246094,909400
GD,2023-09-15,211.1124267578125,224.0500030517578,225.08999633789062,220.52999877929688,220.7100067138672,1829000
GD,2023-09-18,211.37623596191406,224.3300018310547,225.8800048828125,223.42999267578125,225.0,783300
GD,2023-09-19,209.98171997070312,222.85000610351562,225.3000030517578,222.1199951171875,224.14999389648438,971800
GD,2023-09-20,212.52581787109375,225.5500030517578,226.1999969482422,223.60000610351562,223.83999633789062,893300
GD,2023-09-21,209.06773376464844,221.8800048828125,225.52999877929688,221.83999633789062,225.24000549316406,1067500
GD,2023-09-22,205.7321319580078,218.33999633789062,221.6699981689453,218.30999755859375,221.05999755859375,921800
GD,2023-09-25,206.6649932861328,219.3300018310547,219.5500030517578,217.17999267578125,217.7100067138672,648700
GD,2023-09-26,205.58135986328125,218.17999267578125,220.00999450683594,218.0800018310547,218.63999938964844,889700
GD,2023-09-27,208.23854064941406,221.0,221.0500030517578,218.9199981689453,219.3300018310547,666800
GD,2023-09-28,209.5482940673828,222.38999938964844,224.10000610351562,222.05999755859375,222.05999755859375,839000
GD,2023-09-29,208.2102813720703,220.97000122070312,223.8000030517578,220.86000061035156,223.02999877929688,763900
GD,2023-10-02,210.0570831298828,222.92999267578125,224.11000061035156,221.3300018310547,221.5,1207500
GD,2023-10-03,207.9935760498047,220.74000549316406,224.2899932861328,220.47000122070312,222.36000061035156,1315300
GD,2023-10-04,206.6649932861328,219.3300018310547,221.8800048828125,217.32000732421875,220.22999572753906,887100
GD,2023-10-05,205.47055053710938,216.75,218.08999633789062,216.0,217.5500030517578,820100
GD,2023-10-06,208.49453735351562,219.94000244140625,220.9499969482422,214.52999877929688,215.9600067138672,993700
GD,2023-10-09,226.06976318359375,238.47999572753906,240.14999389648438,228.5,228.6999969482422,3399400
GD,2023-10-10,224.3539581298828,236.6699981689453,240.0,236.17999267578125,240.0,2340000
GD,2023-10-11,225.40618896484375,237.77999877929688,238.74000549316406,236.17999267578125,236.30999755859375,1068400
GD,2023-10-12,225.04591369628906,237.39999389648438,239.8300018310547,235.77000427246094,238.83999633789062,851000
GD,2023-10-13,230.39242553710938,243.0399932861328,243.47000122070312,238.8699951171875,239.5,2151400
GD,2023-10-16,230.23129272460938,242.8699951171875,245.05999755859375,241.55999755859375,243.52999877929688,1362400
GD,2023-10-17,228.7145538330078,241.27000427246094,243.89999389648438,239.80999755859375,241.67999267578125,1328700
GD,2023-10-18,227.33053588867188,239.80999755859375,242.05999755859375,239.2899932861328,241.74000549316406,1092500
GD,2023-10-19,225.5673065185547,237.9499969482422,241.4499969482422,237.94000244140625,239.3699951171875,1156800
GD,2023-10-20,222.71395874023438,234.94000244140625,239.4199981689453,234.82000732421875,238.74000549316406,1706100
GD,2023-10-23,221.07398986816406,233.2100067138672,236.32000732421875,232.85000610351562,234.63999938964844,1265800
GD,2023-10-24,220.87490844726562,233.0,236.6699981689453,232.2899932861328,235.27999877929688,1060600
GD,2023-10-25,229.7857666015625,242.39999389648438,244.3800048828125,238.47000122070312,239.05999755859375,2440600
GD,2023-10-26,228.0320281982422,240.5500030517578,243.8000030517578,240.16000366210938,243.0,1580900
GD,2023-10-27,225.85171508789062,238.25,239.3000030517578,236.5800018310547,237.8800048828125,1816200
GD,2023-10-30,226.54373168945312,238.97999572753906,240.24000549316406,237.35000610351562,238.61000061035156,1485100
GD,2023-10-31,228.75247192382812,241.30999755859375,241.7899932861328,237.5,239.64999389648438,2534200
GD,2023-11-01,230.07015991210938,242.6999969482422,243.8699951171875,240.6300048828125,242.0,1490500
GD,2023-11-02,231.3119659423828,244.00999450683594,244.24000549316406,241.02999877929688,241.32000732421875,1749300
GD,2023-11-03,230.55361938476562,243.2100067138672,245.38999938964844,243.11000061035156,245.0,1004300
GD,2023-11-06,231.236083984375,243.92999267578125,244.47999572753906,242.32000732421875,243.19000244140625,1286800
GD,2023-11-07,230.0985870361328,242.72999572753906,244.0800018310547,242.2100067138672,244.05999755859375,804600
GD,2023-11-08,229.42552185058594,242.02000427246094,244.11000061035156,241.4199981689453,243.33999633789062,694900
GD,2023-11-09,227.6054229736328,240.10000610351562,242.0,238.30999755859375,242.0,1733000
GD,2023-11-10,230.87591552734375,243.5500030517578,244.13999938964844,240.74000549316406,241.11000061035156,1102800
GD,2023-11-13,233.8145751953125,246.64999389648438,247.27999877929688,243.52999877929688,243.5500030517578,1569200
GD,2023-11-14,234.96163940429688,247.86000061035156,248.88999938964844,245.49000549316406,245.77000427246094,1115600
GD,2023-11-15,232.9709014892578,245.75999450683594,248.27000427246094,245.69000244140625,247.55999755859375,1073600
GD,2023-11-16,232.49693298339844,245.25999450683594,246.8800048828125,244.52999877929688,246.27999877929688,824400
GD,2023-11-17,231.95660400390625,244.69000244140625,246.22000122070312,244.41000366210938,246.0500030517578,1060600
GD,2023-11-20,232.98983764648438,245.77999877929688,247.0800018310547,244.35000610351562,244.64999389648438,894100
GD,2023-11-21,233.58709716796875,246.41000366210938,247.50999450683594,245.3699951171875,246.11000061035156,806500
GD,2023-11-22,234.45919799804688,247.3300018310547,247.4499969482422,245.4600067138672,245.80999755859375,617700
GD,2023-11-24,234.93316650390625,247.8300018310547,248.5500030517578,247.44000244140625,247.67999267578125,339000
GD,2023-11-27,233.5396728515625,246.36000061035156,247.7100067138672,245.50999450683594,247.7100067138672,717900
GD,2023-11-28,232.45899963378906,245.22000122070312,247.52999877929688,245.07000732421875,247.39999389648438,846800
GD,2023-11-29,232.08929443359375,244.8300018310547,246.0,243.8699951171875,245.22000122070312,835200
GD,2023-11-30,234.1179656982422,246.97000122070312,247.3000030517578,245.00999450683594,245.58999633789062,951100
GD,2023-12-01,236.69638061523438,249.69000244140625,249.69000244140625,246.80999755859375,247.08999633789062,842900
GD,2023-12-04,239.08523559570312,252.2100067138672,252.25,248.11000061035156,248.5500030517578,1618200
GD,2023-12-05,237.83395385742188,250.88999938964844,252.61000061035156,250.1999969482422,252.22999572753906,925800
GD,2023-12-06,238.8387908935547,251.9499969482422,252.85000610351562,250.25999450683594,250.88999938964844,874700
GD,2023-12-07,238.40267944335938,251.49000549316406,254.75999450683594,250.52000427246094,252.72000122070312,895700
GD,2023-12-08,239.16107177734375,252.2899932861328,253.19000244140625,251.75,251.75,968500
GD,2023-12-11,239.28431701660156,252.4199981689453,253.63999938964844,252.02000427246094,252.02000427246094,704600
GD,2023-12-12,240.0237274169922,253.1999969482422,254.35000610351562,251.6999969482422,252.00999450683594,864000
GD,2023-12-13,242.53582763671875,255.85000610351562,256.32000732421875,253.02999877929688,253.66000366210938,1287300
GD,2023-12-14,238.08041381835938,251.14999389648438,255.55999755859375,248.5800018310547,255.39999389648438,1778800
GD,2023-12-15,239.40753173828125,252.5500030517578,252.74000549316406,249.35000610351562,249.63999938964844,2410800
GD,2023-12-18,239.7108917236328,252.8699951171875,253.92999267578125,251.77000427246094,252.66000366210938,708700
GD,2023-12-19,240.6778106689453,253.88999938964844,253.97999572753906,252.25,252.7100067138672,739000
GD,2023-12-20,236.57313537597656,249.55999755859375,253.97000122070312,249.39999389648438,253.1199951171875,1018200
GD,2023-12-21,239.29380798339844,252.42999267578125,252.97000122070312,250.0,251.0,702200
GD,2023-12-22,240.87692260742188,254.10000610351562,255.25999450683594,252.55999755859375,253.3699951171875,650600
GD,2023-12-26,242.87704467773438,256.2099914550781,256.80999755859375,253.85000610351562,254.0399932861328,637800
GD,2023-12-27,244.03359985351562,257.42999267578125,257.7300109863281,255.0800018310547,255.3800048828125,750900
GD,2023-12-28,244.70668029785156,258.1400146484375,258.7900085449219,257.4599914550781,257.9700012207031,569700
GD,2023-12-29,246.15704345703125,259.6700134277344,259.8800048828125,257.8500061035156,258.5199890136719,812300
GD,2024-01-02,245.14273071289062,258.6000061035156,261.1400146484375,257.6199951171875,259.6700134277344,992500
GD,2024-01-03,243.18992614746094,256.5400085449219,261.3900146484375,256.5,259.54998779296875,1378600
GD,2024-01-04,242.84864807128906,256.17999267578125,259.0,256.0,258.75,1096800
GD,2024-01-05,240.68728637695312,253.89999389648438,257.0,253.41000366210938,256.5899963378906,959600
GD,2024-01-08,240.6114501953125,253.82000732421875,253.85000610351562,250.8800048828125,253.0,1257100
GD,2024-01-09,238.1657257080078,251.24000549316406,253.77000427246094,250.88999938964844,253.77000427246094,1256000
GD,2024-01-10,238.1752166748047,251.25,253.00999450683594,250.80999755859375,251.24000549316406,877900
GD,2024-01-11,236.93336486816406,249.94000244140625,252.35000610351562,248.08999633789062,251.75999450683594,1500100
GD,2024-01-12,241.5499267578125,254.80999755859375,254.91000366210938,251.33999633789062,251.33999633789062,1107500
GD,2024-01-16,237.6064453125,250.64999389648438,254.6999969482422,249.72000122070312,254.2899932861328,1038300
GD,2024-01-17,236.96180725097656,249.97000122070312,252.10000610351562,249.0,249.22999572753906,882700
GD,2024-01-18,239.15367126464844,250.9499969482422,251.10000610351562,247.36000061035156,249.0399932861328,907700
GD,2024-01-19,237.61936950683594,249.33999633789062,251.5,248.97999572753906,251.5,1410200
GD,2024-01-22,238.01962280273438,249.75999450683594,251.32000732421875,248.6999969482422,249.5,2043300
GD,2024-01-23,237.64794921875,249.3699951171875,252.10000610351562,247.8800048828125,250.35000610351562,1775600
GD,2024-01-24,248.90277099609375,261.17999267578125,263.69000244140625,251.6199951171875,252.32000732421875,2749400
GD,2024-01-25,253.36279296875,265.8599853515625,265.9700012207031,261.1600036621094,261.760009765625,1968800
GD,2024-01-26,252.61000061035156,265.07000732421875,267.9700012207031,262.04998779296875,266.55999755859375,1329900
GD,2024-01-29,252.3336181640625,264.7799987792969,265.9100036621094,263.20001220703125,264.57000732421875,961700
GD,2024-01-30,256.040771484375,268.6700134277344,269.3699951171875,265.989990234375,266.2900085449219,2040300
GD,2024-01-31,252.53369140625,264.989990234375,269.5,263.8399963378906,269.0,2305000
GD,2024-02-01,254.32534790039062,266.8699951171875,267.239990234375,263.07000732421875,265.6499938964844,1715100
GD,2024-02-02,252.800537109375,265.2699890136719,266.3999938964844,264.3299865722656,265.739990234375,1949400
GD,2024-02-05,253.038818359375,265.5199890136719,267.07000732421875,262.5,264.0,1032400
GD,2024-02-06,255.10682678222656,267.69000244140625,267.7900085449219,264.6400146484375,266.1000061035156,814600
GD,2024-02-07,256.4410095214844,269.0899963378906,270.1499938964844,267.95001220703125,269.5,1058700
GD,2024-02-08,256.355224609375,269.0,269.44000244140625,267.1199951171875,269.0,617000
GD,2024-02-09,257.441650390625,270.1400146484375,271.3699951171875,269.05999755859375,270.07000732421875,878200
GD,2024-02-12,256.7745056152344,269.44000244140625,270.9700012207031,269.2099914550781,269.9800109863281,696300
GD,2024-02-13,254.65890502929688,267.2200012207031,270.8999938964844,265.1099853515625,269.92999267578125,1164200
GD,2024-02-14,256.4505310058594,269.1000061035156,269.2200012207031,263.1000061035156,268.30999755859375,1629800
GD,2024-02-15,257.3082275390625,270.0,270.9599914550781,268.5400085449219,269.67999267578125,801500
GD,2024-02-16,256.7745056152344,269.44000244140625,271.17999267578125,268.8900146484375,269.9800109863281,702600
GD,2024-02-20,256.28851318359375,268.92999267578125,271.9599914550781,268.3500061035156,270.3999938964844,697500
GD,2024-02-21,259.11895751953125,271.8999938964844,272.2799987792969,268.9100036621094,270.1600036621094,691000
GD,2024-02-22,259.5286560058594,272.3299865722656,272.4599914550781,270.6600036621094,271.3800048828125,636300
GD,2024-02-23,260.8819580078125,273.75,274.8999938964844,272.1700134277344,272.5,663900
GD,2024-02-26,260.186279296875,273.0199890136719,274.5899963378906,272.5899963378906,274.19000244140625,629700
GD,2024-02-27,260.8342590332031,273.70001220703125,273.79998779296875,270.7699890136719,272.3299865722656,554400
GD,2024-02-28,261.4156494140625,274.30999755859375,274.6600036621094,272.4800109863281,273.67999267578125,569800
GD,2024-02-29,260.4054260253906,273.25,274.9800109863281,272.3699951171875,274.9800109863281,886300
GD,2024-03-01,259.16656494140625,271.95001220703125,273.29998779296875,271.04998779296875,273.29998779296875,651400
GD,2024-03-04,261.79681396484375,274.7099914550781,275.3399963378906,271.3900146484375,272.0,974600
GD,2024-03-05,260.7389831542969,273.6000061035156,277.42999267578125,272.3900146484375,275.57000732421875,979300
GD,2024-03-06,260.8342590332031,273.70001220703125,275.8500061035156,273.1700134277344,274.0,585100
GD,2024-03-07,260.1957702636719,273.0299987792969,274.9700012207031,272.1099853515625,274.0,761600
GD,2024-03-08,259.5096435546875,272.30999755859375,273.6199951171875,270.7099914550781,272.42999267578125,696900
GD,2024-03-11,260.42449951171875,273.2699890136719,273.2900085449219,270.42999267578125,271.6400146484375,559700
GD,2024-03-12,261.7396545410156,274.6499938964844,275.05999755859375,271.5799865722656,273.010009765625,845000
GD,2024-03-13,262.416259765625,275.3599853515625,275.8999938964844,274.4700012207031,275.5199890136719,829800
GD,2024-03-14,262.454345703125,275.3999938964844,276.6499938964844,273.3999938964844,276.29998779296875,839800
GD,2024-03-15,262.2732849121094,275.2099914550781,276.92999267578125,273.8299865722656,273.8299865722656,1305900
GD,2024-03-18,264.5509338378906,277.6000061035156,277.7200012207031,274.6700134277344,275.989990234375,865300
GD,2024-03-19,266.55230712890625,279.70001220703125,280.3500061035156,277.7300109863281,279.1199951171875,703500
GD,2024-03-20,269.2682800292969,282.54998779296875,282.9800109863281,279.30999755859375,280.0,1043400
GD,2024-03-21,268.11517333984375,281.3399963378906,284.75,281.2200012207031,283.3599853515625,1084100
GD,2024-03-22,267.9435729980469,281.1600036621094,283.2099914550781,281.1300048828125,282.3299865722656,730600
GD,2024-03-25,265.8660888671875,278.9800109863281,281.45001220703125,278.3900146484375,280.92999267578125,776500
GD,2024-03-26,265.2657775878906,278.3500061035156,280.4599914550781,278.3500061035156,278.80999755859375,567700
GD,2024-03-27,268.64886474609375,281.8999938964844,281.92999267578125,278.95001220703125,279.55999755859375,746000
GD,2024-03-28,269.21112060546875,282.489990234375,283.1499938964844,281.2799987792969,282.6000061035156,644500
GD,2024-04-01,277.84521484375,291.54998779296875,291.9599914550781,286.3800048828125,287.7099914550781,1742900
GD,2024-04-02,276.8827209472656,290.5400085449219,292.5,288.44000244140625,291.79998779296875,1839000
GD,2024-04-03,277.9786376953125,291.69000244140625,291.989990234375,288.42999267578125,290.57000732421875,1296700
GD,2024-04-04,279.43670654296875,293.2200012207031,294.55999755859375,291.9700012207031,293.55999755859375,1391000
GD,2024-04-05,281.3045654296875,295.17999267578125,295.4599914550781,291.44000244140625,293.0,879600
GD,2024-04-08,279.3509216308594,293.1300048828125,296.5,292.8900146484375,296.0,945600
GD,2024-04-09,275.2626037597656,288.8399963378906,294.6700134277344,287.20001220703125,292.0299987792969,1008100
GD,2024-04-10,276.4062194824219,290.0400085449219,290.739990234375,286.6600036621094,287.3999938964844,935600
GD,2024-04-11,275.3336181640625,287.5,288.6400146484375,286.1600036621094,287.8299865722656,710900
GD,2024-04-12,275.6880187988281,287.8699951171875,290.75,286.7900085449219,288.4100036621094,1281000
GD,2024-04-15,272.6999816894531,284.75,291.75,284.3599853515625,291.7099914550781,976600
GD,2024-04-16,273.2267150878906,285.29998779296875,286.3800048828125,283.67999267578125,285.4599914550781,1388500
GD,2024-04-17,272.4222412109375,284.4599914550781,286.5,283.6700134277344,286.5,709000
GD,2024-04-18,273.1979675292969,285.2699890136719,286.9100036621094,284.0199890136719,284.0199890136719,636500
GD,2024-04-19,276.40618896484375,288.6199951171875,289.2900085449219,286.7300109863281,287.42999267578125,1074900
GD,2024-04-22,278.98236083984375,291.30999755859375,292.7099914550781,288.04998779296875,289.94000244140625,889000
GD,2024-04-23,280.33270263671875,292.7200012207031,294.70001220703125,291.67999267578125,292.7200012207031,1132500
GD,2024-04-24,269.2139892578125,281.1099853515625,290.3699951171875,274.32000732421875,289.19000244140625,4023600
GD,2024-04-25,272.8436279296875,284.8999938964844,285.75,279.44000244140625,282.760009765625,1769600
GD,2024-04-26,272.3743591308594,284.4100036621094,286.7699890136719,282.79998779296875,284.7300109863281,1244200
GD,2024-04-29,275.6113586425781,287.7900085449219,289.92999267578125,285.42999267578125,287.9599914550781,1293700
GD,2024-04-30,274.94097900390625,287.0899963378906,289.20001220703125,286.4200134277344,286.9100036621094,1423600
GD,2024-05-01,274.4046325683594,286.5299987792969,288.0899963378906,284.8299865722656,286.5799865722656,890800
GD,2024-05-02,275.19952392578125,287.3599853515625,288.5799865722656,282.510009765625,286.0400085449219,1134800
GD,2024-05-03,275.9465026855469,288.1400146484375,289.0,286.0,288.0,974300
GD,2024-05-06,279.04937744140625,291.3800048828125,291.6099853515625,289.4599914550781,289.4700012207031,870200
GD,2024-05-07,280.9552001953125,293.3699951171875,293.739990234375,291.20001220703125,292.3399963378906,715600
GD,2024-05-08,280.3518371582031,292.739990234375,294.07000732421875,291.8299865722656,294.0,1008100
GD,2024-05-09,283.4451904296875,295.9700012207031,296.2699890136719,292.0,292.75,707600
GD,2024-05-10,283.8952941894531,296.44000244140625,297.8800048828125,296.0,296.5799865722656,1019400
GD,2024-05-13,281.1083984375,293.5299987792969,297.3299865722656,292.6099853515625,296.3699951171875,1406700
GD,2024-05-14,281.615966796875,294.05999755859375,294.55999755859375,292.4700012207031,293.44000244140625,655300
GD,2024-05-15,282.1235656738281,294.5899963378906,295.25,293.67999267578125,293.79998779296875,752300
GD,2024-05-16,283.2344970703125,295.75,297.2300109863281,294.6199951171875,294.9700012207031,613500
GD,2024-05-17,286.3661193847656,299.0199890136719,299.1400146484375,295.4599914550781,296.5899963378906,894200
GD,2024-05-20,287.5248718261719,300.2300109863281,301.0,298.010009765625,298.5,940300
GD,2024-05-21,284.48907470703125,297.05999755859375,301.4800109863281,296.3500061035156,301.0,1103400
GD,2024-05-22,285.3988952636719,298.010009765625,299.3599853515625,296.1600036621094,297.489990234375,882700
GD,2024-05-23,283.9718933105469,296.5199890136719,298.260009765625,295.1499938964844,297.9599914550781,720700
GD,2024-05-24,286.9407043457031,299.6199951171875,300.4800109863281,297.2200012207031,299.0,784100
GD,2024-05-28,284.7571716308594,297.3399963378906,299.75,297.07000732421875,299.5400085449219,800400
GD,2024-05-29,281.060546875,293.4800109863281,297.1300048828125,293.25,296.0299987792969,771400
GD,2024-05-30,283.5505065917969,296.0799865722656,296.6600036621094,293.94000244140625,293.94000244140625,728200
GD,2024-05-31,287.0843505859375,299.7699890136719,300.2300109863281,295.3800048828125,296.0199890136719,1302800
GD,2024-06-03,285.6382751464844,298.260009765625,302.4200134277344,296.45001220703125,300.8900146484375,723500
GD,2024-06-04,284.738037109375,297.32000732421875,299.239990234375,296.8999938964844,298.3699951171875,618200
GD,2024-06-05,286.77789306640625,299.45001220703125,299.6499938964844,295.6400146484375,297.8999938964844,469200
GD,2024-06-06,285.6478271484375,298.2699890136719,300.5,298.1000061035156,299.0,988200
GD,2024-06-07,286.48101806640625,299.1400146484375,300.1600036621094,297.8699951171875,298.20001220703125,684200
GD,2024-06-10,282.20977783203125,294.67999267578125,300.0,293.8599853515625,300.0,1013500
GD,2024-06-11,280.2656555175781,292.6499938964844,293.6600036621094,291.1400146484375,293.6000061035156,1068700
GD,2024-06-12,281.8841552734375,294.3399963378906,295.20001220703125,292.20001220703125,292.989990234375,871900
GD,2024-06-13,280.1411437988281,292.5199890136719,294.57000732421875,290.7300109863281,293.67999267578125,686600
GD,2024-06-14,279.4324645996094,291.7799987792969,292.0400085449219,288.4599914550781,290.70001220703125,639900
GD,2024-06-17,281.395751953125,293.8299865722656,294.19000244140625,290.6600036621094,291.17999267578125,511000
GD,2024-06-18,285.38922119140625,298.0,298.04998779296875,293.1700134277344,293.57000732421875,748500
GD,2024-06-20,286.95025634765625,299.6300048828125,299.6499938964844,297.0,298.0,751500
GD,2024-06-21,285.6286315917969,298.25,300.2200012207031,296.67999267578125,299.55999755859375,1685600
GD,2024-06-24,285.8968200683594,298.5299987792969,302.75,298.4700012207031,299.4800109863281,1124400
GD,2024-06-25,282.7843322753906,295.2799987792969,299.0899963378906,294.7200012207031,298.2099914550781,985000
GD,2024-06-26,282.0661315917969,294.5299987792969,295.5799865722656,293.32000732421875,294.30999755859375,1215400
GD,2024-06-27,280.12200927734375,292.5,295.3500061035156,291.8299865722656,295.3500061035156,989300
GD,2024-06-28,277.8619079589844,290.1400146484375,294.4800109863281,289.5400085449219,293.9200134277344,2259900
GD,2024-07-01,275.6880187988281,287.8699951171875,293.010009765625,286.5799865722656,291.3500061035156,1431000
GD,2024-07-02,273.7151184082031,285.80999755859375,286.3399963378906,284.0199890136719,285.29998779296875,1274300
GD,2024-07-03,272.824462890625,284.8800048828125,287.260009765625,284.04998779296875,286.4700012207031,656700
GD,2024-07-05,271.1112060546875,281.67999267578125,284.260009765625,280.4599914550781,284.260009765625,1039500
GD,2024-07-08,269.9466857910156,280.4700012207031,283.0,279.54998779296875,281.70001220703125,1222700
GD,2024-07-09,269.0226745605469,279.510009765625,281.3399963378906,279.4200134277344,280.2200012207031,803700
GD,2024-07-10,271.3326110839844,281.9100036621094,281.9800109863281,279.07000732421875,279.6600036621094,957400
GD,2024-07-11,273.4886169433594,284.1499938964844,285.2699890136719,281.3699951171875,281.3699951171875,935500
GD,2024-07-12,273.23834228515625,283.8900146484375,286.4599914550781,283.69000244140625,285.7200012207031,1072000
GD,2024-07-15,274.7109375,285.4200134277344,287.20001220703125,284.010009765625,285.510009765625,1017100
GD,2024-07-16,280.6494445800781,291.5899963378906,291.7799987792969,285.57000732421875,285.57000732421875,1124900
GD,2024-07-17,281.034423828125,291.989990234375,294.7699890136719,291.7799987792969,292.239990234375,900200
GD,2024-07-18,282.2663879394531,293.2699890136719,295.5,291.1700134277344,291.3999938964844,960000
GD,2024-07-19,277.4059143066406,288.2200012207031,294.3599853515625,287.8299865722656,294.3599853515625,973600
GD,2024-07-22,280.28369140625,291.2099914550781,291.4800109863281,287.5400085449219,288.42999267578125,745300
GD,2024-07-23,283.4117126464844,294.4599914550781,295.6199951171875,292.04998779296875,292.67999267578125,1288200
GD,2024-07-24,273.9891052246094,284.6700134277344,286.489990234375,276.7900085449219,286.0,3268400
GD,2024-07-25,280.06231689453125,290.9800109863281,296.19000244140625,286.6099853515625,286.6099853515625,1809800
GD,2024-07-26,279.5040588378906,290.3999938964844,292.70001220703125,287.6400146484375,290.989990234375,1079800
GD,2024-07-29,278.6282043457031,289.489990234375,291.0400085449219,288.3699951171875,290.57000732421875,1171600
GD,2024-07-30,282.01617431640625,293.010009765625,293.6600036621094,290.05999755859375,291.0199890136719,858100
GD,2024-07-31,287.5022888183594,298.7099914550781,299.9599914550781,293.1700134277344,294.79998779296875,1609300
GD,2024-08-01,282.4396667480469,293.45001220703125,300.75,291.5400085449219,300.0,1108400
GD,2024-08-02,281.4194641113281,292.3900146484375,296.8900146484375,289.510009765625,292.69000244140625,990700
GD,2024-08-05,275.17291259765625,285.8999938964844,290.92999267578125,282.32000732421875,288.9200134277344,1094100
GD,2024-08-06,274.67242431640625,285.3800048828125,290.44000244140625,285.20001220703125,286.45001220703125,815000
GD,2024-08-07,276.3952941894531,287.1700134277344,290.8800048828125,286.3599853515625,287.2099914550781,890700
GD,2024-08-08,279.8890686035156,290.79998779296875,293.0,287.45001220703125,287.45001220703125,823700
GD,2024-08-09,281.9969177246094,292.989990234375,296.70001220703125,291.57000732421875,293.2900085449219,1028600
GD,2024-08-12,280.27410888671875,291.20001220703125,294.5899963378906,290.6499938964844,294.0,1054800
GD,2024-08-13,281.2365417480469,292.20001220703125,292.79998779296875,289.5299987792969,291.8500061035156,888800
GD,2024-08-14,282.7091064453125,293.7300109863281,295.1700134277344,291.7099914550781,291.7099914550781,756900
GD,2024-08-15,284.8458557128906,295.95001220703125,296.30999755859375,293.1600036621094,294.989990234375,890600
GD,2024-08-16,285.4618225097656,296.5899963378906,297.1000061035156,294.739990234375,296.3599853515625,852300
GD,2024-08-19,284.5090026855469,295.6000061035156,297.0,294.7699890136719,296.92999267578125,685100
GD,2024-08-20,284.7014465332031,295.79998779296875,296.1199951171875,294.2099914550781,295.3599853515625,589200
GD,2024-08-21,283.03643798828125,294.07000732421875,296.510009765625,293.0199890136719,296.510009765625,1029100
GD,2024-08-22,282.4396667480469,293.45001220703125,294.739990234375,292.989990234375,294.25,676200
GD,2024-08-23,280.51470947265625,291.45001220703125,294.8299865722656,291.2900085449219,294.3399963378906,864700
GD,2024-08-26,280.08160400390625,291.0,293.17999267578125,290.4200134277344,292.45001220703125,814800
GD,2024-08-27,279.3115539550781,290.20001220703125,291.4599914550781,289.8299865722656,291.010009765625,1005300
GD,2024-08-28,285.510009765625,296.6400146484375,297.17999267578125,290.5,290.989990234375,1553600
GD,2024-08-29,286.6553039550781,297.8299865722656,300.95001220703125,295.5,298.0,1640300
GD,2024-08-30,288.1278991699219,299.3599853515625,299.67999267578125,295.17999267578125,297.5299987792969,1032900
GD,2024-09-03,283.8544921875,294.9200134277344,300.9800109863281,293.3399963378906,299.0,961600
GD,2024-09-04,283.30584716796875,294.3500061035156,297.760009765625,293.0,295.45001220703125,930500
GD,2024-09-05,286.13555908203125,297.2900085449219,299.8299865722656,294.1600036621094,296.510009765625,1518800
GD,2024-09-06,281.7947692871094,292.7799987792969,298.4100036621094,292.239990234375,297.0,1362400
GD,2024-09-09,290.245361328125,301.55999755859375,303.1000061035156,295.7099914550781,295.7099914550781,1922400
GD,2024-09-10,291.0538635253906,302.3999938964844,306.510009765625,300.4700012207031,303.30999755859375,1040400
GD,2024-09-11,288.3492736816406,299.5899963378906,301.2099914550781,293.3599853515625,301.2099914550781,1067200
GD,2024-09-12,289.3887634277344,300.6700134277344,300.94000244140625,297.4100036621094,299.3399963378906,875400
GD,2024-09-13,293.3638000488281,304.79998779296875,305.8399963378906,301.04998779296875,301.0799865722656,797600
GD,2024-09-16,296.01055908203125,307.54998779296875,309.9700012207031,306.1499938964844,307.3800048828125,874500
GD,2024-09-17,292.4494323730469,303.8500061035156,305.70001220703125,302.57000732421875,304.75,1045600
GD,2024-09-18,291.0345764160156,302.3800048828125,306.8999938964844,301.6499938964844,303.8999938964844,1155800
GD,2024-09-19,293.29644775390625,304.7300109863281,306.6499938964844,302.5199890136719,304.8399963378906,1188100
GD,2024-09-20,295.3561096191406,306.8699951171875,307.760009765625,303.19000244140625,304.7699890136719,7899200
GD,2024-09-23,296.5303649902344,308.0899963378906,309.7200012207031,306.75,307.30999755859375,951800
GD,2024-09-24,293.2386779785156,304.6700134277344,308.5199890136719,304.07000732421875,308.0,951800
GD,2024-09-25,290.3704833984375,301.69000244140625,306.54998779296875,301.0199890136719,305.5199890136719,915500
GD,2024-09-26,289.2155456542969,300.489990234375,302.9200134277344,299.6600036621094,300.92999267578125,904500
GD,2024-09-27,288.86895751953125,300.1300048828125,302.3500061035156,299.9700012207031,300.3399963378906,909200
GD,2024-09-30,290.8613586425781,302.20001220703125,302.260009765625,297.6600036621094,300.0,1364000
GD,2024-10-01,293.8739013671875,305.3299865722656,307.04998779296875,294.5,297.6400146484375,1486600
GD,2024-10-02,292.5168151855469,303.9200134277344,306.6199951171875,303.1000061035156,305.5,1218300
GD,2024-10-03,288.3684997558594,299.6099853515625,304.8699951171875,299.0400085449219,304.0400085449219,1124300
GD,2024-10-04,289.379150390625,300.6600036621094,301.239990234375,297.8399963378906,300.0400085449219,877300
GD,2024-10-07,286.13555908203125,297.2900085449219,300.510009765625,296.7099914550781,299.29998779296875,874100
GD,2024-10-08,285.76019287109375,296.8999938964844,298.1099853515625,295.04998779296875,297.95001220703125,843200
GD,2024-10-09,287.4830627441406,298.69000244140625,300.1300048828125,295.6700134277344,296.1000061035156,726500
GD,2024-10-10,284.9420471191406,296.04998779296875,298.6199951171875,295.0199890136719,298.5,902400
GD,2024-10-11,289.59393310546875,299.44000244140625,299.7699890136719,294.2900085449219,295.0,986300
GD,2024-10-14,291.934326171875,301.8599853515625,302.3599853515625,298.67999267578125,299.5899963378906,583400
GD,2024-10-15,290.338623046875,300.2099914550781,303.8599853515625,299.8500061035156,303.5899963378906,898600
GD,2024-10-16,294.8453674316406,304.8699951171875,306.05999755859375,300.1400146484375,300.1400146484375,838100
GD,2024-10-17,298.09490966796875,308.2300109863281,308.32000732421875,305.6400146484375,307.0,919000
GD,2024-10-18,298.3367004394531,308.4800109863281,310.5799865722656,307.6099853515625,310.0,1316300
GD,2024-10-21,297.9498291015625,308.0799865722656,310.8500061035156,307.010009765625,309.1300048828125,1059700
GD,2024-10-22,295.92852783203125,305.989990234375,308.7699890136719,303.9100036621094,307.70001220703125,1145600
GD,2024-10-23,294.390869140625,304.3999938964844,313.1099853515625,300.7099914550781,304.8500061035156,1506600
GD,2024-10-24,291.36370849609375,301.2699890136719,304.989990234375,300.5199890136719,301.7300109863281,1331400
GD,2024-10-25,292.5726318359375,302.5199890136719,304.989990234375,302.07000732421875,304.5199890136719,1405200
GD,2024-10-28,293.9266357421875,303.9200134277344,304.7099914550781,302.1400146484375,303.0400085449219,968700
GD,2024-10-29,291.8279724121094,301.75,305.1600036621094,301.7300109863281,303.2300109863281,950600
GD,2024-10-30,291.4604187011719,301.3699951171875,304.1199951171875,301.1600036621094,301.82000732421875,855000
GD,2024-10-31,282.0213928222656,291.6099853515625,301.3699951171875,291.30999755859375,300.32000732421875,1704100
GD,2024-11-01,283.35601806640625,292.989990234375,294.8699951171875,292.30999755859375,292.9599914550781,1355500
GD,2024-11-04,283.94598388671875,293.6000061035156,295.55999755859375,292.3500061035156,293.6199951171875,1056000
GD,2024-11-05,286.8956298828125,296.6499938964844,296.989990234375,294.5299987792969,294.55999755859375,750100
GD,2024-11-06,298.3173522949219,308.4599914550781,309.010009765625,302.7799987792969,305.0400085449219,1659100
GD,2024-11-07,295.938232421875,306.0,309.07000732421875,304.5199890136719,308.510009765625,887100
GD,2024-11-08,299.2940979003906,309.4700012207031,310.2200012207031,306.17999267578125,307.5,855100
GD,2024-11-11,303.58819580078125,313.9100036621094,315.92999267578125,311.2900085449219,312.0799865722656,925300
GD,2024-11-12,301.7892761230469,312.04998779296875,315.0,310.6300048828125,315.0,778600
GD,2024-11-13,303.7041931152344,314.0299987792969,316.8999938964844,311.67999267578125,313.44000244140625,906700
GD,2024-11-14,282.80474853515625,292.4200134277344,314.8500061035156,291.80999755859375,314.1000061035156,1927500
GD,2024-11-15,278.5204772949219,287.989990234375,295.0,285.67999267578125,290.8299865722656,1997300
GD,2024-11-18,276.5958251953125,286.0,288.0,285.2900085449219,287.0,1287000
GD,2024-11-19,271.72161865234375,280.9599914550781,288.0,279.6099853515625,287.2900085449219,1772200
GD,2024-11-20,270.84149169921875,280.04998779296875,282.0,278.1199951171875,281.4700012207031,1766400
GD,2024-11-21,270.7254333496094,279.92999267578125,283.5,279.010009765625,280.70001220703125,1832200
GD,2024-11-22,272.5436706542969,281.80999755859375,283.6000061035156,279.9200134277344,280.760009765625,1433900
GD,2024-11-25,272.0987548828125,281.3500061035156,284.1499938964844,279.2900085449219,283.260009765625,1569300
GD,2024-11-26,272.7466735839844,282.0199890136719,283.3699951171875,279.55999755859375,281.0799865722656,1095100
GD,2024-11-27,273.0271911621094,282.30999755859375,286.010009765625,282.260009765625,282.9200134277344,994500
GD,2024-11-29,274.6712951660156,284.010009765625,284.4100036621094,282.4800109863281,283.17999267578125,538200
GD,2024-12-02,267.3502197265625,276.44000244140625,283.1499938964844,275.6199951171875,282.8999938964844,1936800
GD,2024-12-03,268.2979736328125,277.4200134277344,278.1300048828125,274.44000244140625,276.4800109863281,1130800
GD,2024-12-04,268.53009033203125,277.6600036621094,278.5799865722656,274.989990234375,276.4700012207031,1307500
GD,2024-12-05,266.1026306152344,275.1499938964844,278.7300109863281,275.1499938964844,277.5,1511800
GD,2024-12-06,262.86273193359375,271.79998779296875,275.8599853515625,271.04998779296875,275.0,1879400
GD,2024-12-09,260.7060852050781,269.57000732421875,272.7099914550781,269.3999938964844,271.3500061035156,2143000
GD,2024-12-10,261.5378112792969,270.42999267578125,272.0899963378906,267.25,269.489990234375,1279800
GD,2024-12-11,256.7022399902344,265.42999267578125,270.0199890136719,263.4200134277344,269.55999755859375,2263500
GD,2024-12-12,254.39083862304688,263.0400085449219,264.1499938964844,257.260009765625,260.0,2408900
GD,2024-12-13,254.45849609375,263.1099853515625,265.07000732421875,261.92999267578125,263.0,1673400
GD,2024-12-16,257.32122802734375,266.07000732421875,269.69000244140625,262.7099914550781,263.1099853515625,3087200
GD,2024-12-17,256.4991149902344,265.2200012207031,267.7300109863281,263.7900085449219,264.4700012207031,1963800
GD,2024-12-18,253.64610290527344,262.2699890136719,269.5,262.1000061035156,265.20001220703125,2241500
GD,2024-12-19,251.72157287597656,260.2799987792969,262.8299865722656,257.8800048828125,259.95001220703125,2169800
GD,2024-12-20,254.97113037109375,263.6400146484375,267.44000244140625,257.79998779296875,259.0799865722656,3546200
GD,2024-12-23,256.4700927734375,265.19000244140625,265.79998779296875,262.8999938964844,265.79998779296875,1552800
GD,2024-12-24,257.15673828125,265.8999938964844,265.8999938964844,263.6300048828125,264.6700134277344,500900
GD,2024-12-26,258.0078430175781,266.7799987792969,268.3299865722656,265.25,265.8900146484375,851300
GD,2024-12-27,257.3888854980469,266.1400146484375,267.5899963378906,264.7200012207031,264.7799987792969,1001400
GD,2024-12-30,254.71969604492188,263.3800048828125,265.1099853515625,261.05999755859375,263.19000244140625,1550200
GD,2024-12-31,254.8260498046875,263.489990234375,265.5199890136719,262.1499938964844,264.0,894900
GD,2025-01-02,252.42759704589844,261.010009765625,265.8299865722656,260.5,264.8999938964844,1749000
GD,2025-01-03,254.70993041992188,263.3699951171875,264.1600036621094,260.2699890136719,261.17999267578125,1287600
GD,2025-01-06,249.5068817138672,257.989990234375,264.2900085449219,257.55999755859375,262.32000732421875,1897900
GD,2025-01-07,251.11227416992188,259.6499938964844,262.92999267578125,258.05999755859375,258.760009765625,1303700
GD,2025-01-08,252.87242126464844,261.4700012207031,262.5,258.760009765625,258.760009765625,1120500
GD,2025-01-10,250.85118103027344,259.3800048828125,261.9599914550781,258.6499938964844,260.5199890136719,1722900
GD,2025-01-13,255.00009155273438,263.6700134277344,264.8800048828125,259.0,259.3800048828125,1360000
GD,2025-01-14,256.40240478515625,265.1199951171875,265.2900085449219,262.2300109863281,263.5199890136719,1095800
GD,2025-01-15,257.3405456542969,266.0899963378906,267.8500061035156,264.0199890136719,267.5299987792969,1013500
GD,2025-01-16,259.99041748046875,268.8299865722656,269.3999938964844,265.70001220703125,266.0,1753000
GD,2025-01-17,259.27099609375,266.6700134277344,268.80999755859375,266.1300048828125,268.4200134277344,1544000
GD,2025-01-21,264.0933532714844,271.6300048828125,274.1499938964844,268.8599853515625,269.2900085449219,2444300
GD,2025-01-22,261.3807678222656,268.8399963378906,271.67999267578125,266.7099914550781,271.6300048828125,2028900
GD,2025-01-23,261.1085205078125,268.55999755859375,271.0,264.69000244140625,270.1300048828125,2210900
GD,2025-01-24,259.03759765625,266.42999267578125,269.0299987792969,265.739990234375,268.55999755859375,1546500
GD,2025-01-27,262.35302734375,269.8399963378906,270.19000244140625,266.4700012207031,267.760009765625,1694200
GD,2025-01-28,255.28472900390625,262.57000732421875,270.0199890136719,261.2699890136719,269.989990234375,2042600
GD,2025-01-29,244.47328186035156,251.4499969482422,261.30999755859375,247.00999450683594,253.82000732421875,3497600
GD,2025-01-30,249.8012237548828,256.92999267578125,257.0899963378906,252.5,253.85000610351562,2299300
GD,2025-01-31,249.84986877441406,256.9800109863281,258.75,254.7899932861328,256.989990234375,1902800
GD,2025-02-03,249.47064208984375,256.5899963378906,258.07000732421875,253.8300018310547,256.0,1414600
GD,2025-02-04,250.287353515625,257.42999267578125,258.92999267578125,255.85000610351562,255.9600067138672,1356000
GD,2025-02-05,251.40542602539062,258.5799865722656,259.2300109863281,256.8299865722656,258.7099914550781,1098100
GD,2025-02-06,248.4400634765625,255.52999877929688,257.7099914550781,253.1300048828125,257.7099914550781,1154700
GD,2025-02-07,247.75949096679688,254.8300018310547,257.2099914550781,253.9199981689453,256.0199890136719,1290600
GD,2025-02-10,249.22756958007812,256.3399963378906,257.3699951171875,255.11000061035156,255.49000549316406,1410900
GD,2025-02-11,249.8595428466797,256.989990234375,257.69000244140625,254.35000610351562,255.8699951171875,1095600
GD,2025-02-12,244.35659790039062,251.3300018310547,255.6300048828125,250.97000122070312,254.47999572753906,1560900
GD,2025-02-13,239.33006286621094,246.16000366210938,251.9499969482422,242.86000061035156,251.60000610351562,2825100
GD,2025-02-14,235.2271270751953,241.94000244140625,247.0500030517578,239.8699951171875,245.75,2765000
GD,2025-02-18,235.8688201904297,242.60000610351562,244.47000122070312,241.11000061035156,244.3300018310547,2113500
GD,2025-02-19,237.4049835205078,244.17999267578125,246.27999877929688,242.0399932861328,242.5800018310547,1900100
GD,2025-02-20,239.3689422607422,246.1999969482422,247.27999877929688,242.33999633789062,242.33999633789062,1566900
GD,2025-02-21,236.31607055664062,243.05999755859375,245.3300018310547,241.64999389648438,245.1999969482422,1947400
GD,2025-02-24,239.43701171875,246.27000427246094,248.3300018310547,243.4199981689453,244.60000610351562,2204400
GD,2025-02-25,242.9759979248047,249.91000366210938,250.82000732421875,246.7100067138672,247.1699981689453,1711600
GD,2025-02-26,242.3245849609375,249.24000549316406,250.61000061035156,247.8800048828125,250.49000549316406,1372100
GD,2025-02-27,244.6385498046875,251.6199951171875,252.49000549316406,249.55999755859375,250.13999938964844,1410300
GD,2025-02-28,245.5913848876953,252.60000610351562,254.66000366210938,249.94000244140625,252.33999633789062,1755500
GD,2025-03-03,246.9914093017578,254.0399932861328,255.92999267578125,252.3000030517578,255.1699981689453,1333100
GD,2025-03-04,243.84130859375,250.8000030517578,257.489990234375,250.41000366210938,252.97999572753906,2013300
GD,2025-03-05,255.66390991210938,262.9599914550781,264.0400085449219,251.0500030517578,255.5,4141800
GD,2025-03-06,257.20977783203125,264.54998779296875,266.1499938964844,259.239990234375,261.489990234375,2075700
GD,2025-03-07,264.0252990722656,271.55999755859375,272.510009765625,262.4599914550781,262.4599914550781,1978800
GD,2025-03-10,264.3947448730469,271.94000244140625,279.25,268.1700134277344,270.0,2274400
GD,2025-03-11,256.7917175292969,264.1199951171875,272.2200012207031,262.260009765625,270.7699890136719,1827900
GD,2025-03-12,252.79576110839844,260.010009765625,263.7099914550781,258.0799865722656,263.05999755859375,1122800
GD,2025-03-13,253.91384887695312,261.1600036621094,263.17999267578125,258.6499938964844,259.32000732421875,1044500
GD,2025-03-14,254.75970458984375,262.0299987792969,262.760009765625,259.44000244140625,261.5,956600
GD,2025-03-17,257.82232666015625,265.17999267578125,267.010009765625,262.010009765625,262.0299987792969,974400
GD,2025-03-18,260.0973815917969,267.5199890136719,268.6600036621094,263.67999267578125,264.67999267578125,1569900
GD,2025-03-19,260.534912109375,267.9700012207031,270.29998779296875,266.5400085449219,267.5400085449219,1496000
GD,2025-03-20,258.327880859375,265.70001220703125,267.45001220703125,264.54998779296875,266.1499938964844,1251500
GD,2025-03-21,256.1014404296875,263.4100036621094,265.2900085449219,260.19000244140625,264.5299987792969,3313600
GD,2025-03-24,258.5029296875,265.8800048828125,266.2099914550781,263.6000061035156,265.0,1023200
GD,2025-03-25,260.11688232421875,267.5400085449219,268.0,264.510009765625,265.9100036621094,911900
GD,2025-03-26,262.1002197265625,269.5799865722656,270.57000732421875,268.57000732421875,269.1499938964844,1139900
GD,2025-03-27,262.0126953125,269.489990234375,271.29998779296875,268.69000244140625,270.0,802100
GD,2025-03-28,261.6141052246094,269.0799865722656,270.2099914550781,267.57000732421875,269.0199890136719,1240400
GD,2025-03-31,265.0169677734375,272.5799865722656,273.95001220703125,268.7900085449219,269.0199890136719,1853700
GD,2025-04-01,266.5337219238281,274.1400146484375,274.7900085449219,271.3699951171875,272.5799865722656,1470300
GD,2025-04-02,268.38104248046875,276.0400085449219,278.2699890136719,271.25,271.7300109863281,1350000
GD,2025-04-03,262.1391296386719,269.6199951171875,279.0899963378906,268.989990234375,273.92999267578125,1416700
GD,2025-04-04,243.07321166992188,250.00999450683594,265.7300109863281,249.75,264.9599914550781,3232200
GD,2025-04-07,240.80787658691406,247.67999267578125,253.25,239.1999969482422,244.66000366210938,2328400
GD,2025-04-08,247.3414306640625,254.39999389648438,260.989990234375,251.66000366210938,257.0199890136719,2277200
GD,2025-04-09,263.98638916015625,271.5199890136719,272.75,249.9199981689453,249.9199981689453,2676600
GD,2025-04-10,264.2781066894531,271.82000732421875,274.6099853515625,263.0299987792969,269.0,2094300
GD,2025-04-11,270.46661376953125,276.6499938964844,277.7699890136719,267.2300109863281,270.32000732421875,1568500
GD,2025-04-14,272.54901123046875,278.7799987792969,280.3900146484375,273.8900146484375,276.8299865722656,1244600
GD,2025-04-15,270.9456481933594,277.1400146484375,280.92999267578125,276.32000732421875,277.9100036621094,1544800
GD,2025-04-16,270.44708251953125,276.6300048828125,280.7900085449219,275.2099914550781,277.55999755859375,1964500
GD,2025-04-17,269.9093322753906,276.0799865722656,278.4100036621094,273.3500061035156,275.5400085449219,1722000
GD,2025-04-21,267.0741882324219,273.17999267578125,276.260009765625,270.6000061035156,275.010009765625,1423100
GD,2025-04-22,268.657958984375,274.79998779296875,275.6700134277344,266.8900146484375,271.67999267578125,3048600
GD,2025-04-23,259.7906799316406,265.7300109863281,272.8800048828125,263.6000061035156,271.6300048828125,2245700
GD,2025-04-24,265.63702392578125,271.7099914550781,272.2699890136719,262.8399963378906,264.92999267578125,1835000
GD,2025-04-25,265.8912048339844,271.9700012207031,273.5199890136719,268.17999267578125,273.3299865722656,947600
GD,2025-04-28,265.8619079589844,271.94000244140625,275.1000061035156,269.6300048828125,272.92999267578125,1031000
GD,2025-04-29,265.9987487792969,272.0799865722656,273.3999938964844,270.9200134277344,272.0,1002000
GD,2025-04-30,266.037841796875,272.1199951171875,273.0299987792969,268.2900085449219,272.8500061035156,1388800
GD,2025-05-01,265.4414978027344,271.510009765625,273.2799987792969,269.239990234375,271.510009765625,1319900
GD,2025-05-02,266.9275207519531,273.0299987792969,276.239990234375,266.9800109863281,275.0,1637700
GD,2025-05-05,266.05743408203125,272.1400146484375,274.1600036621094,271.6700134277344,273.70001220703125,1156500
GD,2025-05-06,264.56158447265625,270.6099853515625,272.0,268.45001220703125,271.239990234375,994500
GD,2025-05-07,263.42755126953125,269.45001220703125,271.4800109863281,268.2200012207031,270.1000061035156,861600
GD,2025-05-08,265.9010009765625,271.9800109863281,274.57000732421875,269.92999267578125,269.92999267578125,1339500
GD,2025-05-09,265.4903564453125,271.55999755859375,273.6700134277344,269.4100036621094,273.3500061035156,1029100
GD,2025-05-12,270.06573486328125,276.239990234375,276.4800109863281,269.5,274.1000061035156,1158900
GD,2025-05-13,266.917724609375,273.0199890136719,277.0,272.9700012207031,275.9599914550781,1100700
GD,2025-05-14,264.63983154296875,270.69000244140625,273.2200012207031,267.3900146484375,272.6000061035156,1000700
GD,2025-05-15,272.2850341796875,278.510009765625,278.8900146484375,271.29998779296875,272.54998779296875,1396800
GD,2025-05-16,274.43585205078125,280.7099914550781,280.7200012207031,278.3500061035156,280.1600036621094,1173800
GD,2025-05-19,275.08111572265625,281.3699951171875,282.9100036621094,279.29998779296875,280.7200012207031,802100
GD,2025-05-20,275.2766418457031,281.57000732421875,282.8800048828125,280.1700134277344,280.1700134277344,734700
GD,2025-05-21,271.4931640625,277.70001220703125,281.9599914550781,276.8999938964844,281.010009765625,997100
GD,2025-05-22,270.838134765625,277.0299987792969,278.7900085449219,275.2099914550781,276.9700012207031,1034800
GD,2025-05-23,268.60906982421875,274.75,275.6300048828125,273.260009765625,274.75,835900
GD,2025-05-27,272.98895263671875,279.2300109863281,279.82000732421875,276.30999755859375,277.04998779296875,1053300
GD,2025-05-28,267.52392578125,273.6400146484375,280.0,273.2099914550781,279.6499938964844,1006100
GD,2025-05-29,269.04901123046875,275.20001220703125,275.45001220703125,271.19000244140625,272.95001220703125,992200
GD,2025-05-30,272.2654724121094,278.489990234375,278.95001220703125,274.1199951171875,275.55999755859375,1657500
GD,2025-06-02,269.547607421875,275.7099914550781,277.8399963378906,273.8599853515625,277.8399963378906,1001600
GD,2025-06-03,269.8702392578125,276.0400085449219,276.8599853515625,273.5799865722656,275.760009765625,1051000
GD,2025-06-04,268.8828430175781,275.0299987792969,277.32000732421875,274.80999755859375,276.54998779296875,772500
GD,2025-06-05,268.28643798828125,274.4200134277344,275.9700012207031,272.6499938964844,275.9700012207031,871000
GD,2025-06-06,270.3004150390625,276.4800109863281,278.07000732421875,275.19000244140625,275.4800109863281,647000
GD,2025-06-09,271.1118469238281,277.30999755859375,278.07000732421875,273.80999755859375,276.2300109863281,789600
GD,2025-06-10,271.1705017089844,277.3699951171875,278.8500061035156,276.1700134277344,277.7300109863281,1008300
GD,2025-06-11,269.6649169921875,275.8299865722656,277.010009765625,268.1000061035156,276.4599914550781,970000
GD,2025-06-12,273.6733093261719,279.92999267578125,279.9599914550781,274.8800048828125,275.2200012207031,753700
GD,2025-06-13,276.6746826171875,283.0,286.79998779296875,281.8599853515625,284.5,1649100
GD,2025-06-16,273.047607421875,279.2900085449219,283.989990234375,278.2300109863281,283.2300109863281,927500
GD,2025-06-17,275.0126647949219,281.29998779296875,281.8299865722656,277.3599853515625,280.0799865722656,984200
GD,2025-06-18,272.30462646484375,278.5299987792969,283.8699951171875,278.260009765625,281.29998779296875,731900
GD,2025-06-20,272.54901123046875,278.7799987792969,280.0799865722656,275.489990234375,279.45001220703125,1518700
GD,2025-06-23,276.0099182128906,282.32000732421875,283.3800048828125,279.6400146484375,280.0799865722656,1205600
GD,2025-06-24,274.7682189941406,281.04998779296875,281.9700012207031,278.2300109863281,280.5299987792969,1127300
GD,2025-06-25,279.5196533203125,285.9100036621094,287.25,281.1300048828125,283.54998779296875,2205900
GD,2025-06-26,284.877197265625,291.3900146484375,292.9100036621094,286.3599853515625,287.489990234375,1857700
GD,2025-06-27,284.24169921875,290.739990234375,291.6000061035156,288.6199951171875,289.8299865722656,2268300
GD,2025-06-30,285.1410827636719,291.6600036621094,293.1400146484375,290.6499938964844,291.57000732421875,1184100
GD,2025-07-01,287.80029296875,294.3800048828125,294.3999938964844,289.3999938964844,291.6300048828125,1468700
GD,2025-07-02,287.35064697265625,293.9200134277344,294.3299865722656,290.29998779296875,294.1199951171875,1086600
GD,2025-07-03,289.6500244140625,294.760009765625,295.42999267578125,292.3399963378906,293.07000732421875,646600
GD,2025-07-07,289.54193115234375,294.6499938964844,297.7200012207031,293.7200012207031,295.010009765625,978700
GD,2025-07-08,291.5072326660156,296.6499938964844,301.54998779296875,295.5,296.8699951171875,1427200
GD,2025-07-09,294.7598876953125,299.9599914550781,300.0,296.8399963378906,297.92999267578125,1134400
GD,2025-07-10,298.12060546875,303.3800048828125,304.2200012207031,298.9200134277344,299.92999267578125,1362800
GD,2025-07-11,296.9610900878906,302.20001220703125,303.3699951171875,301.2099914550781,302.8999938964844,952500
GD,2025-07-14,299.56512451171875,304.8500061035156,305.7300109863281,301.44000244140625,302.1000061035156,1147100
GD,2025-07-15,295.6344909667969,300.8500061035156,305.3299865722656,300.7200012207031,304.3999938964844,1146900
GD,2025-07-16,294.7991638183594,300.0,302.0,297.8900146484375,301.1400146484375,1142900
GD,2025-07-17,294.88763427734375,300.0899963378906,301.5400085449219,298.510009765625,300.0,1227400
GD,2025-07-18,293.796875,298.9800109863281,301.510009765625,297.7699890136719,300.6000061035156,1636200
GD,2025-07-21,291.90032958984375,297.04998779296875,300.0,296.9599914550781,298.9700012207031,1065800
GD,2025-07-22,292.4407958984375,297.6000061035156,298.9100036621094,293.95001220703125,295.17999267578125,1597400
GD,2025-07-23,311.4455261230469,316.94000244140625,318.7699890136719,308.6300048828125,310.0,2415400
GD,2025-07-24,308.7923278808594,314.239990234375,322.5,314.0,319.0,1641400
GD,2025-07-25,308.5761413574219,314.0199890136719,314.9800109863281,311.0,314.0400085449219,1218100
GD,2025-07-28,307.672119140625,313.1000061035156,313.6700134277344,311.0799865722656,313.6700134277344,1153600
GD,2025-07-29,309.244384765625,314.70001220703125,316.9599914550781,313.42999267578125,316.0,1140800
GD,2025-07-30,306.76800537109375,312.17999267578125,315.3699951171875,310.4700012207031,315.1000061035156,1518000
GD,2025-07-31,306.2079162597656,311.6099853515625,313.30999755859375,310.29998779296875,311.3500061035156,1647900
GD,2025-08-01,305.3529968261719,310.739990234375,311.3500061035156,306.0299987792969,309.6499938964844,891100
GD,2025-08-04,307.35760498046875,312.7799987792969,313.20001220703125,310.3299865722656,311.0299987792969,852300
GD,2025-08-05,308.3206481933594,313.760009765625,314.6700134277344,311.9800109863281,312.20001220703125,1017700
GD,2025-08-06,309.5293273925781,314.989990234375,317.0,313.0,314.9800109863281,893400
GD,2025-08-07,307.3085021972656,312.7300109863281,314.70001220703125,309.7300109863281,314.0,954400
GD,2025-08-08,308.6842346191406,314.1300048828125,315.80999755859375,312.82000732421875,312.9800109863281,1157300
GD,2025-08-11,309.4703674316406,314.92999267578125,315.1000061035156,313.20001220703125,313.989990234375,1004600
GD,2025-08-12,308.5663146972656,314.010009765625,315.3599853515625,312.2099914550781,314.4800109863281,1034400
GD,2025-08-13,311.9859924316406,317.489990234375,317.7300109863281,313.9200134277344,314.75,813500
GD,2025-08-14,310.3645935058594,315.8399963378906,321.0,315.8399963378906,319.6300048828125,843100
GD,2025-08-15,308.2518615722656,313.69000244140625,315.9599914550781,313.30999755859375,315.9599914550781,900500
GD,2025-08-18,308.1437683105469,313.5799865722656,316.1199951171875,313.1499938964844,313.75,818300
GD,2025-08-19,310.91485595703125,316.3999938964844,316.4700012207031,312.6600036621094,312.67999267578125,748400
GD,2025-08-20,311.97613525390625,317.4800109863281,318.6400146484375,316.44000244140625,317.3999938964844,798900
GD,2025-08-21,311.0426330566406,316.5299987792969,318.1000061035156,315.8399963378906,316.8699951171875,717500
GD,2025-08-22,314.0692138671875,319.6099853515625,320.8800048828125,317.6099853515625,318.2200012207031,917200
GD,2025-08-25,314.3443908691406,319.8900146484375,322.20001220703125,319.8299865722656,319.8399963378906,804100
GD,2025-08-26,316.5946960449219,322.17999267578125,322.8500061035156,319.0,319.0,952100
GD,2025-08-27,319.81781005859375,325.4599914550781,325.82000732421875,322.80999755859375,322.80999755859375,846900
GD,2025-08-28,319.27734375,324.9100036621094,326.0199890136719,323.1300048828125,325.5199890136719,801100
GD,2025-08-29,318.9432678222656,324.57000732421875,326.0,323.7099914550781,325.1499938964844,670200
GD,2025-09-02,318.7663879394531,324.3900146484375,324.8800048828125,322.0199890136719,324.3800048828125,874200
GD,2025-09-03,317.2137451171875,322.80999755859375,324.44000244140625,321.1600036621094,324.1600036621094,658000
GD,2025-09-04,316.85015869140625,322.44000244140625,323.760009765625,320.9100036621094,323.2699890136719,943800
GD,2025-09-05,317.2628479003906,322.8599853515625,324.2099914550781,320.3599853515625,324.0,860900
GD,2025-09-08,317.12530517578125,322.7200012207031,323.1400146484375,319.7300109863281,322.5,810300
GD,2025-09-09,315.7593994140625,321.3299865722656,322.3999938964844,318.80999755859375,321.8999938964844,789700
GD,2025-09-10,317.4495849609375,323.04998779296875,323.7699890136719,320.6499938964844,320.7799987792969,709100
GD,2025-09-11,323.90570068359375,329.6199951171875,330.0,322.1099853515625,322.92999267578125,834100
GD,2025-09-12,320.495849609375,326.1499938964844,330.17999267578125,325.7699890136719,330.0,578800
GD,2025-09-15,321.31146240234375,326.9800109863281,328.2699890136719,325.67999267578125,326.5,694800
GD,2025-09-16,320.74151611328125,326.3999938964844,329.4599914550781,325.9599914550781,327.8500061035156,1350700
GD,2025-09-17,319.64093017578125,325.2799987792969,328.4700012207031,324.5400085449219,326.7799987792969,1343800
GD,2025-09-18,318.9432678222656,324.57000732421875,325.4200134277344,322.4800109863281,323.9700012207031,1096300
GD,2025-09-19,318.46173095703125,324.0799865722656,325.7099914550781,321.9200134277344,325.3599853515625,2654500
GD,2025-09-22,317.0663757324219,322.6600036621094,324.2799987792969,320.9100036621094,323.0,1354900
GD,2025-09-23,317.5970153808594,323.20001220703125,325.739990234375,321.1199951171875,322.6099853515625,1250600
GD,2025-09-24,318.0097351074219,323.6199951171875,325.45001220703125,321.260009765625,321.8699951171875,1452400
GD,2025-09-25,318.8056640625,324.42999267578125,328.5199890136719,322.5,325.32000732421875,1014000
GD,2025-09-26,324.61322021484375,330.3399963378906,330.6300048828125,326.2099914550781,326.42999267578125,1043600
GD,2025-09-29,326.4114990234375,332.1700134277344,337.5199890136719,331.3299865722656,335.0,1693100
GD,2025-09-30,335.0884094238281,341.0,341.0199890136719,332.1300048828125,332.1300048828125,1622800
GD,2025-10-01,334.8427429199219,340.75,341.19000244140625,336.30999755859375,337.8999938964844,1162500
GD,2025-10-02,335.1375427246094,341.04998779296875,341.67999267578125,338.07000732421875,339.55999755859375,942900
GD,2025-10-03,337.6629943847656,343.6199951171875,345.2200012207031,341.25,341.9700012207031,710200
GD,2025-10-06,340.4930725097656,346.5,347.3699951171875,343.3900146484375,344.5199890136719,885900
GD,2025-10-07,337.4762878417969,343.42999267578125,347.3699951171875,342.8500061035156,344.55999755859375,740600
GD,2025-10-08,340.4341125488281,346.44000244140625,347.239990234375,343.42999267578125,345.2200012207031,773900
GD,2025-10-09,336.8277282714844,342.7699890136719,347.32000732421875,342.2300109863281,346.2799987792969,798300
GD,2025-10-10,328.6061706542969,332.94000244140625,342.0,332.79998779296875,340.8599853515625,927300
GD,2025-10-13,330.0373229980469,334.3900146484375,336.79998779296875,332.239990234375,333.1000061035156,839200
GD,2025-10-14,331.1328430175781,335.5,338.7799987792969,333.0,333.6300048828125,862600
GD,2025-10-15,327.7178649902344,332.0400085449219,339.989990234375,327.3299865722656,335.92999267578125,1018300
GD,2025-10-16,326.2867736816406,330.5899963378906,333.3800048828125,329.510009765625,332.44000244140625,787800
GD,2025-10-17,326.8394775390625,331.1499938964844,332.1600036621094,328.2099914550781,328.9200134277344,916700
GD,2025-10-20,332.8008728027344,337.19000244140625,337.94000244140625,331.760009765625,333.0,823600
GD,2025-10-21,336.2552795410156,340.69000244140625,341.7699890136719,337.9100036621094,337.9100036621094,946500
GD,2025-10-22,333.837158203125,338.239990234375,342.2799987792969,338.0899963378906,341.239990234375,1171900
GD,2025-10-23,337.0547180175781,341.5,342.70001220703125,339.25,339.55999755859375,1198900
GD,2025-10-24,346.20404052734375,350.7699890136719,360.5,343.5199890136719,357.0,2098000
GD,2025-10-27,349.1650085449219,353.7699890136719,355.8399963378906,346.3299865722656,353.7799987792969,1674900
GD,2025-10-28,342.16729736328125,346.67999267578125,352.6499938964844,346.6000061035156,352.0299987792969,926600
GD,2025-10-29,339.0090026855469,343.4800109863281,346.0799865722656,339.7799987792969,345.260009765625,1712200
GD,2025-10-30,340.1736145019531,344.6600036621094,349.25,343.8599853515625,344.1000061035156,1303800
GD,2025-10-31,340.4104919433594,344.8999938964844,345.42999267578125,341.3500061035156,344.55999755859375,1520300
GD,2025-11-03,337.419921875,341.8699951171875,344.04998779296875,339.44000244140625,344.0,1352400
GD,2025-11-04,338.99908447265625,343.4700012207031,345.2300109863281,339.0,340.7900085449219,1254500
GD,2025-11-05,338.4464111328125,342.9100036621094,346.5400085449219,341.04998779296875,342.3800048828125,1088700
GD,2025-11-06,335.8703308105469,340.29998779296875,344.2900085449219,339.739990234375,343.1099853515625,899000
GD,2025-11-07,341.83172607421875,346.3399963378906,347.1499938964844,338.82000732421875,341.80999755859375,1209000
GD,2025-11-10,344.94073486328125,349.489990234375,349.9800109863281,344.3399963378906,345.9100036621094,923900
GD,2025-11-11,347.83258056640625,352.4200134277344,353.489990234375,348.0899963378906,349.4599914550781,670600
GD,2025-11-12,344.9012756347656,349.45001220703125,353.739990234375,349.3800048828125,351.8999938964844,941400
GD,2025-11-13,339.5813903808594,344.05999755859375,350.0,342.75,349.5799865722656,975500
GD,2025-11-14,339.7689514160156,344.25,345.5899963378906,339.1000061035156,341.8299865722656,1081500
GD,2025-11-17,337.3310852050781,341.7799987792969,346.7699890136719,341.239990234375,345.6700134277344,909100
GD,2025-11-18,336.84747314453125,341.2900085449219,344.8999938964844,340.5400085449219,343.57000732421875,1208700
GD,2025-11-19,338.59442138671875,343.05999755859375,343.3800048828125,336.2900085449219,339.2699890136719,1253500
GD,2025-11-20,335.02154541015625,339.44000244140625,349.4700012207031,338.92999267578125,347.1300048828125,892300
GD,2025-11-21,335.9098205566406,340.3399963378906,342.2099914550781,335.45001220703125,339.010009765625,1358300
GD,2025-11-24,333.7286071777344,338.1300048828125,339.92999267578125,334.3500061035156,337.19000244140625,1476500
GD,2025-11-25,336.6303405761719,341.07000732421875,343.05999755859375,338.7900085449219,338.7900085449219,1498700
GD,2025-11-26,335.61376953125,340.0400085449219,342.29998779296875,338.7900085449219,341.1400146484375,693400
GD,2025-11-28,337.18304443359375,341.6300048828125,342.0899963378906,339.6000061035156,340.4700012207031,361400
GD,2025-12-01,328.053466796875,332.3800048828125,340.30999755859375,332.0799865722656,339.6300048828125,1193600
GD,2025-12-02,331.42889404296875,335.79998779296875,337.4100036621094,332.8999938964844,334.3399963378906,980200
GD,2025-12-03,333.6792297363281,338.0799865722656,338.4800109863281,333.5299987792969,336.75,985200
GD,2025-12-04,337.25213623046875,341.70001220703125,342.8299865722656,338.19000244140625,338.19000244140625,1412700
GD,2025-12-05,332.9192810058594,337.30999755859375,341.5,333.989990234375,341.010009765625,1317800
GD,2025-12-08,331.6361999511719,336.010009765625,339.04998779296875,334.3500061035156,337.95001220703125,1435600
GD,2025-12-09,329.9188232421875,334.2699890136719,339.1499938964844,333.6199951171875,335.9700012207031,1033800
GD,2025-12-10,337.7752380371094,342.2300109863281,344.94000244140625,333.5299987792969,333.739990234375,1654500
GD,2025-12-11,337.0350036621094,341.4800109863281,344.5299987792969,340.1199951171875,342.3599853515625,1326100
GD,2025-12-12,333.096923828125,337.489990234375,341.95001220703125,336.7300109863281,340.8599853515625,1226900
GD,2025-12-15,336.2552795410156,340.69000244140625,341.2200012207031,337.3699951171875,338.32000732421875,1382500
GD,2025-12-16,333.096923828125,337.489990234375,342.5199890136719,334.7200012207031,342.3999938964844,966300
GD,2025-12-17,332.031005859375,336.4100036621094,339.5299987792969,333.04998779296875,336.4100036621094,1003700
GD,2025-12-18,332.9488830566406,337.3399963378906,340.42999267578125,336.44000244140625,337.2200012207031,992700
GD,2025-12-19,334.94256591796875,339.3599853515625,341.4200134277344,337.0,337.8699951171875,2663400
GD,2025-12-22,340.69671630859375,345.19000244140625,345.6700134277344,337.44000244140625,338.8699951171875,1197900
GD,2025-12-23,339.3642578125,343.8399963378906,347.44000244140625,343.17999267578125,345.6700134277344,1246800
GD,2025-12-24,340.8941345214844,345.3900146484375,346.2699890136719,343.510009765625,343.5299987792969,314000
GD,2025-12-26,337.74566650390625,342.20001220703125,346.07000732421875,341.42999267578125,344.8699951171875,464500
GD,2025-12-29,336.04803466796875,340.4800109863281,343.7300109863281,340.3500061035156,341.94000244140625,783200
GD,2025-12-30,335.0511779785156,339.4700012207031,341.0,339.2099914550781,340.3800048828125,662500
GD,2025-12-31,332.27777099609375,336.6600036621094,340.989990234375,336.4800109863281,340.07000732421875,522900
GD,2026-01-02,338.92999267578125,343.3999938964844,343.4700012207031,334.2799987792969,336.5400085449219,972200
GD,2026-01-05,350.9317321777344,355.55999755859375,356.32000732421875,346.0299987792969,347.9200134277344,1912200
GD,2026-01-06,356.0146789550781,360.7099914550781,361.94000244140625,356.9700012207031,357.8900146484375,1387400
GD,2026-01-07,341.140869140625,345.6400146484375,363.0,345.3399963378906,362.0,2049800
GD,2026-01-08,346.8653564453125,351.44000244140625,367.6600036621094,350.6199951171875,356.7699890136719,2630200
GD,2026-01-09,349.2834777832031,353.8900146484375,356.75,351.6499938964844,352.94000244140625,2019700
GD,2026-01-12,356.24169921875,360.94000244140625,361.1000061035156,354.2900085449219,356.3500061035156,1548100
GD,2026-01-13,358.5709533691406,363.29998779296875,366.1300048828125,359.989990234375,365.1099853515625,1247400
GD,2026-01-14,361.2358093261719,366.0,366.010009765625,359.6700134277344,361.8800048828125,1167200
GD,2026-01-15,363.89080810546875,368.69000244140625,368.7799987792969,360.1300048828125,365.2699890136719,1503500
GD,2026-01-16,364.0791015625,367.3800048828125,369.70001220703125,365.4200134277344,367.2699890136719,1904200
GD,2026-01-20,355.94287109375,359.1700134277344,369.0,358.5199890136719,366.25,1704000
GD,2026-01-21,361.50244140625,364.7799987792969,367.010009765625,359.75,360.17999267578125,1076200
GD,2026-01-22,362.54302978515625,365.8299865722656,366.989990234375,362.6300048828125,364.80999755859375,869600
GD,2026-01-23,360.0060119628906,363.2699890136719,369.0,361.760009765625,366.5899963378906,1181600
GD,2026-01-26,360.2735900878906,363.5400085449219,364.6700134277344,360.0,363.30999755859375,1485500
GD,2026-01-27,363.3258972167969,366.6199951171875,367.9700012207031,362.1000061035156,364.5,1389800
GD,2026-01-28,353.4752197265625,356.67999267578125,359.6700134277344,343.79998779296875,351.7900085449219,2327000
GD,2026-01-29,346.80572509765625,349.95001220703125,359.0799865722656,346.55999755859375,353.9599914550781,1766900
GD,2026-01-30,347.9354553222656,351.0899963378906,353.2799987792969,347.1600036621094,347.25,2058300
GD,2026-02-02,343.25787353515625,346.3699951171875,350.5199890136719,344.0199890136719,349.2900085449219,1571400
GD,2026-02-03,352.1175231933594,355.30999755859375,355.79998779296875,346.9800109863281,349.0799865722656,1899200
GD,2026-02-04,350.1949768066406,353.3699951171875,357.2300109863281,346.80999755859375,355.55999755859375,1647300
GD,2026-02-05,348.8868103027344,352.04998779296875,356.6300048828125,347.80999755859375,350.6000061035156,1215500
GD,2026-02-06,356.83477783203125,360.07000732421875,361.6499938964844,354.0199890136719,354.54998779296875,1095800
GD,2026-02-09,356.864501953125,360.1000061035156,363.3699951171875,359.6000061035156,360.3999938964844,807400
GD,2026-02-10,355.60589599609375,358.8299865722656,361.5,356.2799987792969,361.489990234375,694200
GD,2026-02-11,343.2281188964844,346.3399963378906,361.4200134277344,345.1199951171875,361.0899963378906,1952500
GD,2026-02-12,337.6883850097656,340.75,352.5400085449219,340.3599853515625,348.7200012207031,2063500
GD,2026-02-13,344.5164489746094,347.6400146484375,349.44000244140625,341.6600036621094,341.9700012207031,1533600
GD,2026-02-17,339.4424743652344,342.5199890136719,350.0,340.0899963378906,346.9700012207031,1699800
GD,2026-02-18,346.3498229980469,349.489990234375,349.54998779296875,343.67999267578125,344.8599853515625,1232200
GD,2026-02-19,351.15625,354.3399963378906,356.3900146484375,348.1199951171875,348.1199951171875,918400
GD,2026-02-20,348.26251220703125,351.4200134277344,354.6499938964844,348.69000244140625,354.2099914550781,894600
GD,2026-02-23,345.84442138671875,348.9800109863281,354.0,348.2900085449219,352.3500061035156,858900
GD,2026-02-24,348.0246276855469,351.17999267578125,353.0400085449219,346.0,347.9800109863281,682100
GD,2026-02-25,340.0569152832031,343.1400146484375,352.8999938964844,337.32000732421875,352.0400085449219,1281900
GD,2026-02-26,347.56878662109375,350.7200012207031,350.75,341.7699890136719,344.4800109863281,1005800
GD,2026-02-27,353.8418884277344,357.04998779296875,357.7900085449219,348.8800048828125,351.1199951171875,1201700
GD,2026-03-02,361.50244140625,364.7799987792969,366.07000732421875,359.1600036621094,362.42999267578125,1508300
GD,2026-03-03,361.4231872558594,364.70001220703125,366.5,358.2099914550781,363.0899963378906,1850300
GD,2026-03-04,362.8304138183594,366.1199951171875,366.75,359.2799987792969,366.0,1263000
GD,2026-03-05,357.4591064453125,360.70001220703125,366.1099853515625,354.5400085449219,364.510009765625,1438800
GD,2026-03-06,360.22406005859375,363.489990234375,364.3999938964844,354.5199890136719,360.2200012207031,1161800
GD,2026-03-09,358.72760009765625,361.9800109863281,364.0,355.5799865722656,362.5299987792969,1444600
GD,2026-03-10,352.39501953125,355.5899963378906,361.3599853515625,354.69000244140625,359.8399963378906,973200
GD,2026-03-11,350.6706848144531,353.8500061035156,356.0,351.17999267578125,352.9100036621094,991800
GD,2026-03-12,352.03826904296875,355.2300109863281,357.54998779296875,349.0,349.57000732421875,1227500
GD,2026-03-13,348.361572265625,351.5199890136719,359.82000732421875,350.4100036621094,357.4599914550781,985400
GD,2026-03-16,351.17608642578125,354.3599853515625,357.2300109863281,351.4100036621094,353.04998779296875,1185600
GD,2026-03-17,353.0887451171875,356.2900085449219,356.7900085449219,352.2799987792969,354.760009765625,1017500
GD,2026-03-18,350.18505859375,353.3599853515625,358.6000061035156,353.3599853515625,357.17999267578125,1381900
GD,2026-03-19,346.48858642578125,349.6300048828125,352.010009765625,343.5899963378906,350.0,1029800
GD,2026-03-20,342.6731872558594,345.7799987792969,352.04998779296875,343.0799865722656,349.010009765625,2893900
GD,2026-03-23,344.2488708496094,347.3699951171875,351.489990234375,342.82000732421875,350.54998779296875,1109000
GD,2026-03-24,343.119140625,346.2300109863281,348.4200134277344,343.7799987792969,344.239990234375,1145000
GD,2026-03-25,349.3327941894531,352.5,354.1000061035156,347.75,349.55999755859375,1702600
GD,2026-03-26,352.0877990722656,355.2799987792969,356.4200134277344,351.7300109863281,351.95001220703125,1446600
GD,2026-03-27,343.6443786621094,346.760009765625,355.6700134277344,345.67999267578125,353.7200012207031,1505600
GD,2026-03-30,337.72802734375,340.7900085449219,352.25,337.80999755859375,350.70001220703125,1561500
GD,2026-03-31,340.13616943359375,343.2200012207031,348.7099914550781,340.19000244140625,344.6300048828125,1806600
GD,2026-04-01,347.3804931640625,350.5299987792969,353.0299987792969,345.1000061035156,346.80999755859375,1118000
GD,2026-04-02,345.95343017578125,349.0899963378906,352.8999938964844,347.04998779296875,347.5,1102800
GD,2026-04-06,348.2327880859375,351.3900146484375,351.8399963378906,346.19000244140625,348.4100036621094,768900
GD,2026-04-07,345.2993469238281,348.42999267578125,350.9700012207031,345.92999267578125,349.4700012207031,675000
GD,2026-04-08,346.87506103515625,350.0199890136719,350.3399963378906,343.0,346.8599853515625,1462200
GD,2026-04-09,340.8100280761719,343.8999938964844,350.42999267578125,343.5199890136719,348.1700134277344,1399900
GD,2026-04-10,333.6814270019531,335.1499938964844,342.9800109863281,332.760009765625,342.30999755859375,1695100
GD,2026-04-13,339.266845703125,340.760009765625,341.3800048828125,336.25,336.5899963378906,1622600
GD,2026-04-14,338.3907165527344,339.8800048828125,340.6499938964844,337.6499938964844,340.6499938964844,1154100
GD,2026-04-15,337.39508056640625,338.8800048828125,341.8900146484375,337.0899963378906,340.5400085449219,1305200
GD,2026-04-16,333.45245361328125,334.9200134277344,341.29998779296875,331.9200134277344,340.0,1540100
GD,2026-04-17,334.8164367675781,336.2900085449219,338.5899963378906,334.0199890136719,334.80999755859375,1309700
GD,2026-04-20,330.68463134765625,332.1400146484375,337.0799865722656,331.30999755859375,335.45001220703125,1026700
GD,2026-04-21,324.0936279296875,325.5199890136719,331.04998779296875,323.9700012207031,330.4700012207031,1636200
GD,2026-04-22,319.3345642089844,320.739990234375,328.7799987792969,317.6499938964844,327.45001220703125,1578000
GD,2026-04-23,317.3134460449219,318.7099914550781,322.95001220703125,315.5400085449219,321.3500061035156,1632800
GD,2026-04-24,311.8375549316406,313.2099914550781,317.0899963378906,310.6099853515625,316.6400146484375,1300900
GD,2026-04-27,311.1605529785156,312.5299987792969,318.8299865722656,312.0299987792969,313.42999267578125,1411900
GD,2026-04-28,312.3055114746094,313.67999267578125,314.75,306.7699890136719,313.94000244140625,2169700
GD,2026-04-29,337.2457580566406,338.7300109863281,349.6099853515625,333.9100036621094,338.0799865722656,3587700
GD,2026-04-30,342.79132080078125,344.29998779296875,345.25,338.55999755859375,340.1600036621094,2029800
GD,2026-05-01,344.3245849609375,345.8399963378906,347.0400085449219,341.5299987792969,345.4800109863281,1480900
GD,2026-05-04,347.5503845214844,349.0799865722656,353.57000732421875,343.0400085449219,344.1400146484375,1640400
GD,2026-05-05,347.6300354003906,349.1600036621094,351.4100036621094,344.3800048828125,351.0899963378906,1162900
GD,2026-05-06,345.7483215332031,347.2699890136719,350.04998779296875,344.07000732421875,349.7099914550781,1566600
GD,2026-05-07,346.2361755371094,347.760009765625,349.0,344.2799987792969,347.25,1361300
GD,2026-05-08,345.0115661621094,346.5299987792969,348.8500061035156,344.010009765625,347.6499938964844,1558400
GD,2026-05-11,342.52252197265625,344.0299987792969,348.6099853515625,341.80999755859375,345.239990234375,1895600
GD,2026-05-12,344.9418640136719,346.4599914550781,348.010009765625,342.75,343.54998779296875,1089600
GD,2026-05-13,339.86419677734375,341.3599853515625,343.94000244140625,339.9800109863281,343.94000244140625,898300
GD,2026-05-14,339.12744140625,340.6199951171875,343.989990234375,339.1700134277344,340.8699951171875,960400
GD,2026-05-15,333.0342712402344,334.5,341.9100036621094,333.2900085449219,339.8800048828125,1236400
GD,2026-05-18,341.6065368652344,343.1099853515625,343.4599914550781,334.010009765625,335.05999755859375,984800
GD,2026-05-19,338.6495666503906,340.1400146484375,343.2200012207031,339.1199951171875,343.0899963378906,748100
GD,2026-05-20,338.2612609863281,339.75,342.8800048828125,337.4599914550781,341.20001220703125,780200
GD,2026-05-21,337.225830078125,338.7099914550781,339.9700012207031,334.6600036621094,338.0,612000
GD,2026-05-22,341.38751220703125,342.8900146484375,344.4700012207031,338.510009765625,341.1400146484375,689300
GD,2026-05-26,343.1298522949219,344.6400146484375,345.2699890136719,341.32000732421875,345.0400085449219,1270000
GD,2026-05-27,341.1883850097656,342.69000244140625,344.8999938964844,341.7099914550781,344.3599853515625,752600
GD,2026-05-28,347.430908203125,348.9599914550781,351.3599853515625,342.5,345.8900146484375,1097900
GD,2026-05-29,345.30029296875,346.82000732421875,349.5199890136719,345.45001220703125,348.55999755859375,1245300
GD,2026-06-01,337.71368408203125,339.20001220703125,344.32000732421875,338.1700134277344,343.3500061035156,854600
GD,2026-06-02,336.1306457519531,337.6099853515625,340.2900085449219,335.7799987792969,336.3800048828125,961400
GD,2026-06-03,335.5631408691406,337.0400085449219,341.9700012207031,335.0199890136719,335.7099914550781,878900
GD,2026-06-04,340.00360107421875,341.5,343.8999938964844,340.1199951171875,340.3800048828125,1394700
GD,2026-06-05,344.9219665527344,346.44000244140625,347.32000732421875,342.75,343.1400146484375,1192100
GD,2026-06-08,339.36639404296875,340.8599853515625,347.19000244140625,339.2699890136719,345.3399963378906,876200
GD,2026-06-09,344.165283203125,345.67999267578125,346.75,340.8699951171875,340.8699951171875,1423200
GD,2026-06-10,339.57550048828125,341.07000732421875,349.0,341.0,349.0,761400
GD,2026-06-11,357.2875061035156,358.8599853515625,363.8299865722656,346.19000244140625,348.80999755859375,1708900
GD,2026-06-12,358.6415710449219,360.2200012207031,363.3999938964844,356.1499938964844,360.8500061035156,988100
GD,2026-06-15,357.95458984375,359.5299987792969,362.5,357.2099914550781,360.6000061035156,1585800
GD,2026-06-16,362.5145263671875,364.1099853515625,365.4200134277344,359.25,361.1499938964844,1127700
GD,2026-06-17,361.2401123046875,362.8299865722656,366.79998779296875,361.20001220703125,361.3399963378906,1340600
GD,2026-06-18,348.476318359375,350.010009765625,367.0,348.8299865722656,365.260009765625,4242200
GD,2026-06-22,341.8554382324219,343.3599853515625,348.17999267578125,340.80999755859375,347.0799865722656,1674200
GD,2026-06-23,348.80487060546875,350.3399963378906,350.7799987792969,344.44000244140625,346.0,1354200
GD,2026-06-24,342.8112487792969,344.32000732421875,351.9599914550781,343.9200134277344,350.67999267578125,1696300
GD,2026-06-25,343.1896057128906,344.70001220703125,352.1499938964844,341.94000244140625,342.8699951171875,1219300
GD,2026-06-26,345.1907653808594,346.7099914550781,350.5799865722656,344.3500061035156,346.489990234375,1783300
GD,2026-06-29,346.5448303222656,348.07000732421875,351.2099914550781,346.67999267578125,347.1199951171875,1289200
GD,2026-06-30,352.6877746582031,354.239990234375,354.5799865722656,346.55999755859375,349.1000061035156,1049900
GD,2026-07-01,361.2699890136719,362.8599853515625,365.05999755859375,355.0,356.1499938964844,1285300
GD,2026-07-02,373.5400085449219,373.5400085449219,373.6000061035156,364.9599914550781,365.30999755859375,1293200
GD,2026-07-06,376.8800048828125,376.8800048828125,377.2699890136719,369.3299865722656,372.9100036621094,1273700
GD,2026-07-07,374.6400146484375,374.6400146484375,380.7099914550781,373.55999755859375,380.0,736900
GD,2026-07-08,374.30999755859375,374.30999755859375,374.9800109863281,371.29998779296875,372.9200134277344,1097600
GD,2026-07-09,374.6000061035156,374.6000061035156,374.6499938964844,369.29998779296875,371.3500061035156,758500
GD,2026-07-10,375.05999755859375,375.05999755859375,375.9800109863281,370.8599853515625,374.1499938964844,1008600
GD,2026-07-13,372.7799987792969,372.7799987792969,377.5299987792969,369.67999267578125,375.8399963378906,978600
GD,2026-07-14,369.5,369.5,376.80999755859375,369.1400146484375,371.760009765625,1387500
GD,2026-07-15,365.6300048828125,365.6300048828125,372.5,364.489990234375,370.5799865722656,1198900
GD,2026-07-16,368.82000732421875,368.82000732421875,370.0,364.0,366.75,709900
GD,2026-07-17,368.5799865722656,368.5799865722656,376.5899963378906,366.5199890136719,370.5799865722656,1279100
GD,2026-07-20,370.6000061035156,370.6000061035156,373.9200134277344,369.4800109863281,369.989990234375,703300
GD,2026-07-21,367.7300109863281,367.7300109863281,373.69000244140625,361.239990234375,368.94000244140625,1036900
GD,2026-07-22,373.1600036621094,373.1600036621094,375.2300109863281,370.010009765625,371.1000061035156,955900
GD,2026-07-23,381.7900085449219,381.7900085449219,387.69000244140625,376.4700012207031,378.3699951171875,1685400
GD,2026-07-24,386.75,386.75,388.1199951171875,382.1400146484375,383.9700012207031,1498800
GD,2026-07-27,389.1400146484375,389.1400146484375,392.57000732421875,386.4700012207031,389.1000061035156,1194200
GD,2026-07-28,393.19000244140625,393.19000244140625,395.42999267578125,389.25,393.0,1702600
GD,2026-07-29,380.9599914550781,380.9599914550781,400.0,380.9599914550781,398.79998779296875,1935800
GD,2026-07-30,382.20001220703125,382.20001220703125,383.4800109863281,374.0400085449219,376.8500061035156,1199900
GD,2026-07-31,383.4200134277344,383.4200134277344,384.6700134277344,376.82000732421875,382.3800048828125,1524400
GD,2026-08-03,382.42999267578125,382.42999267578125,387.69000244140625,380.45001220703125,387.54998779296875,918800
GD,2026-08-04,385.760009765625,385.760009765625,388.3599853515625,378.8699951171875,384.0899963378906,1502500
GD,2026-08-05,384.0799865722656,384.0799865722656,389.5,381.3500061035156,388.54998779296875,834300
GD,2026-08-06,386.9200134277344,386.9200134277344,388.8999938964844,384.7799987792969,387.67999267578125,650400
GD,2026-08-07,392.04998779296875,392.04998779296875,392.1400146484375,383.260009765625,386.9700012207031,1053000
GD,2026-08-10,395.9700012207031,395.9700012207031,397.20001220703125,392.04998779296875,393.0,779700
GD,2026-08-11,391.8900146484375,391.8900146484375,396.9599914550781,391.25,396.1499938964844,569900
GD,2026-08-12,394.2099914550781,394.2099914550781,396.04998779296875,389.010009765625,390.4200134277344,715800
GD,2026-08-13,392.9599914550781,392.9599914550781,396.7099914550781,390.2300109863281,396.0,660500
GD,2026-08-14,395.7799987792969,395.7799987792969,396.1600036621094,392.6000061035156,394.2799987792969,472300
GD,2026-08-17,391.1400146484375,391.1400146484375,394.5199890136719,389.7900085449219,391.7699890136719,725800
GD,2026-08-18,393.4800109863281,393.4800109863281,395.9800109863281,392.6600036621094,393.92999267578125,619500
GD,2026-08-19,392.3399963378906,392.3399963378906,396.9200134277344,391.4700012207031,396.42999267578125,860300
GD,2026-08-20,386.07000732421875,386.07000732421875,394.67999267578125,385.17999267578125,391.17999267578125,933000
GD,2026-08-21,384.2900085449219,384.2900085449219,388.3800048828125,382.19000244140625,387.0,759800
GD,2026-08-24,383.7699890136719,383.7699890136719,386.4100036621094,381.5299987792969,384.4800109863281,824700
GD,2026-08-25,376.5799865722656,376.5799865722656,384.1199951171875,375.17999267578125,384.0,978600
GD,2026-08-26,382.0199890136719,382.0199890136719,382.989990234375,378.0199890136719,378.04998779296875,819900
GD,2026-08-27,380.05999755859375,380.05999755859375,382.17999267578125,378.3299865722656,381.07000732421875,592400
GD,2026-08-31,371.3500061035156,371.3500061035156,378.989990234375,367.4599914550781,377.239990234375,1255800
GD,2026-09-01,369.4100036621094,369.4100036621094,375.30999755859375,367.4100036621094,371.5,1269400
