ticker,date,adj_close,close,high,low,open,volume
INTC,2010-01-04,13.519430160522461,20.8799991607666,21.030000686645508,20.729999542236328,20.790000915527344,47800900
INTC,2010-01-05,13.512954711914062,20.8700008392334,20.989999771118164,20.600000381469727,20.940000534057617,52357700
INTC,2010-01-06,13.467629432678223,20.799999237060547,20.93000030517578,20.670000076293945,20.809999465942383,40037400
INTC,2010-01-07,13.338132858276367,20.600000381469727,20.760000228881836,20.34000015258789,20.729999542236328,54041500
INTC,2010-01-08,13.487052917480469,20.829999923706055,20.889999389648438,20.399999618530273,20.540000915527344,48234700
INTC,2010-01-11,13.564751625061035,20.950000762939453,21.149999618530273,20.81999969482422,21.110000610351562,51086400
INTC,2010-01-12,13.344610214233398,20.610000610351562,20.899999618530273,20.3799991607666,20.8700008392334,69958400
INTC,2010-01-13,13.571228981018066,20.959999084472656,21.079999923706055,20.440000534057617,20.719999313354492,71446700
INTC,2010-01-14,13.907912254333496,21.479999542236328,21.549999237060547,21.049999237060547,21.110000610351562,150821600
INTC,2010-01-15,13.467629432678223,20.799999237060547,21.399999618530273,20.770000457763672,21.389999389648438,198078600
INTC,2010-01-19,13.629496574401855,21.049999237060547,21.170000076293945,20.850000381469727,20.899999618530273,82573500
INTC,2010-01-20,13.648921012878418,21.079999923706055,21.139999389648438,20.850000381469727,20.989999771118164,65670100
INTC,2010-01-21,13.493528366088867,20.84000015258789,21.309999465942383,20.68000030517578,21.149999618530273,73633300
INTC,2010-01-22,12.891369819641113,19.90999984741211,20.790000915527344,19.809999465942383,20.770000457763672,116302400
INTC,2010-01-25,13.156831741333008,20.31999969482422,20.579999923706055,20.139999389648438,20.239999771118164,73785600
INTC,2010-01-26,12.949640274047852,20.0,20.3799991607666,19.950000762939453,20.18000030517578,65298900
INTC,2010-01-27,13.105040550231934,20.239999771118164,20.329999923706055,19.81999969482422,20.0,74926200
INTC,2010-01-28,12.897839546203613,19.920000076293945,20.389999389648438,19.68000030517578,20.299999237060547,76974600
INTC,2010-01-29,12.56115436553955,19.399999618530273,20.229999542236328,19.299999237060547,20.1299991607666,96053900
INTC,2010-02-01,12.697124481201172,19.610000610351562,19.75,19.440000534057617,19.469999313354492,50338300
INTC,2010-02-02,12.891369819641113,19.90999984741211,20.040000915527344,19.559999465942383,19.68000030517578,63332500
INTC,2010-02-03,12.844381332397461,19.68000030517578,19.8799991607666,19.469999313354492,19.780000686645508,45582300
INTC,2010-02-04,12.41362476348877,19.020000457763672,19.579999923706055,18.950000762939453,19.56999969482422,90931100
INTC,2010-02-05,12.707317352294922,19.469999313354492,19.579999923706055,19.0,19.100000381469727,88711700
INTC,2010-02-08,12.628998756408691,19.350000381469727,19.790000915527344,19.299999237060547,19.479999542236328,62563200
INTC,2010-02-09,12.824798583984375,19.649999618530273,19.889999389648438,19.440000534057617,19.639999389648438,69454100
INTC,2010-02-10,12.850907325744629,19.690000534057617,19.8700008392334,19.450000762939453,19.59000015258789,56250600
INTC,2010-02-11,13.092385292053223,20.059999465942383,20.200000762939453,19.549999237060547,19.6299991607666,58837300
INTC,2010-02-12,13.33387279510498,20.43000030517578,20.68000030517578,19.790000915527344,19.959999084472656,91108900
INTC,2010-02-16,13.523141860961914,20.719999313354492,20.850000381469727,20.549999237060547,20.6200008392334,69083400
INTC,2010-02-17,13.483985900878906,20.65999984741211,20.860000610351562,20.530000686645508,20.860000610351562,47296700
INTC,2010-02-18,13.60146713256836,20.84000015258789,20.850000381469727,20.549999237060547,20.639999389648438,42613600
INTC,2010-02-19,13.588409423828125,20.81999969482422,20.969999313354492,20.579999923706055,20.719999313354492,40760000
INTC,2010-02-22,13.621045112609863,20.8700008392334,20.959999084472656,20.649999618530273,20.950000762939453,38730600
INTC,2010-02-23,13.307766914367676,20.389999389648438,20.950000762939453,20.290000915527344,20.84000015258789,62245300
INTC,2010-02-24,13.510087966918945,20.700000762939453,20.809999465942383,20.5,20.520000457763672,51070100
INTC,2010-02-25,13.46440601348877,20.6299991607666,20.65999984741211,20.219999313354492,20.3700008392334,48789400
INTC,2010-02-26,13.399136543273926,20.530000686645508,20.68000030517578,20.43000030517578,20.600000381469727,47795300
INTC,2010-03-01,13.621045112609863,20.8700008392334,20.940000534057617,20.6200008392334,20.68000030517578,51203300
INTC,2010-03-02,13.510087966918945,20.700000762939453,21.09000015258789,20.579999923706055,20.989999771118164,59399000
INTC,2010-03-03,13.392617225646973,20.520000457763672,20.81999969482422,20.440000534057617,20.760000228881836,49909900
INTC,2010-03-04,13.399136543273926,20.530000686645508,20.610000610351562,20.260000228881836,20.600000381469727,62750100
INTC,2010-03-05,13.568830490112305,20.790000915527344,20.84000015258789,20.450000762939453,20.65999984741211,45879700
INTC,2010-03-08,13.55577564239502,20.770000457763672,20.8799991607666,20.700000762939453,20.809999465942383,35742100
INTC,2010-03-09,13.666729927062988,20.940000534057617,21.200000762939453,20.65999984741211,20.68000030517578,83168700
INTC,2010-03-10,13.829896926879883,21.190000534057617,21.290000915527344,20.90999984741211,20.950000762939453,58435600
INTC,2010-03-11,13.869056701660156,21.25,21.270000457763672,20.989999771118164,21.139999389648438,53778700
INTC,2010-03-12,13.882113456726074,21.270000457763672,21.3700008392334,21.18000030517578,21.309999465942383,39584500
INTC,2010-03-15,13.816844940185547,21.170000076293945,21.31999969482422,21.049999237060547,21.15999984741211,34378000
INTC,2010-03-16,14.36507511138916,22.010000228881836,22.040000915527344,21.200000762939453,21.229999542236328,123060900
INTC,2010-03-17,14.515185356140137,22.239999771118164,22.350000381469727,21.90999984741211,22.059999465942383,77805900
INTC,2010-03-18,14.489083290100098,22.200000762939453,22.350000381469727,22.010000228881836,22.190000534057617,54458500
INTC,2010-03-19,14.352029800415039,21.989999771118164,22.389999389648438,21.809999465942383,22.25,77998500
INTC,2010-03-22,14.515185356140137,22.239999771118164,22.299999237060547,21.84000015258789,21.8700008392334,47405700
INTC,2010-03-23,14.795835494995117,22.670000076293945,22.75,22.360000610351562,22.389999389648438,64740900
INTC,2010-03-24,14.639202117919922,22.43000030517578,22.670000076293945,22.31999969482422,22.530000686645508,54729000
INTC,2010-03-25,14.586983680725098,22.350000381469727,22.729999542236328,22.309999465942383,22.690000534057617,52428700
INTC,2010-03-26,14.515185356140137,22.239999771118164,22.59000015258789,22.06999969482422,22.43000030517578,45700500
INTC,2010-03-29,14.573929786682129,22.329999923706055,22.489999771118164,22.260000228881836,22.420000076293945,34467900
INTC,2010-03-30,14.580458641052246,22.34000015258789,22.540000915527344,22.18000030517578,22.399999618530273,37886300
INTC,2010-03-31,14.547821044921875,22.290000915527344,22.5,22.200000762939453,22.31999969482422,45983800
INTC,2010-04-01,14.613089561462402,22.389999389648438,22.639999389648438,22.200000762939453,22.399999618530273,45491000
INTC,2010-04-05,14.74361801147461,22.59000015258789,22.649999618530273,22.34000015258789,22.479999542236328,34942900
INTC,2010-04-06,14.619617462158203,22.399999618530273,22.479999542236328,22.260000228881836,22.43000030517578,47056500
INTC,2010-04-07,14.652246475219727,22.450000762939453,22.68000030517578,22.25,22.43000030517578,62539800
INTC,2010-04-08,14.560879707336426,22.309999465942383,22.40999984741211,22.15999984741211,22.3799991607666,40824500
INTC,2010-04-09,14.717514991760254,22.549999237060547,22.56999969482422,22.360000610351562,22.399999618530273,45528700
INTC,2010-04-12,14.710992813110352,22.540000915527344,22.729999542236328,22.440000534057617,22.690000534057617,49353000
INTC,2010-04-13,14.861104965209961,22.770000457763672,22.81999969482422,22.469999313354492,22.649999618530273,122395600
INTC,2010-04-14,15.350598335266113,23.520000457763672,23.690000534057617,23.270000457763672,23.56999969482422,159980600
INTC,2010-04-15,15.807456970214844,24.219999313354492,24.3700008392334,23.799999237060547,23.829999923706055,110819600
INTC,2010-04-16,15.611663818359375,23.920000076293945,24.15999984741211,23.770000457763672,24.059999465942383,102974900
INTC,2010-04-19,15.663870811462402,24.0,24.040000915527344,23.540000915527344,23.90999984741211,71310800
INTC,2010-04-20,15.742192268371582,24.1200008392334,24.25,23.899999618530273,24.200000762939453,65991400
INTC,2010-04-21,15.53333854675293,23.799999237060547,24.1299991607666,23.540000915527344,24.100000381469727,73899300
INTC,2010-04-22,15.657343864440918,23.989999771118164,24.059999465942383,23.31999969482422,23.549999237060547,73666100
INTC,2010-04-23,15.689983367919922,24.040000915527344,24.059999465942383,23.729999542236328,23.950000762939453,56963700
INTC,2010-04-26,15.546392440795898,23.81999969482422,24.1299991607666,23.809999465942383,24.079999923706055,57727600
INTC,2010-04-27,15.239645957946777,23.350000381469727,23.8799991607666,23.299999237060547,23.729999542236328,78937600
INTC,2010-04-28,15.180903434753418,23.260000228881836,23.459999084472656,22.90999984741211,23.40999984741211,109052100
INTC,2010-04-29,15.33101749420166,23.489999771118164,23.510000228881836,23.299999237060547,23.329999923706055,59059400
INTC,2010-04-30,14.906786918640137,22.84000015258789,23.459999084472656,22.809999465942383,23.450000762939453,81864000
INTC,2010-05-03,15.180903434753418,23.260000228881836,23.440000534057617,22.899999618530273,22.979999542236328,55449900
INTC,2010-05-04,14.724037170410156,22.559999465942383,22.950000762939453,22.399999618530273,22.93000030517578,90704300
INTC,2010-05-05,14.571556091308594,22.170000076293945,22.3799991607666,21.899999618530273,22.100000381469727,96854100
INTC,2010-05-06,14.137763023376465,21.510000228881836,22.3799991607666,19.899999618530273,22.149999618530273,160695900
INTC,2010-05-07,14.006307601928711,21.309999465942383,21.700000762939453,20.459999084472656,21.260000228881836,139360500
INTC,2010-05-10,14.821318626403809,22.549999237060547,22.559999465942383,22.15999984741211,22.290000915527344,112607400
INTC,2010-05-11,14.643854141235352,22.280000686645508,22.860000610351562,22.100000381469727,22.31999969482422,102689700
INTC,2010-05-12,15.176234245300293,23.09000015258789,23.139999389648438,22.489999771118164,22.600000381469727,83343400
INTC,2010-05-13,14.788453102111816,22.5,23.170000076293945,22.360000610351562,23.030000686645508,62099000
INTC,2010-05-14,14.387519836425781,21.889999389648438,22.209999084472656,21.530000686645508,22.190000534057617,83526200
INTC,2010-05-17,14.472970008850098,22.020000457763672,22.049999237060547,21.40999984741211,21.75,64550400
INTC,2010-05-18,14.085180282592773,21.43000030517578,22.229999542236328,21.329999923706055,22.139999389648438,76636100
INTC,2010-05-19,14.196915626525879,21.600000381469727,21.709999084472656,21.0,21.520000457763672,89530600
INTC,2010-05-20,13.664531707763672,20.790000915527344,21.239999771118164,20.6299991607666,21.020000457763672,106551000
INTC,2010-05-21,13.743401527404785,20.90999984741211,21.170000076293945,20.18000030517578,20.40999984741211,111769100
INTC,2010-05-24,13.58565902709961,20.670000076293945,21.219999313354492,20.610000610351562,20.950000762939453,56436100
INTC,2010-05-25,13.703968048095703,20.850000381469727,20.8700008392334,20.030000686645508,20.1200008392334,96151400
INTC,2010-05-26,13.605377197265625,20.700000762939453,21.5,20.700000762939453,21.100000381469727,85666800
INTC,2010-05-27,14.30207633972168,21.760000228881836,21.799999237060547,21.1200008392334,21.15999984741211,83236800
INTC,2010-05-28,14.078606605529785,21.420000076293945,21.75,21.229999542236328,21.68000030517578,72712600
INTC,2010-06-01,13.920867919921875,21.18000030517578,21.739999771118164,21.1299991607666,21.299999237060547,57164500
INTC,2010-06-02,14.334940910339355,21.809999465942383,21.829999923706055,21.15999984741211,21.389999389648438,61537200
INTC,2010-06-03,14.394096374511719,21.899999618530273,22.0,21.469999313354492,21.959999084472656,54614400
INTC,2010-06-04,13.769693374633789,20.950000762939453,21.600000381469727,20.790000915527344,21.540000915527344,67919400
INTC,2010-06-07,13.349045753479004,20.309999465942383,21.030000686645508,20.239999771118164,20.940000534057617,65435200
INTC,2010-06-08,13.263601303100586,20.18000030517578,20.229999542236328,19.739999771118164,20.219999313354492,91377800
INTC,2010-06-09,13.099287986755371,19.93000030517578,20.600000381469727,19.860000610351562,20.389999389648438,58981200
INTC,2010-06-10,13.506790161132812,20.549999237060547,20.600000381469727,20.25,20.350000381469727,57168300
INTC,2010-06-11,13.565943717956543,20.639999389648438,20.75,20.280000686645508,20.309999465942383,49491800
INTC,2010-06-14,13.730259895324707,20.889999389648438,21.139999389648438,20.81999969482422,20.950000762939453,68877500
INTC,2010-06-15,14.118043899536133,21.479999542236328,21.559999465942383,21.010000228881836,21.110000610351562,62082000
INTC,2010-06-16,14.124616622924805,21.489999771118164,21.649999618530273,21.209999084472656,21.40999984741211,43764600
INTC,2010-06-17,14.14433479309082,21.520000457763672,21.690000534057617,21.200000762939453,21.59000015258789,37270900
INTC,2010-06-18,14.065463066101074,21.399999618530273,21.649999618530273,21.18000030517578,21.559999465942383,64872600
INTC,2010-06-21,13.927438735961914,21.190000534057617,21.690000534057617,21.059999465942383,21.670000076293945,48844300
INTC,2010-06-22,13.789410591125488,20.979999542236328,21.329999923706055,20.860000610351562,21.1299991607666,58831100
INTC,2010-06-23,13.677677154541016,20.809999465942383,21.020000457763672,20.65999984741211,20.940000534057617,61352400
INTC,2010-06-24,13.355619430541992,20.31999969482422,20.790000915527344,20.200000762939453,20.6200008392334,62003900
INTC,2010-06-25,13.165011405944824,20.030000686645508,20.40999984741211,19.889999389648438,20.399999618530273,94683200
INTC,2010-06-28,13.38190746307373,20.360000610351562,20.59000015258789,19.90999984741211,20.110000610351562,54468400
INTC,2010-06-29,13.007267951965332,19.790000915527344,20.049999237060547,19.649999618530273,20.0,79050800
INTC,2010-06-30,12.783795356750488,19.450000762939453,20.030000686645508,19.399999618530273,19.700000762939453,64294700
INTC,2010-07-01,12.65234088897705,19.25,19.6200008392334,19.0,19.43000030517578,88020000
INTC,2010-07-02,12.619481086730957,19.200000762939453,19.3700008392334,18.959999084472656,19.209999084472656,58093400
INTC,2010-07-06,12.803510665893555,19.479999542236328,19.760000228881836,19.25,19.549999237060547,60697600
INTC,2010-07-07,13.237309455871582,20.139999389648438,20.170000076293945,19.389999389648438,19.459999084472656,72806800
INTC,2010-07-08,13.211021423339844,20.100000381469727,20.360000610351562,19.829999923706055,20.34000015258789,65407600
INTC,2010-07-09,13.303034782409668,20.239999771118164,20.280000686645508,19.959999084472656,20.059999465942383,52843800
INTC,2010-07-12,13.519932746887207,20.56999969482422,20.649999618530273,20.299999237060547,20.309999465942383,56587900
INTC,2010-07-13,13.809126853942871,21.010000228881836,22.280000686645508,20.81999969482422,20.969999313354492,103191800
INTC,2010-07-14,14.039173126220703,21.360000610351562,22.25,21.280000686645508,22.059999465942383,199002600
INTC,2010-07-15,14.137763023376465,21.510000228881836,21.59000015258789,21.010000228881836,21.34000015258789,118558200
INTC,2010-07-16,13.815704345703125,21.020000457763672,21.479999542236328,21.0,21.43000030517578,80451500
INTC,2010-07-19,14.190340995788574,21.59000015258789,21.610000610351562,21.15999984741211,21.170000076293945,63430400
INTC,2010-07-20,14.229782104492188,21.649999618530273,21.729999542236328,21.100000381469727,21.15999984741211,72666400
INTC,2010-07-21,13.973445892333984,21.260000228881836,21.649999618530273,21.18000030517578,21.56999969482422,71775300
INTC,2010-07-22,14.31522274017334,21.780000686645508,21.979999542236328,21.34000015258789,21.350000381469727,74465500
INTC,2010-07-23,14.256070137023926,21.690000534057617,21.719999313354492,21.329999923706055,21.639999389648438,62115500
INTC,2010-07-26,14.269211769104004,21.709999084472656,21.739999771118164,21.40999984741211,21.68000030517578,50929500
INTC,2010-07-27,14.183770179748535,21.579999923706055,21.739999771118164,21.389999389648438,21.68000030517578,53975800
INTC,2010-07-28,14.019451141357422,21.329999923706055,21.690000534057617,21.290000915527344,21.639999389648438,51673900
INTC,2010-07-29,13.822274208068848,21.030000686645508,21.479999542236328,20.760000228881836,21.389999389648438,83811400
INTC,2010-07-30,13.539652824401855,20.600000381469727,20.920000076293945,20.579999923706055,20.770000457763672,67395900
INTC,2010-08-02,13.901142120361328,21.149999618530273,21.280000686645508,20.729999542236328,20.899999618530273,50316200
INTC,2010-08-03,13.717116355895996,20.8700008392334,21.030000686645508,20.709999084472656,21.010000228881836,60929200
INTC,2010-08-04,13.72903060913086,20.729999542236328,20.860000610351562,20.450000762939453,20.809999465942383,85639700
INTC,2010-08-05,13.689297676086426,20.670000076293945,20.790000915527344,20.459999084472656,20.639999389648438,44475000
INTC,2010-08-06,13.676054000854492,20.649999618530273,20.809999465942383,20.40999984741211,20.450000762939453,50833800
INTC,2010-08-09,13.676054000854492,20.649999618530273,20.790000915527344,20.40999984741211,20.790000915527344,46082800
INTC,2010-08-10,13.126358032226562,19.81999969482422,20.170000076293945,19.700000762939453,20.110000610351562,136352400
INTC,2010-08-11,12.86806869506836,19.43000030517578,19.579999923706055,19.299999237060547,19.530000686645508,99079200
INTC,2010-08-12,12.881319999694824,19.450000762939453,19.729999542236328,19.079999923706055,19.170000076293945,86580600
INTC,2010-08-13,12.682632446289062,19.149999618530273,19.489999771118164,19.149999618530273,19.329999923706055,57384800
INTC,2010-08-16,12.894558906555176,19.469999313354492,19.559999465942383,19.110000610351562,19.139999389648438,48721100
INTC,2010-08-17,12.93430233001709,19.530000686645508,19.8700008392334,19.5,19.719999313354492,60836400
INTC,2010-08-18,12.974034309387207,19.59000015258789,19.780000686645508,19.469999313354492,19.530000686645508,58982400
INTC,2010-08-19,12.517064094543457,18.899999618530273,19.1299991607666,18.809999465942383,18.969999313354492,159900400
INTC,2010-08-20,12.523691177368164,18.90999984741211,19.0,18.760000228881836,18.920000076293945,95174400
INTC,2010-08-23,12.384607315063477,18.700000762939453,18.979999542236328,18.600000381469727,18.920000076293945,71954400
INTC,2010-08-24,12.192547798156738,18.40999984741211,18.68000030517578,18.389999389648438,18.559999465942383,75107400
INTC,2010-08-25,12.238906860351562,18.479999542236328,18.59000015258789,18.18000030517578,18.260000228881836,63350600
INTC,2010-08-26,12.040226936340332,18.18000030517578,18.610000610351562,18.1200008392334,18.600000381469727,69586000
INTC,2010-08-27,12.166056632995605,18.3700008392334,18.520000457763672,17.809999465942383,18.229999542236328,135184300
INTC,2010-08-30,11.894526481628418,17.959999084472656,18.309999465942383,17.940000534057617,18.25,73718900
INTC,2010-08-31,11.702460289001465,17.670000076293945,17.920000076293945,17.600000381469727,17.8799991607666,111601400
INTC,2010-09-01,12.013733863830566,18.139999389648438,18.270000457763672,17.889999389648438,17.940000534057617,73611500
INTC,2010-09-02,12.106449127197266,18.280000686645508,18.329999923706055,18.079999923706055,18.229999542236328,53192100
INTC,2010-09-03,12.205794334411621,18.43000030517578,18.59000015258789,18.200000762939453,18.520000457763672,59143200
INTC,2010-09-07,12.000486373901367,18.1200008392334,18.40999984741211,18.049999237060547,18.360000610351562,58636500
INTC,2010-09-08,11.854782104492188,17.899999618530273,18.049999237060547,17.75,18.040000915527344,101747000
INTC,2010-09-09,11.921014785766602,18.0,18.079999923706055,17.93000030517578,18.049999237060547,65019600
INTC,2010-09-10,11.901140213012695,17.969999313354492,18.100000381469727,17.84000015258789,17.950000762939453,68814700
INTC,2010-09-13,12.291890144348145,18.559999465942383,18.559999465942383,18.200000762939453,18.219999313354492,73870900
INTC,2010-09-14,12.411101341247559,18.739999771118164,18.799999237060547,18.34000015258789,18.530000686645508,64479500
INTC,2010-09-15,12.397851943969727,18.719999313354492,18.770000457763672,18.540000915527344,18.729999542236328,56107300
INTC,2010-09-16,12.563420295715332,18.969999313354492,18.979999542236328,18.579999923706055,18.700000762939453,69165800
INTC,2010-09-17,12.45745849609375,18.809999465942383,19.079999923706055,18.670000076293945,19.030000686645508,70436600
INTC,2010-09-20,12.536932945251465,18.93000030517578,18.959999084472656,18.690000534057617,18.889999389648438,44935100
INTC,2010-09-21,12.676010131835938,19.139999389648438,19.270000457763672,18.84000015258789,18.8799991607666,69131400
INTC,2010-09-22,12.589912414550781,19.010000228881836,19.25,18.889999389648438,19.040000915527344,61569400
INTC,2010-09-23,12.570043563842773,18.979999542236328,19.309999465942383,18.75,18.850000381469727,51954700
INTC,2010-09-24,12.861451148986816,19.420000076293945,19.450000762939453,19.18000030517578,19.229999542236328,55749300
INTC,2010-09-27,12.742236137390137,19.239999771118164,19.43000030517578,19.18000030517578,19.399999618530273,51071000
INTC,2010-09-28,12.921051025390625,19.510000228881836,19.56999969482422,19.100000381469727,19.309999465942383,61019600
INTC,2010-09-29,12.742236137390137,19.239999771118164,19.6200008392334,19.1200008392334,19.479999542236328,62484300
INTC,2010-09-30,12.715746879577637,19.200000762939453,19.600000381469727,19.110000610351562,19.34000015258789,75382200
INTC,2010-10-01,12.79521656036377,19.31999969482422,20.350000381469727,18.8799991607666,19.469999313354492,41275000
INTC,2010-10-04,12.497193336486816,18.8700008392334,19.299999237060547,18.770000457763672,19.25,67082000
INTC,2010-10-05,12.682632446289062,19.149999618530273,19.290000915527344,19.030000686645508,19.079999923706055,61004600
INTC,2010-10-06,12.788595199584961,19.309999465942383,19.3700008392334,19.1299991607666,19.209999084472656,54990000
INTC,2010-10-07,12.848203659057617,19.399999618530273,19.540000915527344,19.209999084472656,19.3700008392334,51794600
INTC,2010-10-08,12.927678108215332,19.520000457763672,19.579999923706055,19.209999084472656,19.399999618530273,46528700
INTC,2010-10-11,12.954172134399414,19.559999465942383,19.75,19.530000686645508,19.59000015258789,52722400
INTC,2010-10-12,13.093242645263672,19.770000457763672,19.799999237060547,19.440000534057617,19.649999618530273,94743400
INTC,2010-10-13,12.742236137390137,19.239999771118164,20.030000686645508,19.15999984741211,19.979999542236328,173827300
INTC,2010-10-14,12.79521656036377,19.31999969482422,19.459999084472656,19.200000762939453,19.309999465942383,59255900
INTC,2010-10-15,12.79521656036377,19.31999969482422,19.469999313354492,19.200000762939453,19.440000534057617,64052800
INTC,2010-10-18,12.709126472473145,19.190000534057617,19.31999969482422,18.969999313354492,19.260000228881836,54985100
INTC,2010-10-19,12.722372055053711,19.209999084472656,19.389999389648438,18.899999618530273,19.010000228881836,85409800
INTC,2010-10-20,13.007147789001465,19.639999389648438,19.780000686645508,19.290000915527344,19.299999237060547,84884600
INTC,2010-10-21,13.086627006530762,19.760000228881836,19.860000610351562,19.56999969482422,19.75,74287500
INTC,2010-10-22,13.139606475830078,19.84000015258789,19.93000030517578,19.75,19.790000915527344,50129800
INTC,2010-10-25,13.159478187561035,19.8700008392334,20.0,19.799999237060547,19.950000762939453,45769400
INTC,2010-10-26,13.27206039428711,20.040000915527344,20.110000610351562,19.729999542236328,19.790000915527344,56344600
INTC,2010-10-27,13.371403694152832,20.190000534057617,20.200000762939453,19.809999465942383,19.93000030517578,48151900
INTC,2010-10-28,13.556842803955078,20.469999313354492,20.530000686645508,20.020000457763672,20.290000915527344,71144000
INTC,2010-10-29,13.278685569763184,20.049999237060547,20.559999465942383,20.010000228881836,20.450000762939453,60774400
INTC,2010-11-01,13.623069763183594,20.56999969482422,20.670000076293945,20.34000015258789,20.350000381469727,51593700
INTC,2010-11-02,13.470745086669922,20.34000015258789,20.700000762939453,20.290000915527344,20.639999389648438,60959100
INTC,2010-11-03,13.669648170471191,20.479999542236328,20.520000457763672,20.219999313354492,20.34000015258789,53044600
INTC,2010-11-04,13.996706008911133,20.969999313354492,21.020000457763672,20.559999465942383,20.65999984741211,66048200
INTC,2010-11-05,14.176923751831055,21.239999771118164,21.290000915527344,20.969999313354492,21.010000228881836,55960500
INTC,2010-11-08,14.170248031616211,21.229999542236328,21.5,21.170000076293945,21.34000015258789,53006900
INTC,2010-11-09,14.123522758483887,21.15999984741211,21.350000381469727,21.030000686645508,21.200000762939453,46639500
INTC,2010-11-10,14.04343032836914,21.040000915527344,21.170000076293945,20.81999969482422,21.149999618530273,48072100
INTC,2010-11-11,14.156895637512207,21.209999084472656,21.229999542236328,20.549999237060547,20.690000534057617,69682800
INTC,2010-11-12,14.370481491088867,21.530000686645508,21.809999465942383,21.329999923706055,21.440000534057617,100662400
INTC,2010-11-15,14.21696662902832,21.299999237060547,21.65999984741211,21.260000228881836,21.649999618530273,50076900
INTC,2010-11-16,14.063451766967773,21.06999969482422,21.270000457763672,20.8799991607666,21.1299991607666,62890100
INTC,2010-11-17,14.0701265335083,21.079999923706055,21.219999313354492,20.93000030517578,21.020000457763672,44262100
INTC,2010-11-18,14.030077934265137,21.020000457763672,21.239999771118164,20.920000076293945,21.049999237060547,68847000
INTC,2010-11-19,14.110172271728516,21.139999389648438,21.200000762939453,20.8799991607666,20.969999313354492,49134200
INTC,2010-11-22,14.183602333068848,21.25,21.280000686645508,20.8799991607666,20.920000076293945,40328600
INTC,2010-11-23,14.076801300048828,21.09000015258789,21.219999313354492,20.809999465942383,21.040000915527344,44856200
INTC,2010-11-24,14.277042388916016,21.389999389648438,21.56999969482422,21.170000076293945,21.229999542236328,42449700
INTC,2010-11-26,14.24366569519043,21.34000015258789,21.43000030517578,21.100000381469727,21.239999771118164,19147500
INTC,2010-11-29,14.236993789672852,21.329999923706055,21.450000762939453,21.1200008392334,21.149999618530273,46887900
INTC,2010-11-30,14.123522758483887,21.15999984741211,21.299999237060547,21.06999969482422,21.18000030517578,52406500
INTC,2010-12-01,14.337105751037598,21.479999542236328,21.600000381469727,21.420000076293945,21.459999084472656,52939300
INTC,2010-12-02,14.483952522277832,21.700000762939453,21.770000457763672,21.479999542236328,21.5,48095800
INTC,2010-12-03,14.477283477783203,21.690000534057617,21.780000686645508,21.6200008392334,21.6299991607666,43907400
INTC,2010-12-06,14.483952522277832,21.700000762939453,21.760000228881836,21.549999237060547,21.610000610351562,31861200
INTC,2010-12-07,14.403854370117188,21.579999923706055,21.860000610351562,21.579999923706055,21.84000015258789,46991400
INTC,2010-12-08,14.564051628112793,21.81999969482422,21.899999618530273,21.65999984741211,21.690000534057617,68959600
INTC,2010-12-09,14.557373046875,21.809999465942383,22.06999969482422,21.719999313354492,22.010000228881836,79874700
INTC,2010-12-10,14.62412166595459,21.90999984741211,21.979999542236328,21.799999237060547,21.90999984741211,52407700
INTC,2010-12-13,14.3504638671875,21.5,22.020000457763672,21.34000015258789,22.010000228881836,78296300
INTC,2010-12-14,14.330437660217285,21.469999313354492,21.559999465942383,21.299999237060547,21.399999618530273,41699300
INTC,2010-12-15,14.203619003295898,21.280000686645508,21.5,21.280000686645508,21.350000381469727,42701400
INTC,2010-12-16,14.21696662902832,21.299999237060547,21.389999389648438,21.25,21.350000381469727,35224900
INTC,2010-12-17,14.323761940002441,21.459999084472656,21.489999771118164,21.270000457763672,21.309999465942383,57138100
INTC,2010-12-20,14.170248031616211,21.229999542236328,21.43000030517578,21.200000762939453,21.389999389648438,34211900
INTC,2010-12-21,14.083474159240723,21.100000381469727,21.270000457763672,21.079999923706055,21.270000457763672,34102300
INTC,2010-12-22,13.943306922912598,20.889999389648438,21.020000457763672,20.809999465942383,20.950000762939453,49206900
INTC,2010-12-23,13.909934997558594,20.84000015258789,20.920000076293945,20.700000762939453,20.84000015258789,27960800
INTC,2010-12-27,13.909934997558594,20.84000015258789,20.860000610351562,20.649999618530273,20.75,18604300
INTC,2010-12-28,13.93663215637207,20.8799991607666,20.93000030517578,20.760000228881836,20.809999465942383,21169600
INTC,2010-12-29,13.976683616638184,20.940000534057617,21.059999465942383,20.8799991607666,20.940000534057617,20848400
INTC,2010-12-30,14.030077934265137,21.020000457763672,21.079999923706055,20.93000030517578,20.950000762939453,18876000
INTC,2010-12-31,14.036750793457031,21.030000686645508,21.059999465942383,20.940000534057617,21.030000686645508,15743700
INTC,2011-01-03,13.916609764099121,20.850000381469727,21.049999237060547,20.780000686645508,21.010000228881836,58223800
INTC,2011-01-04,14.116849899291992,21.149999618530273,21.200000762939453,21.049999237060547,21.1200008392334,75206200
INTC,2011-01-05,13.976683616638184,20.940000534057617,21.209999084472656,20.899999618530273,21.190000534057617,61810500
INTC,2011-01-06,13.86320972442627,20.770000457763672,20.81999969482422,20.549999237060547,20.670000076293945,116669000
INTC,2011-01-07,13.789793014526367,20.65999984741211,20.770000457763672,20.270000457763672,20.709999084472656,74806100
INTC,2011-01-10,13.809818267822266,20.690000534057617,20.770000457763672,20.56999969482422,20.709999084472656,51449700
INTC,2011-01-11,14.050105094909668,21.049999237060547,21.1200008392334,20.739999771118164,20.829999923706055,64452600
INTC,2011-01-12,14.21696662902832,21.299999237060547,21.329999923706055,21.06999969482422,21.270000457763672,53380600
INTC,2011-01-13,14.210291862487793,21.290000915527344,21.31999969482422,21.079999923706055,21.260000228881836,104066300
INTC,2011-01-14,14.0701265335083,21.079999923706055,21.420000076293945,20.969999313354492,21.350000381469727,154888800
INTC,2011-01-18,14.0701265335083,21.079999923706055,21.200000762939453,20.940000534057617,21.030000686645508,55272100
INTC,2011-01-19,14.023401260375977,21.010000228881836,21.1299991607666,20.950000762939453,21.06999969482422,43339000
INTC,2011-01-20,13.983356475830078,20.950000762939453,20.950000762939453,20.6200008392334,20.940000534057617,56170800
INTC,2011-01-21,13.896591186523438,20.81999969482422,21.040000915527344,20.809999465942383,20.950000762939453,63697600
INTC,2011-01-24,14.176923751831055,21.239999771118164,21.239999771118164,20.93000030517578,21.030000686645508,82375700
INTC,2011-01-25,14.383835792541504,21.549999237060547,21.56999969482422,21.170000076293945,21.280000686645508,72327200
INTC,2011-01-26,14.51733112335205,21.75,21.899999618530273,21.65999984741211,21.770000457763672,57196100
INTC,2011-01-27,14.51733112335205,21.75,21.940000534057617,21.649999618530273,21.760000228881836,58069200
INTC,2011-01-28,14.323761940002441,21.459999084472656,21.889999389648438,21.350000381469727,21.760000228881836,55193100
INTC,2011-01-31,14.323761940002441,21.459999084472656,21.639999389648438,21.030000686645508,21.549999237060547,90844300
INTC,2011-02-01,14.337105751037598,21.479999542236328,21.700000762939453,21.280000686645508,21.489999771118164,60971000
INTC,2011-02-02,14.390507698059082,21.559999465942383,21.709999084472656,21.469999313354492,21.479999542236328,46928100
INTC,2011-02-03,14.519075393676758,21.56999969482422,21.649999618530273,21.299999237060547,21.40999984741211,39846000
INTC,2011-02-04,14.593117713928223,21.68000030517578,21.700000762939453,21.43000030517578,21.469999313354492,39353500
INTC,2011-02-07,14.59985065460205,21.690000534057617,21.860000610351562,21.6299991607666,21.739999771118164,43643100
INTC,2011-02-08,14.566195487976074,21.639999389648438,21.68000030517578,21.399999618530273,21.649999618530273,48215100
INTC,2011-02-09,14.445034980773926,21.459999084472656,21.600000381469727,21.420000076293945,21.530000686645508,44601400
INTC,2011-02-10,14.67389965057373,21.799999237060547,21.84000015258789,21.350000381469727,21.43000030517578,56661800
INTC,2011-02-11,14.64696979522705,21.760000228881836,21.850000381469727,21.520000457763672,21.6299991607666,43716600
INTC,2011-02-14,14.519075393676758,21.56999969482422,21.799999237060547,21.5,21.6299991607666,45134600
INTC,2011-02-15,14.4382963180542,21.450000762939453,21.549999237060547,21.280000686645508,21.479999542236328,50640200
INTC,2011-02-16,14.640235900878906,21.75,21.8799991607666,21.43000030517578,21.56999969482422,55214100
INTC,2011-02-17,14.788318634033203,21.969999313354492,22.059999465942383,21.670000076293945,21.68000030517578,50185500
INTC,2011-02-18,14.902749061584473,22.139999389648438,22.209999084472656,22.010000228881836,22.09000015258789,55060500
INTC,2011-02-22,14.68061351776123,21.809999465942383,22.190000534057617,21.729999542236328,21.950000762939453,64515600
INTC,2011-02-23,14.236359596252441,21.149999618530273,21.719999313354492,21.010000228881836,21.700000762939453,83648300
INTC,2011-02-24,14.330607414245605,21.290000915527344,21.40999984741211,21.030000686645508,21.100000381469727,54496400
INTC,2011-02-25,14.714282035827637,21.860000610351562,22.0,21.459999084472656,21.520000457763672,53475700
INTC,2011-02-28,14.451761245727539,21.469999313354492,21.84000015258789,21.3700008392334,21.75,66390100
INTC,2011-03-01,14.397919654846191,21.389999389648438,21.690000534057617,21.350000381469727,21.610000610351562,57987400
INTC,2011-03-02,14.465224266052246,21.489999771118164,21.700000762939453,21.399999618530273,21.420000076293945,52192300
INTC,2011-03-03,14.667162895202637,21.790000915527344,21.8799991607666,21.649999618530273,21.65999984741211,50504000
INTC,2011-03-04,14.512340545654297,21.559999465942383,22.079999923706055,21.399999618530273,21.8799991607666,64664800
INTC,2011-03-07,14.276753425598145,21.209999084472656,21.739999771118164,21.079999923706055,21.690000534057617,57520200
INTC,2011-03-08,14.222906112670898,21.1299991607666,21.260000228881836,21.020000457763672,21.260000228881836,57165700
INTC,2011-03-09,14.27002239227295,21.200000762939453,21.34000015258789,20.940000534057617,21.079999923706055,60415900
INTC,2011-03-10,13.994047164916992,20.790000915527344,21.020000457763672,20.719999313354492,20.940000534057617,69121300
INTC,2011-03-11,14.047897338867188,20.8700008392334,20.959999084472656,20.610000610351562,20.6299991607666,45640700
INTC,2011-03-14,14.027698516845703,20.84000015258789,20.8799991607666,20.6200008392334,20.65999984741211,48954200
INTC,2011-03-15,13.583444595336914,20.18000030517578,20.329999923706055,20.010000228881836,20.229999542236328,80464000
INTC,2011-03-16,13.334390640258789,19.809999465942383,20.3700008392334,19.709999084472656,20.030000686645508,84812700
INTC,2011-03-17,13.394974708557129,19.899999618530273,20.059999465942383,19.799999237060547,20.020000457763672,59048300
INTC,2011-03-18,13.415163040161133,19.93000030517578,20.149999618530273,19.8799991607666,19.979999542236328,74001300
INTC,2011-03-21,13.590180397033691,20.190000534057617,20.389999389648438,19.8799991607666,19.899999618530273,43392300
INTC,2011-03-22,13.563253402709961,20.149999618530273,20.209999084472656,19.979999542236328,20.18000030517578,45962800
INTC,2011-03-23,13.657489776611328,20.290000915527344,20.360000610351562,20.010000228881836,20.09000015258789,37924600
INTC,2011-03-24,13.71806812286377,20.3799991607666,20.510000228881836,20.280000686645508,20.510000228881836,49378300
INTC,2011-03-25,13.711339950561523,20.3700008392334,20.600000381469727,20.209999084472656,20.299999237060547,52478400
INTC,2011-03-28,13.691137313842773,20.34000015258789,20.65999984741211,20.329999923706055,20.440000534057617,37109400
INTC,2011-03-29,13.650757789611816,20.280000686645508,20.290000915527344,19.979999542236328,20.270000457763672,59545200
INTC,2011-03-30,13.771915435791016,20.459999084472656,20.459999084472656,20.110000610351562,20.420000076293945,54565700
INTC,2011-03-31,13.583444595336914,20.18000030517578,20.3700008392334,19.940000534057617,20.290000915527344,87528000
INTC,2011-04-01,13.273809432983398,19.719999313354492,20.3799991607666,19.559999465942383,20.3799991607666,82621500
INTC,2011-04-04,13.119000434875488,19.489999771118164,19.799999237060547,19.360000610351562,19.790000915527344,69372800
INTC,2011-04-05,13.26708698272705,19.709999084472656,19.8799991607666,19.549999237060547,19.59000015258789,62605700
INTC,2011-04-06,13.42862606048584,19.950000762939453,19.950000762939453,19.709999084472656,19.860000610351562,56267400
INTC,2011-04-07,13.482476234436035,20.030000686645508,20.09000015258789,19.81999969482422,19.920000076293945,51606400
INTC,2011-04-08,13.475749969482422,20.020000457763672,20.200000762939453,19.950000762939453,20.040000915527344,46474900
INTC,2011-04-11,13.543058395385742,20.1200008392334,20.200000762939453,20.010000228881836,20.06999969482422,43166300
INTC,2011-04-12,13.300739288330078,19.760000228881836,20.06999969482422,19.690000534057617,20.010000228881836,52110300
INTC,2011-04-13,13.314205169677734,19.780000686645508,19.950000762939453,19.719999313354492,19.8799991607666,38977500
INTC,2011-04-14,13.179577827453613,19.579999923706055,19.65999984741211,19.40999984741211,19.639999389648438,52706900
INTC,2011-04-15,13.294008255004883,19.75,19.75,19.530000686645508,19.600000381469727,44283000
INTC,2011-04-18,13.206504821777344,19.6200008392334,19.739999771118164,19.450000762939453,19.530000686645508,46481400
INTC,2011-04-19,13.368047714233398,19.860000610351562,19.979999542236328,19.6200008392334,19.670000076293945,81426500
INTC,2011-04-20,14.411373138427734,21.40999984741211,21.440000534057617,20.940000534057617,21.209999084472656,174554500
INTC,2011-04-21,14.445034980773926,21.459999084472656,21.489999771118164,21.190000534057617,21.389999389648438,77640100
INTC,2011-04-25,14.768125534057617,21.940000534057617,22.010000228881836,21.329999923706055,21.3700008392334,81676700
INTC,2011-04-26,15.131603240966797,22.479999542236328,22.530000686645508,21.809999465942383,21.81999969482422,105300000
INTC,2011-04-27,15.232573509216309,22.6299991607666,22.68000030517578,22.329999923706055,22.540000915527344,68452900
INTC,2011-04-28,15.347007751464844,22.799999237060547,22.8700008392334,22.450000762939453,22.450000762939453,55000000
INTC,2011-04-29,15.582600593566895,23.149999618530273,23.190000534057617,22.6299991607666,22.799999237060547,156189000
INTC,2011-05-02,15.421045303344727,22.90999984741211,23.18000030517578,22.809999465942383,23.020000457763672,71970500
INTC,2011-05-03,15.636445045471191,23.229999542236328,23.459999084472656,22.670000076293945,22.809999465942383,110500000
INTC,2011-05-04,15.94239330291748,23.5,23.559999465942383,22.719999313354492,23.049999237060547,137107200
INTC,2011-05-05,16.017030715942383,23.610000610351562,23.860000610351562,23.170000076293945,23.43000030517578,94292200
INTC,2011-05-06,15.772797584533691,23.25,23.59000015258789,23.1299991607666,23.459999084472656,100005900
INTC,2011-05-09,15.44038200378418,22.760000228881836,23.200000762939453,22.649999618530273,23.1299991607666,73296400
INTC,2011-05-10,15.623547554016113,23.030000686645508,23.200000762939453,22.81999969482422,22.850000381469727,66314300
INTC,2011-05-11,15.881343841552734,23.40999984741211,23.6299991607666,23.200000762939453,23.290000915527344,85800000
INTC,2011-05-12,16.08485984802246,23.709999084472656,23.829999923706055,23.229999542236328,23.25,66300000
INTC,2011-05-13,15.881343841552734,23.40999984741211,23.799999237060547,23.360000610351562,23.65999984741211,53099500
INTC,2011-05-16,16.03738784790039,23.639999389648438,23.950000762939453,23.270000457763672,23.31999969482422,74471600
INTC,2011-05-17,15.976325988769531,23.549999237060547,23.56999969482422,23.079999923706055,23.3700008392334,86074100
INTC,2011-05-18,16.2001895904541,23.8799991607666,23.959999084472656,23.520000457763672,23.600000381469727,65592900
INTC,2011-05-19,15.969536781311035,23.540000915527344,23.8700008392334,23.200000762939453,23.31999969482422,98367500
INTC,2011-05-20,15.752447128295898,23.219999313354492,23.540000915527344,23.149999618530273,23.459999084472656,63124700
INTC,2011-05-23,15.508224487304688,22.860000610351562,23.030000686645508,22.760000228881836,22.920000076293945,64900000
INTC,2011-05-24,15.33862590789795,22.610000610351562,22.90999984741211,22.59000015258789,22.889999389648438,51736300
INTC,2011-05-25,15.386114120483398,22.68000030517578,22.829999923706055,22.40999984741211,22.520000457763672,49375900
INTC,2011-05-26,15.264004707336426,22.5,22.639999389648438,22.450000762939453,22.6200008392334,44432200
INTC,2011-05-27,15.06726360321045,22.209999084472656,22.520000457763672,22.110000610351562,22.459999084472656,67162300
INTC,2011-05-31,15.270787239074707,22.510000228881836,22.639999389648438,22.31999969482422,22.450000762939453,59575300
INTC,2011-06-01,14.9248046875,22.0,22.479999542236328,21.979999542236328,22.450000762939453,56011400
INTC,2011-06-02,14.98586368560791,22.09000015258789,22.329999923706055,21.860000610351562,22.010000228881836,53445700
INTC,2011-06-03,14.74162769317627,21.729999542236328,22.100000381469727,21.670000076293945,21.790000915527344,53937700
INTC,2011-06-06,14.809473991394043,21.829999923706055,21.950000762939453,21.65999984741211,21.739999771118164,49667100
INTC,2011-06-07,14.96550464630127,22.059999465942383,22.440000534057617,22.0,22.040000915527344,60300000
INTC,2011-06-08,14.802693367004395,21.81999969482422,22.1299991607666,21.729999542236328,21.959999084472656,49513200
INTC,2011-06-09,14.76198673248291,21.760000228881836,22.010000228881836,21.700000762939453,21.8700008392334,36986100
INTC,2011-06-10,14.504195213317871,21.3799991607666,21.799999237060547,21.260000228881836,21.729999542236328,53233300
INTC,2011-06-13,14.510982513427734,21.389999389648438,21.600000381469727,21.280000686645508,21.43000030517578,43550000
INTC,2011-06-14,14.802693367004395,21.81999969482422,21.920000076293945,21.549999237060547,21.600000381469727,51995000
INTC,2011-06-15,14.531327247619629,21.420000076293945,21.829999923706055,21.399999618530273,21.68000030517578,48556700
INTC,2011-06-16,14.531327247619629,21.420000076293945,21.790000915527344,21.270000457763672,21.459999084472656,53634800
INTC,2011-06-17,14.375296592712402,21.190000534057617,21.68000030517578,21.06999969482422,21.68000030517578,96504000
INTC,2011-06-20,14.4702730178833,21.329999923706055,21.420000076293945,21.170000076293945,21.190000534057617,37358400
INTC,2011-06-21,14.687362670898438,21.649999618530273,21.690000534057617,21.219999313354492,21.459999084472656,55384300
INTC,2011-06-22,14.517755508422852,21.399999618530273,21.610000610351562,21.3799991607666,21.540000915527344,37679600
INTC,2011-06-23,14.72806167602539,21.709999084472656,21.719999313354492,21.059999465942383,21.200000762939453,54189000
INTC,2011-06-24,14.382084846496582,21.200000762939453,21.739999771118164,21.18000030517578,21.610000610351562,124407700
INTC,2011-06-27,14.477054595947266,21.34000015258789,21.479999542236328,21.0,21.170000076293945,45183400
INTC,2011-06-28,14.578818321228027,21.489999771118164,21.540000915527344,21.260000228881836,21.420000076293945,36515100
INTC,2011-06-29,14.510982513427734,21.389999389648438,21.56999969482422,21.309999465942383,21.530000686645508,31660400
INTC,2011-06-30,15.033346176147461,22.15999984741211,22.219999313354492,21.479999542236328,21.479999542236328,53930200
INTC,2011-07-01,15.284358024597168,22.530000686645508,22.579999923706055,22.100000381469727,22.209999084472656,35837100
INTC,2011-07-05,15.223299026489258,22.440000534057617,22.690000534057617,22.360000610351562,22.690000534057617,33358200
INTC,2011-07-06,15.43359661102295,22.75,22.81999969482422,22.440000534057617,22.450000762939453,43269800
INTC,2011-07-07,15.759234428405762,23.229999542236328,23.389999389648438,22.860000610351562,22.889999389648438,53107000
INTC,2011-07-08,15.664257049560547,23.09000015258789,23.200000762939453,22.809999465942383,22.959999084472656,35838800
INTC,2011-07-11,15.501443862915039,22.850000381469727,22.979999542236328,22.729999542236328,22.84000015258789,34663100
INTC,2011-07-12,15.230079650878906,22.450000762939453,22.719999313354492,22.239999771118164,22.6200008392334,51048100
INTC,2011-07-13,15.2504301071167,22.479999542236328,22.729999542236328,22.31999969482422,22.56999969482422,43265500
INTC,2011-07-14,15.107972145080566,22.270000457763672,22.700000762939453,22.209999084472656,22.559999465942383,47571900
INTC,2011-07-15,15.175808906555176,22.3700008392334,22.559999465942383,22.200000762939453,22.270000457763672,49959400
INTC,2011-07-18,15.114752769470215,22.280000686645508,22.43000030517578,22.079999923706055,22.290000915527344,45195400
INTC,2011-07-19,15.643902778625488,23.059999465942383,23.100000381469727,22.440000534057617,22.440000534057617,55706900
INTC,2011-07-20,15.596416473388672,22.989999771118164,23.219999313354492,22.899999618530273,23.100000381469727,57158800
INTC,2011-07-21,15.474302291870117,22.809999465942383,22.8799991607666,22.170000076293945,22.350000381469727,80125400
INTC,2011-07-22,15.691391944885254,23.1299991607666,23.25,22.780000686645508,22.940000534057617,45085500
INTC,2011-07-25,15.623547554016113,23.030000686645508,23.280000686645508,22.799999237060547,22.940000534057617,40716100
INTC,2011-07-26,15.535362243652344,22.899999618530273,23.149999618530273,22.829999923706055,23.030000686645508,45573600
INTC,2011-07-27,15.284358024597168,22.530000686645508,22.75,22.350000381469727,22.649999618530273,59198500
INTC,2011-07-28,15.297921180725098,22.549999237060547,22.8799991607666,22.329999923706055,22.469999313354492,36736700
INTC,2011-07-29,15.148673057556152,22.329999923706055,22.6200008392334,22.219999313354492,22.350000381469727,51897500
INTC,2011-08-01,15.08761978149414,22.239999771118164,22.690000534057617,21.899999618530273,22.56999969482422,51674300
INTC,2011-08-02,14.73485279083252,21.719999313354492,22.190000534057617,21.709999084472656,22.010000228881836,56976600
INTC,2011-08-03,14.940354347229004,21.809999465942383,21.969999313354492,21.350000381469727,21.600000381469727,65640300
INTC,2011-08-04,14.282734870910645,20.850000381469727,21.809999465942383,20.84000015258789,21.469999313354492,86743900
INTC,2011-08-05,14.241636276245117,20.790000915527344,21.200000762939453,20.209999084472656,21.0,101800300
INTC,2011-08-08,13.775816917419434,20.110000610351562,20.8700008392334,20.079999923706055,20.239999771118164,137491600
INTC,2011-08-09,14.111479759216309,20.600000381469727,20.6200008392334,19.520000457763672,20.280000686645508,116628500
INTC,2011-08-10,13.652512550354004,19.93000030517578,20.510000228881836,19.770000457763672,20.270000457763672,95403800
INTC,2011-08-11,14.221088409423828,20.760000228881836,21.0,20.06999969482422,20.139999389648438,75327100
INTC,2011-08-12,14.145731925964355,20.649999618530273,20.90999984741211,20.559999465942383,20.780000686645508,54183200
INTC,2011-08-15,14.310134887695312,20.889999389648438,20.93000030517578,20.6299991607666,20.75,46288900
INTC,2011-08-16,14.241636276245117,20.790000915527344,21.06999969482422,20.5,20.739999771118164,44763700
INTC,2011-08-17,14.15943431854248,20.670000076293945,20.979999542236328,20.399999618530273,20.579999923706055,51304900
INTC,2011-08-18,13.542913436889648,19.770000457763672,20.18000030517578,19.549999237060547,20.149999618530273,92196400
INTC,2011-08-19,13.14559555053711,19.190000534057617,19.959999084472656,19.15999984741211,19.610000610351562,79157400
INTC,2011-08-22,13.275752067565918,19.3799991607666,19.68000030517578,19.260000228881836,19.549999237060547,48904000
INTC,2011-08-23,13.501812934875488,19.709999084472656,19.709999084472656,19.299999237060547,19.360000610351562,54210800
INTC,2011-08-24,13.563462257385254,19.799999237060547,19.8799991607666,19.3700008392334,19.579999923706055,53521400
INTC,2011-08-25,13.30315113067627,19.420000076293945,19.8799991607666,19.399999618530273,19.829999923706055,51597200
INTC,2011-08-26,13.542913436889648,19.770000457763672,19.969999313354492,19.270000457763672,19.43000030517578,53819400
INTC,2011-08-29,13.905967712402344,20.299999237060547,20.309999465942383,19.829999923706055,19.940000534057617,40646100
INTC,2011-08-30,13.864870071411133,20.239999771118164,20.350000381469727,19.920000076293945,20.190000534057617,39098800
INTC,2011-08-31,13.789519309997559,20.1299991607666,20.40999984741211,20.020000457763672,20.229999542236328,55288500
INTC,2011-09-01,13.693615913391113,19.989999771118164,20.350000381469727,19.989999771118164,20.280000686645508,40781200
INTC,2011-09-02,13.453856468200684,19.639999389648438,19.93000030517578,19.56999969482422,19.799999237060547,42807600
INTC,2011-09-06,13.385358810424805,19.540000915527344,19.579999923706055,19.15999984741211,19.25,44255600
INTC,2011-09-07,13.755268096923828,20.079999923706055,20.139999389648438,19.860000610351562,20.020000457763672,46090100
INTC,2011-09-08,13.631961822509766,19.899999618530273,20.299999237060547,19.809999465942383,20.049999237060547,42985100
INTC,2011-09-09,13.494956970214844,19.700000762939453,20.219999313354492,19.65999984741211,19.75,61406600
INTC,2011-09-12,13.892276763916016,20.280000686645508,20.290000915527344,19.520000457763672,19.530000686645508,53318000
INTC,2011-09-13,14.221088409423828,20.760000228881836,20.899999618530273,20.209999084472656,20.31999969482422,60222400
INTC,2011-09-14,14.467693328857422,21.1200008392334,21.399999618530273,20.709999084472656,20.889999389648438,58352700
INTC,2011-09-15,14.755403518676758,21.540000915527344,21.670000076293945,21.219999313354492,21.309999465942383,53239300
INTC,2011-09-16,15.04996109008789,21.969999313354492,22.09000015258789,21.43000030517578,21.649999618530273,90738900
INTC,2011-09-19,15.022558212280273,21.93000030517578,22.059999465942383,21.6299991607666,21.770000457763672,57738000
INTC,2011-09-20,15.207521438598633,22.200000762939453,22.469999313354492,21.860000610351562,21.989999771118164,71495200
INTC,2011-09-21,15.029411315917969,21.940000534057617,22.5,21.899999618530273,22.18000030517578,66811700
INTC,2011-09-22,14.810198783874512,21.6200008392334,21.899999618530273,21.34000015258789,21.549999237060547,94232800
INTC,2011-09-23,15.180115699768066,22.15999984741211,22.270000457763672,21.219999313354492,21.389999389648438,74135600
INTC,2011-09-26,15.234918594360352,22.239999771118164,22.440000534057617,21.790000915527344,22.15999984741211,64847800
INTC,2011-09-27,15.440425872802734,22.540000915527344,22.979999542236328,22.3700008392334,22.5,88219700
INTC,2011-09-28,15.282864570617676,22.309999465942383,22.709999084472656,22.299999237060547,22.610000610351562,74789100
INTC,2011-09-29,15.214364051818848,22.209999084472656,22.600000381469727,21.8700008392334,22.3799991607666,85510500
INTC,2011-09-30,14.618392944335938,21.34000015258789,22.06999969482422,21.329999923706055,21.93000030517578,64453700
INTC,2011-10-03,14.125184059143066,20.6200008392334,21.399999618530273,20.56999969482422,21.18000030517578,95768300
INTC,2011-10-04,14.536195755004883,21.219999313354492,21.270000457763672,20.399999618530273,20.450000762939453,77896900
INTC,2011-10-05,14.967759132385254,21.850000381469727,21.969999313354492,21.059999465942383,21.25,70932100
INTC,2011-10-06,15.091060638427734,22.030000686645508,22.049999237060547,21.670000076293945,21.920000076293945,58483000
INTC,2011-10-07,15.269171714782715,22.290000915527344,22.5,21.90999984741211,22.06999969482422,58425800
INTC,2011-10-10,15.673334121704102,22.8799991607666,22.889999389648438,22.469999313354492,22.479999542236328,40172800
INTC,2011-10-11,15.748682975769043,22.989999771118164,23.0,22.610000610351562,22.760000228881836,50604700
INTC,2011-10-12,15.837738037109375,23.1200008392334,23.280000686645508,22.979999542236328,23.0,59913300
INTC,2011-10-13,16.022689819335938,23.389999389648438,23.459999084472656,22.959999084472656,23.020000457763672,51288900
INTC,2011-10-14,16.098037719726562,23.5,23.5,23.25,23.440000534057617,44894100
INTC,2011-10-17,15.947340965270996,23.280000686645508,23.600000381469727,23.139999389648438,23.31999969482422,47936100
INTC,2011-10-18,16.029544830322266,23.399999618530273,23.489999771118164,23.06999969482422,23.170000076293945,85272200
INTC,2011-10-19,16.604963302612305,24.239999771118164,24.5,23.860000610351562,24.010000228881836,139956200
INTC,2011-10-20,16.173402786254883,23.610000610351562,23.8799991607666,23.350000381469727,23.8799991607666,88682000
INTC,2011-10-21,16.461109161376953,24.030000686645508,24.25,23.799999237060547,23.860000610351562,123273100
INTC,2011-10-24,16.844722747802734,24.59000015258789,24.790000915527344,24.020000457763672,24.049999237060547,138273600
INTC,2011-10-25,16.872121810913086,24.6299991607666,24.850000381469727,24.389999389648438,24.469999313354492,60939200
INTC,2011-10-26,16.920076370239258,24.700000762939453,24.84000015258789,24.34000015258789,24.799999237060547,58249900
INTC,2011-10-27,17.21463394165039,25.1299991607666,25.200000762939453,24.850000381469727,24.93000030517578,84559200
INTC,2011-10-28,17.111873626708984,24.979999542236328,25.030000686645508,24.729999542236328,24.8700008392334,44897400
INTC,2011-10-31,16.810470581054688,24.540000915527344,24.920000076293945,24.489999771118164,24.56999969482422,43121800
INTC,2011-11-01,16.37205696105957,23.899999618530273,24.350000381469727,23.81999969482422,24.110000610351562,68002400
INTC,2011-11-02,16.33780860900879,23.850000381469727,24.059999465942383,23.549999237060547,24.020000457763672,56626000
INTC,2011-11-03,16.724830627441406,24.200000762939453,24.229999542236328,23.280000686645508,23.790000915527344,58297700
INTC,2011-11-04,16.406919479370117,23.739999771118164,24.06999969482422,23.65999984741211,24.040000915527344,46476000
INTC,2011-11-07,16.78011131286621,24.280000686645508,24.309999465942383,23.6299991607666,23.700000762939453,51137900
INTC,2011-11-08,17.104936599731445,24.75,24.770000457763672,24.260000228881836,24.479999542236328,55961900
INTC,2011-11-09,16.47602653503418,23.84000015258789,24.31999969482422,23.799999237060547,24.239999771118164,56872200
INTC,2011-11-10,16.62807273864746,24.059999465942383,24.25,23.739999771118164,24.139999389648438,45508700
INTC,2011-11-11,17.174043655395508,24.850000381469727,24.899999618530273,24.299999237060547,24.309999465942383,43867200
INTC,2011-11-14,17.022001266479492,24.6299991607666,24.899999618530273,24.479999542236328,24.780000686645508,49418100
INTC,2011-11-15,17.512685775756836,25.34000015258789,25.459999084472656,24.6200008392334,24.65999984741211,77391300
INTC,2011-11-16,17.236249923706055,24.940000534057617,25.5,24.8799991607666,25.1299991607666,74241700
INTC,2011-11-17,16.821578979492188,24.34000015258789,24.950000762939453,24.1200008392334,24.899999618530273,62125300
INTC,2011-11-18,16.78702163696289,24.290000915527344,24.43000030517578,24.020000457763672,24.170000076293945,45683600
INTC,2011-11-21,16.289426803588867,23.56999969482422,24.149999618530273,23.350000381469727,24.030000686645508,58579300
INTC,2011-11-22,16.061365127563477,23.239999771118164,23.530000686645508,23.09000015258789,23.3799991607666,48479200
INTC,2011-11-23,15.688164710998535,22.700000762939453,23.139999389648438,22.690000534057617,23.040000915527344,52698400
INTC,2011-11-25,15.70889663696289,22.729999542236328,23.219999313354492,22.510000228881836,22.549999237060547,28346900
INTC,2011-11-28,16.213401794433594,23.459999084472656,23.56999969482422,23.25,23.280000686645508,39753000
INTC,2011-11-29,16.296335220336914,23.579999923706055,23.899999618530273,23.420000076293945,23.489999771118164,44191100
INTC,2011-11-30,17.21550750732422,24.90999984741211,24.940000534057617,24.229999542236328,24.280000686645508,73450200
INTC,2011-12-01,17.22242546081543,24.920000076293945,24.969999313354492,24.399999618530273,24.8700008392334,51820400
INTC,2011-12-02,17.028911590576172,24.639999389648438,25.139999389648438,24.600000381469727,25.010000228881836,41486500
INTC,2011-12-05,17.284624099731445,25.010000228881836,25.200000762939453,24.790000915527344,25.030000686645508,42526800
INTC,2011-12-06,17.519601821899414,25.350000381469727,25.479999542236328,25.0,25.09000015258789,49516000
INTC,2011-12-07,17.733844757080078,25.65999984741211,25.780000686645508,25.1299991607666,25.329999923706055,54791500
INTC,2011-12-08,17.077293395996094,24.709999084472656,25.530000686645508,24.6299991607666,25.450000762939453,58000600
INTC,2011-12-09,17.284624099731445,25.010000228881836,25.100000381469727,24.3799991607666,24.40999984741211,44071500
INTC,2011-12-12,16.586605072021484,24.0,24.290000915527344,23.610000610351562,24.18000030517578,94831300
INTC,2011-12-13,16.282514572143555,23.559999465942383,24.059999465942383,23.420000076293945,24.049999237060547,78519000
INTC,2011-12-14,16.109737396240234,23.309999465942383,23.559999465942383,23.139999389648438,23.479999542236328,56395100
INTC,2011-12-15,16.109737396240234,23.309999465942383,23.670000076293945,23.25,23.579999923706055,38692600
INTC,2011-12-16,16.05445098876953,23.229999542236328,23.889999389648438,23.229999542236328,23.469999313354492,94567200
INTC,2011-12-19,15.964609146118164,23.100000381469727,23.479999542236328,23.049999237060547,23.389999389648438,42243000
INTC,2011-12-20,16.47602653503418,23.84000015258789,23.979999542236328,23.440000534057617,23.489999771118164,46309500
INTC,2011-12-21,16.36545181274414,23.68000030517578,24.09000015258789,23.43000030517578,23.950000762939453,45222100
INTC,2011-12-22,16.60042381286621,24.020000457763672,24.100000381469727,23.760000228881836,23.829999923706055,32002200
INTC,2011-12-23,16.863048553466797,24.399999618530273,24.399999618530273,24.040000915527344,24.1299991607666,24832700
INTC,2011-12-27,16.97362518310547,24.559999465942383,24.700000762939453,24.399999618530273,24.450000762939453,24136000
INTC,2011-12-28,16.745563507080078,24.229999542236328,24.559999465942383,24.18000030517578,24.520000457763672,23703400
INTC,2011-12-29,16.966712951660156,24.549999237060547,24.579999923706055,24.280000686645508,24.360000610351562,22319300
INTC,2011-12-30,16.759382247924805,24.25,24.6200008392334,24.25,24.43000030517578,21710100
INTC,2012-01-03,16.959802627563477,24.540000915527344,24.889999389648438,24.389999389648438,24.6200008392334,44845600
INTC,2012-01-04,17.35373878479004,25.110000610351562,25.1299991607666,24.530000686645508,24.56999969482422,47504000
INTC,2012-01-05,17.554153442382812,25.399999618530273,25.450000762939453,24.979999542236328,25.059999465942383,49490600
INTC,2012-01-06,17.45048713684082,25.25,25.399999618530273,25.010000228881836,25.209999084472656,36343500
INTC,2012-01-09,17.60253143310547,25.469999313354492,25.559999465942383,25.219999313354492,25.399999618530273,47478600
INTC,2012-01-10,17.68545913696289,25.59000015258789,25.920000076293945,25.510000228881836,25.709999084472656,41060900
INTC,2012-01-11,17.830598831176758,25.799999237060547,25.889999389648438,25.34000015258789,25.43000030517578,57170000
INTC,2012-01-12,17.796043395996094,25.75,25.899999618530273,25.540000915527344,25.850000381469727,44420500
INTC,2012-01-13,17.374465942382812,25.139999389648438,25.719999313354492,25.100000381469727,25.690000534057617,63313400
INTC,2012-01-17,17.305360794067383,25.040000915527344,25.399999618530273,24.969999313354492,25.18000030517578,60438600
INTC,2012-01-18,17.547250747680664,25.389999389648438,25.479999542236328,25.010000228881836,25.1299991607666,62687000
INTC,2012-01-19,17.71310806274414,25.6299991607666,25.68000030517578,25.3700008392334,25.520000457763672,64946300
INTC,2012-01-20,18.231441497802734,26.3799991607666,26.469999313354492,25.5,25.8700008392334,101272500
INTC,2012-01-23,18.459508895874023,26.709999084472656,26.889999389648438,26.34000015258789,26.350000381469727,69663500
INTC,2012-01-24,18.590824127197266,26.899999618530273,26.979999542236328,26.610000610351562,26.700000762939453,56220400
INTC,2012-01-25,18.590824127197266,26.899999618530273,26.950000762939453,26.5,26.84000015258789,54757900
INTC,2012-01-26,18.487150192260742,26.75,27.0,26.600000381469727,26.950000762939453,61678200
INTC,2012-01-27,18.473323822021484,26.729999542236328,26.84000015258789,26.59000015258789,26.65999984741211,50587400
INTC,2012-01-30,18.48024559020996,26.739999771118164,26.799999237060547,26.270000457763672,26.510000228881836,60694100
INTC,2012-01-31,18.259084701538086,26.420000076293945,26.799999237060547,26.280000686645508,26.790000915527344,45325300
INTC,2012-02-01,18.34893035888672,26.549999237060547,26.84000015258789,26.510000228881836,26.739999771118164,46330600
INTC,2012-02-02,18.307458877563477,26.489999771118164,26.739999771118164,26.459999084472656,26.59000015258789,34780300
INTC,2012-02-03,18.627914428710938,26.739999771118164,26.950000762939453,26.579999923706055,26.670000076293945,42191600
INTC,2012-02-06,18.613981246948242,26.719999313354492,26.729999542236328,26.360000610351562,26.549999237060547,36772600
INTC,2012-02-07,18.558250427246094,26.639999389648438,26.739999771118164,26.43000030517578,26.6299991607666,33101300
INTC,2012-02-08,18.704547882080078,26.850000381469727,26.989999771118164,26.610000610351562,26.65999984741211,37072100
INTC,2012-02-09,18.711509704589844,26.860000610351562,27.0,26.790000915527344,26.90999984741211,35754200
INTC,2012-02-10,18.600053787231445,26.700000762939453,26.790000915527344,26.450000762939453,26.739999771118164,33616000
INTC,2012-02-13,18.600053787231445,26.700000762939453,26.84000015258789,26.520000457763672,26.829999923706055,24723000
INTC,2012-02-14,18.655784606933594,26.780000686645508,26.780000686645508,26.5,26.56999969482422,25409300
INTC,2012-02-15,18.516454696655273,26.579999923706055,26.8799991607666,26.5,26.8799991607666,35832700
INTC,2012-02-16,18.690608978271484,26.829999923706055,26.950000762939453,26.350000381469727,26.399999618530273,42450700
INTC,2012-02-17,19.066789627075195,27.3700008392334,27.5,26.81999969482422,26.860000610351562,74254100
INTC,2012-02-21,18.920503616333008,27.15999984741211,27.3700008392334,27.010000228881836,27.34000015258789,34911800
INTC,2012-02-22,18.620946884155273,26.729999542236328,27.350000381469727,26.510000228881836,27.059999465942383,51973800
INTC,2012-02-23,18.572179794311523,26.65999984741211,26.860000610351562,26.350000381469727,26.559999465942383,33800100
INTC,2012-02-24,18.600053787231445,26.700000762939453,26.799999237060547,26.450000762939453,26.719999313354492,39309500
INTC,2012-02-27,18.732410430908203,26.889999389648438,27.200000762939453,26.450000762939453,26.520000457763672,46022400
INTC,2012-02-28,18.97623062133789,27.239999771118164,27.299999237060547,26.81999969482422,26.93000030517578,32820500
INTC,2012-02-29,18.725448608398438,26.8799991607666,27.299999237060547,26.84000015258789,27.25,41856200
INTC,2012-03-01,18.711509704589844,26.860000610351562,27.139999389648438,26.709999084472656,27.059999465942383,39413000
INTC,2012-03-02,18.753305435180664,26.920000076293945,27.030000686645508,26.770000457763672,26.899999618530273,29632800
INTC,2012-03-05,18.48859977722168,26.540000915527344,26.90999984741211,26.360000610351562,26.90999984741211,32332200
INTC,2012-03-06,18.537355422973633,26.610000610351562,26.6299991607666,26.200000762939453,26.25,37196700
INTC,2012-03-07,18.746337890625,26.90999984741211,27.0,26.520000457763672,26.579999923706055,32720900
INTC,2012-03-08,18.69757843017578,26.84000015258789,27.040000915527344,26.75,27.0,37261600
INTC,2012-03-09,18.857799530029297,27.06999969482422,27.170000076293945,26.8700008392334,26.940000534057617,29396700
INTC,2012-03-12,18.802072525024414,26.989999771118164,27.079999923706055,26.90999984741211,27.0,24006900
INTC,2012-03-13,19.150386810302734,27.489999771118164,27.5,27.1200008392334,27.1200008392334,33796800
INTC,2012-03-14,19.129487991333008,27.459999084472656,27.899999618530273,27.34000015258789,27.450000762939453,46835700
INTC,2012-03-15,19.331512451171875,27.75,27.850000381469727,27.43000030517578,27.5,34191900
INTC,2012-03-16,19.317577362060547,27.729999542236328,27.959999084472656,27.700000762939453,27.81999969482422,54672100
INTC,2012-03-19,19.324548721313477,27.739999771118164,27.899999618530273,27.540000915527344,27.65999984741211,26937200
INTC,2012-03-20,19.331512451171875,27.75,27.899999618530273,27.559999465942383,27.649999618530273,22684900
INTC,2012-03-21,19.352407455444336,27.780000686645508,27.889999389648438,27.700000762939453,27.790000915527344,22212900
INTC,2012-03-22,19.43600082397461,27.899999618530273,27.950000762939453,27.610000610351562,27.729999542236328,23395100
INTC,2012-03-23,19.422075271606445,27.8799991607666,27.989999771118164,27.68000030517578,27.940000534057617,24899500
INTC,2012-03-26,19.638025283813477,28.190000534057617,28.260000228881836,27.959999084472656,28.010000228881836,32799700
INTC,2012-03-27,19.638025283813477,28.190000534057617,28.280000686645508,28.06999969482422,28.239999771118164,24365100
INTC,2012-03-28,19.36634063720703,27.799999237060547,28.25,27.799999237060547,28.1299991607666,35152000
INTC,2012-03-29,19.617128372192383,28.15999984741211,28.18000030517578,27.670000076293945,27.75,39616000
INTC,2012-03-30,19.589262008666992,28.1200008392334,28.450000762939453,28.020000457763672,28.389999389648438,43024400
INTC,2012-04-02,19.770389556884766,28.3799991607666,28.450000762939453,27.989999771118164,28.040000915527344,28853500
INTC,2012-04-03,19.582300186157227,28.110000610351562,28.3700008392334,27.950000762939453,28.309999465942383,34152500
INTC,2012-04-04,19.456907272338867,27.93000030517578,28.030000686645508,27.600000381469727,27.8700008392334,30845100
INTC,2012-04-05,19.554428100585938,28.06999969482422,28.100000381469727,27.799999237060547,27.8700008392334,22033800
INTC,2012-04-09,19.338478088378906,27.760000228881836,27.899999618530273,27.59000015258789,27.729999542236328,22965500
INTC,2012-04-10,19.12252426147461,27.450000762939453,27.860000610351562,27.40999984741211,27.700000762939453,36272100
INTC,2012-04-11,19.401168823242188,27.850000381469727,28.0,27.6299991607666,27.68000030517578,26668200
INTC,2012-04-12,19.84005355834961,28.479999542236328,28.520000457763672,27.93000030517578,27.969999313354492,37053200
INTC,2012-04-13,19.568363189697266,28.09000015258789,28.389999389648438,28.079999923706055,28.350000381469727,34480900
INTC,2012-04-16,19.79128646850586,28.40999984741211,28.549999237060547,28.139999389648438,28.260000228881836,37480000
INTC,2012-04-17,19.83308982849121,28.469999313354492,28.780000686645508,28.40999984741211,28.450000762939453,61288000
INTC,2012-04-18,19.47083854675293,27.950000762939453,28.110000610351562,27.459999084472656,27.579999923706055,72249100
INTC,2012-04-19,19.289716720581055,27.690000534057617,28.09000015258789,27.440000534057617,27.8700008392334,43035900
INTC,2012-04-20,19.227018356323242,27.600000381469727,27.969999313354492,27.56999969482422,27.719999313354492,38058500
INTC,2012-04-23,19.12252426147461,27.450000762939453,27.56999969482422,27.239999771118164,27.329999923706055,37791200
INTC,2012-04-24,19.025001525878906,27.309999465942383,27.600000381469727,27.239999771118164,27.350000381469727,35010600
INTC,2012-04-25,19.408140182495117,27.860000610351562,27.90999984741211,27.350000381469727,27.43000030517578,40854600
INTC,2012-04-26,19.658931732177734,28.219999313354492,28.299999237060547,27.75,27.799999237060547,46644900
INTC,2012-04-27,19.770389556884766,28.3799991607666,28.530000686645508,28.100000381469727,28.110000610351562,33310200
INTC,2012-04-30,19.784320831298828,28.399999618530273,28.540000915527344,28.290000915527344,28.420000076293945,28810500
INTC,2012-05-01,20.16747283935547,28.950000762939453,29.049999237060547,28.3700008392334,28.469999313354492,43316200
INTC,2012-05-02,20.327695846557617,29.18000030517578,29.270000457763672,28.719999313354492,28.81999969482422,40434700
INTC,2012-05-03,20.04000473022461,28.559999465942383,29.270000457763672,28.420000076293945,29.260000228881836,41219000
INTC,2012-05-04,19.57689666748047,27.899999618530273,28.3799991607666,27.84000015258789,28.31999969482422,34573600
INTC,2012-05-07,19.478660583496094,27.760000228881836,27.979999542236328,27.649999618530273,27.829999923706055,37385900
INTC,2012-05-08,19.205007553100586,27.3700008392334,27.600000381469727,27.010000228881836,27.479999542236328,53087400
INTC,2012-05-09,19.078693389892578,27.190000534057617,27.350000381469727,26.75,27.079999923706055,40599300
INTC,2012-05-10,19.113788604736328,27.239999771118164,27.459999084472656,26.959999084472656,27.34000015258789,36239000
INTC,2012-05-11,19.38744354248047,27.6299991607666,27.950000762939453,27.200000762939453,27.260000228881836,34937400
INTC,2012-05-14,18.95941925048828,27.020000457763672,27.399999618530273,26.8799991607666,27.350000381469727,39447300
INTC,2012-05-15,18.86118507385254,26.8799991607666,27.25,26.81999969482422,27.049999237060547,35712100
INTC,2012-05-16,18.594539642333984,26.5,26.989999771118164,26.489999771118164,26.90999984741211,44629300
INTC,2012-05-17,18.377023696899414,26.190000534057617,26.65999984741211,26.190000534057617,26.469999313354492,31503200
INTC,2012-05-18,18.292816162109375,26.06999969482422,26.56999969482422,26.049999237060547,26.239999771118164,43444900
INTC,2012-05-21,18.34895133972168,26.149999618530273,26.190000534057617,25.68000030517578,26.059999465942383,41389400
INTC,2012-05-22,18.264755249023438,26.030000686645508,26.280000686645508,25.780000686645508,26.270000457763672,46037700
INTC,2012-05-23,17.85075569152832,25.440000534057617,25.510000228881836,24.920000076293945,25.469999313354492,61969600
INTC,2012-05-24,17.998109817504883,25.649999618530273,25.780000686645508,25.309999465942383,25.56999969482422,37129200
INTC,2012-05-25,18.061267852783203,25.739999771118164,25.850000381469727,25.56999969482422,25.719999313354492,19122200
INTC,2012-05-29,18.306852340698242,26.09000015258789,26.31999969482422,25.860000610351562,26.040000915527344,35052800
INTC,2012-05-30,18.334922790527344,26.1299991607666,26.190000534057617,25.799999237060547,25.899999618530273,33089800
INTC,2012-05-31,18.13143539428711,25.84000015258789,26.06999969482422,25.700000762939453,25.780000686645508,42240200
INTC,2012-06-01,17.640256881713867,25.139999389648438,25.709999084472656,25.1200008392334,25.399999618530273,40246400
INTC,2012-06-04,17.57008934020996,25.040000915527344,25.360000610351562,24.84000015258789,25.280000686645508,39903700
INTC,2012-06-05,17.84375,25.43000030517578,25.56999969482422,25.0,25.040000915527344,29491300
INTC,2012-06-06,18.292816162109375,26.06999969482422,26.110000610351562,25.43000030517578,25.510000228881836,33553600
INTC,2012-06-07,18.201597213745117,25.940000534057617,26.43000030517578,25.889999389648438,26.3700008392334,29534200
INTC,2012-06-08,18.531391143798828,26.40999984741211,26.479999542236328,25.850000381469727,25.8799991607666,26750500
INTC,2012-06-11,18.236684799194336,25.989999771118164,26.6299991607666,25.959999084472656,26.549999237060547,28041300
INTC,2012-06-12,18.60858154296875,26.520000457763672,26.540000915527344,26.049999237060547,26.1200008392334,29132000
INTC,2012-06-13,18.62261390686035,26.540000915527344,26.8700008392334,26.34000015258789,26.459999084472656,30496500
INTC,2012-06-14,18.93134880065918,26.979999542236328,27.059999465942383,26.420000076293945,26.579999923706055,38301200
INTC,2012-06-15,19.183956146240234,27.34000015258789,27.440000534057617,26.8799991607666,27.020000457763672,51838900
INTC,2012-06-18,19.240095138549805,27.420000076293945,27.610000610351562,27.219999313354492,27.290000915527344,30432300
INTC,2012-06-19,19.303241729736328,27.510000228881836,27.6299991607666,27.25,27.59000015258789,30060200
INTC,2012-06-20,19.39445686340332,27.639999389648438,27.75,27.3799991607666,27.479999542236328,28164900
INTC,2012-06-21,18.741899490356445,26.709999084472656,27.59000015258789,26.610000610351562,27.510000228881836,47571100
INTC,2012-06-22,18.90328025817871,26.940000534057617,26.959999084472656,26.670000076293945,26.8799991607666,100360700
INTC,2012-06-25,18.27878189086914,26.049999237060547,26.649999618530273,25.8799991607666,26.600000381469727,41787800
INTC,2012-06-26,18.25071907043457,26.010000228881836,26.280000686645508,25.739999771118164,26.15999984741211,34935400
INTC,2012-06-27,18.398069381713867,26.219999313354492,26.34000015258789,26.059999465942383,26.110000610351562,23642100
INTC,2012-06-28,18.124418258666992,25.829999923706055,26.030000686645508,25.450000762939453,26.0,40166600
INTC,2012-06-29,18.69978904724121,26.649999618530273,26.649999618530273,26.209999084472656,26.280000686645508,35082300
INTC,2012-07-02,18.713829040527344,26.670000076293945,26.729999542236328,26.389999389648438,26.510000228881836,21739700
INTC,2012-07-03,18.847152709960938,26.860000610351562,26.860000610351562,26.559999465942383,26.719999313354492,12515500
INTC,2012-07-05,18.629627227783203,26.549999237060547,26.84000015258789,26.3700008392334,26.809999465942383,20324500
INTC,2012-07-06,18.355968475341797,26.15999984741211,26.5,25.93000030517578,26.440000534057617,32515300
INTC,2012-07-09,18.36298942565918,26.170000076293945,26.209999084472656,25.809999465942383,26.049999237060547,27910200
INTC,2012-07-10,17.934961318969727,25.559999465942383,26.420000076293945,25.440000534057617,25.850000381469727,47231600
INTC,2012-07-11,17.81568145751953,25.389999389648438,25.6200008392334,25.219999313354492,25.56999969482422,34809100
INTC,2012-07-12,17.359582901000977,24.739999771118164,25.170000076293945,24.68000030517578,25.15999984741211,53147600
INTC,2012-07-13,17.717443466186523,25.25,25.389999389648438,24.760000228881836,24.799999237060547,35972100
INTC,2012-07-16,17.63323974609375,25.1299991607666,25.309999465942383,25.0,25.229999542236328,36984500
INTC,2012-07-17,17.808656692504883,25.3799991607666,25.65999984741211,24.850000381469727,25.329999923706055,63631500
INTC,2012-07-18,18.391056060791016,26.209999084472656,26.420000076293945,25.049999237060547,25.200000762939453,67503500
INTC,2012-07-19,18.285797119140625,26.059999465942383,26.350000381469727,25.81999969482422,26.350000381469727,36555800
INTC,2012-07-20,17.90689468383789,25.520000457763672,26.0,25.5,25.8700008392334,48844000
INTC,2012-07-23,17.72446060180664,25.260000228881836,25.360000610351562,24.799999237060547,25.049999237060547,36378200
INTC,2012-07-24,17.549036026000977,25.010000228881836,25.219999313354492,24.790000915527344,25.190000534057617,33637600
INTC,2012-07-25,17.63323974609375,25.1299991607666,25.530000686645508,25.0,25.020000457763672,34407600
INTC,2012-07-26,17.89286231994629,25.5,25.84000015258789,25.34000015258789,25.59000015258789,37808200
INTC,2012-07-27,18.257736206054688,26.020000457763672,26.06999969482422,25.469999313354492,25.68000030517578,33344000
INTC,2012-07-30,18.075300216674805,25.760000228881836,26.200000762939453,25.68000030517578,25.979999542236328,25878100
INTC,2012-07-31,18.0331974029541,25.700000762939453,26.040000915527344,25.700000762939453,25.760000228881836,26616900
INTC,2012-08-01,18.19458770751953,25.93000030517578,26.0,25.670000076293945,25.829999923706055,29207700
INTC,2012-08-02,18.180557250976562,25.90999984741211,26.260000228881836,25.68000030517578,25.739999771118164,34309900
INTC,2012-08-03,18.566316604614258,26.229999542236328,26.350000381469727,25.979999542236328,26.25,30692600
INTC,2012-08-06,18.622940063476562,26.309999465942383,26.559999465942383,26.200000762939453,26.219999313354492,24613200
INTC,2012-08-07,18.757429122924805,26.5,26.639999389648438,26.350000381469727,26.459999084472656,27077800
INTC,2012-08-08,18.82820701599121,26.600000381469727,26.739999771118164,26.299999237060547,26.479999542236328,27034400
INTC,2012-08-09,18.898998260498047,26.700000762939453,26.889999389648438,26.56999969482422,26.639999389648438,26465300
INTC,2012-08-10,19.026409149169922,26.8799991607666,26.899999618530273,26.530000686645508,26.700000762939453,24930300
INTC,2012-08-13,18.891921997070312,26.690000534057617,26.829999923706055,26.40999984741211,26.760000228881836,23619700
INTC,2012-08-14,18.743274688720703,26.479999542236328,26.809999465942383,26.3799991607666,26.799999237060547,27470400
INTC,2012-08-15,18.594635009765625,26.270000457763672,26.469999313354492,26.190000534057617,26.229999542236328,26081000
INTC,2012-08-16,18.821136474609375,26.59000015258789,26.649999618530273,26.34000015258789,26.440000534057617,25699700
INTC,2012-08-17,18.637100219726562,26.329999923706055,26.6299991607666,26.209999084472656,26.56999969482422,30376900
INTC,2012-08-20,18.566316604614258,26.229999542236328,26.329999923706055,26.100000381469727,26.219999313354492,25600800
INTC,2012-08-21,18.48137664794922,26.110000610351562,26.34000015258789,25.989999771118164,26.329999923706055,31661300
INTC,2012-08-22,18.212400436401367,25.729999542236328,26.010000228881836,25.65999984741211,25.889999389648438,33619400
INTC,2012-08-23,17.724000930786133,25.040000915527344,25.59000015258789,24.93000030517578,25.579999923706055,51397600
INTC,2012-08-24,17.631986618041992,24.90999984741211,25.06999969482422,24.700000762939453,25.049999237060547,45187500
INTC,2012-08-27,17.582435607910156,24.84000015258789,24.940000534057617,24.75,24.860000610351562,34424700
INTC,2012-08-28,17.695688247680664,25.0,25.010000228881836,24.68000030517578,24.790000915527344,33119500
INTC,2012-08-29,17.46210479736328,24.670000076293945,24.959999084472656,24.540000915527344,24.93000030517578,60462600
INTC,2012-08-30,17.178970336914062,24.270000457763672,24.639999389648438,24.149999618530273,24.56999969482422,37182200
INTC,2012-08-31,17.575353622436523,24.829999923706055,25.0,24.479999542236328,24.5,43447800
INTC,2012-09-04,17.285154342651367,24.420000076293945,25.059999465942383,24.270000457763672,25.030000686645508,40688000
INTC,2012-09-05,17.263912200927734,24.389999389648438,24.780000686645508,24.190000534057617,24.399999618530273,38595800
INTC,2012-09-06,17.766468048095703,25.100000381469727,25.100000381469727,24.459999084472656,24.469999313354492,40187600
INTC,2012-09-07,17.122350692749023,24.190000534057617,24.700000762939453,24.010000228881836,24.1299991607666,86282100
INTC,2012-09-10,16.46406364440918,23.260000228881836,24.600000381469727,23.170000076293945,23.950000762939453,80584600
INTC,2012-09-11,16.52069854736328,23.34000015258789,23.649999618530273,23.200000762939453,23.299999237060547,54237700
INTC,2012-09-12,16.41452407836914,23.190000534057617,23.579999923706055,23.059999465942383,23.389999389648438,44862700
INTC,2012-09-13,16.534847259521484,23.360000610351562,23.40999984741211,22.829999923706055,23.010000228881836,52998300
INTC,2012-09-14,16.54193115234375,23.3700008392334,23.540000915527344,23.229999542236328,23.450000762939453,47983700
INTC,2012-09-17,16.499460220336914,23.309999465942383,23.440000534057617,23.15999984741211,23.290000915527344,36169000
INTC,2012-09-18,16.54193115234375,23.3700008392334,23.520000457763672,23.139999389648438,23.309999465942383,41948200
INTC,2012-09-19,16.386215209960938,23.149999618530273,23.510000228881836,23.139999389648438,23.5,39459800
INTC,2012-09-20,16.407447814941406,23.18000030517578,23.18000030517578,22.989999771118164,23.09000015258789,33083000
INTC,2012-09-21,16.372055053710938,23.1299991607666,23.270000457763672,23.010000228881836,23.219999313354492,56246600
INTC,2012-09-24,16.138469696044922,22.799999237060547,22.950000762939453,22.520000457763672,22.93000030517578,48846500
INTC,2012-09-25,15.954438209533691,22.540000915527344,22.969999313354492,22.510000228881836,22.950000762939453,49535100
INTC,2012-09-26,16.032299041748047,22.649999618530273,22.75,22.479999542236328,22.56999969482422,49734700
INTC,2012-09-27,16.343740463256836,23.09000015258789,23.139999389648438,22.649999618530273,22.760000228881836,43872200
INTC,2012-09-28,16.03937530517578,22.65999984741211,23.059999465942383,22.59000015258789,23.059999465942383,47920800
INTC,2012-10-01,16.11016082763672,22.760000228881836,23.170000076293945,22.68000030517578,22.75,55261300
INTC,2012-10-02,16.166778564453125,22.84000015258789,23.0,22.65999984741211,22.889999389648438,36381100
INTC,2012-10-03,15.961517333984375,22.549999237060547,22.969999313354492,22.489999771118164,22.860000610351562,49772700
INTC,2012-10-04,15.904885292053223,22.469999313354492,22.6200008392334,22.270000457763672,22.579999923706055,52980100
INTC,2012-10-05,16.05352783203125,22.68000030517578,22.899999618530273,22.579999923706055,22.65999984741211,38344600
INTC,2012-10-08,15.933199882507324,22.510000228881836,22.6200008392334,22.399999618530273,22.6200008392334,29698200
INTC,2012-10-09,15.501420021057129,21.899999618530273,22.190000534057617,21.850000381469727,22.15999984741211,66317400
INTC,2012-10-10,15.402332305908203,21.760000228881836,22.0,21.700000762939453,21.899999618530273,47188900
INTC,2012-10-11,15.34570598602295,21.68000030517578,21.8799991607666,21.520000457763672,21.8700008392334,36817700
INTC,2012-10-12,15.204134941101074,21.479999542236328,21.850000381469727,21.399999618530273,21.579999923706055,46274000
INTC,2012-10-15,15.381094932556152,21.729999542236328,21.899999618530273,21.5,21.530000686645508,49513800
INTC,2012-10-16,15.819951057434082,22.350000381469727,22.469999313354492,21.950000762939453,21.989999771118164,80707000
INTC,2012-10-17,15.423564910888672,21.790000915527344,21.979999542236328,21.270000457763672,21.270000457763672,99053800
INTC,2012-10-18,15.338629722595215,21.670000076293945,21.860000610351562,21.600000381469727,21.81999969482422,42921800
INTC,2012-10-19,15.05549430847168,21.270000457763672,21.690000534057617,21.219999313354492,21.670000076293945,55622300
INTC,2012-10-22,15.189977645874023,21.459999084472656,21.56999969482422,21.299999237060547,21.399999618530273,36500300
INTC,2012-10-23,15.281997680664062,21.59000015258789,21.770000457763672,21.299999237060547,21.31999969482422,47194400
INTC,2012-10-24,15.189977645874023,21.459999084472656,21.739999771118164,21.40999984741211,21.729999542236328,33237800
INTC,2012-10-25,15.352785110473633,21.690000534057617,21.75,21.510000228881836,21.579999923706055,79226400
INTC,2012-10-26,15.53681468963623,21.950000762939453,22.020000457763672,21.600000381469727,21.770000457763672,92415400
INTC,2012-10-31,15.31031322479248,21.6299991607666,22.09000015258789,21.59000015258789,22.010000228881836,40612800
INTC,2012-11-01,15.756247520446777,22.260000228881836,22.40999984741211,21.719999313354492,21.760000228881836,50359300
INTC,2012-11-02,15.61467456817627,22.059999465942383,22.540000915527344,22.020000457763672,22.389999389648438,51737600
INTC,2012-11-05,15.618250846862793,21.84000015258789,22.110000610351562,21.719999313354492,22.020000457763672,48797400
INTC,2012-11-06,15.539587020874023,21.729999542236328,22.0,21.6299991607666,21.729999542236328,49860500
INTC,2012-11-07,14.953187942504883,20.90999984741211,21.549999237060547,20.899999618530273,21.540000915527344,70960100
INTC,2012-11-08,14.895978927612305,20.829999923706055,21.1299991607666,20.81999969482422,20.899999618530273,38090000
INTC,2012-11-09,14.874528884887695,20.799999237060547,21.139999389648438,20.799999237060547,20.809999465942383,35017900
INTC,2012-11-12,14.853073120117188,20.770000457763672,20.90999984741211,20.649999618530273,20.8799991607666,27267000
INTC,2012-11-13,14.502663612365723,20.280000686645508,20.81999969482422,20.18000030517578,20.56999969482422,56379200
INTC,2012-11-14,14.27382755279541,19.959999084472656,20.5,19.950000762939453,20.420000076293945,58961300
INTC,2012-11-15,14.323885917663574,20.030000686645508,20.290000915527344,19.979999542236328,20.010000228881836,45733800
INTC,2012-11-16,14.438301086425781,20.190000534057617,20.260000228881836,19.770000457763672,20.06999969482422,50855500
INTC,2012-11-19,14.481212615966797,20.25,20.450000762939453,19.729999542236328,19.989999771118164,69433800
INTC,2012-11-20,13.95201587677002,19.510000228881836,19.8799991607666,19.350000381469727,19.8799991607666,85743300
INTC,2012-11-21,13.844749450683594,19.360000610351562,19.549999237060547,19.229999542236328,19.520000457763672,95636000
INTC,2012-11-23,14.10219669342041,19.719999313354492,19.84000015258789,19.510000228881836,19.530000686645508,51711900
INTC,2012-11-26,14.223769187927246,19.889999389648438,19.920000076293945,19.6200008392334,19.690000534057617,67047900
INTC,2012-11-27,14.252365112304688,19.93000030517578,20.190000534057617,19.920000076293945,19.950000762939453,44893200
INTC,2012-11-28,14.366789817810059,20.09000015258789,20.110000610351562,19.639999389648438,19.889999389648438,43226300
INTC,2012-11-29,13.966322898864746,19.530000686645508,20.040000915527344,19.459999084472656,19.829999923706055,64926300
INTC,2012-11-30,13.994927406311035,19.56999969482422,19.770000457763672,19.420000076293945,19.6299991607666,51427800
INTC,2012-12-03,13.973475456237793,19.540000915527344,19.920000076293945,19.5,19.8799991607666,50637000
INTC,2012-12-04,14.280976295471191,19.969999313354492,20.049999237060547,19.610000610351562,19.6299991607666,57942400
INTC,2012-12-05,14.195164680480957,19.850000381469727,20.020000457763672,19.739999771118164,19.940000534057617,45847000
INTC,2012-12-06,14.41684341430664,20.15999984741211,20.290000915527344,19.969999313354492,19.989999771118164,46291200
INTC,2012-12-07,14.41684341430664,20.15999984741211,20.360000610351562,20.030000686645508,20.329999923706055,41701200
INTC,2012-12-10,14.359636306762695,20.079999923706055,20.170000076293945,19.979999542236328,20.149999618530273,27273200
INTC,2012-12-11,14.76725959777832,20.649999618530273,20.739999771118164,20.149999618530273,20.15999984741211,51036500
INTC,2012-12-12,14.781562805175781,20.670000076293945,20.989999771118164,20.540000915527344,20.860000610351562,48354700
INTC,2012-12-13,14.652841567993164,20.489999771118164,20.920000076293945,20.440000534057617,20.6299991607666,41607600
INTC,2012-12-14,14.681446075439453,20.530000686645508,20.739999771118164,20.350000381469727,20.520000457763672,34149500
INTC,2012-12-17,14.710049629211426,20.56999969482422,20.690000534057617,20.360000610351562,20.549999237060547,34959900
INTC,2012-12-18,14.988944053649902,20.959999084472656,20.989999771118164,20.56999969482422,20.68000030517578,41601200
INTC,2012-12-19,15.089064598083496,21.100000381469727,21.309999465942383,20.860000610351562,21.06999969482422,52804600
INTC,2012-12-20,15.039000511169434,21.030000686645508,21.239999771118164,20.8799991607666,21.209999084472656,34005500
INTC,2012-12-21,14.853073120117188,20.770000457763672,20.850000381469727,20.479999542236328,20.65999984741211,61993100
INTC,2012-12-24,14.760107040405273,20.639999389648438,20.729999542236328,20.510000228881836,20.649999618530273,14193100
INTC,2012-12-26,14.76725959777832,20.649999618530273,20.93000030517578,20.639999389648438,20.739999771118164,22488700
INTC,2012-12-27,14.667140007019043,20.510000228881836,20.760000228881836,20.309999465942383,20.700000762939453,31704300
INTC,2012-12-28,14.466902732849121,20.229999542236328,20.489999771118164,20.209999084472656,20.350000381469727,25906900
INTC,2012-12-31,14.745809555053711,20.6200008392334,20.65999984741211,20.15999984741211,20.25,41139500
INTC,2013-01-02,15.28929328918457,21.3799991607666,21.3799991607666,21.049999237060547,21.149999618530273,47623000
INTC,2013-01-03,15.246384620666504,21.31999969482422,21.479999542236328,21.139999389648438,21.399999618530273,41054100
INTC,2013-01-04,15.131966590881348,21.15999984741211,21.389999389648438,21.049999237060547,21.360000610351562,30142500
INTC,2013-01-07,15.196328163146973,21.25,21.450000762939453,21.18000030517578,21.280000686645508,36352100
INTC,2013-01-08,15.081912994384766,21.09000015258789,21.559999465942383,21.020000457763672,21.229999542236328,48672000
INTC,2013-01-09,15.33935260772705,21.450000762939453,21.469999313354492,21.200000762939453,21.219999313354492,34290000
INTC,2013-01-10,15.589641571044922,21.799999237060547,21.81999969482422,21.530000686645508,21.610000610351562,44621600
INTC,2013-01-11,15.732670783996582,22.0,22.06999969482422,21.770000457763672,21.799999237060547,44944700
INTC,2013-01-14,15.732670783996582,22.0,22.1299991607666,21.75,21.979999542236328,35724500
INTC,2013-01-15,15.646854400634766,21.8799991607666,22.1299991607666,21.780000686645508,21.950000762939453,33990300
INTC,2013-01-16,15.811342239379883,22.110000610351562,22.200000762939453,21.850000381469727,21.90999984741211,36763700
INTC,2013-01-17,16.21895408630371,22.68000030517578,23.059999465942383,22.110000610351562,22.1200008392334,101020600
INTC,2013-01-18,15.196328163146973,21.25,21.440000534057617,21.030000686645508,21.360000610351562,143760400
INTC,2013-01-22,15.139120101928711,21.170000076293945,21.290000915527344,21.030000686645508,21.280000686645508,51127400
INTC,2013-01-23,15.096211433410645,21.110000610351562,21.219999313354492,21.040000915527344,21.200000762939453,42432300
INTC,2013-01-24,14.981792449951172,20.950000762939453,21.18000030517578,20.93000030517578,21.100000381469727,58396800
INTC,2013-01-25,14.988944053649902,20.959999084472656,21.06999969482422,20.8799991607666,21.040000915527344,107632800
INTC,2013-01-28,15.053308486938477,21.049999237060547,21.09000015258789,20.989999771118164,21.010000228881836,105398300
INTC,2013-01-29,15.217782974243164,21.280000686645508,21.299999237060547,21.010000228881836,21.09000015258789,105703100
INTC,2013-01-30,15.282148361206055,21.3700008392334,21.459999084472656,21.219999313354492,21.290000915527344,34151300
INTC,2013-01-31,15.046154022216797,21.040000915527344,21.31999969482422,21.020000457763672,21.299999237060547,36534100
INTC,2013-02-01,15.274994850158691,21.360000610351562,21.360000610351562,21.09000015258789,21.190000534057617,31867100
INTC,2013-02-04,15.131966590881348,21.15999984741211,21.3799991607666,21.149999618530273,21.299999237060547,38345600
INTC,2013-02-05,15.309052467346191,21.18000030517578,21.329999923706055,21.059999465942383,21.139999389648438,30076500
INTC,2013-02-06,15.171721458435059,20.989999771118164,21.200000762939453,20.90999984741211,21.15999984741211,32361000
INTC,2013-02-07,15.041618347167969,20.809999465942383,20.969999313354492,20.700000762939453,20.969999313354492,41015200
INTC,2013-02-08,15.178945541381836,21.0,21.09000015258789,20.8799991607666,20.899999618530273,28150100
INTC,2013-02-11,15.200639724731445,21.030000686645508,21.059999465942383,20.920000076293945,21.0,18897200
INTC,2013-02-12,15.316287994384766,21.190000534057617,21.25,20.989999771118164,21.030000686645508,28391400
INTC,2013-02-13,15.359655380249023,21.25,21.299999237060547,21.149999618530273,21.219999313354492,21267200
INTC,2013-02-14,15.345199584960938,21.229999542236328,21.280000686645508,21.059999465942383,21.1299991607666,35262200
INTC,2013-02-15,15.2656888961792,21.1200008392334,21.299999237060547,20.989999771118164,21.229999542236328,33809100
INTC,2013-02-19,15.244004249572754,21.09000015258789,21.209999084472656,21.059999465942383,21.18000030517578,31061600
INTC,2013-02-20,14.983793258666992,20.729999542236328,21.100000381469727,20.700000762939453,21.09000015258789,46119800
INTC,2013-02-21,14.636846542358398,20.25,20.760000228881836,20.1200008392334,20.75,60754500
INTC,2013-02-22,14.759730339050293,20.420000076293945,20.489999771118164,20.100000381469727,20.31999969482422,34534800
INTC,2013-02-25,14.622390747070312,20.229999542236328,20.649999618530273,20.229999542236328,20.56999969482422,41525600
INTC,2013-02-26,14.875375747680664,20.579999923706055,20.850000381469727,20.40999984741211,20.489999771118164,67247100
INTC,2013-02-27,15.128357887268066,20.93000030517578,21.040000915527344,20.510000228881836,20.600000381469727,46966600
INTC,2013-02-28,15.092212677001953,20.8799991607666,21.079999923706055,20.81999969482422,20.90999984741211,34808000
INTC,2013-03-01,15.200639724731445,21.030000686645508,21.190000534057617,20.65999984741211,20.790000915527344,45695700
INTC,2013-03-04,15.374110221862793,21.270000457763672,21.290000915527344,20.959999084472656,21.15999984741211,47545800
INTC,2013-03-05,15.547582626342773,21.510000228881836,21.59000015258789,21.299999237060547,21.34000015258789,38796400
INTC,2013-03-06,15.721055030822754,21.75,21.790000915527344,21.510000228881836,21.530000686645508,37188900
INTC,2013-03-07,15.822242736816406,21.889999389648438,21.989999771118164,21.75,21.799999237060547,42380000
INTC,2013-03-08,15.59818172454834,21.579999923706055,22.040000915527344,21.469999313354492,21.950000762939453,44990500
INTC,2013-03-11,15.677689552307129,21.690000534057617,21.739999771118164,21.280000686645508,21.530000686645508,42148200
INTC,2013-03-12,15.641550064086914,21.639999389648438,21.729999542236328,21.450000762939453,21.65999984741211,28617300
INTC,2013-03-13,15.656006813049316,21.65999984741211,21.700000762939453,21.459999084472656,21.559999465942383,24617400
INTC,2013-03-14,15.64877700805664,21.649999618530273,21.850000381469727,21.510000228881836,21.739999771118164,28836500
INTC,2013-03-15,15.453619003295898,21.3799991607666,21.700000762939453,21.270000457763672,21.610000610351562,52949600
INTC,2013-03-18,15.366874694824219,21.260000228881836,21.489999771118164,21.190000534057617,21.239999771118164,35154400
INTC,2013-03-19,15.280142784118652,21.139999389648438,21.360000610351562,21.010000228881836,21.260000228881836,42546000
INTC,2013-03-20,15.309052467346191,21.18000030517578,21.360000610351562,21.110000610351562,21.309999465942383,29919000
INTC,2013-03-21,15.207868576049805,21.040000915527344,21.139999389648438,20.899999618530273,21.010000228881836,32607200
INTC,2013-03-22,15.41747760772705,21.329999923706055,21.34000015258789,21.079999923706055,21.149999618530273,30803200
INTC,2013-03-25,15.287373542785645,21.149999618530273,21.420000076293945,21.079999923706055,21.389999389648438,32740700
INTC,2013-03-26,15.735509872436523,21.770000457763672,21.770000457763672,21.25,21.280000686645508,39548500
INTC,2013-03-27,15.778884887695312,21.829999923706055,21.979999542236328,21.510000228881836,21.6200008392334,45370900
INTC,2013-03-28,15.786109924316406,21.84000015258789,21.90999984741211,21.600000381469727,21.850000381469727,33336700
INTC,2013-04-01,15.489757537841797,21.43000030517578,21.700000762939453,21.31999969482422,21.670000076293945,33718100
INTC,2013-04-02,15.511442184448242,21.459999084472656,21.579999923706055,21.31999969482422,21.520000457763672,28166700
INTC,2013-04-03,15.215093612670898,21.049999237060547,21.5,21.010000228881836,21.450000762939453,36620800
INTC,2013-04-04,15.280142784118652,21.139999389648438,21.190000534057617,20.959999084472656,21.049999237060547,28702500
INTC,2013-04-05,15.135581016540527,20.940000534057617,20.969999313354492,20.75,20.940000534057617,36721600
INTC,2013-04-08,15.244004249572754,21.09000015258789,21.09000015258789,20.799999237060547,20.889999389648438,34213000
INTC,2013-04-09,15.721055030822754,21.75,21.889999389648438,21.059999465942383,21.110000610351562,61518700
INTC,2013-04-10,16.089689254760742,22.260000228881836,22.420000076293945,21.709999084472656,21.719999313354492,67102900
INTC,2013-04-11,15.778884887695312,21.829999923706055,21.90999984741211,21.489999771118164,21.729999542236328,59295600
INTC,2013-04-12,15.670461654663086,21.68000030517578,21.799999237060547,21.469999313354492,21.739999771118164,34028000
INTC,2013-04-15,15.453619003295898,21.3799991607666,21.709999084472656,21.360000610351562,21.5,38459200
INTC,2013-04-16,15.843941688537598,21.920000076293945,21.93000030517578,21.420000076293945,21.469999313354492,64767000
INTC,2013-04-17,15.851163864135742,21.93000030517578,22.139999389648438,21.56999969482422,21.790000915527344,79461200
INTC,2013-04-18,16.075231552124023,22.239999771118164,22.399999618530273,21.899999618530273,22.049999237060547,76237300
INTC,2013-04-19,16.21979522705078,22.440000534057617,22.450000762939453,22.209999084472656,22.270000457763672,49101000
INTC,2013-04-22,16.53782844543457,22.8799991607666,22.940000534057617,22.350000381469727,22.479999542236328,52817000
INTC,2013-04-23,16.89923667907715,23.3799991607666,23.450000762939453,22.93000030517578,22.979999542236328,62494100
INTC,2013-04-24,17.10161781311035,23.65999984741211,23.790000915527344,23.25,23.280000686645508,54282000
INTC,2013-04-25,16.89923667907715,23.3799991607666,23.8700008392334,23.31999969482422,23.649999618530273,109178000
INTC,2013-04-26,16.913692474365234,23.399999618530273,23.559999465942383,23.139999389648438,23.309999465942383,101377300
INTC,2013-04-29,17.173904418945312,23.760000228881836,23.829999923706055,23.399999618530273,23.440000534057617,102141600
INTC,2013-04-30,17.311241149902344,23.950000762939453,24.0,23.639999389648438,23.719999313354492,41468900
INTC,2013-05-01,17.340145111083984,23.989999771118164,24.170000076293945,23.809999465942383,23.81999969482422,38373800
INTC,2013-05-02,17.426883697509766,24.110000610351562,24.149999618530273,23.670000076293945,23.729999542236328,33486300
INTC,2013-05-03,17.481599807739258,23.959999084472656,24.219999313354492,23.950000762939453,24.219999313354492,30085800
INTC,2013-05-06,17.445119857788086,23.90999984741211,24.209999084472656,23.850000381469727,24.170000076293945,31009100
INTC,2013-05-07,17.62023162841797,24.149999618530273,24.25,23.940000534057617,23.969999313354492,38605600
INTC,2013-05-08,17.69318962097168,24.25,24.290000915527344,23.959999084472656,24.040000915527344,24900600
INTC,2013-05-09,17.77345085144043,24.360000610351562,24.56999969482422,24.100000381469727,24.200000762939453,31333900
INTC,2013-05-10,17.875591278076172,24.5,24.540000915527344,24.350000381469727,24.420000076293945,22554800
INTC,2013-05-13,17.56915283203125,24.079999923706055,24.489999771118164,24.030000686645508,24.40999984741211,28535200
INTC,2013-05-14,17.39405059814453,23.84000015258789,24.170000076293945,23.780000686645508,24.079999923706055,36694400
INTC,2013-05-15,17.656713485717773,24.200000762939453,24.200000762939453,23.809999465942383,23.889999389648438,33568900
INTC,2013-05-16,17.467018127441406,23.940000534057617,24.399999618530273,23.93000030517578,24.059999465942383,29812900
INTC,2013-05-17,17.53997802734375,24.040000915527344,24.219999313354492,23.899999618530273,24.1200008392334,36277400
INTC,2013-05-20,17.56915283203125,24.079999923706055,24.25,24.0,24.079999923706055,31324400
INTC,2013-05-21,17.62023162841797,24.149999618530273,24.25,24.0,24.100000381469727,37917900
INTC,2013-05-22,17.561859130859375,24.06999969482422,24.530000686645508,23.940000534057617,24.1299991607666,49686400
INTC,2013-05-23,17.547271728515625,24.049999237060547,24.1200008392334,23.84000015258789,23.8799991607666,38132900
INTC,2013-05-24,17.45241928100586,23.920000076293945,24.040000915527344,23.579999923706055,23.920000076293945,30861700
INTC,2013-05-28,17.56915283203125,24.079999923706055,24.399999618530273,24.0,24.15999984741211,31153700
INTC,2013-05-29,17.70778465270996,24.270000457763672,24.3799991607666,23.889999389648438,23.959999084472656,31653900
INTC,2013-05-30,17.664011001586914,24.209999084472656,24.5,24.209999084472656,24.280000686645508,26299900
INTC,2013-05-31,17.7150821685791,24.280000686645508,24.709999084472656,24.1299991607666,24.229999542236328,47793200
INTC,2013-06-03,18.415512084960938,25.239999771118164,25.450000762939453,24.829999923706055,24.8799991607666,76493500
INTC,2013-06-04,18.503070831298828,25.360000610351562,25.979999542236328,25.350000381469727,25.559999465942383,68515500
INTC,2013-06-05,18.021520614624023,24.700000762939453,25.280000686645508,24.649999618530273,25.110000610351562,53335200
INTC,2013-06-06,17.98503875732422,24.649999618530273,24.940000534057617,24.270000457763672,24.75,40020000
INTC,2013-06-07,17.941255569458008,24.59000015258789,24.700000762939453,24.219999313354492,24.399999618530273,35539400
INTC,2013-06-10,18.247697830200195,25.010000228881836,25.09000015258789,24.639999389648438,24.709999084472656,29780800
INTC,2013-06-11,18.0288143157959,24.709999084472656,25.079999923706055,24.6299991607666,24.829999923706055,27077800
INTC,2013-06-12,17.846412658691406,24.459999084472656,25.0,24.40999984741211,24.959999084472656,24535200
INTC,2013-06-13,18.233108520507812,24.989999771118164,25.010000228881836,24.399999618530273,24.459999084472656,27707000
INTC,2013-06-14,18.182035446166992,24.920000076293945,25.139999389648438,24.84000015258789,25.020000457763672,24762700
INTC,2013-06-17,18.313365936279297,25.100000381469727,25.350000381469727,24.90999984741211,25.110000610351562,42643200
INTC,2013-06-18,18.583324432373047,25.469999313354492,25.649999618530273,25.06999969482422,25.06999969482422,36674300
INTC,2013-06-19,18.240400314331055,25.0,25.68000030517578,25.0,25.489999771118164,28843900
INTC,2013-06-20,17.649417877197266,24.190000534057617,24.75,24.100000381469727,24.729999542236328,63565700
INTC,2013-06-21,17.656713485717773,24.200000762939453,24.350000381469727,24.09000015258789,24.309999465942383,67754000
INTC,2013-06-24,17.20435333251953,23.579999923706055,24.219999313354492,23.40999984741211,24.079999923706055,49145200
INTC,2013-06-25,17.423236846923828,23.8799991607666,23.940000534057617,23.56999969482422,23.829999923706055,34571300
INTC,2013-06-26,17.518081665039062,24.010000228881836,24.239999771118164,23.889999389648438,24.200000762939453,33645000
INTC,2013-06-27,17.547271728515625,24.049999237060547,24.350000381469727,24.010000228881836,24.100000381469727,25564500
INTC,2013-06-28,17.678607940673828,24.229999542236328,24.40999984741211,23.729999542236328,23.93000030517578,80413900
INTC,2013-07-01,17.43053436279297,23.889999389648438,24.420000076293945,23.84000015258789,24.350000381469727,29698200
INTC,2013-07-02,17.306495666503906,23.719999313354492,24.040000915527344,23.540000915527344,23.8700008392334,28290100
INTC,2013-07-03,17.33568572998047,23.760000228881836,23.899999618530273,23.450000762939453,23.700000762939453,18167200
INTC,2013-07-05,17.5545654296875,24.059999465942383,24.079999923706055,23.68000030517578,23.950000762939453,17830400
INTC,2013-07-08,16.9197998046875,23.190000534057617,23.90999984741211,23.030000686645508,23.860000610351562,68826600
INTC,2013-07-09,16.88332176208496,23.139999389648438,23.420000076293945,23.110000610351562,23.299999237060547,34739800
INTC,2013-07-10,16.963577270507812,23.25,23.299999237060547,22.639999389648438,23.139999389648438,50037500
INTC,2013-07-11,17.50349235534668,23.989999771118164,24.0,23.469999313354492,23.559999465942383,41313800
INTC,2013-07-12,17.437828063964844,23.899999618530273,24.0,23.649999618530273,23.950000762939453,34561900
INTC,2013-07-15,17.467018127441406,23.940000534057617,23.969999313354492,23.760000228881836,23.84000015258789,25650100
INTC,2013-07-16,17.69318962097168,24.25,24.299999237060547,23.899999618530273,24.0,34496100
INTC,2013-07-17,17.62023162841797,24.149999618530273,24.43000030517578,24.040000915527344,24.299999237060547,44084200
INTC,2013-07-18,16.95627784729004,23.239999771118164,23.610000610351562,23.15999984741211,23.469999313354492,77863900
INTC,2013-07-19,16.810354232788086,23.040000915527344,23.149999618530273,22.809999465942383,23.110000610351562,45866700
INTC,2013-07-22,16.613361358642578,22.770000457763672,23.1200008392334,22.729999542236328,23.06999969482422,35890900
INTC,2013-07-23,16.598766326904297,22.75,22.989999771118164,22.639999389648438,22.850000381469727,28521400
INTC,2013-07-24,16.730098724365234,22.93000030517578,23.0,22.6299991607666,22.93000030517578,33432700
INTC,2013-07-25,16.824951171875,23.059999465942383,23.059999465942383,22.81999969482422,22.850000381469727,114558100
INTC,2013-07-26,16.97087287902832,23.260000228881836,23.260000228881836,22.899999618530273,22.940000534057617,110474500
INTC,2013-07-29,16.95627784729004,23.239999771118164,23.299999237060547,23.06999969482422,23.170000076293945,85543100
INTC,2013-07-30,17.058422088623047,23.3799991607666,23.5,23.280000686645508,23.299999237060547,28855200
INTC,2013-07-31,17.029239654541016,23.34000015258789,23.459999084472656,23.260000228881836,23.3700008392334,27679200
INTC,2013-08-01,16.927093505859375,23.200000762939453,23.489999771118164,23.020000457763672,23.40999984741211,37832700
INTC,2013-08-02,16.94168472290039,23.219999313354492,23.219999313354492,23.0,23.18000030517578,36242100
INTC,2013-08-05,16.88642692565918,22.920000076293945,23.020000457763672,22.850000381469727,23.0,20869000
INTC,2013-08-06,16.798023223876953,22.799999237060547,22.93000030517578,22.709999084472656,22.8799991607666,28843300
INTC,2013-08-07,16.724353790283203,22.700000762939453,22.790000915527344,22.549999237060547,22.709999084472656,23350900
INTC,2013-08-08,16.540157318115234,22.450000762939453,22.780000686645508,22.40999984741211,22.75,34792500
INTC,2013-08-09,16.584360122680664,22.510000228881836,22.549999237060547,22.309999465942383,22.40999984741211,25145400
INTC,2013-08-12,16.68014144897461,22.639999389648438,22.700000762939453,22.450000762939453,22.479999542236328,23520400
INTC,2013-08-13,16.59172821044922,22.520000457763672,22.700000762939453,22.389999389648438,22.690000534057617,26099200
INTC,2013-08-14,16.628562927246094,22.56999969482422,22.739999771118164,22.350000381469727,22.399999618530273,23202500
INTC,2013-08-15,16.2307186126709,22.030000686645508,22.40999984741211,21.969999313354492,22.280000686645508,40451200
INTC,2013-08-16,16.142314910888672,21.90999984741211,22.190000534057617,21.889999389648438,22.059999465942383,30079000
INTC,2013-08-19,16.414915084838867,22.280000686645508,22.700000762939453,22.049999237060547,22.079999923706055,43412200
INTC,2013-08-20,16.59172821044922,22.520000457763672,22.68000030517578,22.299999237060547,22.309999465942383,32084300
INTC,2013-08-21,16.333864212036133,22.170000076293945,22.579999923706055,22.059999465942383,22.540000915527344,32403300
INTC,2013-08-22,16.40017318725586,22.260000228881836,22.389999389648438,22.170000076293945,22.260000228881836,17380600
INTC,2013-08-23,16.53278350830078,22.440000534057617,22.56999969482422,22.329999923706055,22.34000015258789,23088700
INTC,2013-08-26,16.407541275024414,22.270000457763672,22.520000457763672,22.229999542236328,22.399999618530273,22267800
INTC,2013-08-27,16.34859848022461,22.190000534057617,22.219999313354492,22.0,22.1200008392334,37638500
INTC,2013-08-28,16.422273635864258,22.290000915527344,22.40999984741211,22.1299991607666,22.200000762939453,28090000
INTC,2013-08-29,16.25282096862793,22.059999465942383,22.43000030517578,22.049999237060547,22.239999771118164,28303500
INTC,2013-08-30,16.19388198852539,21.979999542236328,22.25,21.899999618530273,22.239999771118164,33896300
INTC,2013-09-03,16.260194778442383,22.06999969482422,22.239999771118164,21.969999313354492,22.209999084472656,26427300
INTC,2013-09-04,16.68014144897461,22.639999389648438,22.780000686645508,22.280000686645508,22.3799991607666,37941800
INTC,2013-09-05,16.650665283203125,22.600000381469727,22.729999542236328,22.489999771118164,22.68000030517578,22552800
INTC,2013-09-06,16.702247619628906,22.670000076293945,22.81999969482422,22.399999618530273,22.690000534057617,27606600
INTC,2013-09-09,16.879064559936523,22.90999984741211,23.030000686645508,22.700000762939453,22.719999313354492,27770600
INTC,2013-09-10,16.930639266967773,22.979999542236328,23.1299991607666,22.93000030517578,23.06999969482422,31705400
INTC,2013-09-11,16.805383682250977,22.809999465942383,22.979999542236328,22.709999084472656,22.90999984741211,45815300
INTC,2013-09-12,16.67277717590332,22.6299991607666,22.84000015258789,22.600000381469727,22.780000686645508,29517900
INTC,2013-09-13,17.269542694091797,23.440000534057617,23.459999084472656,23.040000915527344,23.049999237060547,61134800
INTC,2013-09-16,17.23270606994629,23.389999389648438,23.709999084472656,23.350000381469727,23.6299991607666,30088500
INTC,2013-09-17,17.49057388305664,23.739999771118164,23.889999389648438,23.670000076293945,23.690000534057617,37540700
INTC,2013-09-18,17.60845184326172,23.899999618530273,23.920000076293945,23.559999465942383,23.850000381469727,31975400
INTC,2013-09-19,17.615816116333008,23.90999984741211,24.09000015258789,23.84000015258789,23.959999084472656,28261400
INTC,2013-09-20,17.512670516967773,23.770000457763672,23.959999084472656,23.56999969482422,23.940000534057617,47069000
INTC,2013-09-23,17.40216064453125,23.6200008392334,23.850000381469727,23.610000610351562,23.700000762939453,22437100
INTC,2013-09-24,17.461101531982422,23.700000762939453,23.850000381469727,23.579999923706055,23.579999923706055,24410100
INTC,2013-09-25,17.461101531982422,23.700000762939453,23.809999465942383,23.579999923706055,23.780000686645508,19879900
INTC,2013-09-26,17.247438430786133,23.40999984741211,23.799999237060547,23.200000762939453,23.75,32003300
INTC,2013-09-27,16.930639266967773,22.979999542236328,23.389999389648438,22.8799991607666,23.209999084472656,28924100
INTC,2013-09-30,16.88642692565918,22.920000076293945,23.170000076293945,22.600000381469727,22.719999313354492,32489600
INTC,2013-10-01,16.820119857788086,22.829999923706055,23.040000915527344,22.700000762939453,22.940000534057617,25888800
INTC,2013-10-02,16.86432456970215,22.889999389648438,22.899999618530273,22.670000076293945,22.709999084472656,23205400
INTC,2013-10-03,16.650665283203125,22.600000381469727,22.84000015258789,22.5,22.81999969482422,34888500
INTC,2013-10-04,16.805383682250977,22.809999465942383,22.850000381469727,22.600000381469727,22.600000381469727,22550000
INTC,2013-10-07,16.820119857788086,22.829999923706055,23.0,22.56999969482422,22.709999084472656,21321300
INTC,2013-10-08,16.562255859375,22.479999542236328,22.8799991607666,22.479999542236328,22.8700008392334,36111200
INTC,2013-10-09,16.64329719543457,22.59000015258789,22.959999084472656,22.479999542236328,22.510000228881836,40435400
INTC,2013-10-10,17.01905059814453,23.100000381469727,23.219999313354492,22.920000076293945,22.989999771118164,39189400
INTC,2013-10-11,17.13692855834961,23.260000228881836,23.260000228881836,22.81999969482422,22.829999923706055,24550600
INTC,2013-10-14,17.276914596557617,23.450000762939453,23.489999771118164,23.030000686645508,23.09000015258789,27176700
INTC,2013-10-15,17.23270606994629,23.389999389648438,23.59000015258789,23.31999969482422,23.399999618530273,42957700
INTC,2013-10-16,17.461101531982422,23.700000762939453,23.739999771118164,23.219999313354492,23.260000228881836,47723400
INTC,2013-10-17,17.623186111450195,23.920000076293945,23.940000534057617,23.489999771118164,23.579999923706055,28694900
INTC,2013-10-18,17.593719482421875,23.8799991607666,23.979999542236328,23.68000030517578,23.860000610351562,29579100
INTC,2013-10-21,17.785268783569336,24.139999389648438,24.170000076293945,23.81999969482422,23.940000534057617,35297600
INTC,2013-10-22,17.73369598388672,24.06999969482422,24.200000762939453,24.010000228881836,24.170000076293945,29010800
INTC,2013-10-23,17.49057388305664,23.739999771118164,24.049999237060547,23.559999465942383,23.93000030517578,31651100
INTC,2013-10-24,17.52004051208496,23.780000686645508,23.969999313354492,23.780000686645508,23.860000610351562,47590200
INTC,2013-10-25,17.858949661254883,24.239999771118164,24.239999771118164,24.020000457763672,24.110000610351562,59634700
INTC,2013-10-28,17.947359085083008,24.360000610351562,24.489999771118164,24.170000076293945,24.18000030517578,65581600
INTC,2013-10-29,18.06523895263672,24.520000457763672,24.670000076293945,24.350000381469727,24.399999618530273,29961700
INTC,2013-10-30,18.050498962402344,24.5,24.68000030517578,24.399999618530273,24.530000686645508,24091800
INTC,2013-10-31,18.028404235839844,24.469999313354492,24.729999542236328,24.43000030517578,24.520000457763672,30901400
INTC,2013-11-01,17.925254821777344,24.329999923706055,24.649999618530273,24.219999313354492,24.510000228881836,28302100
INTC,2013-11-04,17.873682022094727,24.260000228881836,24.399999618530273,24.149999618530273,24.31999969482422,26639800
INTC,2013-11-05,17.869972229003906,24.030000686645508,24.110000610351562,23.770000457763672,23.920000076293945,22849900
INTC,2013-11-06,18.033571243286133,24.25,24.309999465942383,23.889999389648438,24.059999465942383,25525700
INTC,2013-11-07,17.892276763916016,24.059999465942383,24.3799991607666,24.0,24.3700008392334,25631100
INTC,2013-11-08,17.914583206176758,24.09000015258789,24.1200008392334,23.84000015258789,24.030000686645508,31502900
INTC,2013-11-11,17.974079132080078,24.170000076293945,24.290000915527344,23.93000030517578,24.040000915527344,19236500
INTC,2013-11-12,18.16742706298828,24.43000030517578,24.5,23.979999542236328,23.989999771118164,37813500
INTC,2013-11-13,18.293848037719727,24.600000381469727,24.6200008392334,24.200000762939453,24.25,22990300
INTC,2013-11-14,18.137680053710938,24.389999389648438,24.5,24.350000381469727,24.43000030517578,20198900
INTC,2013-11-15,18.23435401916504,24.520000457763672,24.549999237060547,24.25,24.399999618530273,22866500
INTC,2013-11-18,18.293848037719727,24.600000381469727,24.700000762939453,24.479999542236328,24.610000610351562,24712500
INTC,2013-11-19,18.368215560913086,24.700000762939453,24.8700008392334,24.610000610351562,24.739999771118164,24870200
INTC,2013-11-20,18.264101028442383,24.559999465942383,24.81999969482422,24.459999084472656,24.700000762939453,20288600
INTC,2013-11-21,18.762346267700195,25.229999542236328,25.290000915527344,24.520000457763672,24.610000610351562,44050600
INTC,2013-11-22,17.75098419189453,23.8700008392334,24.510000228881836,23.84000015258789,24.5,77908100
INTC,2013-11-25,17.661746978759766,23.75,24.020000457763672,23.5,24.020000457763672,43389300
INTC,2013-11-26,17.587377548217773,23.649999618530273,23.84000015258789,23.520000457763672,23.790000915527344,30600800
INTC,2013-11-27,17.77328872680664,23.899999618530273,23.920000076293945,23.520000457763672,23.639999389648438,28419200
INTC,2013-11-29,17.728670120239258,23.84000015258789,23.989999771118164,23.760000228881836,23.899999618530273,13802900
INTC,2013-12-02,17.624563217163086,23.700000762939453,24.0,23.649999618530273,24.0,25685300
INTC,2013-12-03,17.51301383972168,23.549999237060547,23.729999542236328,23.399999618530273,23.690000534057617,35066400
INTC,2013-12-04,17.65431022644043,23.739999771118164,23.850000381469727,23.520000457763672,23.520000457763672,43501500
INTC,2013-12-05,18.04100799560547,24.260000228881836,24.350000381469727,23.75,23.81999969482422,45399100
INTC,2013-12-06,18.457448959350586,24.81999969482422,25.25,24.75,24.969999313354492,53871400
INTC,2013-12-09,18.539249420166016,24.93000030517578,25.079999923706055,24.68000030517578,24.84000015258789,29614700
INTC,2013-12-10,18.457448959350586,24.81999969482422,24.969999313354492,24.65999984741211,24.889999389648438,18203700
INTC,2013-12-11,18.159992218017578,24.420000076293945,24.8799991607666,24.399999618530273,24.739999771118164,24682400
INTC,2013-12-12,18.197175979614258,24.469999313354492,24.889999389648438,24.420000076293945,24.719999313354492,21917800
INTC,2013-12-13,18.06332015991211,24.290000915527344,24.489999771118164,24.15999984741211,24.209999084472656,20631200
INTC,2013-12-16,18.182300567626953,24.450000762939453,24.709999084472656,24.329999923706055,24.329999923706055,25061100
INTC,2013-12-17,18.33846664428711,24.65999984741211,24.770000457763672,24.3799991607666,24.420000076293945,28158500
INTC,2013-12-18,18.702861785888672,25.149999618530273,25.200000762939453,24.530000686645508,24.709999084472656,42680500
INTC,2013-12-19,18.695419311523438,25.139999389648438,25.239999771118164,24.889999389648438,25.1200008392334,31880600
INTC,2013-12-20,18.63592529296875,25.059999465942383,25.350000381469727,25.040000915527344,25.110000610351562,55380100
INTC,2013-12-23,18.82927894592285,25.31999969482422,25.43000030517578,25.18000030517578,25.270000457763672,28120800
INTC,2013-12-24,18.911081314086914,25.43000030517578,25.6200008392334,25.350000381469727,25.3799991607666,12157900
INTC,2013-12-26,19.11186408996582,25.700000762939453,25.700000762939453,25.43000030517578,25.43000030517578,16957000
INTC,2013-12-27,19.03750228881836,25.600000381469727,25.799999237060547,25.479999542236328,25.75,12970600
INTC,2013-12-30,19.22341537475586,25.850000381469727,25.850000381469727,25.600000381469727,25.670000076293945,19787200
INTC,2013-12-31,19.30521011352539,25.959999084472656,26.040000915527344,25.770000457763672,25.809999465942383,22808100
INTC,2014-01-02,19.178794860839844,25.790000915527344,25.81999969482422,25.469999313354492,25.780000686645508,31833300
INTC,2014-01-03,19.171356201171875,25.780000686645508,25.899999618530273,25.600000381469727,25.860000610351562,27796700
INTC,2014-01-06,18.933391571044922,25.459999084472656,25.790000915527344,25.450000762939453,25.770000457763672,28682300
INTC,2014-01-07,19.03006362915039,25.59000015258789,25.729999542236328,25.469999313354492,25.540000915527344,19665100
INTC,2014-01-08,18.911081314086914,25.43000030517578,25.709999084472656,25.299999237060547,25.639999389648438,29680500
INTC,2014-01-09,18.821840286254883,25.309999465942383,25.549999237060547,25.25,25.420000076293945,20878000
INTC,2014-01-10,18.985443115234375,25.530000686645508,25.850000381469727,25.5,25.5,30588800
INTC,2014-01-13,18.963144302368164,25.5,25.989999771118164,25.420000076293945,25.6299991607666,40274500
INTC,2014-01-14,19.71422576904297,26.510000228881836,26.549999237060547,25.899999618530273,26.010000228881836,74142900
INTC,2014-01-15,19.833209991455078,26.670000076293945,27.1200008392334,26.610000610351562,26.719999313354492,58277700
INTC,2014-01-16,19.736534118652344,26.540000915527344,26.739999771118164,26.329999923706055,26.639999389648438,48960800
INTC,2014-01-17,19.22341537475586,25.850000381469727,25.860000610351562,25.25,25.360000610351562,111758900
INTC,2014-01-21,19.03006362915039,25.59000015258789,25.799999237060547,25.270000457763672,25.790000915527344,42286400
INTC,2014-01-22,18.821840286254883,25.309999465942383,25.540000915527344,25.149999618530273,25.389999389648438,48749900
INTC,2014-01-23,18.687984466552734,25.1299991607666,25.25,24.899999618530273,25.170000076293945,40241000
INTC,2014-01-24,18.450014114379883,24.809999465942383,25.190000534057617,24.790000915527344,24.8799991607666,34838700
INTC,2014-01-27,18.383079528808594,24.719999313354492,24.989999771118164,24.65999984741211,24.770000457763672,32564900
INTC,2014-01-28,18.516942977905273,24.899999618530273,25.049999237060547,24.56999969482422,24.709999084472656,32453800
INTC,2014-01-29,18.353342056274414,24.68000030517578,24.959999084472656,24.6299991607666,24.75,27145700
INTC,2014-01-30,18.39795684814453,24.739999771118164,24.889999389648438,24.540000915527344,24.75,24610100
INTC,2014-01-31,18.249223709106445,24.540000915527344,24.649999618530273,24.399999618530273,24.450000762939453,28623300
INTC,2014-02-03,17.81047248840332,23.950000762939453,24.510000228881836,23.889999389648438,24.5,52868200
INTC,2014-02-04,17.71379852294922,23.81999969482422,24.040000915527344,23.579999923706055,23.989999771118164,50816300
INTC,2014-02-05,17.657485961914062,23.520000457763672,23.760000228881836,23.5,23.700000762939453,32476200
INTC,2014-02-06,18.010339736938477,23.989999771118164,24.079999923706055,23.549999237060547,23.600000381469727,28008400
INTC,2014-02-07,18.175498962402344,24.209999084472656,24.260000228881836,23.770000457763672,24.200000762939453,30808400
INTC,2014-02-10,18.235567092895508,24.290000915527344,24.3700008392334,24.059999465942383,24.110000610351562,24571300
INTC,2014-02-11,18.370695114135742,24.469999313354492,24.520000457763672,24.329999923706055,24.350000381469727,17911700
INTC,2014-02-12,18.430757522583008,24.549999237060547,24.690000534057617,24.3700008392334,24.510000228881836,25874100
INTC,2014-02-13,18.543376922607422,24.700000762939453,24.739999771118164,24.309999465942383,24.43000030517578,22922000
INTC,2014-02-14,18.588415145874023,24.760000228881836,24.760000228881836,24.40999984741211,24.579999923706055,20539700
INTC,2014-02-18,18.588415145874023,24.760000228881836,24.780000686645508,24.549999237060547,24.670000076293945,17738100
INTC,2014-02-19,18.393220901489258,24.5,24.719999313354492,24.420000076293945,24.649999618530273,25686000
INTC,2014-02-20,18.573400497436523,24.739999771118164,24.850000381469727,24.5,24.540000915527344,20193800
INTC,2014-02-21,18.33316421508789,24.420000076293945,24.959999084472656,24.350000381469727,24.950000762939453,30579800
INTC,2014-02-24,18.490814208984375,24.6299991607666,24.8799991607666,24.40999984741211,24.510000228881836,24145500
INTC,2014-02-25,18.483314514160156,24.6200008392334,24.709999084472656,24.459999084472656,24.670000076293945,21539100
INTC,2014-02-26,18.618444442749023,24.799999237060547,24.979999542236328,24.610000610351562,24.739999771118164,19820200
INTC,2014-02-27,18.588415145874023,24.760000228881836,24.799999237060547,24.510000228881836,24.799999237060547,20863900
INTC,2014-02-28,18.588415145874023,24.760000228881836,24.850000381469727,24.56999969482422,24.790000915527344,23482700
INTC,2014-03-03,18.393220901489258,24.5,24.59000015258789,24.299999237060547,24.549999237060547,25728500
INTC,2014-03-04,18.47580337524414,24.610000610351562,24.780000686645508,24.5,24.719999313354492,23661200
INTC,2014-03-05,18.393220901489258,24.5,24.709999084472656,24.399999618530273,24.700000762939453,21036200
INTC,2014-03-06,18.490814208984375,24.6299991607666,24.649999618530273,24.3799991607666,24.56999969482422,22371700
INTC,2014-03-07,18.498327255249023,24.639999389648438,24.850000381469727,24.56999969482422,24.700000762939453,25373400
INTC,2014-03-10,18.648469924926758,24.84000015258789,24.889999389648438,24.579999923706055,24.610000610351562,24908100
INTC,2014-03-11,18.56589698791504,24.729999542236328,24.850000381469727,24.610000610351562,24.780000686645508,26656800
INTC,2014-03-12,18.588415145874023,24.760000228881836,24.8799991607666,24.610000610351562,24.649999618530273,21244800
INTC,2014-03-13,18.445775985717773,24.56999969482422,25.0,24.43000030517578,24.799999237060547,26243300
INTC,2014-03-14,18.393220901489258,24.5,24.649999618530273,24.399999618530273,24.479999542236328,21807200
INTC,2014-03-17,18.543376922607422,24.700000762939453,24.81999969482422,24.489999771118164,24.639999389648438,18525800
INTC,2014-03-18,18.633460998535156,24.81999969482422,24.899999618530273,24.549999237060547,24.68000030517578,26344000
INTC,2014-03-19,18.783605575561523,25.020000457763672,25.25,24.770000457763672,24.850000381469727,34229400
INTC,2014-03-20,19.091413497924805,25.43000030517578,25.59000015258789,24.940000534057617,25.0,37009100
INTC,2014-03-21,18.89621925354004,25.170000076293945,25.68000030517578,25.15999984741211,25.610000610351562,56861900
INTC,2014-03-24,18.85868263244629,25.1200008392334,25.3799991607666,24.920000076293945,25.209999084472656,36950600
INTC,2014-03-25,19.113937377929688,25.459999084472656,25.670000076293945,25.170000076293945,25.190000534057617,32317400
INTC,2014-03-26,19.053878784179688,25.3799991607666,25.739999771118164,25.31999969482422,25.59000015258789,26442800
INTC,2014-03-27,19.001317977905273,25.309999465942383,25.75,25.290000915527344,25.360000610351562,27201100
INTC,2014-03-28,19.23405647277832,25.6200008392334,25.809999465942383,25.31999969482422,25.40999984741211,22884500
INTC,2014-03-31,19.376691818237305,25.809999465942383,26.059999465942383,25.6200008392334,25.649999618530273,29336300
INTC,2014-04-01,19.511829376220703,25.989999771118164,26.0,25.639999389648438,25.799999237060547,23778700
INTC,2014-04-02,19.436752319335938,25.889999389648438,26.049999237060547,25.639999389648438,25.959999084472656,22464700
INTC,2014-04-03,19.827144622802734,26.40999984741211,26.459999084472656,26.139999389648438,26.149999618530273,38581300
INTC,2014-04-04,19.63945198059082,26.15999984741211,26.729999542236328,26.110000610351562,26.489999771118164,47918000
INTC,2014-04-07,19.887195587158203,26.489999771118164,26.739999771118164,26.200000762939453,26.299999237060547,49813500
INTC,2014-04-08,20.202512741088867,26.90999984741211,26.979999542236328,26.350000381469727,26.360000610351562,56699500
INTC,2014-04-09,20.255067825317383,26.979999542236328,27.020000457763672,26.729999542236328,26.93000030517578,34481800
INTC,2014-04-10,19.842159271240234,26.43000030517578,27.09000015258789,26.360000610351562,27.010000228881836,40478200
INTC,2014-04-11,19.65446662902832,26.18000030517578,26.59000015258789,26.170000076293945,26.270000457763672,36121100
INTC,2014-04-14,19.939754486083984,26.559999465942383,26.649999618530273,26.139999389648438,26.309999465942383,26957900
INTC,2014-04-15,20.09740447998047,26.770000457763672,26.829999923706055,26.360000610351562,26.510000228881836,45074400
INTC,2014-04-16,20.217531204223633,26.93000030517578,27.239999771118164,26.600000381469727,26.979999542236328,59033600
INTC,2014-04-17,20.300113677978516,27.040000915527344,27.15999984741211,26.790000915527344,26.8799991607666,38108500
INTC,2014-04-21,20.232542037963867,26.950000762939453,27.049999237060547,26.729999542236328,27.049999237060547,20398600
INTC,2014-04-22,20.149961471557617,26.84000015258789,26.979999542236328,26.65999984741211,26.90999984741211,29601600
INTC,2014-04-23,20.0823917388916,26.75,26.969999313354492,26.719999313354492,26.799999237060547,25574300
INTC,2014-04-24,20.0823917388916,26.75,26.959999084472656,26.639999389648438,26.809999465942383,25432800
INTC,2014-04-25,19.71453285217285,26.260000228881836,26.719999313354492,26.190000534057617,26.649999618530273,33614400
INTC,2014-04-28,19.76708221435547,26.329999923706055,26.389999389648438,26.010000228881836,26.170000076293945,33472800
INTC,2014-04-29,19.87969398498535,26.479999542236328,26.65999984741211,26.350000381469727,26.360000610351562,22146000
INTC,2014-04-30,20.037353515625,26.690000534057617,26.700000762939453,26.219999313354492,26.31999969482422,25863900
INTC,2014-05-01,19.857168197631836,26.450000762939453,26.670000076293945,26.389999389648438,26.510000228881836,19755200
INTC,2014-05-02,19.827144622802734,26.40999984741211,26.639999389648438,26.399999618530273,26.559999465942383,24235200
INTC,2014-05-05,19.8157901763916,26.170000076293945,26.260000228881836,25.989999771118164,26.15999984741211,20738900
INTC,2014-05-06,19.838502883911133,26.200000762939453,26.3799991607666,26.0,26.15999984741211,21818000
INTC,2014-05-07,19.96721839904785,26.3700008392334,26.450000762939453,26.219999313354492,26.260000228881836,24692800
INTC,2014-05-08,19.944503784179688,26.34000015258789,26.530000686645508,26.219999313354492,26.31999969482422,24166900
INTC,2014-05-09,19.914222717285156,26.299999237060547,26.40999984741211,26.219999313354492,26.3700008392334,20324400
INTC,2014-05-12,19.96721839904785,26.3700008392334,26.540000915527344,26.299999237060547,26.40999984741211,20607800
INTC,2014-05-13,20.02779769897461,26.450000762939453,26.540000915527344,26.329999923706055,26.489999771118164,20525000
INTC,2014-05-14,19.93693733215332,26.329999923706055,26.520000457763672,26.329999923706055,26.489999771118164,17811900
INTC,2014-05-15,19.69463348388672,26.010000228881836,26.5,26.010000228881836,26.329999923706055,31752700
INTC,2014-05-16,19.550765991210938,25.81999969482422,26.06999969482422,25.739999771118164,26.049999237060547,30017200
INTC,2014-05-19,19.717350006103516,26.040000915527344,26.09000015258789,25.75,25.75,22679600
INTC,2014-05-20,19.717350006103516,26.040000915527344,26.170000076293945,25.8799991607666,26.020000457763672,22292600
INTC,2014-05-21,19.838502883911133,26.200000762939453,26.25,26.0,26.100000381469727,18721300
INTC,2014-05-22,19.800642013549805,26.149999618530273,26.270000457763672,26.079999923706055,26.209999084472656,15926500
INTC,2014-05-23,19.90665054321289,26.290000915527344,26.299999237060547,26.139999389648438,26.149999618530273,17172200
INTC,2014-05-27,20.22467041015625,26.709999084472656,26.739999771118164,26.18000030517578,26.329999923706055,27271900
INTC,2014-05-28,20.353389739990234,26.8799991607666,26.940000534057617,26.65999984741211,26.700000762939453,27150100
INTC,2014-05-29,20.413965225219727,26.959999084472656,26.959999084472656,26.719999313354492,26.90999984741211,20638900
INTC,2014-05-30,20.68655776977539,27.31999969482422,27.31999969482422,26.93000030517578,26.940000534057617,43641000
INTC,2014-06-02,20.641124725341797,27.260000228881836,27.350000381469727,27.1200008392334,27.309999465942383,20264900
INTC,2014-06-03,20.94400405883789,27.65999984741211,27.700000762939453,27.1200008392334,27.219999313354492,33256300
INTC,2014-06-04,20.898571014404297,27.600000381469727,27.760000228881836,27.5,27.510000228881836,21612500
INTC,2014-06-05,20.94400405883789,27.65999984741211,27.65999984741211,27.43000030517578,27.559999465942383,26546200
INTC,2014-06-06,21.330171585083008,28.170000076293945,28.209999084472656,27.729999542236328,27.780000686645508,34795600
INTC,2014-06-09,21.133302688598633,27.90999984741211,28.420000076293945,27.829999923706055,28.100000381469727,39933000
INTC,2014-06-10,21.3831729888916,28.239999771118164,28.329999923706055,27.719999313354492,27.850000381469727,34256900
INTC,2014-06-11,21.14844512939453,27.93000030517578,28.209999084472656,27.799999237060547,28.139999389648438,27747700
INTC,2014-06-12,21.171165466308594,27.959999084472656,28.100000381469727,27.770000457763672,27.860000610351562,31211400
INTC,2014-06-13,22.617403030395508,29.8700008392334,30.059999465942383,29.559999465942383,29.75,122194300
INTC,2014-06-16,22.723413467407227,30.010000228881836,30.149999618530273,29.670000076293945,29.719999313354492,36407800
INTC,2014-06-17,22.677982330322266,29.950000762939453,30.100000381469727,29.84000015258789,29.8799991607666,28440600
INTC,2014-06-18,22.662832260131836,29.93000030517578,29.979999542236328,29.670000076293945,29.8799991607666,34412300
INTC,2014-06-19,22.78398895263672,30.09000015258789,30.09000015258789,29.889999389648438,29.969999313354492,27166600
INTC,2014-06-20,22.86727523803711,30.200000762939453,30.200000762939453,30.030000686645508,30.06999969482422,39826400
INTC,2014-06-23,22.89000129699707,30.229999542236328,30.309999465942383,29.850000381469727,30.100000381469727,26528900
INTC,2014-06-24,23.094432830810547,30.5,30.829999923706055,30.09000015258789,30.15999984741211,53397600
INTC,2014-06-25,23.382173538208008,30.8799991607666,31.0,30.450000762939453,30.479999542236328,44293300
INTC,2014-06-26,23.306453704833984,30.780000686645508,30.899999618530273,30.610000610351562,30.809999465942383,26722300
INTC,2014-06-27,23.420034408569336,30.93000030517578,31.0,30.700000762939453,30.8700008392334,30776300
INTC,2014-06-30,23.39731216430664,30.899999618530273,31.0,30.65999984741211,30.8700008392334,21558400
INTC,2014-07-01,23.457887649536133,30.979999542236328,31.09000015258789,30.8700008392334,30.989999771118164,28240000
INTC,2014-07-02,23.457887649536133,30.979999542236328,31.049999237060547,30.799999237060547,30.989999771118164,16831200
INTC,2014-07-03,23.579036712646484,31.139999389648438,31.360000610351562,31.020000457763672,31.079999923706055,20437600
INTC,2014-07-07,23.49574851989746,31.030000686645508,31.200000762939453,30.920000076293945,31.09000015258789,22233400
INTC,2014-07-08,23.314027786254883,30.790000915527344,31.079999923706055,30.700000762939453,31.0,37608700
INTC,2014-07-09,23.389739990234375,30.889999389648438,30.979999542236328,30.690000534057617,30.84000015258789,28302400
INTC,2014-07-10,23.669906616210938,31.260000228881836,31.329999923706055,30.440000534057617,30.600000381469727,32455100
INTC,2014-07-11,23.662328720092773,31.25,31.450000762939453,31.040000915527344,31.260000228881836,20045000
INTC,2014-07-14,23.84406280517578,31.489999771118164,31.579999923706055,31.34000015258789,31.40999984741211,24244600
INTC,2014-07-15,24.01064109802246,31.709999084472656,31.799999237060547,31.15999984741211,31.579999923706055,61006100
INTC,2014-07-16,26.236797332763672,34.650001525878906,34.7400016784668,33.209999084472656,33.310001373291016,135834600
INTC,2014-07-17,25.517459869384766,33.70000076293945,34.36000061035156,33.630001068115234,34.20000076293945,70591100
INTC,2014-07-18,25.517459869384766,33.70000076293945,33.84000015258789,33.38999938964844,33.79999923706055,46528800
INTC,2014-07-21,25.790050506591797,34.060001373291016,34.22999954223633,33.540000915527344,33.54999923706055,32097200
INTC,2014-07-22,26.342796325683594,34.790000915527344,34.83000183105469,34.06999969482422,34.15999984741211,42915100
INTC,2014-07-23,26.123214721679688,34.5,34.709999084472656,34.29999923706055,34.68000030517578,26077000
INTC,2014-07-24,25.933916091918945,34.25,34.66999816894531,34.099998474121094,34.380001068115234,33180400
INTC,2014-07-25,25.933916091918945,34.25,34.369998931884766,33.93000030517578,34.150001525878906,31614000
INTC,2014-07-28,25.918773651123047,34.22999954223633,34.31999969482422,33.880001068115234,34.22999954223633,30972200
INTC,2014-07-29,25.88848304748535,34.189998626708984,34.369998931884766,34.09000015258789,34.27000045776367,26141700
INTC,2014-07-30,26.009639739990234,34.349998474121094,34.56999969482422,34.040000915527344,34.310001373291016,32782800
INTC,2014-07-31,25.66132926940918,33.88999938964844,34.25,33.810001373291016,34.09000015258789,35431200
INTC,2014-08-01,25.547744750976562,33.7400016784668,34.029998779296875,33.61000061035156,33.75,33472400
INTC,2014-08-04,25.78248405456543,34.04999923706055,34.09000015258789,33.54999923706055,33.790000915527344,27250100
INTC,2014-08-05,25.016435623168945,32.81999969482422,33.779998779296875,32.599998474121094,33.7599983215332,49845100
INTC,2014-08-06,25.039304733276367,32.849998474121094,33.189998626708984,32.38999938964844,32.599998474121094,27923900
INTC,2014-08-07,24.909719467163086,32.68000030517578,33.150001525878906,32.540000915527344,32.93000030517578,27820100
INTC,2014-08-08,24.848739624023438,32.599998474121094,33.0,32.540000915527344,32.779998779296875,35484000
INTC,2014-08-11,25.16887664794922,33.02000045776367,33.2400016784668,32.810001373291016,32.81999969482422,27718600
INTC,2014-08-12,25.252731323242188,33.130001068115234,33.150001525878906,32.68000030517578,32.90999984741211,24805600
INTC,2014-08-13,25.992090225219727,34.099998474121094,34.150001525878906,33.22999954223633,33.2400016784668,36291000
INTC,2014-08-14,25.870126724243164,33.939998626708984,34.22999954223633,33.7400016784668,34.04999923706055,25458000
INTC,2014-08-15,26.045448303222656,34.16999816894531,34.209999084472656,33.709999084472656,34.099998474121094,28577600
INTC,2014-08-18,26.22838592529297,34.40999984741211,34.470001220703125,33.97999954223633,34.2599983215332,27232200
INTC,2014-08-19,26.175031661987305,34.34000015258789,34.5,34.25,34.5,29281900
INTC,2014-08-20,26.29698371887207,34.5,34.5099983215332,34.18000030517578,34.22999954223633,27140300
INTC,2014-08-21,26.792438507080078,35.150001525878906,35.189998626708984,34.45000076293945,34.459999084472656,37164900
INTC,2014-08-22,26.632369995117188,34.939998626708984,35.20000076293945,34.90999984741211,35.20000076293945,21196700
INTC,2014-08-25,26.533279418945312,34.810001373291016,35.150001525878906,34.650001525878906,35.09000015258789,18614500
INTC,2014-08-26,26.525651931762695,34.79999923706055,35.04999923706055,34.689998626708984,34.790000915527344,19664700
INTC,2014-08-27,26.51803970336914,34.790000915527344,34.939998626708984,34.630001068115234,34.88999938964844,17168900
INTC,2014-08-28,26.411325454711914,34.650001525878906,34.810001373291016,34.61000061035156,34.61000061035156,18908900
INTC,2014-08-29,26.617116928100586,34.91999816894531,34.939998626708984,34.66999816894531,34.810001373291016,32302800
INTC,2014-09-02,26.350339889526367,34.56999969482422,34.90999984741211,34.43000030517578,34.7599983215332,32094800
INTC,2014-09-03,26.350339889526367,34.56999969482422,34.880001068115234,34.45000076293945,34.81999969482422,26668800
INTC,2014-09-04,26.6094970703125,34.90999984741211,35.09000015258789,34.52000045776367,34.529998779296875,27632400
INTC,2014-09-05,26.678110122680664,35.0,35.119998931884766,34.83000183105469,34.91999816894531,20841900
INTC,2014-09-08,26.929641723632812,35.33000183105469,35.560001373291016,34.880001068115234,34.959999084472656,24859600
INTC,2014-09-09,26.6094970703125,34.90999984741211,35.290000915527344,34.849998474121094,35.290000915527344,22333100
INTC,2014-09-10,26.69334602355957,35.02000045776367,35.130001068115234,34.66999816894531,34.849998474121094,19964200
INTC,2014-09-11,26.69334602355957,35.02000045776367,35.02000045776367,34.529998779296875,34.790000915527344,21949000
INTC,2014-09-12,26.38844871520996,34.619998931884766,34.90999984741211,34.5,34.900001525878906,26732600
INTC,2014-09-15,26.327476501464844,34.540000915527344,34.77000045776367,34.22999954223633,34.709999084472656,22438000
INTC,2014-09-16,26.62473487854004,34.93000030517578,35.08000183105469,34.470001220703125,34.470001220703125,20875700
INTC,2014-09-17,26.66285514831543,34.97999954223633,35.20000076293945,34.7400016784668,34.90999984741211,26278900
INTC,2014-09-18,26.807682037353516,35.16999816894531,35.16999816894531,34.86000061035156,35.119998931884766,23809600
INTC,2014-09-19,26.540903091430664,34.81999969482422,35.220001220703125,34.81999969482422,35.15999984741211,46851900
INTC,2014-09-22,26.457050323486328,34.709999084472656,35.029998779296875,34.54999923706055,34.779998779296875,25447700
INTC,2014-09-23,26.236007690429688,34.41999816894531,34.709999084472656,34.380001068115234,34.709999084472656,25690700
INTC,2014-09-24,26.487539291381836,34.75,34.849998474121094,34.369998931884766,34.400001525878906,18829000
INTC,2014-09-25,26.0225772857666,34.13999938964844,34.790000915527344,33.880001068115234,34.68000030517578,34639700
INTC,2014-09-26,26.114044189453125,34.2599983215332,34.36000061035156,33.630001068115234,34.2599983215332,25882300
INTC,2014-09-29,26.601871490478516,34.900001525878906,34.9900016784668,33.939998626708984,34.060001373291016,29003100
INTC,2014-09-30,26.540903091430664,34.81999969482422,35.0,34.40999984741211,34.900001525878906,35274600
INTC,2014-10-01,25.908246994018555,33.9900016784668,34.779998779296875,33.84000015258789,34.61000061035156,35086600
INTC,2014-10-02,25.549997329711914,33.52000045776367,34.0,33.2599983215332,33.959999084472656,32910800
INTC,2014-10-03,25.938737869262695,34.029998779296875,34.18000030517578,33.470001220703125,33.65999984741211,25834600
INTC,2014-10-06,25.999713897705078,34.11000061035156,34.47999954223633,33.869998931884766,34.150001525878906,24321100
INTC,2014-10-07,25.511882781982422,33.470001220703125,34.04999923706055,33.41999816894531,34.040000915527344,25972100
INTC,2014-10-08,26.121671676635742,34.27000045776367,34.369998931884766,33.13999938964844,33.4900016784668,34960600
INTC,2014-10-09,25.626216888427734,33.619998931884766,34.43000030517578,33.58000183105469,34.150001525878906,28185700
INTC,2014-10-10,24.32280731201172,31.90999984741211,32.86000061035156,30.5,32.619998931884766,80917600
INTC,2014-10-13,23.987422943115234,31.469999313354492,32.369998931884766,31.469999313354492,31.719999313354492,42110200
INTC,2014-10-14,24.498119354248047,32.13999938964844,32.66999816894531,31.709999084472656,31.989999771118164,68671000
INTC,2014-10-15,23.84259796142578,31.280000686645508,31.649999618530273,29.649999618530273,30.540000915527344,92305200
INTC,2014-10-16,23.51483917236328,30.850000381469727,31.510000228881836,30.75,30.889999389648438,47787400
INTC,2014-10-17,23.918825149536133,31.3799991607666,31.709999084472656,30.969999313354492,31.200000762939453,37504500
INTC,2014-10-20,24.071264266967773,31.579999923706055,31.700000762939453,30.899999618530273,31.040000915527344,30523700
INTC,2014-10-21,24.856369018554688,32.61000061035156,32.619998931884766,31.579999923706055,31.670000076293945,33278400
INTC,2014-10-22,24.597209930419922,32.27000045776367,32.869998931884766,32.220001220703125,32.65999984741211,26725600
INTC,2014-10-23,24.917343139648438,32.689998626708984,32.90999984741211,32.599998474121094,32.720001220703125,22254900
INTC,2014-10-24,25.29084014892578,33.18000030517578,33.33000183105469,32.56999969482422,32.720001220703125,27814300
INTC,2014-10-27,25.30608558654785,33.20000076293945,33.29999923706055,32.77000045776367,33.08000183105469,23751900
INTC,2014-10-28,25.717679977416992,33.7400016784668,33.75,33.22999954223633,33.22999954223633,21857800
INTC,2014-10-29,25.854883193969727,33.91999816894531,33.970001220703125,33.5099983215332,33.7599983215332,24615200
INTC,2014-10-30,24.83350372314453,32.58000183105469,33.61000061035156,32.400001525878906,33.58000183105469,55217900
INTC,2014-10-31,25.923494338989258,34.0099983215332,34.0099983215332,32.630001068115234,33.7400016784668,52089700
INTC,2014-11-03,26.152156829833984,34.310001373291016,34.47999954223633,33.790000915527344,33.810001373291016,28703600
INTC,2014-11-04,26.327476501464844,34.540000915527344,34.779998779296875,34.209999084472656,34.25,34695900
INTC,2014-11-05,25.901660919189453,33.7599983215332,34.099998474121094,33.599998474121094,34.04999923706055,34705500
INTC,2014-11-06,25.947702407836914,33.81999969482422,34.22999954223633,33.40999984741211,33.689998626708984,25240600
INTC,2014-11-07,25.763553619384766,33.58000183105469,34.0,33.189998626708984,33.97999954223633,27604500
INTC,2014-11-10,25.518035888671875,33.2599983215332,33.4900016784668,33.08000183105469,33.43000030517578,30653600
INTC,2014-11-11,25.556406021118164,33.310001373291016,33.540000915527344,33.20000076293945,33.36000061035156,19676600
INTC,2014-11-12,25.610109329223633,33.380001068115234,33.41999816894531,33.0,33.22999954223633,22864200
INTC,2014-11-13,25.840282440185547,33.68000030517578,33.86000061035156,33.34000015258789,33.349998474121094,26449300
INTC,2014-11-14,26.047435760498047,33.95000076293945,33.970001220703125,33.349998474121094,33.75,18104600
INTC,2014-11-17,26.26993179321289,34.2400016784668,34.25,33.7599983215332,33.81999969482422,17646300
INTC,2014-11-18,26.630531311035156,34.709999084472656,34.900001525878906,34.15999984741211,34.189998626708984,30674800
INTC,2014-11-19,26.35433006286621,34.349998474121094,34.790000915527344,34.25,34.689998626708984,21289600
INTC,2014-11-20,27.581899642944336,35.95000076293945,35.970001220703125,34.0,34.13999938964844,61994700
INTC,2014-11-21,27.305688858032227,35.59000015258789,36.459999084472656,35.5,35.97999954223633,56721600
INTC,2014-11-24,27.812063217163086,36.25,36.43000030517578,35.84000015258789,35.88999938964844,33321100
INTC,2014-11-25,27.865772247314453,36.31999969482422,36.47999954223633,36.150001525878906,36.36000061035156,29093200
INTC,2014-11-26,28.310771942138672,36.900001525878906,36.9900016784668,36.279998779296875,36.369998931884766,24060000
INTC,2014-11-28,28.57929039001465,37.25,37.689998626708984,36.939998626708984,37.040000915527344,19128500
INTC,2014-12-01,28.51791000366211,37.16999816894531,37.619998931884766,36.900001525878906,37.209999084472656,30904000
INTC,2014-12-02,28.84782600402832,37.599998474121094,37.599998474121094,37.18000030517578,37.18000030517578,28361100
INTC,2014-12-03,28.71738624572754,37.43000030517578,37.88999938964844,37.40999984741211,37.68000030517578,30660800
INTC,2014-12-04,28.74040985107422,37.459999084472656,37.459999084472656,37.040000915527344,37.400001525878906,23359100
INTC,2014-12-05,28.90152359008789,37.66999816894531,37.900001525878906,37.52000045776367,37.56999969482422,20527600
INTC,2014-12-08,28.540931701660156,37.20000076293945,37.72999954223633,36.939998626708984,37.459999084472656,28134800
INTC,2014-12-09,28.303091049194336,36.88999938964844,37.09000015258789,36.29999923706055,36.66999816894531,28487300
INTC,2014-12-10,27.942493438720703,36.41999816894531,37.02000045776367,36.29999923706055,36.93000030517578,27499900
INTC,2014-12-11,28.157312393188477,36.70000076293945,37.209999084472656,36.439998626708984,36.5,25088200
INTC,2014-12-12,27.79672622680664,36.22999954223633,36.81999969482422,36.220001220703125,36.45000076293945,29322500
INTC,2014-12-15,27.558879852294922,35.91999816894531,36.779998779296875,35.900001525878906,36.38999938964844,30633400
INTC,2014-12-16,27.282678604125977,35.560001373291016,36.5,35.560001373291016,35.86000061035156,31166300
INTC,2014-12-17,27.80438804626465,36.2400016784668,36.33000183105469,35.33000183105469,35.619998931884766,31637700
INTC,2014-12-18,28.4028263092041,37.02000045776367,37.02000045776367,36.43000030517578,36.75,32128100
INTC,2014-12-19,27.90413475036621,36.369998931884766,37.15999984741211,36.22999954223633,37.02000045776367,76786800
INTC,2014-12-22,28.54860496520996,37.209999084472656,37.2599983215332,36.38999938964844,36.38999938964844,29227100
INTC,2014-12-23,28.71738624572754,37.43000030517578,37.70000076293945,37.29999923706055,37.400001525878906,22169700
INTC,2014-12-24,28.72506332397461,37.439998626708984,37.599998474121094,37.18000030517578,37.470001220703125,12109100
INTC,2014-12-26,28.8094539642334,37.54999923706055,37.7400016784668,37.52000045776367,37.52000045776367,14037200
INTC,2014-12-29,28.525588989257812,37.18000030517578,37.52000045776367,37.16999816894531,37.45000076293945,12203300
INTC,2014-12-30,28.20334815979004,36.7599983215332,37.189998626708984,36.7599983215332,37.08000183105469,15214100
INTC,2014-12-31,27.84275245666504,36.290000915527344,37.040000915527344,36.290000915527344,36.630001068115234,20393600
INTC,2015-01-02,27.896455764770508,36.36000061035156,37.15999984741211,36.11000061035156,36.66999816894531,23605600
INTC,2015-01-05,27.581899642944336,35.95000076293945,36.45000076293945,35.939998626708984,36.20000076293945,32785000
INTC,2015-01-06,27.067840576171875,35.279998779296875,36.22999954223633,35.2599983215332,36.08000183105469,30847600
INTC,2015-01-07,27.635597229003906,36.02000045776367,36.06999969482422,35.27000045776367,35.63999938964844,27725200
INTC,2015-01-08,28.14964485168457,36.689998626708984,37.0,36.2599983215332,36.369998931884766,31765400
INTC,2015-01-09,28.20334815979004,36.7599983215332,37.11000061035156,36.400001525878906,36.77000045776367,22850500
INTC,2015-01-12,28.080581665039062,36.599998474121094,37.0,36.22999954223633,36.900001525878906,29400800
INTC,2015-01-13,28.00387191772461,36.5,37.4900016784668,36.290000915527344,36.869998931884766,31478000
INTC,2015-01-14,27.888778686523438,36.349998474121094,36.90999984741211,35.90999984741211,36.33000183105469,34250300
INTC,2015-01-15,27.76602554321289,36.189998626708984,36.880001068115234,36.029998779296875,36.529998779296875,47181800
INTC,2015-01-16,27.965503692626953,36.45000076293945,36.65999984741211,35.5099983215332,36.119998931884766,62812200
INTC,2015-01-20,27.689298629760742,36.09000015258789,36.459999084472656,35.56999969482422,36.099998474121094,35929400
INTC,2015-01-21,27.988521575927734,36.47999954223633,36.68000030517578,35.77000045776367,35.849998474121094,27442600
INTC,2015-01-22,28.31842613220215,36.90999984741211,37.0,36.13999938964844,36.560001373291016,31809900
INTC,2015-01-23,27.965503692626953,36.45000076293945,37.029998779296875,36.380001068115234,36.959999084472656,27427100
INTC,2015-01-26,27.474477767944336,35.810001373291016,36.29999923706055,35.56999969482422,36.189998626708984,30906800
INTC,2015-01-27,26.23157501220703,34.189998626708984,34.720001220703125,33.54999923706055,34.400001525878906,58456200
INTC,2015-01-28,25.91700553894043,33.779998779296875,34.70000076293945,33.720001220703125,34.470001220703125,34929100
INTC,2015-01-29,26.246912002563477,34.209999084472656,34.279998779296875,33.459999084472656,33.84000015258789,29569400
INTC,2015-01-30,25.34925651550293,33.040000915527344,33.9900016784668,33.0,33.70000076293945,38719700
INTC,2015-02-02,25.817262649536133,33.650001525878906,33.75,32.650001525878906,33.060001373291016,38733800
INTC,2015-02-03,25.85563087463379,33.70000076293945,34.04999923706055,32.61000061035156,33.779998779296875,36038300
INTC,2015-02-04,25.96381187438965,33.599998474121094,33.84000015258789,33.29999923706055,33.66999816894531,25052800
INTC,2015-02-05,26.22653579711914,33.939998626708984,33.9900016784668,33.45000076293945,33.68000030517578,20491400
INTC,2015-02-06,25.731992721557617,33.29999923706055,34.0,33.13999938964844,33.91999816894531,29342400
INTC,2015-02-09,25.446081161499023,32.93000030517578,33.2400016784668,32.66999816894531,33.0,28705500
INTC,2015-02-10,26.041088104248047,33.70000076293945,33.72999954223633,33.04999923706055,33.20000076293945,20200000
INTC,2015-02-11,25.9251708984375,33.54999923706055,33.7599983215332,33.31999969482422,33.66999816894531,18364200
INTC,2015-02-12,26.37335968017578,34.130001068115234,34.130001068115234,33.7599983215332,33.97999954223633,20056700
INTC,2015-02-13,26.551090240478516,34.36000061035156,34.369998931884766,33.95000076293945,34.25,18037900
INTC,2015-02-17,26.844724655151367,34.7400016784668,34.75,34.2599983215332,34.400001525878906,19374100
INTC,2015-02-18,26.48154067993164,34.27000045776367,34.709999084472656,34.189998626708984,34.650001525878906,19992900
INTC,2015-02-19,26.4351806640625,34.209999084472656,34.41999816894531,34.04999923706055,34.25,11017500
INTC,2015-02-20,26.5897274017334,34.40999984741211,34.56999969482422,33.90999984741211,34.150001525878906,20955600
INTC,2015-02-23,26.08745002746582,33.7599983215332,34.5,33.58000183105469,34.400001525878906,25565500
INTC,2015-02-24,26.5897274017334,34.40999984741211,34.4900016784668,33.5099983215332,33.61000061035156,29607500
INTC,2015-02-25,26.234262466430664,33.95000076293945,34.150001525878906,33.72999954223633,34.029998779296875,24686300
INTC,2015-02-26,26.00244140625,33.650001525878906,33.880001068115234,33.43000030517578,33.619998931884766,25928400
INTC,2015-02-27,25.6933536529541,33.25,33.63999938964844,33.209999084472656,33.630001068115234,24427300
INTC,2015-03-02,26.31926727294922,34.060001373291016,34.130001068115234,33.119998931884766,33.290000915527344,25406400
INTC,2015-03-03,26.350177764892578,34.099998474121094,34.380001068115234,33.90999984741211,33.95000076293945,27332000
INTC,2015-03-04,26.365629196166992,34.119998931884766,34.40999984741211,33.720001220703125,33.86000061035156,23005800
INTC,2015-03-05,26.06426239013672,33.72999954223633,34.5,33.59000015258789,34.2599983215332,21225800
INTC,2015-03-06,25.646984100341797,33.189998626708984,33.68000030517578,33.08000183105469,33.540000915527344,32373100
INTC,2015-03-09,25.2838134765625,32.720001220703125,33.27000045776367,32.47999954223633,33.20000076293945,33058800
INTC,2015-03-10,24.49561882019043,31.700000762939453,32.40999984741211,31.5,32.2400016784668,50278900
INTC,2015-03-11,24.982439041137695,32.33000183105469,32.959999084472656,31.950000762939453,31.969999313354492,49683600
INTC,2015-03-12,23.800159454345703,30.799999237060547,31.600000381469727,30.579999923706055,31.010000228881836,107402400
INTC,2015-03-13,23.900619506835938,30.93000030517578,30.979999542236328,30.360000610351562,30.6299991607666,47954700
INTC,2015-03-16,23.82333755493164,30.829999923706055,31.110000610351562,30.649999618530273,30.93000030517578,33074600
INTC,2015-03-17,23.63788414001465,30.59000015258789,30.729999542236328,30.40999984741211,30.579999923706055,29215600
INTC,2015-03-18,23.869714736938477,30.889999389648438,31.200000762939453,30.299999237060547,30.40999984741211,39834100
INTC,2015-03-19,23.75379753112793,30.739999771118164,31.100000381469727,30.690000534057617,30.780000686645508,27414200
INTC,2015-03-20,24.194255828857422,31.309999465942383,31.6200008392334,30.93000030517578,30.989999771118164,64777100
INTC,2015-03-23,24.1092529296875,31.200000762939453,31.790000915527344,31.200000762939453,31.290000915527344,29694000
INTC,2015-03-24,23.792430877685547,30.790000915527344,31.31999969482422,30.739999771118164,31.15999984741211,28471400
INTC,2015-03-25,23.096969604492188,29.889999389648438,30.889999389648438,29.860000610351562,30.809999465942383,37691000
INTC,2015-03-26,23.243789672851562,30.079999923706055,30.399999618530273,29.309999465942383,29.5,45450100
INTC,2015-03-27,24.72743797302246,32.0,33.0,29.850000381469727,30.010000228881836,73857200
INTC,2015-03-30,24.310161590576172,31.459999084472656,32.099998474121094,31.299999237060547,31.65999984741211,51391500
INTC,2015-03-31,24.163349151611328,31.270000457763672,31.93000030517578,31.200000762939453,31.43000030517578,32098500
INTC,2015-04-01,23.80788803100586,30.809999465942383,31.31999969482422,30.649999618530273,31.1299991607666,31532100
INTC,2015-04-02,23.80788803100586,30.809999465942383,31.229999542236328,30.670000076293945,30.799999237060547,20909600
INTC,2015-04-06,23.98561668395996,31.040000915527344,31.25,30.450000762939453,30.809999465942383,21490900
INTC,2015-04-07,24.155614852905273,31.260000228881836,31.59000015258789,31.0,31.06999969482422,23258300
INTC,2015-04-08,24.194255828857422,31.309999465942383,31.559999465942383,31.059999465942383,31.229999542236328,18250300
INTC,2015-04-09,24.140161514282227,31.239999771118164,31.6200008392334,30.56999969482422,30.68000030517578,34167600
INTC,2015-04-10,24.673341751098633,31.93000030517578,31.940000534057617,31.329999923706055,31.329999923706055,28084900
INTC,2015-04-13,24.5188045501709,31.729999542236328,32.04999923706055,31.709999084472656,31.809999465942383,23489000
INTC,2015-04-14,24.333343505859375,31.489999771118164,31.940000534057617,31.270000457763672,31.68000030517578,39754000
INTC,2015-04-15,25.36881446838379,32.83000183105469,32.9900016784668,32.06999969482422,32.2599983215332,61083500
INTC,2015-04-16,25.39971160888672,32.869998931884766,32.9900016784668,32.70000076293945,32.849998474121094,28903200
INTC,2015-04-17,25.090618133544922,32.470001220703125,32.70000076293945,32.220001220703125,32.5099983215332,30593600
INTC,2015-04-20,25.291534423828125,32.72999954223633,32.790000915527344,32.529998779296875,32.61000061035156,20649300
INTC,2015-04-21,25.059715270996094,32.43000030517578,32.970001220703125,32.279998779296875,32.93000030517578,19023800
INTC,2015-04-22,25.268352508544922,32.70000076293945,32.720001220703125,32.029998779296875,32.40999984741211,21144200
INTC,2015-04-23,24.997894287109375,32.349998474121094,32.40999984741211,32.0099983215332,32.040000915527344,23775300
INTC,2015-04-24,24.78925323486328,32.08000183105469,32.47999954223633,32.02000045776367,32.40999984741211,22759900
INTC,2015-04-27,25.113800048828125,32.5,32.689998626708984,32.08000183105469,32.08000183105469,25869600
INTC,2015-04-28,25.515623092651367,33.02000045776367,33.040000915527344,32.22999954223633,32.29999923706055,29572800
INTC,2015-04-29,25.415164947509766,32.88999938964844,33.0,32.54999923706055,32.560001373291016,21819000
INTC,2015-04-30,25.152448654174805,32.54999923706055,32.849998474121094,32.29999923706055,32.709999084472656,22013300
INTC,2015-05-01,25.824722290039062,33.41999816894531,33.4900016784668,32.619998931884766,32.630001068115234,27091200
INTC,2015-05-04,25.832447052001953,33.43000030517578,33.5,33.220001220703125,33.27000045776367,21397300
INTC,2015-05-05,25.404367446899414,32.63999938964844,33.099998474121094,32.56999969482422,33.0,29779200
INTC,2015-05-06,25.077484130859375,32.220001220703125,32.790000915527344,31.93000030517578,32.5,31985400
INTC,2015-05-07,25.09304428100586,32.2400016784668,32.630001068115234,32.18000030517578,32.27000045776367,21475300
INTC,2015-05-08,25.52889633178711,32.79999923706055,32.880001068115234,32.34000015258789,32.5099983215332,26926500
INTC,2015-05-11,25.443283081054688,32.689998626708984,32.709999084472656,32.43000030517578,32.68000030517578,18358600
INTC,2015-05-12,25.1008243560791,32.25,32.5,32.0,32.439998626708984,24530200
INTC,2015-05-13,25.404367446899414,32.63999938964844,32.900001525878906,32.27000045776367,32.27000045776367,20470800
INTC,2015-05-14,25.66121482849121,32.970001220703125,33.130001068115234,32.77000045776367,32.86000061035156,21098900
INTC,2015-05-15,25.676786422729492,32.9900016784668,33.119998931884766,32.75,33.09000015258789,17149700
INTC,2015-05-18,26.00367546081543,33.40999984741211,33.40999984741211,32.849998474121094,32.97999954223633,23689500
INTC,2015-05-19,25.801315307617188,33.150001525878906,33.380001068115234,32.9900016784668,33.36000061035156,21867100
INTC,2015-05-20,25.97254180908203,33.369998931884766,33.5,33.0099983215332,33.060001373291016,21359800
INTC,2015-05-21,26.112642288208008,33.54999923706055,33.560001373291016,33.06999969482422,33.209999084472656,21269800
INTC,2015-05-22,26.03481674194336,33.45000076293945,33.5099983215332,33.31999969482422,33.470001220703125,20845000
INTC,2015-05-26,25.76239585876465,33.099998474121094,33.290000915527344,32.84000015258789,33.27000045776367,28594500
INTC,2015-05-27,26.237173080444336,33.709999084472656,33.849998474121094,33.130001068115234,33.20000076293945,30172700
INTC,2015-05-28,26.470664978027344,34.0099983215332,34.150001525878906,33.68000030517578,33.7400016784668,27065700
INTC,2015-05-29,26.820913314819336,34.459999084472656,34.75,34.209999084472656,34.2400016784668,43545500
INTC,2015-06-01,26.392837524414062,33.90999984741211,34.59000015258789,33.68000030517578,34.369998931884766,46734500
INTC,2015-06-02,25.89471435546875,33.27000045776367,33.75,33.13999938964844,33.63999938964844,36351100
INTC,2015-06-03,25.47442054748535,32.72999954223633,33.2400016784668,32.59000015258789,33.16999816894531,38138700
INTC,2015-06-04,25.147525787353516,32.310001373291016,32.720001220703125,32.20000076293945,32.5099983215332,33761800
INTC,2015-06-05,24.781715393066406,31.84000015258789,32.29999923706055,31.829999923706055,32.279998779296875,27778500
INTC,2015-06-08,24.361417770385742,31.299999237060547,31.950000762939453,31.209999084472656,31.809999465942383,38171600
INTC,2015-06-09,24.322511672973633,31.25,31.65999984741211,31.149999618530273,31.329999923706055,33976700
INTC,2015-06-10,24.766141891479492,31.81999969482422,32.15999984741211,31.3700008392334,31.459999084472656,33336800
INTC,2015-06-11,24.78949737548828,31.850000381469727,32.099998474121094,31.84000015258789,31.950000762939453,24293600
INTC,2015-06-12,24.376983642578125,31.31999969482422,32.099998474121094,31.200000762939453,31.719999313354492,31629800
INTC,2015-06-15,24.43147087097168,31.389999389648438,31.510000228881836,30.940000534057617,31.1200008392334,23175000
INTC,2015-06-16,24.62605094909668,31.639999389648438,31.760000228881836,31.1299991607666,31.260000228881836,20254500
INTC,2015-06-17,24.86733055114746,31.950000762939453,32.09000015258789,31.690000534057617,31.75,28194200
INTC,2015-06-18,25.202011108398438,32.380001068115234,32.5,32.0,32.08000183105469,27722400
INTC,2015-06-19,24.960723876953125,32.06999969482422,32.56999969482422,31.959999084472656,32.400001525878906,39008400
INTC,2015-06-22,25.108606338500977,32.2599983215332,32.38999938964844,32.08000183105469,32.2599983215332,23608400
INTC,2015-06-23,24.976293563842773,32.09000015258789,32.34000015258789,31.93000030517578,32.310001373291016,17995900
INTC,2015-06-24,24.836193084716797,31.90999984741211,32.150001525878906,31.8799991607666,32.150001525878906,23313900
INTC,2015-06-25,24.898462295532227,31.989999771118164,32.31999969482422,31.989999771118164,32.02000045776367,22743300
INTC,2015-06-26,24.143491744995117,31.020000457763672,31.530000686645508,30.760000228881836,31.510000228881836,62157200
INTC,2015-06-29,23.65315055847168,30.389999389648438,30.979999542236328,30.309999465942383,30.700000762939453,35194500
INTC,2015-06-30,23.67650604248047,30.420000076293945,30.690000534057617,30.149999618530273,30.6299991607666,34412200
INTC,2015-07-01,23.489702224731445,30.18000030517578,30.549999237060547,30.010000228881836,30.489999771118164,27178900
INTC,2015-07-02,23.78546142578125,30.559999465942383,30.920000076293945,30.100000381469727,30.18000030517578,27105200
INTC,2015-07-06,23.380739212036133,30.040000915527344,30.450000762939453,29.84000015258789,30.239999771118164,32468100
INTC,2015-07-07,23.271764755249023,29.899999618530273,29.93000030517578,29.09000015258789,29.8700008392334,43833700
INTC,2015-07-08,22.9604434967041,29.5,29.670000076293945,29.149999618530273,29.399999618530273,45223800
INTC,2015-07-09,22.516803741455078,28.93000030517578,29.889999389648438,28.81999969482422,29.719999313354492,47167800
INTC,2015-07-10,22.703596115112305,29.170000076293945,29.350000381469727,28.940000534057617,29.200000762939453,31423800
INTC,2015-07-13,23.13945770263672,29.729999542236328,29.81999969482422,29.190000534057617,29.270000457763672,26452400
INTC,2015-07-14,23.077194213867188,29.649999618530273,30.110000610351562,29.440000534057617,29.65999984741211,39778300
INTC,2015-07-15,23.10832977294922,29.690000534057617,29.989999771118164,29.469999313354492,29.649999618530273,47852500
INTC,2015-07-16,23.271764755249023,29.899999618530273,30.479999542236328,29.100000381469727,30.469999313354492,81166700
INTC,2015-07-17,22.937101364135742,29.469999313354492,29.799999237060547,29.100000381469727,29.65999984741211,43697600
INTC,2015-07-20,22.649120330810547,29.100000381469727,29.6200008392334,29.06999969482422,29.6200008392334,33812900
INTC,2015-07-21,22.353351593017578,28.719999313354492,29.260000228881836,28.670000076293945,28.959999084472656,45191000
INTC,2015-07-22,22.267736434936523,28.610000610351562,28.850000381469727,28.43000030517578,28.56999969482422,36387200
INTC,2015-07-23,22.259960174560547,28.600000381469727,28.969999313354492,28.43000030517578,28.65999984741211,33775200
INTC,2015-07-24,21.839664459228516,28.059999465942383,28.639999389648438,28.059999465942383,28.530000686645508,31621000
INTC,2015-07-27,22.065372467041016,28.350000381469727,28.420000076293945,27.6200008392334,28.06999969482422,42161100
INTC,2015-07-28,22.540151596069336,28.959999084472656,29.18000030517578,28.440000534057617,28.510000228881836,33182400
INTC,2015-07-29,22.579065322875977,29.010000228881836,29.1299991607666,28.790000915527344,28.950000762939453,26470200
INTC,2015-07-30,22.50123405456543,28.90999984741211,29.450000762939453,28.850000381469727,29.100000381469727,26582400
INTC,2015-07-31,22.532363891601562,28.950000762939453,29.1200008392334,28.770000457763672,29.1200008392334,27158800
INTC,2015-08-03,22.610200881958008,29.049999237060547,29.350000381469727,28.899999618530273,29.0,26213600
INTC,2015-08-04,22.672460556030273,29.1299991607666,29.149999618530273,28.860000610351562,28.979999542236328,25741700
INTC,2015-08-05,22.85296630859375,29.1200008392334,29.389999389648438,29.020000457763672,29.190000534057617,23622700
INTC,2015-08-06,22.76663589477539,29.010000228881836,29.229999542236328,28.850000381469727,29.15999984741211,27958200
INTC,2015-08-07,22.664615631103516,28.8799991607666,28.959999084472656,28.690000534057617,28.799999237060547,25606100
INTC,2015-08-10,23.261056900024414,29.639999389648438,29.68000030517578,29.059999465942383,29.06999969482422,22807400
INTC,2015-08-11,22.73525047302246,28.969999313354492,29.479999542236328,28.959999084472656,29.469999313354492,23758900
INTC,2015-08-12,23.119794845581055,29.459999084472656,29.56999969482422,28.65999984741211,28.65999984741211,33589100
INTC,2015-08-13,22.656768798828125,28.8700008392334,29.450000762939453,28.8700008392334,29.399999618530273,18821900
INTC,2015-08-14,22.774490356445312,29.020000457763672,29.040000915527344,28.81999969482422,28.920000076293945,14302700
INTC,2015-08-17,22.821575164794922,29.079999923706055,29.200000762939453,28.709999084472656,28.829999923706055,15548300
INTC,2015-08-18,22.688159942626953,28.90999984741211,29.049999237060547,28.799999237060547,28.950000762939453,19182600
INTC,2015-08-19,22.25653076171875,28.360000610351562,28.799999237060547,28.280000686645508,28.649999618530273,30530100
INTC,2015-08-20,21.605159759521484,27.530000686645508,28.239999771118164,27.530000686645508,28.030000686645508,31936600
INTC,2015-08-21,20.843917846679688,26.559999465942383,27.6299991607666,26.559999465942383,27.329999923706055,52288400
INTC,2015-08-24,20.600629806518555,26.25,27.6299991607666,24.8700008392334,25.200000762939453,83234200
INTC,2015-08-25,20.302419662475586,25.8700008392334,27.149999618530273,25.8700008392334,27.040000915527344,59371900
INTC,2015-08-26,21.424657821655273,27.299999237060547,27.34000015258789,26.079999923706055,26.510000228881836,47386700
INTC,2015-08-27,21.7542667388916,27.719999313354492,27.90999984741211,27.010000228881836,27.719999313354492,38649400
INTC,2015-08-28,22.303617477416992,28.420000076293945,28.610000610351562,27.450000762939453,27.670000076293945,43452400
INTC,2015-08-31,22.39779281616211,28.540000915527344,29.1299991607666,28.15999984741211,28.329999923706055,42401800
INTC,2015-09-01,21.83275032043457,27.81999969482422,28.170000076293945,27.65999984741211,27.90999984741211,44144000
INTC,2015-09-02,22.44487953186035,28.600000381469727,28.600000381469727,28.139999389648438,28.350000381469727,34618800
INTC,2015-09-03,22.821575164794922,29.079999923706055,29.420000076293945,28.690000534057617,28.799999237060547,38665900
INTC,2015-09-04,22.38209342956543,28.520000457763672,28.899999618530273,28.40999984741211,28.56999969482422,29116500
INTC,2015-09-08,23.151185989379883,29.5,29.5,28.950000762939453,28.979999542236328,27805000
INTC,2015-09-09,22.947141647338867,29.239999771118164,30.1200008392334,29.170000076293945,29.719999313354492,30774100
INTC,2015-09-10,22.97068977355957,29.270000457763672,29.65999984741211,28.899999618530273,29.18000030517578,25195800
INTC,2015-09-11,23.127647399902344,29.469999313354492,29.520000457763672,29.040000915527344,29.079999923706055,21786900
INTC,2015-09-14,23.064861297607422,29.389999389648438,29.530000686645508,29.09000015258789,29.469999313354492,24065100
INTC,2015-09-15,23.33168601989746,29.729999542236328,29.940000534057617,29.479999542236328,29.559999465942383,29819000
INTC,2015-09-16,23.36308479309082,29.770000457763672,29.790000915527344,29.399999618530273,29.6200008392334,25957800
INTC,2015-09-17,23.315990447998047,29.709999084472656,30.200000762939453,29.549999237060547,29.6200008392334,29805200
INTC,2015-09-18,22.774490356445312,29.020000457763672,29.420000076293945,28.809999465942383,29.219999313354492,60693400
INTC,2015-09-21,22.884361267089844,29.15999984741211,29.34000015258789,28.940000534057617,29.09000015258789,24417100
INTC,2015-09-22,22.49981689453125,28.670000076293945,28.899999618530273,28.479999542236328,28.670000076293945,28576200
INTC,2015-09-23,22.55474853515625,28.739999771118164,29.09000015258789,28.59000015258789,29.020000457763672,25984000
INTC,2015-09-24,22.350706100463867,28.479999542236328,28.670000076293945,27.8700008392334,28.3799991607666,32754700
INTC,2015-09-25,22.609678268432617,28.809999465942383,29.1200008392334,28.6299991607666,28.940000534057617,29192300
INTC,2015-09-28,22.570444107055664,28.760000228881836,29.360000610351562,28.639999389648438,28.68000030517578,42291000
INTC,2015-09-29,22.947141647338867,29.239999771118164,29.350000381469727,28.760000228881836,28.829999923706055,34169600
INTC,2015-09-30,23.653446197509766,30.139999389648438,30.31999969482422,29.540000915527344,29.559999465942383,41051700
INTC,2015-10-01,23.5435791015625,30.0,30.280000686645508,29.459999084472656,30.209999084472656,29832800
INTC,2015-10-02,23.943819046020508,30.510000228881836,30.530000686645508,29.530000686645508,29.670000076293945,27901500
INTC,2015-10-05,24.4931640625,31.209999084472656,31.3799991607666,30.559999465942383,30.729999542236328,34842500
INTC,2015-10-06,24.909107208251953,31.739999771118164,31.850000381469727,31.110000610351562,31.15999984741211,34899800
INTC,2015-10-07,25.364286422729492,32.31999969482422,32.41999816894531,31.719999313354492,32.0,36930100
INTC,2015-10-08,25.521240234375,32.52000045776367,32.599998474121094,31.979999542236328,32.22999954223633,27794600
INTC,2015-10-09,25.223026275634766,32.13999938964844,32.54999923706055,31.940000534057617,32.369998931884766,24209900
INTC,2015-10-12,25.2779541015625,32.209999084472656,32.31999969482422,32.0,32.15999984741211,18795000
INTC,2015-10-13,25.144546508789062,32.040000915527344,32.47999954223633,31.979999542236328,32.029998779296875,35588600
INTC,2015-10-14,25.7409725189209,32.79999923706055,32.93000030517578,30.850000381469727,31.389999389648438,75954800
INTC,2015-10-15,25.701738357543945,32.75,33.060001373291016,32.459999084472656,32.84000015258789,37634800
INTC,2015-10-16,25.92933464050293,33.040000915527344,33.20000076293945,32.47999954223633,32.75,29371300
INTC,2015-10-19,26.360958099365234,33.59000015258789,33.619998931884766,32.869998931884766,32.880001068115234,37624000
INTC,2015-10-20,26.24324607849121,33.439998626708984,33.70000076293945,33.310001373291016,33.400001525878906,24416100
INTC,2015-10-21,26.188304901123047,33.369998931884766,34.04999923706055,33.31999969482422,33.66999816894531,31928800
INTC,2015-10-22,26.996644973754883,34.400001525878906,34.5,33.59000015258789,33.70000076293945,39572600
INTC,2015-10-23,27.38902473449707,34.900001525878906,35.029998779296875,34.400001525878906,34.540000915527344,42796600
INTC,2015-10-26,27.1457462310791,34.59000015258789,34.959999084472656,34.54999923706055,34.77000045776367,22646900
INTC,2015-10-27,27.051572799682617,34.470001220703125,34.54999923706055,34.310001373291016,34.40999984741211,22630100
INTC,2015-10-28,27.239919662475586,34.709999084472656,34.709999084472656,34.119998931884766,34.470001220703125,21908400
INTC,2015-10-29,26.706270217895508,34.029998779296875,34.290000915527344,33.77000045776367,34.20000076293945,21325200
INTC,2015-10-30,26.572853088378906,33.86000061035156,34.290000915527344,33.86000061035156,34.099998474121094,24693900
INTC,2015-11-02,26.769044876098633,34.11000061035156,34.279998779296875,33.63999938964844,33.72999954223633,21743100
INTC,2015-11-03,26.926006317138672,34.310001373291016,34.40999984741211,33.97999954223633,34.0,18167000
INTC,2015-11-04,26.989225387573242,34.150001525878906,34.27000045776367,33.900001525878906,34.27000045776367,20762100
INTC,2015-11-05,26.870683670043945,34.0,34.20000076293945,33.72999954223633,34.099998474121094,16486100
INTC,2015-11-06,26.74423599243164,33.84000015258789,33.970001220703125,33.40999984741211,33.93000030517578,23701700
INTC,2015-11-09,26.356979370117188,33.349998474121094,33.83000183105469,33.08000183105469,33.599998474121094,24168700
INTC,2015-11-10,26.24633026123047,33.209999084472656,33.27000045776367,32.810001373291016,33.16999816894531,22451700
INTC,2015-11-11,25.9697265625,32.86000061035156,33.380001068115234,32.79999923706055,33.15999984741211,19864700
INTC,2015-11-12,25.60618019104004,32.400001525878906,32.91999816894531,32.38999938964844,32.709999084472656,23265400
INTC,2015-11-13,25.37698745727539,32.11000061035156,32.380001068115234,31.959999084472656,32.27000045776367,23673200
INTC,2015-11-16,25.369089126586914,32.099998474121094,32.2599983215332,31.93000030517578,32.09000015258789,29899700
INTC,2015-11-17,25.795854568481445,32.63999938964844,32.880001068115234,32.0099983215332,32.150001525878906,22636400
INTC,2015-11-18,26.206817626953125,33.15999984741211,33.2400016784668,32.619998931884766,32.72999954223633,18619800
INTC,2015-11-19,27.107776641845703,34.29999923706055,34.72999954223633,33.130001068115234,33.220001220703125,45381600
INTC,2015-11-20,27.392292022705078,34.65999984741211,35.290000915527344,34.47999954223633,34.47999954223633,41137700
INTC,2015-11-23,27.250036239624023,34.47999954223633,34.849998474121094,34.40999984741211,34.65999984741211,20152900
INTC,2015-11-24,27.15519142150879,34.36000061035156,34.439998626708984,33.900001525878906,34.33000183105469,21413500
INTC,2015-11-25,27.226320266723633,34.45000076293945,34.7400016784668,34.13999938964844,34.2599983215332,17939400
INTC,2015-11-27,27.234230041503906,34.459999084472656,34.68000030517578,34.400001525878906,34.540000915527344,6620900
INTC,2015-11-30,27.479223251342773,34.77000045776367,34.900001525878906,34.43000030517578,34.54999923706055,21785800
INTC,2015-12-01,27.732126235961914,35.09000015258789,35.20000076293945,34.709999084472656,35.0,23560200
INTC,2015-12-02,27.526647567749023,34.83000183105469,35.40999984741211,34.810001373291016,35.09000015258789,18688200
INTC,2015-12-03,26.90229034423828,34.040000915527344,34.9900016784668,34.0,34.970001220703125,30131100
INTC,2015-12-04,27.613582611083984,34.939998626708984,35.029998779296875,34.0,34.11000061035156,24901000
INTC,2015-12-07,27.653093338012695,34.9900016784668,35.16999816894531,34.75,34.790000915527344,17731900
INTC,2015-12-08,27.46341896057129,34.75,34.95000076293945,34.41999816894531,34.66999816894531,13380200
INTC,2015-12-09,27.51083755493164,34.810001373291016,35.220001220703125,34.5099983215332,34.880001068115234,22548300
INTC,2015-12-10,27.479223251342773,34.77000045776367,35.06999969482422,34.65999984741211,34.849998474121094,17400700
INTC,2015-12-11,27.08407211303711,34.27000045776367,34.650001525878906,34.20000076293945,34.310001373291016,21251400
INTC,2015-12-14,27.24213409423828,34.470001220703125,34.47999954223633,33.880001068115234,34.380001068115234,19357100
INTC,2015-12-15,27.80325698852539,35.18000030517578,35.349998474121094,34.63999938964844,34.650001525878906,24365900
INTC,2015-12-16,27.898096084594727,35.29999923706055,35.470001220703125,34.77000045776367,35.36000061035156,23257900
INTC,2015-12-17,27.589866638183594,34.90999984741211,35.369998931884766,34.7599983215332,35.31999969482422,24963600
INTC,2015-12-18,26.767940521240234,33.869998931884766,34.75,33.86000061035156,34.72999954223633,41336600
INTC,2015-12-21,27.060361862182617,34.2400016784668,34.29999923706055,33.81999969482422,34.11000061035156,18006800
INTC,2015-12-22,27.44761085510254,34.72999954223633,34.779998779296875,34.27000045776367,34.36000061035156,18422000
INTC,2015-12-23,27.66100311279297,35.0,35.04999923706055,34.779998779296875,34.95000076293945,12526500
INTC,2015-12-24,27.645191192626953,34.97999954223633,35.2599983215332,34.959999084472656,35.06999969482422,5893800
INTC,2015-12-28,27.605670928955078,34.93000030517578,35.0,34.56999969482422,34.95000076293945,9449400
INTC,2015-12-29,28.008729934692383,35.439998626708984,35.59000015258789,35.0099983215332,35.0099983215332,14188600
INTC,2015-12-30,27.653093338012695,34.9900016784668,35.45000076293945,34.95000076293945,35.380001068115234,11566800
INTC,2015-12-31,27.226320266723633,34.45000076293945,34.959999084472656,34.439998626708984,34.81999969482422,14736700
INTC,2016-01-04,26.862781524658203,33.9900016784668,34.0099983215332,33.459999084472656,33.880001068115234,27882200
INTC,2016-01-05,26.736331939697266,33.83000183105469,34.0,33.529998779296875,33.959999084472656,16709500
INTC,2016-01-06,26.143600463867188,33.08000183105469,33.52000045776367,32.79999923706055,33.25,25491300
INTC,2016-01-07,25.163606643676758,31.84000015258789,33.0099983215332,31.84000015258789,32.279998779296875,37680500
INTC,2016-01-08,24.902801513671875,31.510000228881836,32.220001220703125,31.43000030517578,32.09000015258789,29953800
INTC,2016-01-11,25.337474822998047,32.060001373291016,32.220001220703125,31.68000030517578,31.809999465942383,27732400
INTC,2016-01-12,25.827468872070312,32.68000030517578,32.88999938964844,32.27000045776367,32.7599983215332,28587700
INTC,2016-01-13,25.218923568725586,31.90999984741211,32.93000030517578,31.829999923706055,32.7599983215332,34445700
INTC,2016-01-14,25.874889373779297,32.7400016784668,32.869998931884766,31.799999237060547,31.969999313354492,48728200
INTC,2016-01-15,23.51975440979004,29.760000228881836,30.5,29.450000762939453,29.729999542236328,76373900
INTC,2016-01-19,23.551361083984375,29.799999237060547,30.059999465942383,29.479999542236328,29.979999542236328,28878100
INTC,2016-01-20,23.38539695739746,29.59000015258789,29.8700008392334,29.209999084472656,29.350000381469727,39598200
INTC,2016-01-21,23.440725326538086,29.65999984741211,30.030000686645508,29.239999771118164,29.649999618530273,30157400
INTC,2016-01-22,23.654102325439453,29.93000030517578,30.239999771118164,29.510000228881836,30.1200008392334,25326500
INTC,2016-01-25,23.393299102783203,29.600000381469727,30.219999313354492,29.56999969482422,29.989999771118164,26441000
INTC,2016-01-26,23.662006378173828,29.940000534057617,30.049999237060547,29.610000610351562,29.610000610351562,24754900
INTC,2016-01-27,23.559263229370117,29.809999465942383,30.219999313354492,29.639999389648438,29.8799991607666,26384100
INTC,2016-01-28,23.685718536376953,29.969999313354492,30.18000030517578,29.75,30.020000457763672,22028100
INTC,2016-01-29,24.515548706054688,31.020000457763672,31.030000686645508,30.100000381469727,30.209999084472656,38311400
INTC,2016-02-01,24.35748291015625,30.81999969482422,31.1200008392334,30.639999389648438,30.719999313354492,19015100
INTC,2016-02-02,23.551361083984375,29.799999237060547,30.489999771118164,29.6299991607666,30.450000762939453,24994300
INTC,2016-02-03,23.39190673828125,29.34000015258789,29.719999313354492,28.520000457763672,29.719999313354492,44660100
INTC,2016-02-04,23.7347354888916,29.770000457763672,29.8799991607666,29.110000610351562,29.139999389648438,29257800
INTC,2016-02-05,23.152729034423828,29.040000915527344,29.760000228881836,28.90999984741211,29.579999923706055,27957500
INTC,2016-02-08,22.977325439453125,28.81999969482422,28.979999542236328,28.299999237060547,28.739999771118164,28725900
INTC,2016-02-09,22.969358444213867,28.809999465942383,29.149999618530273,28.40999984741211,28.489999771118164,22902600
INTC,2016-02-10,22.506938934326172,28.229999542236328,29.0,28.190000534057617,28.8799991607666,27267800
INTC,2016-02-11,22.498964309692383,28.219999313354492,28.40999984741211,27.68000030517578,27.829999923706055,28450200
INTC,2016-02-12,22.83381462097168,28.639999389648438,28.700000762939453,28.139999389648438,28.56999969482422,19699000
INTC,2016-02-16,22.9454345703125,28.780000686645508,28.950000762939453,28.360000610351562,28.75,30705200
INTC,2016-02-17,23.495553970336914,29.469999313354492,29.6200008392334,28.729999542236328,28.860000610351562,27691700
INTC,2016-02-18,23.455692291259766,29.420000076293945,29.760000228881836,29.3799991607666,29.530000686645508,20623300
INTC,2016-02-19,22.889623641967773,28.709999084472656,29.329999923706055,28.709999084472656,29.200000762939453,42056700
INTC,2016-02-22,23.399885177612305,29.350000381469727,29.540000915527344,29.0,29.110000610351562,23893100
INTC,2016-02-23,22.961381912231445,28.799999237060547,29.350000381469727,28.600000381469727,29.299999237060547,26638200
INTC,2016-02-24,23.272315979003906,29.190000534057617,29.299999237060547,28.3799991607666,28.520000457763672,21593600
INTC,2016-02-25,23.61514663696289,29.6200008392334,29.6200008392334,28.950000762939453,29.31999969482422,17571400
INTC,2016-02-26,23.758651733398438,29.799999237060547,30.079999923706055,29.700000762939453,29.8799991607666,19902200
INTC,2016-02-29,23.591222763061523,29.59000015258789,30.139999389648438,29.579999923706055,29.719999313354492,22903100
INTC,2016-03-01,24.213096618652344,30.3700008392334,30.530000686645508,29.75,29.93000030517578,25502600
INTC,2016-03-02,24.348628997802734,30.540000915527344,30.8700008392334,30.1200008392334,30.299999237060547,23779800
INTC,2016-03-03,24.380525588989258,30.579999923706055,31.350000381469727,30.540000915527344,31.1299991607666,25625200
INTC,2016-03-04,24.420387268066406,30.6299991607666,30.860000610351562,30.049999237060547,30.5,20356800
INTC,2016-03-07,24.66754150390625,30.940000534057617,31.1200008392334,30.5,30.59000015258789,18858200
INTC,2016-03-08,24.364578247070312,30.559999465942383,30.8799991607666,30.3799991607666,30.829999923706055,19104900
INTC,2016-03-09,24.611732482910156,30.8700008392334,31.040000915527344,30.670000076293945,30.829999923706055,14707800
INTC,2016-03-10,24.91469383239746,31.25,31.399999618530273,30.3799991607666,31.139999389648438,29584800
INTC,2016-03-11,25.321304321289062,31.760000228881836,31.790000915527344,31.530000686645508,31.670000076293945,22811200
INTC,2016-03-14,25.05820655822754,31.43000030517578,31.690000534057617,31.299999237060547,31.65999984741211,17438600
INTC,2016-03-15,25.23360824584961,31.649999618530273,31.649999618530273,31.059999465942383,31.34000015258789,16927700
INTC,2016-03-16,25.2654972076416,31.690000534057617,31.799999237060547,31.170000076293945,31.489999771118164,26298400
INTC,2016-03-17,25.4967041015625,31.979999542236328,32.16999816894531,31.700000762939453,31.760000228881836,22865300
INTC,2016-03-18,26.054792404174805,32.68000030517578,32.689998626708984,32.060001373291016,32.15999984741211,49934200
INTC,2016-03-21,25.783720016479492,32.34000015258789,32.41999816894531,31.950000762939453,32.22999954223633,21760900
INTC,2016-03-22,25.767776489257812,32.31999969482422,32.459999084472656,31.950000762939453,32.15999984741211,22200400
INTC,2016-03-23,25.512651443481445,32.0,32.470001220703125,31.979999542236328,32.470001220703125,18765300
INTC,2016-03-24,25.416973114013672,31.8799991607666,31.950000762939453,31.700000762939453,31.8700008392334,14211900
INTC,2016-03-28,25.432926177978516,31.899999618530273,32.0,31.6200008392334,31.8700008392334,11433000
INTC,2016-03-29,25.81560707092285,32.380001068115234,32.439998626708984,31.729999542236328,31.93000030517578,15313200
INTC,2016-03-30,26.078712463378906,32.709999084472656,32.75,32.290000915527344,32.45000076293945,16598000
INTC,2016-03-31,25.791696548461914,32.349998474121094,32.65999984741211,32.31999969482422,32.529998779296875,17880000
INTC,2016-04-01,25.871417999267578,32.45000076293945,32.470001220703125,32.099998474121094,32.27000045776367,18049700
INTC,2016-04-04,25.512651443481445,32.0,32.380001068115234,31.739999771118164,32.20000076293945,21581600
INTC,2016-04-05,25.432926177978516,31.899999618530273,32.119998931884766,31.719999313354492,31.889999389648438,20080000
INTC,2016-04-06,25.576431274414062,32.08000183105469,32.22999954223633,31.770000457763672,31.969999313354492,15740600
INTC,2016-04-07,25.15387725830078,31.549999237060547,31.899999618530273,31.350000381469727,31.889999389648438,23738200
INTC,2016-04-08,25.217660903930664,31.6299991607666,32.02000045776367,31.479999542236328,31.760000228881836,17031900
INTC,2016-04-11,25.249549865722656,31.670000076293945,32.34000015258789,31.65999984741211,31.899999618530273,19707700
INTC,2016-04-12,25.401031494140625,31.860000610351562,31.940000534057617,31.3799991607666,31.8799991607666,16774200
INTC,2016-04-13,25.616294860839844,32.130001068115234,32.18000030517578,31.950000762939453,31.969999313354492,19968100
INTC,2016-04-14,25.353195190429688,31.799999237060547,31.889999389648438,31.549999237060547,31.780000686645508,21620900
INTC,2016-04-15,25.08212661743164,31.459999084472656,31.889999389648438,31.3799991607666,31.790000915527344,28782800
INTC,2016-04-18,25.23360824584961,31.649999618530273,31.719999313354492,31.3799991607666,31.43000030517578,21566600
INTC,2016-04-19,25.193737030029297,31.600000381469727,31.809999465942383,31.399999618530273,31.700000762939453,33619300
INTC,2016-04-20,25.512651443481445,32.0,32.2599983215332,31.25,31.31999969482422,57629800
INTC,2016-04-21,25.488723754882812,31.969999313354492,32.060001373291016,31.809999465942383,31.940000534057617,28431400
INTC,2016-04-22,25.225631713867188,31.639999389648438,31.860000610351562,31.219999313354492,31.739999771118164,29625600
INTC,2016-04-25,25.026309967041016,31.389999389648438,31.5,31.200000762939453,31.360000610351562,19315700
INTC,2016-04-26,25.034290313720703,31.399999618530273,31.700000762939453,31.170000076293945,31.389999389648438,20976400
INTC,2016-04-27,25.31332778930664,31.75,31.799999237060547,31.190000534057617,31.25,20006200
INTC,2016-04-28,24.803077697753906,31.110000610351562,31.709999084472656,31.030000686645508,31.450000762939453,25146400
INTC,2016-04-29,24.141345977783203,30.280000686645508,30.8700008392334,30.100000381469727,30.860000610351562,36443700
INTC,2016-05-02,24.404441833496094,30.610000610351562,30.690000534057617,30.360000610351562,30.450000762939453,21086600
INTC,2016-05-03,24.205127716064453,30.360000610351562,30.559999465942383,30.09000015258789,30.40999984741211,27111100
INTC,2016-05-04,24.00408935546875,29.850000381469727,30.209999084472656,29.700000762939453,30.170000076293945,23278800
INTC,2016-05-05,24.044288635253906,29.899999618530273,30.020000457763672,29.75,29.8700008392334,23393300
INTC,2016-05-06,24.156879425048828,30.040000915527344,30.110000610351562,29.520000457763672,29.610000610351562,19632200
INTC,2016-05-09,23.96387481689453,29.799999237060547,30.170000076293945,29.760000228881836,30.079999923706055,16888300
INTC,2016-05-10,24.237287521362305,30.139999389648438,30.18000030517578,29.81999969482422,30.0,17013800
INTC,2016-05-11,24.17296028137207,30.059999465942383,30.25,29.969999313354492,30.15999984741211,15754200
INTC,2016-05-12,23.931713104248047,29.760000228881836,30.239999771118164,29.56999969482422,30.110000610351562,20826700
INTC,2016-05-13,24.052335739135742,29.90999984741211,30.200000762939453,29.84000015258789,29.860000610351562,19999600
INTC,2016-05-16,24.438325881958008,30.389999389648438,30.559999465942383,29.8799991607666,29.899999618530273,21826100
INTC,2016-05-17,24.108627319335938,29.979999542236328,30.56999969482422,29.860000610351562,30.56999969482422,25709900
INTC,2016-05-18,24.116662979125977,29.989999771118164,30.25,29.780000686645508,30.030000686645508,22469900
INTC,2016-05-19,23.827165603637695,29.6299991607666,29.93000030517578,29.5,29.770000457763672,21740900
INTC,2016-05-20,24.245330810546875,30.149999618530273,30.3799991607666,29.700000762939453,29.729999542236328,22777300
INTC,2016-05-23,24.309661865234375,30.229999542236328,30.479999542236328,30.1299991607666,30.229999542236328,20881900
INTC,2016-05-24,24.97711181640625,31.059999465942383,31.1200008392334,30.450000762939453,30.5,23699200
INTC,2016-05-25,25.24248504638672,31.389999389648438,31.56999969482422,31.149999618530273,31.200000762939453,18359600
INTC,2016-05-26,25.322900772094727,31.489999771118164,31.6299991607666,31.399999618530273,31.489999771118164,12692300
INTC,2016-05-27,25.38723373413086,31.56999969482422,31.649999618530273,31.450000762939453,31.600000381469727,13341300
INTC,2016-05-31,25.403318405151367,31.59000015258789,31.649999618530273,31.309999465942383,31.510000228881836,23040200
INTC,2016-06-01,25.459609985351562,31.65999984741211,31.719999313354492,31.469999313354492,31.6200008392334,17753500
INTC,2016-06-02,25.54002571105957,31.760000228881836,31.760000228881836,31.450000762939453,31.559999465942383,14140100
INTC,2016-06-03,25.427440643310547,31.6200008392334,31.739999771118164,31.399999618530273,31.739999771118164,15777500
INTC,2016-06-06,25.47569465637207,31.68000030517578,31.81999969482422,31.579999923706055,31.639999389648438,15139600
INTC,2016-06-07,25.636520385742188,31.8799991607666,32.02000045776367,31.700000762939453,31.75,19339100
INTC,2016-06-08,25.644563674926758,31.889999389648438,32.0,31.790000915527344,31.799999237060547,12732100
INTC,2016-06-09,25.684776306152344,31.940000534057617,32.0,31.68000030517578,31.68000030517578,11276800
INTC,2016-06-10,25.765193939208984,32.040000915527344,32.2400016784668,31.649999618530273,31.700000762939453,35749100
INTC,2016-06-13,25.86972427368164,32.16999816894531,32.5,32.040000915527344,32.04999923706055,23004800
INTC,2016-06-14,25.84560775756836,32.13999938964844,32.2400016784668,31.790000915527344,32.0099983215332,18754300
INTC,2016-06-15,25.419397354125977,31.610000610351562,32.2599983215332,31.59000015258789,32.25,23783300
INTC,2016-06-16,25.48373794555664,31.690000534057617,31.770000457763672,31.219999313354492,31.440000534057617,18547900
INTC,2016-06-17,25.54002571105957,31.760000228881836,31.809999465942383,31.469999313354492,31.729999542236328,27047900
INTC,2016-06-20,25.86972427368164,32.16999816894531,32.439998626708984,32.0099983215332,32.06999969482422,21961600
INTC,2016-06-21,25.990354537963867,32.31999969482422,32.380001068115234,32.09000015258789,32.2599983215332,15476500
INTC,2016-06-22,25.96623420715332,32.290000915527344,32.630001068115234,32.25,32.29999923706055,18304800
INTC,2016-06-23,26.529142379760742,32.9900016784668,33.0,32.5,32.58000183105469,22048800
INTC,2016-06-24,25.371150970458984,31.549999237060547,32.31999969482422,31.399999618530273,31.799999237060547,38094300
INTC,2016-06-27,24.70370101928711,30.719999313354492,31.40999984741211,30.440000534057617,31.40999984741211,34965100
INTC,2016-06-28,25.08165740966797,31.190000534057617,31.200000762939453,30.809999465942383,30.969999313354492,23693900
INTC,2016-06-29,25.67673110961914,31.93000030517578,31.979999542236328,31.309999465942383,31.350000381469727,22771100
INTC,2016-06-30,26.376346588134766,32.79999923706055,32.880001068115234,31.969999313354492,32.0,34528900
INTC,2016-07-01,26.336143493652344,32.75,32.88999938964844,32.470001220703125,32.63999938964844,17084600
INTC,2016-07-05,26.27985191345215,32.68000030517578,32.72999954223633,32.459999084472656,32.5,20107200
INTC,2016-07-06,26.5130558013916,32.970001220703125,33.0,32.380001068115234,32.79999923706055,21070200
INTC,2016-07-07,26.698009490966797,33.20000076293945,33.54999923706055,32.959999084472656,32.959999084472656,26119400
INTC,2016-07-08,27.341337203979492,34.0,34.0,33.5,33.650001525878906,23341900
INTC,2016-07-11,27.646915435791016,34.380001068115234,34.5,34.040000915527344,34.040000915527344,23820700
INTC,2016-07-12,28.097248077392578,34.939998626708984,34.970001220703125,34.47999954223633,34.5099983215332,28064100
INTC,2016-07-13,28.153533935546875,35.0099983215332,35.25,34.880001068115234,35.040000915527344,29120900
INTC,2016-07-14,28.30632209777832,35.20000076293945,35.29999923706055,34.959999084472656,35.130001068115234,25296400
INTC,2016-07-15,28.2017822265625,35.06999969482422,35.290000915527344,34.900001525878906,35.2599983215332,23661900
INTC,2016-07-18,28.185701370239258,35.04999923706055,35.20000076293945,34.95000076293945,35.18000030517578,19347200
INTC,2016-07-19,28.266117095947266,35.150001525878906,35.15999984741211,34.849998474121094,34.88999938964844,20395400
INTC,2016-07-20,28.70035743713379,35.689998626708984,35.93000030517578,35.060001373291016,35.29999923706055,42994200
INTC,2016-07-21,27.558462142944336,34.27000045776367,34.4900016784668,33.86000061035156,34.33000183105469,63708600
INTC,2016-07-22,27.87208366394043,34.65999984741211,34.70000076293945,34.2599983215332,34.380001068115234,33033700
INTC,2016-07-25,27.896207809448242,34.689998626708984,34.7599983215332,34.56999969482422,34.619998931884766,20277700
INTC,2016-07-26,28.217870712280273,35.09000015258789,35.22999954223633,34.70000076293945,34.75,29644400
INTC,2016-07-27,28.0087890625,34.83000183105469,35.279998779296875,34.630001068115234,35.0,23601800
INTC,2016-07-28,27.96053123474121,34.77000045776367,34.83000183105469,34.52000045776367,34.83000183105469,21667400
INTC,2016-07-29,28.032909393310547,34.86000061035156,34.91999816894531,34.599998474121094,34.77000045776367,18171200
INTC,2016-08-01,28.024866104125977,34.849998474121094,34.90999984741211,34.560001373291016,34.81999969482422,18824400
INTC,2016-08-02,27.79166603088379,34.560001373291016,34.869998931884766,34.33000183105469,34.810001373291016,20057300
INTC,2016-08-03,27.751150131225586,34.25,34.279998779296875,33.9900016784668,34.099998474121094,18388800
INTC,2016-08-04,28.018537521362305,34.58000183105469,34.619998931884766,34.220001220703125,34.290000915527344,16362600
INTC,2016-08-05,28.342634201049805,34.97999954223633,35.130001068115234,34.70000076293945,34.79999923706055,20046200
INTC,2016-08-08,28.39124870300293,35.040000915527344,35.16999816894531,34.86000061035156,34.900001525878906,19497300
INTC,2016-08-09,28.294017791748047,34.91999816894531,35.15999984741211,34.84000015258789,35.040000915527344,12578900
INTC,2016-08-10,27.978017807006836,34.529998779296875,35.0,34.5,35.0,19579000
INTC,2016-08-11,28.099563598632812,34.68000030517578,34.7400016784668,34.4900016784668,34.65999984741211,16364100
INTC,2016-08-12,28.01043128967285,34.56999969482422,34.7599983215332,34.439998626708984,34.52000045776367,15708300
INTC,2016-08-15,28.28591537475586,34.90999984741211,35.15999984741211,34.630001068115234,34.70000076293945,18931100
INTC,2016-08-16,28.528987884521484,35.209999084472656,35.209999084472656,34.77000045776367,34.77000045776367,16320900
INTC,2016-08-17,28.375045776367188,35.02000045776367,35.209999084472656,34.77000045776367,35.16999816894531,18221600
INTC,2016-08-18,28.334531784057617,34.970001220703125,35.09000015258789,34.75,34.959999084472656,16085200
INTC,2016-08-19,28.553298950195312,35.2400016784668,35.27000045776367,34.7400016784668,34.84000015258789,16417600
INTC,2016-08-22,28.650537490844727,35.36000061035156,35.45000076293945,35.119998931884766,35.20000076293945,14941400
INTC,2016-08-23,28.68294334411621,35.400001525878906,35.689998626708984,35.29999923706055,35.5,18316000
INTC,2016-08-24,28.480379104614258,35.150001525878906,35.40999984741211,35.02000045776367,35.31999969482422,16343500
INTC,2016-08-25,28.431766510009766,35.09000015258789,35.220001220703125,34.900001525878906,35.04999923706055,12428000
INTC,2016-08-26,28.56949806213379,35.2599983215332,35.58000183105469,35.04999923706055,35.11000061035156,14469900
INTC,2016-08-29,28.804466247558594,35.54999923706055,35.66999816894531,35.150001525878906,35.47999954223633,15264300
INTC,2016-08-30,28.926013946533203,35.70000076293945,35.7400016784668,35.52000045776367,35.59000015258789,15183200
INTC,2016-08-31,29.079965591430664,35.88999938964844,35.900001525878906,35.58000183105469,35.619998931884766,20562700
INTC,2016-09-01,29.185298919677734,36.02000045776367,36.040000915527344,35.58000183105469,35.9900016784668,18925800
INTC,2016-09-02,29.23390769958496,36.08000183105469,36.33000183105469,35.95000076293945,36.209999084472656,16726700
INTC,2016-09-06,29.630937576293945,36.56999969482422,36.599998474121094,36.16999816894531,36.380001068115234,22337800
INTC,2016-09-07,29.541812896728516,36.459999084472656,36.650001525878906,36.380001068115234,36.650001525878906,18495600
INTC,2016-09-08,29.525604248046875,36.439998626708984,36.59000015258789,36.119998931884766,36.349998474121094,20356500
INTC,2016-09-09,28.715351104736328,35.439998626708984,36.38999938964844,35.439998626708984,36.099998474121094,29457900
INTC,2016-09-12,29.23390769958496,36.08000183105469,36.119998931884766,35.060001373291016,35.189998626708984,22796600
INTC,2016-09-13,28.85309600830078,35.61000061035156,35.880001068115234,35.31999969482422,35.75,23591300
INTC,2016-09-14,28.86119842529297,35.619998931884766,35.81999969482422,35.400001525878906,35.5099983215332,14074500
INTC,2016-09-15,29.622831344604492,36.560001373291016,36.650001525878906,35.540000915527344,35.7400016784668,23736000
INTC,2016-09-16,30.522216796875,37.66999816894531,38.04999923706055,37.25,37.720001220703125,74577900
INTC,2016-09-19,30.108983993530273,37.15999984741211,38.02000045776367,37.09000015258789,37.689998626708984,30531700
INTC,2016-09-20,30.092784881591797,37.13999938964844,37.43000030517578,36.939998626708984,37.41999816894531,24796900
INTC,2016-09-21,30.343961715698242,37.45000076293945,37.459999084472656,36.86000061035156,37.209999084472656,21233700
INTC,2016-09-22,30.42498207092285,37.54999923706055,37.83000183105469,37.439998626708984,37.599998474121094,17013400
INTC,2016-09-23,30.133296966552734,37.189998626708984,37.650001525878906,37.119998931884766,37.45000076293945,18062500
INTC,2016-09-26,29.695751190185547,36.650001525878906,36.939998626708984,36.599998474121094,36.91999816894531,25518800
INTC,2016-09-27,30.125192642211914,37.18000030517578,37.220001220703125,36.630001068115234,36.900001525878906,22391600
INTC,2016-09-28,30.33584976196289,37.439998626708984,37.5,37.150001525878906,37.310001373291016,19020800
INTC,2016-09-29,30.23862648010254,37.31999969482422,37.529998779296875,37.0,37.4900016784668,17675000
INTC,2016-09-30,30.5870361328125,37.75,37.91999816894531,37.439998626708984,37.470001220703125,24279300
INTC,2016-10-03,30.514114379882812,37.65999984741211,37.95000076293945,37.529998779296875,37.689998626708984,14113600
INTC,2016-10-04,30.416887283325195,37.540000915527344,37.939998626708984,37.33000183105469,37.77000045776367,14393100
INTC,2016-10-05,30.781492233276367,37.9900016784668,38.310001373291016,37.63999938964844,37.75,22420800
INTC,2016-10-06,30.846323013305664,38.06999969482422,38.15999984741211,37.58000183105469,37.84000015258789,15171400
INTC,2016-10-07,30.87062644958496,38.099998474121094,38.220001220703125,37.779998779296875,38.08000183105469,16942500
INTC,2016-10-10,30.805803298950195,38.02000045776367,38.36000061035156,37.900001525878906,38.25,14954300
INTC,2016-10-11,30.198118209838867,37.27000045776367,38.0,36.81999969482422,37.90999984741211,27650500
INTC,2016-10-12,30.084680557250977,37.130001068115234,37.25,36.810001373291016,37.20000076293945,14053900
INTC,2016-10-13,29.955036163330078,36.970001220703125,37.130001068115234,36.459999084472656,36.849998474121094,16936000
INTC,2016-10-14,30.343961715698242,37.45000076293945,37.70000076293945,37.15999984741211,37.189998626708984,19123900
INTC,2016-10-17,30.214319229125977,37.290000915527344,37.720001220703125,37.2400016784668,37.54999923706055,15788100
INTC,2016-10-18,30.5870361328125,37.75,38.04999923706055,37.529998779296875,37.970001220703125,42907800
INTC,2016-10-19,28.77206802368164,35.5099983215332,36.09000015258789,35.22999954223633,36.06999969482422,75229000
INTC,2016-10-20,28.707246780395508,35.43000030517578,35.66999816894531,35.099998474121094,35.40999984741211,25669500
INTC,2016-10-21,28.480379104614258,35.150001525878906,35.400001525878906,34.810001373291016,35.209999084472656,20813200
INTC,2016-10-24,28.56949806213379,35.2599983215332,35.4900016784668,35.11000061035156,35.43000030517578,21524700
INTC,2016-10-25,28.439861297607422,35.099998474121094,35.25,35.0099983215332,35.13999938964844,17860300
INTC,2016-10-26,28.294017791748047,34.91999816894531,35.209999084472656,34.7400016784668,35.040000915527344,19977600
INTC,2016-10-27,28.204891204833984,34.810001373291016,35.22999954223633,34.75,35.099998474121094,14634700
INTC,2016-10-28,28.148170471191406,34.7400016784668,35.16999816894531,34.709999084472656,34.869998931884766,22296400
INTC,2016-10-31,28.25350570678711,34.869998931884766,35.08000183105469,34.84000015258789,34.91999816894531,19188600
INTC,2016-11-01,27.96991729736328,34.52000045776367,35.15999984741211,34.27000045776367,34.900001525878906,25368200
INTC,2016-11-02,28.034732818603516,34.599998474121094,34.900001525878906,34.470001220703125,34.599998474121094,21416400
INTC,2016-11-03,27.700021743774414,33.93000030517578,34.52000045776367,33.869998931884766,34.45000076293945,19400000
INTC,2016-11-04,27.43878173828125,33.61000061035156,33.93000030517578,33.41999816894531,33.529998779296875,21914700
INTC,2016-11-07,28.320478439331055,34.689998626708984,34.75,34.150001525878906,34.2400016784668,19296600
INTC,2016-11-08,28.36129379272461,34.7400016784668,34.95000076293945,34.4900016784668,34.599998474121094,14833100
INTC,2016-11-09,28.369457244873047,34.75,34.849998474121094,33.66999816894531,34.130001068115234,25999400
INTC,2016-11-10,28.165359497070312,34.5,34.95000076293945,34.029998779296875,34.95000076293945,28249900
INTC,2016-11-11,28.255163192749023,34.61000061035156,34.869998931884766,34.34000015258789,34.56999969482422,22665000
INTC,2016-11-14,28.14904022216797,34.47999954223633,34.72999954223633,34.20000076293945,34.560001373291016,22558900
INTC,2016-11-15,28.500083923339844,34.90999984741211,35.290000915527344,34.61000061035156,34.63999938964844,20676100
INTC,2016-11-16,28.44293212890625,34.84000015258789,34.91999816894531,34.540000915527344,34.900001525878906,18565500
INTC,2016-11-17,28.58988380432129,35.02000045776367,35.02000045776367,34.630001068115234,34.810001373291016,15748500
INTC,2016-11-18,28.532737731933594,34.95000076293945,35.0,34.63999938964844,34.900001525878906,16806900
INTC,2016-11-21,28.557228088378906,34.97999954223633,35.20000076293945,34.84000015258789,35.099998474121094,14259500
INTC,2016-11-22,28.965425491333008,35.47999954223633,35.5,35.11000061035156,35.18000030517578,22327400
INTC,2016-11-23,28.736835479736328,35.20000076293945,35.52000045776367,35.099998474121094,35.47999954223633,15843100
INTC,2016-11-25,28.932764053344727,35.439998626708984,35.45000076293945,35.11000061035156,35.11000061035156,6372800
INTC,2016-11-28,28.98991584777832,35.5099983215332,35.65999984741211,35.209999084472656,35.43000030517578,13549000
INTC,2016-11-29,28.82663917541504,35.310001373291016,35.63999938964844,35.27000045776367,35.63999938964844,19581000
INTC,2016-11-30,28.328638076782227,34.70000076293945,35.29999923706055,34.70000076293945,35.20000076293945,27016100
INTC,2016-12-01,27.561229705810547,33.7599983215332,34.93000030517578,33.560001373291016,34.86000061035156,29618700
INTC,2016-12-02,27.887792587280273,34.15999984741211,34.2599983215332,33.599998474121094,33.720001220703125,21492500
INTC,2016-12-05,28.075551986694336,34.38999938964844,34.41999816894531,33.970001220703125,34.310001373291016,14462000
INTC,2016-12-06,28.344966888427734,34.720001220703125,34.75,34.29999923706055,34.38999938964844,15297700
INTC,2016-12-07,28.981752395629883,35.5,35.56999969482422,34.45000076293945,34.66999816894531,21710300
INTC,2016-12-08,29.145017623901367,35.70000076293945,36.029998779296875,35.220001220703125,35.47999954223633,19966500
INTC,2016-12-09,29.194013595581055,35.7599983215332,35.900001525878906,35.59000015258789,35.75,16326900
INTC,2016-12-12,29.365455627441406,35.970001220703125,36.09000015258789,35.66999816894531,35.779998779296875,21985800
INTC,2016-12-13,30.04305076599121,36.79999923706055,36.88999938964844,35.93000030517578,36.0099983215332,35773600
INTC,2016-12-14,29.838966369628906,36.54999923706055,36.88999938964844,36.459999084472656,36.70000076293945,30819400
INTC,2016-12-15,30.03489112854004,36.790000915527344,37.15999984741211,36.529998779296875,36.7400016784668,23721500
INTC,2016-12-16,29.643022537231445,36.310001373291016,36.869998931884766,36.09000015258789,36.720001220703125,38212800
INTC,2016-12-19,30.116533279418945,36.88999938964844,36.95000076293945,36.27000045776367,36.34000015258789,18744300
INTC,2016-12-20,30.377775192260742,37.209999084472656,37.2400016784668,36.88999938964844,36.95000076293945,18551800
INTC,2016-12-21,30.19000816345215,36.97999954223633,37.349998474121094,36.90999984741211,37.25,14323600
INTC,2016-12-22,30.1491756439209,36.93000030517578,37.2400016784668,36.810001373291016,37.22999954223633,10793900
INTC,2016-12-23,30.18183708190918,36.970001220703125,36.97999954223633,36.77000045776367,36.93000030517578,6287300
INTC,2016-12-27,30.26347541809082,37.06999969482422,37.33000183105469,36.90999984741211,36.90999984741211,9033700
INTC,2016-12-28,29.904260635375977,36.630001068115234,37.20000076293945,36.58000183105469,37.099998474121094,12868600
INTC,2016-12-29,29.92875862121582,36.65999984741211,36.720001220703125,36.43000030517578,36.5099983215332,8447300
INTC,2016-12-30,29.610370635986328,36.27000045776367,36.79999923706055,36.20000076293945,36.790000915527344,17468000
INTC,2017-01-03,29.879772186279297,36.599998474121094,36.93000030517578,36.27000045776367,36.61000061035156,20196500
INTC,2017-01-04,29.724674224853516,36.40999984741211,36.77000045776367,36.34000015258789,36.709999084472656,15915700
INTC,2017-01-05,29.675676345825195,36.349998474121094,36.720001220703125,36.310001373291016,36.45000076293945,13986000
INTC,2017-01-06,29.781808853149414,36.47999954223633,36.68000030517578,36.189998626708984,36.59000015258789,15114000
INTC,2017-01-09,29.887937545776367,36.61000061035156,36.88999938964844,36.47999954223633,36.47999954223633,19461400
INTC,2017-01-10,29.830795288085938,36.540000915527344,36.93000030517578,36.529998779296875,36.54999923706055,15918800
INTC,2017-01-11,30.165512084960938,36.95000076293945,37.0,36.5099983215332,36.5099983215332,22398400
INTC,2017-01-12,29.969575881958008,36.709999084472656,36.83000183105469,36.31999969482422,36.83000183105469,20391900
INTC,2017-01-13,30.03489112854004,36.790000915527344,36.86000061035156,36.619998931884766,36.709999084472656,15072200
INTC,2017-01-17,30.04305076599121,36.79999923706055,36.83000183105469,36.59000015258789,36.66999816894531,20195200
INTC,2017-01-18,30.010387420654297,36.7599983215332,37.0099983215332,36.61000061035156,36.88999938964844,15382500
INTC,2017-01-19,29.855281829833984,36.56999969482422,36.90999984741211,36.5099983215332,36.5099983215332,13654500
INTC,2017-01-20,30.1573486328125,36.939998626708984,37.029998779296875,36.58000183105469,36.7599983215332,23950900
INTC,2017-01-23,30.01856231689453,36.77000045776367,37.209999084472656,36.54999923706055,37.06999969482422,27752600
INTC,2017-01-24,30.712488174438477,37.619998931884766,37.7400016784668,36.810001373291016,36.84000015258789,35140900
INTC,2017-01-25,30.859447479248047,37.79999923706055,38.0,37.52000045776367,37.869998931884766,32276400
INTC,2017-01-26,30.663509368896484,37.560001373291016,37.91999816894531,37.41999816894531,37.81999969482422,34144800
INTC,2017-01-27,31.00639533996582,37.97999954223633,38.45000076293945,37.810001373291016,38.0,44368600
INTC,2017-01-30,30.54921531677246,37.41999816894531,37.84000015258789,37.33000183105469,37.7400016784668,23954700
INTC,2017-01-31,30.059383392333984,36.81999969482422,37.369998931884766,36.63999938964844,37.220001220703125,27059100
INTC,2017-02-01,29.814464569091797,36.52000045776367,36.95000076293945,36.02000045776367,36.81999969482422,28380600
INTC,2017-02-02,29.945087432861328,36.68000030517578,36.70000076293945,36.20000076293945,36.2599983215332,31916900
INTC,2017-02-03,30.027305603027344,36.52000045776367,36.81999969482422,36.45000076293945,36.689998626708984,21038100
INTC,2017-02-06,29.82175636291504,36.27000045776367,36.5099983215332,36.150001525878906,36.5099983215332,21427000
INTC,2017-02-07,29.887527465820312,36.349998474121094,36.52000045776367,36.2400016784668,36.45000076293945,18581900
INTC,2017-02-08,29.912195205688477,36.380001068115234,36.650001525878906,36.13999938964844,36.34000015258789,20807400
INTC,2017-02-09,29.155757904052734,35.459999084472656,36.5,35.400001525878906,36.5,47802700
INTC,2017-02-10,29.057092666625977,35.34000015258789,35.43000030517578,34.84000015258789,35.2599983215332,44106500
INTC,2017-02-13,29.43531608581543,35.79999923706055,35.849998474121094,35.34000015258789,35.56999969482422,28180600
INTC,2017-02-14,29.54219627380371,35.93000030517578,35.959999084472656,35.529998779296875,35.84000015258789,25734800
INTC,2017-02-15,29.640851974487305,36.04999923706055,36.060001373291016,35.66999816894531,35.97999954223633,18452200
INTC,2017-02-16,29.936874389648438,36.40999984741211,36.560001373291016,36.099998474121094,36.18000030517578,21317500
INTC,2017-02-17,29.99441909790039,36.47999954223633,36.47999954223633,36.099998474121094,36.31999969482422,18909900
INTC,2017-02-21,30.027305603027344,36.52000045776367,36.650001525878906,36.33000183105469,36.529998779296875,20556000
INTC,2017-02-22,29.657302856445312,36.06999969482422,36.400001525878906,35.790000915527344,36.34000015258789,29904400
INTC,2017-02-23,29.74775505065918,36.18000030517578,36.29999923706055,35.900001525878906,36.2400016784668,22775000
INTC,2017-02-24,30.03553009033203,36.529998779296875,36.529998779296875,35.95000076293945,36.13999938964844,18617600
INTC,2017-02-27,30.019094467163086,36.5099983215332,36.68000030517578,36.27000045776367,36.41999816894531,14065200
INTC,2017-02-28,29.764205932617188,36.20000076293945,36.459999084472656,36.0,36.41999816894531,24977000
INTC,2017-03-01,29.54219627380371,35.93000030517578,36.099998474121094,35.439998626708984,35.849998474121094,34085900
INTC,2017-03-02,29.525753021240234,35.90999984741211,36.02000045776367,35.650001525878906,35.93000030517578,23602100
INTC,2017-03-03,29.517528533935547,35.900001525878906,36.09000015258789,35.66999816894531,35.939998626708984,17538100
INTC,2017-03-06,29.24620819091797,35.56999969482422,35.79999923706055,35.41999816894531,35.790000915527344,24416700
INTC,2017-03-07,29.43531608581543,35.79999923706055,35.79999923706055,35.38999938964844,35.540000915527344,23434900
INTC,2017-03-08,29.287309646606445,35.619998931884766,35.900001525878906,35.529998779296875,35.66999816894531,20920100
INTC,2017-03-09,29.451763153076172,35.81999969482422,35.939998626708984,35.5,35.599998474121094,23616800
INTC,2017-03-10,29.525753021240234,35.90999984741211,36.29999923706055,35.779998779296875,36.119998931884766,25402300
INTC,2017-03-13,28.90909194946289,35.15999984741211,36.040000915527344,34.939998626708984,35.849998474121094,53582900
INTC,2017-03-14,28.925539016723633,35.18000030517578,35.22999954223633,34.65999984741211,35.060001373291016,28586900
INTC,2017-03-15,28.85976219177246,35.099998474121094,35.16999816894531,34.68000030517578,34.939998626708984,27996100
INTC,2017-03-16,28.89264678955078,35.13999938964844,35.36000061035156,35.06999969482422,35.16999816894531,19616100
INTC,2017-03-17,28.99954605102539,35.27000045776367,35.33000183105469,35.099998474121094,35.310001373291016,30778900
INTC,2017-03-20,29.13109016418457,35.43000030517578,35.630001068115234,35.2599983215332,35.369998931884766,17322300
INTC,2017-03-21,28.8104305267334,35.040000915527344,35.599998474121094,35.0,35.59000015258789,22814500
INTC,2017-03-22,29.081762313842773,35.369998931884766,35.459999084472656,35.0,35.220001220703125,19144500
INTC,2017-03-23,28.99954605102539,35.27000045776367,35.4900016784668,35.02000045776367,35.4900016784668,20640400
INTC,2017-03-24,28.90909194946289,35.15999984741211,35.72999954223633,35.119998931884766,35.650001525878906,22188000
INTC,2017-03-27,29.098203659057617,35.38999938964844,35.5,34.939998626708984,35.06999969482422,16992200
INTC,2017-03-28,29.2708683013916,35.599998474121094,35.709999084472656,35.209999084472656,35.34000015258789,18398100
INTC,2017-03-29,29.24620819091797,35.56999969482422,35.70000076293945,35.439998626708984,35.52000045776367,17202600
INTC,2017-03-30,29.394197463989258,35.75,35.88999938964844,35.52000045776367,35.58000183105469,16433000
INTC,2017-03-31,29.657302856445312,36.06999969482422,36.25,35.7400016784668,35.75,21438400
INTC,2017-04-03,29.731311798095703,36.15999984741211,36.7400016784668,36.119998931884766,36.189998626708984,32013600
INTC,2017-04-04,29.8299617767334,36.279998779296875,36.380001068115234,35.9900016784668,36.119998931884766,18918000
INTC,2017-04-05,29.78065299987793,36.220001220703125,36.7599983215332,36.16999816894531,36.43000030517578,22455500
INTC,2017-04-06,29.624427795410156,36.029998779296875,36.279998779296875,36.029998779296875,36.130001068115234,20198200
INTC,2017-04-07,29.624427795410156,36.029998779296875,36.31999969482422,35.9900016784668,36.06999969482422,15689500
INTC,2017-04-10,29.43531608581543,35.79999923706055,36.09000015258789,35.61000061035156,36.02000045776367,19973700
INTC,2017-04-11,29.38597297668457,35.7400016784668,35.790000915527344,35.209999084472656,35.77000045776367,22711800
INTC,2017-04-12,29.295530319213867,35.630001068115234,36.0099983215332,35.5,35.869998931884766,19289800
INTC,2017-04-13,28.983095169067383,35.25,35.7599983215332,35.25,35.54999923706055,15764000
INTC,2017-04-17,29.17220687866211,35.47999954223633,35.59000015258789,35.33000183105469,35.439998626708984,12560700
INTC,2017-04-18,29.410648345947266,35.77000045776367,35.810001373291016,35.29999923706055,35.43000030517578,12321100
INTC,2017-04-19,29.525753021240234,35.90999984741211,36.220001220703125,35.88999938964844,35.970001220703125,16594600
INTC,2017-04-20,29.74775505065918,36.18000030517578,36.27000045776367,35.86000061035156,36.18000030517578,22968300
INTC,2017-04-21,29.862863540649414,36.31999969482422,36.41999816894531,35.849998474121094,36.20000076293945,20390500
INTC,2017-04-24,30.21641731262207,36.75,36.849998474121094,36.459999084472656,36.66999816894531,26305800
INTC,2017-04-25,30.315080642700195,36.869998931884766,37.0,36.65999984741211,36.77000045776367,22066800
INTC,2017-04-26,30.364408493041992,36.93000030517578,37.22999954223633,36.779998779296875,36.779998779296875,27241000
INTC,2017-04-27,30.77552604675293,37.43000030517578,37.5,36.779998779296875,36.869998931884766,39890000
INTC,2017-04-28,29.723093032836914,36.150001525878906,36.4900016784668,35.880001068115234,36.099998474121094,56769300
INTC,2017-05-01,29.85464096069336,36.310001373291016,36.400001525878906,35.939998626708984,36.11000061035156,24825600
INTC,2017-05-02,30.397302627563477,36.970001220703125,37.029998779296875,36.349998474121094,36.369998931884766,35813000
INTC,2017-05-03,30.63172149658203,36.97999954223633,37.16999816894531,36.619998931884766,36.720001220703125,22040300
INTC,2017-05-04,30.52403450012207,36.849998474121094,37.11000061035156,36.63999938964844,36.9900016784668,16437100
INTC,2017-05-05,30.499197006225586,36.81999969482422,36.93000030517578,36.5,36.86000061035156,18119200
INTC,2017-05-08,30.26725959777832,36.540000915527344,36.849998474121094,36.47999954223633,36.72999954223633,17660200
INTC,2017-05-09,30.126441955566406,36.369998931884766,36.75,36.279998779296875,36.47999954223633,17819100
INTC,2017-05-10,29.82823944091797,36.0099983215332,36.380001068115234,35.93000030517578,36.27000045776367,25133800
INTC,2017-05-11,29.563182830810547,35.689998626708984,36.0,35.45000076293945,35.90999984741211,21508900
INTC,2017-05-12,29.430639266967773,35.529998779296875,35.7400016784668,35.400001525878906,35.720001220703125,19730800
INTC,2017-05-15,29.513465881347656,35.630001068115234,35.720001220703125,35.41999816894531,35.529998779296875,22120100
INTC,2017-05-16,29.670856475830078,35.81999969482422,35.88999938964844,35.41999816894531,35.75,22291800
INTC,2017-05-17,29.024757385253906,35.040000915527344,35.9900016784668,35.02000045776367,35.66999816894531,26670200
INTC,2017-05-18,29.173864364624023,35.220001220703125,35.470001220703125,35.08000183105469,35.189998626708984,17171900
INTC,2017-05-19,29.322956085205078,35.400001525878906,35.54999923706055,35.130001068115234,35.150001525878906,18340100
INTC,2017-05-22,29.629432678222656,35.77000045776367,36.11000061035156,35.380001068115234,35.47999954223633,14638100
INTC,2017-05-23,29.7039852142334,35.86000061035156,35.9900016784668,35.560001373291016,35.869998931884766,16903700
INTC,2017-05-24,29.919353485107422,36.119998931884766,36.18000030517578,35.88999938964844,35.97999954223633,20640600
INTC,2017-05-25,30.035314559936523,36.2599983215332,36.38999938964844,36.060001373291016,36.119998931884766,13148500
INTC,2017-05-26,30.035314559936523,36.2599983215332,36.33000183105469,36.130001068115234,36.2599983215332,11145500
INTC,2017-05-30,29.969057083129883,36.18000030517578,36.439998626708984,36.09000015258789,36.27000045776367,13026900
INTC,2017-05-31,29.91107940673828,36.11000061035156,36.380001068115234,35.869998931884766,36.310001373291016,17741900
INTC,2017-06-01,29.919353485107422,36.119998931884766,36.130001068115234,35.79999923706055,36.119998931884766,17510900
INTC,2017-06-02,30.085018157958984,36.31999969482422,36.33000183105469,36.0,36.27000045776367,19127400
INTC,2017-06-05,30.101593017578125,36.34000015258789,36.5,36.20000076293945,36.29999923706055,11685700
INTC,2017-06-06,29.92763900756836,36.130001068115234,36.45000076293945,35.97999954223633,36.15999984741211,18420900
INTC,2017-06-07,30.035314559936523,36.2599983215332,36.56999969482422,36.099998474121094,36.130001068115234,17192000
INTC,2017-06-08,30.217559814453125,36.47999954223633,36.529998779296875,36.15999984741211,36.34000015258789,17154200
INTC,2017-06-09,29.579734802246094,35.709999084472656,36.560001373291016,35.310001373291016,36.5,33322100
INTC,2017-06-12,29.59630584716797,35.72999954223633,36.0099983215332,35.40999984741211,35.59000015258789,28488300
INTC,2017-06-13,29.72055435180664,35.880001068115234,35.95000076293945,35.529998779296875,35.68000030517578,20588200
INTC,2017-06-14,29.430639266967773,35.529998779296875,36.04999923706055,35.220001220703125,35.9900016784668,19149000
INTC,2017-06-15,29.248411178588867,35.310001373291016,35.47999954223633,35.13999938964844,35.209999084472656,20410000
INTC,2017-06-16,29.165569305419922,35.209999084472656,35.33000183105469,35.0099983215332,35.279998779296875,30762800
INTC,2017-06-19,29.41407012939453,35.5099983215332,35.61000061035156,35.31999969482422,35.61000061035156,21583800
INTC,2017-06-20,28.875656127929688,34.86000061035156,35.45000076293945,34.84000015258789,35.45000076293945,21536500
INTC,2017-06-21,28.643718719482422,34.58000183105469,34.599998474121094,34.09000015258789,34.33000183105469,27138500
INTC,2017-06-22,28.46149444580078,34.36000061035156,34.630001068115234,34.290000915527344,34.560001373291016,24602900
INTC,2017-06-23,28.320674896240234,34.189998626708984,34.54999923706055,34.099998474121094,34.209999084472656,29260900
INTC,2017-06-26,28.22127914428711,34.06999969482422,34.5099983215332,34.029998779296875,34.2599983215332,18854800
INTC,2017-06-27,27.87337875366211,33.650001525878906,34.150001525878906,33.650001525878906,34.0,27078900
INTC,2017-06-28,28.32896614074707,34.20000076293945,34.2400016784668,33.7400016784668,33.77000045776367,25940100
INTC,2017-06-29,27.78226089477539,33.540000915527344,34.099998474121094,33.34000015258789,33.91999816894531,25215700
INTC,2017-06-30,27.947925567626953,33.7400016784668,33.93000030517578,33.529998779296875,33.869998931884766,24432000
INTC,2017-07-03,27.71599006652832,33.459999084472656,34.029998779296875,33.43000030517578,33.5099983215332,12676900
INTC,2017-07-05,28.44492530822754,34.34000015258789,34.43000030517578,33.4900016784668,33.52000045776367,30010800
INTC,2017-07-06,27.856813430786133,33.630001068115234,34.290000915527344,33.560001373291016,34.119998931884766,20733200
INTC,2017-07-07,28.06389045715332,33.880001068115234,34.119998931884766,33.70000076293945,33.70000076293945,18304500
INTC,2017-07-10,27.87337875366211,33.650001525878906,33.7400016784668,33.22999954223633,33.25,29918400
INTC,2017-07-11,28.097026824951172,33.91999816894531,33.93000030517578,33.43000030517578,33.63999938964844,25737500
INTC,2017-07-12,28.370372772216797,34.25,34.38999938964844,33.939998626708984,34.279998779296875,23768300
INTC,2017-07-13,28.362096786499023,34.2400016784668,34.400001525878906,34.119998931884766,34.33000183105469,15046200
INTC,2017-07-14,28.72655487060547,34.68000030517578,34.709999084472656,34.27000045776367,34.47999954223633,16316400
INTC,2017-07-17,28.5526065826416,34.470001220703125,34.7400016784668,34.36000061035156,34.7400016784668,21044400
INTC,2017-07-18,28.60230255126953,34.529998779296875,34.58000183105469,34.25,34.43000030517578,14362800
INTC,2017-07-19,28.627159118652344,34.560001373291016,34.68000030517578,34.459999084472656,34.68000030517578,17036200
INTC,2017-07-20,28.784542083740234,34.75,34.84000015258789,34.47999954223633,34.540000915527344,17506200
INTC,2017-07-21,28.767972946166992,34.72999954223633,34.81999969482422,34.400001525878906,34.540000915527344,22245000
INTC,2017-07-24,28.57745933532715,34.5,34.79999923706055,34.380001068115234,34.72999954223633,16146300
INTC,2017-07-25,28.71827507019043,34.66999816894531,34.7400016784668,34.400001525878906,34.54999923706055,18096700
INTC,2017-07-26,28.784542083740234,34.75,34.970001220703125,34.59000015258789,34.70000076293945,15499300
INTC,2017-07-27,28.966777801513672,34.970001220703125,35.25,34.66999816894531,34.779998779296875,43062800
INTC,2017-07-28,29.248411178588867,35.310001373291016,35.86000061035156,35.0,35.130001068115234,36291500
INTC,2017-07-31,29.38093376159668,35.470001220703125,35.7400016784668,35.31999969482422,35.470001220703125,27057000
INTC,2017-08-01,30.109872817993164,36.349998474121094,36.43000030517578,35.56999969482422,35.65999984741211,38710200
INTC,2017-08-02,30.350086212158203,36.63999938964844,36.66999816894531,36.060001373291016,36.33000183105469,35004300
INTC,2017-08-03,30.45273208618164,36.4900016784668,36.59000015258789,36.150001525878906,36.54999923706055,26611300
INTC,2017-08-04,30.29417610168457,36.29999923706055,36.560001373291016,36.099998474121094,36.45000076293945,20520300
INTC,2017-08-07,30.40266227722168,36.43000030517578,36.54999923706055,36.220001220703125,36.38999938964844,18169300
INTC,2017-08-08,30.385988235473633,36.40999984741211,36.70000076293945,36.29999923706055,36.369998931884766,22819900
INTC,2017-08-09,30.536195755004883,36.59000015258789,36.65999984741211,36.02000045776367,36.279998779296875,22796800
INTC,2017-08-10,30.16063690185547,36.13999938964844,36.560001373291016,36.11000061035156,36.400001525878906,22693300
INTC,2017-08-11,29.935321807861328,35.869998931884766,36.400001525878906,35.790000915527344,36.2599983215332,19275100
INTC,2017-08-14,30.32756233215332,36.34000015258789,36.470001220703125,36.08000183105469,36.119998931884766,18469400
INTC,2017-08-15,30.043800354003906,36.0,36.31999969482422,35.81999969482422,36.29999923706055,21706600
INTC,2017-08-16,29.8852481842041,35.810001373291016,36.06999969482422,35.560001373291016,35.97999954223633,22014000
INTC,2017-08-17,29.351131439208984,35.16999816894531,35.68000030517578,35.16999816894531,35.599998474121094,19525000
INTC,2017-08-18,29.217605590820312,35.0099983215332,35.310001373291016,34.9900016784668,35.290000915527344,16231400
INTC,2017-08-21,29.14249038696289,34.91999816894531,35.279998779296875,34.70000076293945,35.09000015258789,26493300
INTC,2017-08-22,28.91716194152832,34.650001525878906,35.189998626708984,34.619998931884766,35.02000045776367,26097800
INTC,2017-08-23,28.925518035888672,34.65999984741211,34.810001373291016,34.380001068115234,34.540000915527344,19648100
INTC,2017-08-24,28.967241287231445,34.709999084472656,34.88999938964844,34.54999923706055,34.70000076293945,14301900
INTC,2017-08-25,28.933853149414062,34.66999816894531,34.93000030517578,34.58000183105469,34.81999969482422,14726800
INTC,2017-08-28,28.91716194152832,34.650001525878906,34.79999923706055,34.59000015258789,34.779998779296875,20712900
INTC,2017-08-29,28.983930587768555,34.72999954223633,34.75,34.459999084472656,34.5099983215332,15843700
INTC,2017-08-30,29.117454528808594,34.88999938964844,34.959999084472656,34.630001068115234,34.75,18565000
INTC,2017-08-31,29.267677307128906,35.06999969482422,35.18000030517578,34.869998931884766,34.939998626708984,16366800
INTC,2017-09-01,29.28436279296875,35.09000015258789,35.38999938964844,35.06999969482422,35.2400016784668,12822000
INTC,2017-09-05,29.2259521484375,35.02000045776367,35.33000183105469,34.93000030517578,35.02000045776367,18772000
INTC,2017-09-06,29.84351921081543,35.7599983215332,35.939998626708984,35.11000061035156,35.220001220703125,28076400
INTC,2017-09-07,29.659908294677734,35.540000915527344,35.95000076293945,35.33000183105469,35.880001068115234,16297100
INTC,2017-09-08,29.36781883239746,35.189998626708984,35.540000915527344,35.08000183105469,35.41999816894531,14125000
INTC,2017-09-11,29.851856231689453,35.77000045776367,36.0,35.13999938964844,35.4900016784668,20037600
INTC,2017-09-12,30.118925094604492,36.09000015258789,36.34000015258789,35.7400016784668,35.880001068115234,19489900
INTC,2017-09-13,30.319204330444336,36.33000183105469,36.400001525878906,35.970001220703125,36.0,15509800
INTC,2017-09-14,30.444393157958984,36.47999954223633,36.70000076293945,36.15999984741211,36.189998626708984,18093900
INTC,2017-09-15,30.87835121154785,37.0,37.08000183105469,36.220001220703125,36.54999923706055,33596100
INTC,2017-09-18,30.87835121154785,37.0,37.33000183105469,36.79999923706055,37.0,19393800
INTC,2017-09-19,31.070308685302734,37.22999954223633,37.29999923706055,37.02000045776367,37.20000076293945,23850500
INTC,2017-09-20,30.936779022216797,37.06999969482422,37.290000915527344,36.65999984741211,37.22999954223633,23957500
INTC,2017-09-21,31.04526710510254,37.20000076293945,37.27000045776367,36.849998474121094,36.9900016784668,22954200
INTC,2017-09-22,31.0285701751709,37.18000030517578,37.220001220703125,36.95000076293945,36.95000076293945,21631800
INTC,2017-09-25,31.01188850402832,37.15999984741211,37.22999954223633,36.849998474121094,37.04999923706055,23180800
INTC,2017-09-26,31.270605087280273,37.470001220703125,37.63999938964844,37.0,37.209999084472656,29790400
INTC,2017-09-27,31.329021453857422,37.540000915527344,37.689998626708984,37.099998474121094,37.619998931884766,25981400
INTC,2017-09-28,31.571041107177734,37.83000183105469,37.880001068115234,37.290000915527344,37.31999969482422,21171400
INTC,2017-09-29,31.779674530029297,38.08000183105469,38.150001525878906,37.70000076293945,37.84000015258789,23217300
INTC,2017-10-02,32.580841064453125,39.040000915527344,39.09000015258789,38.08000183105469,38.119998931884766,37394500
INTC,2017-10-03,32.864585876464844,39.380001068115234,39.70000076293945,38.95000076293945,38.95000076293945,34002200
INTC,2017-10-04,32.831207275390625,39.34000015258789,39.400001525878906,38.86000061035156,39.38999938964844,28368800
INTC,2017-10-05,32.989768981933594,39.529998779296875,39.650001525878906,39.209999084472656,39.5,17710300
INTC,2017-10-06,33.0732307434082,39.630001068115234,39.88999938964844,39.41999816894531,39.599998474121094,18887500
INTC,2017-10-09,33.26517868041992,39.86000061035156,39.880001068115234,39.52000045776367,39.68000030517578,18494100
INTC,2017-10-10,33.08992004394531,39.650001525878906,39.95000076293945,39.380001068115234,39.93000030517578,29890000
INTC,2017-10-11,32.797828674316406,39.29999923706055,39.66999816894531,39.060001373291016,39.47999954223633,30754700
INTC,2017-10-12,32.706024169921875,39.189998626708984,39.38999938964844,38.97999954223633,39.349998474121094,18286900
INTC,2017-10-13,33.10660934448242,39.66999816894531,39.810001373291016,39.279998779296875,39.439998626708984,16829400
INTC,2017-10-16,33.18172073364258,39.7599983215332,39.790000915527344,39.439998626708984,39.709999084472656,12489100
INTC,2017-10-17,33.206756591796875,39.790000915527344,39.869998931884766,39.369998931884766,39.560001373291016,15532800
INTC,2017-10-18,33.59064483642578,40.25,40.290000915527344,39.599998474121094,39.79999923706055,21424600
INTC,2017-10-19,33.457115173339844,40.09000015258789,40.33000183105469,39.83000183105469,39.880001068115234,19222700
INTC,2017-10-20,33.740867614746094,40.43000030517578,40.45000076293945,40.099998474121094,40.33000183105469,18335700
INTC,2017-10-23,34.07468795776367,40.83000183105469,41.040000915527344,40.400001525878906,40.54999923706055,28647000
INTC,2017-10-24,34.17483139038086,40.95000076293945,41.04999923706055,40.720001220703125,41.0,19652400
INTC,2017-10-25,34.03296661376953,40.779998779296875,41.060001373291016,40.4900016784668,40.88999938964844,24031700
INTC,2017-10-26,34.50864791870117,41.349998474121094,41.58000183105469,40.709999084472656,40.90999984741211,38247400
INTC,2017-10-27,37.05402755737305,44.400001525878906,45.0,43.099998474121094,43.29999923706055,90028300
INTC,2017-10-30,37.028995513916016,44.369998931884766,45.189998626708984,43.880001068115234,44.47999954223633,48161500
INTC,2017-10-31,37.96369552612305,45.4900016784668,45.79999923706055,44.650001525878906,45.20000076293945,47000900
INTC,2017-11-01,38.981842041015625,46.709999084472656,46.709999084472656,45.59000015258789,45.970001220703125,47813700
INTC,2017-11-02,39.307308197021484,47.099998474121094,47.22999954223633,46.209999084472656,46.61000061035156,44602300
INTC,2017-11-03,38.67306137084961,46.34000015258789,47.29999923706055,45.599998474121094,47.20000076293945,39298100
INTC,2017-11-06,39.204463958740234,46.70000076293945,46.7400016784668,46.09000015258789,46.599998474121094,34035000
INTC,2017-11-07,39.27162551879883,46.779998779296875,47.09000015258789,46.38999938964844,46.70000076293945,24461400
INTC,2017-11-08,39.204463958740234,46.70000076293945,46.70000076293945,46.279998779296875,46.619998931884766,21565800
INTC,2017-11-09,38.868656158447266,46.29999923706055,46.38999938964844,45.650001525878906,46.04999923706055,25570400
INTC,2017-11-10,38.264225006103516,45.58000183105469,46.09000015258789,45.380001068115234,46.040000915527344,24095400
INTC,2017-11-13,38.406944274902344,45.75,45.939998626708984,45.25,45.2599983215332,18999000
INTC,2017-11-14,38.49928665161133,45.86000061035156,45.91999816894531,45.31999969482422,45.70000076293945,22201200
INTC,2017-11-15,38.163482666015625,45.459999084472656,45.810001373291016,45.16999816894531,45.38999938964844,17157200
INTC,2017-11-16,38.32298278808594,45.650001525878906,46.06999969482422,45.459999084472656,45.630001068115234,26439400
INTC,2017-11-17,37.46670150756836,44.630001068115234,45.619998931884766,44.619998931884766,45.5,63798000
INTC,2017-11-20,37.458309173583984,44.619998931884766,45.119998931884766,44.5,44.72999954223633,22420000
INTC,2017-11-21,37.72693634033203,44.939998626708984,45.220001220703125,44.709999084472656,44.720001220703125,21871000
INTC,2017-11-22,37.483497619628906,44.650001525878906,44.95000076293945,44.540000915527344,44.939998626708984,19538300
INTC,2017-11-24,37.56744384765625,44.75,44.779998779296875,44.43000030517578,44.54999923706055,6465800
INTC,2017-11-27,37.34917449951172,44.4900016784668,44.61000061035156,44.27000045776367,44.41999816894531,18202100
INTC,2017-11-28,37.5506591796875,44.72999954223633,44.84000015258789,44.31999969482422,44.650001525878906,20194100
INTC,2017-11-29,36.89584732055664,43.95000076293945,45.09000015258789,43.77000045776367,44.849998474121094,27036900
INTC,2017-11-30,37.64299774169922,44.84000015258789,45.20000076293945,44.33000183105469,44.36000061035156,34145300
INTC,2017-12-01,37.5086784362793,44.68000030517578,44.84000015258789,43.529998779296875,44.72999954223633,26656300
INTC,2017-12-04,37.34917449951172,44.4900016784668,45.29999923706055,44.33000183105469,45.02000045776367,28000800
INTC,2017-12-05,36.46769714355469,43.439998626708984,44.900001525878906,43.22999954223633,44.599998474121094,30626900
INTC,2017-12-06,36.47609329223633,43.45000076293945,43.720001220703125,42.66999816894531,43.13999938964844,27710800
INTC,2017-12-07,36.165489196777344,43.08000183105469,43.599998474121094,42.779998779296875,43.459999084472656,32708400
INTC,2017-12-08,36.39215087890625,43.349998474121094,43.58000183105469,43.11000061035156,43.349998474121094,23154700
INTC,2017-12-11,36.65238571166992,43.65999984741211,43.779998779296875,43.25,43.279998779296875,20425900
INTC,2017-12-12,36.375362396240234,43.33000183105469,43.619998931884766,43.08000183105469,43.470001220703125,16557400
INTC,2017-12-13,36.38374710083008,43.34000015258789,43.65999984741211,43.2400016784668,43.650001525878906,21399500
INTC,2017-12-14,36.316585540771484,43.2599983215332,43.56999969482422,43.02000045776367,43.43000030517578,19644900
INTC,2017-12-15,37.40794372558594,44.560001373291016,44.84000015258789,43.06999969482422,43.400001525878906,47477000
INTC,2017-12-18,38.8350830078125,46.2599983215332,46.349998474121094,45.040000915527344,45.150001525878906,50369300
INTC,2017-12-19,39.4898796081543,47.040000915527344,47.2599983215332,45.88999938964844,46.29999923706055,41421100
INTC,2017-12-20,39.92642593383789,47.560001373291016,47.63999938964844,46.65999984741211,47.470001220703125,40935000
INTC,2017-12-21,39.25482177734375,46.7599983215332,47.59000015258789,46.560001373291016,47.540000915527344,42963500
INTC,2017-12-22,39.204463958740234,46.70000076293945,47.02000045776367,46.02000045776367,46.33000183105469,33913500
INTC,2017-12-26,38.68397521972656,46.08000183105469,46.470001220703125,45.95000076293945,46.279998779296875,15533300
INTC,2017-12-27,38.70915222167969,46.11000061035156,46.36000061035156,46.0,46.11000061035156,13359700
INTC,2017-12-28,38.8015022277832,46.220001220703125,46.36000061035156,45.95000076293945,46.36000061035156,9504400
INTC,2017-12-29,38.751136779785156,46.15999984741211,46.4900016784668,46.09000015258789,46.209999084472656,17394500
INTC,2018-01-02,39.33038330078125,46.849998474121094,46.900001525878906,46.209999084472656,46.380001068115234,23370800
INTC,2018-01-03,37.99558639526367,45.2599983215332,46.209999084472656,43.650001525878906,45.470001220703125,116479000
INTC,2018-01-04,37.29880905151367,44.43000030517578,44.650001525878906,42.689998626708984,43.52000045776367,89209100
INTC,2018-01-05,37.559059143066406,44.7400016784668,45.150001525878906,43.900001525878906,44.43000030517578,41824000
INTC,2018-01-08,37.559059143066406,44.7400016784668,44.84000015258789,43.959999084472656,44.27000045776367,33733800
INTC,2018-01-09,36.618812561035156,43.619998931884766,44.84000015258789,43.4900016784668,44.70000076293945,44282300
INTC,2018-01-10,35.67858123779297,42.5,43.599998474121094,42.439998626708984,43.33000183105469,45735000
INTC,2018-01-11,36.44252395629883,43.40999984741211,43.58000183105469,42.45000076293945,42.79999923706055,35371500
INTC,2018-01-12,36.2998046875,43.2400016784668,43.599998474121094,43.0099983215332,43.45000076293945,29973600
INTC,2018-01-16,36.215850830078125,43.13999938964844,43.790000915527344,42.88999938964844,43.54999923706055,38367200
INTC,2018-01-17,37.26521682739258,44.38999938964844,44.45000076293945,43.5099983215332,43.54999923706055,32368600
INTC,2018-01-18,37.34077453613281,44.47999954223633,44.7400016784668,44.16999816894531,44.400001525878906,26826500
INTC,2018-01-19,37.6262092590332,44.81999969482422,44.88999938964844,44.25,44.619998931884766,25780200
INTC,2018-01-22,38.406944274902344,45.75,45.790000915527344,44.790000915527344,44.79999923706055,27706800
INTC,2018-01-23,38.66718673706055,46.060001373291016,46.09000015258789,45.630001068115234,45.810001373291016,22135100
INTC,2018-01-24,38.205448150634766,45.5099983215332,46.130001068115234,44.959999084472656,45.900001525878906,32464200
INTC,2018-01-25,38.0291633605957,45.29999923706055,46.369998931884766,45.16999816894531,45.880001068115234,36758700
INTC,2018-01-26,42.04196548461914,50.08000183105469,50.150001525878906,48.119998931884766,48.380001068115234,86916100
INTC,2018-01-29,41.958003997802734,49.97999954223633,50.849998474121094,49.369998931884766,49.599998474121094,46304000
INTC,2018-01-30,40.959014892578125,48.790000915527344,50.060001373291016,48.7400016784668,49.47999954223633,32814600
INTC,2018-01-31,40.413330078125,48.13999938964844,49.25,47.560001373291016,49.22999954223633,41619900
INTC,2018-02-01,40.001983642578125,47.650001525878906,48.470001220703125,47.45000076293945,47.70000076293945,28840400
INTC,2018-02-02,38.742740631103516,46.150001525878906,47.790000915527344,46.099998474121094,47.31999969482422,28663000
INTC,2018-02-05,37.374366760253906,44.52000045776367,47.2599983215332,44.5,46.349998474121094,47869000
INTC,2018-02-06,37.95753479003906,44.90999984741211,44.93000030517578,43.029998779296875,44.02000045776367,58145400
INTC,2018-02-07,38.2026481628418,45.20000076293945,46.29999923706055,44.34000015258789,44.58000183105469,37508400
INTC,2018-02-08,36.131927490234375,42.75,45.41999816894531,42.7400016784668,45.279998779296875,43151300
INTC,2018-02-09,37.14616012573242,43.95000076293945,44.279998779296875,42.040000915527344,43.5,49301100
INTC,2018-02-12,37.88993835449219,44.83000183105469,45.15999984741211,44.09000015258789,44.150001525878906,28379500
INTC,2018-02-13,37.57720947265625,44.459999084472656,44.779998779296875,44.2599983215332,44.59000015258789,19517600
INTC,2018-02-14,38.354774475097656,45.380001068115234,45.5099983215332,44.040000915527344,44.06999969482422,19922000
INTC,2018-02-15,38.811180114746094,45.91999816894531,45.9900016784668,44.95000076293945,45.880001068115234,23536800
INTC,2018-02-16,38.50691223144531,45.560001373291016,46.59000015258789,45.5099983215332,45.81999969482422,21475200
INTC,2018-02-20,39.14926528930664,46.31999969482422,46.709999084472656,45.38999938964844,45.459999084472656,25512000
INTC,2018-02-21,38.828086853027344,45.939998626708984,47.060001373291016,45.91999816894531,46.66999816894531,27527500
INTC,2018-02-22,38.70975875854492,45.79999923706055,46.560001373291016,45.619998931884766,46.13999938964844,16946400
INTC,2018-02-23,40.34097671508789,47.72999954223633,47.790000915527344,46.310001373291016,46.34000015258789,26040900
INTC,2018-02-26,41.507347106933594,49.11000061035156,49.130001068115234,48.099998474121094,48.20000076293945,26992300
INTC,2018-02-27,42.18350601196289,49.90999984741211,50.900001525878906,49.310001373291016,49.369998931884766,43624100
INTC,2018-02-28,41.659481048583984,49.290000915527344,50.34000015258789,49.279998779296875,50.18000030517578,35541200
INTC,2018-03-01,40.43394088745117,47.84000015258789,49.720001220703125,47.470001220703125,49.5,36326600
INTC,2018-03-02,41.3974723815918,48.97999954223633,49.04999923706055,46.959999084472656,47.20000076293945,33310600
INTC,2018-03-05,42.04827117919922,49.75,49.79999923706055,48.040000915527344,48.56999969482422,30826500
INTC,2018-03-06,42.85965347290039,50.709999084472656,51.33000183105469,50.150001525878906,50.15999984741211,39132300
INTC,2018-03-07,43.37520980834961,51.31999969482422,51.4900016784668,50.099998474121094,50.18000030517578,31801900
INTC,2018-03-08,42.88499450683594,50.7400016784668,52.08000183105469,50.470001220703125,51.790000915527344,29481200
INTC,2018-03-09,44.11053466796875,52.189998626708984,52.29999923706055,51.0,51.27000045776367,32727900
INTC,2018-03-12,43.54425048828125,51.52000045776367,51.95000076293945,50.5,51.86000061035156,32044400
INTC,2018-03-13,43.76401138305664,51.779998779296875,53.779998779296875,51.38999938964844,52.52000045776367,45573900
INTC,2018-03-14,43.83161926269531,51.86000061035156,52.18000030517578,51.310001373291016,52.060001373291016,24993500
INTC,2018-03-15,43.00333023071289,50.880001068115234,52.29999923706055,50.880001068115234,52.22999954223633,25631200
INTC,2018-03-16,43.248443603515625,51.16999816894531,51.70000076293945,50.9900016784668,51.16999816894531,42559800
INTC,2018-03-19,42.96106719970703,50.83000183105469,51.22999954223633,49.93000030517578,50.7400016784668,31115200
INTC,2018-03-20,43.569610595703125,51.54999923706055,51.810001373291016,50.849998474121094,50.880001068115234,22215000
INTC,2018-03-21,43.57807159423828,51.560001373291016,52.16999816894531,51.16999816894531,51.54999923706055,23239500
INTC,2018-03-22,42.96106719970703,50.83000183105469,51.959999084472656,50.599998474121094,50.7400016784668,30916000
INTC,2018-03-23,41.71863555908203,49.36000061035156,50.9900016784668,49.36000061035156,50.59000015258789,37683900
INTC,2018-03-26,44.35563659667969,52.47999954223633,52.4900016784668,50.31999969482422,50.7400016784668,39306200
INTC,2018-03-27,43.26534652709961,51.189998626708984,53.25,50.779998779296875,53.0099983215332,38777000
INTC,2018-03-28,41.921478271484375,49.599998474121094,50.70000076293945,49.0099983215332,50.5,37970900
INTC,2018-03-29,44.017574310302734,52.08000183105469,52.08000183105469,49.869998931884766,49.97999954223633,45265800
INTC,2018-04-02,41.34675979614258,48.91999816894531,52.040000915527344,47.290000915527344,51.689998626708984,67187800
INTC,2018-04-03,42.04827117919922,49.75,49.959999084472656,48.40999984741211,49.0,39432400
INTC,2018-04-04,42.2511100769043,49.9900016784668,50.15999984741211,48.0099983215332,48.099998474121094,30370000
INTC,2018-04-05,42.58073806762695,50.380001068115234,50.720001220703125,49.970001220703125,50.0099983215332,25115400
INTC,2018-04-06,41.23688888549805,48.790000915527344,50.400001525878906,48.5,49.790000915527344,28215200
INTC,2018-04-09,41.87921905517578,49.54999923706055,51.11000061035156,49.15999984741211,49.15999984741211,31437000
INTC,2018-04-10,43.33296203613281,51.27000045776367,51.4900016784668,50.34000015258789,51.119998931884766,25906400
INTC,2018-04-11,43.18927001953125,51.099998474121094,51.72999954223633,50.81999969482422,50.9900016784668,17568400
INTC,2018-04-12,44.558494567871094,52.720001220703125,53.27000045776367,51.45000076293945,51.4900016784668,29781400
INTC,2018-04-13,43.83161926269531,51.86000061035156,53.209999084472656,51.599998474121094,53.060001373291016,20884900
INTC,2018-04-16,44.288021087646484,52.400001525878906,52.529998779296875,51.790000915527344,52.290000915527344,18855500
INTC,2018-04-17,45.25154495239258,53.540000915527344,53.70000076293945,52.88999938964844,52.90999984741211,21228700
INTC,2018-04-18,45.31071472167969,53.61000061035156,54.36000061035156,53.34000015258789,53.52000045776367,22164700
INTC,2018-04-19,44.135894775390625,52.220001220703125,52.959999084472656,51.61000061035156,52.95000076293945,25422400
INTC,2018-04-20,43.552703857421875,51.529998779296875,52.279998779296875,50.880001068115234,52.16999816894531,26910100
INTC,2018-04-23,43.18927001953125,51.099998474121094,51.88999938964844,50.849998474121094,51.689998626708984,21706700
INTC,2018-04-24,43.48508834838867,51.45000076293945,53.63999938964844,51.13999938964844,51.869998931884766,42494700
INTC,2018-04-25,43.425933837890625,51.380001068115234,52.099998474121094,50.599998474121094,51.86000061035156,25752800
INTC,2018-04-26,44.83739471435547,53.04999923706055,53.27000045776367,52.06999969482422,52.2599983215332,39575000
INTC,2018-04-27,44.56693649291992,52.72999954223633,55.790000915527344,52.22999954223633,55.439998626708984,69888100
INTC,2018-04-30,43.6287841796875,51.619998931884766,53.369998931884766,51.209999084472656,52.560001373291016,36417400
INTC,2018-05-01,45.074058532714844,53.33000183105469,53.41999816894531,51.439998626708984,51.63999938964844,27600800
INTC,2018-05-02,44.21195983886719,52.310001373291016,53.20000076293945,52.150001525878906,53.09000015258789,25778300
INTC,2018-05-03,44.18659973144531,52.279998779296875,52.560001373291016,51.209999084472656,51.88999938964844,28561000
INTC,2018-05-04,44.86664581298828,52.779998779296875,52.84000015258789,51.0,51.619998931884766,25642500
INTC,2018-05-07,45.33420181274414,53.33000183105469,53.58000183105469,52.83000183105469,52.86000061035156,20285700
INTC,2018-05-08,45.58921813964844,53.630001068115234,53.630001068115234,52.79999923706055,53.290000915527344,21026800
INTC,2018-05-09,46.192771911621094,54.34000015258789,54.369998931884766,53.189998626708984,53.7599983215332,19827500
INTC,2018-05-10,46.73680114746094,54.97999954223633,55.0,54.099998474121094,54.54999923706055,18715900
INTC,2018-05-11,46.47328567504883,54.66999816894531,55.189998626708984,54.43000030517578,54.619998931884766,15405000
INTC,2018-05-14,46.66880798339844,54.900001525878906,55.2400016784668,54.7400016784668,54.77000045776367,21878200
INTC,2018-05-15,45.83573532104492,53.91999816894531,54.75,53.560001373291016,54.58000183105469,21712600
INTC,2018-05-16,46.44778060913086,54.63999938964844,54.70000076293945,53.959999084472656,54.16999816894531,16260500
INTC,2018-05-17,46.59230041503906,54.810001373291016,55.439998626708984,54.41999816894531,54.54999923706055,16872600
INTC,2018-05-18,45.478702545166016,53.5,54.540000915527344,53.470001220703125,54.529998779296875,23679900
INTC,2018-05-21,46.17576217651367,54.31999969482422,55.220001220703125,53.86000061035156,54.36000061035156,25367400
INTC,2018-05-22,46.28627014160156,54.45000076293945,55.04999923706055,54.04999923706055,54.72999954223633,19009600
INTC,2018-05-23,46.93232727050781,55.209999084472656,55.22999954223633,53.84000015258789,54.0,20555400
INTC,2018-05-24,46.541297912597656,54.75,55.29999923706055,54.130001068115234,55.18000030517578,19667100
INTC,2018-05-25,47.127845764160156,55.439998626708984,55.5,54.540000915527344,54.79999923706055,18550000
INTC,2018-05-29,47.02583312988281,55.31999969482422,55.810001373291016,54.810001373291016,55.119998931884766,24253500
INTC,2018-05-30,47.331851959228516,55.68000030517578,56.20000076293945,55.619998931884766,55.88999938964844,24711500
INTC,2018-05-31,46.923824310302734,55.20000076293945,55.86000061035156,55.060001373291016,55.66999816894531,30962100
INTC,2018-06-01,48.52195358276367,57.08000183105469,57.099998474121094,55.79999923706055,55.84000015258789,31183200
INTC,2018-06-04,48.309444427490234,56.83000183105469,57.599998474121094,56.779998779296875,57.0099983215332,22538100
INTC,2018-06-05,48.05441665649414,56.529998779296875,57.119998931884766,56.220001220703125,56.900001525878906,21687000
INTC,2018-06-06,48.47944259643555,57.029998779296875,57.060001373291016,56.08000183105469,56.529998779296875,22955400
INTC,2018-06-07,47.501869201660156,55.880001068115234,57.0,55.619998931884766,56.91999816894531,27596100
INTC,2018-06-08,46.796321868896484,55.04999923706055,55.70000076293945,54.65999984741211,55.560001373291016,30822900
INTC,2018-06-11,46.34577178955078,54.52000045776367,55.09000015258789,54.2599983215332,54.79999923706055,25752400
INTC,2018-06-12,46.60078811645508,54.81999969482422,55.029998779296875,54.220001220703125,54.869998931884766,23294900
INTC,2018-06-13,46.77931594848633,55.029998779296875,55.70000076293945,54.90999984741211,54.97999954223633,22631400
INTC,2018-06-14,47.212852478027344,55.540000915527344,55.86000061035156,55.18000030517578,55.45000076293945,23419800
INTC,2018-06-15,46.84730911254883,55.11000061035156,55.380001068115234,54.58000183105469,55.16999816894531,39194700
INTC,2018-06-18,45.24068069458008,53.220001220703125,54.29999923706055,52.34000015258789,54.29999923706055,40764400
INTC,2018-06-19,44.99416732788086,52.93000030517578,52.95000076293945,51.880001068115234,52.13999938964844,31780900
INTC,2018-06-20,45.444705963134766,53.459999084472656,53.75,52.689998626708984,53.189998626708984,21403000
INTC,2018-06-21,44.36511993408203,52.189998626708984,54.529998779296875,51.939998626708984,54.380001068115234,44435600
INTC,2018-06-22,44.628639221191406,52.5,53.09000015258789,52.29999923706055,52.619998931884766,34682100
INTC,2018-06-25,43.10702133178711,50.709999084472656,51.75,49.90999984741211,51.16999816894531,45356500
INTC,2018-06-26,42.222938537597656,49.66999816894531,50.40999984741211,49.36000061035156,49.95000076293945,37543000
INTC,2018-06-27,41.44937515258789,48.7599983215332,50.060001373291016,48.75,49.34000015258789,33338800
INTC,2018-06-28,41.865909576416016,49.25,49.4900016784668,48.5,48.58000183105469,29055700
INTC,2018-06-29,42.256935119628906,49.709999084472656,50.11000061035156,49.5,49.529998779296875,28906500
INTC,2018-07-02,42.6734733581543,50.20000076293945,50.27000045776367,48.83000183105469,49.040000915527344,23755500
INTC,2018-07-03,42.05292510986328,49.470001220703125,50.86000061035156,49.43000030517578,50.58000183105469,16327900
INTC,2018-07-05,43.141014099121094,50.75,50.959999084472656,49.75,49.97999954223633,26163500
INTC,2018-07-06,43.668060302734375,51.369998931884766,51.5,50.400001525878906,50.77000045776367,19968000
INTC,2018-07-09,44.084590911865234,51.86000061035156,51.88999938964844,51.0,51.63999938964844,21361600
INTC,2018-07-10,44.33961868286133,52.15999984741211,52.2599983215332,51.84000015258789,52.099998474121094,17362900
INTC,2018-07-11,43.52355194091797,51.20000076293945,51.869998931884766,51.189998626708984,51.689998626708984,18665600
INTC,2018-07-12,44.501129150390625,52.349998474121094,52.47999954223633,51.72999954223633,52.04999923706055,20292700
INTC,2018-07-13,44.390625,52.220001220703125,52.41999816894531,51.7599983215332,52.400001525878906,13749300
INTC,2018-07-16,44.21210479736328,52.0099983215332,52.31999969482422,51.869998931884766,52.150001525878906,15951500
INTC,2018-07-17,43.991085052490234,51.75,51.880001068115234,51.0099983215332,51.04999923706055,15754500
INTC,2018-07-18,43.96558380126953,51.720001220703125,51.970001220703125,51.470001220703125,51.869998931884766,14649000
INTC,2018-07-19,44.186607360839844,51.97999954223633,52.0099983215332,51.04999923706055,51.599998474121094,15954600
INTC,2018-07-20,44.127098083496094,51.90999984741211,52.06999969482422,51.33000183105469,51.83000183105469,17380500
INTC,2018-07-23,44.467124938964844,52.310001373291016,52.5,51.33000183105469,51.77000045776367,15945500
INTC,2018-07-24,44.35661315917969,52.18000030517578,53.29999923706055,52.08000183105469,52.7599983215332,17788700
INTC,2018-07-25,44.56912612915039,52.43000030517578,52.45000076293945,51.09000015258789,52.209999084472656,19854800
INTC,2018-07-26,44.33961868286133,52.15999984741211,53.18000030517578,51.869998931884766,52.45000076293945,28282500
INTC,2018-07-27,40.531307220458984,47.68000030517578,49.20000076293945,47.47999954223633,48.7599983215332,67816700
INTC,2018-07-30,40.53980255126953,47.689998626708984,47.9900016784668,46.43000030517578,47.630001068115234,35696600
INTC,2018-07-31,40.888336181640625,48.099998474121094,48.68000030517578,47.689998626708984,48.2400016784668,36581200
INTC,2018-08-01,41.491886138916016,48.810001373291016,48.90999984741211,48.0,48.060001373291016,28060700
INTC,2018-08-02,42.06142807006836,49.47999954223633,49.52000045776367,48.20000076293945,48.5,26452500
INTC,2018-08-03,42.188941955566406,49.630001068115234,49.779998779296875,49.16999816894531,49.5,22008200
INTC,2018-08-06,42.163272857666016,49.29999923706055,49.310001373291016,48.31999969482422,48.77000045776367,26669000
INTC,2018-08-07,42.5053825378418,49.70000076293945,49.83000183105469,49.40999984741211,49.43000030517578,28322700
INTC,2018-08-08,42.727745056152344,49.959999084472656,50.130001068115234,49.439998626708984,49.599998474121094,21990600
INTC,2018-08-09,42.881683349609375,50.13999938964844,50.599998474121094,49.720001220703125,49.86000061035156,23795600
INTC,2018-08-10,41.77842330932617,48.849998474121094,49.16999816894531,48.29999923706055,48.5099983215332,28712400
INTC,2018-08-13,41.43632888793945,48.45000076293945,49.2400016784668,48.380001068115234,48.91999816894531,17070600
INTC,2018-08-14,41.15409851074219,48.119998931884766,48.7599983215332,47.650001525878906,48.66999816894531,23061600
INTC,2018-08-15,40.58965301513672,47.459999084472656,48.0,46.900001525878906,47.779998779296875,26739900
INTC,2018-08-16,40.34162139892578,47.16999816894531,47.95000076293945,47.04999923706055,47.75,24358000
INTC,2018-08-17,40.2817497253418,47.099998474121094,47.38999938964844,46.33000183105469,47.0,26382000
INTC,2018-08-20,39.76862335205078,46.5,47.119998931884766,46.189998626708984,47.04999923706055,24334000
INTC,2018-08-21,40.726478576660156,47.619998931884766,47.849998474121094,46.63999938964844,46.65999984741211,19254300
INTC,2018-08-22,40.23898696899414,47.04999923706055,47.349998474121094,46.91999816894531,47.25,23182500
INTC,2018-08-23,40.17912292480469,46.97999954223633,47.16999816894531,46.709999084472656,46.86000061035156,31343200
INTC,2018-08-24,40.76068878173828,47.65999984741211,47.88999938964844,47.08000183105469,47.290000915527344,18214700
INTC,2018-08-27,41.350799560546875,48.349998474121094,48.38999938964844,47.630001068115234,48.0,17170300
INTC,2018-08-28,41.53895568847656,48.56999969482422,48.790000915527344,48.310001373291016,48.54999923706055,13472400
INTC,2018-08-29,41.69290542602539,48.75,48.86000061035156,48.400001525878906,48.70000076293945,13479100
INTC,2018-08-30,41.256717681884766,48.2400016784668,48.83000183105469,48.09000015258789,48.52000045776367,16418800
INTC,2018-08-31,41.419219970703125,48.43000030517578,48.560001373291016,47.91999816894531,47.959999084472656,16484000
INTC,2018-09-04,41.01725769042969,47.959999084472656,48.43000030517578,47.560001373291016,48.380001068115234,15682900
INTC,2018-09-05,40.81200408935547,47.720001220703125,48.119998931884766,47.470001220703125,47.75,20857200
INTC,2018-09-06,40.4185905456543,47.2599983215332,47.959999084472656,47.209999084472656,47.7599983215332,19318100
INTC,2018-09-07,39.72585678100586,46.45000076293945,47.47999954223633,46.36000061035156,46.90999984741211,25958300
INTC,2018-09-10,39.59756851196289,46.29999923706055,46.7599983215332,46.22999954223633,46.560001373291016,21522400
INTC,2018-09-11,38.42588424682617,44.93000030517578,46.029998779296875,44.88999938964844,46.0,32455300
INTC,2018-09-12,38.42588424682617,44.93000030517578,44.97999954223633,44.060001373291016,44.560001373291016,29778700
INTC,2018-09-13,38.9732551574707,45.56999969482422,45.849998474121094,45.11000061035156,45.68000030517578,18657100
INTC,2018-09-14,38.94758605957031,45.540000915527344,45.970001220703125,45.349998474121094,45.779998779296875,22998700
INTC,2018-09-17,38.84495162963867,45.41999816894531,45.900001525878906,45.189998626708984,45.290000915527344,17603200
INTC,2018-09-18,39.426513671875,46.099998474121094,46.529998779296875,45.40999984741211,45.58000183105469,20528100
INTC,2018-09-19,39.46928787231445,46.150001525878906,46.439998626708984,45.88999938964844,46.09000015258789,15918900
INTC,2018-09-20,40.367286682128906,47.20000076293945,47.36000061035156,46.52000045776367,46.779998779296875,21999300
INTC,2018-09-21,39.905452728271484,46.65999984741211,47.41999816894531,46.369998931884766,47.119998931884766,52650600
INTC,2018-09-24,40.11925506591797,46.90999984741211,47.0,46.150001525878906,46.310001373291016,17847000
INTC,2018-09-25,39.26402282714844,45.90999984741211,46.38999938964844,45.79999923706055,46.220001220703125,23389900
INTC,2018-09-26,39.084415435791016,45.70000076293945,46.29999923706055,45.58000183105469,46.040000915527344,23957700
INTC,2018-09-27,39.238365173339844,45.880001068115234,46.16999816894531,45.72999954223633,45.90999984741211,15415500
INTC,2018-09-28,40.444252014160156,47.290000915527344,47.75,45.459999084472656,45.619998931884766,46223500
INTC,2018-10-01,39.72585678100586,46.45000076293945,47.220001220703125,46.20000076293945,46.790000915527344,23796200
INTC,2018-10-02,41.136985778808594,48.099998474121094,48.880001068115234,47.31999969482422,47.5099983215332,42121100
INTC,2018-10-03,41.701446533203125,48.7599983215332,49.720001220703125,48.560001373291016,48.619998931884766,39211900
INTC,2018-10-04,41.162654876708984,48.130001068115234,48.86000061035156,47.619998931884766,48.84000015258789,30108300
INTC,2018-10-05,40.22188949584961,47.029998779296875,48.34000015258789,46.65999984741211,48.22999954223633,28901400
INTC,2018-10-08,40.22188949584961,47.029998779296875,47.349998474121094,46.52000045776367,46.959999084472656,19376800
INTC,2018-10-09,39.81137466430664,46.54999923706055,47.619998931884766,46.540000915527344,47.18000030517578,23285700
INTC,2018-10-10,38.314693450927734,44.79999923706055,46.119998931884766,44.79999923706055,46.060001373291016,43109500
INTC,2018-10-11,37.82722473144531,44.22999954223633,45.61000061035156,43.72999954223633,45.150001525878906,43648800
INTC,2018-10-12,38.38312911987305,44.880001068115234,45.34000015258789,44.22999954223633,45.27000045776367,32087400
INTC,2018-10-15,38.08378982543945,44.529998779296875,45.13999938964844,44.439998626708984,44.630001068115234,21633000
INTC,2018-10-16,39.289676666259766,45.939998626708984,46.0099983215332,44.83000183105469,44.900001525878906,21472000
INTC,2018-10-17,39.246917724609375,45.88999938964844,46.33000183105469,45.540000915527344,46.0,23124400
INTC,2018-10-18,38.46010208129883,44.970001220703125,45.75,44.83000183105469,45.650001525878906,26638800
INTC,2018-10-19,37.630523681640625,44.0,45.18000030517578,43.86000061035156,45.02000045776367,28368500
INTC,2018-10-22,38.49430847167969,45.0099983215332,45.34000015258789,44.099998474121094,44.5,34508800
INTC,2018-10-23,38.058135986328125,44.5,45.09000015258789,43.90999984741211,44.18000030517578,38590300
INTC,2018-10-24,36.279232025146484,42.41999816894531,44.36000061035156,42.36000061035156,44.15999984741211,33631800
INTC,2018-10-25,37.8956413269043,44.310001373291016,44.939998626708984,43.279998779296875,43.540000915527344,48255300
INTC,2018-10-26,39.07587432861328,45.689998626708984,46.439998626708984,44.70000076293945,45.59000015258789,67280400
INTC,2018-10-29,38.82785415649414,45.400001525878906,46.75,44.439998626708984,46.5,35732200
INTC,2018-10-30,40.846214294433594,47.7599983215332,47.880001068115234,45.459999084472656,45.529998779296875,43975200
INTC,2018-10-31,40.09361267089844,46.880001068115234,48.560001373291016,46.83000183105469,48.290000915527344,33369100
INTC,2018-11-01,41.2396240234375,48.220001220703125,48.470001220703125,46.86000061035156,46.95000076293945,28335300
INTC,2018-11-02,40.290306091308594,47.11000061035156,48.25,46.75,48.130001068115234,30759800
INTC,2018-11-05,41.02581024169922,47.970001220703125,48.25,46.91999816894531,47.34000015258789,23751200
INTC,2018-11-06,40.66434860229492,47.25,47.91999816894531,47.029998779296875,47.79999923706055,23839600
INTC,2018-11-07,41.929466247558594,48.720001220703125,48.75,47.59000015258789,47.630001068115234,29913200
INTC,2018-11-08,42.16183090209961,48.9900016784668,49.290000915527344,48.459999084472656,48.4900016784668,26581700
INTC,2018-11-09,41.40449142456055,48.11000061035156,49.029998779296875,47.869998931884766,48.790000915527344,21761400
INTC,2018-11-12,40.147972106933594,46.650001525878906,47.79999923706055,46.599998474121094,47.709999084472656,24412800
INTC,2018-11-13,40.78483581542969,47.38999938964844,48.25,46.9900016784668,46.9900016784668,29315900
INTC,2018-11-14,40.52665328979492,47.09000015258789,47.970001220703125,46.88999938964844,47.849998474121094,25632700
INTC,2018-11-15,41.40449142456055,48.11000061035156,48.2400016784668,46.720001220703125,47.0099983215332,29581000
INTC,2018-11-16,42.024131774902344,48.83000183105469,49.04999923706055,47.689998626708984,47.77000045776367,31670600
INTC,2018-11-19,41.30982208251953,48.0,49.150001525878906,47.779998779296875,48.61000061035156,26859000
INTC,2018-11-20,40.78483581542969,47.38999938964844,48.119998931884766,47.09000015258789,47.400001525878906,29200800
INTC,2018-11-21,40.47502136230469,47.029998779296875,47.880001068115234,47.02000045776367,47.849998474121094,19011400
INTC,2018-11-23,40.053314208984375,46.540000915527344,47.06999969482422,46.52000045776367,46.689998626708984,8906900
INTC,2018-11-26,40.83647918701172,47.45000076293945,47.459999084472656,46.70000076293945,47.27000045776367,20723000
INTC,2018-11-27,41.37006378173828,48.06999969482422,48.220001220703125,46.59000015258789,46.939998626708984,27621000
INTC,2018-11-28,42.04995346069336,48.86000061035156,48.880001068115234,47.650001525878906,47.939998626708984,28003200
INTC,2018-11-29,41.051631927490234,47.70000076293945,48.560001373291016,47.630001068115234,48.4900016784668,23592500
INTC,2018-11-30,42.43724060058594,49.310001373291016,49.31999969482422,47.560001373291016,47.95000076293945,43313700
INTC,2018-12-03,43.142940521240234,50.130001068115234,50.5,49.529998779296875,50.0,30870400
INTC,2018-12-04,41.09466552734375,47.75,49.599998474121094,47.68000030517578,49.52000045776367,35397700
INTC,2018-12-06,41.62826156616211,48.369998931884766,48.38999938964844,46.52000045776367,46.79999923706055,31661700
INTC,2018-12-07,39.79513168334961,46.2400016784668,48.060001373291016,46.22999954223633,47.939998626708984,34016400
INTC,2018-12-10,40.62992858886719,47.209999084472656,47.459999084472656,46.0099983215332,46.279998779296875,23289000
INTC,2018-12-11,40.77622985839844,47.380001068115234,48.59000015258789,47.130001068115234,47.900001525878906,23851000
INTC,2018-12-12,41.16352081298828,47.83000183105469,48.63999938964844,47.40999984741211,48.58000183105469,31305000
INTC,2018-12-13,41.55939483642578,48.290000915527344,48.58000183105469,47.86000061035156,48.2599983215332,19526000
INTC,2018-12-14,41.18932342529297,47.86000061035156,48.7599983215332,47.849998474121094,47.88999938964844,26372100
INTC,2018-12-17,40.51804733276367,47.08000183105469,48.40999984741211,46.65999984741211,47.86000061035156,26598700
INTC,2018-12-18,41.08606719970703,47.7400016784668,48.45000076293945,47.36000061035156,47.470001220703125,29014300
INTC,2018-12-19,39.2185173034668,45.56999969482422,47.72999954223633,45.380001068115234,47.4900016784668,39717600
INTC,2018-12-20,39.19269561767578,45.540000915527344,46.310001373291016,45.0099983215332,45.40999984741211,37750900
INTC,2018-12-21,38.59025192260742,44.84000015258789,46.650001525878906,44.79999923706055,45.75,52768300
INTC,2018-12-24,37.51447677612305,43.59000015258789,45.16999816894531,43.540000915527344,44.630001068115234,19241600
INTC,2018-12-26,39.7520866394043,46.189998626708984,46.20000076293945,43.5099983215332,44.0,28677600
INTC,2018-12-27,39.898406982421875,46.36000061035156,46.380001068115234,44.66999816894531,45.619998931884766,29970700
INTC,2018-12-28,40.23404312133789,46.75,47.7400016784668,46.29999923706055,46.5099983215332,24758700
INTC,2018-12-31,40.38895034790039,46.93000030517578,47.47999954223633,46.54999923706055,47.09000015258789,20490400
INTC,2019-01-02,40.51804733276367,47.08000183105469,47.470001220703125,45.77000045776367,45.959999084472656,18774600
INTC,2019-01-03,38.28903579711914,44.4900016784668,46.279998779296875,44.38999938964844,46.150001525878906,32267300
INTC,2019-01-04,40.63853454589844,47.220001220703125,47.56999969482422,45.540000915527344,45.84000015258789,35447300
INTC,2019-01-07,40.8278694152832,47.439998626708984,48.0,46.75,47.099998474121094,22736800
INTC,2019-01-08,41.08606719970703,47.7400016784668,48.029998779296875,46.779998779296875,47.79999923706055,22749200
INTC,2019-01-09,41.318416595458984,48.0099983215332,48.56999969482422,47.779998779296875,47.959999084472656,22554500
INTC,2019-01-10,41.79176330566406,48.560001373291016,48.650001525878906,47.40999984741211,47.75,27202600
INTC,2019-01-11,42.11020278930664,48.93000030517578,49.290000915527344,48.04999923706055,48.099998474121094,21751300
INTC,2019-01-14,41.611026763916016,48.349998474121094,48.83000183105469,48.29999923706055,48.459999084472656,19193900
INTC,2019-01-15,41.82619857788086,48.599998474121094,49.130001068115234,48.439998626708984,48.709999084472656,22480800
INTC,2019-01-16,41.42169952392578,48.130001068115234,48.88999938964844,48.08000183105469,48.599998474121094,19057700
INTC,2019-01-17,41.71431350708008,48.470001220703125,48.84000015258789,47.90999984741211,48.0,17448700
INTC,2019-01-18,42.333961486816406,49.189998626708984,49.380001068115234,48.689998626708984,49.11000061035156,29874600
INTC,2019-01-22,41.54218292236328,48.27000045776367,48.97999954223633,47.869998931884766,48.959999084472656,25940700
INTC,2019-01-23,41.2581787109375,47.939998626708984,48.79999923706055,47.52000045776367,48.40999984741211,18960700
INTC,2019-01-24,42.82450866699219,49.7599983215332,50.040000915527344,48.599998474121094,48.70000076293945,50578300
INTC,2019-01-25,40.48362350463867,47.040000915527344,47.43000030517578,45.75,46.849998474121094,86455700
INTC,2019-01-28,40.199607849121094,46.709999084472656,46.72999954223633,46.04999923706055,46.130001068115234,35928700
INTC,2019-01-29,40.053314208984375,46.540000915527344,46.970001220703125,46.33000183105469,46.779998779296875,20988300
INTC,2019-01-30,40.913936614990234,47.540000915527344,47.68000030517578,46.45000076293945,46.68000030517578,26931700
INTC,2019-01-31,40.552467346191406,47.119998931884766,47.18000030517578,46.099998474121094,46.70000076293945,43051300
INTC,2019-02-01,41.93806457519531,48.72999954223633,49.04999923706055,47.0099983215332,47.060001373291016,37442900
INTC,2019-02-04,42.35978317260742,49.220001220703125,49.2400016784668,48.2400016784668,48.619998931884766,20905000
INTC,2019-02-05,43.03966522216797,50.0099983215332,50.720001220703125,49.18000030517578,49.18000030517578,31641600
INTC,2019-02-06,43.21720886230469,49.900001525878906,50.63999938964844,49.81999969482422,49.95000076293945,21647800
INTC,2019-02-07,42.63693618774414,49.22999954223633,49.849998474121094,48.68000030517578,49.5,27825900
INTC,2019-02-08,42.299171447753906,48.84000015258789,49.02000045776367,48.0099983215332,48.77000045776367,18851200
INTC,2019-02-11,42.23854064941406,48.77000045776367,49.31999969482422,48.58000183105469,49.02000045776367,18004100
INTC,2019-02-12,43.312477111816406,50.0099983215332,50.13999938964844,49.27000045776367,49.36000061035156,18050100
INTC,2019-02-13,43.71086883544922,50.470001220703125,50.810001373291016,50.0,50.130001068115234,17712800
INTC,2019-02-14,44.005340576171875,50.810001373291016,51.040000915527344,50.349998474121094,50.40999984741211,17545400
INTC,2019-02-15,44.74150848388672,51.65999984741211,51.66999816894531,51.09000015258789,51.25,22520400
INTC,2019-02-19,44.516319274902344,51.400001525878906,51.709999084472656,51.34000015258789,51.349998474121094,15611800
INTC,2019-02-20,44.507659912109375,51.38999938964844,51.72999954223633,51.060001373291016,51.630001068115234,21607700
INTC,2019-02-21,44.524986267089844,51.40999984741211,51.84000015258789,51.209999084472656,51.31999969482422,16162100
INTC,2019-02-22,45.46035385131836,52.4900016784668,52.97999954223633,52.060001373291016,52.70000076293945,31934100
INTC,2019-02-25,45.988651275634766,53.099998474121094,53.61000061035156,52.86000061035156,53.060001373291016,20711800
INTC,2019-02-26,46.10124588012695,53.22999954223633,53.369998931884766,52.90999984741211,53.0099983215332,16082200
INTC,2019-02-27,46.10990524291992,53.2400016784668,53.380001068115234,52.5099983215332,52.7599983215332,17590300
INTC,2019-02-28,45.86740493774414,52.959999084472656,53.18000030517578,52.810001373291016,52.91999816894531,18388800
INTC,2019-03-01,46.1618766784668,53.29999923706055,53.68000030517578,52.88999938964844,53.439998626708984,18359300
INTC,2019-03-04,46.71615982055664,53.939998626708984,54.099998474121094,53.209999084472656,53.75,21706100
INTC,2019-03-05,46.49097442626953,53.68000030517578,53.9900016784668,53.11000061035156,53.849998474121094,21057700
INTC,2019-03-06,45.858741760253906,52.95000076293945,53.650001525878906,52.939998626708984,53.630001068115234,14740500
INTC,2019-03-07,45.55562210083008,52.599998474121094,52.9900016784668,52.36000061035156,52.77000045776367,17803000
INTC,2019-03-08,45.45168685913086,52.47999954223633,52.560001373291016,51.70000076293945,51.970001220703125,16793900
INTC,2019-03-11,46.205177307128906,53.349998474121094,53.650001525878906,52.56999969482422,52.880001068115234,18963000
INTC,2019-03-12,46.39570236206055,53.56999969482422,53.959999084472656,53.18000030517578,53.34000015258789,20782100
INTC,2019-03-13,47.08857345581055,54.369998931884766,54.56999969482422,53.650001525878906,54.0,25522300
INTC,2019-03-14,46.28311538696289,53.439998626708984,54.45000076293945,53.33000183105469,54.29999923706055,26647100
INTC,2019-03-15,47.053932189941406,54.33000183105469,54.689998626708984,53.68000030517578,53.68000030517578,46512500
INTC,2019-03-18,46.85472869873047,54.099998474121094,54.5099983215332,53.869998931884766,54.41999816894531,16274000
INTC,2019-03-19,46.91535949707031,54.16999816894531,54.650001525878906,54.0,54.470001220703125,18274800
INTC,2019-03-20,46.61223220825195,53.81999969482422,54.400001525878906,53.61000061035156,54.060001373291016,24325300
INTC,2019-03-21,47.322410583496094,54.63999938964844,54.9900016784668,53.84000015258789,53.91999816894531,19127200
INTC,2019-03-22,46.127227783203125,53.2599983215332,54.619998931884766,53.209999084472656,54.400001525878906,21438400
INTC,2019-03-25,45.71150588989258,52.779998779296875,53.54999923706055,52.380001068115234,52.970001220703125,16971400
INTC,2019-03-26,46.28311538696289,53.439998626708984,53.77000045776367,53.040000915527344,53.31999969482422,17724300
INTC,2019-03-27,46.04062271118164,53.15999984741211,53.86000061035156,52.939998626708984,53.59000015258789,19656000
INTC,2019-03-28,45.997314453125,53.11000061035156,53.439998626708984,52.77000045776367,53.25,13607900
INTC,2019-03-29,46.508304595947266,53.70000076293945,54.040000915527344,53.47999954223633,53.79999923706055,18736100
INTC,2019-04-01,47.20983123779297,54.5099983215332,54.56999969482422,54.099998474121094,54.34000015258789,17830400
INTC,2019-04-02,47.07991027832031,54.36000061035156,54.79999923706055,54.22999954223633,54.529998779296875,13704500
INTC,2019-04-03,48.049922943115234,55.47999954223633,55.9900016784668,54.88999938964844,55.029998779296875,24552800
INTC,2019-04-04,48.430999755859375,55.91999816894531,56.13999938964844,55.27000045776367,55.27000045776367,16520500
INTC,2019-04-05,48.153846740722656,55.599998474121094,55.95000076293945,54.869998931884766,55.75,19268400
INTC,2019-04-08,48.22312545776367,55.68000030517578,55.7400016784668,55.20000076293945,55.279998779296875,11758800
INTC,2019-04-09,47.91135025024414,55.31999969482422,55.43000030517578,54.900001525878906,55.349998474121094,13339700
INTC,2019-04-10,48.28376007080078,55.75,55.86000061035156,55.31999969482422,55.31999969482422,13084000
INTC,2019-04-11,48.327064514160156,55.79999923706055,56.06999969482422,55.630001068115234,55.7599983215332,10845800
INTC,2019-04-12,48.86402130126953,56.41999816894531,56.4900016784668,55.84000015258789,56.209999084472656,12910200
INTC,2019-04-15,48.742774963378906,56.279998779296875,56.560001373291016,55.91999816894531,56.459999084472656,11676900
INTC,2019-04-16,49.115196228027344,56.709999084472656,57.470001220703125,56.06999969482422,56.65999984741211,30301900
INTC,2019-04-17,50.71743392944336,58.560001373291016,59.59000015258789,58.119998931884766,58.439998626708984,38788400
INTC,2019-04-18,50.656803131103516,58.4900016784668,58.880001068115234,58.119998931884766,58.709999084472656,20464200
INTC,2019-04-22,50.9426155090332,58.81999969482422,58.83000183105469,57.880001068115234,58.150001525878906,12327500
INTC,2019-04-23,50.9079704284668,58.779998779296875,58.97999954223633,58.5,58.88999938964844,17739900
INTC,2019-04-24,50.85600280761719,58.720001220703125,59.290000915527344,58.13999938964844,58.52000045776367,17723700
INTC,2019-04-25,49.89466094970703,57.61000061035156,58.380001068115234,57.22999954223633,58.29999923706055,27949900
INTC,2019-04-26,45.408382415771484,52.43000030517578,53.09000015258789,51.52000045776367,52.7400016784668,72364500
INTC,2019-04-29,44.26516342163086,51.11000061035156,52.43000030517578,51.0,52.16999816894531,42142300
INTC,2019-04-30,44.20454025268555,51.040000915527344,51.43000030517578,50.869998931884766,51.0,27130900
INTC,2019-05-01,43.9620361328125,50.7599983215332,51.599998474121094,50.7400016784668,51.099998474121094,20467600
INTC,2019-05-02,43.78015899658203,50.54999923706055,51.33000183105469,50.119998931884766,50.79999923706055,22655400
INTC,2019-05-03,44.819454193115234,51.75,51.81999969482422,50.72999954223633,51.08000183105469,25656600
INTC,2019-05-06,44.632110595703125,51.220001220703125,51.279998779296875,50.189998626708984,50.25,26245200
INTC,2019-05-07,43.987281799316406,50.47999954223633,50.880001068115234,49.93000030517578,50.599998474121094,29713400
INTC,2019-05-08,42.90678024291992,49.2400016784668,50.790000915527344,49.06999969482422,50.20000076293945,36812400
INTC,2019-05-09,40.6237678527832,46.619998931884766,48.290000915527344,46.04999923706055,47.900001525878906,59642200
INTC,2019-05-10,40.257781982421875,46.20000076293945,46.79999923706055,45.099998474121094,46.439998626708984,42522800
INTC,2019-05-13,39.00297927856445,44.7599983215332,45.63999938964844,44.70000076293945,45.33000183105469,39091900
INTC,2019-05-14,39.36025619506836,45.16999816894531,45.4900016784668,44.869998931884766,45.18000030517578,24706500
INTC,2019-05-15,39.752376556396484,45.619998931884766,45.75,44.7599983215332,44.91999816894531,23407900
INTC,2019-05-16,39.6739501953125,45.529998779296875,45.95000076293945,45.41999816894531,45.470001220703125,19954700
INTC,2019-05-17,39.11626052856445,44.88999938964844,45.72999954223633,44.7599983215332,45.18000030517578,22500400
INTC,2019-05-20,37.95733642578125,43.560001373291016,44.52000045776367,43.45000076293945,44.0,28675000
INTC,2019-05-21,38.7415657043457,44.459999084472656,44.779998779296875,44.18000030517578,44.34000015258789,25543400
INTC,2019-05-22,38.34074020385742,44.0,44.459999084472656,43.849998474121094,44.150001525878906,16932500
INTC,2019-05-23,38.80256652832031,44.529998779296875,44.7400016784668,42.86000061035156,43.369998931884766,35783900
INTC,2019-05-24,38.83743667602539,44.56999969482422,45.04999923706055,44.4900016784668,44.59000015258789,27168100
INTC,2019-05-28,37.96604919433594,43.56999969482422,44.689998626708984,43.29999923706055,44.65999984741211,34779900
INTC,2019-05-29,38.541160583496094,44.22999954223633,44.529998779296875,43.33000183105469,43.349998474121094,28450300
INTC,2019-05-30,38.97684860229492,44.72999954223633,45.029998779296875,44.22999954223633,44.29999923706055,21618900
INTC,2019-05-31,38.37560272216797,44.040000915527344,44.970001220703125,43.93000030517578,44.18000030517578,25532500
INTC,2019-06-03,37.87019348144531,43.459999084472656,44.59000015258789,43.20000076293945,44.25,31155700
INTC,2019-06-04,39.02912902832031,44.790000915527344,44.86000061035156,43.77000045776367,44.15999984741211,28094900
INTC,2019-06-05,38.82000732421875,44.54999923706055,45.18000030517578,44.189998626708984,45.11000061035156,20802000
INTC,2019-06-06,39.299251556396484,45.099998474121094,45.16999816894531,44.5099983215332,44.75,19076200
INTC,2019-06-07,40.109642028808594,46.029998779296875,46.119998931884766,45.099998474121094,45.25,24370300
INTC,2019-06-10,40.780601501464844,46.79999923706055,47.189998626708984,46.20000076293945,46.22999954223633,20806100
INTC,2019-06-11,40.82417297363281,46.849998474121094,47.31999969482422,46.52000045776367,47.2599983215332,18415500
INTC,2019-06-12,40.36233901977539,46.31999969482422,46.66999816894531,46.25,46.66999816894531,15900600
INTC,2019-06-13,40.69346237182617,46.70000076293945,46.959999084472656,46.529998779296875,46.599998474121094,12267600
INTC,2019-06-14,40.249061584472656,46.189998626708984,46.41999816894531,45.54999923706055,45.83000183105469,15381100
INTC,2019-06-17,40.19678497314453,46.130001068115234,46.529998779296875,45.79999923706055,46.13999938964844,12643300
INTC,2019-06-18,41.27729034423828,47.369998931884766,48.0,46.599998474121094,46.75,25732300
INTC,2019-06-19,41.015872955322266,47.06999969482422,47.58000183105469,47.0,47.47999954223633,17436400
INTC,2019-06-20,41.12044143676758,47.189998626708984,48.04999923706055,46.869998931884766,47.869998931884766,20126800
INTC,2019-06-21,41.35572052001953,47.459999084472656,47.72999954223633,46.79999923706055,46.95000076293945,31096300
INTC,2019-06-24,41.50384521484375,47.630001068115234,47.849998474121094,47.16999816894531,47.400001525878906,14479900
INTC,2019-06-25,40.82417297363281,46.849998474121094,47.68000030517578,46.79999923706055,47.560001373291016,16665600
INTC,2019-06-26,41.99183654785156,48.189998626708984,48.47999954223633,47.560001373291016,47.650001525878906,21886300
INTC,2019-06-27,41.35572052001953,47.459999084472656,48.41999816894531,47.2400016784668,48.150001525878906,23062900
INTC,2019-06-28,41.712982177734375,47.869998931884766,48.20000076293945,47.68000030517578,47.77000045776367,26646200
INTC,2019-07-01,41.86982345581055,48.04999923706055,49.45000076293945,47.75,49.290000915527344,27423300
INTC,2019-07-02,41.93082046508789,48.119998931884766,48.220001220703125,47.689998626708984,47.90999984741211,15381600
INTC,2019-07-03,42.279388427734375,48.52000045776367,48.560001373291016,48.0,48.18000030517578,10739100
INTC,2019-07-05,41.89596939086914,48.08000183105469,48.18000030517578,47.439998626708984,48.029998779296875,14339200
INTC,2019-07-08,41.66940689086914,47.81999969482422,47.95000076293945,47.06999969482422,47.619998931884766,16564300
INTC,2019-07-09,41.60841751098633,47.75,47.79999923706055,47.130001068115234,47.36000061035156,17853200
INTC,2019-07-10,42.00925827026367,48.209999084472656,48.61000061035156,47.900001525878906,47.91999816894531,16032300
INTC,2019-07-11,42.34908676147461,48.599998474121094,48.779998779296875,48.310001373291016,48.560001373291016,16615100
INTC,2019-07-12,43.49930953979492,49.91999816894531,49.93000030517578,48.810001373291016,49.0,20148700
INTC,2019-07-15,43.67359161376953,50.119998931884766,50.25,49.77000045776367,50.0,14345100
INTC,2019-07-16,42.84577941894531,49.16999816894531,50.0,48.959999084472656,49.90999984741211,17131400
INTC,2019-07-17,43.037479400634766,49.38999938964844,49.70000076293945,49.2400016784668,49.5,11928600
INTC,2019-07-18,43.516746520996094,49.939998626708984,49.9900016784668,48.88999938964844,49.279998779296875,15671600
INTC,2019-07-19,43.80428695678711,50.27000045776367,50.65999984741211,49.90999984741211,49.959999084472656,29141100
INTC,2019-07-22,44.745384216308594,51.349998474121094,51.52000045776367,49.88999938964844,50.0099983215332,21688000
INTC,2019-07-23,45.09394073486328,51.75,52.0,51.29999923706055,52.0,18413500
INTC,2019-07-24,46.11344909667969,52.91999816894531,52.970001220703125,51.79999923706055,51.97999954223633,20896400
INTC,2019-07-25,45.45120620727539,52.15999984741211,52.599998474121094,51.880001068115234,52.5099983215332,27765400
INTC,2019-07-26,44.95451736450195,51.59000015258789,53.5,51.529998779296875,52.689998626708984,36401500
INTC,2019-07-29,45.75619125366211,52.5099983215332,52.560001373291016,50.779998779296875,51.529998779296875,21897500
INTC,2019-07-30,45.05037307739258,51.70000076293945,52.310001373291016,51.560001373291016,51.709999084472656,16487700
INTC,2019-07-31,44.04827880859375,50.54999923706055,51.720001220703125,50.04999923706055,51.5099983215332,24169800
INTC,2019-08-01,43.133331298828125,49.5,51.88999938964844,49.470001220703125,50.52000045776367,34020800
INTC,2019-08-02,42.418800354003906,48.68000030517578,49.36000061035156,48.5,49.09000015258789,27881600
INTC,2019-08-05,40.92874526977539,46.970001220703125,47.959999084472656,46.56999969482422,47.7599983215332,38936600
INTC,2019-08-06,41.19630813598633,46.959999084472656,47.560001373291016,46.77000045776367,47.150001525878906,26119600
INTC,2019-08-07,40.994537353515625,46.72999954223633,46.880001068115234,45.970001220703125,46.29999923706055,29440400
INTC,2019-08-08,41.38052749633789,47.16999816894531,47.369998931884766,45.90999984741211,46.15999984741211,30643700
INTC,2019-08-09,40.33658218383789,45.97999954223633,47.0,45.779998779296875,46.939998626708984,24975500
INTC,2019-08-12,40.00322341918945,45.599998474121094,46.06999969482422,45.439998626708984,45.7599983215332,18494300
INTC,2019-08-13,41.091026306152344,46.84000015258789,47.04999923706055,45.36000061035156,45.4900016784668,28959500
INTC,2019-08-14,40.240089416503906,45.869998931884766,46.630001068115234,45.650001525878906,46.060001373291016,25650200
INTC,2019-08-15,40.09095001220703,45.70000076293945,46.18000030517578,45.439998626708984,46.099998474121094,21896000
INTC,2019-08-16,40.79276657104492,46.5,46.68000030517578,46.060001373291016,46.34000015258789,22701800
INTC,2019-08-19,41.43316650390625,47.22999954223633,47.599998474121094,47.040000915527344,47.459999084472656,21403600
INTC,2019-08-20,40.8804931640625,46.599998474121094,47.119998931884766,46.459999084472656,47.029998779296875,23113300
INTC,2019-08-21,41.36298751831055,47.150001525878906,47.290000915527344,46.88999938964844,47.11000061035156,15915000
INTC,2019-08-22,41.03840255737305,46.779998779296875,47.43000030517578,46.689998626708984,47.279998779296875,19783000
INTC,2019-08-23,39.441776275634766,44.959999084472656,46.630001068115234,44.79999923706055,46.349998474121094,32814000
INTC,2019-08-26,39.968143463134766,45.560001373291016,45.81999969482422,45.25,45.81999969482422,22080500
INTC,2019-08-27,40.16990661621094,45.790000915527344,46.119998931884766,45.5,45.869998931884766,16925500
INTC,2019-08-28,40.16990661621094,45.790000915527344,45.90999984741211,45.369998931884766,45.70000076293945,14888800
INTC,2019-08-29,41.11734390258789,46.869998931884766,47.220001220703125,46.400001525878906,46.459999084472656,17803800
INTC,2019-08-30,41.591068267822266,47.40999984741211,47.790000915527344,47.15999984741211,47.2400016784668,16922600
INTC,2019-09-03,41.21385192871094,46.97999954223633,47.220001220703125,46.5,47.119998931884766,15003800
INTC,2019-09-04,42.915733337402344,48.91999816894531,48.95000076293945,47.540000915527344,47.560001373291016,23450700
INTC,2019-09-05,43.950904846191406,50.099998474121094,51.16999816894531,49.869998931884766,49.93000030517578,30014200
INTC,2019-09-06,44.67026901245117,50.91999816894531,50.9900016784668,50.06999969482422,50.25,17067900
INTC,2019-09-09,45.25803756713867,51.59000015258789,52.029998779296875,51.02000045776367,51.060001373291016,20749700
INTC,2019-09-10,45.459808349609375,51.81999969482422,51.84000015258789,50.83000183105469,51.33000183105469,18532000
INTC,2019-09-11,46.310752868652344,52.790000915527344,52.790000915527344,51.380001068115234,51.599998474121094,18968900
INTC,2019-09-12,46.50374984741211,53.0099983215332,53.33000183105469,52.06999969482422,53.0,23308700
INTC,2019-09-13,46.09143829345703,52.540000915527344,53.0,52.22999954223633,52.7599983215332,18010800
INTC,2019-09-16,45.79317092895508,52.20000076293945,52.290000915527344,51.70000076293945,51.900001525878906,13354600
INTC,2019-09-17,45.5738525390625,51.95000076293945,52.13999938964844,51.349998474121094,52.04999923706055,19641100
INTC,2019-09-18,45.3896369934082,51.7400016784668,52.130001068115234,51.15999984741211,52.130001068115234,14906800
INTC,2019-09-19,45.2404899597168,51.56999969482422,51.9900016784668,51.5,51.70000076293945,11428400
INTC,2019-09-20,44.49481201171875,50.720001220703125,51.880001068115234,50.560001373291016,51.599998474121094,37067900
INTC,2019-09-23,44.65272903442383,50.900001525878906,51.22999954223633,50.38999938964844,50.83000183105469,18916600
INTC,2019-09-24,43.70527648925781,49.81999969482422,51.18000030517578,49.63999938964844,51.099998474121094,28197400
INTC,2019-09-25,44.75799560546875,51.02000045776367,51.209999084472656,49.41999816894531,49.75,19486700
INTC,2019-09-26,44.67026901245117,50.91999816894531,51.150001525878906,50.34000015258789,50.97999954223633,11351800
INTC,2019-09-27,44.54744338989258,50.779998779296875,51.220001220703125,50.34000015258789,50.630001068115234,14845700
INTC,2019-09-30,45.20539474487305,51.529998779296875,51.599998474121094,50.939998626708984,51.189998626708984,13652100
INTC,2019-10-01,44.52989959716797,50.7599983215332,52.2400016784668,50.43000030517578,51.970001220703125,18413100
INTC,2019-10-02,43.328067779541016,49.38999938964844,50.369998931884766,48.97999954223633,50.310001373291016,20078700
INTC,2019-10-03,43.88949966430664,50.029998779296875,50.06999969482422,48.529998779296875,49.5,16320100
INTC,2019-10-04,44.67026901245117,50.91999816894531,50.970001220703125,50.029998779296875,50.349998474121094,12644900
INTC,2019-10-07,44.40709686279297,50.619998931884766,51.22999954223633,50.560001373291016,50.70000076293945,12081400
INTC,2019-10-08,43.62632751464844,49.72999954223633,50.47999954223633,49.61000061035156,50.15999984741211,17409100
INTC,2019-10-09,44.284271240234375,50.47999954223633,50.790000915527344,50.150001525878906,50.470001220703125,11834900
INTC,2019-10-10,44.836944580078125,51.11000061035156,51.779998779296875,50.400001525878906,50.40999984741211,13907900
INTC,2019-10-11,45.6966667175293,52.09000015258789,52.790000915527344,51.81999969482422,52.0,24072500
INTC,2019-10-14,45.3018913269043,51.63999938964844,51.95000076293945,51.439998626708984,51.900001525878906,15016800
INTC,2019-10-15,46.18794250488281,52.650001525878906,53.06999969482422,51.83000183105469,51.93000030517578,18878100
INTC,2019-10-16,46.012481689453125,52.45000076293945,52.560001373291016,52.119998931884766,52.349998474121094,14769300
INTC,2019-10-17,45.49489974975586,51.86000061035156,52.84000015258789,51.380001068115234,52.63999938964844,16533900
INTC,2019-10-18,45.05626678466797,51.36000061035156,51.81999969482422,51.029998779296875,51.75,16974100
INTC,2019-10-21,45.73176956176758,52.130001068115234,52.16999816894531,51.34000015258789,51.52000045776367,12189000
INTC,2019-10-22,45.62648391723633,52.0099983215332,52.31999969482422,51.88999938964844,51.900001525878906,13114300
INTC,2019-10-23,45.37207794189453,51.720001220703125,51.959999084472656,51.20000076293945,51.369998931884766,15887500
INTC,2019-10-24,45.819480895996094,52.22999954223633,52.43000030517578,51.43000030517578,52.09000015258789,23413000
INTC,2019-10-25,49.53030776977539,56.459999084472656,56.61000061035156,53.91999816894531,54.189998626708984,59767700
INTC,2019-10-28,49.793487548828125,56.7599983215332,56.810001373291016,56.060001373291016,56.380001068115234,32307500
INTC,2019-10-29,49.42504119873047,56.34000015258789,57.2400016784668,56.2400016784668,56.369998931884766,18155800
INTC,2019-10-30,49.65312957763672,56.599998474121094,56.630001068115234,55.619998931884766,56.31999969482422,15248000
INTC,2019-10-31,49.591712951660156,56.529998779296875,56.599998474121094,55.619998931884766,56.33000183105469,19249700
INTC,2019-11-01,49.57417297363281,56.5099983215332,56.650001525878906,55.619998931884766,55.939998626708984,17953500
INTC,2019-11-04,50.539161682128906,57.61000061035156,57.79999923706055,56.849998474121094,56.93000030517578,19068000
INTC,2019-11-05,50.486534118652344,57.54999923706055,58.349998474121094,57.209999084472656,57.470001220703125,20865400
INTC,2019-11-06,50.80849838256836,57.599998474121094,57.709999084472656,56.97999954223633,57.4900016784668,17721000
INTC,2019-11-07,51.20541763305664,58.04999923706055,58.54999923706055,57.86000061035156,58.0,16962800
INTC,2019-11-08,51.39949417114258,58.27000045776367,58.29999923706055,57.310001373291016,57.849998474121094,11888900
INTC,2019-11-11,51.470062255859375,58.349998474121094,58.5,57.900001525878906,57.970001220703125,11228900
INTC,2019-11-12,51.33774185180664,58.20000076293945,58.79999923706055,58.029998779296875,58.400001525878906,11952500
INTC,2019-11-13,51.06430435180664,57.88999938964844,57.970001220703125,57.349998474121094,57.869998931884766,15332700
INTC,2019-11-14,50.99373245239258,57.810001373291016,58.040000915527344,57.56999969482422,57.61000061035156,12119000
INTC,2019-11-15,51.126041412353516,57.959999084472656,58.70000076293945,57.619998931884766,58.16999816894531,16112100
INTC,2019-11-18,51.38185119628906,58.25,58.47999954223633,57.56999969482422,57.70000076293945,16097500
INTC,2019-11-19,51.470062255859375,58.349998474121094,58.650001525878906,57.75,58.47999954223633,17061900
INTC,2019-11-20,51.073116302490234,57.900001525878906,58.36000061035156,57.369998931884766,58.2599983215332,18542300
INTC,2019-11-21,51.35538864135742,58.220001220703125,58.29999923706055,57.40999984741211,57.4900016784668,16139000
INTC,2019-11-22,50.81731414794922,57.61000061035156,58.650001525878906,57.4900016784668,58.34000015258789,15690200
INTC,2019-11-25,51.87582015991211,58.810001373291016,58.84000015258789,58.0,58.0,15011700
INTC,2019-11-26,51.95521545410156,58.900001525878906,59.130001068115234,58.45000076293945,58.95000076293945,22338700
INTC,2019-11-27,51.6111946105957,58.5099983215332,58.59000015258789,57.90999984741211,58.529998779296875,18184200
INTC,2019-11-29,51.20541763305664,58.04999923706055,58.29999923706055,57.790000915527344,58.150001525878906,9481100
INTC,2019-12-02,50.861419677734375,57.65999984741211,58.689998626708984,57.470001220703125,58.54999923706055,19154500
INTC,2019-12-03,49.458892822265625,56.06999969482422,56.86000061035156,55.75,56.86000061035156,25737400
INTC,2019-12-04,49.4147834777832,56.02000045776367,56.65999984741211,55.86000061035156,56.65999984741211,18881400
INTC,2019-12-05,49.46771240234375,56.08000183105469,56.40999984741211,55.7599983215332,56.40999984741211,17673700
INTC,2019-12-06,50.11164093017578,56.810001373291016,56.9900016784668,56.41999816894531,56.65999984741211,16476800
INTC,2019-12-09,49.86465072631836,56.529998779296875,56.959999084472656,56.5,56.540000915527344,14298600
INTC,2019-12-10,49.91757583618164,56.59000015258789,56.83000183105469,56.439998626708984,56.709999084472656,16157900
INTC,2019-12-11,50.34099578857422,57.06999969482422,57.16999816894531,56.58000183105469,56.90999984741211,20051100
INTC,2019-12-12,50.76438903808594,57.54999923706055,58.04999923706055,56.61000061035156,56.75,27883300
INTC,2019-12-13,50.97609329223633,57.790000915527344,58.34000015258789,57.380001068115234,57.54999923706055,22795200
INTC,2019-12-16,50.896705627441406,57.70000076293945,58.56999969482422,57.650001525878906,58.209999084472656,19131200
INTC,2019-12-17,50.543853759765625,57.29999923706055,58.099998474121094,57.130001068115234,58.0,21653100
INTC,2019-12-18,50.42919158935547,57.16999816894531,57.459999084472656,56.939998626708984,57.38999938964844,28261000
INTC,2019-12-19,51.126041412353516,57.959999084472656,57.9900016784668,56.970001220703125,57.16999816894531,18865100
INTC,2019-12-20,51.99931335449219,58.95000076293945,59.04999923706055,57.88999938964844,58.31999969482422,49953000
INTC,2019-12-23,52.246307373046875,59.22999954223633,59.779998779296875,59.040000915527344,59.060001373291016,23593000
INTC,2019-12-24,52.40507888793945,59.40999984741211,59.47999954223633,59.15999984741211,59.25,6313200
INTC,2019-12-26,52.76673126220703,59.81999969482422,59.849998474121094,59.349998474121094,59.40999984741211,11480300
INTC,2019-12-27,52.99607849121094,60.08000183105469,60.47999954223633,59.900001525878906,59.90999984741211,14085800
INTC,2019-12-30,52.59031677246094,59.619998931884766,60.04999923706055,59.380001068115234,59.9900016784668,12750500
INTC,2019-12-31,52.79319763183594,59.849998474121094,59.93000030517578,59.36000061035156,59.619998931884766,14432900
INTC,2020-01-02,53.66646957397461,60.84000015258789,60.970001220703125,60.220001220703125,60.2400016784668,18056000
INTC,2020-01-03,53.013710021972656,60.099998474121094,60.70000076293945,59.810001373291016,59.810001373291016,15293900
INTC,2020-01-06,52.8637580871582,59.93000030517578,60.20000076293945,59.33000183105469,59.59000015258789,17755200
INTC,2020-01-07,51.98168182373047,58.93000030517578,59.79999923706055,58.88999938964844,59.779998779296875,21876100
INTC,2020-01-08,52.0169563293457,58.970001220703125,59.31999969482422,58.52000045776367,58.88999938964844,23133500
INTC,2020-01-09,52.308048248291016,59.29999923706055,59.5099983215332,58.83000183105469,59.04999923706055,18813300
INTC,2020-01-10,51.990482330322266,58.939998626708984,60.08000183105469,58.869998931884766,59.56999969482422,15200600
INTC,2020-01-13,52.56385803222656,59.59000015258789,59.779998779296875,59.08000183105469,59.16999816894531,16453300
INTC,2020-01-14,52.42272186279297,59.43000030517578,59.7400016784668,59.189998626708984,59.4900016784668,17051200
INTC,2020-01-15,51.990482330322266,58.939998626708984,59.650001525878906,58.75,59.29999923706055,18498800
INTC,2020-01-16,52.6255989074707,59.65999984741211,59.84000015258789,59.06999969482422,59.2599983215332,21365500
INTC,2020-01-17,52.57266616821289,59.599998474121094,60.0,59.2400016784668,59.97999954223633,21803400
INTC,2020-01-21,53.41065979003906,60.54999923706055,61.25,59.790000915527344,59.810001373291016,28358500
INTC,2020-01-22,55.3336181640625,62.72999954223633,62.849998474121094,60.970001220703125,61.040000915527344,29475100
INTC,2020-01-23,55.85405349731445,63.31999969482422,63.709999084472656,62.810001373291016,62.86000061035156,42778700
INTC,2020-01-24,60.39682388305664,68.47000122070312,69.29000091552734,66.45999908447266,66.56999969482422,84711000
INTC,2020-01-27,57.944610595703125,65.69000244140625,67.41999816894531,65.5999984741211,66.72000122070312,30764000
INTC,2020-01-28,59.373600006103516,67.30999755859375,67.58000183105469,65.94000244140625,66.5,30915400
INTC,2020-01-29,58.509151458740234,66.33000183105469,68.05999755859375,66.16999816894531,67.62999725341797,18055800
INTC,2020-01-30,58.63264846801758,66.47000122070312,66.5,64.93000030517578,65.63999938964844,18522400
INTC,2020-01-31,56.39212417602539,63.93000030517578,65.9800033569336,63.66999816894531,65.80000305175781,25268400
INTC,2020-02-03,56.82435607910156,64.41999816894531,65.04000091552734,64.30000305175781,64.45999908447266,16646600
INTC,2020-02-04,57.741729736328125,65.45999908447266,66.05999755859375,64.91999816894531,65.7699966430664,20970800
INTC,2020-02-05,59.40005874633789,67.33999633789062,67.5999984741211,66.12999725341797,66.69000244140625,23401400
INTC,2020-02-06,59.470977783203125,67.08999633789062,67.4000015258789,66.7699966430664,67.30000305175781,17408000
INTC,2020-02-07,58.52250671386719,66.0199966430664,67.30000305175781,66.01000213623047,66.86000061035156,18134600
INTC,2020-02-10,58.8504753112793,66.38999938964844,66.4000015258789,65.44000244140625,65.55999755859375,22299300
INTC,2020-02-11,59.754634857177734,67.41000366210938,67.70999908447266,66.56999969482422,66.83000183105469,17975600
INTC,2020-02-12,59.79895782470703,67.45999908447266,68.08999633789062,67.30999755859375,67.5999984741211,15586600
INTC,2020-02-13,59.78124237060547,67.44000244140625,67.6500015258789,66.73999786376953,66.98999786376953,11602700
INTC,2020-02-14,59.63053894042969,67.2699966430664,67.86000061035156,66.81999969482422,67.5199966430664,13405500
INTC,2020-02-18,58.62886428833008,66.13999938964844,66.69000244140625,65.87999725341797,66.66000366210938,12758400
INTC,2020-02-19,59.48870849609375,67.11000061035156,67.19999694824219,66.18000030517578,66.38999938964844,13551200
INTC,2020-02-20,58.017215728759766,65.44999694824219,67.29000091552734,64.55999755859375,67.04000091552734,26452600
INTC,2020-02-21,57.03328323364258,64.33999633789062,65.25,64.04000091552734,65.18000030517578,20775900
INTC,2020-02-24,54.74626922607422,61.7599983215332,62.77000045776367,61.31999969482422,61.61000061035156,26903100
INTC,2020-02-25,52.946807861328125,59.72999954223633,62.279998779296875,59.459999084472656,61.9900016784668,34495700
INTC,2020-02-26,52.87589645385742,59.650001525878906,60.81999969482422,59.27000045776367,60.11000061035156,26190100
INTC,2020-02-27,49.489723205566406,55.83000183105469,58.5099983215332,55.79999923706055,57.93000030517578,42226900
INTC,2020-02-28,49.21491622924805,55.52000045776367,56.380001068115234,53.599998474121094,54.29999923706055,60721700
INTC,2020-03-02,51.572837829589844,58.18000030517578,58.220001220703125,54.52000045776367,55.790000915527344,43140300
INTC,2020-03-03,49.61381530761719,55.970001220703125,59.02000045776367,55.400001525878906,58.029998779296875,49740300
INTC,2020-03-04,52.01605987548828,58.68000030517578,58.709999084472656,56.15999984741211,57.0099983215332,29223100
INTC,2020-03-05,50.49138641357422,56.959999084472656,58.65999984741211,56.61000061035156,57.060001373291016,29099200
INTC,2020-03-06,49.4365348815918,55.77000045776367,56.0099983215332,54.540000915527344,55.18000030517578,36259200
INTC,2020-03-09,45.07526779174805,50.849998474121094,52.709999084472656,50.0,51.91999816894531,56197000
INTC,2020-03-10,47.84980773925781,53.97999954223633,54.0,50.43000030517578,52.7599983215332,36569000
INTC,2020-03-11,45.793270111083984,51.65999984741211,53.540000915527344,51.0099983215332,52.38999938964844,38563500
INTC,2020-03-12,40.368289947509766,45.540000915527344,50.09000015258789,45.369998931884766,47.9900016784668,50661700
INTC,2020-03-13,48.24869155883789,54.43000030517578,55.0,47.7400016784668,48.2599983215332,48805100
INTC,2020-03-16,39.54390335083008,44.61000061035156,52.25,43.630001068115234,47.5099983215332,53878900
INTC,2020-03-17,44.3927116394043,50.08000183105469,51.630001068115234,45.20000076293945,45.7599983215332,52085200
INTC,2020-03-18,42.20322036743164,47.61000061035156,50.04999923706055,45.20000076293945,46.709999084472656,49309900
INTC,2020-03-19,40.722862243652344,45.939998626708984,49.22999954223633,45.15999984741211,47.84000015258789,44538000
INTC,2020-03-20,40.62535095214844,45.83000183105469,49.41999816894531,45.470001220703125,46.5099983215332,52344000
INTC,2020-03-23,43.94948959350586,49.58000183105469,50.4900016784668,45.90999984741211,46.02000045776367,46698500
INTC,2020-03-24,46.44924545288086,52.400001525878906,54.63999938964844,51.349998474121094,53.13999938964844,50019800
INTC,2020-03-25,45.43870544433594,51.2599983215332,53.790000915527344,49.90999984741211,52.47999954223633,41106100
INTC,2020-03-26,49.23264694213867,55.540000915527344,55.95000076293945,51.65999984741211,51.7400016784668,41459800
INTC,2020-03-27,46.422645568847656,52.369998931884766,54.63999938964844,52.06999969482422,53.41999816894531,31633500
INTC,2020-03-30,49.188323974609375,55.4900016784668,56.099998474121094,52.83000183105469,52.9900016784668,31628600
INTC,2020-03-31,47.97391128540039,54.119998931884766,55.79999923706055,53.220001220703125,55.060001373291016,48074700
INTC,2020-04-01,45.988285064697266,51.880001068115234,54.689998626708984,51.43000030517578,52.5,29586600
INTC,2020-04-02,48.17778396606445,54.349998474121094,54.560001373291016,51.220001220703125,51.290000915527344,27810000
INTC,2020-04-03,47.9827766418457,54.130001068115234,55.130001068115234,52.72999954223633,53.849998474121094,23906100
INTC,2020-04-06,51.79444122314453,58.43000030517578,58.77000045776367,56.119998931884766,56.630001068115234,32323400
INTC,2020-04-07,51.767852783203125,58.400001525878906,61.4900016784668,58.209999084472656,59.939998626708984,41410000
INTC,2020-04-08,52.28199005126953,58.97999954223633,59.5099983215332,57.90999984741211,58.9900016784668,26719500
INTC,2020-04-09,50.65093994140625,57.13999938964844,59.720001220703125,56.060001373291016,59.36000061035156,40499700
INTC,2020-04-13,52.03379440307617,58.70000076293945,58.77000045776367,56.56999969482422,56.56999969482422,23251900
INTC,2020-04-14,53.77119827270508,60.65999984741211,60.900001525878906,59.5099983215332,60.040000915527344,25674000
INTC,2020-04-15,52.18447494506836,58.869998931884766,59.83000183105469,58.38999938964844,59.7400016784668,22841600
INTC,2020-04-16,53.88642501831055,60.790000915527344,60.959999084472656,58.810001373291016,59.61000061035156,24433500
INTC,2020-04-17,53.505271911621094,60.36000061035156,62.130001068115234,59.83000183105469,62.02000045776367,27385600
INTC,2020-04-20,52.45927810668945,59.18000030517578,60.040000915527344,58.88999938964844,59.279998779296875,26420300
INTC,2020-04-21,49.95952224731445,56.36000061035156,58.599998474121094,55.93000030517578,58.11000061035156,25248000
INTC,2020-04-22,53.27478790283203,60.099998474121094,60.5,57.810001373291016,58.27000045776367,23350400
INTC,2020-04-23,52.335174560546875,59.040000915527344,60.099998474121094,58.810001373291016,59.66999816894531,35092000
INTC,2020-04-24,52.530189514160156,59.2599983215332,59.400001525878906,56.099998474121094,56.20000076293945,50187000
INTC,2020-04-27,52.716346740722656,59.470001220703125,59.83000183105469,58.38999938964844,59.720001220703125,25902200
INTC,2020-04-28,52.078102111816406,58.75,60.220001220703125,58.2599983215332,59.9900016784668,28784700
INTC,2020-04-29,54.78173828125,61.79999923706055,62.029998779296875,59.31999969482422,59.439998626708984,30451500
INTC,2020-04-30,53.168426513671875,59.97999954223633,61.540000915527344,59.75,61.369998931884766,26279900
INTC,2020-05-01,50.94346618652344,57.470001220703125,59.31999969482422,57.310001373291016,58.83000183105469,21194800
INTC,2020-05-04,51.404422760009766,57.9900016784668,58.06999969482422,56.310001373291016,57.119998931884766,18957200
INTC,2020-05-05,52.078102111816406,58.75,59.29999923706055,58.349998474121094,58.790000915527344,17252100
INTC,2020-05-06,52.75560760498047,59.18000030517578,59.95000076293945,58.939998626708984,59.040000915527344,17848700
INTC,2020-05-07,52.74667739868164,59.16999816894531,60.099998474121094,58.91999816894531,59.93000030517578,14733500
INTC,2020-05-08,53.192405700683594,59.66999816894531,59.779998779296875,59.04999923706055,59.66999816894531,20384500
INTC,2020-05-11,53.60247802734375,60.130001068115234,60.84000015258789,59.709999084472656,59.7400016784668,18684400
INTC,2020-05-12,52.05135726928711,58.38999938964844,60.63999938964844,58.2599983215332,60.220001220703125,16754900
INTC,2020-05-13,51.471923828125,57.7400016784668,59.22999954223633,56.900001525878906,58.45000076293945,21065000
INTC,2020-05-14,52.666465759277344,59.08000183105469,59.150001525878906,56.099998474121094,57.31999969482422,21569400
INTC,2020-05-15,51.953311920166016,58.279998779296875,58.369998931884766,56.959999084472656,57.400001525878906,21373300
INTC,2020-05-18,53.41526794433594,59.91999816894531,60.279998779296875,59.36000061035156,59.7400016784668,20428700
INTC,2020-05-19,53.74509811401367,60.290000915527344,61.77000045776367,59.849998474121094,60.130001068115234,21865000
INTC,2020-05-20,56.25005340576172,63.099998474121094,63.4900016784668,61.02000045776367,61.15999984741211,30584000
INTC,2020-05-21,55.25164031982422,61.97999954223633,63.79999923706055,61.81999969482422,63.099998474121094,20987700
INTC,2020-05-22,55.501243591308594,62.2599983215332,62.31999969482422,61.41999816894531,61.97999954223633,14103000
INTC,2020-05-26,55.57257080078125,62.34000015258789,64.13999938964844,62.119998931884766,63.68000030517578,20933600
INTC,2020-05-27,56.660125732421875,63.560001373291016,63.59000015258789,61.06999969482422,62.31999969482422,19886300
INTC,2020-05-28,55.002044677734375,61.70000076293945,63.45000076293945,61.4900016784668,63.0,17253500
INTC,2020-05-29,56.09851837158203,62.93000030517578,63.65999984741211,61.619998931884766,61.900001525878906,33393900
INTC,2020-06-01,55.14466857910156,61.86000061035156,62.65999984741211,61.65999984741211,62.4900016784668,14317700
INTC,2020-06-02,55.37644577026367,62.119998931884766,62.16999816894531,60.83000183105469,61.70000076293945,20702400
INTC,2020-06-03,55.207069396972656,61.93000030517578,62.540000915527344,61.529998779296875,62.45000076293945,16737300
INTC,2020-06-04,56.13417434692383,62.970001220703125,63.470001220703125,61.34000015258789,61.7400016784668,22010100
INTC,2020-06-05,57.35544967651367,64.33999633789062,65.11000061035156,63.15999984741211,63.36000061035156,26813100
INTC,2020-06-08,56.75818634033203,63.66999816894531,64.1500015258789,62.939998626708984,63.970001220703125,21546200
INTC,2020-06-09,56.19657516479492,63.040000915527344,63.709999084472656,62.900001525878906,62.9900016784668,23594100
INTC,2020-06-10,56.93647766113281,63.869998931884766,64.29000091552734,62.75,62.790000915527344,21367800
INTC,2020-06-11,53.21915817260742,59.70000076293945,63.29999923706055,59.52000045776367,63.06999969482422,26998200
INTC,2020-06-12,52.889320373535156,59.33000183105469,60.959999084472656,58.119998931884766,60.11000061035156,30419800
INTC,2020-06-15,53.57572937011719,60.099998474121094,60.36000061035156,58.58000183105469,59.33000183105469,29651700
INTC,2020-06-16,53.84317398071289,60.400001525878906,61.650001525878906,59.4900016784668,61.4900016784668,23226600
INTC,2020-06-17,53.92338562011719,60.4900016784668,61.279998779296875,60.060001373291016,60.7400016784668,20454800
INTC,2020-06-18,53.55790328979492,60.08000183105469,60.5099983215332,59.31999969482422,60.349998474121094,24899700
INTC,2020-06-19,53.14783477783203,59.619998931884766,60.88999938964844,59.099998474121094,60.650001525878906,60336100
INTC,2020-06-22,53.566810607910156,60.09000015258789,60.54999923706055,58.83000183105469,59.72999954223633,22846000
INTC,2020-06-23,53.41526794433594,59.91999816894531,60.470001220703125,59.86000061035156,60.189998626708984,22809600
INTC,2020-06-24,52.675376892089844,59.09000015258789,59.810001373291016,58.66999816894531,59.63999938964844,27764500
INTC,2020-06-25,52.15833282470703,58.5099983215332,59.09000015258789,57.47999954223633,58.97999954223633,21906900
INTC,2020-06-26,51.25797653198242,57.5,58.72999954223633,57.06999969482422,58.4900016784668,38477500
INTC,2020-06-29,51.94438552856445,58.27000045776367,58.349998474121094,56.7599983215332,57.470001220703125,22150300
INTC,2020-06-30,53.33504104614258,59.83000183105469,59.97999954223633,58.540000915527344,58.709999084472656,31542100
INTC,2020-07-01,52.42577362060547,58.810001373291016,60.029998779296875,58.7599983215332,59.90999984741211,14748100
INTC,2020-07-02,52.711036682128906,59.130001068115234,59.810001373291016,58.970001220703125,59.189998626708984,15578600
INTC,2020-07-06,53.07651901245117,59.540000915527344,59.619998931884766,58.599998474121094,58.720001220703125,20536700
INTC,2020-07-07,51.98004150390625,58.310001373291016,59.56999969482422,58.13999938964844,59.06999969482422,15996500
INTC,2020-07-08,52.247474670410156,58.61000061035156,58.70000076293945,57.93000030517578,58.45000076293945,13277900
INTC,2020-07-09,52.07810974121094,58.41999816894531,58.75,57.70000076293945,58.20000076293945,20683700
INTC,2020-07-10,53.0676155090332,59.529998779296875,59.689998626708984,57.83000183105469,57.95000076293945,17742300
INTC,2020-07-13,52.220741271972656,58.58000183105469,60.619998931884766,58.38999938964844,59.84000015258789,19082900
INTC,2020-07-14,52.57731628417969,58.97999954223633,59.25,57.349998474121094,57.869998931884766,24190900
INTC,2020-07-15,52.621883392333984,59.029998779296875,59.34000015258789,58.41999816894531,59.029998779296875,19986300
INTC,2020-07-16,52.71993637084961,59.13999938964844,59.36000061035156,58.400001525878906,58.540000915527344,12425900
INTC,2020-07-17,53.48658752441406,60.0,60.459999084472656,59.279998779296875,59.41999816894531,16322800
INTC,2020-07-20,54.511741638183594,61.150001525878906,61.380001068115234,59.34000015258789,60.08000183105469,16868700
INTC,2020-07-21,54.110599517822266,60.70000076293945,61.93000030517578,60.439998626708984,61.52000045776367,19803700
INTC,2020-07-22,54.422603607177734,61.04999923706055,61.77000045776367,60.619998931884766,61.310001373291016,18959900
INTC,2020-07-23,53.84317398071289,60.400001525878906,61.7400016784668,59.97999954223633,61.2599983215332,43518600
INTC,2020-07-24,45.09809875488281,50.59000015258789,52.18000030517578,49.5,52.150001525878906,182269900
INTC,2020-07-27,44.18883514404297,49.56999969482422,51.13999938964844,49.470001220703125,51.029998779296875,107526500
INTC,2020-07-28,43.8946533203125,49.2400016784668,50.22999954223633,49.13999938964844,49.47999954223633,62362600
INTC,2020-07-29,42.85167694091797,48.06999969482422,49.5,47.900001525878906,49.4900016784668,60500800
INTC,2020-07-30,42.78035354614258,47.9900016784668,48.5,47.59000015258789,47.83000183105469,39735200
INTC,2020-07-31,42.54857635498047,47.72999954223633,48.31999969482422,46.970001220703125,48.130001068115234,46536000
INTC,2020-08-03,43.05669403076172,48.29999923706055,48.630001068115234,47.7400016784668,48.27000045776367,31767100
INTC,2020-08-04,43.796607971191406,49.130001068115234,49.13999938964844,48.5,48.599998474121094,29045800
INTC,2020-08-05,43.60939025878906,48.91999816894531,49.720001220703125,48.65999984741211,49.720001220703125,29438600
INTC,2020-08-06,43.591453552246094,48.56999969482422,48.81999969482422,48.099998474121094,48.790000915527344,23795500
INTC,2020-08-07,43.10679244995117,48.029998779296875,48.650001525878906,47.70000076293945,48.529998779296875,36765200
INTC,2020-08-10,44.17481994628906,49.220001220703125,49.38999938964844,48.060001373291016,48.20000076293945,37442600
INTC,2020-08-11,43.250396728515625,48.189998626708984,49.72999954223633,48.060001373291016,49.630001068115234,35348100
INTC,2020-08-12,44.14789962768555,49.189998626708984,49.2599983215332,48.2400016784668,48.66999816894531,30659800
INTC,2020-08-13,43.58247375488281,48.560001373291016,49.33000183105469,48.38999938964844,49.2599983215332,24774500
INTC,2020-08-14,43.8786506652832,48.88999938964844,49.209999084472656,48.650001525878906,48.72999954223633,22321200
INTC,2020-08-17,43.91454315185547,48.93000030517578,49.310001373291016,48.72999954223633,49.11000061035156,20018300
INTC,2020-08-18,43.66324234008789,48.650001525878906,49.56999969482422,48.619998931884766,49.2599983215332,19251400
INTC,2020-08-19,43.37604904174805,48.33000183105469,48.97999954223633,48.25,48.790000915527344,27775000
INTC,2020-08-20,44.129940032958984,49.16999816894531,50.20000076293945,49.0,49.810001373291016,55081300
INTC,2020-08-21,44.228668212890625,49.279998779296875,49.310001373291016,48.650001525878906,49.02000045776367,34621500
INTC,2020-08-24,44.103023529052734,49.13999938964844,49.400001525878906,48.81999969482422,49.2599983215332,36295300
INTC,2020-08-25,44.3632926940918,49.43000030517578,49.880001068115234,49.209999084472656,49.349998474121094,38384300
INTC,2020-08-26,44.47098922729492,49.54999923706055,49.66999816894531,49.22999954223633,49.38999938964844,28616600
INTC,2020-08-27,44.336368560791016,49.400001525878906,49.93000030517578,49.16999816894531,49.790000915527344,24420600
INTC,2020-08-28,45.26079559326172,50.43000030517578,50.79999923706055,49.459999084472656,49.56999969482422,35384700
INTC,2020-08-31,45.727481842041016,50.95000076293945,51.5,50.31999969482422,51.0,46114100
INTC,2020-09-01,45.583892822265625,50.790000915527344,51.0,50.220001220703125,50.90999984741211,30472800
INTC,2020-09-02,46.89423751831055,52.25,52.68000030517578,51.09000015258789,51.209999084472656,53000700
INTC,2020-09-03,45.224891662597656,50.38999938964844,52.619998931884766,50.13999938964844,52.5,47394300
INTC,2020-09-04,44.946678161621094,50.08000183105469,51.22999954223633,49.4900016784668,50.529998779296875,43318400
INTC,2020-09-08,43.8965950012207,48.90999984741211,49.900001525878906,48.849998474121094,49.2599983215332,39752700
INTC,2020-09-09,44.533817291259766,49.619998931884766,49.970001220703125,49.040000915527344,49.529998779296875,33437300
INTC,2020-09-10,43.94147491455078,48.959999084472656,50.09000015258789,48.709999084472656,50.0,32649100
INTC,2020-09-11,44.228668212890625,49.279998779296875,50.04999923706055,48.95000076293945,49.2599983215332,29333600
INTC,2020-09-14,44.345340728759766,49.40999984741211,49.720001220703125,48.849998474121094,48.849998474121094,27212500
INTC,2020-09-15,44.8748664855957,50.0,50.599998474121094,49.72999954223633,49.790000915527344,27598300
INTC,2020-09-16,45.20694351196289,50.369998931884766,51.029998779296875,50.16999816894531,50.5099983215332,26531400
INTC,2020-09-17,45.16206741333008,50.31999969482422,50.4900016784668,49.29999923706055,49.369998931884766,26959900
INTC,2020-09-18,44.77613830566406,49.88999938964844,50.5,49.040000915527344,50.33000183105469,50123500
INTC,2020-09-21,44.623565673828125,49.720001220703125,49.75,48.83000183105469,49.38999938964844,27377100
INTC,2020-09-22,44.829994201660156,49.95000076293945,50.209999084472656,49.470001220703125,49.88999938964844,22290900
INTC,2020-09-23,43.815818786621094,48.81999969482422,50.150001525878906,48.65999984741211,49.83000183105469,30078800
INTC,2020-09-24,44.120967864990234,49.15999984741211,49.63999938964844,48.41999816894531,48.529998779296875,29343400
INTC,2020-09-25,44.821014404296875,49.939998626708984,50.279998779296875,48.75,48.959999084472656,26633400
INTC,2020-09-28,46.15829086303711,51.43000030517578,51.459999084472656,50.15999984741211,50.5099983215332,29652200
INTC,2020-09-29,45.94288635253906,51.189998626708984,51.7400016784668,50.95000076293945,51.310001373291016,19558200
INTC,2020-09-30,46.47240447998047,51.779998779296875,52.380001068115234,51.150001525878906,51.2400016784668,27711300
INTC,2020-10-01,46.885257720947266,52.2400016784668,52.720001220703125,51.9900016784668,52.400001525878906,22127600
INTC,2020-10-02,45.781333923339844,51.0099983215332,51.97999954223633,50.9900016784668,51.5,25811800
INTC,2020-10-05,46.39163589477539,51.689998626708984,51.810001373291016,51.27000045776367,51.29999923706055,20883200
INTC,2020-10-06,46.104434967041016,51.369998931884766,52.70000076293945,51.22999954223633,51.709999084472656,25642800
INTC,2020-10-07,47.27117919921875,52.66999816894531,52.900001525878906,51.790000915527344,51.849998474121094,21978700
INTC,2020-10-08,47.89943313598633,53.369998931884766,53.58000183105469,52.66999816894531,52.90999984741211,22369500
INTC,2020-10-09,47.40580749511719,52.81999969482422,53.849998474121094,52.66999816894531,53.54999923706055,24343900
INTC,2020-10-12,48.35715866088867,53.880001068115234,54.20000076293945,53.209999084472656,53.54999923706055,27303500
INTC,2020-10-13,48.312294006347656,53.83000183105469,54.290000915527344,53.619998931884766,54.27000045776367,20005800
INTC,2020-10-14,48.060977935791016,53.54999923706055,54.400001525878906,53.5099983215332,54.0099983215332,21874200
INTC,2020-10-15,48.33021926879883,53.849998474121094,53.97999954223633,52.619998931884766,52.75,18272900
INTC,2020-10-16,48.60845947265625,54.15999984741211,54.70000076293945,53.900001525878906,53.900001525878906,23414400
INTC,2020-10-19,48.985416412353516,54.58000183105469,56.22999954223633,53.84000015258789,54.470001220703125,43537200
INTC,2020-10-20,47.95328140258789,53.43000030517578,54.70000076293945,53.27000045776367,54.599998474121094,27224900
INTC,2020-10-21,48.01610565185547,53.5,54.06999969482422,52.81999969482422,53.13999938964844,21866000
INTC,2020-10-22,48.37510299682617,53.900001525878906,54.220001220703125,53.06999969482422,53.119998931884766,41522700
INTC,2020-10-23,43.259376525878906,48.20000076293945,48.66999816894531,47.65999984741211,48.349998474121094,97322500
INTC,2020-10-26,41.931087493896484,46.720001220703125,47.86000061035156,46.25,47.849998474121094,54161300
INTC,2020-10-27,40.9617805480957,45.63999938964844,46.40999984741211,45.36000061035156,45.97999954223633,50130500
INTC,2020-10-28,39.71425247192383,44.25,45.290000915527344,44.20000076293945,44.88999938964844,45066000
INTC,2020-10-29,39.5886116027832,44.11000061035156,44.470001220703125,43.91999816894531,44.2400016784668,36796800
INTC,2020-10-30,39.74117660522461,44.279998779296875,44.79999923706055,43.61000061035156,44.099998474121094,46781300
INTC,2020-11-02,39.902732849121094,44.459999084472656,45.060001373291016,44.2400016784668,44.959999084472656,33856700
INTC,2020-11-03,40.25275421142578,44.849998474121094,45.459999084472656,44.70000076293945,44.72999954223633,34349500
INTC,2020-11-04,41.015625,45.70000076293945,46.150001525878906,44.779998779296875,45.11000061035156,34748200
INTC,2020-11-05,41.29588317871094,45.68000030517578,46.380001068115234,45.529998779296875,46.150001525878906,31103200
INTC,2020-11-06,41.03371047973633,45.38999938964844,45.79999923706055,44.900001525878906,45.540000915527344,36233700
INTC,2020-11-09,41.22355651855469,45.599998474121094,47.349998474121094,45.540000915527344,46.63999938964844,48481700
INTC,2020-11-10,41.07890701293945,45.439998626708984,46.47999954223633,45.25,45.400001525878906,39224500
INTC,2020-11-11,41.90156555175781,46.349998474121094,46.459999084472656,45.86000061035156,45.900001525878906,31496900
INTC,2020-11-12,40.63593292236328,44.95000076293945,46.189998626708984,44.54999923706055,46.130001068115234,42881300
INTC,2020-11-13,41.09699630737305,45.459999084472656,45.58000183105469,44.970001220703125,44.9900016784668,30884700
INTC,2020-11-16,41.756927490234375,46.189998626708984,46.75,45.790000915527344,46.040000915527344,36306300
INTC,2020-11-17,41.1602668762207,45.529998779296875,46.119998931884766,45.40999984741211,45.75,31118000
INTC,2020-11-18,40.735382080078125,45.060001373291016,45.689998626708984,45.040000915527344,45.54999923706055,32817900
INTC,2020-11-19,41.241634368896484,45.619998931884766,45.66999816894531,44.70000076293945,44.91999816894531,29469100
INTC,2020-11-20,41.03371047973633,45.38999938964844,45.880001068115234,45.33000183105469,45.65999984741211,24199300
INTC,2020-11-23,41.63941192626953,46.060001373291016,46.209999084472656,45.45000076293945,45.47999954223633,35489600
INTC,2020-11-24,42.498226165771484,47.0099983215332,47.29999923706055,46.0099983215332,46.290000915527344,33901200
INTC,2020-11-25,42.53438949584961,47.04999923706055,47.18000030517578,46.56999969482422,47.029998779296875,28126900
INTC,2020-11-27,42.89600372314453,47.45000076293945,48.099998474121094,47.36000061035156,47.36000061035156,15921400
INTC,2020-11-30,43.709617614746094,48.349998474121094,48.5,47.27000045776367,47.41999816894531,46332700
INTC,2020-12-01,44.80349349975586,49.560001373291016,50.22999954223633,48.709999084472656,48.75,57768000
INTC,2020-12-02,45.110862731933594,49.900001525878906,50.060001373291016,49.18000030517578,49.220001220703125,33753500
INTC,2020-12-03,46.09624481201172,50.9900016784668,51.11000061035156,49.779998779296875,49.91999816894531,50261200
INTC,2020-12-04,47.000274658203125,51.9900016784668,52.650001525878906,51.0,51.060001373291016,39767700
INTC,2020-12-07,45.38207244873047,50.20000076293945,51.290000915527344,49.560001373291016,51.0,51040300
INTC,2020-12-08,45.825035095214844,50.689998626708984,50.720001220703125,49.810001373291016,49.83000183105469,28956500
INTC,2020-12-09,45.264549255371094,50.06999969482422,50.84000015258789,49.72999954223633,50.279998779296875,34068400
INTC,2020-12-10,45.436317443847656,50.2599983215332,50.720001220703125,49.59000015258789,49.65999984741211,33706000
INTC,2020-12-11,44.95718002319336,49.72999954223633,50.13999938964844,49.119998931884766,50.13999938964844,29398800
INTC,2020-12-14,45.62615966796875,50.470001220703125,51.34000015258789,49.7400016784668,49.81999969482422,33436400
INTC,2020-12-15,45.80696105957031,50.66999816894531,51.0099983215332,50.209999084472656,50.97999954223633,25465600
INTC,2020-12-16,46.21377944946289,51.119998931884766,51.459999084472656,50.68000030517578,50.709999084472656,28351000
INTC,2020-12-17,45.788883209228516,50.650001525878906,51.31999969482422,50.220001220703125,51.150001525878906,26399000
INTC,2020-12-18,42.905033111572266,47.459999084472656,50.68000030517578,47.11000061035156,50.56999969482422,119298400
INTC,2020-12-21,41.91061782836914,46.36000061035156,46.45000076293945,45.2400016784668,46.31999969482422,53775700
INTC,2020-12-22,41.73884582519531,46.16999816894531,46.34000015258789,45.77000045776367,46.25,32171200
INTC,2020-12-23,42.1004524230957,46.56999969482422,47.029998779296875,46.06999969482422,46.16999816894531,22564200
INTC,2020-12-24,42.55247116088867,47.06999969482422,47.09000015258789,46.34000015258789,46.599998474121094,11865600
INTC,2020-12-28,42.55247116088867,47.06999969482422,47.63999938964844,46.86000061035156,47.189998626708984,21269200
INTC,2020-12-29,44.64980697631836,49.38999938964844,50.66999816894531,46.4900016784668,47.220001220703125,84531400
INTC,2020-12-30,44.07123565673828,48.75,49.189998626708984,48.560001373291016,49.11000061035156,37385400
INTC,2020-12-31,45.038536071777344,49.81999969482422,50.189998626708984,48.720001220703125,48.75,28576800
INTC,2021-01-04,44.902931213378906,49.66999816894531,51.38999938964844,49.400001525878906,49.88999938964844,46102500
INTC,2021-01-05,45.752716064453125,50.61000061035156,50.83000183105469,49.33000183105469,49.45000076293945,24866600
INTC,2021-01-06,46.1956901550293,51.099998474121094,52.150001525878906,50.20000076293945,50.439998626708984,36809600
INTC,2021-01-07,47.18108367919922,52.189998626708984,52.689998626708984,51.29999923706055,51.4900016784668,32092300
INTC,2021-01-08,46.692901611328125,51.650001525878906,52.529998779296875,51.27000045776367,52.45000076293945,34625400
INTC,2021-01-11,46.59346008300781,51.540000915527344,52.2400016784668,51.25,51.290000915527344,32925000
INTC,2021-01-12,48.130306243896484,53.2400016784668,53.849998474121094,51.560001373291016,51.900001525878906,39883900
INTC,2021-01-13,51.4842414855957,56.95000076293945,60.25,56.900001525878906,59.5,124070700
INTC,2021-01-14,53.5634880065918,59.25,60.13999938964844,57.84000015258789,58.45000076293945,74680900
INTC,2021-01-15,52.05378341674805,57.58000183105469,59.650001525878906,57.5,58.849998474121094,50265400
INTC,2021-01-19,52.42443084716797,57.9900016784668,58.34000015258789,57.099998474121094,57.939998626708984,35647100
INTC,2021-01-20,53.039161682128906,58.66999816894531,59.220001220703125,58.09000015258789,58.2400016784668,28701300
INTC,2021-01-21,56.465415954589844,62.459999084472656,63.95000076293945,58.220001220703125,59.040000915527344,86519500
INTC,2021-01-22,51.222076416015625,56.65999984741211,59.619998931884766,56.650001525878906,58.849998474121094,85729300
INTC,2021-01-25,50.11915969848633,55.439998626708984,56.5,54.060001373291016,56.380001068115234,61968500
INTC,2021-01-26,49.911231994628906,55.209999084472656,56.20000076293945,54.849998474121094,55.279998779296875,31485900
INTC,2021-01-27,48.44671630859375,53.59000015258789,54.849998474121094,53.29999923706055,54.61000061035156,49722900
INTC,2021-01-28,50.68870162963867,56.06999969482422,57.400001525878906,54.70000076293945,54.790000915527344,49202600
INTC,2021-01-29,50.18244552612305,55.5099983215332,57.15999984741211,55.36000061035156,55.97999954223633,37256200
INTC,2021-02-01,51.24919128417969,56.689998626708984,57.38999938964844,55.709999084472656,55.95000076293945,26926600
INTC,2021-02-02,52.43346405029297,58.0,58.279998779296875,56.880001068115234,57.189998626708984,23580900
INTC,2021-02-03,52.14418029785156,57.68000030517578,58.33000183105469,57.380001068115234,57.88999938964844,21893200
INTC,2021-02-04,53.470252990722656,58.790000915527344,58.880001068115234,57.189998626708984,57.61000061035156,29853800
INTC,2021-02-05,52.915443420410156,58.18000030517578,59.08000183105469,58.119998931884766,59.0,23432600
INTC,2021-02-08,53.80677032470703,59.15999984741211,59.220001220703125,57.95000076293945,58.380001068115234,34358300
INTC,2021-02-09,53.461151123046875,58.779998779296875,59.310001373291016,57.939998626708984,58.77000045776367,28754100
INTC,2021-02-10,53.53391647338867,58.86000061035156,59.41999816894531,58.119998931884766,59.29999923706055,16325100
INTC,2021-02-11,55.1710319519043,60.65999984741211,60.9900016784668,58.86000061035156,59.099998474121094,27539100
INTC,2021-02-12,56.216976165771484,61.810001373291016,62.5099983215332,60.43000030517578,60.599998474121094,26214200
INTC,2021-02-16,56.817264556884766,62.470001220703125,62.869998931884766,61.70000076293945,62.0,26326300
INTC,2021-02-17,56.25335693359375,61.849998474121094,62.189998626708984,61.209999084472656,61.4900016784668,21055400
INTC,2021-02-18,56.03507995605469,61.61000061035156,61.97999954223633,60.63999938964844,60.650001525878906,17846100
INTC,2021-02-19,57.30839157104492,63.0099983215332,63.2599983215332,61.849998474121094,61.90999984741211,28290100
INTC,2021-02-22,55.216514587402344,60.709999084472656,62.70000076293945,60.65999984741211,61.880001068115234,32288200
INTC,2021-02-23,55.58941650390625,61.119998931884766,61.5,59.16999816894531,60.47999954223633,27374600
INTC,2021-02-24,57.47210693359375,63.189998626708984,63.279998779296875,60.380001068115234,60.529998779296875,24669900
INTC,2021-02-25,54.934566497802734,60.400001525878906,63.540000915527344,60.130001068115234,62.40999984741211,36394000
INTC,2021-02-26,55.280181884765625,60.779998779296875,61.689998626708984,59.68000030517578,60.88999938964844,38216800
INTC,2021-03-01,57.19015884399414,62.880001068115234,63.08000183105469,61.650001525878906,61.720001220703125,28495400
INTC,2021-03-02,55.69855880737305,61.2400016784668,63.13999938964844,61.11000061035156,62.79999923706055,23320000
INTC,2021-03-03,54.47981262207031,59.900001525878906,61.52000045776367,59.70000076293945,60.63999938964844,28740400
INTC,2021-03-04,53.05187225341797,58.33000183105469,60.2400016784668,57.90999984741211,59.83000183105469,40210400
INTC,2021-03-05,55.24380111694336,60.7400016784668,61.18000030517578,58.5099983215332,59.2599983215332,39511700
INTC,2021-03-08,54.434329986572266,59.849998474121094,61.70000076293945,59.720001220703125,60.470001220703125,33112400
INTC,2021-03-09,56.99915313720703,62.66999816894531,63.16999816894531,60.84000015258789,61.18000030517578,36387500
INTC,2021-03-10,56.61715316772461,62.25,64.12000274658203,62.130001068115234,63.220001220703125,27160300
INTC,2021-03-11,57.58125305175781,63.310001373291016,64.08999633789062,62.38999938964844,62.939998626708984,30701800
INTC,2021-03-12,57.20834732055664,62.900001525878906,63.29999923706055,62.2400016784668,62.650001525878906,20173000
INTC,2021-03-15,58.0178108215332,63.790000915527344,63.880001068115234,62.47999954223633,63.61000061035156,21247400
INTC,2021-03-16,58.91823196411133,64.77999877929688,65.7300033569336,64.08000183105469,64.1500015258789,30186600
INTC,2021-03-17,59.82775115966797,65.77999877929688,66.29000091552734,63.709999084472656,64.22000122070312,32394700
INTC,2021-03-18,57.96323776245117,63.72999954223633,65.69999694824219,63.650001525878906,65.62999725341797,30094200
INTC,2021-03-19,57.99052429199219,63.7599983215332,64.98999786376953,62.91999816894531,63.18000030517578,54951700
INTC,2021-03-22,59.691314697265625,65.62999725341797,66.37999725341797,64.55999755859375,64.81999969482422,34380100
INTC,2021-03-23,57.735862731933594,63.47999954223633,66.05000305175781,63.16999816894531,66.0,35160000
INTC,2021-03-24,56.42616271972656,62.040000915527344,67.44000244140625,61.9900016784668,66.58000183105469,74584700
INTC,2021-03-25,56.40798568725586,62.02000045776367,62.439998626708984,60.97999954223633,61.65999984741211,35401400
INTC,2021-03-26,59.000083923339844,64.87000274658203,64.97000122070312,61.77000045776367,61.79999923706055,34705800
INTC,2021-03-29,58.66356658935547,64.5,65.12999725341797,63.61000061035156,64.01000213623047,26161600
INTC,2021-03-30,57.99962615966797,63.77000045776367,64.0,63.150001525878906,63.77000045776367,20709500
INTC,2021-03-31,58.208805084228516,64.0,64.48999786376953,63.58000183105469,64.01000213623047,33013200
INTC,2021-04-01,58.709049224853516,64.55000305175781,64.88999938964844,63.58000183105469,64.72000122070312,31416300
INTC,2021-04-05,60.51897048950195,66.54000091552734,66.73999786376953,64.69999694824219,64.94999694824219,27947500
INTC,2021-04-06,59.627655029296875,65.55999755859375,66.58000183105469,65.29000091552734,66.05999755859375,28771400
INTC,2021-04-07,60.25521469116211,66.25,66.56999969482422,65.36000061035156,65.66999816894531,17793300
INTC,2021-04-08,60.982818603515625,67.05000305175781,67.29000091552734,66.36000061035156,66.97000122070312,22224200
INTC,2021-04-09,62.08334732055664,68.26000213623047,68.4000015258789,66.62999725341797,66.80000305175781,27177100
INTC,2021-04-12,59.4912223815918,65.41000366210938,68.48999786376953,64.70999908447266,68.19999694824219,51266900
INTC,2021-04-13,59.31841278076172,65.22000122070312,65.62999725341797,64.20999908447266,65.61000061035156,26822000
INTC,2021-04-14,58.381622314453125,64.19000244140625,65.37999725341797,63.84000015258789,65.30999755859375,25768400
INTC,2021-04-15,59.136512756347656,65.0199966430664,65.22000122070312,63.68000030517578,63.970001220703125,24927700
INTC,2021-04-16,58.89094161987305,64.75,65.5199966430664,64.56999969482422,65.33000183105469,24625500
INTC,2021-04-19,57.87228775024414,63.630001068115234,64.73999786376953,63.06999969482422,64.69999694824219,23997700
INTC,2021-04-20,57.02644729614258,62.70000076293945,63.7599983215332,62.40999984741211,63.63999938964844,19872100
INTC,2021-04-21,57.93595886230469,63.70000076293945,63.779998779296875,62.29999923706055,62.790000915527344,24364200
INTC,2021-04-22,56.908206939697266,62.56999969482422,63.90999984741211,62.279998779296875,63.349998474121094,38257600
INTC,2021-04-23,53.8795280456543,59.2400016784668,60.0,57.900001525878906,59.15999984741211,77479500
INTC,2021-04-26,53.44296646118164,58.7599983215332,59.52000045776367,58.459999084472656,59.099998474121094,39645900
INTC,2021-04-27,52.72445297241211,57.970001220703125,58.630001068115234,57.77000045776367,58.560001373291016,38167700
INTC,2021-04-28,52.4061164855957,57.619998931884766,58.15999984741211,57.150001525878906,57.52000045776367,30387400
INTC,2021-04-29,53.00639343261719,58.279998779296875,58.29999923706055,57.470001220703125,57.880001068115234,23290600
INTC,2021-04-30,52.32426452636719,57.529998779296875,58.43000030517578,57.06999969482422,57.61000061035156,30731800
INTC,2021-05-03,52.07869338989258,57.2599983215332,57.880001068115234,56.84000015258789,57.86000061035156,22281700
INTC,2021-05-04,51.75127410888672,56.900001525878906,56.97999954223633,55.810001373291016,56.880001068115234,35323600
INTC,2021-05-05,51.70579528808594,56.849998474121094,57.29999923706055,56.459999084472656,56.959999084472656,21001900
INTC,2021-05-06,52.33539581298828,57.189998626708984,57.25,56.25,56.619998931884766,25529300
INTC,2021-05-07,52.77465057373047,57.66999816894531,58.0099983215332,57.2400016784668,57.70000076293945,19959000
INTC,2021-05-10,51.21894836425781,55.970001220703125,57.22999954223633,55.880001068115234,57.150001525878906,35046500
INTC,2021-05-11,50.367897033691406,55.040000915527344,55.630001068115234,54.29999923706055,55.04999923706055,35968100
INTC,2021-05-12,49.06843948364258,53.619998931884766,54.650001525878906,53.41999816894531,54.38999938964844,30232300
INTC,2021-05-13,49.425331115722656,54.0099983215332,54.38999938964844,53.459999084472656,54.040000915527344,29192500
INTC,2021-05-14,50.65158462524414,55.349998474121094,55.849998474121094,54.2599983215332,54.599998474121094,28158300
INTC,2021-05-17,50.63328170776367,55.33000183105469,55.88999938964844,54.7599983215332,55.290000915527344,20010200
INTC,2021-05-18,50.184879302978516,54.84000015258789,56.13999938964844,54.79999923706055,55.95000076293945,18703400
INTC,2021-05-19,50.660736083984375,55.36000061035156,55.43000030517578,53.84000015258789,54.06999969482422,23769700
INTC,2021-05-20,51.20064926147461,55.95000076293945,56.2400016784668,55.36000061035156,55.56999969482422,23145200
INTC,2021-05-21,51.319618225097656,56.08000183105469,56.709999084472656,55.97999954223633,56.41999816894531,17723100
INTC,2021-05-24,52.12491989135742,56.959999084472656,57.38999938964844,56.400001525878906,56.650001525878906,19164400
INTC,2021-05-25,52.04255676269531,56.869998931884766,57.560001373291016,56.41999816894531,57.560001373291016,22309900
INTC,2021-05-26,52.08831024169922,56.91999816894531,57.22999954223633,56.59000015258789,57.04999923706055,15173600
INTC,2021-05-27,52.82955551147461,57.72999954223633,57.880001068115234,57.0,57.11000061035156,32387600
INTC,2021-05-28,52.271331787109375,57.119998931884766,57.650001525878906,56.939998626708984,57.54999923706055,20303900
INTC,2021-06-01,52.06085968017578,56.88999938964844,57.81999969482422,56.59000015258789,57.61000061035156,20326400
INTC,2021-06-02,52.60077667236328,57.47999954223633,57.689998626708984,56.7599983215332,56.90999984741211,18483600
INTC,2021-06-03,51.46604537963867,56.2400016784668,57.099998474121094,56.09000015258789,56.97999954223633,21831300
INTC,2021-06-04,52.50011444091797,57.369998931884766,57.75,56.540000915527344,56.54999923706055,21493800
INTC,2021-06-07,52.2438850402832,57.09000015258789,57.439998626708984,56.779998779296875,57.40999984741211,17364400
INTC,2021-06-08,52.161521911621094,57.0,57.63999938964844,56.599998474121094,57.45000076293945,33254500
INTC,2021-06-09,52.161521911621094,57.0,57.47999954223633,56.970001220703125,57.36000061035156,13904800
INTC,2021-06-10,52.5092658996582,57.380001068115234,58.029998779296875,56.93000030517578,57.150001525878906,26738100
INTC,2021-06-11,52.939369201660156,57.849998474121094,57.939998626708984,56.95000076293945,57.470001220703125,18119700
INTC,2021-06-14,53.25050354003906,58.189998626708984,58.20000076293945,57.22999954223633,58.02000045776367,21784500
INTC,2021-06-15,53.0674934387207,57.9900016784668,58.41999816894531,57.79999923706055,58.209999084472656,20806500
INTC,2021-06-16,52.362850189208984,57.220001220703125,58.369998931884766,56.77000045776367,58.150001525878906,21879700
INTC,2021-06-17,52.326236724853516,57.18000030517578,57.900001525878906,56.70000076293945,57.04999923706055,21498800
INTC,2021-06-18,50.94441604614258,55.66999816894531,56.75,55.099998474121094,56.68000030517578,55118300
INTC,2021-06-21,51.127445220947266,55.869998931884766,56.040000915527344,55.369998931884766,55.75,19254600
INTC,2021-06-22,51.127445220947266,55.869998931884766,56.279998779296875,55.5,55.939998626708984,18682800
INTC,2021-06-23,50.569217681884766,55.2599983215332,55.970001220703125,55.22999954223633,55.869998931884766,20287900
INTC,2021-06-24,51.31047058105469,56.06999969482422,56.099998474121094,55.34000015258789,55.4900016784668,21209700
INTC,2021-06-25,51.16404342651367,55.90999984741211,56.40999984741211,55.75,56.02000045776367,21101200
INTC,2021-06-28,52.60077667236328,57.47999954223633,57.72999954223633,56.34000015258789,56.36000061035156,22480900
INTC,2021-06-29,51.932743072509766,56.75,57.83000183105469,55.880001068115234,57.54999923706055,26360000
INTC,2021-06-30,51.37452697753906,56.13999938964844,56.380001068115234,55.38999938964844,56.34000015258789,29891600
INTC,2021-07-01,51.25555419921875,56.0099983215332,56.63999938964844,55.869998931884766,56.130001068115234,24871600
INTC,2021-07-02,51.941898345947266,56.7599983215332,56.9900016784668,56.31999969482422,56.54999923706055,17219400
INTC,2021-07-06,51.328765869140625,56.09000015258789,57.0099983215332,55.70000076293945,56.91999816894531,26186600
INTC,2021-07-07,51.209808349609375,55.959999084472656,56.45000076293945,55.709999084472656,56.369998931884766,14857400
INTC,2021-07-08,50.68818283081055,55.38999938964844,55.720001220703125,54.790000915527344,55.310001373291016,19162000
INTC,2021-07-09,51.23725891113281,55.9900016784668,56.11000061035156,55.310001373291016,55.5099983215332,18708000
INTC,2021-07-12,51.91444396972656,56.72999954223633,56.7599983215332,56.11000061035156,56.2599983215332,15392800
INTC,2021-07-13,52.04255676269531,56.869998931884766,57.29999923706055,56.34000015258789,56.619998931884766,15716000
INTC,2021-07-14,51.72227096557617,56.52000045776367,57.459999084472656,56.33000183105469,57.16999816894531,16263600
INTC,2021-07-15,51.07253646850586,55.810001373291016,56.400001525878906,55.56999969482422,56.400001525878906,18917000
INTC,2021-07-16,50.30384063720703,54.970001220703125,56.93000030517578,54.900001525878906,56.04999923706055,25263800
INTC,2021-07-19,50.00185775756836,54.63999938964844,54.810001373291016,53.970001220703125,54.40999984741211,27007700
INTC,2021-07-20,50.55092239379883,55.2400016784668,55.560001373291016,54.27000045776367,54.91999816894531,19867000
INTC,2021-07-21,51.456878662109375,56.22999954223633,56.279998779296875,55.0099983215332,55.18000030517578,18497200
INTC,2021-07-22,51.209808349609375,55.959999084472656,56.540000915527344,55.68000030517578,56.060001373291016,36691000
INTC,2021-07-23,48.501068115234375,53.0,54.709999084472656,52.31999969482422,54.58000183105469,67742300
INTC,2021-07-26,49.699867248535156,54.310001373291016,54.540000915527344,52.7599983215332,52.810001373291016,32881200
INTC,2021-07-27,48.66578674316406,53.18000030517578,53.20000076293945,52.310001373291016,53.119998931884766,39878000
INTC,2021-07-28,48.565120697021484,53.06999969482422,53.91999816894531,52.939998626708984,53.029998779296875,28478800
INTC,2021-07-29,49.14164733886719,53.70000076293945,54.099998474121094,53.31999969482422,53.47999954223633,16886600
INTC,2021-07-30,49.15994644165039,53.720001220703125,53.900001525878906,53.25,53.650001525878906,16465700
INTC,2021-08-02,49.12334060668945,53.68000030517578,54.470001220703125,53.540000915527344,53.9900016784668,18098100
INTC,2021-08-03,49.47108459472656,54.060001373291016,54.15999984741211,53.2599983215332,53.88999938964844,16375900
INTC,2021-08-04,49.32467269897461,53.900001525878906,54.439998626708984,53.70000076293945,54.25,17612700
INTC,2021-08-05,49.635986328125,53.88999938964844,54.02000045776367,53.58000183105469,53.9900016784668,15310000
INTC,2021-08-06,49.663612365722656,53.91999816894531,54.130001068115234,53.72999954223633,53.86000061035156,19256000
INTC,2021-08-09,49.783355712890625,54.04999923706055,54.40999984741211,53.83000183105469,54.08000183105469,14670100
INTC,2021-08-10,49.68204116821289,53.939998626708984,54.38999938964844,53.5099983215332,54.2400016784668,16215700
INTC,2021-08-11,49.866249084472656,54.13999938964844,54.36000061035156,53.84000015258789,54.2599983215332,18590800
INTC,2021-08-12,49.313621520996094,53.540000915527344,54.18000030517578,53.2599983215332,54.16999816894531,15070100
INTC,2021-08-13,49.2675666809082,53.4900016784668,53.560001373291016,53.060001373291016,53.5,15281100
INTC,2021-08-16,49.24913787841797,53.470001220703125,53.4900016784668,53.0,53.22999954223633,17690300
INTC,2021-08-17,48.53071594238281,52.689998626708984,53.18000030517578,52.220001220703125,53.16999816894531,22014900
INTC,2021-08-18,48.07018280029297,52.189998626708984,53.029998779296875,52.11000061035156,52.599998474121094,15061700
INTC,2021-08-19,48.30044174194336,52.439998626708984,52.66999816894531,51.58000183105469,52.04999923706055,22999400
INTC,2021-08-20,47.904388427734375,52.0099983215332,52.380001068115234,51.41999816894531,52.15999984741211,25728300
INTC,2021-08-23,49.02808380126953,53.22999954223633,53.540000915527344,52.47999954223633,52.59000015258789,23976300
INTC,2021-08-24,49.56229782104492,53.810001373291016,53.970001220703125,53.310001373291016,53.560001373291016,20348800
INTC,2021-08-25,49.56229782104492,53.810001373291016,54.22999954223633,53.72999954223633,54.08000183105469,15048400
INTC,2021-08-26,48.93597412109375,53.130001068115234,53.75,52.970001220703125,53.75,19570000
INTC,2021-08-27,49.635986328125,53.88999938964844,53.939998626708984,52.91999816894531,53.36000061035156,16525000
INTC,2021-08-30,49.68204116821289,53.939998626708984,54.869998931884766,53.7599983215332,54.2599983215332,14581300
INTC,2021-08-31,49.792564392089844,54.060001373291016,54.5,53.65999984741211,54.439998626708984,22350100
INTC,2021-09-01,49.433349609375,53.66999816894531,54.15999984741211,53.529998779296875,54.11000061035156,18615000
INTC,2021-09-02,49.48861312866211,53.72999954223633,53.88999938964844,53.349998474121094,53.79999923706055,15869500
INTC,2021-09-03,49.285980224609375,53.5099983215332,54.08000183105469,53.31999969482422,53.439998626708984,13456200
INTC,2021-09-07,49.41493606567383,53.650001525878906,53.95000076293945,53.439998626708984,53.56999969482422,13915000
INTC,2021-09-08,49.34123992919922,53.56999969482422,53.91999816894531,52.9900016784668,53.72999954223633,18235100
INTC,2021-09-09,49.18466567993164,53.400001525878906,53.88999938964844,53.34000015258789,53.65999984741211,13495800
INTC,2021-09-10,49.589935302734375,53.84000015258789,54.97999954223633,53.810001373291016,53.849998474121094,20324700
INTC,2021-09-13,50.64915084838867,54.9900016784668,55.4900016784668,54.40999984741211,54.61000061035156,22639200
INTC,2021-09-14,50.21625518798828,54.52000045776367,55.439998626708984,54.27000045776367,55.369998931884766,22072700
INTC,2021-09-15,50.76888656616211,55.119998931884766,55.150001525878906,54.41999816894531,54.66999816894531,18796200
INTC,2021-09-16,50.501792907714844,54.83000183105469,54.95000076293945,54.2400016784668,54.86000061035156,19863100
INTC,2021-09-17,49.97677230834961,54.2599983215332,54.59000015258789,53.66999816894531,54.59000015258789,35359200
INTC,2021-09-20,48.797821044921875,52.97999954223633,53.5,52.31999969482422,53.209999084472656,35051900
INTC,2021-09-21,48.696502685546875,52.869998931884766,53.45000076293945,52.83000183105469,53.20000076293945,17968900
INTC,2021-09-22,49.276771545410156,53.5,53.869998931884766,53.0,53.400001525878906,18594100
INTC,2021-09-23,49.76492691040039,54.029998779296875,54.29999923706055,53.599998474121094,53.75,16474300
INTC,2021-09-24,49.939937591552734,54.220001220703125,54.41999816894531,53.72999954223633,53.779998779296875,12976200
INTC,2021-09-27,50.34520721435547,54.65999984741211,54.869998931884766,53.81999969482422,53.939998626708984,13899900
INTC,2021-09-28,49.7373046875,54.0,54.59000015258789,53.959999084472656,54.18000030517578,24691300
INTC,2021-09-29,49.2675666809082,53.4900016784668,54.04999923706055,53.18000030517578,54.0,20514300
INTC,2021-09-30,49.07413864135742,53.279998779296875,53.97999954223633,53.2599983215332,53.7599983215332,20534100
INTC,2021-10-01,49.60835647583008,53.86000061035156,54.11000061035156,53.04999923706055,53.650001525878906,19895100
INTC,2021-10-04,49.24913787841797,53.470001220703125,54.33000183105469,53.08000183105469,53.93000030517578,27353300
INTC,2021-10-05,49.691246032714844,53.95000076293945,54.34000015258789,53.47999954223633,53.54999923706055,18129400
INTC,2021-10-06,49.71887969970703,53.97999954223633,54.06999969482422,53.06999969482422,53.47999954223633,20059600
INTC,2021-10-07,49.903099060058594,54.18000030517578,54.9900016784668,54.119998931884766,54.31999969482422,20704400
INTC,2021-10-08,49.56229782104492,53.810001373291016,54.58000183105469,53.70000076293945,54.54999923706055,16068000
INTC,2021-10-11,49.22150421142578,53.439998626708984,54.40999984741211,53.41999816894531,53.810001373291016,14398800
INTC,2021-10-12,48.051753997802734,52.16999816894531,53.720001220703125,52.0099983215332,53.56999969482422,32784300
INTC,2021-10-13,48.13465881347656,52.2599983215332,52.58000183105469,51.869998931884766,52.380001068115234,18534000
INTC,2021-10-14,49.64520263671875,53.900001525878906,54.0,52.72999954223633,52.900001525878906,26586700
INTC,2021-10-15,50.16099548339844,54.459999084472656,54.4900016784668,53.810001373291016,54.20000076293945,25231100
INTC,2021-10-18,50.17020034790039,54.470001220703125,54.560001373291016,53.720001220703125,54.189998626708984,22407600
INTC,2021-10-19,50.85177993774414,55.209999084472656,55.220001220703125,54.369998931884766,54.630001068115234,18392900
INTC,2021-10-20,50.99915313720703,55.369998931884766,55.4900016784668,55.08000183105469,55.25,16850300
INTC,2021-10-21,51.57942581176758,56.0,56.06999969482422,54.83000183105469,54.93000030517578,38390900
INTC,2021-10-22,45.555686950683594,49.459999084472656,50.54999923706055,49.13999938964844,50.38999938964844,109971900
INTC,2021-10-25,45.50962829589844,49.40999984741211,50.06999969482422,49.310001373291016,49.83000183105469,43178800
INTC,2021-10-26,44.468833923339844,48.279998779296875,49.439998626708984,47.93000030517578,49.400001525878906,68405400
INTC,2021-10-27,44.109622955322266,47.88999938964844,48.81999969482422,47.869998931884766,48.52000045776367,41081500
INTC,2021-10-28,44.28462600708008,48.08000183105469,48.36000061035156,47.880001068115234,48.13999938964844,31317200
INTC,2021-10-29,45.131996154785156,49.0,49.279998779296875,47.91999816894531,48.099998474121094,42301000
INTC,2021-11-01,45.63858413696289,49.54999923706055,49.599998474121094,49.0,49.400001525878906,28013700
INTC,2021-11-02,45.92410659790039,49.86000061035156,49.900001525878906,49.22999954223633,49.61000061035156,27193300
INTC,2021-11-03,46.41227340698242,50.38999938964844,50.45000076293945,49.709999084472656,49.93000030517578,23962100
INTC,2021-11-04,46.66083526611328,50.310001373291016,50.349998474121094,49.72999954223633,50.2400016784668,24806000
INTC,2021-11-05,47.22658920288086,50.91999816894531,51.58000183105469,50.540000915527344,50.54999923706055,36816200
INTC,2021-11-08,47.81089401245117,51.54999923706055,51.9900016784668,51.060001373291016,51.459999084472656,31647800
INTC,2021-11-09,47.48628234863281,51.20000076293945,51.77000045776367,50.77000045776367,51.540000915527344,22508400
INTC,2021-11-10,47.078189849853516,50.7599983215332,51.38999938964844,50.709999084472656,50.97999954223633,25040700
INTC,2021-11-11,46.8648796081543,50.529998779296875,51.06999969482422,50.40999984741211,51.0099983215332,25420000
INTC,2021-11-12,46.66083526611328,50.310001373291016,50.900001525878906,50.18000030517578,50.599998474121094,23884800
INTC,2021-11-15,46.67011260986328,50.31999969482422,50.630001068115234,50.119998931884766,50.40999984741211,24695800
INTC,2021-11-16,46.9390754699707,50.61000061035156,51.150001525878906,50.34000015258789,50.369998931884766,30927800
INTC,2021-11-17,46.586639404296875,50.22999954223633,50.939998626708984,49.97999954223633,50.599998474121094,23546900
INTC,2021-11-18,46.07653045654297,49.68000030517578,50.2400016784668,48.970001220703125,50.2400016784668,30658200
INTC,2021-11-19,45.92813491821289,49.52000045776367,49.72999954223633,49.2400016784668,49.599998474121094,27607600
INTC,2021-11-22,46.21564483642578,49.83000183105469,50.849998474121094,49.40999984741211,49.54999923706055,33389600
INTC,2021-11-23,45.53859329223633,49.099998474121094,50.45000076293945,48.63999938964844,50.15999984741211,44713300
INTC,2021-11-24,46.150726318359375,49.7599983215332,49.779998779296875,48.630001068115234,48.86000061035156,26035800
INTC,2021-11-26,45.241817474365234,48.779998779296875,49.18000030517578,48.119998931884766,48.900001525878906,25269000
INTC,2021-11-29,46.373321533203125,50.0,50.130001068115234,48.720001220703125,49.29999923706055,31478900
INTC,2021-11-30,45.63134765625,49.20000076293945,50.400001525878906,48.68000030517578,49.5,49460800
INTC,2021-12-01,45.074867248535156,48.599998474121094,50.310001373291016,48.52000045776367,49.84000015258789,35093500
INTC,2021-12-02,45.90958023071289,49.5,49.790000915527344,48.33000183105469,48.61000061035156,37240800
INTC,2021-12-03,45.6777229309082,49.25,50.060001373291016,48.7599983215332,49.68000030517578,32224900
INTC,2021-12-06,47.291507720947266,50.9900016784668,51.209999084472656,49.18000030517578,49.47999954223633,40336000
INTC,2021-12-07,48.75690460205078,52.56999969482422,55.0,52.209999084472656,54.65999984741211,91731500
INTC,2021-12-08,47.99638366699219,51.75,52.880001068115234,51.380001068115234,52.56999969482422,37143400
INTC,2021-12-09,46.81850051879883,50.47999954223633,51.59000015258789,50.43000030517578,51.29999923706055,31694200
INTC,2021-12-10,46.920528411865234,50.59000015258789,51.06999969482422,50.04999923706055,50.84000015258789,23783600
INTC,2021-12-13,46.373321533203125,50.0,51.02000045776367,49.95000076293945,50.849998474121094,35726900
INTC,2021-12-14,46.09507751464844,49.70000076293945,50.27000045776367,49.31999969482422,49.81999969482422,34120400
INTC,2021-12-15,46.994720458984375,50.66999816894531,50.779998779296875,49.33000183105469,49.869998931884766,32590300
INTC,2021-12-16,47.14311599731445,50.83000183105469,51.400001525878906,50.58000183105469,50.7400016784668,33132300
INTC,2021-12-17,46.9483528137207,50.619998931884766,51.02000045776367,50.0099983215332,50.59000015258789,50102300
INTC,2021-12-20,46.00233459472656,49.599998474121094,50.130001068115234,48.959999084472656,49.90999984741211,30140300
INTC,2021-12-21,47.08747100830078,50.77000045776367,50.84000015258789,49.939998626708984,49.939998626708984,31956300
INTC,2021-12-22,47.27296447753906,50.970001220703125,51.02000045776367,50.209999084472656,50.63999938964844,23307900
INTC,2021-12-23,47.588294982910156,51.310001373291016,51.72999954223633,51.04999923706055,51.08000183105469,25198200
INTC,2021-12-27,48.172603607177734,51.939998626708984,52.060001373291016,51.29999923706055,51.349998474121094,20985400
INTC,2021-12-28,48.00566101074219,51.7599983215332,52.119998931884766,51.630001068115234,51.93000030517578,19290400
INTC,2021-12-29,48.070579528808594,51.83000183105469,52.13999938964844,51.65999984741211,51.810001373291016,14174800
INTC,2021-12-30,47.987117767333984,51.7400016784668,52.13999938964844,51.650001525878906,51.91999816894531,18359400
INTC,2021-12-31,47.764522552490234,51.5,52.15999984741211,51.459999084472656,51.88999938964844,16319000
INTC,2022-01-03,49.35048294067383,53.209999084472656,53.22999954223633,51.599998474121094,51.650001525878906,33857600
INTC,2022-01-04,49.28556442260742,53.13999938964844,53.939998626708984,52.650001525878906,53.56999969482422,45681400
INTC,2022-01-05,49.962615966796875,53.869998931884766,56.16999816894531,53.83000183105469,54.189998626708984,59109300
INTC,2022-01-06,50.09246063232422,54.0099983215332,54.66999816894531,53.41999816894531,54.61000061035156,35757900
INTC,2022-01-07,49.56379699707031,53.439998626708984,54.38999938964844,53.150001525878906,54.189998626708984,30717200
INTC,2022-01-10,51.20541763305664,55.209999084472656,55.310001373291016,53.310001373291016,53.970001220703125,49260800
INTC,2022-01-11,51.854644775390625,55.90999984741211,56.08000183105469,54.72999954223633,55.5,39795200
INTC,2022-01-12,51.69697570800781,55.7400016784668,56.279998779296875,54.810001373291016,56.13999938964844,29136800
INTC,2022-01-13,50.95500183105469,54.939998626708984,56.209999084472656,54.77000045776367,56.0,29605400
INTC,2022-01-14,51.65987777709961,55.70000076293945,55.77000045776367,54.529998779296875,54.849998474121094,30151500
INTC,2022-01-18,50.788055419921875,54.7599983215332,55.650001525878906,54.68000030517578,55.310001373291016,35313800
INTC,2022-01-19,49.730743408203125,53.619998931884766,54.849998474121094,53.560001373291016,54.630001068115234,30595100
INTC,2022-01-20,48.26535415649414,52.040000915527344,54.09000015258789,51.939998626708984,53.86000061035156,28582600
INTC,2022-01-21,48.26535415649414,52.040000915527344,53.130001068115234,51.95000076293945,52.08000183105469,46372400
INTC,2022-01-24,48.172603607177734,51.939998626708984,52.130001068115234,49.880001068115234,51.47999954223633,64198400
INTC,2022-01-25,47.30078887939453,51.0,51.619998931884766,50.25,51.0099983215332,44095400
INTC,2022-01-26,47.94073486328125,51.689998626708984,52.720001220703125,50.75,51.130001068115234,54895400
INTC,2022-01-27,44.56475830078125,48.04999923706055,50.060001373291016,47.779998779296875,49.97999954223633,89642800
INTC,2022-01-28,44.26796340942383,47.72999954223633,48.20000076293945,46.29999923706055,47.709999084472656,61945400
INTC,2022-01-31,45.27891159057617,48.81999969482422,48.869998931884766,47.310001373291016,47.68000030517578,51828400
INTC,2022-02-01,45.399478912353516,48.95000076293945,49.029998779296875,48.36000061035156,48.779998779296875,35386100
INTC,2022-02-02,45.918853759765625,49.5099983215332,49.58000183105469,48.09000015258789,48.25,37962700
INTC,2022-02-03,44.778079986572266,48.279998779296875,49.689998626708984,48.25,49.25,42145800
INTC,2022-02-04,44.866859436035156,48.0099983215332,48.2400016784668,47.130001068115234,47.86000061035156,32431500
INTC,2022-02-07,45.025733947753906,48.18000030517578,48.65999984741211,47.959999084472656,48.130001068115234,27558500
INTC,2022-02-08,45.61448669433594,48.810001373291016,48.939998626708984,47.900001525878906,47.97999954223633,28051200
INTC,2022-02-09,46.64247131347656,49.90999984741211,49.970001220703125,48.83000183105469,49.33000183105469,35217300
INTC,2022-02-10,45.66121292114258,48.86000061035156,49.93000030517578,48.7599983215332,49.18000030517578,32762700
INTC,2022-02-11,44.51173782348633,47.630001068115234,49.11000061035156,47.5,48.95000076293945,37208200
INTC,2022-02-14,44.46501541137695,47.58000183105469,48.18000030517578,47.11000061035156,47.91999816894531,28456900
INTC,2022-02-15,45.268707275390625,48.439998626708984,48.459999084472656,47.189998626708984,47.70000076293945,35837900
INTC,2022-02-16,45.072452545166016,48.22999954223633,48.4900016784668,47.599998474121094,48.060001373291016,26022900
INTC,2022-02-17,44.45566177368164,47.56999969482422,48.2599983215332,47.380001068115234,47.86000061035156,32030600
INTC,2022-02-18,42.09130096435547,45.040000915527344,46.209999084472656,44.5099983215332,46.189998626708984,76520100
INTC,2022-02-22,41.76421356201172,44.689998626708984,45.40999984741211,43.849998474121094,44.689998626708984,57093300
INTC,2022-02-23,41.72683334350586,44.650001525878906,45.709999084472656,44.54999923706055,45.16999816894531,38176700
INTC,2022-02-24,43.661319732666016,46.720001220703125,46.790000915527344,43.630001068115234,43.900001525878906,72740100
INTC,2022-02-25,44.58649444580078,47.709999084472656,47.790000915527344,46.25,46.93000030517578,39266300
INTC,2022-02-28,44.577152252197266,47.70000076293945,47.81999969482422,46.849998474121094,47.0,41946100
INTC,2022-03-01,43.75476837158203,46.81999969482422,47.900001525878906,46.220001220703125,47.540000915527344,53853000
INTC,2022-03-02,45.670555114746094,48.869998931884766,48.9900016784668,47.47999954223633,47.52000045776367,46936500
INTC,2022-03-03,44.79209518432617,47.93000030517578,48.54999923706055,47.619998931884766,48.18000030517578,36389900
INTC,2022-03-04,44.92293167114258,48.06999969482422,48.27000045776367,47.369998931884766,47.369998931884766,38310700
INTC,2022-03-07,44.55846405029297,47.68000030517578,48.540000915527344,47.599998474121094,48.0099983215332,43813700
INTC,2022-03-08,44.3902473449707,47.5,48.720001220703125,46.88999938964844,47.689998626708984,44813900
INTC,2022-03-09,44.51173782348633,47.630001068115234,48.459999084472656,46.88999938964844,48.40999984741211,36076500
INTC,2022-03-10,43.6052360534668,46.65999984741211,47.310001373291016,46.15999984741211,47.290000915527344,36456000
INTC,2022-03-11,42.82958221435547,45.83000183105469,47.279998779296875,45.77000045776367,47.150001525878906,27082100
INTC,2022-03-14,41.493194580078125,44.400001525878906,45.97999954223633,44.29999923706055,45.900001525878906,35993900
INTC,2022-03-15,41.8763542175293,44.810001373291016,44.900001525878906,44.06999969482422,44.5,34448900
INTC,2022-03-16,43.57719802856445,46.630001068115234,46.630001068115234,45.27000045776367,45.29999923706055,38885500
INTC,2022-03-17,44.05381393432617,47.13999938964844,47.290000915527344,45.72999954223633,46.31999969482422,28555000
INTC,2022-03-18,44.34352111816406,47.45000076293945,47.599998474121094,46.349998474121094,46.81999969482422,46237100
INTC,2022-03-21,44.287445068359375,47.38999938964844,47.88999938964844,47.06999969482422,47.459999084472656,32910900
INTC,2022-03-22,45.22197341918945,48.38999938964844,48.470001220703125,47.400001525878906,47.5,27923300
INTC,2022-03-23,45.109840393066406,48.27000045776367,49.58000183105469,48.060001373291016,48.459999084472656,37126400
INTC,2022-03-24,48.240516662597656,51.619998931884766,51.650001525878906,48.59000015258789,48.65999984741211,51677900
INTC,2022-03-25,48.436767578125,51.83000183105469,51.97999954223633,50.45000076293945,50.689998626708984,33239800
INTC,2022-03-28,48.13771057128906,51.5099983215332,51.56999969482422,50.560001373291016,51.36000061035156,22932400
INTC,2022-03-29,48.82926940917969,52.25,52.290000915527344,51.279998779296875,52.0,27303700
INTC,2022-03-30,48.06295394897461,51.43000030517578,52.5099983215332,51.220001220703125,52.25,24623300
INTC,2022-03-31,46.31538009643555,49.560001373291016,51.2599983215332,49.5099983215332,51.20000076293945,43698300
INTC,2022-04-01,44.96030807495117,48.11000061035156,49.900001525878906,47.33000183105469,49.83000183105469,46598600
INTC,2022-04-04,45.97895431518555,49.20000076293945,49.22999954223633,47.91999816894531,48.16999816894531,23784900
INTC,2022-04-05,44.979007720947266,48.130001068115234,48.97999954223633,48.02000045776367,48.83000183105469,25779200
INTC,2022-04-06,44.427635192871094,47.540000915527344,48.16999816894531,47.2400016784668,47.439998626708984,31518700
INTC,2022-04-07,44.446319580078125,47.560001373291016,47.90999984741211,46.77000045776367,47.43000030517578,24117000
INTC,2022-04-08,43.941673278808594,47.02000045776367,47.58000183105469,46.849998474121094,47.279998779296875,22167300
INTC,2022-04-11,43.5211296081543,46.56999969482422,47.29999923706055,46.529998779296875,46.900001525878906,30352500
INTC,2022-04-12,43.45571517944336,46.5,47.90999984741211,46.40999984741211,47.31999969482422,29861400
INTC,2022-04-13,43.93232727050781,47.0099983215332,47.27000045776367,46.54999923706055,46.75,22171300
INTC,2022-04-14,42.680049896240234,45.66999816894531,46.75,45.619998931884766,46.75,36181800
INTC,2022-04-18,43.586551666259766,46.63999938964844,46.88999938964844,45.52000045776367,45.529998779296875,25593100
INTC,2022-04-19,44.79209518432617,47.93000030517578,48.0,46.34000015258789,46.599998474121094,31483100
INTC,2022-04-20,44.96030807495117,48.11000061035156,48.75,47.97999954223633,48.36000061035156,22787100
INTC,2022-04-21,44.3902473449707,47.5,48.900001525878906,47.400001525878906,48.619998931884766,27316900
INTC,2022-04-22,43.49309539794922,46.540000915527344,47.650001525878906,46.5,47.45000076293945,28219900
INTC,2022-04-25,43.97905731201172,47.060001373291016,47.13999938964844,46.18000030517578,46.209999084472656,35999300
INTC,2022-04-26,42.539878845214844,45.52000045776367,46.84000015258789,45.5099983215332,46.689998626708984,35356600
INTC,2022-04-27,42.259517669677734,45.220001220703125,46.060001373291016,45.0099983215332,45.47999954223633,28320900
INTC,2022-04-28,43.77345657348633,46.84000015258789,47.27000045776367,45.540000915527344,45.790000915527344,41097000
INTC,2022-04-29,40.736228942871094,43.59000015258789,45.36000061035156,43.5,44.9900016784668,70765900
INTC,2022-05-02,42.01653289794922,44.959999084472656,44.9900016784668,43.5099983215332,43.720001220703125,45446500
INTC,2022-05-03,42.10999298095703,45.060001373291016,45.4900016784668,44.22999954223633,44.790000915527344,40158400
INTC,2022-05-04,43.49309539794922,46.540000915527344,46.63999938964844,44.40999984741211,45.060001373291016,44625600
INTC,2022-05-05,42.00957107543945,44.599998474121094,45.90999984741211,44.130001068115234,45.599998474121094,52996700
INTC,2022-05-06,41.72699737548828,44.29999923706055,45.150001525878906,43.84000015258789,44.4900016784668,40916600
INTC,2022-05-09,40.56843566894531,43.06999969482422,44.20000076293945,42.869998931884766,43.810001373291016,44925800
INTC,2022-05-10,41.45383834838867,44.0099983215332,44.7400016784668,43.5,44.349998474121094,42770000
INTC,2022-05-11,40.34238052368164,42.83000183105469,44.290000915527344,42.779998779296875,44.02000045776367,40351700
INTC,2022-05-12,40.35179901123047,42.84000015258789,42.90999984741211,42.0099983215332,42.72999954223633,42329600
INTC,2022-05-13,41.06765365600586,43.599998474121094,43.84000015258789,42.970001220703125,43.41999816894531,32034100
INTC,2022-05-16,40.57786178588867,43.08000183105469,43.61000061035156,42.790000915527344,43.41999816894531,25071900
INTC,2022-05-17,41.82118606567383,44.400001525878906,44.41999816894531,43.650001525878906,43.81999969482422,28596600
INTC,2022-05-18,39.8902587890625,42.349998474121094,43.97999954223633,42.220001220703125,43.97999954223633,35218400
INTC,2022-05-19,39.57000732421875,42.0099983215332,42.70000076293945,41.720001220703125,42.31999969482422,29181000
INTC,2022-05-20,39.23091506958008,41.650001525878906,42.290000915527344,40.310001373291016,42.25,44802300
INTC,2022-05-23,39.560585021972656,42.0,42.25,41.33000183105469,41.689998626708984,27199500
INTC,2022-05-24,39.249752044677734,41.66999816894531,41.88999938964844,41.099998474121094,41.70000076293945,29837500
INTC,2022-05-25,39.74897766113281,42.20000076293945,42.52000045776367,41.38999938964844,41.439998626708984,26283100
INTC,2022-05-26,40.954627990722656,43.47999954223633,43.68000030517578,42.08000183105469,42.16999816894531,28826700
INTC,2022-05-27,41.96247863769531,44.54999923706055,44.54999923706055,43.54999923706055,43.59000015258789,30553300
INTC,2022-05-31,41.84002685546875,44.41999816894531,44.75,43.650001525878906,44.25,41111500
INTC,2022-06-01,41.54803466796875,44.11000061035156,44.93000030517578,43.529998779296875,44.77000045776367,29885500
INTC,2022-06-02,42.235633850097656,44.84000015258789,44.880001068115234,43.939998626708984,44.189998626708984,28727600
INTC,2022-06-03,40.869850158691406,43.38999938964844,44.25,43.34000015258789,44.11000061035156,33174700
INTC,2022-06-06,40.822757720947266,43.34000015258789,44.040000915527344,43.08000183105469,43.810001373291016,25437100
INTC,2022-06-07,41.0017204284668,43.529998779296875,43.59000015258789,42.65999984741211,43.060001373291016,25168700
INTC,2022-06-08,38.835304260253906,41.22999954223633,42.2599983215332,41.029998779296875,42.25,59649900
INTC,2022-06-09,37.68617248535156,40.0099983215332,41.349998474121094,40.0099983215332,41.0099983215332,39047200
INTC,2022-06-10,36.90437698364258,39.18000030517578,40.08000183105469,39.18000030517578,39.849998474121094,43066200
INTC,2022-06-13,35.576271057128906,37.77000045776367,38.810001373291016,37.66999816894531,38.54999923706055,50335900
INTC,2022-06-14,35.72697067260742,37.93000030517578,38.20000076293945,37.540000915527344,38.0099983215332,31351700
INTC,2022-06-15,36.40515899658203,38.650001525878906,39.16999816894531,37.91999816894531,38.560001373291016,37652300
INTC,2022-06-16,35.17124557495117,37.34000015258789,37.790000915527344,36.93000030517578,37.70000076293945,45576500
INTC,2022-06-17,34.82273864746094,36.970001220703125,38.119998931884766,36.599998474121094,37.47999954223633,71393200
INTC,2022-06-21,35.53860092163086,37.72999954223633,38.029998779296875,37.33000183105469,37.36000061035156,34004900
INTC,2022-06-22,35.20892333984375,37.380001068115234,37.77000045776367,37.220001220703125,37.33000183105469,32571000
INTC,2022-06-23,35.237178802490234,37.40999984741211,37.619998931884766,36.90999984741211,37.61000061035156,30163000
INTC,2022-06-24,36.36748123168945,38.61000061035156,38.63999938964844,37.7400016784668,37.849998474121094,38159900
INTC,2022-06-27,36.386322021484375,38.630001068115234,39.060001373291016,38.470001220703125,38.869998931884766,29585300
INTC,2022-06-28,35.58568572998047,37.779998779296875,39.02000045776367,37.7400016784668,38.58000183105469,37824200
INTC,2022-06-29,35.124149322509766,37.290000915527344,37.599998474121094,37.02000045776367,37.540000915527344,25437200
INTC,2022-06-30,35.237178802490234,37.40999984741211,38.0,36.72999954223633,37.209999084472656,35141000
INTC,2022-07-01,34.22932052612305,36.34000015258789,37.20000076293945,35.880001068115234,37.09000015258789,40596300
INTC,2022-07-05,34.558990478515625,36.689998626708984,36.7400016784668,35.540000915527344,35.93000030517578,33215000
INTC,2022-07-06,34.841575622558594,36.9900016784668,37.41999816894531,36.459999084472656,36.81999969482422,26258300
INTC,2022-07-07,35.92477798461914,38.13999938964844,38.33000183105469,37.72999954223633,37.88999938964844,33165400
INTC,2022-07-08,35.78349304199219,37.9900016784668,38.13999938964844,37.38999938964844,37.65999984741211,22566300
INTC,2022-07-11,35.039371490478516,37.20000076293945,37.66999816894531,37.029998779296875,37.65999984741211,25904300
INTC,2022-07-12,35.04879379272461,37.209999084472656,37.70000076293945,36.9900016784668,37.650001525878906,30546300
INTC,2022-07-13,35.04879379272461,37.209999084472656,37.43000030517578,36.619998931884766,36.68000030517578,27059200
INTC,2022-07-14,35.519752502441406,37.709999084472656,38.15999984741211,36.290000915527344,36.9900016784668,36690700
INTC,2022-07-15,36.37689971923828,38.619998931884766,38.66999816894531,37.72999954223633,38.27000045776367,32892300
INTC,2022-07-18,36.461669921875,38.709999084472656,39.34000015258789,38.529998779296875,39.099998474121094,30814400
INTC,2022-07-19,37.883975982666016,40.220001220703125,40.72999954223633,39.2400016784668,39.31999969482422,53095300
INTC,2022-07-20,38.20423126220703,40.560001373291016,40.66999816894531,39.560001373291016,40.209999084472656,36387900
INTC,2022-07-21,38.251319885253906,40.61000061035156,40.650001525878906,39.81999969482422,40.5099983215332,29661200
INTC,2022-07-22,36.923213958740234,39.20000076293945,40.5099983215332,38.939998626708984,40.369998931884766,41350000
INTC,2022-07-25,36.885536193847656,39.15999984741211,39.40999984741211,38.54999923706055,39.279998779296875,32263400
INTC,2022-07-26,36.69715118408203,38.959999084472656,39.56999969482422,38.880001068115234,39.099998474121094,35925500
INTC,2022-07-27,37.84629440307617,40.18000030517578,40.41999816894531,39.22999954223633,39.27000045776367,42571600
INTC,2022-07-28,37.403594970703125,39.709999084472656,40.119998931884766,39.040000915527344,40.09000015258789,56662300
INTC,2022-07-29,34.20106887817383,36.310001373291016,36.619998931884766,35.2400016784668,35.599998474121094,125292400
INTC,2022-08-01,34.81331253051758,36.959999084472656,37.689998626708984,36.04999923706055,36.04999923706055,52513400
INTC,2022-08-02,33.91848373413086,36.0099983215332,36.65999984741211,36.0,36.59000015258789,53929400
INTC,2022-08-03,34.39887237548828,36.52000045776367,36.59000015258789,35.2599983215332,36.09000015258789,59513900
INTC,2022-08-04,33.92790985107422,35.65999984741211,36.099998474121094,35.36000061035156,36.0099983215332,54046300
INTC,2022-08-05,33.67102813720703,35.38999938964844,35.689998626708984,35.18000030517578,35.349998474121094,40205100
INTC,2022-08-08,33.66151428222656,35.380001068115234,35.959999084472656,35.20000076293945,35.36000061035156,41534600
INTC,2022-08-09,32.843284606933594,34.52000045776367,35.29999923706055,34.400001525878906,35.220001220703125,48202300
INTC,2022-08-10,33.65200424194336,35.369998931884766,35.400001525878906,34.59000015258789,34.9900016784668,42243300
INTC,2022-08-11,33.86131286621094,35.59000015258789,36.290000915527344,35.4900016784668,35.63999938964844,35569700
INTC,2022-08-12,34.35606002807617,36.11000061035156,36.13999938964844,35.66999816894531,35.79999923706055,37675200
INTC,2022-08-15,34.57487869262695,36.34000015258789,36.43000030517578,35.709999084472656,36.099998474121094,25400600
INTC,2022-08-16,34.432167053222656,36.189998626708984,36.58000183105469,35.70000076293945,36.15999984741211,25000200
INTC,2022-08-17,34.042083740234375,35.779998779296875,36.08000183105469,35.27000045776367,35.810001373291016,29176100
INTC,2022-08-18,34.441688537597656,36.20000076293945,36.33000183105469,35.56999969482422,35.68000030517578,24598200
INTC,2022-08-19,33.66151428222656,35.380001068115234,36.029998779296875,35.189998626708984,35.79999923706055,31425500
INTC,2022-08-22,32.19631576538086,33.84000015258789,35.060001373291016,33.72999954223633,35.0,51006100
INTC,2022-08-23,32.30097961425781,33.95000076293945,34.38999938964844,33.90999984741211,33.97999954223633,30687100
INTC,2022-08-24,32.2153434753418,33.86000061035156,33.9900016784668,33.599998474121094,33.970001220703125,25105700
INTC,2022-08-25,33.1953125,34.88999938964844,34.93000030517578,33.81999969482422,33.869998931884766,29799100
INTC,2022-08-26,31.739635467529297,33.36000061035156,35.029998779296875,33.349998474121094,34.95000076293945,44851500
INTC,2022-08-29,31.34003257751465,32.939998626708984,33.40999984741211,32.810001373291016,33.22999954223633,32976800
INTC,2022-08-30,30.693058013916016,32.2599983215332,33.06999969482422,32.150001525878906,33.040000915527344,40182500
INTC,2022-08-31,30.36957550048828,31.920000076293945,32.38999938964844,31.770000457763672,32.38999938964844,44074500
INTC,2022-09-01,30.21734619140625,31.760000228881836,31.829999923706055,31.1299991607666,31.56999969482422,36440700
INTC,2022-09-02,29.70357322692871,31.219999313354492,32.380001068115234,31.059999465942383,32.209999084472656,34893300
INTC,2022-09-06,28.885347366333008,30.360000610351562,31.389999389648438,30.329999923706055,31.389999389648438,46989600
INTC,2022-09-07,29.16126251220703,30.649999618530273,30.790000915527344,30.049999237060547,30.420000076293945,37329500
INTC,2022-09-08,29.25640296936035,30.75,30.850000381469727,29.90999984741211,30.3700008392334,37359500
INTC,2022-09-09,29.931915283203125,31.459999084472656,31.5,31.079999923706055,31.190000534057617,34069500
INTC,2022-09-12,30.027061462402344,31.559999465942383,31.860000610351562,31.100000381469727,31.739999771118164,38305500
INTC,2022-09-13,27.867319107055664,29.290000915527344,30.93000030517578,29.25,30.829999923706055,71417900
INTC,2022-09-14,27.76266098022461,29.18000030517578,29.770000457763672,29.010000228881836,29.549999237060547,40767200
INTC,2022-09-15,27.439178466796875,28.84000015258789,29.40999984741211,28.709999084472656,29.149999618530273,39919100
INTC,2022-09-16,27.819747924804688,29.239999771118164,29.31999969482422,28.420000076293945,28.700000762939453,72748000
INTC,2022-09-19,28.010034561157227,29.440000534057617,29.5,28.899999618530273,29.020000457763672,33151900
INTC,2022-09-20,27.553346633911133,28.959999084472656,29.170000076293945,28.709999084472656,29.06999969482422,31129000
INTC,2022-09-21,27.087146759033203,28.469999313354492,29.59000015258789,28.459999084472656,29.149999618530273,39977300
INTC,2022-09-22,26.70657730102539,28.06999969482422,28.5,28.040000915527344,28.399999618530273,36092700
INTC,2022-09-23,26.183292388916016,27.520000457763672,27.899999618530273,27.190000534057617,27.899999618530273,43491100
INTC,2022-09-26,25.66000747680664,26.969999313354492,27.700000762939453,26.860000610351562,27.559999465942383,44786400
INTC,2022-09-27,25.583892822265625,26.889999389648438,27.600000381469727,26.6200008392334,27.399999618530273,44121400
INTC,2022-09-28,25.812232971191406,27.1299991607666,27.280000686645508,26.600000381469727,26.860000610351562,40433400
INTC,2022-09-29,25.098665237426758,26.3799991607666,26.780000686645508,26.190000534057617,26.780000686645508,41831300
INTC,2022-09-30,24.518293380737305,25.770000457763672,26.56999969482422,25.739999771118164,26.299999237060547,43821000
INTC,2022-10-03,25.66000747680664,26.969999313354492,27.25,26.06999969482422,26.329999923706055,44096200
INTC,2022-10-04,26.354549407958984,27.700000762939453,27.799999237060547,27.09000015258789,27.43000030517578,42427500
INTC,2022-10-05,26.29746437072754,27.639999389648438,27.84000015258789,26.889999389648438,27.3700008392334,30120000
INTC,2022-10-06,25.85980796813965,27.18000030517578,27.760000228881836,27.0,27.440000534057617,33985100
INTC,2022-10-07,24.47072410583496,25.719999313354492,26.280000686645508,25.649999618530273,26.170000076293945,57215500
INTC,2022-10-10,23.975982666015625,25.200000762939453,25.989999771118164,25.09000015258789,25.940000534057617,43409300
INTC,2022-10-11,23.823755264282227,25.040000915527344,25.479999542236328,24.690000534057617,25.010000228881836,48134900
INTC,2022-10-12,24.09966468811035,25.329999923706055,25.520000457763672,24.65999984741211,25.049999237060547,39634100
INTC,2022-10-13,25.136722564697266,26.420000076293945,26.84000015258789,24.59000015258789,24.729999542236328,62447000
INTC,2022-10-14,24.651493072509766,25.90999984741211,26.6299991607666,25.760000228881836,26.459999084472656,48185400
INTC,2022-10-17,25.136722564697266,26.420000076293945,26.75,26.170000076293945,26.309999465942383,39416500
INTC,2022-10-18,24.613439559936523,25.8700008392334,26.959999084472656,25.540000915527344,26.739999771118164,51126900
INTC,2022-10-19,24.73712158203125,26.0,26.25,25.690000534057617,25.739999771118164,33882300
INTC,2022-10-20,24.813234329223633,26.079999923706055,26.950000762939453,25.950000762939453,26.149999618530273,33247700
INTC,2022-10-21,25.66000747680664,26.969999313354492,27.049999237060547,25.790000915527344,25.850000381469727,53058700
INTC,2022-10-24,25.85980796813965,27.18000030517578,27.479999542236328,26.520000457763672,26.75,43831600
INTC,2022-10-25,26.078636169433594,27.40999984741211,27.559999465942383,27.0,27.18000030517578,32205300
INTC,2022-10-26,25.888349533081055,27.209999084472656,27.799999237060547,26.989999771118164,27.190000534057617,37111100
INTC,2022-10-27,24.994007110595703,26.270000457763672,27.59000015258789,26.1299991607666,27.450000762939453,56305100
INTC,2022-10-28,27.65800666809082,29.06999969482422,29.219999313354492,27.860000610351562,28.18000030517578,91695700
INTC,2022-10-31,27.04909324645996,28.43000030517578,29.18000030517578,28.049999237060547,29.079999923706055,59507700
INTC,2022-11-01,26.925403594970703,28.299999237060547,28.850000381469727,27.889999389648438,28.799999237060547,44418700
INTC,2022-11-02,26.088151931762695,27.420000076293945,28.850000381469727,27.40999984741211,28.270000457763672,51956100
INTC,2022-11-03,26.059606552124023,27.389999389648438,27.8799991607666,27.170000076293945,27.450000762939453,39678200
INTC,2022-11-04,27.1926326751709,28.200000762939453,28.239999771118164,27.40999984741211,27.56999969482422,43051900
INTC,2022-11-07,27.395130157470703,28.40999984741211,28.469999313354492,27.889999389648438,28.360000610351562,34389800
INTC,2022-11-08,27.462629318237305,28.479999542236328,28.950000762939453,27.93000030517578,28.760000228881836,36258000
INTC,2022-11-09,26.53692626953125,27.520000457763672,28.299999237060547,27.520000457763672,28.219999313354492,30544800
INTC,2022-11-10,28.69690704345703,29.760000228881836,29.829999923706055,28.649999618530273,28.8799991607666,62943900
INTC,2022-11-11,29.342973709106445,30.43000030517578,30.6299991607666,28.8700008392334,28.93000030517578,49826500
INTC,2022-11-14,29.26582908630371,30.350000381469727,30.989999771118164,30.18000030517578,30.34000015258789,39395300
INTC,2022-11-15,29.612972259521484,30.709999084472656,31.34000015258789,30.170000076293945,31.100000381469727,40933200
INTC,2022-11-16,28.475122451782227,29.530000686645508,30.229999542236328,29.440000534057617,30.110000610351562,35582800
INTC,2022-11-17,28.8222599029541,29.889999389648438,29.950000762939453,29.0,29.06999969482422,31983300
INTC,2022-11-18,28.802978515625,29.8700008392334,30.260000228881836,29.610000610351562,30.260000228881836,27122200
INTC,2022-11-21,27.90620231628418,28.940000534057617,29.719999313354492,28.90999984741211,29.65999984741211,36086800
INTC,2022-11-22,28.754762649536133,29.81999969482422,29.860000610351562,29.059999465942383,29.139999389648438,25584100
INTC,2022-11-23,28.61012077331543,29.670000076293945,30.079999923706055,29.489999771118164,29.729999542236328,23143900
INTC,2022-11-25,28.29191017150879,29.34000015258789,29.68000030517578,29.34000015258789,29.68000030517578,11314900
INTC,2022-11-28,27.703702926635742,28.729999542236328,29.190000534057617,28.540000915527344,29.100000381469727,28267900
INTC,2022-11-29,27.867626190185547,28.899999618530273,29.18000030517578,28.739999771118164,28.850000381469727,24361500
INTC,2022-11-30,28.995832443237305,30.06999969482422,30.079999923706055,28.219999313354492,28.770000457763672,72072500
INTC,2022-12-01,28.764406204223633,29.829999923706055,30.479999542236328,29.520000457763672,30.239999771118164,38896300
INTC,2022-12-02,28.359411239624023,29.40999984741211,29.43000030517578,28.709999084472656,29.170000076293945,31546000
INTC,2022-12-05,28.12798309326172,29.170000076293945,29.75,28.889999389648438,29.420000076293945,34040400
INTC,2022-12-06,27.578346252441406,28.600000381469727,29.309999465942383,28.34000015258789,29.190000534057617,27701200
INTC,2022-12-07,27.317989349365234,28.329999923706055,28.549999237060547,28.149999618530273,28.280000686645508,28239900
INTC,2022-12-08,27.424062728881836,28.440000534057617,28.600000381469727,28.06999969482422,28.31999969482422,28486100
INTC,2022-12-09,27.231204986572266,28.239999771118164,28.780000686645508,28.190000534057617,28.389999389648438,25641300
INTC,2022-12-12,27.665128707885742,28.690000534057617,28.709999084472656,27.860000610351562,28.1299991607666,35117900
INTC,2022-12-13,27.703702926635742,28.729999542236328,30.09000015258789,28.3700008392334,29.790000915527344,58546800
INTC,2022-12-14,27.250490188598633,28.260000228881836,29.1200008392334,28.010000228881836,28.510000228881836,37141100
INTC,2022-12-15,26.180143356323242,27.149999618530273,28.0,27.1200008392334,27.940000534057617,45682700
INTC,2022-12-16,25.958356857299805,26.920000076293945,27.139999389648438,26.450000762939453,27.0,81104200
INTC,2022-12-19,25.8330020904541,26.790000915527344,26.969999313354492,26.5,26.899999618530273,37662500
INTC,2022-12-20,25.49550437927246,26.440000534057617,26.8700008392334,26.420000076293945,26.540000915527344,31863300
INTC,2022-12-21,25.871572494506836,26.829999923706055,26.969999313354492,26.579999923706055,26.59000015258789,28100900
INTC,2022-12-22,25.042293548583984,25.969999313354492,26.450000762939453,25.350000381469727,26.450000762939453,47478300
INTC,2022-12-23,25.158008575439453,26.09000015258789,26.190000534057617,25.68000030517578,25.920000076293945,23600900
INTC,2022-12-27,25.01336669921875,25.940000534057617,26.100000381469727,25.649999618530273,25.850000381469727,29548100
INTC,2022-12-28,24.627656936645508,25.540000915527344,26.1200008392334,25.5,25.84000015258789,26176900
INTC,2022-12-29,25.273719787597656,26.209999084472656,26.290000915527344,25.75,25.770000457763672,30944800
INTC,2022-12-30,25.485862731933594,26.43000030517578,26.459999084472656,25.799999237060547,25.899999618530273,31030100
INTC,2023-01-03,25.775146484375,26.729999542236328,27.06999969482422,26.3700008392334,27.049999237060547,31308000
INTC,2023-01-04,26.691207885742188,27.68000030517578,27.920000076293945,27.15999984741211,27.40999984741211,37665200
INTC,2023-01-05,26.57549285888672,27.559999465942383,27.780000686645508,27.3799991607666,27.440000534057617,33552600
INTC,2023-01-06,27.703702926635742,28.729999542236328,28.829999923706055,27.3799991607666,27.93000030517578,31788600
INTC,2023-01-09,28.262981414794922,29.309999465942383,29.8700008392334,28.84000015258789,28.84000015258789,37493200
INTC,2023-01-10,28.388338088989258,29.440000534057617,29.510000228881836,28.920000076293945,29.239999771118164,23008100
INTC,2023-01-11,28.78369140625,29.850000381469727,29.8799991607666,29.0,29.68000030517578,30375400
INTC,2023-01-12,29.207975387573242,30.290000915527344,30.3799991607666,29.469999313354492,29.979999542236328,28963900
INTC,2023-01-13,29.03440284729004,30.110000610351562,30.170000076293945,29.809999465942383,29.969999313354492,31361900
INTC,2023-01-17,28.542621612548828,29.600000381469727,30.260000228881836,29.520000457763672,30.18000030517578,34759100
INTC,2023-01-18,27.780841827392578,28.809999465942383,29.81999969482422,28.6299991607666,29.799999237060547,44199600
INTC,2023-01-19,27.404773712158203,28.420000076293945,28.760000228881836,28.239999771118164,28.610000610351562,36886600
INTC,2023-01-20,28.176197052001953,29.219999313354492,29.229999542236328,28.25,28.420000076293945,35158500
INTC,2023-01-23,29.188688278198242,30.270000457763672,30.489999771118164,29.18000030517578,29.329999923706055,38795800
INTC,2023-01-24,28.8511905670166,29.920000076293945,30.190000534057617,29.729999542236328,29.940000534057617,24855100
INTC,2023-01-25,28.639049530029297,29.700000762939453,29.889999389648438,29.170000076293945,29.520000457763672,28268000
INTC,2023-01-26,29.015119552612305,30.09000015258789,30.110000610351562,29.329999923706055,30.059999465942383,56088100
INTC,2023-01-27,27.154062271118164,28.15999984741211,28.239999771118164,26.780000686645508,27.06999969482422,148548200
INTC,2023-01-30,26.95156478881836,27.950000762939453,28.510000228881836,27.670000076293945,27.719999313354492,55145800
INTC,2023-01-31,27.250490188598633,28.260000228881836,28.290000915527344,27.530000686645508,27.780000686645508,52621600
INTC,2023-02-01,28.031553268432617,29.06999969482422,29.43000030517578,27.68000030517578,27.889999389648438,63330600
INTC,2023-02-02,29.11154556274414,30.190000534057617,30.299999237060547,28.799999237060547,29.25,62230700
INTC,2023-02-03,29.236900329589844,30.31999969482422,31.170000076293945,29.530000686645508,29.6200008392334,57603100
INTC,2023-02-06,28.002225875854492,28.690000534057617,29.649999618530273,28.610000610351562,29.549999237060547,48726400
INTC,2023-02-07,28.353593826293945,29.049999237060547,29.270000457763672,28.43000030517578,28.649999618530273,50780800
INTC,2023-02-08,27.56301498413086,28.239999771118164,29.1200008392334,28.209999084472656,28.950000762939453,36479100
INTC,2023-02-09,27.06524085998535,27.729999542236328,28.81999969482422,27.56999969482422,28.68000030517578,43906400
INTC,2023-02-10,27.133563995361328,27.799999237060547,27.989999771118164,27.34000015258789,27.6299991607666,31232500
INTC,2023-02-13,27.865581512451172,28.549999237060547,28.549999237060547,27.719999313354492,27.8700008392334,32347500
INTC,2023-02-14,27.95342254638672,28.639999389648438,28.719999313354492,27.989999771118164,28.3799991607666,27928900
INTC,2023-02-15,28.158390045166016,28.850000381469727,28.8799991607666,28.15999984741211,28.360000610351562,23359400
INTC,2023-02-16,27.52397346496582,28.200000762939453,28.829999923706055,28.1299991607666,28.5,28972500
INTC,2023-02-17,26.948116302490234,27.610000610351562,28.06999969482422,27.3799991607666,28.0,32086200
INTC,2023-02-21,25.435274124145508,26.059999465942383,27.270000457763672,26.040000915527344,27.110000610351562,63668400
INTC,2023-02-22,24.859416961669922,25.469999313354492,26.899999618530273,25.299999237060547,25.90999984741211,89195300
INTC,2023-02-23,24.996061325073242,25.610000610351562,26.079999923706055,25.31999969482422,25.780000686645508,56473200
INTC,2023-02-24,24.53732681274414,25.139999389648438,25.350000381469727,24.920000076293945,25.219999313354492,44089900
INTC,2023-02-27,24.303083419799805,24.899999618530273,25.579999923706055,24.8799991607666,25.549999237060547,37657000
INTC,2023-02-28,24.332361221313477,24.93000030517578,25.1200008392334,24.729999542236328,24.940000534057617,50255300
INTC,2023-03-01,24.722774505615234,25.329999923706055,25.920000076293945,24.969999313354492,25.030000686645508,47823400
INTC,2023-03-02,25.571918487548828,26.200000762939453,26.299999237060547,25.1200008392334,25.209999084472656,48309300
INTC,2023-03-03,25.76712417602539,26.399999618530273,26.479999542236328,26.010000228881836,26.200000762939453,36744900
INTC,2023-03-06,25.366952896118164,25.989999771118164,26.540000915527344,25.93000030517578,26.469999313354492,37879800
INTC,2023-03-07,24.91798210144043,25.530000686645508,25.989999771118164,25.5,25.84000015258789,43164600
INTC,2023-03-08,25.35719108581543,25.979999542236328,26.010000228881836,25.450000762939453,25.559999465942383,36071900
INTC,2023-03-09,25.80616569519043,26.440000534057617,26.979999542236328,25.969999313354492,25.979999542236328,54886100
INTC,2023-03-10,26.567462921142578,27.219999313354492,27.520000457763672,26.31999969482422,26.549999237060547,65187000
INTC,2023-03-13,26.30394172668457,26.950000762939453,27.309999465942383,26.610000610351562,26.739999771118164,50977000
INTC,2023-03-14,27.338529586791992,28.010000228881836,28.100000381469727,27.25,27.350000381469727,47689800
INTC,2023-03-15,27.728939056396484,28.40999984741211,28.5,27.65999984741211,27.729999542236328,49322800
INTC,2023-03-16,29.456506729125977,30.18000030517578,30.270000457763672,28.389999389648438,28.389999389648438,75779500
INTC,2023-03-17,29.095378875732422,29.809999465942383,31.0,29.440000534057617,29.920000076293945,80628500
INTC,2023-03-20,28.460962295532227,29.15999984741211,29.899999618530273,28.6299991607666,29.799999237060547,38780100
INTC,2023-03-21,27.777740478515625,28.459999084472656,29.170000076293945,27.979999542236328,29.0,55650800
INTC,2023-03-22,27.455650329589844,28.1299991607666,29.1200008392334,28.100000381469727,28.479999542236328,37415500
INTC,2023-03-23,28.334075927734375,29.030000686645508,29.15999984741211,28.219999313354492,28.3799991607666,43785500
INTC,2023-03-24,28.65616798400879,29.360000610351562,29.809999465942383,28.93000030517578,29.040000915527344,55912100
INTC,2023-03-27,28.480480194091797,29.18000030517578,29.729999542236328,29.079999923706055,29.3700008392334,34758200
INTC,2023-03-28,28.58784294128418,29.290000915527344,29.329999923706055,28.6299991607666,29.079999923706055,37407900
INTC,2023-03-29,30.76438331604004,31.520000457763672,31.889999389648438,29.760000228881836,29.770000457763672,85556200
INTC,2023-03-30,31.320720672607422,32.09000015258789,32.58000183105469,31.809999465942383,31.850000381469727,70077600
INTC,2023-03-31,31.886812210083008,32.66999816894531,32.900001525878906,31.729999542236328,31.799999237060547,59765000
INTC,2023-04-03,32.10154724121094,32.88999938964844,33.560001373291016,32.540000915527344,32.939998626708984,57038300
INTC,2023-04-04,32.30651092529297,33.099998474121094,33.84000015258789,32.84000015258789,32.849998474121094,55714100
INTC,2023-04-05,32.04298400878906,32.83000183105469,32.9900016784668,32.34000015258789,32.79999923706055,39615700
INTC,2023-04-06,32.02346420288086,32.810001373291016,33.0,32.459999084472656,32.599998474121094,28551900
INTC,2023-04-10,31.74041175842285,32.52000045776367,32.7599983215332,32.20000076293945,32.599998474121094,30534400
INTC,2023-04-11,31.57448387145996,32.349998474121094,33.11000061035156,32.31999969482422,32.65999984741211,27059100
INTC,2023-04-12,31.252399444580078,32.02000045776367,32.88999938964844,31.959999084472656,32.77000045776367,37070800
INTC,2023-04-13,31.35976219177246,32.130001068115234,32.43000030517578,31.649999618530273,31.81999969482422,29722300
INTC,2023-04-14,31.12551498413086,31.889999389648438,32.2400016784668,31.690000534057617,32.0,24623600
INTC,2023-04-17,31.36952018737793,32.13999938964844,32.63999938964844,31.770000457763672,31.950000762939453,29601100
INTC,2023-04-18,31.066951751708984,31.829999923706055,32.459999084472656,31.780000686645508,32.43000030517578,26041400
INTC,2023-04-19,30.40325355529785,31.149999618530273,31.520000457763672,31.079999923706055,31.100000381469727,25746600
INTC,2023-04-20,30.120206832885742,30.860000610351562,31.25,30.709999084472656,30.760000228881836,30255100
INTC,2023-04-21,29.573631286621094,30.299999237060547,30.84000015258789,30.229999542236328,30.84000015258789,28655800
INTC,2023-04-24,28.948972702026367,29.65999984741211,30.3700008392334,29.610000610351562,30.1299991607666,38732500
INTC,2023-04-25,28.187671661376953,28.8799991607666,29.56999969482422,28.8700008392334,29.440000534057617,38289900
INTC,2023-04-26,28.353593826293945,29.049999237060547,29.809999465942383,28.84000015258789,29.200000762939453,41218800
INTC,2023-04-27,29.144180297851562,29.860000610351562,29.950000762939453,28.510000228881836,28.75,60186200
INTC,2023-04-28,30.31540870666504,31.059999465942383,32.56999969482422,30.809999465942383,31.979999542236328,80252400
INTC,2023-05-01,29.573631286621094,30.299999237060547,31.239999771118164,30.280000686645508,31.110000610351562,36918500
INTC,2023-05-02,29.05633544921875,29.770000457763672,30.579999923706055,29.75,30.299999237060547,33463400
INTC,2023-05-03,29.915241241455078,30.649999618530273,31.110000610351562,30.25,30.639999389648438,45554500
INTC,2023-05-04,30.615957260131836,31.239999771118164,31.719999313354492,30.3799991607666,30.440000534057617,46104000
INTC,2023-05-05,30.370952606201172,30.989999771118164,31.40999984741211,30.729999542236328,31.3799991607666,35024600
INTC,2023-05-08,30.15534782409668,30.770000457763672,30.84000015258789,30.389999389648438,30.700000762939453,30882800
INTC,2023-05-09,29.49873161315918,30.100000381469727,30.579999923706055,29.90999984741211,30.3799991607666,30706500
INTC,2023-05-10,29.371326446533203,29.969999313354492,30.399999618530273,29.489999771118164,30.290000915527344,40526500
INTC,2023-05-11,28.28350067138672,28.860000610351562,29.68000030517578,28.81999969482422,29.600000381469727,47144400
INTC,2023-05-12,28.3717041015625,28.950000762939453,29.100000381469727,28.719999313354492,29.030000686645508,24153800
INTC,2023-05-15,29.204723358154297,29.799999237060547,29.829999923706055,28.8799991607666,28.899999618530273,28717500
INTC,2023-05-16,28.636308670043945,29.219999313354492,29.899999618530273,29.209999084472656,29.6200008392334,22812000
INTC,2023-05-17,28.29330062866211,28.8700008392334,29.559999465942383,28.68000030517578,29.520000457763672,41667300
INTC,2023-05-18,29.087121963500977,29.68000030517578,29.760000228881836,28.8700008392334,29.0,36529200
INTC,2023-05-19,29.33212661743164,29.93000030517578,30.239999771118164,29.5,29.600000381469727,40683000
INTC,2023-05-22,29.675138473510742,30.280000686645508,30.450000762939453,29.81999969482422,29.850000381469727,28693400
INTC,2023-05-23,28.920516967773438,29.510000228881836,30.200000762939453,29.489999771118164,30.049999237060547,29400900
INTC,2023-05-24,28.420705795288086,29.0,29.489999771118164,28.81999969482422,29.309999465942383,28045800
INTC,2023-05-25,26.852664947509766,27.399999618530273,28.290000915527344,26.860000610351562,28.290000915527344,78009400
INTC,2023-05-26,28.420705795288086,29.0,29.09000015258789,27.100000381469727,27.440000534057617,71910600
INTC,2023-05-30,29.390928268432617,29.989999771118164,30.040000915527344,29.0,29.700000762939453,54874800
INTC,2023-05-31,30.81196403503418,31.440000534057617,32.290000915527344,29.670000076293945,29.700000762939453,136243800
INTC,2023-06-01,30.508155822753906,31.1299991607666,31.940000534057617,31.020000457763672,31.799999237060547,52667400
INTC,2023-06-02,30.684560775756836,31.309999465942383,31.59000015258789,30.829999923706055,31.399999618530273,36521000
INTC,2023-06-05,29.263526916503906,29.860000610351562,31.399999618530273,29.829999923706055,31.309999465942383,48244100
INTC,2023-06-06,30.341552734375,30.959999084472656,31.450000762939453,29.700000762939453,29.770000457763672,42295300
INTC,2023-06-07,30.65515899658203,31.280000686645508,31.3700008392334,30.93000030517578,31.030000686645508,39098000
INTC,2023-06-08,31.184371948242188,31.81999969482422,31.850000381469727,31.059999465942383,31.43000030517578,35199000
INTC,2023-06-09,30.713960647583008,31.34000015258789,31.989999771118164,30.68000030517578,31.93000030517578,40218000
INTC,2023-06-12,32.40940475463867,33.06999969482422,33.29999923706055,31.360000610351562,31.399999618530273,59881600
INTC,2023-06-13,33.23262023925781,33.90999984741211,33.95000076293945,33.06999969482422,33.77000045776367,51990000
INTC,2023-06-14,34.86927032470703,35.58000183105469,35.599998474121094,33.79999923706055,33.869998931884766,74404300
INTC,2023-06-15,35.104469299316406,35.81999969482422,36.41999816894531,35.220001220703125,35.279998779296875,67676300
INTC,2023-06-16,35.64348220825195,36.369998931884766,36.79999923706055,35.599998474121094,36.36000061035156,110240300
INTC,2023-06-20,34.300846099853516,35.0,37.11000061035156,34.720001220703125,36.77000045776367,65970200
INTC,2023-06-21,32.242801666259766,32.900001525878906,35.04999923706055,32.83000183105469,34.91999816894531,70973500
INTC,2023-06-22,32.05659484863281,32.709999084472656,33.2400016784668,32.130001068115234,32.689998626708984,45740300
INTC,2023-06-23,32.340797424316406,33.0,33.45000076293945,32.029998779296875,32.209999084472656,46327100
INTC,2023-06-26,32.674007415771484,33.34000015258789,33.9900016784668,33.099998474121094,33.189998626708984,38952400
INTC,2023-06-27,33.41883087158203,34.099998474121094,34.22999954223633,33.0099983215332,33.220001220703125,33038900
INTC,2023-06-28,32.899417877197266,33.56999969482422,33.810001373291016,33.029998779296875,33.61000061035156,33906900
INTC,2023-06-29,32.252601623535156,32.90999984741211,33.34000015258789,32.4900016784668,33.34000015258789,38313000
INTC,2023-06-30,32.77200698852539,33.439998626708984,33.560001373291016,33.15999984741211,33.36000061035156,33811300
INTC,2023-07-03,32.94841384887695,33.619998931884766,33.88999938964844,33.13999938964844,33.540000915527344,15753000
INTC,2023-07-05,31.8605899810791,32.5099983215332,33.33000183105469,32.5,33.310001373291016,37664700
INTC,2023-07-06,31.331375122070312,31.969999313354492,32.040000915527344,31.3799991607666,31.899999618530273,41693600
INTC,2023-07-07,31.213773727416992,31.850000381469727,32.40999984741211,31.81999969482422,32.0,28356300
INTC,2023-07-10,32.08599853515625,32.7400016784668,32.83000183105469,31.770000457763672,31.8700008392334,36305700
INTC,2023-07-11,32.63481140136719,33.29999923706055,33.36000061035156,32.5,32.81999969482422,28148800
INTC,2023-07-12,33.301231384277344,33.97999954223633,34.08000183105469,33.060001373291016,33.689998626708984,37762200
INTC,2023-07-13,33.19342041015625,33.869998931884766,34.29999923706055,33.619998931884766,34.150001525878906,32745800
INTC,2023-07-14,32.4878044128418,33.150001525878906,33.869998931884766,33.0,33.779998779296875,30438700
INTC,2023-07-17,33.683433532714844,34.369998931884766,34.599998474121094,33.06999969482422,33.15999984741211,34111200
INTC,2023-07-18,33.81083679199219,34.5,34.70000076293945,33.83000183105469,34.279998779296875,29662200
INTC,2023-07-19,33.771636962890625,34.459999084472656,34.84000015258789,34.33000183105469,34.400001525878906,26486700
INTC,2023-07-20,32.703407287597656,33.369998931884766,34.209999084472656,33.22999954223633,33.70000076293945,37878000
INTC,2023-07-21,33.340431213378906,34.02000045776367,34.25,33.41999816894531,33.72999954223633,79737000
INTC,2023-07-24,32.95821762084961,33.630001068115234,34.459999084472656,33.560001373291016,33.84000015258789,25225800
INTC,2023-07-25,33.41883087158203,34.099998474121094,34.34000015258789,33.400001525878906,33.70000076293945,31771100
INTC,2023-07-26,33.67363357543945,34.36000061035156,34.529998779296875,33.70000076293945,33.720001220703125,32643200
INTC,2023-07-27,33.859840393066406,34.54999923706055,35.029998779296875,34.11000061035156,34.81999969482422,58890800
INTC,2023-07-28,36.094295501708984,36.83000183105469,36.9900016784668,35.5099983215332,36.75,90863000
INTC,2023-07-31,35.05546951293945,35.77000045776367,37.189998626708984,35.66999816894531,36.869998931884766,55630700
INTC,2023-08-01,35.08486557006836,35.79999923706055,36.02000045776367,35.279998779296875,35.81999969482422,24702200
INTC,2023-08-02,33.703033447265625,34.38999938964844,35.18000030517578,34.279998779296875,35.150001525878906,39052000
INTC,2023-08-03,34.17344665527344,34.869998931884766,35.029998779296875,34.130001068115234,34.290000915527344,24817900
INTC,2023-08-04,34.56195068359375,35.13999938964844,35.560001373291016,34.47999954223633,34.47999954223633,26674900
INTC,2023-08-07,34.65047073364258,35.22999954223633,35.54999923706055,34.75,35.40999984741211,22486900
INTC,2023-08-08,34.44392013549805,35.02000045776367,35.099998474121094,33.86000061035156,34.66999816894531,34753600
INTC,2023-08-09,33.71609115600586,34.279998779296875,35.099998474121094,34.22999954223633,35.0,28720200
INTC,2023-08-10,34.10951614379883,34.68000030517578,35.09000015258789,34.47999954223633,34.70000076293945,30957300
INTC,2023-08-11,34.31605911254883,34.88999938964844,34.95000076293945,34.36000061035156,34.459999084472656,28783700
INTC,2023-08-14,35.09306716918945,35.68000030517578,35.709999084472656,34.470001220703125,34.66999816894531,36896100
INTC,2023-08-15,34.19803237915039,34.77000045776367,35.630001068115234,34.75,35.40999984741211,27420300
INTC,2023-08-16,32.978431701660156,33.529998779296875,34.630001068115234,33.459999084472656,34.52000045776367,35757300
INTC,2023-08-17,32.04405975341797,32.58000183105469,33.59000015258789,32.349998474121094,33.560001373291016,39906700
INTC,2023-08-18,32.211265563964844,32.75,32.90999984741211,32.18000030517578,32.22999954223633,23701100
INTC,2023-08-21,32.5948486328125,33.13999938964844,33.16999816894531,32.02000045776367,32.599998474121094,43718200
INTC,2023-08-22,32.34896469116211,32.88999938964844,33.79999923706055,32.83000183105469,33.220001220703125,23425300
INTC,2023-08-23,33.42103576660156,33.97999954223633,34.150001525878906,32.79999923706055,32.880001068115234,32324300
INTC,2023-08-24,32.05389404296875,32.59000015258789,34.09000015258789,32.4900016784668,33.720001220703125,37931000
INTC,2023-08-25,32.703041076660156,33.25,33.400001525878906,32.349998474121094,32.529998779296875,27324800
INTC,2023-08-28,33.066951751708984,33.619998931884766,33.779998779296875,33.209999084472656,33.5,22341800
INTC,2023-08-29,33.74560546875,34.310001373291016,34.47999954223633,33.470001220703125,33.4900016784668,29943600
INTC,2023-08-30,33.96198272705078,34.529998779296875,34.65999984741211,33.779998779296875,34.060001373291016,26279200
INTC,2023-08-31,34.56195068359375,35.13999938964844,35.560001373291016,34.29999923706055,34.31999969482422,48157600
INTC,2023-09-01,36.00776672363281,36.61000061035156,36.75,35.72999954223633,35.790000915527344,43808500
INTC,2023-09-05,36.10612487792969,36.709999084472656,37.40999984741211,36.459999084472656,36.58000183105469,43379400
INTC,2023-09-06,36.371681213378906,36.97999954223633,37.040000915527344,36.029998779296875,36.560001373291016,39643400
INTC,2023-09-07,37.55194091796875,38.18000030517578,38.34000015258789,36.75,36.83000183105469,67659700
INTC,2023-09-08,37.384735107421875,38.0099983215332,38.83000183105469,37.709999084472656,38.119998931884766,44255200
INTC,2023-09-11,37.955196380615234,38.59000015258789,38.7400016784668,37.84000015258789,38.2400016784668,36349300
INTC,2023-09-12,38.22075653076172,38.86000061035156,40.06999969482422,38.650001525878906,38.650001525878906,55326600
INTC,2023-09-13,38.073219299316406,38.709999084472656,39.150001525878906,38.25,38.79999923706055,35407800
INTC,2023-09-14,38.03387451171875,38.66999816894531,38.900001525878906,38.29999923706055,38.810001373291016,30616500
INTC,2023-09-15,37.25687789916992,37.880001068115234,38.52000045776367,37.619998931884766,38.41999816894531,68881200
INTC,2023-09-18,37.36506652832031,37.9900016784668,38.38999938964844,37.5099983215332,37.619998931884766,29322200
INTC,2023-09-19,35.74220657348633,36.34000015258789,38.099998474121094,36.02000045776367,38.040000915527344,53288100
INTC,2023-09-20,34.11935043334961,34.689998626708984,36.25,34.630001068115234,36.220001220703125,57660800
INTC,2023-09-21,34.08000946044922,34.650001525878906,35.25,34.459999084472656,34.56999969482422,45240600
INTC,2023-09-22,33.61773681640625,34.18000030517578,34.88999938964844,34.13999938964844,34.810001373291016,29232700
INTC,2023-09-25,33.72593307495117,34.290000915527344,34.369998931884766,33.77000045776367,34.0,21729400
INTC,2023-09-26,33.27349853515625,33.83000183105469,34.779998779296875,33.63999938964844,34.13999938964844,34198300
INTC,2023-09-27,34.04066848754883,34.61000061035156,34.83000183105469,33.880001068115234,33.91999816894531,44369100
INTC,2023-09-28,34.60129165649414,35.18000030517578,35.65999984741211,34.380001068115234,34.650001525878906,32265300
INTC,2023-09-29,34.96520233154297,35.54999923706055,35.90999984741211,35.15999984741211,35.650001525878906,28763700
INTC,2023-10-02,34.876686096191406,35.459999084472656,35.97999954223633,34.97999954223633,35.61000061035156,26086200
INTC,2023-10-03,35.10289764404297,35.689998626708984,36.540000915527344,35.27000045776367,35.27000045776367,45292600
INTC,2023-10-04,35.33895492553711,35.93000030517578,36.52000045776367,35.33000183105469,36.52000045776367,39842200
INTC,2023-10-05,35.29961013793945,35.88999938964844,36.099998474121094,35.599998474121094,35.970001220703125,25771200
INTC,2023-10-06,35.59467315673828,36.189998626708984,36.459999084472656,35.18000030517578,35.869998931884766,33262200
INTC,2023-10-09,35.46681594848633,36.060001373291016,36.16999816894531,35.5,35.70000076293945,19376100
INTC,2023-10-10,35.830726623535156,36.43000030517578,36.7400016784668,35.810001373291016,36.13999938964844,24044100
INTC,2023-10-11,36.27333068847656,36.880001068115234,37.029998779296875,36.380001068115234,36.619998931884766,19262600
INTC,2023-10-12,36.23398208618164,36.84000015258789,37.220001220703125,36.38999938964844,36.79999923706055,23639200
INTC,2023-10-13,35.378299713134766,35.970001220703125,36.790000915527344,35.86000061035156,36.7400016784668,28390100
INTC,2023-10-16,35.95859146118164,36.560001373291016,36.939998626708984,36.08000183105469,36.13999938964844,29555800
INTC,2023-10-17,35.46681594848633,36.060001373291016,36.349998474121094,35.06999969482422,35.91999816894531,24993600
INTC,2023-10-18,35.05372619628906,35.63999938964844,36.02000045776367,35.45000076293945,35.52000045776367,22086000
INTC,2023-10-19,35.083229064941406,35.66999816894531,36.36000061035156,35.52000045776367,35.959999084472656,29201800
INTC,2023-10-20,34.34556579589844,34.91999816894531,36.279998779296875,34.869998931884766,35.650001525878906,32303300
INTC,2023-10-23,33.29316711425781,33.849998474121094,35.189998626708984,33.38999938964844,34.599998474121094,53924700
INTC,2023-10-24,34.02099609375,34.59000015258789,34.709999084472656,33.63999938964844,33.63999938964844,52673900
INTC,2023-10-25,32.289955139160156,32.83000183105469,34.45000076293945,32.54999923706055,34.18000030517578,44658500
INTC,2023-10-26,31.985048294067383,32.52000045776367,33.220001220703125,32.150001525878906,32.88999938964844,59142500
INTC,2023-10-27,34.95536804199219,35.540000915527344,36.380001068115234,34.599998474121094,34.65999984741211,84128200
INTC,2023-10-30,35.10289764404297,35.689998626708984,35.959999084472656,34.91999816894531,35.470001220703125,36656300
INTC,2023-10-31,35.89958190917969,36.5,36.56999969482422,35.619998931884766,35.65999984741211,41185200
INTC,2023-11-01,36.67658233642578,37.290000915527344,37.31999969482422,36.279998779296875,36.5,41710700
INTC,2023-11-02,37.079837799072266,37.70000076293945,37.81999969482422,36.90999984741211,37.58000183105469,35440000
INTC,2023-11-03,37.51259994506836,38.13999938964844,38.31999969482422,37.66999816894531,38.0,30502700
INTC,2023-11-06,37.44845962524414,37.95000076293945,38.20000076293945,37.849998474121094,38.02000045776367,23877200
INTC,2023-11-07,38.257625579833984,38.77000045776367,38.900001525878906,37.97999954223633,38.2400016784668,32052000
INTC,2023-11-08,37.418853759765625,37.91999816894531,38.88999938964844,37.75,38.849998474121094,33483400
INTC,2023-11-09,37.30044174194336,37.79999923706055,38.52000045776367,37.77000045776367,38.04999923706055,48955800
INTC,2023-11-10,38.346431732177734,38.86000061035156,38.9900016784668,38.2400016784668,38.2400016784668,38862500
INTC,2023-11-13,37.724754333496094,38.22999954223633,38.56999969482422,38.13999938964844,38.349998474121094,24558300
INTC,2023-11-14,38.88916015625,39.40999984741211,39.4900016784668,38.06999969482422,38.79999923706055,45457400
INTC,2023-11-15,40.073307037353516,40.61000061035156,40.84000015258789,39.58000183105469,39.59000015258789,47392100
INTC,2023-11-16,42.777095794677734,43.349998474121094,43.400001525878906,40.81999969482422,41.0,86405700
INTC,2023-11-17,43.231014251708984,43.810001373291016,43.810001373291016,42.560001373291016,42.90999984741211,49735000
INTC,2023-11-20,44.14872360229492,44.7400016784668,44.93000030517578,43.779998779296875,43.779998779296875,44564900
INTC,2023-11-21,43.063262939453125,43.63999938964844,44.65999984741211,43.29999923706055,44.5,37252100
INTC,2023-11-22,43.09286117553711,43.66999816894531,44.630001068115234,43.540000915527344,44.029998779296875,31481200
INTC,2023-11-24,43.3790283203125,43.959999084472656,44.0,43.61000061035156,43.68000030517578,13037100
INTC,2023-11-27,43.49745178222656,44.08000183105469,44.54999923706055,43.650001525878906,43.650001525878906,33339900
INTC,2023-11-28,43.64546585083008,44.22999954223633,44.380001068115234,43.65999984741211,43.689998626708984,24548900
INTC,2023-11-29,44.3460807800293,44.939998626708984,45.34000015258789,44.599998474121094,44.599998474121094,38982000
INTC,2023-11-30,44.1092529296875,44.70000076293945,45.09000015258789,44.40999984741211,44.650001525878906,46263000
INTC,2023-12-01,43.16194152832031,43.7400016784668,44.36000061035156,42.86000061035156,44.36000061035156,43928400
INTC,2023-12-04,41.790306091308594,42.349998474121094,43.310001373291016,41.689998626708984,43.29999923706055,50417600
INTC,2023-12-05,41.365989685058594,41.91999816894531,42.290000915527344,41.61000061035156,41.90999984741211,31859300
INTC,2023-12-06,40.72458267211914,41.27000045776367,42.59000015258789,41.16999816894531,42.47999954223633,31992300
INTC,2023-12-07,41.592952728271484,42.150001525878906,42.439998626708984,41.18000030517578,41.75,29118700
INTC,2023-12-08,42.135684967041016,42.70000076293945,42.959999084472656,41.810001373291016,41.84000015258789,42815000
INTC,2023-12-11,43.95136642456055,44.540000915527344,44.72999954223633,43.08000183105469,43.15999984741211,48288200
INTC,2023-12-12,43.457977294921875,44.040000915527344,44.439998626708984,43.630001068115234,44.36000061035156,31452200
INTC,2023-12-13,43.9809684753418,44.56999969482422,44.720001220703125,43.33000183105469,44.08000183105469,35216100
INTC,2023-12-14,44.582908630371094,45.18000030517578,47.06999969482422,44.650001525878906,45.0099983215332,70620800
INTC,2023-12-15,45.549957275390625,46.15999984741211,47.27000045776367,45.66999816894531,45.939998626708984,84583400
INTC,2023-12-18,45.08616638183594,45.689998626708984,46.22999954223633,45.400001525878906,46.150001525878906,27895700
INTC,2023-12-19,46.04335021972656,46.65999984741211,46.68000030517578,45.5099983215332,45.599998474121094,35358800
INTC,2023-12-20,45.15523910522461,45.7599983215332,46.95000076293945,45.70000076293945,46.63999938964844,38159100
INTC,2023-12-21,46.457801818847656,47.08000183105469,47.119998931884766,46.02000045776367,46.47999954223633,28320500
INTC,2023-12-22,47.365638732910156,48.0,48.15999984741211,47.20000076293945,47.25,30095700
INTC,2023-12-26,49.83259963989258,50.5,50.52000045776367,48.709999084472656,48.91999816894531,60287400
INTC,2023-12-27,50.08916473388672,50.7599983215332,51.279998779296875,50.189998626708984,50.630001068115234,52148000
INTC,2023-12-28,49.72405242919922,50.38999938964844,50.869998931884766,50.15999984741211,50.810001373291016,27705200
INTC,2023-12-29,49.58590316772461,50.25,50.56999969482422,49.77000045776367,50.29999923706055,29288700
INTC,2024-01-02,47.16828155517578,47.79999923706055,49.380001068115234,47.45000076293945,49.20000076293945,45905700
INTC,2024-01-03,46.428192138671875,47.04999923706055,47.810001373291016,46.79999923706055,47.099998474121094,35858400
INTC,2024-01-04,46.250572204589844,46.869998931884766,47.15999984741211,45.2400016784668,45.720001220703125,47797800
INTC,2024-01-05,46.27030944824219,46.88999938964844,47.83000183105469,46.63999938964844,47.029998779296875,34344000
INTC,2024-01-08,47.8096923828125,48.45000076293945,48.7599983215332,46.970001220703125,47.06999969482422,42135100
INTC,2024-01-09,47.41497802734375,48.04999923706055,48.560001373291016,47.79999923706055,48.0099983215332,30097000
INTC,2024-01-10,46.84264373779297,47.470001220703125,48.29999923706055,46.939998626708984,48.2400016784668,31480200
INTC,2024-01-11,47.01039505004883,47.63999938964844,47.84000015258789,46.72999954223633,47.439998626708984,31707900
INTC,2024-01-12,46.49726867675781,47.119998931884766,47.66999816894531,46.61000061035156,47.599998474121094,27587900
INTC,2024-01-16,46.43806457519531,47.060001373291016,47.220001220703125,46.380001068115234,46.97999954223633,43720700
INTC,2024-01-17,45.45127868652344,46.060001373291016,46.41999816894531,45.650001525878906,46.41999816894531,33488000
INTC,2024-01-18,46.12229537963867,46.7400016784668,47.56999969482422,46.16999816894531,47.029998779296875,46681300
INTC,2024-01-19,47.51365661621094,48.150001525878906,48.7599983215332,46.439998626708984,47.0,55979800
INTC,2024-01-22,47.58273696899414,48.220001220703125,49.16999816894531,47.63999938964844,48.849998474121094,45639500
INTC,2024-01-23,48.24387741088867,48.88999938964844,48.939998626708984,47.31999969482422,48.119998931884766,37224100
INTC,2024-01-24,48.44123458862305,49.09000015258789,49.77000045776367,48.27000045776367,49.16999816894531,49375800
INTC,2024-01-25,48.8951530456543,49.54999923706055,50.29999923706055,48.970001220703125,50.0,84845100
INTC,2024-01-26,43.07312774658203,43.650001525878906,45.40999984741211,43.349998474121094,44.18000030517578,127665300
INTC,2024-01-29,43.260616302490234,43.84000015258789,43.9900016784668,42.810001373291016,43.709999084472656,51790900
INTC,2024-01-30,42.3527717590332,42.91999816894531,43.81999969482422,42.88999938964844,43.66999816894531,47958800
INTC,2024-01-31,42.51066207885742,43.08000183105469,43.790000915527344,42.36000061035156,42.56999969482422,51584200
INTC,2024-02-01,42.78696060180664,43.36000061035156,43.56999969482422,42.4900016784668,43.150001525878906,38819900
INTC,2024-02-02,42.03700256347656,42.599998474121094,43.13999938964844,41.599998474121094,43.0,53683500
INTC,2024-02-05,42.20475769042969,42.77000045776367,43.150001525878906,42.43000030517578,42.619998931884766,28890300
INTC,2024-02-06,42.29877853393555,42.7400016784668,42.779998779296875,42.13999938964844,42.70000076293945,34068200
INTC,2024-02-07,42.33836364746094,42.779998779296875,43.099998474121094,42.54999923706055,42.88999938964844,34269200
INTC,2024-02-08,42.061256408691406,42.5,42.970001220703125,42.33000183105469,42.720001220703125,33206500
INTC,2024-02-09,42.862892150878906,43.310001373291016,43.52000045776367,42.400001525878906,42.54999923706055,51193000
INTC,2024-02-12,43.57545852661133,44.029998779296875,45.040000915527344,43.31999969482422,43.38999938964844,51107300
INTC,2024-02-13,42.714439392089844,43.15999984741211,43.630001068115234,42.7599983215332,43.0,36622200
INTC,2024-02-14,43.73380661010742,44.189998626708984,44.290000915527344,43.38999938964844,43.81999969482422,36186200
INTC,2024-02-15,43.595252990722656,44.04999923706055,45.27000045776367,44.02000045776367,44.7599983215332,44024500
INTC,2024-02-16,43.060829162597656,43.5099983215332,44.220001220703125,43.119998931884766,44.029998779296875,29975300
INTC,2024-02-20,44.060401916503906,44.52000045776367,45.16999816894531,43.41999816894531,44.2599983215332,61514100
INTC,2024-02-21,43.021244049072266,43.470001220703125,44.689998626708984,43.08000183105469,44.47999954223633,57485200
INTC,2024-02-22,42.53630065917969,42.97999954223633,44.68000030517578,42.529998779296875,44.68000030517578,62809300
INTC,2024-02-23,42.54619598388672,42.9900016784668,43.5099983215332,42.65999984741211,43.130001068115234,33810700
INTC,2024-02-26,42.54619598388672,42.9900016784668,43.68000030517578,42.81999969482422,43.5,27035400
INTC,2024-02-27,42.28887939453125,42.72999954223633,43.27000045776367,42.5099983215332,43.25,25126400
INTC,2024-02-28,41.5565185546875,41.9900016784668,42.45000076293945,41.90999984741211,42.439998626708984,26928500
INTC,2024-02-29,42.60557556152344,43.04999923706055,43.150001525878906,42.36000061035156,42.369998931884766,48875100
INTC,2024-03-01,43.36763000488281,43.81999969482422,44.27000045776367,43.130001068115234,43.40999984741211,41426100
INTC,2024-03-04,45.13915252685547,45.61000061035156,46.61000061035156,43.849998474121094,44.27000045776367,59990800
INTC,2024-03-05,42.714439392089844,43.15999984741211,44.869998931884766,42.689998626708984,44.560001373291016,56655100
INTC,2024-03-06,44.05050277709961,44.5099983215332,45.5099983215332,43.560001373291016,43.93000030517578,52652000
INTC,2024-03-07,45.67357635498047,46.150001525878906,46.41999816894531,45.18000030517578,45.54999923706055,50378200
INTC,2024-03-08,43.54576873779297,44.0,46.630001068115234,44.0,46.439998626708984,54916600
INTC,2024-03-11,44.39689254760742,44.86000061035156,44.93000030517578,43.65999984741211,43.869998931884766,35051000
INTC,2024-03-12,44.772972106933594,45.2400016784668,45.27000045776367,44.459999084472656,45.060001373291016,31795800
INTC,2024-03-13,42.78371810913086,43.22999954223633,44.97999954223633,43.20000076293945,44.5099983215332,53195900
INTC,2024-03-14,42.30867385864258,42.75,43.349998474121094,42.5099983215332,43.22999954223633,38100000
INTC,2024-03-15,42.199806213378906,42.63999938964844,43.150001525878906,42.349998474121094,42.45000076293945,66952900
INTC,2024-03-18,42.26908874511719,42.709999084472656,43.380001068115234,42.599998474121094,43.09000015258789,27668300
INTC,2024-03-19,41.61589813232422,42.04999923706055,42.290000915527344,41.439998626708984,42.25,34673000
INTC,2024-03-20,41.76435089111328,42.20000076293945,43.0099983215332,41.40999984741211,42.9900016784668,74865000
INTC,2024-03-21,41.982078552246094,42.41999816894531,43.599998474121094,42.31999969482422,42.9900016784668,50807600
INTC,2024-03-22,42.130531311035156,42.56999969482422,42.79999923706055,42.09000015258789,42.25,28503100
INTC,2024-03-25,41.39817428588867,41.83000183105469,42.220001220703125,40.56999969482422,40.88999938964844,47276500
INTC,2024-03-26,41.5565185546875,41.9900016784668,42.27000045776367,41.65999984741211,41.95000076293945,39109700
INTC,2024-03-27,43.318145751953125,43.77000045776367,43.83000183105469,42.5,42.540000915527344,51017800
INTC,2024-03-28,43.714012145996094,44.16999816894531,44.599998474121094,43.709999084472656,43.7599983215332,54204200
INTC,2024-04-01,44.060401916503906,44.52000045776367,45.40999984741211,44.18000030517578,44.290000915527344,31712600
INTC,2024-04-02,43.486385345458984,43.939998626708984,44.08000183105469,43.5,43.93000030517578,32748400
INTC,2024-04-03,39.91366195678711,40.33000183105469,41.650001525878906,40.220001220703125,41.400001525878906,83718000
INTC,2024-04-04,39.31985092163086,39.72999954223633,40.779998779296875,39.70000076293945,40.59000015258789,57307200
INTC,2024-04-05,38.31038284301758,38.709999084472656,39.459999084472656,38.5099983215332,39.349998474121094,67263000
INTC,2024-04-08,37.58791732788086,37.97999954223633,38.86000061035156,37.90999984741211,38.63999938964844,56967800
INTC,2024-04-09,37.934303283691406,38.33000183105469,38.58000183105469,37.33000183105469,38.04999923706055,78671700
INTC,2024-04-10,36.81597137451172,37.20000076293945,38.220001220703125,37.02000045776367,38.02000045776367,51108400
INTC,2024-04-11,37.24153137207031,37.630001068115234,37.66999816894531,37.08000183105469,37.43000030517578,41909100
INTC,2024-04-12,35.321556091308594,35.689998626708984,36.70000076293945,35.599998474121094,36.689998626708984,80254800
INTC,2024-04-15,35.935157775878906,36.310001373291016,36.70000076293945,35.88999938964844,36.040000915527344,50751600
INTC,2024-04-16,35.88566970825195,36.2599983215332,36.5099983215332,35.7599983215332,36.27000045776367,30607500
INTC,2024-04-17,35.31166076660156,35.68000030517578,36.130001068115234,35.369998931884766,36.099998474121094,41173300
INTC,2024-04-18,34.67826843261719,35.040000915527344,35.65999984741211,34.77000045776367,35.41999816894531,42334400
INTC,2024-04-19,33.84693908691406,34.20000076293945,35.130001068115234,34.18000030517578,35.130001068115234,59070300
INTC,2024-04-22,34.054771423339844,34.40999984741211,34.56999969482422,34.08000183105469,34.41999816894531,39909900
INTC,2024-04-23,33.92611312866211,34.279998779296875,34.599998474121094,34.18000030517578,34.34000015258789,46834000
INTC,2024-04-24,34.14384078979492,34.5,35.18000030517578,34.34000015258789,34.86000061035156,53261100
INTC,2024-04-25,34.74754333496094,35.11000061035156,35.29999923706055,34.5,34.560001373291016,66549400
INTC,2024-04-26,31.55088996887207,31.8799991607666,32.2400016784668,30.639999389648438,31.780000686645508,119742500
INTC,2024-04-29,31.036258697509766,31.360000610351562,31.90999984741211,31.06999969482422,31.860000610351562,58533300
INTC,2024-04-30,30.155445098876953,30.469999313354492,31.18000030517578,30.420000076293945,31.040000915527344,72346400
INTC,2024-05-01,30.05647850036621,30.3700008392334,31.040000915527344,30.020000457763672,30.170000076293945,60654800
INTC,2024-05-02,30.195032119750977,30.510000228881836,30.670000076293945,30.190000534057617,30.59000015258789,50899400
INTC,2024-05-03,30.581005096435547,30.899999618530273,31.059999465942383,30.700000762939453,30.979999542236328,36794800
INTC,2024-05-06,30.774776458740234,30.969999313354492,31.200000762939453,30.729999542236328,31.1200008392334,36185600
INTC,2024-05-07,30.486604690551758,30.68000030517578,31.450000762939453,30.610000610351562,31.09000015258789,44683400
INTC,2024-05-08,29.81089210510254,30.0,30.149999618530273,29.729999542236328,30.0,63734600
INTC,2024-05-09,29.90032386779785,30.09000015258789,30.389999389648438,29.809999465942383,29.93000030517578,45003400
INTC,2024-05-10,29.66183853149414,29.850000381469727,30.459999084472656,29.84000015258789,30.329999923706055,42931300
INTC,2024-05-13,30.317676544189453,30.510000228881836,31.1299991607666,30.0,30.030000686645508,51459100
INTC,2024-05-14,30.854272842407227,31.049999237060547,31.110000610351562,30.610000610351562,30.6200008392334,47759900
INTC,2024-05-15,31.072887420654297,31.270000457763672,31.399999618530273,30.809999465942383,31.3799991607666,36992900
INTC,2024-05-16,31.828094482421875,32.029998779296875,32.2599983215332,31.520000457763672,31.6299991607666,47752800
INTC,2024-05-17,31.629356384277344,31.829999923706055,32.11000061035156,31.59000015258789,32.060001373291016,41449800
INTC,2024-05-20,31.897653579711914,32.099998474121094,32.41999816894531,31.760000228881836,31.850000381469727,31989000
INTC,2024-05-21,31.5399227142334,31.739999771118164,32.2400016784668,31.6200008392334,31.979999542236328,42975400
INTC,2024-05-22,31.221940994262695,31.420000076293945,32.06999969482422,31.100000381469727,31.90999984741211,36706400
INTC,2024-05-23,29.8903865814209,30.079999923706055,31.56999969482422,29.8700008392334,31.450000762939453,62014500
INTC,2024-05-24,30.526351928710938,30.719999313354492,31.020000457763672,30.1299991607666,30.290000915527344,42434500
INTC,2024-05-28,30.86421012878418,31.059999465942383,31.3700008392334,30.65999984741211,30.940000534057617,36799100
INTC,2024-05-29,29.94007110595703,30.1299991607666,30.670000076293945,30.110000610351562,30.469999313354492,35848600
INTC,2024-05-30,29.99969482421875,30.190000534057617,30.5,30.059999465942383,30.209999084472656,33351000
INTC,2024-05-31,30.655534744262695,30.850000381469727,30.959999084472656,29.940000534057617,30.219999313354492,95797500
INTC,2024-06-03,30.099063873291016,30.290000915527344,31.06999969482422,30.049999237060547,31.030000686645508,35544900
INTC,2024-06-04,29.8407039642334,30.030000686645508,30.75,29.940000534057617,30.75,51027200
INTC,2024-06-05,30.585975646972656,30.780000686645508,30.84000015258789,30.010000228881836,30.270000457763672,44161700
INTC,2024-06-06,30.22824478149414,30.420000076293945,30.59000015258789,30.15999984741211,30.549999237060547,34248100
INTC,2024-06-07,30.546226501464844,30.739999771118164,30.780000686645508,30.209999084472656,30.25,34085500
INTC,2024-06-10,30.71515464782715,30.90999984741211,30.950000762939453,30.290000915527344,30.549999237060547,37396500
INTC,2024-06-11,30.7250919342041,30.920000076293945,31.030000686645508,30.530000686645508,30.770000457763672,25326900
INTC,2024-06-12,30.56610107421875,30.760000228881836,31.479999542236328,30.389999389648438,31.459999084472656,51323900
INTC,2024-06-13,30.26799201965332,30.459999084472656,30.579999923706055,30.139999389648438,30.3799991607666,33787200
INTC,2024-06-14,30.258056640625,30.450000762939453,30.559999465942383,30.209999084472656,30.290000915527344,28125900
INTC,2024-06-17,30.784713745117188,30.979999542236328,31.0,30.18000030517578,30.34000015258789,36235300
INTC,2024-06-18,30.436920166015625,30.6299991607666,31.469999313354492,30.5,30.989999771118164,33294700
INTC,2024-06-20,30.426984786987305,30.6200008392334,31.110000610351562,30.450000762939453,30.559999465942383,43826300
INTC,2024-06-21,30.894020080566406,31.09000015258789,31.360000610351562,30.670000076293945,30.850000381469727,90795200
INTC,2024-06-24,30.37729835510254,30.56999969482422,31.420000076293945,30.530000686645508,31.139999389648438,40611800
INTC,2024-06-25,30.546226501464844,30.739999771118164,30.829999923706055,30.290000915527344,30.700000762939453,29323600
INTC,2024-06-26,30.347488403320312,30.540000915527344,30.68000030517578,30.270000457763672,30.639999389648438,30743000
INTC,2024-06-27,30.397172927856445,30.59000015258789,30.65999984741211,30.290000915527344,30.420000076293945,30184300
INTC,2024-06-28,30.774776458740234,30.969999313354492,31.309999465942383,30.719999313354492,30.75,41467700
INTC,2024-07-01,30.645597457885742,30.84000015258789,31.020000457763672,30.610000610351562,30.90999984741211,32401800
INTC,2024-07-02,30.874147415161133,31.06999969482422,31.309999465942383,30.59000015258789,30.860000610351562,35999300
INTC,2024-07-03,31.033138275146484,31.229999542236328,31.34000015258789,30.90999984741211,31.1200008392334,24065700
INTC,2024-07-05,31.818159103393555,32.02000045776367,32.34000015258789,31.309999465942383,31.399999618530273,45309400
INTC,2024-07-08,33.77574157714844,33.9900016784668,34.09000015258789,32.81999969482422,33.029998779296875,82315900
INTC,2024-07-09,34.3719596862793,34.59000015258789,35.220001220703125,33.720001220703125,35.02000045776367,97546900
INTC,2024-07-10,34.65019226074219,34.869998931884766,34.970001220703125,34.130001068115234,34.439998626708984,52256200
INTC,2024-07-11,33.2888298034668,33.5,35.150001525878906,33.310001373291016,35.029998779296875,55213700
INTC,2024-07-12,34.27259063720703,34.4900016784668,35.47999954223633,33.77000045776367,33.77000045776367,62792600
INTC,2024-07-15,34.242774963378906,34.459999084472656,35.22999954223633,34.310001373291016,34.70000076293945,39847900
INTC,2024-07-16,34.12353515625,34.34000015258789,34.45000076293945,33.84000015258789,34.36000061035156,28409900
INTC,2024-07-17,34.242774963378906,34.459999084472656,37.15999984741211,34.400001525878906,36.08000183105469,112304200
INTC,2024-07-18,34.65019226074219,34.869998931884766,36.29999923706055,34.529998779296875,34.959999084472656,84188600
INTC,2024-07-19,32.7721061706543,32.97999954223633,34.58000183105469,32.849998474121094,34.56999969482422,69628700
INTC,2024-07-22,33.15964889526367,33.369998931884766,33.40999984741211,32.7599983215332,33.279998779296875,48503700
INTC,2024-07-23,32.7422981262207,32.95000076293945,33.22999954223633,32.83000183105469,32.959999084472656,29466400
INTC,2024-07-24,31.50017547607422,31.700000762939453,32.79999923706055,31.65999984741211,32.529998779296875,62216700
INTC,2024-07-25,30.90395736694336,31.100000381469727,31.989999771118164,30.950000762939453,31.3700008392334,49774000
INTC,2024-07-26,31.152381896972656,31.350000381469727,31.559999465942383,31.020000457763672,31.43000030517578,38352500
INTC,2024-07-29,30.63566017150879,30.829999923706055,31.469999313354492,30.790000915527344,31.420000076293945,32342200
INTC,2024-07-30,29.94007110595703,30.1299991607666,30.90999984741211,30.010000228881836,30.850000381469727,48256600
INTC,2024-07-31,30.546226501464844,30.739999771118164,30.8700008392334,30.280000686645508,30.540000915527344,56110600
INTC,2024-08-01,28.866878509521484,29.049999237060547,30.709999084472656,28.889999389648438,30.43000030517578,107672500
INTC,2024-08-02,21.3445987701416,21.479999542236328,21.979999542236328,20.420000076293945,21.940000534057617,300895900
INTC,2024-08-05,19.983234405517578,20.110000610351562,20.389999389648438,19.290000915527344,20.200000762939453,147385700
INTC,2024-08-06,19.704999923706055,19.829999923706055,20.6299991607666,19.75,20.31999969482422,106670400
INTC,2024-08-07,18.989999771118164,18.989999771118164,20.25,18.950000762939453,19.920000076293945,97972300
INTC,2024-08-08,20.489999771118164,20.489999771118164,20.549999237060547,18.84000015258789,19.100000381469727,96836800
INTC,2024-08-09,19.709999084472656,19.709999084472656,20.149999618530273,19.5,20.079999923706055,76394500
INTC,2024-08-12,19.360000610351562,19.360000610351562,19.969999313354492,19.0,19.8700008392334,54677600
INTC,2024-08-13,20.469999313354492,20.469999313354492,20.479999542236328,19.469999313354492,19.479999542236328,77511300
INTC,2024-08-14,19.920000076293945,19.920000076293945,20.5,19.790000915527344,20.489999771118164,56758200
INTC,2024-08-15,20.690000534057617,20.690000534057617,21.059999465942383,20.229999542236328,20.31999969482422,84814900
INTC,2024-08-16,20.8700008392334,20.8700008392334,20.899999618530273,20.40999984741211,20.530000686645508,48582700
INTC,2024-08-19,21.520000457763672,21.520000457763672,21.860000610351562,20.84000015258789,20.889999389648438,65956300
INTC,2024-08-20,20.989999771118164,20.989999771118164,21.229999542236328,20.81999969482422,21.209999084472656,84161300
INTC,2024-08-21,21.40999984741211,21.40999984741211,21.440000534057617,21.06999969482422,21.06999969482422,57028900
INTC,2024-08-22,20.100000381469727,20.100000381469727,21.399999618530273,20.040000915527344,21.389999389648438,81444700
INTC,2024-08-23,20.540000915527344,20.540000915527344,20.93000030517578,20.260000228881836,20.31999969482422,73398400
INTC,2024-08-26,20.1299991607666,20.1299991607666,20.559999465942383,19.950000762939453,20.530000686645508,58534800
INTC,2024-08-27,20.06999969482422,20.06999969482422,20.260000228881836,19.84000015258789,20.1299991607666,43862000
INTC,2024-08-28,19.610000610351562,19.610000610351562,20.110000610351562,19.510000228881836,19.979999542236328,50144900
INTC,2024-08-29,20.1299991607666,20.1299991607666,20.600000381469727,19.75,19.760000228881836,64529700
INTC,2024-08-30,22.040000915527344,22.040000915527344,22.1200008392334,21.0,21.25,177785400
INTC,2024-09-03,20.100000381469727,20.100000381469727,21.690000534057617,19.989999771118164,21.540000915527344,115305500
INTC,2024-09-04,19.43000030517578,19.43000030517578,20.049999237060547,19.280000686645508,19.760000228881836,85871900
INTC,2024-09-05,19.399999618530273,19.399999618530273,19.899999618530273,19.239999771118164,19.280000686645508,65388800
INTC,2024-09-06,18.889999389648438,18.889999389648438,19.489999771118164,18.639999389648438,19.440000534057617,92686500
INTC,2024-09-09,19.06999969482422,19.06999969482422,19.540000915527344,18.950000762939453,19.0,64244100
INTC,2024-09-10,18.979999542236328,18.979999542236328,19.110000610351562,18.510000228881836,19.030000686645508,55621300
INTC,2024-09-11,19.639999389648438,19.639999389648438,19.690000534057617,18.520000457763672,19.010000228881836,71403100
INTC,2024-09-12,19.360000610351562,19.360000610351562,19.540000915527344,19.040000915527344,19.43000030517578,51520600
INTC,2024-09-13,19.65999984741211,19.65999984741211,19.799999237060547,19.489999771118164,19.489999771118164,44236300
INTC,2024-09-16,20.90999984741211,20.90999984741211,21.06999969482422,19.760000228881836,20.030000686645508,149337000
INTC,2024-09-17,21.469999313354492,21.469999313354492,22.579999923706055,21.239999771118164,21.709999084472656,196249800
INTC,2024-09-18,20.770000457763672,20.770000457763672,21.739999771118164,20.719999313354492,21.360000610351562,118727900
INTC,2024-09-19,21.139999389648438,21.139999389648438,21.690000534057617,21.030000686645508,21.280000686645508,99829200
INTC,2024-09-20,21.84000015258789,21.84000015258789,23.139999389648438,20.350000381469727,20.889999389648438,260377900
INTC,2024-09-23,22.559999465942383,22.559999465942383,22.81999969482422,22.030000686645508,22.43000030517578,184439100
INTC,2024-09-24,22.809999465942383,22.809999465942383,23.110000610351562,22.290000915527344,22.530000686645508,113082500
INTC,2024-09-25,23.540000915527344,23.540000915527344,24.059999465942383,22.729999542236328,22.799999237060547,117013400
INTC,2024-09-26,23.920000076293945,23.920000076293945,24.420000076293945,23.25,24.280000686645508,95416900
INTC,2024-09-27,23.90999984741211,23.90999984741211,24.65999984741211,23.700000762939453,24.15999984741211,85883300
INTC,2024-09-30,23.459999084472656,23.459999084472656,23.950000762939453,23.09000015258789,23.739999771118164,66308200
INTC,2024-10-01,22.690000534057617,22.690000534057617,23.719999313354492,22.260000228881836,23.459999084472656,86344400
INTC,2024-10-02,22.389999389648438,22.389999389648438,23.06999969482422,22.350000381469727,22.670000076293945,59033900
INTC,2024-10-03,22.260000228881836,22.260000228881836,22.729999542236328,21.649999618530273,22.139999389648438,49565900
INTC,2024-10-04,22.59000015258789,22.59000015258789,22.90999984741211,22.299999237060547,22.700000762939453,49845500
INTC,2024-10-07,22.3799991607666,22.3799991607666,22.649999618530273,22.020000457763672,22.399999618530273,54928700
INTC,2024-10-08,23.31999969482422,23.31999969482422,23.420000076293945,22.049999237060547,22.25,58650500
INTC,2024-10-09,23.459999084472656,23.459999084472656,23.479999542236328,23.059999465942383,23.25,44759000
INTC,2024-10-10,23.219999313354492,23.219999313354492,23.530000686645508,22.959999084472656,23.190000534057617,44874600
INTC,2024-10-11,23.559999465942383,23.559999465942383,23.81999969482422,22.979999542236328,23.049999237060547,43585300
INTC,2024-10-14,23.440000534057617,23.440000534057617,23.770000457763672,23.270000457763672,23.579999923706055,35403600
INTC,2024-10-15,22.65999984741211,22.65999984741211,23.719999313354492,22.469999313354492,23.40999984741211,68900600
INTC,2024-10-16,22.309999465942383,22.309999465942383,22.540000915527344,21.739999771118164,22.3799991607666,62151800
INTC,2024-10-17,22.440000534057617,22.440000534057617,22.81999969482422,22.399999618530273,22.719999313354492,43807600
INTC,2024-10-18,22.770000457763672,22.770000457763672,22.81999969482422,22.5,22.610000610351562,39971700
INTC,2024-10-21,22.84000015258789,22.84000015258789,22.8799991607666,22.25,22.610000610351562,39727000
INTC,2024-10-22,22.399999618530273,22.399999618530273,22.81999969482422,22.170000076293945,22.729999542236328,50160400
INTC,2024-10-23,21.979999542236328,21.979999542236328,22.43000030517578,21.579999923706055,22.299999237060547,45799100
INTC,2024-10-24,22.34000015258789,22.34000015258789,22.3700008392334,21.969999313354492,22.09000015258789,40554400
INTC,2024-10-25,22.68000030517578,22.68000030517578,23.34000015258789,22.40999984741211,22.420000076293945,67503000
INTC,2024-10-28,22.920000076293945,22.920000076293945,23.270000457763672,22.559999465942383,22.670000076293945,41915000
INTC,2024-10-29,22.899999618530273,22.899999618530273,23.139999389648438,22.40999984741211,22.8700008392334,83422200
INTC,2024-10-30,22.299999237060547,22.299999237060547,22.93000030517578,22.260000228881836,22.420000076293945,50941200
INTC,2024-10-31,21.520000457763672,21.520000457763672,22.25,21.469999313354492,22.149999618530273,112485500
INTC,2024-11-01,23.200000762939453,23.200000762939453,23.579999923706055,21.90999984741211,23.0,173471100
INTC,2024-11-04,22.520000457763672,22.520000457763672,23.0,22.0,22.959999084472656,84616300
INTC,2024-11-05,23.31999969482422,23.31999969482422,23.579999923706055,22.399999618530273,22.579999923706055,59153300
INTC,2024-11-06,25.049999237060547,25.049999237060547,25.1200008392334,24.049999237060547,24.299999237060547,116760500
INTC,2024-11-07,26.229999542236328,26.229999542236328,26.3799991607666,25.190000534057617,25.43000030517578,101489300
INTC,2024-11-08,26.200000762939453,26.200000762939453,26.43000030517578,25.829999923706055,26.0,76428000
INTC,2024-11-11,25.049999237060547,25.049999237060547,26.290000915527344,24.829999923706055,25.959999084472656,80185300
INTC,2024-11-12,24.15999984741211,24.15999984741211,24.959999084472656,23.889999389648438,24.65999984741211,62539700
INTC,2024-11-13,24.920000076293945,24.920000076293945,25.139999389648438,24.020000457763672,24.059999465942383,58202000
INTC,2024-11-14,25.030000686645508,25.030000686645508,25.610000610351562,24.93000030517578,25.1200008392334,49252100
INTC,2024-11-15,24.350000381469727,24.350000381469727,24.81999969482422,24.229999542236328,24.809999465942383,55104900
INTC,2024-11-18,24.84000015258789,24.84000015258789,25.020000457763672,24.15999984741211,24.329999923706055,59589500
INTC,2024-11-19,24.200000762939453,24.200000762939453,24.540000915527344,24.100000381469727,24.5,61190900
INTC,2024-11-20,24.010000228881836,24.010000228881836,24.209999084472656,23.549999237060547,24.06999969482422,50191500
INTC,2024-11-21,24.440000534057617,24.440000534057617,24.770000457763672,23.829999923706055,24.079999923706055,58928400
INTC,2024-11-22,24.5,24.5,24.68000030517578,24.139999389648438,24.350000381469727,36784700
INTC,2024-11-25,24.8700008392334,24.8700008392334,25.56999969482422,24.760000228881836,25.040000915527344,91128400
INTC,2024-11-26,24.049999237060547,24.049999237060547,24.989999771118164,23.809999465942383,24.950000762939453,69613600
INTC,2024-11-27,23.649999618530273,23.649999618530273,23.93000030517578,23.059999465942383,23.829999923706055,53992300
INTC,2024-11-29,24.049999237060547,24.049999237060547,24.280000686645508,23.600000381469727,23.719999313354492,36616800
INTC,2024-12-02,23.93000030517578,23.93000030517578,25.479999542236328,23.440000534057617,24.84000015258789,150497900
INTC,2024-12-03,22.469999313354492,22.469999313354492,23.75,22.440000534057617,23.68000030517578,138160500
INTC,2024-12-04,21.959999084472656,21.959999084472656,22.540000915527344,21.809999465942383,22.530000686645508,104649000
INTC,2024-12-05,20.799999237060547,20.799999237060547,22.190000534057617,20.65999984741211,22.040000915527344,167993500
INTC,2024-12-06,20.920000076293945,20.920000076293945,21.049999237060547,20.65999984741211,20.950000762939453,78539100
INTC,2024-12-09,20.809999465942383,20.809999465942383,21.059999465942383,20.729999542236328,20.920000076293945,68818200
INTC,2024-12-10,20.15999984741211,20.15999984741211,20.860000610351562,19.959999084472656,20.829999923706055,90004800
INTC,2024-12-11,20.1200008392334,20.1200008392334,20.25,19.8700008392334,20.139999389648438,75209300
INTC,2024-12-12,20.780000686645508,20.780000686645508,20.899999618530273,19.920000076293945,20.020000457763672,77695000
INTC,2024-12-13,20.34000015258789,20.34000015258789,20.799999237060547,20.25,20.600000381469727,55104100
INTC,2024-12-16,20.829999923706055,20.829999923706055,21.100000381469727,20.0,20.170000076293945,73832900
INTC,2024-12-17,20.440000534057617,20.440000534057617,20.770000457763672,20.290000915527344,20.639999389648438,51767200
INTC,2024-12-18,19.299999237060547,19.299999237060547,20.579999923706055,19.209999084472656,20.479999542236328,86041200
INTC,2024-12-19,19.059999465942383,19.059999465942383,19.690000534057617,19.030000686645508,19.530000686645508,69117800
INTC,2024-12-20,19.520000457763672,19.520000457763672,19.760000228881836,18.899999618530273,18.969999313354492,108453700
INTC,2024-12-23,20.200000762939453,20.200000762939453,20.229999542236328,19.520000457763672,19.579999923706055,57988400
INTC,2024-12-24,20.399999618530273,20.399999618530273,20.399999618530273,19.959999084472656,20.219999313354492,29884000
INTC,2024-12-26,20.440000534057617,20.440000534057617,20.670000076293945,20.079999923706055,20.229999542236328,39846200
INTC,2024-12-27,20.299999237060547,20.299999237060547,20.610000610351562,20.09000015258789,20.209999084472656,48260800
INTC,2024-12-30,19.81999969482422,19.81999969482422,20.110000610351562,19.729999542236328,20.010000228881836,59608100
INTC,2024-12-31,20.049999237060547,20.049999237060547,20.399999618530273,19.8799991607666,19.989999771118164,49846700
INTC,2025-01-02,20.219999313354492,20.219999313354492,20.43000030517578,20.0,20.229999542236328,46438500
INTC,2025-01-03,20.559999465942383,20.559999465942383,20.670000076293945,20.059999465942383,20.389999389648438,48983900
INTC,2025-01-06,19.8700008392334,19.8700008392334,20.979999542236328,19.780000686645508,20.829999923706055,83271000
INTC,2025-01-07,20.010000228881836,20.010000228881836,20.34000015258789,19.899999618530273,20.020000457763672,61726100
INTC,2025-01-08,19.8799991607666,19.8799991607666,20.1200008392334,19.709999084472656,19.829999923706055,47897100
INTC,2025-01-10,19.149999618530273,19.149999618530273,19.65999984741211,18.90999984741211,19.65999984741211,71244600
INTC,2025-01-13,19.200000762939453,19.200000762939453,19.25,18.729999542236328,18.920000076293945,50669000
INTC,2025-01-14,19.200000762939453,19.200000762939453,19.520000457763672,18.81999969482422,19.360000610351562,47147500
INTC,2025-01-15,19.719999313354492,19.719999313354492,19.770000457763672,19.170000076293945,19.399999618530273,56306000
INTC,2025-01-16,19.670000076293945,19.670000076293945,19.950000762939453,19.399999618530273,19.75,44898100
INTC,2025-01-17,21.489999771118164,21.489999771118164,21.6200008392334,20.790000915527344,21.260000228881836,166483900
INTC,2025-01-21,21.770000457763672,21.770000457763672,22.40999984741211,21.75,22.030000686645508,96262200
INTC,2025-01-22,21.860000610351562,21.860000610351562,22.290000915527344,21.56999969482422,21.729999542236328,60972600
INTC,2025-01-23,21.56999969482422,21.56999969482422,21.75,21.350000381469727,21.690000534057617,55778200
INTC,2025-01-24,20.829999923706055,20.829999923706055,21.40999984741211,20.75,21.360000610351562,66300600
INTC,2025-01-27,20.290000915527344,20.290000915527344,21.059999465942383,20.139999389648438,20.809999465942383,83582100
INTC,2025-01-28,19.799999237060547,19.799999237060547,20.34000015258789,19.739999771118164,20.34000015258789,73411400
INTC,2025-01-29,19.75,19.75,20.079999923706055,19.65999984741211,19.8700008392334,86506800
INTC,2025-01-30,20.010000228881836,20.010000228881836,20.100000381469727,19.43000030517578,19.719999313354492,108167000
INTC,2025-01-31,19.43000030517578,19.43000030517578,20.329999923706055,19.3799991607666,20.100000381469727,117081700
INTC,2025-02-03,19.3799991607666,19.3799991607666,19.75,18.780000686645508,18.969999313354492,77523100
INTC,2025-02-04,19.290000915527344,19.290000915527344,19.530000686645508,19.020000457763672,19.100000381469727,54098200
INTC,2025-02-05,19.649999618530273,19.649999618530273,19.770000457763672,18.90999984741211,19.190000534057617,66059200
INTC,2025-02-06,19.3799991607666,19.3799991607666,19.700000762939453,19.219999313354492,19.510000228881836,45553800
INTC,2025-02-07,19.100000381469727,19.100000381469727,19.360000610351562,19.030000686645508,19.350000381469727,58277900
INTC,2025-02-10,19.770000457763672,19.770000457763672,20.079999923706055,19.239999771118164,19.25,73007300
INTC,2025-02-11,20.969999313354492,20.969999313354492,21.8799991607666,19.860000610351562,19.8700008392334,150960700
INTC,2025-02-12,22.479999542236328,22.479999542236328,22.559999465942383,20.93000030517578,21.979999542236328,162631200
INTC,2025-02-13,24.1299991607666,24.1299991607666,24.829999923706055,22.790000915527344,22.84000015258789,248661300
INTC,2025-02-14,23.600000381469727,23.600000381469727,25.190000534057617,22.860000610351562,24.360000610351562,230254100
INTC,2025-02-18,27.389999389648438,27.389999389648438,27.549999237060547,24.489999771118164,24.600000381469727,284292200
INTC,2025-02-19,25.719999313354492,25.719999313354492,26.329999923706055,25.459999084472656,25.979999542236328,151881700
INTC,2025-02-20,26.09000015258789,26.09000015258789,26.1200008392334,24.479999542236328,25.559999465942383,144939600
INTC,2025-02-21,24.8700008392334,24.8700008392334,26.290000915527344,24.84000015258789,25.959999084472656,111630900
INTC,2025-02-24,24.270000457763672,24.270000457763672,24.799999237060547,23.6200008392334,24.549999237060547,91358100
INTC,2025-02-25,22.989999771118164,22.989999771118164,24.280000686645508,22.770000457763672,24.209999084472656,88886500
INTC,2025-02-26,23.520000457763672,23.520000457763672,23.81999969482422,23.209999084472656,23.25,67449300
INTC,2025-02-27,23.09000015258789,23.09000015258789,24.399999618530273,23.06999969482422,23.700000762939453,97871900
INTC,2025-02-28,23.729999542236328,23.729999542236328,24.440000534057617,22.639999389648438,23.020000457763672,104133800
INTC,2025-03-03,22.739999771118164,22.739999771118164,25.040000915527344,22.520000457763672,25.0,141348700
INTC,2025-03-04,21.329999923706055,21.329999923706055,22.6299991607666,20.760000228881836,22.540000915527344,152182200
INTC,2025-03-05,20.809999465942383,20.809999465942383,21.360000610351562,20.18000030517578,21.329999923706055,127219300
INTC,2025-03-06,20.75,20.75,21.1299991607666,20.0,20.260000228881836,96466400
INTC,2025-03-07,20.639999389648438,20.639999389648438,21.200000762939453,20.110000610351562,20.270000457763672,81099600
INTC,2025-03-10,19.93000030517578,19.93000030517578,20.510000228881836,19.649999618530273,20.239999771118164,82760600
INTC,2025-03-11,19.780000686645508,19.780000686645508,20.059999465942383,19.290000915527344,19.969999313354492,80789000
INTC,2025-03-12,20.68000030517578,20.68000030517578,21.170000076293945,20.209999084472656,20.790000915527344,128671100
INTC,2025-03-13,23.700000762939453,23.700000762939453,24.530000686645508,23.1299991607666,23.5,243261000
INTC,2025-03-14,24.049999237060547,24.049999237060547,24.3700008392334,23.520000457763672,23.68000030517578,116901600
INTC,2025-03-17,25.690000534057617,25.690000534057617,26.149999618530273,24.3700008392334,24.420000076293945,160723600
INTC,2025-03-18,25.920000076293945,25.920000076293945,26.40999984741211,25.389999389648438,25.549999237060547,132488800
INTC,2025-03-19,24.1200008392334,24.1200008392334,25.229999542236328,24.030000686645508,24.899999618530273,135491400
INTC,2025-03-20,23.959999084472656,23.959999084472656,24.309999465942383,23.729999542236328,23.770000457763672,68937600
INTC,2025-03-21,24.260000228881836,24.260000228881836,24.700000762939453,23.489999771118164,23.600000381469727,94110700
INTC,2025-03-24,24.219999313354492,24.219999313354492,24.989999771118164,24.1299991607666,24.719999313354492,69169000
INTC,2025-03-25,24.200000762939453,24.200000762939453,24.75,24.110000610351562,24.18000030517578,51743300
INTC,2025-03-26,23.420000076293945,23.420000076293945,24.420000076293945,23.25,24.25,59496700
INTC,2025-03-27,23.6200008392334,23.6200008392334,23.760000228881836,22.860000610351562,23.290000915527344,57720600
INTC,2025-03-28,22.709999084472656,22.709999084472656,23.579999923706055,22.559999465942383,23.350000381469727,58365300
INTC,2025-03-31,22.709999084472656,22.709999084472656,22.75,21.75,22.3799991607666,65832000
INTC,2025-04-01,22.049999237060547,22.049999237060547,22.6200008392334,21.65999984741211,22.559999465942383,64060400
INTC,2025-04-02,21.979999542236328,21.979999542236328,22.3799991607666,21.700000762939453,21.889999389648438,58878800
INTC,2025-04-03,22.43000030517578,22.43000030517578,23.899999618530273,20.860000610351562,21.399999618530273,242972100
INTC,2025-04-04,19.850000381469727,19.850000381469727,22.200000762939453,19.700000762939453,21.700000762939453,175014700
INTC,2025-04-07,19.56999969482422,19.56999969482422,20.670000076293945,18.559999465942383,19.139999389648438,142491200
INTC,2025-04-08,18.1299991607666,18.1299991607666,20.389999389648438,17.670000076293945,20.059999465942383,163982700
INTC,2025-04-09,21.530000686645508,21.530000686645508,21.729999542236328,17.979999542236328,18.06999969482422,224183500
INTC,2025-04-10,19.8799991607666,19.8799991607666,20.81999969482422,19.15999984741211,20.68000030517578,129064900
INTC,2025-04-11,19.739999771118164,19.739999771118164,19.799999237060547,18.18000030517578,19.25,128425800
INTC,2025-04-14,20.309999465942383,20.309999465942383,21.049999237060547,19.979999542236328,20.59000015258789,101964400
INTC,2025-04-15,19.850000381469727,19.850000381469727,20.469999313354492,19.809999465942383,20.200000762939453,64056900
INTC,2025-04-16,19.229999542236328,19.229999542236328,19.43000030517578,18.719999313354492,19.34000015258789,89469700
INTC,2025-04-17,18.93000030517578,18.93000030517578,19.100000381469727,18.559999465942383,18.90999984741211,85646700
INTC,2025-04-21,18.84000015258789,18.84000015258789,18.989999771118164,18.25,18.93000030517578,72409900
INTC,2025-04-22,19.510000228881836,19.510000228881836,19.739999771118164,19.040000915527344,19.059999465942383,83365600
INTC,2025-04-23,20.59000015258789,20.59000015258789,21.030000686645508,20.309999465942383,20.719999313354492,97188100
INTC,2025-04-24,21.489999771118164,21.489999771118164,21.549999237060547,20.8799991607666,21.040000915527344,117086200
INTC,2025-04-25,20.049999237060547,20.049999237060547,20.18000030517578,19.34000015258789,19.729999542236328,147711200
INTC,2025-04-28,20.510000228881836,20.510000228881836,21.079999923706055,20.049999237060547,20.1200008392334,96624400
INTC,2025-04-29,20.34000015258789,20.34000015258789,20.850000381469727,20.219999313354492,20.309999465942383,70031900
INTC,2025-04-30,20.100000381469727,20.100000381469727,20.18000030517578,19.549999237060547,19.709999084472656,68297300
INTC,2025-05-01,19.979999542236328,19.979999542236328,20.649999618530273,19.940000534057617,20.219999313354492,72607500
INTC,2025-05-02,20.6200008392334,20.6200008392334,20.780000686645508,20.209999084472656,20.260000228881836,63298500
INTC,2025-05-05,20.270000457763672,20.270000457763672,20.579999923706055,20.239999771118164,20.389999389648438,44237000
INTC,2025-05-06,19.940000534057617,19.940000534057617,20.1200008392334,19.770000457763672,19.920000076293945,51330800
INTC,2025-05-07,20.309999465942383,20.309999465942383,20.3700008392334,19.81999969482422,19.969999313354492,61002600
INTC,2025-05-08,21.0,21.0,21.239999771118164,20.639999389648438,21.010000228881836,71651700
INTC,2025-05-09,21.420000076293945,21.420000076293945,21.450000762939453,20.829999923706055,21.200000762939453,51768600
INTC,2025-05-12,22.18000030517578,22.18000030517578,22.670000076293945,21.8799991607666,22.18000030517578,94578700
INTC,2025-05-13,22.559999465942383,22.559999465942383,22.8799991607666,22.299999237060547,22.360000610351562,76850400
INTC,2025-05-14,21.520000457763672,21.520000457763672,22.459999084472656,21.459999084472656,22.350000381469727,91584800
INTC,2025-05-15,21.549999237060547,21.549999237060547,21.6299991607666,21.190000534057617,21.229999542236328,66705500
INTC,2025-05-16,21.65999984741211,21.65999984741211,21.760000228881836,21.350000381469727,21.530000686645508,55795100
INTC,2025-05-19,21.3799991607666,21.3799991607666,21.559999465942383,21.049999237060547,21.18000030517578,64279100
INTC,2025-05-20,21.270000457763672,21.270000457763672,21.40999984741211,21.1200008392334,21.329999923706055,48497400
INTC,2025-05-21,20.690000534057617,20.690000534057617,21.6299991607666,20.59000015258789,21.190000534057617,62904700
INTC,2025-05-22,20.549999237060547,20.549999237060547,20.899999618530273,20.510000228881836,20.729999542236328,56077500
INTC,2025-05-23,20.049999237060547,20.049999237060547,20.270000457763672,19.940000534057617,20.15999984741211,68206100
INTC,2025-05-27,20.549999237060547,20.549999237060547,20.670000076293945,20.18000030517578,20.440000534057617,69504600
INTC,2025-05-28,20.3700008392334,20.3700008392334,20.639999389648438,20.329999923706055,20.56999969482422,46096500
INTC,2025-05-29,20.25,20.25,20.600000381469727,20.100000381469727,20.540000915527344,66372200
INTC,2025-05-30,19.549999237060547,19.549999237060547,20.260000228881836,19.309999465942383,20.260000228881836,114281900
INTC,2025-06-02,19.739999771118164,19.739999771118164,19.81999969482422,19.3700008392334,19.479999542236328,67885500
INTC,2025-06-03,20.290000915527344,20.290000915527344,20.40999984741211,19.399999618530273,19.75,80401900
INTC,2025-06-04,20.25,20.25,20.5,20.010000228881836,20.34000015258789,71166500
INTC,2025-06-05,19.989999771118164,19.989999771118164,20.549999237060547,19.850000381469727,20.270000457763672,72458400
INTC,2025-06-06,20.059999465942383,20.059999465942383,20.440000534057617,20.030000686645508,20.170000076293945,70072800
INTC,2025-06-09,20.479999542236328,20.479999542236328,20.959999084472656,20.219999313354492,20.219999313354492,92893900
INTC,2025-06-10,22.079999923706055,22.079999923706055,22.440000534057617,20.280000686645508,20.5,171457000
INTC,2025-06-11,20.68000030517578,20.68000030517578,21.829999923706055,20.3799991607666,21.780000686645508,146784500
INTC,2025-06-12,20.770000457763672,20.770000457763672,20.979999542236328,20.40999984741211,20.5,78175900
INTC,2025-06-13,20.139999389648438,20.139999389648438,20.600000381469727,20.100000381469727,20.329999923706055,87655900
INTC,2025-06-16,20.739999771118164,20.739999771118164,20.93000030517578,20.299999237060547,20.40999984741211,86745100
INTC,2025-06-17,20.799999237060547,20.799999237060547,21.479999542236328,20.6200008392334,20.6299991607666,87512200
INTC,2025-06-18,21.489999771118164,21.489999771118164,21.600000381469727,20.65999984741211,20.809999465942383,94200600
INTC,2025-06-20,21.079999923706055,21.079999923706055,21.889999389648438,20.8799991607666,21.700000762939453,133472800
INTC,2025-06-23,21.190000534057617,21.190000534057617,21.579999923706055,20.729999542236328,21.06999969482422,81461000
INTC,2025-06-24,22.549999237060547,22.549999237060547,22.690000534057617,21.329999923706055,21.34000015258789,130368700
INTC,2025-06-25,22.200000762939453,22.200000762939453,22.770000457763672,22.1299991607666,22.579999923706055,64975100
INTC,2025-06-26,22.5,22.5,22.6200008392334,22.209999084472656,22.399999618530273,63229300
INTC,2025-06-27,22.690000534057617,22.690000534057617,23.3799991607666,22.420000076293945,22.709999084472656,95542400
INTC,2025-06-30,22.399999618530273,22.399999618530273,22.969999313354492,22.270000457763672,22.969999313354492,77102400
INTC,2025-07-01,22.850000381469727,22.850000381469727,23.15999984741211,22.280000686645508,22.329999923706055,79094900
INTC,2025-07-02,21.8799991607666,21.8799991607666,22.770000457763672,21.520000457763672,22.530000686645508,138245300
INTC,2025-07-03,22.489999771118164,22.489999771118164,22.6299991607666,21.989999771118164,22.149999618530273,61176000
INTC,2025-07-07,22.0,22.0,22.389999389648438,21.860000610351562,22.209999084472656,80725200
INTC,2025-07-08,23.59000015258789,23.59000015258789,23.790000915527344,22.1299991607666,22.18000030517578,119545500
INTC,2025-07-09,23.440000534057617,23.440000534057617,23.530000686645508,23.1299991607666,23.290000915527344,70247700
INTC,2025-07-10,23.81999969482422,23.81999969482422,24.040000915527344,23.479999542236328,23.6299991607666,54599800
INTC,2025-07-11,23.43000030517578,23.43000030517578,23.65999984741211,23.15999984741211,23.559999465942383,49367900
INTC,2025-07-14,23.299999237060547,23.299999237060547,23.399999618530273,22.8799991607666,23.239999771118164,48420500
INTC,2025-07-15,22.920000076293945,22.920000076293945,23.780000686645508,22.899999618530273,23.56999969482422,66099400
INTC,2025-07-16,22.690000534057617,22.690000534057617,23.1299991607666,22.25,22.989999771118164,58865900
INTC,2025-07-17,22.799999237060547,22.799999237060547,23.049999237060547,22.59000015258789,22.65999984741211,49384000
INTC,2025-07-18,23.100000381469727,23.100000381469727,23.59000015258789,22.899999618530273,23.219999313354492,60195600
INTC,2025-07-21,23.260000228881836,23.260000228881836,23.829999923706055,23.15999984741211,23.399999618530273,61658000
INTC,2025-07-22,23.239999771118164,23.239999771118164,23.540000915527344,23.079999923706055,23.34000015258789,53969800
INTC,2025-07-23,23.489999771118164,23.489999771118164,23.6200008392334,22.920000076293945,23.260000228881836,68711700
INTC,2025-07-24,22.6299991607666,22.6299991607666,23.579999923706055,22.600000381469727,23.489999771118164,131963300
INTC,2025-07-25,20.700000762939453,20.700000762939453,21.049999237060547,20.360000610351562,20.68000030517578,245077700
INTC,2025-07-28,20.68000030517578,20.68000030517578,21.290000915527344,20.649999618530273,20.81999969482422,86105600
INTC,2025-07-29,20.40999984741211,20.40999984741211,20.850000381469727,20.34000015258789,20.690000534057617,100831500
INTC,2025-07-30,20.34000015258789,20.34000015258789,20.6200008392334,20.079999923706055,20.43000030517578,67420300
INTC,2025-07-31,19.799999237060547,19.799999237060547,20.229999542236328,19.65999984741211,20.170000076293945,90665200
INTC,2025-08-01,19.309999465942383,19.309999465942383,19.549999237060547,18.969999313354492,19.5,86496100
INTC,2025-08-04,19.5,19.5,19.59000015258789,19.350000381469727,19.520000457763672,69249400
INTC,2025-08-05,20.190000534057617,20.190000534057617,20.540000915527344,19.68000030517578,19.700000762939453,97338200
INTC,2025-08-06,20.40999984741211,20.40999984741211,20.479999542236328,19.8700008392334,20.1200008392334,67074200
INTC,2025-08-07,19.770000457763672,19.770000457763672,20.440000534057617,19.600000381469727,20.0,131382800
INTC,2025-08-08,19.950000762939453,19.950000762939453,20.020000457763672,19.610000610351562,20.0,75415000
INTC,2025-08-11,20.649999618530273,20.649999618530273,21.600000381469727,20.440000534057617,20.450000762939453,175545600
INTC,2025-08-12,21.809999465942383,21.809999465942383,21.860000610351562,20.760000228881836,21.200000762939453,134153600
INTC,2025-08-13,22.219999313354492,22.219999313354492,22.299999237060547,21.360000610351562,21.6200008392334,86024400
INTC,2025-08-14,23.860000610351562,23.860000610351562,24.200000762939453,21.899999618530273,21.989999771118164,188052500
INTC,2025-08-15,24.559999465942383,24.559999465942383,25.649999618530273,24.110000610351562,25.010000228881836,310161100
INTC,2025-08-18,23.65999984741211,23.65999984741211,24.899999618530273,23.209999084472656,24.0,212515600
INTC,2025-08-19,25.309999465942383,25.309999465942383,26.530000686645508,24.940000534057617,24.940000534057617,297659200
INTC,2025-08-20,23.540000915527344,23.540000915527344,24.93000030517578,23.329999923706055,24.899999618530273,161149400
INTC,2025-08-21,23.5,23.5,23.56999969482422,22.780000686645508,23.530000686645508,97718300
INTC,2025-08-22,24.799999237060547,24.799999237060547,25.229999542236328,23.649999618530273,23.649999618530273,200266800
INTC,2025-08-25,24.549999237060547,24.549999237060547,25.8799991607666,24.440000534057617,25.5,156825600
INTC,2025-08-26,24.350000381469727,24.350000381469727,24.739999771118164,24.100000381469727,24.579999923706055,78558200
INTC,2025-08-27,24.850000381469727,24.850000381469727,24.989999771118164,24.049999237060547,24.190000534057617,90934400
INTC,2025-08-28,24.93000030517578,24.93000030517578,25.139999389648438,24.610000610351562,24.959999084472656,60035100
INTC,2025-08-29,24.350000381469727,24.350000381469727,24.969999313354492,24.280000686645508,24.760000228881836,63734400
INTC,2025-09-02,24.209999084472656,24.209999084472656,24.239999771118164,23.68000030517578,23.8799991607666,57661800
INTC,2025-09-03,24.0,24.0,24.09000015258789,23.719999313354492,24.09000015258789,47822900
INTC,2025-09-04,24.610000610351562,24.610000610351562,24.639999389648438,23.75,23.850000381469727,59056500
INTC,2025-09-05,24.489999771118164,24.489999771118164,24.709999084472656,24.170000076293945,24.600000381469727,55975300
INTC,2025-09-08,24.479999542236328,24.479999542236328,24.739999771118164,24.1200008392334,24.479999542236328,51122100
INTC,2025-09-09,24.440000534057617,24.440000534057617,24.809999465942383,24.270000457763672,24.530000686645508,42146200
INTC,2025-09-10,24.770000457763672,24.770000457763672,24.8700008392334,24.280000686645508,24.420000076293945,61600700
INTC,2025-09-11,24.610000610351562,24.610000610351562,24.93000030517578,24.56999969482422,24.760000228881836,55536900
INTC,2025-09-12,24.079999923706055,24.079999923706055,24.6299991607666,24.049999237060547,24.610000610351562,52672800
INTC,2025-09-15,24.770000457763672,24.770000457763672,25.459999084472656,24.219999313354492,24.329999923706055,83951600
INTC,2025-09-16,25.270000457763672,25.270000457763672,25.34000015258789,24.690000534057617,24.81999969482422,60336600
INTC,2025-09-17,24.899999618530273,24.899999618530273,25.260000228881836,24.450000762939453,25.079999923706055,63093700
INTC,2025-09-18,30.56999969482422,30.56999969482422,32.380001068115234,30.15999984741211,31.780000686645508,523908000
INTC,2025-09-19,29.579999923706055,29.579999923706055,30.6299991607666,29.329999923706055,30.3799991607666,225702900
INTC,2025-09-22,28.760000228881836,28.760000228881836,30.100000381469727,28.729999542236328,29.670000076293945,130314500
INTC,2025-09-23,29.34000015258789,29.34000015258789,30.200000762939453,28.81999969482422,28.989999771118164,126317900
INTC,2025-09-24,31.219999313354492,31.219999313354492,31.700000762939453,29.229999542236328,29.3799991607666,164458500
INTC,2025-09-25,33.9900016784668,33.9900016784668,34.25,31.209999084472656,31.610000610351562,295709300
INTC,2025-09-26,35.5,35.5,36.29999923706055,34.4900016784668,35.02000045776367,268583300
INTC,2025-09-29,34.47999954223633,34.47999954223633,35.04999923706055,33.72999954223633,34.52000045776367,152605900
INTC,2025-09-30,33.54999923706055,33.54999923706055,34.2400016784668,33.02000045776367,33.93000030517578,124818400
INTC,2025-10-01,35.939998626708984,35.939998626708984,36.060001373291016,33.5,33.529998779296875,162649700
INTC,2025-10-02,37.29999923706055,37.29999923706055,37.56999969482422,35.439998626708984,35.7599983215332,149361700
INTC,2025-10-03,36.83000183105469,36.83000183105469,38.08000183105469,36.45000076293945,37.95000076293945,125359300
INTC,2025-10-06,36.59000015258789,36.59000015258789,38.68000030517578,36.43000030517578,37.189998626708984,112086100
INTC,2025-10-07,37.16999816894531,37.16999816894531,38.04999923706055,36.349998474121094,36.63999938964844,111140200
INTC,2025-10-08,37.43000030517578,37.43000030517578,37.790000915527344,35.90999984741211,36.54999923706055,103202100
INTC,2025-10-09,37.79999923706055,37.79999923706055,38.099998474121094,36.86000061035156,37.529998779296875,89884700
INTC,2025-10-10,36.369998931884766,36.369998931884766,39.650001525878906,36.29999923706055,38.459999084472656,183063300
INTC,2025-10-13,37.220001220703125,37.220001220703125,37.5099983215332,36.279998779296875,36.439998626708984,104020700
INTC,2025-10-14,35.630001068115234,35.630001068115234,36.54999923706055,34.689998626708984,36.0,117908300
INTC,2025-10-15,37.150001525878906,37.150001525878906,37.4900016784668,35.63999938964844,36.400001525878906,99242700
INTC,2025-10-16,36.84000015258789,36.84000015258789,38.02000045776367,36.40999984741211,37.150001525878906,83357800
INTC,2025-10-17,37.0099983215332,37.0099983215332,38.380001068115234,36.08000183105469,36.36000061035156,119394700
INTC,2025-10-20,38.099998474121094,38.099998474121094,38.52000045776367,37.560001373291016,37.56999969482422,80230200
INTC,2025-10-21,38.119998931884766,38.119998931884766,38.349998474121094,37.66999816894531,38.13999938964844,73134900
INTC,2025-10-22,36.91999816894531,36.91999816894531,37.93000030517578,36.040000915527344,37.84000015258789,87099900
INTC,2025-10-23,38.15999984741211,38.15999984741211,38.400001525878906,36.43000030517578,36.599998474121094,121974200
INTC,2025-10-24,38.279998779296875,38.279998779296875,41.119998931884766,37.83000183105469,40.02000045776367,246380000
INTC,2025-10-27,39.540000915527344,39.540000915527344,40.66999816894531,38.22999954223633,38.38999938964844,160007600
INTC,2025-10-28,41.529998779296875,41.529998779296875,42.47999954223633,39.540000915527344,39.59000015258789,181256400
INTC,2025-10-29,41.34000015258789,41.34000015258789,42.040000915527344,40.91999816894531,41.599998474121094,106962900
INTC,2025-10-30,40.15999984741211,40.15999984741211,41.43000030517578,40.11000061035156,40.970001220703125,84855500
INTC,2025-10-31,39.9900016784668,39.9900016784668,40.83000183105469,39.790000915527344,40.68000030517578,80471400
INTC,2025-11-03,39.5,39.5,40.45000076293945,39.04999923706055,40.25,61267500
INTC,2025-11-04,37.029998779296875,37.029998779296875,38.25,36.630001068115234,38.13999938964844,102250300
INTC,2025-11-05,38.380001068115234,38.380001068115234,38.689998626708984,37.11000061035156,37.41999816894531,74631600
INTC,2025-11-06,37.2400016784668,37.2400016784668,39.84000015258789,36.79999923706055,38.34000015258789,77629900
INTC,2025-11-07,38.130001068115234,38.130001068115234,38.27000045776367,36.970001220703125,37.2599983215332,95521400
INTC,2025-11-10,38.45000076293945,38.45000076293945,39.529998779296875,37.970001220703125,38.93000030517578,77820300
INTC,2025-11-11,37.880001068115234,37.880001068115234,38.220001220703125,37.4900016784668,38.150001525878906,53741900
INTC,2025-11-12,37.88999938964844,37.88999938964844,38.20000076293945,37.349998474121094,38.060001373291016,53876000
INTC,2025-11-13,35.90999984741211,35.90999984741211,37.310001373291016,35.45000076293945,37.27000045776367,95593200
INTC,2025-11-14,35.52000045776367,35.52000045776367,36.099998474121094,34.619998931884766,35.029998779296875,71716200
INTC,2025-11-17,34.709999084472656,34.709999084472656,35.72999954223633,34.22999954223633,35.45000076293945,72580100
INTC,2025-11-18,34.33000183105469,34.33000183105469,34.7599983215332,33.56999969482422,34.25,61504800
INTC,2025-11-19,35.11000061035156,35.11000061035156,35.75,34.25,34.33000183105469,67115500
INTC,2025-11-20,33.619998931884766,33.619998931884766,36.68000030517578,33.47999954223633,36.0,96389100
INTC,2025-11-21,34.5,34.5,34.97999954223633,32.88999938964844,33.5099983215332,105641700
INTC,2025-11-24,35.790000915527344,35.790000915527344,36.15999984741211,34.689998626708984,34.970001220703125,103804200
INTC,2025-11-25,35.83000183105469,35.83000183105469,36.130001068115234,34.68000030517578,35.54999923706055,62203300
INTC,2025-11-26,36.810001373291016,36.810001373291016,37.2400016784668,36.130001068115234,36.20000076293945,54563400
INTC,2025-11-28,40.560001373291016,40.560001373291016,40.59000015258789,37.34000015258789,37.400001525878906,95799500
INTC,2025-12-01,40.0099983215332,40.0099983215332,40.380001068115234,39.599998474121094,39.86000061035156,74534900
INTC,2025-12-02,43.470001220703125,43.470001220703125,43.68000030517578,40.04999923706055,40.470001220703125,167205800
INTC,2025-12-03,43.7599983215332,43.7599983215332,44.02000045776367,42.5099983215332,43.38999938964844,91957200
INTC,2025-12-04,40.5,40.5,43.279998779296875,40.13999938964844,43.2599983215332,107850200
INTC,2025-12-05,41.40999984741211,41.40999984741211,42.83000183105469,41.150001525878906,41.15999984741211,103042000
INTC,2025-12-08,40.29999923706055,40.29999923706055,42.119998931884766,39.70000076293945,41.939998626708984,93953600
INTC,2025-12-09,40.5,40.5,41.2599983215332,40.029998779296875,40.72999954223633,61877200
INTC,2025-12-10,40.779998779296875,40.779998779296875,40.9900016784668,38.88999938964844,40.11000061035156,75974900
INTC,2025-12-11,39.5099983215332,39.5099983215332,40.189998626708984,39.08000183105469,40.06999969482422,59096800
INTC,2025-12-12,37.810001373291016,37.810001373291016,40.029998779296875,37.619998931884766,39.25,87784500
INTC,2025-12-15,37.5099983215332,37.5099983215332,38.47999954223633,37.31999969482422,38.33000183105469,60898500
INTC,2025-12-16,37.310001373291016,37.310001373291016,37.959999084472656,36.91999816894531,37.58000183105469,50490300
INTC,2025-12-17,36.04999923706055,36.04999923706055,37.84000015258789,35.970001220703125,37.59000015258789,54792000
INTC,2025-12-18,36.279998779296875,36.279998779296875,37.4900016784668,35.66999816894531,37.380001068115234,69468400
INTC,2025-12-19,36.81999969482422,36.81999969482422,37.58000183105469,36.439998626708984,36.47999954223633,163221300
INTC,2025-12-22,36.369998931884766,36.369998931884766,37.900001525878906,36.290000915527344,37.88999938964844,51685400
INTC,2025-12-23,36.349998474121094,36.349998474121094,36.79999923706055,36.029998779296875,36.2400016784668,35958000
INTC,2025-12-24,36.15999984741211,36.15999984741211,36.18000030517578,34.95000076293945,35.16999816894531,37443800
INTC,2025-12-26,36.20000076293945,36.20000076293945,36.4900016784668,35.849998474121094,36.16999816894531,28779400
INTC,2025-12-29,36.68000030517578,36.68000030517578,36.79999923706055,35.81999969482422,36.0099983215332,38062300
INTC,2025-12-30,37.29999923706055,37.29999923706055,38.2599983215332,36.81999969482422,36.90999984741211,61935300
INTC,2025-12-31,36.900001525878906,36.900001525878906,37.58000183105469,36.869998931884766,37.400001525878906,51524700
INTC,2026-01-02,39.380001068115234,39.380001068115234,39.86000061035156,37.7599983215332,37.77000045776367,95396400
INTC,2026-01-05,39.369998931884766,39.369998931884766,42.099998474121094,39.27000045776367,41.59000015258789,96665400
INTC,2026-01-06,40.040000915527344,40.040000915527344,40.310001373291016,38.95000076293945,39.86000061035156,66395100
INTC,2026-01-07,42.630001068115234,42.630001068115234,44.56999969482422,40.119998931884766,40.18000030517578,166028400
INTC,2026-01-08,41.11000061035156,41.11000061035156,43.34000015258789,40.68000030517578,42.619998931884766,88242000
INTC,2026-01-09,45.54999923706055,45.54999923706055,45.72999954223633,41.56999969482422,41.83000183105469,186691400
INTC,2026-01-12,44.060001373291016,44.060001373291016,45.45000076293945,43.88999938964844,44.2400016784668,101989100
INTC,2026-01-13,47.290000915527344,47.290000915527344,48.2400016784668,45.220001220703125,45.88999938964844,168656400
INTC,2026-01-14,48.720001220703125,48.720001220703125,49.0,47.41999816894531,48.95000076293945,148225800
INTC,2026-01-15,48.31999969482422,48.31999969482422,50.38999938964844,47.83000183105469,49.349998474121094,132328900
INTC,2026-01-16,46.959999084472656,46.959999084472656,50.209999084472656,46.709999084472656,49.27000045776367,127314700
INTC,2026-01-20,48.560001373291016,48.560001373291016,50.22999954223633,47.0,47.29999923706055,150153000
INTC,2026-01-21,54.25,54.25,54.40999984741211,50.150001525878906,50.31999969482422,220565300
INTC,2026-01-22,54.31999969482422,54.31999969482422,54.599998474121094,53.08000183105469,54.209999084472656,190066400
INTC,2026-01-23,45.06999969482422,45.06999969482422,48.130001068115234,44.45000076293945,46.86000061035156,294675400
INTC,2026-01-26,42.4900016784668,42.4900016784668,44.459999084472656,42.279998779296875,44.279998779296875,149407800
INTC,2026-01-27,43.93000030517578,43.93000030517578,44.529998779296875,43.099998474121094,43.970001220703125,121832200
INTC,2026-01-28,48.779998779296875,48.779998779296875,49.290000915527344,46.31999969482422,46.599998474121094,201995100
INTC,2026-01-29,48.65999984741211,48.65999984741211,48.77000045776367,46.9900016784668,47.560001373291016,124256600
INTC,2026-01-30,46.470001220703125,46.470001220703125,49.58000183105469,45.959999084472656,48.97999954223633,114920100
INTC,2026-02-02,48.810001373291016,48.810001373291016,49.84000015258789,45.5,45.630001068115234,101414600
INTC,2026-02-03,49.25,49.25,51.4900016784668,48.43000030517578,50.060001373291016,122205100
INTC,2026-02-04,48.599998474121094,48.599998474121094,49.70000076293945,47.0,49.540000915527344,128702300
INTC,2026-02-05,48.2400016784668,48.2400016784668,50.86000061035156,46.790000915527344,47.59000015258789,114307800
INTC,2026-02-06,50.59000015258789,50.59000015258789,51.29999923706055,48.83000183105469,49.099998474121094,115600200
INTC,2026-02-09,50.2400016784668,50.2400016784668,51.220001220703125,47.59000015258789,49.59000015258789,94841400
INTC,2026-02-10,47.130001068115234,47.130001068115234,50.540000915527344,46.77000045776367,50.40999984741211,99832900
INTC,2026-02-11,48.290000915527344,48.290000915527344,49.54999923706055,46.86000061035156,48.11000061035156,107681200
INTC,2026-02-12,46.47999954223633,46.47999954223633,48.95000076293945,46.189998626708984,47.79999923706055,88321200
INTC,2026-02-13,46.790000915527344,46.790000915527344,47.689998626708984,44.970001220703125,45.7599983215332,69740400
INTC,2026-02-17,46.18000030517578,46.18000030517578,46.83000183105469,45.459999084472656,45.93000030517578,65802200
INTC,2026-02-18,45.459999084472656,45.459999084472656,46.77000045776367,44.880001068115234,45.91999816894531,65306100
INTC,2026-02-19,44.619998931884766,44.619998931884766,45.16999816894531,43.91999816894531,44.95000076293945,72724900
INTC,2026-02-20,44.11000061035156,44.11000061035156,44.38999938964844,42.880001068115234,43.88999938964844,90743600
INTC,2026-02-23,43.630001068115234,43.630001068115234,44.54999923706055,43.18000030517578,44.09000015258789,57130900
INTC,2026-02-24,46.119998931884766,46.119998931884766,46.599998474121094,43.540000915527344,44.099998474121094,98872300
INTC,2026-02-25,46.880001068115234,46.880001068115234,46.970001220703125,45.08000183105469,46.09000015258789,75645300
INTC,2026-02-26,45.459999084472656,45.459999084472656,46.95000076293945,44.38999938964844,46.77000045776367,71457500
INTC,2026-02-27,45.61000061035156,45.61000061035156,46.560001373291016,44.400001525878906,44.459999084472656,79327200
INTC,2026-03-02,45.5,45.5,45.810001373291016,43.95000076293945,44.20000076293945,60705100
INTC,2026-03-03,43.099998474121094,43.099998474121094,43.689998626708984,42.13999938964844,43.439998626708984,83971000
INTC,2026-03-04,45.58000183105469,45.58000183105469,46.130001068115234,43.27000045776367,44.06999969482422,96628100
INTC,2026-03-05,45.95000076293945,45.95000076293945,46.47999954223633,44.70000076293945,44.869998931884766,78229400
INTC,2026-03-06,43.41999816894531,43.41999816894531,45.18000030517578,43.279998779296875,44.66999816894531,74698300
INTC,2026-03-09,45.58000183105469,45.58000183105469,45.7599983215332,41.63999938964844,42.7400016784668,82937400
INTC,2026-03-10,46.779998779296875,46.779998779296875,47.880001068115234,45.40999984741211,45.40999984741211,85233300
INTC,2026-03-11,47.97999954223633,47.97999954223633,48.83000183105469,46.65999984741211,46.81999969482422,72480600
INTC,2026-03-12,45.25,45.25,47.439998626708984,45.16999816894531,47.400001525878906,85110200
INTC,2026-03-13,45.77000045776367,45.77000045776367,46.650001525878906,45.38999938964844,45.970001220703125,68386200
INTC,2026-03-16,45.7599983215332,45.7599983215332,49.16999816894531,45.689998626708984,47.90999984741211,114199400
INTC,2026-03-17,44.060001373291016,44.060001373291016,46.08000183105469,43.90999984741211,46.08000183105469,89061600
INTC,2026-03-18,45.029998779296875,45.029998779296875,45.709999084472656,44.04999923706055,44.20000076293945,78056200
INTC,2026-03-19,46.18000030517578,46.18000030517578,46.439998626708984,43.650001525878906,43.9900016784668,74051500
INTC,2026-03-20,43.869998931884766,43.869998931884766,47.54999923706055,43.63999938964844,46.95000076293945,162814200
INTC,2026-03-23,44.0099983215332,44.0099983215332,45.459999084472656,43.7400016784668,44.5,80772200
INTC,2026-03-24,44.060001373291016,44.060001373291016,44.310001373291016,43.20000076293945,43.540000915527344,65323500
INTC,2026-03-25,47.18000030517578,47.18000030517578,47.849998474121094,45.45000076293945,45.849998474121094,97467900
INTC,2026-03-26,44.099998474121094,44.099998474121094,46.599998474121094,43.91999816894531,46.29999923706055,82841400
INTC,2026-03-27,43.130001068115234,43.130001068115234,44.130001068115234,42.86000061035156,43.619998931884766,70002200
INTC,2026-03-30,41.189998626708984,41.189998626708984,43.9900016784668,40.630001068115234,43.720001220703125,84596000
INTC,2026-03-31,44.130001068115234,44.130001068115234,44.22999954223633,41.599998474121094,41.95000076293945,95294900
INTC,2026-04-01,48.029998779296875,48.029998779296875,48.77000045776367,44.97999954223633,45.0,129598500
INTC,2026-04-02,50.380001068115234,50.380001068115234,50.4900016784668,46.040000915527344,46.060001373291016,117134200
INTC,2026-04-06,50.779998779296875,50.779998779296875,52.38999938964844,49.869998931884766,50.880001068115234,79978800
INTC,2026-04-07,52.90999984741211,52.90999984741211,53.27000045776367,51.220001220703125,51.90999984741211,129543800
INTC,2026-04-08,58.95000076293945,58.95000076293945,59.16999816894531,54.79999923706055,55.369998931884766,184599900
INTC,2026-04-09,61.720001220703125,61.720001220703125,62.08000183105469,58.38999938964844,58.400001525878906,155609900
INTC,2026-04-10,62.380001068115234,62.380001068115234,63.38999938964844,60.75,61.52000045776367,98624400
INTC,2026-04-13,65.18000030517578,65.18000030517578,65.6500015258789,62.18000030517578,62.18000030517578,112111000
INTC,2026-04-14,63.810001373291016,63.810001373291016,65.18000030517578,62.09000015258789,65.16000366210938,112796100
INTC,2026-04-15,64.94000244140625,64.94000244140625,65.83999633789062,62.880001068115234,63.77000045776367,92051500
INTC,2026-04-16,68.5,68.5,68.61000061035156,64.2699966430664,64.93000030517578,108328300
INTC,2026-04-17,68.5,68.5,70.33000183105469,67.73999786376953,68.8499984741211,118831500
INTC,2026-04-20,65.69999694824219,65.69999694824219,69.20999908447266,64.47000122070312,68.44999694824219,96851100
INTC,2026-04-21,66.26000213623047,66.26000213623047,67.66999816894531,65.63999938964844,67.13999938964844,91402300
INTC,2026-04-22,65.2699966430664,65.2699966430664,68.7699966430664,64.9800033569336,67.94000244140625,90267300
INTC,2026-04-23,66.77999877929688,66.77999877929688,68.27999877929688,65.41999816894531,66.0999984741211,155141800
INTC,2026-04-24,82.54000091552734,82.54000091552734,85.22000122070312,79.62000274658203,82.19999694824219,281405200
INTC,2026-04-27,84.98999786376953,84.98999786376953,87.0999984741211,82.61000061035156,83.66999816894531,178820200
INTC,2026-04-28,84.5199966430664,84.5199966430664,84.58999633789062,80.80000305175781,81.27999877929688,147773500
INTC,2026-04-29,94.75,94.75,94.94999694824219,85.87000274658203,86.13999938964844,235070900
INTC,2026-04-30,94.4800033569336,94.4800033569336,95.69000244140625,91.5,95.5999984741211,160597300
INTC,2026-05-01,99.62000274658203,99.62000274658203,100.44999694824219,92.61000061035156,93.19999694824219,158502800
INTC,2026-05-04,95.77999877929688,95.77999877929688,99.81999969482422,95.5999984741211,99.18000030517578,119294000
INTC,2026-05-05,108.1500015258789,108.1500015258789,110.4800033569336,100.08000183105469,100.51000213623047,198482000
INTC,2026-05-06,113.01000213623047,113.01000213623047,113.5,106.58000183105469,110.9800033569336,157320100
INTC,2026-05-07,109.62000274658203,109.62000274658203,114.51000213623047,109.1500015258789,111.0199966430664,122699900
INTC,2026-05-08,124.91999816894531,124.91999816894531,130.57000732421875,111.80000305175781,111.80999755859375,227681300
INTC,2026-05-11,129.44000244140625,129.44000244140625,132.75,123.91999816894531,130.8800048828125,179486500
INTC,2026-05-12,120.61000061035156,120.61000061035156,127.79000091552734,115.0,124.36000061035156,172516500
INTC,2026-05-13,120.29000091552734,120.29000091552734,125.0,116.41000366210938,124.0999984741211,115364400
INTC,2026-05-14,115.93000030517578,115.93000030517578,118.56999969482422,113.16999816894531,114.66000366210938,118279800
INTC,2026-05-15,108.7699966430664,108.7699966430664,110.56999969482422,105.0199966430664,109.79000091552734,135206000
INTC,2026-05-18,108.16999816894531,108.16999816894531,115.54000091552734,103.8499984741211,113.47000122070312,145764000
INTC,2026-05-19,110.80000305175781,110.80000305175781,113.06999969482422,102.4000015258789,106.9800033569336,150234900
INTC,2026-05-20,118.95999908447266,118.95999908447266,121.94000244140625,114.80000305175781,116.22000122070312,165086900
INTC,2026-05-21,118.5,118.5,119.41000366210938,113.16999816894531,116.58000183105469,102452500
INTC,2026-05-22,119.83999633789062,119.83999633789062,122.77999877929688,118.08999633789062,120.33999633789062,82663000
INTC,2026-05-26,123.5199966430664,123.5199966430664,125.62000274658203,117.3499984741211,122.0999984741211,108167300
INTC,2026-05-27,121.7699966430664,121.7699966430664,125.2699966430664,117.0,124.38999938964844,93323300
INTC,2026-05-28,120.88999938964844,120.88999938964844,123.08000183105469,116.30999755859375,121.44999694824219,97321000
INTC,2026-05-29,114.68000030517578,114.68000030517578,126.63999938964844,113.54000091552734,123.8499984741211,191676100
INTC,2026-06-01,109.33000183105469,109.33000183105469,113.30000305175781,106.33000183105469,109.43000030517578,134900400
INTC,2026-06-02,107.93000030517578,107.93000030517578,109.0,104.16999816894531,107.44999694824219,106336200
INTC,2026-06-03,112.70999908447266,112.70999908447266,118.29000091552734,110.86000061035156,116.41999816894531,118928800
INTC,2026-06-04,111.77999877929688,111.77999877929688,113.13999938964844,107.4800033569336,108.4000015258789,77325800
INTC,2026-06-05,99.16999816894531,99.16999816894531,106.4800033569336,98.33000183105469,106.4800033569336,145209400
INTC,2026-06-08,110.2699966430664,110.2699966430664,112.54000091552734,106.66000366210938,111.0,136973900
INTC,2026-06-09,107.91999816894531,107.91999816894531,114.0,99.45999908447266,112.98999786376953,149623100
INTC,2026-06-10,107.04000091552734,107.04000091552734,111.5,104.91999816894531,106.02999877929688,122653500
INTC,2026-06-11,116.95999908447266,116.95999908447266,119.44000244140625,110.51000213623047,113.5199966430664,188430300
INTC,2026-06-12,124.56999969482422,124.56999969482422,127.5999984741211,115.33000183105469,117.41999816894531,151169400
INTC,2026-06-15,127.86000061035156,127.86000061035156,132.61000061035156,126.66000366210938,129.49000549316406,134507500
INTC,2026-06-16,117.05000305175781,117.05000305175781,128.6999969482422,116.0,125.11000061035156,132962600
INTC,2026-06-17,121.0999984741211,121.0999984741211,125.19999694824219,118.05999755859375,121.8499984741211,115324900
INTC,2026-06-18,133.99000549316406,133.99000549316406,135.47999572753906,127.9000015258789,131.80999755859375,233906600
INTC,2026-06-22,140.94000244140625,140.94000244140625,141.4499969482422,136.2100067138672,139.1199951171875,127190600
INTC,2026-06-23,132.27999877929688,132.27999877929688,137.97999572753906,128.3000030517578,129.72999572753906,132976700
INTC,2026-06-24,131.64999389648438,131.64999389648438,136.0800018310547,127.94999694824219,133.0500030517578,104591700
INTC,2026-06-25,132.8699951171875,132.8699951171875,140.72000122070312,125.41000366210938,139.72999572753906,122588800
INTC,2026-06-26,128.32000732421875,128.32000732421875,131.22999572753906,125.5,128.7100067138672,99475400
INTC,2026-06-29,131.72000122070312,131.72000122070312,132.0500030517578,118.5,127.0,106805300
INTC,2026-06-30,139.6300048828125,139.6300048828125,142.35000610351562,131.52000427246094,131.99000549316406,116996700
INTC,2026-07-01,127.0199966430664,127.0199966430664,135.74000549316406,126.68000030517578,135.0,113107200
INTC,2026-07-02,120.3499984741211,120.3499984741211,130.74000549316406,117.62999725341797,128.9199981689453,124577600
INTC,2026-07-06,122.19999694824219,122.19999694824219,127.30000305175781,121.5199966430664,122.56999969482422,86950200
INTC,2026-07-07,110.38999938964844,110.38999938964844,116.47000122070312,108.30000305175781,116.30000305175781,140405900
INTC,2026-07-08,110.23999786376953,110.23999786376953,110.48999786376953,104.41000366210938,108.30000305175781,105488100
INTC,2026-07-09,112.54000091552734,112.54000091552734,116.7699966430664,111.51000213623047,114.87000274658203,99352500
INTC,2026-07-10,109.83999633789062,109.83999633789062,110.8499984741211,107.44999694824219,109.58000183105469,70846600
INTC,2026-07-13,103.12000274658203,103.12000274658203,106.16999816894531,101.79000091552734,105.9800033569336,100988800
INTC,2026-07-14,107.76000213623047,107.76000213623047,109.19000244140625,103.58999633789062,107.9800033569336,91129000
INTC,2026-07-15,102.98999786376953,102.98999786376953,109.61000061035156,99.19999694824219,109.30000305175781,120625500
INTC,2026-07-16,96.9800033569336,96.9800033569336,101.87999725341797,95.4800033569336,101.13999938964844,107742900
INTC,2026-07-17,95.04000091552734,95.04000091552734,98.05000305175781,89.58999633789062,92.13999938964844,126779300
INTC,2026-07-20,97.05999755859375,97.05999755859375,100.9800033569336,96.91999816894531,97.58000183105469,89741400
INTC,2026-07-21,105.44999694824219,105.44999694824219,106.33999633789062,101.22000122070312,103.19000244140625,105429400
INTC,2026-07-22,102.62000274658203,102.62000274658203,106.8499984741211,101.4800033569336,101.55000305175781,78431000
INTC,2026-07-23,100.2300033569336,100.2300033569336,104.18000030517578,99.23999786376953,101.13999938964844,140806900
INTC,2026-07-24,92.31999969482422,92.31999969482422,101.73999786376953,91.58000183105469,100.36000061035156,181132900
INTC,2026-07-27,91.66999816894531,91.66999816894531,94.9800033569336,86.94000244140625,92.45999908447266,133247300
INTC,2026-07-28,86.30000305175781,86.30000305175781,88.27999877929688,83.0999984741211,86.62000274658203,154346700
INTC,2026-07-29,81.87999725341797,81.87999725341797,88.47000122070312,81.79000091552734,86.56999969482422,152394600
INTC,2026-07-30,91.12999725341797,91.12999725341797,94.0999984741211,85.97000122070312,86.51000213623047,140322600
INTC,2026-07-31,90.19999694824219,90.19999694824219,97.9000015258789,90.12999725341797,96.72000122070312,109039500
INTC,2026-08-03,91.0,91.0,91.68000030517578,85.62000274658203,88.4000015258789,96633600
INTC,2026-08-04,100.86000061035156,100.86000061035156,101.38999938964844,94.31999969482422,95.23999786376953,124355100
INTC,2026-08-05,101.05999755859375,101.05999755859375,102.83000183105469,97.9000015258789,99.30000305175781,85388400
INTC,2026-08-06,99.80999755859375,99.80999755859375,103.37999725341797,95.5999984741211,98.22000122070312,78088100
INTC,2026-08-07,101.6500015258789,101.6500015258789,103.66000366210938,98.02999877929688,102.33000183105469,76760600
INTC,2026-08-10,97.5199966430664,97.5199966430664,100.02999877929688,96.30000305175781,98.26000213623047,101153400
INTC,2026-08-11,97.70999908447266,97.70999908447266,98.3499984741211,95.3499984741211,96.77999877929688,164063600
INTC,2026-08-12,100.94999694824219,100.94999694824219,103.16000366210938,100.12000274658203,101.33000183105469,162446700
INTC,2026-08-13,104.55999755859375,104.55999755859375,107.56999969482422,100.33000183105469,101.51000213623047,116837600
INTC,2026-08-14,102.5,102.5,106.87000274658203,102.05000305175781,104.4800033569336,95387500
INTC,2026-08-17,103.48999786376953,103.48999786376953,105.97000122070312,101.80000305175781,103.55000305175781,88616800
INTC,2026-08-18,96.69000244140625,96.69000244140625,99.30999755859375,95.25,99.22000122070312,121969500
INTC,2026-08-19,92.80000305175781,92.80000305175781,98.19999694824219,91.27999877929688,97.41000366210938,110268600
INTC,2026-08-20,92.12999725341797,92.12999725341797,92.68000030517578,89.8499984741211,91.87000274658203,85654700
INTC,2026-08-21,90.06999969482422,90.06999969482422,92.7699966430664,89.75,92.70999908447266,91670100
INTC,2026-08-24,87.26000213623047,87.26000213623047,88.91000366210938,85.13999938964844,88.86000061035156,96903400
INTC,2026-08-25,87.4800033569336,87.4800033569336,90.18000030517578,87.29000091552734,90.05999755859375,81853800
INTC,2026-08-26,88.23999786376953,88.23999786376953,88.27999877929688,85.62999725341797,86.80999755859375,75752800
INTC,2026-08-27,92.08999633789062,92.08999633789062,92.94999694824219,88.45999908447266,89.91000366210938,100556800
INTC,2026-08-28,89.47000122070312,89.47000122070312,93.69999694824219,89.05000305175781,90.2699966430664,86172600
INTC,2026-08-31,89.51000213623047,89.51000213623047,91.8499984741211,88.97000122070312,90.0,65188200
INTC,2026-09-01,88.97000122070312,88.97000122070312,89.41000366210938,85.72000122070312,86.83999633789062,73777800
